{"score": 273.55937752785303, "iteration_metrics": [0.8972491909385114, 0.8479114101485843, 0.8615330520393811, 0.871188594014681, 0.782967032967033, 0.8958397534668721, 0.9030434782608696, 0.919474802671524, 0.8958397534668721, 0.947919876733436, 0.8984179197994987, 0.916744330537434, 0.9429469901168015, 0.9215200931857892, 0.9096793174463078, 0.9556004791853848, 0.9221094439541042, 0.9429469901168015, 0.9152898550724637, 0.9503316249623153, 0.9429469901168015, 0.9141437308868501, 0.9429469901168015, 0.9270642201834862, 0.9429469901168015, 0.919474802671524, 0.9176400119796346, 0.932301153612629, 0.9176400119796346, 0.9375942116370214, 0.9049865229110512, 0.9155692127597308, 0.9121193849864335, 0.9038461538461539, 0.9121193849864335, 0.9248567983117275, 0.9556004791853848, 0.9288461538461539, 0.9152898550724637, 0.9152898550724637, 0.9215200931857892, 0.9033486634090255, 0.9221094439541042, 0.9413461538461538, 0.9556004791853848, 0.9152898550724637, 0.9556004791853848, 0.9483630952380953, 0.9413461538461538, 0.9483630952380953, 0.9288461538461539, 0.9357886904761905, 0.947919876733436, 0.9451275045537341, 0.9348998459167951, 0.932301153612629, 0.9092166569598137, 0.973959938366718, 0.9302935010482181, 0.9556004791853848, 0.9302935010482181, 0.9556004791853848, 0.9288461538461539, 0.9429469901168015, 0.9375942116370214, 0.932301153612629, 0.9049865229110512, 0.9658256880733944, 0.9529051987767585, 0.9556004791853848, 0.9529051987767585, 0.9658256880733944, 0.9658256880733944, 0.9561199130164648, 0.947919876733436, 0.9630690382876093, 0.9451275045537341, 0.9375942116370214, 0.9823703013358185, 0.9513627819548872, 0.9529051987767585, 0.9375942116370214, 0.9609399075500771, 0.9429469901168015, 0.9429947188567878, 0.9529051987767585, 0.9658256880733944, 0.9503316249623153, 0.947919876733436, 0.9413461538461538, 0.9451275045537341, 0.9579538554948391, 0.9658256880733944, 0.9399847094801224, 0.9707802064359441, 0.9645989974937343, 0.9658256880733944, 0.947919876733436, 0.9658256880733944, 0.9556004791853848, 0.9399847094801224, 0.9429947188567878, 0.9529051987767585, 0.9579538554948391, 0.9561199130164648, 0.9513627819548872, 0.9348998459167951, 0.9451275045537341, 0.9600189633375474, 0.9503316249623153, 0.9556004791853848, 0.9579538554948391, 0.9561199130164648, 0.9348998459167951, 0.9451275045537341, 0.9348998459167951, 0.973959938366718, 0.9561199130164648, 0.9823703013358185, 0.9579538554948391, 0.9529051987767585, 0.9658256880733944, 0.9529051987767585, 0.9609399075500771, 0.9561199130164648, 0.9609399075500771, 0.9561199130164648, 0.9302935010482181, 0.9579538554948391, 0.9429947188567878, 0.9529051987767585, 0.9579538554948391, 0.9399847094801224, 0.9232142857142858, 0.9399847094801224, 0.9529051987767585, 0.9503316249623153, 0.9451275045537341, 0.9609399075500771, 0.973959938366718, 0.9529051987767585, 0.9451275045537341, 0.9429469901168015, 0.9451275045537341, 0.947919876733436, 0.947919876733436, 0.9302935010482181, 0.9451275045537341, 0.9451275045537341, 0.9609399075500771, 0.9232142857142858, 0.9357886904761905, 0.9302935010482181, 0.9513627819548872, 0.9658256880733944, 0.947919876733436, 0.9451275045537341, 0.9609399075500771, 0.9232142857142858, 0.9232142857142858, 0.9399847094801224, 0.9556004791853848, 0.9579538554948391, 0.9375942116370214, 0.9176400119796346, 0.9503316249623153, 0.9451275045537341, 0.9778352130325814, 0.9302935010482181, 0.9503316249623153, 0.9451275045537341, 0.9600189633375474, 0.9609399075500771, 0.947919876733436, 0.9707802064359441, 0.9451275045537341, 0.9561199130164648, 0.9248567983117275, 0.9609399075500771, 0.9658256880733944, 0.9399847094801224, 0.9503316249623153, 0.9483630952380953, 0.9579538554948391, 0.973959938366718, 0.9232142857142858, 0.9503316249623153, 0.9451275045537341, 0.947919876733436, 0.9451275045537341, 0.9579538554948391, 0.9375942116370214, 0.9561199130164648, 0.9692451071761417, 0.932301153612629, 0.9658256880733944, 0.9357886904761905, 0.9609399075500771, 0.9232142857142858, 0.9375942116370214, 0.9692451071761417, 0.9357886904761905, 0.9579538554948391, 0.9645989974937343, 0.9529051987767585, 0.947919876733436, 0.9302935010482181, 0.9529051987767585, 0.9645989974937343, 0.9609399075500771, 0.9451275045537341, 0.9529051987767585, 0.947919876733436, 0.9288461538461539, 0.9609399075500771, 0.947919876733436, 0.9357886904761905, 0.9429469901168015, 0.9429947188567878, 0.9579538554948391, 0.9399847094801224, 0.932301153612629, 0.9429469901168015, 0.9248567983117275, 0.9503316249623153, 0.9375942116370214, 0.9529051987767585, 0.9399847094801224, 0.947919876733436, 0.9579538554948391, 0.9232142857142858, 0.9529051987767585, 0.9451275045537341, 0.9232142857142858, 0.932301153612629, 0.932301153612629, 0.9692451071761417, 0.9579538554948391, 0.9513627819548872, 0.9503316249623153, 0.9513627819548872, 0.9529051987767585, 0.9451275045537341, 0.932301153612629, 0.9270642201834862, 0.9399847094801224, 0.9302935010482181, 0.947919876733436, 0.9579538554948391, 0.9609399075500771, 0.9513627819548872, 0.9658256880733944, 0.9609399075500771, 0.9561199130164648, 0.9451275045537341, 0.947919876733436, 0.9451275045537341, 0.9375942116370214, 0.9787461773700306, 0.9609399075500771, 0.9658256880733944, 0.9692451071761417, 0.9645989974937343, 0.9561199130164648, 0.9302935010482181, 0.9503316249623153, 0.9529051987767585, 0.9529051987767585, 0.9630690382876093, 0.947919876733436, 0.9270642201834862, 0.9399847094801224, 0.932301153612629, 0.9529051987767585, 0.9429469901168015, 0.9248567983117275, 0.932301153612629, 0.9529051987767585, 0.9503316249623153, 0.9399847094801224, 0.9429469901168015, 0.9429469901168015, 0.9529051987767585, 0.9561199130164648, 0.9375942116370214, 0.9429469901168015, 0.932301153612629, 0.9302935010482181, 0.9645989974937343, 0.9375942116370214, 0.9375942116370214], "timestamp": 1725215470, "checkpoint_dir_name": null, "done": false, "training_iteration": 1, "trial_id": "43393_00004", "date": "2024-09-01_19-31-10", "time_this_iter_s": 26.40782880783081, "time_total_s": 26.40782880783081, "pid": 19854, "hostname": "nemo.cl.cam.ac.uk", "node_ip": "128.232.64.154", "config": {"seed": 5, "strategy": "least_confidence"}, "time_since_restore": 26.40782880783081, "iterations_since_restore": 1}
