{"score": 278.64933840795476, "iteration_metrics": [0.9478231970754403, 0.9358643250688705, 0.9467213114754098, 0.9467213114754098, 0.9504132231404958, 0.9541666666666666, 0.9241452991452992, 0.9780701754385965, 0.9478231970754403, 0.9330917874396135, 0.9478231970754403, 0.9478231970754403, 0.9358643250688705, 0.943781512605042, 0.9519230769230769, 0.9698275862068966, 0.9733709273182958, 0.9689475347661188, 0.9780701754385965, 0.9433744221879815, 0.9563944530046224, 0.9733709273182958, 0.9353975535168195, 0.9694144838212635, 0.9647406026716372, 0.9516154085119602, 0.9466988727858292, 0.9823008849557522, 0.9555941845764855, 0.9106672519754171, 0.9780701754385965, 0.9255765199161425, 0.9647406026716372, 0.8919627256843331, 0.9516154085119602, 0.9483180428134557, 0.9866071428571428, 0.9780701754385965, 0.9739130434782608, 0.9384902143522833, 0.9603059581320451, 0.9689475347661188, 0.9433744221879815, 0.9483180428134557, 0.9645933014354067, 0.9645933014354067, 0.9647406026716372, 0.977865796831314, 0.9733709273182958, 0.9733709273182958, 0.9823008849557522, 0.9563944530046224, 0.9647406026716372, 0.9689475347661188, 0.9733709273182958, 0.9601347117794486, 0.9733709273182958, 0.9353975535168195, 0.9689475347661188, 0.9733709273182958, 0.9689475347661188, 0.9733709273182958, 0.9555941845764855, 0.9603059581320451, 0.9647406026716372, 0.9563944530046224, 0.9733709273182958, 0.9739130434782608, 0.9555941845764855, 0.9647406026716372, 0.9823008849557522, 0.9645933014354067, 0.9823008849557522, 0.9645933014354067, 0.9733709273182958, 0.9689475347661188, 0.9647406026716372, 0.9647406026716372, 0.9866071428571428, 0.9647406026716372, 0.9601347117794486, 0.9563944530046224, 0.9689475347661188, 0.9647406026716372, 0.9601347117794486, 0.977865796831314, 0.9689475347661188, 0.9733709273182958, 0.9689475347661188, 0.9689475347661188, 0.9647406026716372, 0.9689475347661188, 0.9647406026716372, 0.9823008849557522, 0.9689475347661188, 0.9647406026716372, 0.9823008849557522, 0.9647406026716372, 0.9733709273182958, 0.9563944530046224, 0.977865796831314, 0.9647406026716372, 0.9516154085119602, 0.9780701754385965, 0.9647406026716372, 0.9733709273182958, 0.9733709273182958, 0.9647406026716372, 0.9601347117794486, 0.9563944530046224, 0.9516154085119602, 0.9689475347661188, 0.9733709273182958, 0.9647406026716372, 0.9404978749241044, 0.9647406026716372, 0.9468984962406015, 0.9733709273182958, 0.9612385321100918, 0.9733709273182958, 0.9647406026716372, 0.9733709273182958, 0.9733709273182958, 0.9516154085119602, 0.9689475347661188, 0.9689475347661188, 0.9689475347661188, 0.9433744221879815, 0.9733709273182958, 0.9563944530046224, 0.9645933014354067, 0.9733709273182958, 0.9823008849557522, 0.9516154085119602, 0.9689475347661188, 0.9612385321100918, 0.9601347117794486, 0.9689475347661188, 0.9516154085119602, 0.9516154085119602, 0.9516154085119602, 0.9733709273182958, 0.9516154085119602, 0.9689475347661188, 0.9647406026716372, 0.9516154085119602, 0.9468984962406015, 0.9647406026716372, 0.9689475347661188, 0.9433744221879815, 0.9483180428134557, 0.9433744221879815, 0.9694144838212635, 0.9733709273182958, 0.9516154085119602, 0.9689475347661188, 0.9733709273182958, 0.9647406026716372, 0.9433744221879815, 0.9733709273182958, 0.9601347117794486, 0.9689475347661188, 0.9645933014354067, 0.9733709273182958, 0.9689475347661188, 0.9516154085119602, 0.9601347117794486, 0.9647406026716372, 0.9533242258652095, 0.9563944530046224, 0.9733709273182958, 0.9516154085119602, 0.9647406026716372, 0.9689475347661188, 0.9689475347661188, 0.9563944530046224, 0.9612385321100918, 0.9516154085119602, 0.9563944530046224, 0.9404978749241044, 0.9468984962406015, 0.9516154085119602, 0.9689475347661188, 0.9516154085119602, 0.9647406026716372, 0.9647406026716372, 0.9647406026716372, 0.9647406026716372, 0.9733709273182958, 0.9739130434782608, 0.9516154085119602, 0.9563944530046224, 0.9468984962406015, 0.9601347117794486, 0.9733709273182958, 0.9483180428134557, 0.9689475347661188, 0.9689475347661188, 0.9647406026716372, 0.9733709273182958, 0.9516154085119602, 0.9647406026716372, 0.9733709273182958, 0.9516154085119602, 0.9563944530046224, 0.9780701754385965, 0.9647406026716372, 0.9647406026716372, 0.9563944530046224, 0.9433744221879815, 0.9647406026716372, 0.9563944530046224, 0.9433744221879815, 0.9689475347661188, 0.9563944530046224, 0.9647406026716372, 0.9516154085119602, 0.9516154085119602, 0.9563944530046224, 0.9612385321100918, 0.9483180428134557, 0.9647406026716372, 0.9563944530046224, 0.9516154085119602, 0.9483180428134557, 0.9483180428134557, 0.9647406026716372, 0.9533242258652095, 0.9601347117794486, 0.9563944530046224, 0.9694144838212635, 0.9601347117794486, 0.9694144838212635, 0.9647406026716372, 0.9516154085119602, 0.9661505768063146, 0.9516154085119602, 0.9601347117794486, 0.9563944530046224, 0.9483180428134557, 0.9483180428134557, 0.9694144838212635, 0.9647406026716372, 0.9601347117794486, 0.9483180428134557, 0.9601347117794486, 0.9433744221879815, 0.9516154085119602, 0.9647406026716372, 0.9563944530046224, 0.9601347117794486, 0.9468984962406015, 0.9563944530046224, 0.9563944530046224, 0.9647406026716372, 0.9563944530046224, 0.9647406026716372, 0.9689475347661188, 0.9516154085119602, 0.9689475347661188, 0.9563944530046224, 0.9433744221879815, 0.9563944530046224, 0.9601347117794486, 0.9647406026716372, 0.9433744221879815, 0.9733709273182958, 0.9601347117794486, 0.9516154085119602, 0.9601347117794486, 0.9563944530046224, 0.9647406026716372, 0.9601347117794486, 0.9483180428134557, 0.9647406026716372, 0.9647406026716372, 0.9516154085119602, 0.9780701754385965, 0.9601347117794486, 0.9733709273182958, 0.9647406026716372, 0.9563944530046224, 0.9694144838212635, 0.9647406026716372, 0.9689475347661188, 0.9733709273182958, 0.9516154085119602, 0.9689475347661188, 0.9563944530046224, 0.9516154085119602, 0.9433744221879815], "timestamp": 1725215481, "checkpoint_dir_name": null, "done": false, "training_iteration": 1, "trial_id": "43393_00002", "date": "2024-09-01_19-31-21", "time_this_iter_s": 37.16944456100464, "time_total_s": 37.16944456100464, "pid": 19834, "hostname": "nemo.cl.cam.ac.uk", "node_ip": "128.232.64.154", "config": {"seed": 3, "strategy": "least_confidence"}, "time_since_restore": 37.16944456100464, "iterations_since_restore": 1}
