{"score": 256.82371708450177, "iteration_metrics": [0.9048839312631896, 0.9023388116308471, 0.8898809523809523, 0.9114631873252563, 0.9256198347107438, 0.8983379931655794, 0.8497866287339971, 0.8870673952641166, 0.8921465179378957, 0.8680434782608696, 0.894954128440367, 0.9027325959661678, 0.9068765664160401, 0.8870673952641166, 0.8497866287339971, 0.8794091046126018, 0.855593607305936, 0.8983379931655794, 0.9364406779661016, 0.8794091046126018, 0.8870673952641166, 0.8794091046126018, 0.9030816640986132, 0.871967654986523, 0.9248006379585327, 0.8921465179378957, 0.9114631873252563, 0.8881288614298324, 0.9030816640986132, 0.8794091046126018, 0.8494415807560137, 0.934219001610306, 0.8900616332819723, 0.8852127990059024, 0.8983379931655794, 0.8983379931655794, 0.8688908399180568, 0.9110709366391184, 0.871967654986523, 0.8826923076923077, 0.9156921618204804, 0.9070048309178744, 0.8983379931655794, 0.916476903057905, 0.844113475177305, 0.8689299830604178, 0.8331451157538114, 0.8435359589041096, 0.844113475177305, 0.8560992907801418, 0.8435359589041096, 0.8331451157538114, 0.862478777589134, 0.8505234861346915, 0.844113475177305, 0.838568194680249, 0.844113475177305, 0.8345288326300985, 0.8331451157538114, 0.8618065433854907, 0.8560992907801418, 0.8331451157538114, 0.8560992907801418, 0.8505234861346915, 0.8570016939582157, 0.8635531135531136, 0.8505234861346915, 0.844113475177305, 0.862478777589134, 0.838568194680249, 0.8331451157538114, 0.862478777589134, 0.838568194680249, 0.8435359589041096, 0.8505234861346915, 0.8676512557077626, 0.8689299830604178, 0.8560992907801418, 0.8505234861346915, 0.8497866287339971, 0.855593607305936, 0.9059847819724904, 0.8951923076923076, 0.8618065433854907, 0.8688908399180568, 0.8738816738816739, 0.861540664375716, 0.9005589879376288, 0.8881288614298324, 0.8616883116883116, 0.8998937462052217, 0.855593607305936, 0.8919229663696464, 0.8433457890198333, 0.8616883116883116, 0.8868666278392545, 0.886075036075036, 0.8565261925665789, 0.8554900833572866, 0.8738264580369843, 0.8554900833572866, 0.8812554872695346, 0.8826923076923077, 0.8797786720321932, 0.8676343776947399, 0.8701923076923077, 0.8676343776947399, 0.8800709219858156, 0.8797786720321932, 0.8676343776947399, 0.8736397479954181, 0.8622597553873035, 0.8738816738816739, 0.8680434782608696, 0.903824200913242, 0.8736397479954181, 0.885846372688478, 0.8618065433854907, 0.8676512557077626, 0.879708904109589, 0.885846372688478, 0.8978379152348224, 0.879708904109589, 0.8736397479954181, 0.8676343776947399, 0.8680851063829788, 0.8560992907801418, 0.8676343776947399, 0.885846372688478, 0.8676512557077626, 0.8582981715893108, 0.8738816738816739, 0.855593607305936, 0.8738264580369843, 0.8802898550724638, 0.8919229663696464, 0.8676343776947399, 0.8676512557077626, 0.855593607305936, 0.8676512557077626, 0.8738264580369843, 0.8676512557077626, 0.8494949494949495, 0.8618065433854907, 0.9098862019914651, 0.8800709219858156, 0.8676512557077626, 0.8800709219858156, 0.8857388316151202, 0.879708904109589, 0.8857388316151202, 0.8676512557077626, 0.885846372688478, 0.8919229663696464, 0.8676343776947399, 0.855593607305936, 0.8618065433854907, 0.8736397479954181, 0.8800709219858156, 0.8680851063829788, 0.8863893604980193, 0.8738264580369843, 0.8738816738816739, 0.8744340690435768, 0.8736397479954181, 0.8917665525114156, 0.903824200913242, 0.885846372688478, 0.886075036075036, 0.879708904109589, 0.861540664375716, 0.8736397479954181, 0.8978662873399715, 0.879708904109589, 0.8857388316151202, 0.8857388316151202, 0.8736397479954181, 0.879708904109589, 0.8736397479954181, 0.8917665525114156, 0.885846372688478, 0.8978662873399715, 0.8920567375886526, 0.8920567375886526, 0.8554900833572866, 0.8978662873399715, 0.886075036075036, 0.9040672607070998, 0.9005589879376288, 0.9047826086956521, 0.9237769365171811, 0.886075036075036, 0.8982683982683983, 0.892536231884058, 0.8917665525114156, 0.886075036075036, 0.8797786720321932, 0.886075036075036, 0.8982683982683983, 0.8797786720321932, 0.8802898550724638, 0.8738264580369843, 0.8802898550724638, 0.8881288614298324, 0.8919229663696464, 0.9104617604617604, 0.89917006406523, 0.9104617604617604, 0.892536231884058, 0.9170289855072464, 0.9040672607070998, 0.8797786720321932, 0.9114735002912056, 0.8868666278392545, 0.9047826086956521, 0.886075036075036, 0.9114735002912056, 0.8936201346210125, 0.9040672607070998, 0.886075036075036, 0.9183494293239685, 0.8936201346210125, 0.886075036075036, 0.9183494293239685, 0.9104617604617604, 0.8978379152348224, 0.9129891144454252, 0.916211555044553, 0.8982683982683983, 0.903824200913242, 0.9104617604617604, 0.9183494293239685, 0.892536231884058, 0.89917006406523, 0.9226551226551226, 0.9099369988545247, 0.9104617604617604, 0.892536231884058, 0.916211555044553, 0.9237769365171811, 0.9237769365171811, 0.9104617604617604, 0.886075036075036, 0.8978379152348224, 0.9005589879376288, 0.9076923076923078, 0.9098862019914651, 0.8982683982683983, 0.9183494293239685, 0.9059847819724904, 0.8919229663696464, 0.8917665525114156, 0.8982683982683983, 0.8982683982683983, 0.9237769365171811, 0.9047826086956521, 0.9237769365171811, 0.892536231884058, 0.9104617604617604, 0.8919229663696464, 0.9283558493820063, 0.9226551226551226, 0.9104617604617604, 0.8978379152348224, 0.9099369988545247, 0.9099369988545247, 0.8917665525114156, 0.8978379152348224, 0.9104617604617604, 0.8857388316151202, 0.8978379152348224, 0.9114735002912056, 0.916211555044553, 0.9170289855072464, 0.885846372688478, 0.9348484848484848, 0.9348484848484848, 0.9254192409532216, 0.9226551226551226, 0.9237769365171811, 0.9059847819724904, 0.9114735002912056, 0.9254192409532216, 0.9237769365171811, 0.9254192409532216, 0.9183494293239685, 0.9114735002912056, 0.9170289855072464, 0.9237769365171811, 0.9237769365171811, 0.9430787240269243], "timestamp": 1725204385, "checkpoint_dir_name": null, "done": false, "training_iteration": 1, "trial_id": "805f1_00007", "date": "2024-09-01_16-26-25", "time_this_iter_s": 13.141833305358887, "time_total_s": 13.141833305358887, "pid": 31221, "hostname": "nemo.cl.cam.ac.uk", "node_ip": "128.232.64.154", "config": {"seed": 3, "strategy": "entropy"}, "time_since_restore": 13.141833305358887, "iterations_since_restore": 1}
