,trial_id,iteration,test_metric,strategy,seed,score
0,fc16f_00000,0,21189.009739047997,bald,1,6006528.762937013
1,fc16f_00000,1,17152.315504155755,bald,1,6006528.762937013
2,fc16f_00000,2,8313.98203224904,bald,1,6006528.762937013
3,fc16f_00000,3,9006.91380734845,bald,1,6006528.762937013
4,fc16f_00000,4,9494.461572752396,bald,1,6006528.762937013
5,fc16f_00000,5,9273.36924389207,bald,1,6006528.762937013
6,fc16f_00000,6,12398.26231357885,bald,1,6006528.762937013
7,fc16f_00000,7,10376.787316499676,bald,1,6006528.762937013
8,fc16f_00000,8,10679.9939522893,bald,1,6006528.762937013
9,fc16f_00000,9,10642.264508590562,bald,1,6006528.762937013
10,fc16f_00000,10,8078.271540393254,bald,1,6006528.762937013
11,fc16f_00000,11,9087.55753711503,bald,1,6006528.762937013
12,fc16f_00000,12,8305.107300684738,bald,1,6006528.762937013
13,fc16f_00000,13,8310.317702417979,bald,1,6006528.762937013
14,fc16f_00000,14,8489.8170960277,bald,1,6006528.762937013
15,fc16f_00000,15,8354.082534442105,bald,1,6006528.762937013
16,fc16f_00000,16,8148.355131297802,bald,1,6006528.762937013
17,fc16f_00000,17,8141.722023072903,bald,1,6006528.762937013
18,fc16f_00000,18,8649.975670582451,bald,1,6006528.762937013
19,fc16f_00000,19,8056.814597380027,bald,1,6006528.762937013
20,fc16f_00000,20,7582.082007639943,bald,1,6006528.762937013
21,fc16f_00000,21,6814.042282542194,bald,1,6006528.762937013
22,fc16f_00000,22,5752.764237284293,bald,1,6006528.762937013
23,fc16f_00000,23,6861.615726777636,bald,1,6006528.762937013
24,fc16f_00000,24,6318.931672548835,bald,1,6006528.762937013
25,fc16f_00000,25,6146.398937951712,bald,1,6006528.762937013
26,fc16f_00000,26,6101.67460339057,bald,1,6006528.762937013
27,fc16f_00000,27,5855.483665989796,bald,1,6006528.762937013
28,fc16f_00000,28,5866.390456688653,bald,1,6006528.762937013
29,fc16f_00000,29,5947.874007976943,bald,1,6006528.762937013
30,fc16f_00000,30,6323.883360636735,bald,1,6006528.762937013
31,fc16f_00000,31,6139.3972630631215,bald,1,6006528.762937013
32,fc16f_00000,32,6069.621605852337,bald,1,6006528.762937013
33,fc16f_00000,33,5641.706152066529,bald,1,6006528.762937013
34,fc16f_00000,34,5236.0701132868135,bald,1,6006528.762937013
35,fc16f_00000,35,6449.3624304535615,bald,1,6006528.762937013
36,fc16f_00000,36,6419.423593524481,bald,1,6006528.762937013
37,fc16f_00000,37,6434.943932410567,bald,1,6006528.762937013
38,fc16f_00000,38,7208.846042911738,bald,1,6006528.762937013
39,fc16f_00000,39,7225.237652322511,bald,1,6006528.762937013
40,fc16f_00000,40,7361.951606658637,bald,1,6006528.762937013
41,fc16f_00000,41,10220.32428839139,bald,1,6006528.762937013
42,fc16f_00000,42,10448.519989468923,bald,1,6006528.762937013
43,fc16f_00000,43,11029.006528113938,bald,1,6006528.762937013
44,fc16f_00000,44,10428.54353189655,bald,1,6006528.762937013
45,fc16f_00000,45,10386.887537410645,bald,1,6006528.762937013
46,fc16f_00000,46,9666.933325606646,bald,1,6006528.762937013
47,fc16f_00000,47,8805.83729275113,bald,1,6006528.762937013
48,fc16f_00000,48,8628.92174713645,bald,1,6006528.762937013
49,fc16f_00000,49,8558.44724413248,bald,1,6006528.762937013
50,fc16f_00000,50,8508.605370802245,bald,1,6006528.762937013
51,fc16f_00000,51,8470.442739287368,bald,1,6006528.762937013
52,fc16f_00000,52,8916.681840402014,bald,1,6006528.762937013
53,fc16f_00000,53,8755.434414944553,bald,1,6006528.762937013
54,fc16f_00000,54,7980.713686043617,bald,1,6006528.762937013
55,fc16f_00000,55,7950.957937592415,bald,1,6006528.762937013
56,fc16f_00000,56,8836.313612002905,bald,1,6006528.762937013
57,fc16f_00000,57,8905.244394990232,bald,1,6006528.762937013
58,fc16f_00000,58,8934.759754376862,bald,1,6006528.762937013
59,fc16f_00000,59,9080.357824767705,bald,1,6006528.762937013
60,fc16f_00000,60,9563.98102251737,bald,1,6006528.762937013
61,fc16f_00000,61,9794.01007842241,bald,1,6006528.762937013
62,fc16f_00000,62,9770.745007837882,bald,1,6006528.762937013
63,fc16f_00000,63,9577.787000245973,bald,1,6006528.762937013
64,fc16f_00000,64,9708.862453755853,bald,1,6006528.762937013
65,fc16f_00000,65,9879.187265552431,bald,1,6006528.762937013
66,fc16f_00000,66,9221.031171439909,bald,1,6006528.762937013
67,fc16f_00000,67,9133.8849180527,bald,1,6006528.762937013
68,fc16f_00000,68,10026.234081323337,bald,1,6006528.762937013
69,fc16f_00000,69,10026.310097186724,bald,1,6006528.762937013
70,fc16f_00000,70,9480.716075982984,bald,1,6006528.762937013
71,fc16f_00000,71,9564.113149610957,bald,1,6006528.762937013
72,fc16f_00000,72,8511.395654879412,bald,1,6006528.762937013
73,fc16f_00000,73,7650.870230915204,bald,1,6006528.762937013
74,fc16f_00000,74,7122.564866986399,bald,1,6006528.762937013
75,fc16f_00000,75,7143.678768055647,bald,1,6006528.762937013
76,fc16f_00000,76,7045.807978795175,bald,1,6006528.762937013
77,fc16f_00000,77,6965.189081130026,bald,1,6006528.762937013
78,fc16f_00000,78,6699.976330189093,bald,1,6006528.762937013
79,fc16f_00000,79,6652.267564229015,bald,1,6006528.762937013
80,fc16f_00000,80,6522.554313352083,bald,1,6006528.762937013
81,fc16f_00000,81,6522.585994762934,bald,1,6006528.762937013
82,fc16f_00000,82,6618.4652095662905,bald,1,6006528.762937013
83,fc16f_00000,83,6285.893235275459,bald,1,6006528.762937013
84,fc16f_00000,84,6441.019337717187,bald,1,6006528.762937013
85,fc16f_00000,85,6533.3012587197145,bald,1,6006528.762937013
86,fc16f_00000,86,5405.8331075872875,bald,1,6006528.762937013
87,fc16f_00000,87,5384.959598221089,bald,1,6006528.762937013
88,fc16f_00000,88,5370.609177014395,bald,1,6006528.762937013
89,fc16f_00000,89,5431.75492867417,bald,1,6006528.762937013
90,fc16f_00000,90,5594.10669494119,bald,1,6006528.762937013
91,fc16f_00000,91,5466.425088536842,bald,1,6006528.762937013
92,fc16f_00000,92,5442.958942870101,bald,1,6006528.762937013
93,fc16f_00000,93,5376.452934382809,bald,1,6006528.762937013
94,fc16f_00000,94,6565.949110780328,bald,1,6006528.762937013
95,fc16f_00000,95,6537.5308157177515,bald,1,6006528.762937013
96,fc16f_00000,96,6507.426779118179,bald,1,6006528.762937013
97,fc16f_00000,97,6300.9928959398985,bald,1,6006528.762937013
98,fc16f_00000,98,6422.672361537179,bald,1,6006528.762937013
99,fc16f_00000,99,6568.1991293274805,bald,1,6006528.762937013
100,fc16f_00000,100,6524.652543619222,bald,1,6006528.762937013
101,fc16f_00000,101,6387.530810027245,bald,1,6006528.762937013
102,fc16f_00000,102,6373.364115775808,bald,1,6006528.762937013
103,fc16f_00000,103,6714.152160840527,bald,1,6006528.762937013
104,fc16f_00000,104,7477.722116456248,bald,1,6006528.762937013
105,fc16f_00000,105,7519.989802837646,bald,1,6006528.762937013
106,fc16f_00000,106,7700.487327133695,bald,1,6006528.762937013
107,fc16f_00000,107,7708.14345069359,bald,1,6006528.762937013
108,fc16f_00000,108,7659.446973087124,bald,1,6006528.762937013
109,fc16f_00000,109,7646.093400011887,bald,1,6006528.762937013
110,fc16f_00000,110,7934.4303026429125,bald,1,6006528.762937013
111,fc16f_00000,111,7535.77472469863,bald,1,6006528.762937013
112,fc16f_00000,112,8091.711301630853,bald,1,6006528.762937013
113,fc16f_00000,113,8732.688105089243,bald,1,6006528.762937013
114,fc16f_00000,114,8478.446550619446,bald,1,6006528.762937013
115,fc16f_00000,115,9000.240041904566,bald,1,6006528.762937013
116,fc16f_00000,116,9015.609527683471,bald,1,6006528.762937013
117,fc16f_00000,117,8870.537480213794,bald,1,6006528.762937013
118,fc16f_00000,118,8986.406265384441,bald,1,6006528.762937013
119,fc16f_00000,119,8523.119182826893,bald,1,6006528.762937013
120,fc16f_00000,120,8498.324222578107,bald,1,6006528.762937013
121,fc16f_00000,121,8385.058057264474,bald,1,6006528.762937013
122,fc16f_00000,122,8142.369481758793,bald,1,6006528.762937013
123,fc16f_00000,123,8166.90024987552,bald,1,6006528.762937013
124,fc16f_00000,124,8313.255726195623,bald,1,6006528.762937013
125,fc16f_00000,125,8256.952176484112,bald,1,6006528.762937013
126,fc16f_00000,126,8125.526517009321,bald,1,6006528.762937013
127,fc16f_00000,127,7626.311200093991,bald,1,6006528.762937013
128,fc16f_00000,128,7644.664163144808,bald,1,6006528.762937013
129,fc16f_00000,129,7675.205860690953,bald,1,6006528.762937013
130,fc16f_00000,130,7824.987926297178,bald,1,6006528.762937013
131,fc16f_00000,131,8429.09954210037,bald,1,6006528.762937013
132,fc16f_00000,132,8434.760192021009,bald,1,6006528.762937013
133,fc16f_00000,133,8296.42606422849,bald,1,6006528.762937013
134,fc16f_00000,134,8265.916770076365,bald,1,6006528.762937013
135,fc16f_00000,135,8260.289006462019,bald,1,6006528.762937013
136,fc16f_00000,136,8920.308123103818,bald,1,6006528.762937013
137,fc16f_00000,137,8495.520498730693,bald,1,6006528.762937013
138,fc16f_00000,138,8705.21076134169,bald,1,6006528.762937013
139,fc16f_00000,139,8623.513775394846,bald,1,6006528.762937013
140,fc16f_00000,140,9648.928178760916,bald,1,6006528.762937013
141,fc16f_00000,141,9577.427790115738,bald,1,6006528.762937013
142,fc16f_00000,142,9652.08950898798,bald,1,6006528.762937013
143,fc16f_00000,143,9582.875732081568,bald,1,6006528.762937013
144,fc16f_00000,144,9163.808682372348,bald,1,6006528.762937013
145,fc16f_00000,145,9206.159392887674,bald,1,6006528.762937013
146,fc16f_00000,146,9991.116392555337,bald,1,6006528.762937013
147,fc16f_00000,147,10179.163464299887,bald,1,6006528.762937013
148,fc16f_00000,148,10144.758094953419,bald,1,6006528.762937013
149,fc16f_00000,149,10747.023618791003,bald,1,6006528.762937013
150,fc16f_00000,150,12004.20004175699,bald,1,6006528.762937013
151,fc16f_00000,151,12009.730967231368,bald,1,6006528.762937013
152,fc16f_00000,152,12996.35683680467,bald,1,6006528.762937013
153,fc16f_00000,153,13814.178927011286,bald,1,6006528.762937013
154,fc16f_00000,154,13411.183699901834,bald,1,6006528.762937013
155,fc16f_00000,155,13677.119172139735,bald,1,6006528.762937013
156,fc16f_00000,156,12691.793324237426,bald,1,6006528.762937013
157,fc16f_00000,157,14345.816246367078,bald,1,6006528.762937013
158,fc16f_00000,158,14582.318256914159,bald,1,6006528.762937013
159,fc16f_00000,159,15122.453324949754,bald,1,6006528.762937013
160,fc16f_00000,160,14646.258450503403,bald,1,6006528.762937013
161,fc16f_00000,161,15740.90509300735,bald,1,6006528.762937013
162,fc16f_00000,162,15597.150025888539,bald,1,6006528.762937013
163,fc16f_00000,163,15798.911995865323,bald,1,6006528.762937013
164,fc16f_00000,164,16073.226806411962,bald,1,6006528.762937013
165,fc16f_00000,165,16069.416907073572,bald,1,6006528.762937013
166,fc16f_00000,166,15858.134725983185,bald,1,6006528.762937013
167,fc16f_00000,167,15948.334769581288,bald,1,6006528.762937013
168,fc16f_00000,168,15904.981408536409,bald,1,6006528.762937013
169,fc16f_00000,169,15850.817162202964,bald,1,6006528.762937013
170,fc16f_00000,170,15882.201801540115,bald,1,6006528.762937013
171,fc16f_00000,171,15480.53294697796,bald,1,6006528.762937013
172,fc16f_00000,172,17085.536777390247,bald,1,6006528.762937013
173,fc16f_00000,173,16527.357015511825,bald,1,6006528.762937013
174,fc16f_00000,174,14659.742046368934,bald,1,6006528.762937013
175,fc16f_00000,175,15189.242232018018,bald,1,6006528.762937013
176,fc16f_00000,176,15261.090803533349,bald,1,6006528.762937013
177,fc16f_00000,177,15240.621126912843,bald,1,6006528.762937013
178,fc16f_00000,178,12153.803416261619,bald,1,6006528.762937013
179,fc16f_00000,179,11925.997939900148,bald,1,6006528.762937013
180,fc16f_00000,180,12075.046644320826,bald,1,6006528.762937013
181,fc16f_00000,181,12086.508813069495,bald,1,6006528.762937013
182,fc16f_00000,182,14987.823668752559,bald,1,6006528.762937013
183,fc16f_00000,183,16183.43898910293,bald,1,6006528.762937013
184,fc16f_00000,184,17659.11967437719,bald,1,6006528.762937013
185,fc16f_00000,185,17658.52755311768,bald,1,6006528.762937013
186,fc16f_00000,186,18468.61582351574,bald,1,6006528.762937013
187,fc16f_00000,187,18210.24422955715,bald,1,6006528.762937013
188,fc16f_00000,188,17756.06196106864,bald,1,6006528.762937013
189,fc16f_00000,189,17914.527247763166,bald,1,6006528.762937013
190,fc16f_00000,190,17907.82609415309,bald,1,6006528.762937013
191,fc16f_00000,191,18691.96410118021,bald,1,6006528.762937013
192,fc16f_00000,192,19810.941780301186,bald,1,6006528.762937013
193,fc16f_00000,193,18238.312266658173,bald,1,6006528.762937013
194,fc16f_00000,194,18194.250968322885,bald,1,6006528.762937013
195,fc16f_00000,195,19264.3608467113,bald,1,6006528.762937013
196,fc16f_00000,196,19668.945622717405,bald,1,6006528.762937013
197,fc16f_00000,197,18193.10494123324,bald,1,6006528.762937013
198,fc16f_00000,198,20533.819977059655,bald,1,6006528.762937013
199,fc16f_00000,199,21717.371053965628,bald,1,6006528.762937013
200,fc16f_00000,200,26239.282716041784,bald,1,6006528.762937013
201,fc16f_00000,201,26494.982265042985,bald,1,6006528.762937013
202,fc16f_00000,202,26489.14352681306,bald,1,6006528.762937013
203,fc16f_00000,203,27245.018117008098,bald,1,6006528.762937013
204,fc16f_00000,204,27326.071787067904,bald,1,6006528.762937013
205,fc16f_00000,205,24181.284336290253,bald,1,6006528.762937013
206,fc16f_00000,206,26165.81681051982,bald,1,6006528.762937013
207,fc16f_00000,207,26225.478544528407,bald,1,6006528.762937013
208,fc16f_00000,208,28686.566159657574,bald,1,6006528.762937013
209,fc16f_00000,209,29528.675260771837,bald,1,6006528.762937013
210,fc16f_00000,210,34238.62333556204,bald,1,6006528.762937013
211,fc16f_00000,211,34735.680502167044,bald,1,6006528.762937013
212,fc16f_00000,212,34896.68903418833,bald,1,6006528.762937013
213,fc16f_00000,213,34297.7505449395,bald,1,6006528.762937013
214,fc16f_00000,214,43217.08459240309,bald,1,6006528.762937013
215,fc16f_00000,215,45956.56610255313,bald,1,6006528.762937013
216,fc16f_00000,216,45918.20990368215,bald,1,6006528.762937013
217,fc16f_00000,217,45899.60355412095,bald,1,6006528.762937013
218,fc16f_00000,218,42797.35345051321,bald,1,6006528.762937013
219,fc16f_00000,219,41183.21512234238,bald,1,6006528.762937013
220,fc16f_00000,220,40322.874941750924,bald,1,6006528.762937013
221,fc16f_00000,221,40616.612012217054,bald,1,6006528.762937013
222,fc16f_00000,222,41643.28559422909,bald,1,6006528.762937013
223,fc16f_00000,223,46254.064827007736,bald,1,6006528.762937013
224,fc16f_00000,224,42606.097094313176,bald,1,6006528.762937013
225,fc16f_00000,225,41524.21628149087,bald,1,6006528.762937013
226,fc16f_00000,226,41358.07288089456,bald,1,6006528.762937013
227,fc16f_00000,227,40257.527427326415,bald,1,6006528.762937013
228,fc16f_00000,228,38049.11624174531,bald,1,6006528.762937013
229,fc16f_00000,229,38427.2979624334,bald,1,6006528.762937013
230,fc16f_00000,230,38634.481927675,bald,1,6006528.762937013
231,fc16f_00000,231,38625.452955291534,bald,1,6006528.762937013
232,fc16f_00000,232,36886.41558067581,bald,1,6006528.762937013
233,fc16f_00000,233,37647.86387849961,bald,1,6006528.762937013
234,fc16f_00000,234,36276.11381058532,bald,1,6006528.762937013
235,fc16f_00000,235,36133.75446381647,bald,1,6006528.762937013
236,fc16f_00000,236,36174.7423182842,bald,1,6006528.762937013
237,fc16f_00000,237,36338.754716542244,bald,1,6006528.762937013
238,fc16f_00000,238,38073.64544197032,bald,1,6006528.762937013
239,fc16f_00000,239,38666.19829789779,bald,1,6006528.762937013
240,fc16f_00000,240,48021.20149545283,bald,1,6006528.762937013
241,fc16f_00000,241,50956.350557987935,bald,1,6006528.762937013
242,fc16f_00000,242,54653.38451796418,bald,1,6006528.762937013
243,fc16f_00000,243,55782.664793185584,bald,1,6006528.762937013
244,fc16f_00000,244,50355.57833267096,bald,1,6006528.762937013
245,fc16f_00000,245,47276.92788933057,bald,1,6006528.762937013
246,fc16f_00000,246,48671.327461373534,bald,1,6006528.762937013
247,fc16f_00000,247,48514.70914095452,bald,1,6006528.762937013
248,fc16f_00000,248,47158.742536437356,bald,1,6006528.762937013
249,fc16f_00000,249,44404.28583345033,bald,1,6006528.762937013
250,fc16f_00000,250,50789.03536587517,bald,1,6006528.762937013
251,fc16f_00000,251,50228.172518883934,bald,1,6006528.762937013
252,fc16f_00000,252,48408.78337023035,bald,1,6006528.762937013
253,fc16f_00000,253,44140.26573653603,bald,1,6006528.762937013
254,fc16f_00000,254,41280.996242196525,bald,1,6006528.762937013
255,fc16f_00000,255,41108.45498537063,bald,1,6006528.762937013
256,fc16f_00000,256,43522.86334899705,bald,1,6006528.762937013
257,fc16f_00000,257,42855.2852018925,bald,1,6006528.762937013
258,fc16f_00000,258,41079.475329548004,bald,1,6006528.762937013
259,fc16f_00000,259,39203.0594682335,bald,1,6006528.762937013
260,fc16f_00000,260,41764.002902953194,bald,1,6006528.762937013
261,fc16f_00000,261,50657.17240913399,bald,1,6006528.762937013
262,fc16f_00000,262,50485.08228354775,bald,1,6006528.762937013
263,fc16f_00000,263,50606.713695984734,bald,1,6006528.762937013
264,fc16f_00000,264,50981.16966045402,bald,1,6006528.762937013
265,fc16f_00000,265,51880.07752787121,bald,1,6006528.762937013
266,fc16f_00000,266,52596.53000839243,bald,1,6006528.762937013
267,fc16f_00000,267,54281.79141808152,bald,1,6006528.762937013
268,fc16f_00000,268,49517.476363341535,bald,1,6006528.762937013
269,fc16f_00000,269,50477.531093122,bald,1,6006528.762937013
270,fc16f_00000,270,48064.74863146678,bald,1,6006528.762937013
271,fc16f_00000,271,48015.923870241546,bald,1,6006528.762937013
272,fc16f_00000,272,48340.081223408095,bald,1,6006528.762937013
273,fc16f_00000,273,55471.60775306448,bald,1,6006528.762937013
274,fc16f_00000,274,58679.36130084775,bald,1,6006528.762937013
275,fc16f_00000,275,60890.074916659985,bald,1,6006528.762937013
276,fc16f_00000,276,62726.156801474724,bald,1,6006528.762937013
277,fc16f_00000,277,55993.192242709854,bald,1,6006528.762937013
278,fc16f_00000,278,46830.23267551381,bald,1,6006528.762937013
279,fc16f_00000,279,45886.89202040662,bald,1,6006528.762937013
280,fc16f_00000,280,55397.23840311909,bald,1,6006528.762937013
281,fc16f_00000,281,55715.472114010074,bald,1,6006528.762937013
282,fc16f_00000,282,54564.92994208492,bald,1,6006528.762937013
283,fc16f_00000,283,57180.51527834044,bald,1,6006528.762937013
284,fc16f_00000,284,56366.02404653499,bald,1,6006528.762937013
285,fc16f_00000,285,57335.875624054985,bald,1,6006528.762937013
286,fc16f_00000,286,50183.220413282885,bald,1,6006528.762937013
287,fc16f_00000,287,51293.02999331683,bald,1,6006528.762937013
288,fc16f_00000,288,51375.206387747305,bald,1,6006528.762937013
289,fc16f_00000,289,51631.65810438497,bald,1,6006528.762937013
290,fc16f_00000,290,50779.97429384282,bald,1,6006528.762937013
291,fc16f_00001,0,7462.718005199594,bald,2,8593713.459920585
292,fc16f_00001,1,6352.960985621767,bald,2,8593713.459920585
293,fc16f_00001,2,5779.720216427189,bald,2,8593713.459920585
294,fc16f_00001,3,9715.392003033041,bald,2,8593713.459920585
295,fc16f_00001,4,9540.353604644595,bald,2,8593713.459920585
296,fc16f_00001,5,4756.484887784889,bald,2,8593713.459920585
297,fc16f_00001,6,4489.028919801364,bald,2,8593713.459920585
298,fc16f_00001,7,4311.81988724713,bald,2,8593713.459920585
299,fc16f_00001,8,4054.297098114218,bald,2,8593713.459920585
300,fc16f_00001,9,4392.46837110175,bald,2,8593713.459920585
301,fc16f_00001,10,5130.81764092854,bald,2,8593713.459920585
302,fc16f_00001,11,5126.719886561549,bald,2,8593713.459920585
303,fc16f_00001,12,5156.314382891677,bald,2,8593713.459920585
304,fc16f_00001,13,4307.58371071287,bald,2,8593713.459920585
305,fc16f_00001,14,4823.1890494912095,bald,2,8593713.459920585
306,fc16f_00001,15,4878.848659303267,bald,2,8593713.459920585
307,fc16f_00001,16,4954.514457502786,bald,2,8593713.459920585
308,fc16f_00001,17,7123.276015752902,bald,2,8593713.459920585
309,fc16f_00001,18,4733.7207152787005,bald,2,8593713.459920585
310,fc16f_00001,19,4611.58015742634,bald,2,8593713.459920585
311,fc16f_00001,20,4707.34261741661,bald,2,8593713.459920585
312,fc16f_00001,21,4659.355778396051,bald,2,8593713.459920585
313,fc16f_00001,22,4570.429815928596,bald,2,8593713.459920585
314,fc16f_00001,23,4797.578797943852,bald,2,8593713.459920585
315,fc16f_00001,24,5157.1461221047875,bald,2,8593713.459920585
316,fc16f_00001,25,5184.437766527499,bald,2,8593713.459920585
317,fc16f_00001,26,5229.628181235028,bald,2,8593713.459920585
318,fc16f_00001,27,5211.714623645705,bald,2,8593713.459920585
319,fc16f_00001,28,5235.740262695225,bald,2,8593713.459920585
320,fc16f_00001,29,4999.09400288859,bald,2,8593713.459920585
321,fc16f_00001,30,4952.890659309883,bald,2,8593713.459920585
322,fc16f_00001,31,4997.497121749587,bald,2,8593713.459920585
323,fc16f_00001,32,5016.291418917101,bald,2,8593713.459920585
324,fc16f_00001,33,4513.9170316296595,bald,2,8593713.459920585
325,fc16f_00001,34,4515.0922530909975,bald,2,8593713.459920585
326,fc16f_00001,35,4718.5746201663105,bald,2,8593713.459920585
327,fc16f_00001,36,6506.4511649842525,bald,2,8593713.459920585
328,fc16f_00001,37,7210.266228826928,bald,2,8593713.459920585
329,fc16f_00001,38,7467.349706483032,bald,2,8593713.459920585
330,fc16f_00001,39,7946.922175725665,bald,2,8593713.459920585
331,fc16f_00001,40,8224.098022426935,bald,2,8593713.459920585
332,fc16f_00001,41,6690.564117248332,bald,2,8593713.459920585
333,fc16f_00001,42,6667.280318606728,bald,2,8593713.459920585
334,fc16f_00001,43,6444.046542632971,bald,2,8593713.459920585
335,fc16f_00001,44,6623.184069121029,bald,2,8593713.459920585
336,fc16f_00001,45,6626.15163849078,bald,2,8593713.459920585
337,fc16f_00001,46,6860.58926506979,bald,2,8593713.459920585
338,fc16f_00001,47,6876.309105083234,bald,2,8593713.459920585
339,fc16f_00001,48,6946.182039164531,bald,2,8593713.459920585
340,fc16f_00001,49,6807.337852303219,bald,2,8593713.459920585
341,fc16f_00001,50,6762.472395153372,bald,2,8593713.459920585
342,fc16f_00001,51,6680.82964468691,bald,2,8593713.459920585
343,fc16f_00001,52,7720.072511610557,bald,2,8593713.459920585
344,fc16f_00001,53,7645.090584637538,bald,2,8593713.459920585
345,fc16f_00001,54,7653.260234019004,bald,2,8593713.459920585
346,fc16f_00001,55,7752.292205439647,bald,2,8593713.459920585
347,fc16f_00001,56,7284.73967204332,bald,2,8593713.459920585
348,fc16f_00001,57,7040.376824315653,bald,2,8593713.459920585
349,fc16f_00001,58,7039.753412980678,bald,2,8593713.459920585
350,fc16f_00001,59,6662.446488463591,bald,2,8593713.459920585
351,fc16f_00001,60,6573.406051437612,bald,2,8593713.459920585
352,fc16f_00001,61,6823.026811087445,bald,2,8593713.459920585
353,fc16f_00001,62,6213.861406686944,bald,2,8593713.459920585
354,fc16f_00001,63,5574.982073848418,bald,2,8593713.459920585
355,fc16f_00001,64,5494.308661447555,bald,2,8593713.459920585
356,fc16f_00001,65,5365.85084040498,bald,2,8593713.459920585
357,fc16f_00001,66,5324.192251291808,bald,2,8593713.459920585
358,fc16f_00001,67,5572.203825686826,bald,2,8593713.459920585
359,fc16f_00001,68,6015.642916682488,bald,2,8593713.459920585
360,fc16f_00001,69,6797.767998474597,bald,2,8593713.459920585
361,fc16f_00001,70,7407.778248636889,bald,2,8593713.459920585
362,fc16f_00001,71,7380.632880324744,bald,2,8593713.459920585
363,fc16f_00001,72,9158.935157914622,bald,2,8593713.459920585
364,fc16f_00001,73,9557.364362935388,bald,2,8593713.459920585
365,fc16f_00001,74,10353.4494121342,bald,2,8593713.459920585
366,fc16f_00001,75,10202.231979166423,bald,2,8593713.459920585
367,fc16f_00001,76,10296.174415246987,bald,2,8593713.459920585
368,fc16f_00001,77,10588.975735828071,bald,2,8593713.459920585
369,fc16f_00001,78,10173.85077396635,bald,2,8593713.459920585
370,fc16f_00001,79,10551.527342130656,bald,2,8593713.459920585
371,fc16f_00001,80,10388.417262998964,bald,2,8593713.459920585
372,fc16f_00001,81,10491.369634958057,bald,2,8593713.459920585
373,fc16f_00001,82,10652.425262228677,bald,2,8593713.459920585
374,fc16f_00001,83,10377.432223120586,bald,2,8593713.459920585
375,fc16f_00001,84,10107.843240581815,bald,2,8593713.459920585
376,fc16f_00001,85,10905.145132895945,bald,2,8593713.459920585
377,fc16f_00001,86,12452.808508920774,bald,2,8593713.459920585
378,fc16f_00001,87,11236.302327083551,bald,2,8593713.459920585
379,fc16f_00001,88,12131.214288350346,bald,2,8593713.459920585
380,fc16f_00001,89,12018.137738462316,bald,2,8593713.459920585
381,fc16f_00001,90,10958.254980521959,bald,2,8593713.459920585
382,fc16f_00001,91,14199.71226543722,bald,2,8593713.459920585
383,fc16f_00001,92,14286.680954176516,bald,2,8593713.459920585
384,fc16f_00001,93,14701.306714943461,bald,2,8593713.459920585
385,fc16f_00001,94,13876.108238017747,bald,2,8593713.459920585
386,fc16f_00001,95,13445.418440838443,bald,2,8593713.459920585
387,fc16f_00001,96,14545.681679746434,bald,2,8593713.459920585
388,fc16f_00001,97,14254.945440113795,bald,2,8593713.459920585
389,fc16f_00001,98,14976.273067573942,bald,2,8593713.459920585
390,fc16f_00001,99,14126.103420418722,bald,2,8593713.459920585
391,fc16f_00001,100,14125.59112476254,bald,2,8593713.459920585
392,fc16f_00001,101,14080.830917108522,bald,2,8593713.459920585
393,fc16f_00001,102,13400.017281237933,bald,2,8593713.459920585
394,fc16f_00001,103,13725.547062149228,bald,2,8593713.459920585
395,fc16f_00001,104,12736.368804542972,bald,2,8593713.459920585
396,fc16f_00001,105,10649.949419906638,bald,2,8593713.459920585
397,fc16f_00001,106,13031.775530520059,bald,2,8593713.459920585
398,fc16f_00001,107,9623.83029401251,bald,2,8593713.459920585
399,fc16f_00001,108,8186.545184325669,bald,2,8593713.459920585
400,fc16f_00001,109,8153.568250295374,bald,2,8593713.459920585
401,fc16f_00001,110,8224.160889032846,bald,2,8593713.459920585
402,fc16f_00001,111,9083.78373711285,bald,2,8593713.459920585
403,fc16f_00001,112,8795.666072612024,bald,2,8593713.459920585
404,fc16f_00001,113,8234.673745507152,bald,2,8593713.459920585
405,fc16f_00001,114,8246.07430343931,bald,2,8593713.459920585
406,fc16f_00001,115,8713.081394008374,bald,2,8593713.459920585
407,fc16f_00001,116,9101.429886114178,bald,2,8593713.459920585
408,fc16f_00001,117,9747.28150156362,bald,2,8593713.459920585
409,fc16f_00001,118,9642.420959071054,bald,2,8593713.459920585
410,fc16f_00001,119,9811.49692076806,bald,2,8593713.459920585
411,fc16f_00001,120,9965.322649445645,bald,2,8593713.459920585
412,fc16f_00001,121,9905.550069926172,bald,2,8593713.459920585
413,fc16f_00001,122,10114.780289225764,bald,2,8593713.459920585
414,fc16f_00001,123,10063.944962924716,bald,2,8593713.459920585
415,fc16f_00001,124,10144.09746296085,bald,2,8593713.459920585
416,fc16f_00001,125,11099.106674338902,bald,2,8593713.459920585
417,fc16f_00001,126,11040.755372207861,bald,2,8593713.459920585
418,fc16f_00001,127,11248.238913038205,bald,2,8593713.459920585
419,fc16f_00001,128,11428.060093309445,bald,2,8593713.459920585
420,fc16f_00001,129,11466.19327005523,bald,2,8593713.459920585
421,fc16f_00001,130,10891.171597718489,bald,2,8593713.459920585
422,fc16f_00001,131,11568.493564278426,bald,2,8593713.459920585
423,fc16f_00001,132,10117.802587106877,bald,2,8593713.459920585
424,fc16f_00001,133,9947.585855588302,bald,2,8593713.459920585
425,fc16f_00001,134,10283.350751076257,bald,2,8593713.459920585
426,fc16f_00001,135,11942.362564234918,bald,2,8593713.459920585
427,fc16f_00001,136,11893.902007615301,bald,2,8593713.459920585
428,fc16f_00001,137,11899.778854278911,bald,2,8593713.459920585
429,fc16f_00001,138,11764.470959856302,bald,2,8593713.459920585
430,fc16f_00001,139,11400.236779921674,bald,2,8593713.459920585
431,fc16f_00001,140,10476.810639233066,bald,2,8593713.459920585
432,fc16f_00001,141,10385.837764279084,bald,2,8593713.459920585
433,fc16f_00001,142,10223.240293723213,bald,2,8593713.459920585
434,fc16f_00001,143,12725.398208292703,bald,2,8593713.459920585
435,fc16f_00001,144,12938.972899157987,bald,2,8593713.459920585
436,fc16f_00001,145,12539.464830202902,bald,2,8593713.459920585
437,fc16f_00001,146,12655.07437221305,bald,2,8593713.459920585
438,fc16f_00001,147,12320.542081787125,bald,2,8593713.459920585
439,fc16f_00001,148,11913.665543249386,bald,2,8593713.459920585
440,fc16f_00001,149,13708.298589964466,bald,2,8593713.459920585
441,fc16f_00001,150,14262.564412700089,bald,2,8593713.459920585
442,fc16f_00001,151,16304.206977609661,bald,2,8593713.459920585
443,fc16f_00001,152,14485.467099833153,bald,2,8593713.459920585
444,fc16f_00001,153,13781.094228779175,bald,2,8593713.459920585
445,fc16f_00001,154,12612.391822038875,bald,2,8593713.459920585
446,fc16f_00001,155,12805.497904045664,bald,2,8593713.459920585
447,fc16f_00001,156,14649.887806754334,bald,2,8593713.459920585
448,fc16f_00001,157,14686.045143080915,bald,2,8593713.459920585
449,fc16f_00001,158,15770.297989178576,bald,2,8593713.459920585
450,fc16f_00001,159,16881.08653508368,bald,2,8593713.459920585
451,fc16f_00001,160,17064.552608492544,bald,2,8593713.459920585
452,fc16f_00001,161,18369.49186715489,bald,2,8593713.459920585
453,fc16f_00001,162,16503.173294023018,bald,2,8593713.459920585
454,fc16f_00001,163,18617.54895953772,bald,2,8593713.459920585
455,fc16f_00001,164,18382.58115175173,bald,2,8593713.459920585
456,fc16f_00001,165,16413.63694229493,bald,2,8593713.459920585
457,fc16f_00001,166,16528.34205820086,bald,2,8593713.459920585
458,fc16f_00001,167,19554.224900703648,bald,2,8593713.459920585
459,fc16f_00001,168,20933.015786172942,bald,2,8593713.459920585
460,fc16f_00001,169,20795.81644130188,bald,2,8593713.459920585
461,fc16f_00001,170,21233.258149973535,bald,2,8593713.459920585
462,fc16f_00001,171,21265.172649388074,bald,2,8593713.459920585
463,fc16f_00001,172,19828.692314800515,bald,2,8593713.459920585
464,fc16f_00001,173,20593.7037852059,bald,2,8593713.459920585
465,fc16f_00001,174,20528.37094539496,bald,2,8593713.459920585
466,fc16f_00001,175,17872.2607356152,bald,2,8593713.459920585
467,fc16f_00001,176,17691.627521826507,bald,2,8593713.459920585
468,fc16f_00001,177,20776.506388530004,bald,2,8593713.459920585
469,fc16f_00001,178,20463.60920844081,bald,2,8593713.459920585
470,fc16f_00001,179,20241.76904741578,bald,2,8593713.459920585
471,fc16f_00001,180,20916.979322274543,bald,2,8593713.459920585
472,fc16f_00001,181,21180.655694685283,bald,2,8593713.459920585
473,fc16f_00001,182,21585.954068452767,bald,2,8593713.459920585
474,fc16f_00001,183,21575.894670971807,bald,2,8593713.459920585
475,fc16f_00001,184,20991.393755802765,bald,2,8593713.459920585
476,fc16f_00001,185,21499.097669626957,bald,2,8593713.459920585
477,fc16f_00001,186,20634.95473247147,bald,2,8593713.459920585
478,fc16f_00001,187,22261.768248552646,bald,2,8593713.459920585
479,fc16f_00001,188,20633.587479367754,bald,2,8593713.459920585
480,fc16f_00001,189,20708.91539495835,bald,2,8593713.459920585
481,fc16f_00001,190,20711.1237447168,bald,2,8593713.459920585
482,fc16f_00001,191,21074.818557449467,bald,2,8593713.459920585
483,fc16f_00001,192,20504.010680519397,bald,2,8593713.459920585
484,fc16f_00001,193,31301.61952754481,bald,2,8593713.459920585
485,fc16f_00001,194,32965.59649656073,bald,2,8593713.459920585
486,fc16f_00001,195,39124.87142832243,bald,2,8593713.459920585
487,fc16f_00001,196,42220.38864959666,bald,2,8593713.459920585
488,fc16f_00001,197,42625.2990694957,bald,2,8593713.459920585
489,fc16f_00001,198,47216.65662155817,bald,2,8593713.459920585
490,fc16f_00001,199,54484.795509404525,bald,2,8593713.459920585
491,fc16f_00001,200,51030.15218497131,bald,2,8593713.459920585
492,fc16f_00001,201,68052.65072617732,bald,2,8593713.459920585
493,fc16f_00001,202,65562.92315025888,bald,2,8593713.459920585
494,fc16f_00001,203,46848.118797264295,bald,2,8593713.459920585
495,fc16f_00001,204,43922.50381258816,bald,2,8593713.459920585
496,fc16f_00001,205,44866.43289421022,bald,2,8593713.459920585
497,fc16f_00001,206,44363.44325773055,bald,2,8593713.459920585
498,fc16f_00001,207,44166.05210927312,bald,2,8593713.459920585
499,fc16f_00001,208,43017.08791299609,bald,2,8593713.459920585
500,fc16f_00001,209,34761.727763528135,bald,2,8593713.459920585
501,fc16f_00001,210,34091.40781603776,bald,2,8593713.459920585
502,fc16f_00001,211,34093.875911106035,bald,2,8593713.459920585
503,fc16f_00001,212,47200.42494125605,bald,2,8593713.459920585
504,fc16f_00001,213,92429.66310928056,bald,2,8593713.459920585
505,fc16f_00001,214,84662.5720062992,bald,2,8593713.459920585
506,fc16f_00001,215,88580.86119197344,bald,2,8593713.459920585
507,fc16f_00001,216,77092.64770795297,bald,2,8593713.459920585
508,fc16f_00001,217,60104.44716062391,bald,2,8593713.459920585
509,fc16f_00001,218,61008.723486831375,bald,2,8593713.459920585
510,fc16f_00001,219,69305.02177245662,bald,2,8593713.459920585
511,fc16f_00001,220,69222.84668698601,bald,2,8593713.459920585
512,fc16f_00001,221,80320.11411410307,bald,2,8593713.459920585
513,fc16f_00001,222,80245.66084541318,bald,2,8593713.459920585
514,fc16f_00001,223,91980.60716688726,bald,2,8593713.459920585
515,fc16f_00001,224,84048.54852379586,bald,2,8593713.459920585
516,fc16f_00001,225,104757.39869448823,bald,2,8593713.459920585
517,fc16f_00001,226,118091.01811814563,bald,2,8593713.459920585
518,fc16f_00001,227,119531.15596213432,bald,2,8593713.459920585
519,fc16f_00001,228,125649.18707892693,bald,2,8593713.459920585
520,fc16f_00001,229,109766.89078377649,bald,2,8593713.459920585
521,fc16f_00001,230,118655.28288360186,bald,2,8593713.459920585
522,fc16f_00001,231,121458.20203769373,bald,2,8593713.459920585
523,fc16f_00001,232,120297.34445641126,bald,2,8593713.459920585
524,fc16f_00001,233,113915.89022771837,bald,2,8593713.459920585
525,fc16f_00001,234,139280.75007848963,bald,2,8593713.459920585
526,fc16f_00001,235,125527.91251472784,bald,2,8593713.459920585
527,fc16f_00001,236,161657.40609758615,bald,2,8593713.459920585
528,fc16f_00001,237,95135.18227981936,bald,2,8593713.459920585
529,fc16f_00001,238,82352.07828224078,bald,2,8593713.459920585
530,fc16f_00001,239,80723.72845786763,bald,2,8593713.459920585
531,fc16f_00001,240,80713.61598296302,bald,2,8593713.459920585
532,fc16f_00001,241,79070.51365833367,bald,2,8593713.459920585
533,fc16f_00001,242,65665.20716496113,bald,2,8593713.459920585
534,fc16f_00001,243,58661.096013396855,bald,2,8593713.459920585
535,fc16f_00001,244,62063.357535242365,bald,2,8593713.459920585
536,fc16f_00001,245,61950.25981493303,bald,2,8593713.459920585
537,fc16f_00001,246,52061.467237419936,bald,2,8593713.459920585
538,fc16f_00001,247,52166.690209117325,bald,2,8593713.459920585
539,fc16f_00001,248,51461.75040971462,bald,2,8593713.459920585
540,fc16f_00001,249,55116.91570059971,bald,2,8593713.459920585
541,fc16f_00001,250,58311.74972426955,bald,2,8593713.459920585
542,fc16f_00001,251,66667.67077772938,bald,2,8593713.459920585
543,fc16f_00001,252,66895.37740121206,bald,2,8593713.459920585
544,fc16f_00001,253,50771.86204694049,bald,2,8593713.459920585
545,fc16f_00001,254,62090.514877457244,bald,2,8593713.459920585
546,fc16f_00001,255,60746.796545026824,bald,2,8593713.459920585
547,fc16f_00001,256,56182.676620331105,bald,2,8593713.459920585
548,fc16f_00001,257,59477.97524767471,bald,2,8593713.459920585
549,fc16f_00001,258,48949.76350344438,bald,2,8593713.459920585
550,fc16f_00001,259,48337.50421898426,bald,2,8593713.459920585
551,fc16f_00001,260,51894.383480829376,bald,2,8593713.459920585
552,fc16f_00001,261,49004.521695192634,bald,2,8593713.459920585
553,fc16f_00001,262,60079.80294464425,bald,2,8593713.459920585
554,fc16f_00001,263,60785.6275164126,bald,2,8593713.459920585
555,fc16f_00001,264,60806.37309276432,bald,2,8593713.459920585
556,fc16f_00001,265,60416.270395391766,bald,2,8593713.459920585
557,fc16f_00001,266,59995.85584999141,bald,2,8593713.459920585
558,fc16f_00001,267,60642.54605453025,bald,2,8593713.459920585
559,fc16f_00001,268,51220.691502712194,bald,2,8593713.459920585
560,fc16f_00001,269,52387.72917093648,bald,2,8593713.459920585
561,fc16f_00001,270,52456.00523772694,bald,2,8593713.459920585
562,fc16f_00001,271,51493.81959073648,bald,2,8593713.459920585
563,fc16f_00001,272,57141.831282143656,bald,2,8593713.459920585
564,fc16f_00001,273,52750.71648772561,bald,2,8593713.459920585
565,fc16f_00001,274,52728.78609878506,bald,2,8593713.459920585
566,fc16f_00001,275,52765.436056434664,bald,2,8593713.459920585
567,fc16f_00001,276,48813.52785382918,bald,2,8593713.459920585
568,fc16f_00001,277,49783.62416414182,bald,2,8593713.459920585
569,fc16f_00001,278,50323.07776970063,bald,2,8593713.459920585
570,fc16f_00001,279,48291.96585521101,bald,2,8593713.459920585
571,fc16f_00001,280,56535.40309975057,bald,2,8593713.459920585
572,fc16f_00001,281,58006.10062297084,bald,2,8593713.459920585
573,fc16f_00001,282,57984.01572129749,bald,2,8593713.459920585
574,fc16f_00001,283,57094.00344545637,bald,2,8593713.459920585
575,fc16f_00001,284,57030.91775212964,bald,2,8593713.459920585
576,fc16f_00001,285,58700.0552783984,bald,2,8593713.459920585
577,fc16f_00001,286,59559.49796036318,bald,2,8593713.459920585
578,fc16f_00001,287,65976.58626159282,bald,2,8593713.459920585
579,fc16f_00001,288,64310.68349720872,bald,2,8593713.459920585
580,fc16f_00001,289,65277.521474218454,bald,2,8593713.459920585
581,fc16f_00001,290,65363.00864980249,bald,2,8593713.459920585
582,fc16f_00002,0,16949.55331308599,bald,3,9853625.997746915
583,fc16f_00002,1,17540.336635938766,bald,3,9853625.997746915
584,fc16f_00002,2,6482.072304816565,bald,3,9853625.997746915
585,fc16f_00002,3,6483.683970379373,bald,3,9853625.997746915
586,fc16f_00002,4,6617.037298861043,bald,3,9853625.997746915
587,fc16f_00002,5,6307.795379098563,bald,3,9853625.997746915
588,fc16f_00002,6,6874.300072803269,bald,3,9853625.997746915
589,fc16f_00002,7,6735.683592717038,bald,3,9853625.997746915
590,fc16f_00002,8,6582.8369917319305,bald,3,9853625.997746915
591,fc16f_00002,9,5855.697840869904,bald,3,9853625.997746915
592,fc16f_00002,10,5508.563305096573,bald,3,9853625.997746915
593,fc16f_00002,11,5185.431692165968,bald,3,9853625.997746915
594,fc16f_00002,12,5526.781956242014,bald,3,9853625.997746915
595,fc16f_00002,13,6165.435245887897,bald,3,9853625.997746915
596,fc16f_00002,14,6252.764086247251,bald,3,9853625.997746915
597,fc16f_00002,15,6733.521070171073,bald,3,9853625.997746915
598,fc16f_00002,16,5449.416467570155,bald,3,9853625.997746915
599,fc16f_00002,17,5466.649184339315,bald,3,9853625.997746915
600,fc16f_00002,18,5667.451342752633,bald,3,9853625.997746915
601,fc16f_00002,19,5639.096951935689,bald,3,9853625.997746915
602,fc16f_00002,20,5665.124294145304,bald,3,9853625.997746915
603,fc16f_00002,21,5700.672280721247,bald,3,9853625.997746915
604,fc16f_00002,22,5262.622913913694,bald,3,9853625.997746915
605,fc16f_00002,23,5238.562063654663,bald,3,9853625.997746915
606,fc16f_00002,24,5260.040364694509,bald,3,9853625.997746915
607,fc16f_00002,25,5094.49122433455,bald,3,9853625.997746915
608,fc16f_00002,26,4886.371568799225,bald,3,9853625.997746915
609,fc16f_00002,27,5077.591156248224,bald,3,9853625.997746915
610,fc16f_00002,28,5021.054250712156,bald,3,9853625.997746915
611,fc16f_00002,29,4933.478483162443,bald,3,9853625.997746915
612,fc16f_00002,30,4946.358219393725,bald,3,9853625.997746915
613,fc16f_00002,31,4924.764440573127,bald,3,9853625.997746915
614,fc16f_00002,32,8495.839791852868,bald,3,9853625.997746915
615,fc16f_00002,33,8811.200058654684,bald,3,9853625.997746915
616,fc16f_00002,34,9140.531988707913,bald,3,9853625.997746915
617,fc16f_00002,35,9568.673751892178,bald,3,9853625.997746915
618,fc16f_00002,36,9072.46000152906,bald,3,9853625.997746915
619,fc16f_00002,37,9167.875041673657,bald,3,9853625.997746915
620,fc16f_00002,38,9174.86884581766,bald,3,9853625.997746915
621,fc16f_00002,39,6952.618260946947,bald,3,9853625.997746915
622,fc16f_00002,40,6895.742712659016,bald,3,9853625.997746915
623,fc16f_00002,41,7422.052398732144,bald,3,9853625.997746915
624,fc16f_00002,42,9001.213922913441,bald,3,9853625.997746915
625,fc16f_00002,43,10513.462718391931,bald,3,9853625.997746915
626,fc16f_00002,44,10558.177490725748,bald,3,9853625.997746915
627,fc16f_00002,45,9208.23948069463,bald,3,9853625.997746915
628,fc16f_00002,46,9267.466525787358,bald,3,9853625.997746915
629,fc16f_00002,47,8907.153403880082,bald,3,9853625.997746915
630,fc16f_00002,48,8843.862440160294,bald,3,9853625.997746915
631,fc16f_00002,49,8248.459944758944,bald,3,9853625.997746915
632,fc16f_00002,50,7228.678846912965,bald,3,9853625.997746915
633,fc16f_00002,51,7272.918376977269,bald,3,9853625.997746915
634,fc16f_00002,52,7226.092014685561,bald,3,9853625.997746915
635,fc16f_00002,53,7548.163421779143,bald,3,9853625.997746915
636,fc16f_00002,54,7494.604319739968,bald,3,9853625.997746915
637,fc16f_00002,55,7333.075899452221,bald,3,9853625.997746915
638,fc16f_00002,56,7551.715317984888,bald,3,9853625.997746915
639,fc16f_00002,57,7545.186672364549,bald,3,9853625.997746915
640,fc16f_00002,58,7551.069398187982,bald,3,9853625.997746915
641,fc16f_00002,59,7432.537816944554,bald,3,9853625.997746915
642,fc16f_00002,60,7568.909540227093,bald,3,9853625.997746915
643,fc16f_00002,61,7409.265707889627,bald,3,9853625.997746915
644,fc16f_00002,62,7682.019177893069,bald,3,9853625.997746915
645,fc16f_00002,63,7481.063815992635,bald,3,9853625.997746915
646,fc16f_00002,64,7256.552086587866,bald,3,9853625.997746915
647,fc16f_00002,65,6413.112767985992,bald,3,9853625.997746915
648,fc16f_00002,66,6169.353913443146,bald,3,9853625.997746915
649,fc16f_00002,67,6558.329205098009,bald,3,9853625.997746915
650,fc16f_00002,68,7007.8984542558155,bald,3,9853625.997746915
651,fc16f_00002,69,7269.555310777205,bald,3,9853625.997746915
652,fc16f_00002,70,7136.104597872829,bald,3,9853625.997746915
653,fc16f_00002,71,7647.891584700573,bald,3,9853625.997746915
654,fc16f_00002,72,7715.828624610952,bald,3,9853625.997746915
655,fc16f_00002,73,7782.284773978684,bald,3,9853625.997746915
656,fc16f_00002,74,7657.5660015452795,bald,3,9853625.997746915
657,fc16f_00002,75,7923.551158429469,bald,3,9853625.997746915
658,fc16f_00002,76,8133.96126045669,bald,3,9853625.997746915
659,fc16f_00002,77,8481.54867728521,bald,3,9853625.997746915
660,fc16f_00002,78,9205.428944579131,bald,3,9853625.997746915
661,fc16f_00002,79,9234.748743442078,bald,3,9853625.997746915
662,fc16f_00002,80,9991.827501280884,bald,3,9853625.997746915
663,fc16f_00002,81,10200.2787990085,bald,3,9853625.997746915
664,fc16f_00002,82,10518.464726068829,bald,3,9853625.997746915
665,fc16f_00002,83,10865.884934129786,bald,3,9853625.997746915
666,fc16f_00002,84,10409.232243528892,bald,3,9853625.997746915
667,fc16f_00002,85,10103.21148390921,bald,3,9853625.997746915
668,fc16f_00002,86,12835.76560343137,bald,3,9853625.997746915
669,fc16f_00002,87,12838.113047076207,bald,3,9853625.997746915
670,fc16f_00002,88,12761.308392589033,bald,3,9853625.997746915
671,fc16f_00002,89,14297.325148013211,bald,3,9853625.997746915
672,fc16f_00002,90,14315.027698531847,bald,3,9853625.997746915
673,fc16f_00002,91,14464.25134430214,bald,3,9853625.997746915
674,fc16f_00002,92,14543.289537503531,bald,3,9853625.997746915
675,fc16f_00002,93,14771.290100532233,bald,3,9853625.997746915
676,fc16f_00002,94,13395.746962502448,bald,3,9853625.997746915
677,fc16f_00002,95,13456.677143257428,bald,3,9853625.997746915
678,fc16f_00002,96,14430.787969990548,bald,3,9853625.997746915
679,fc16f_00002,97,13416.986023927357,bald,3,9853625.997746915
680,fc16f_00002,98,12967.845527511558,bald,3,9853625.997746915
681,fc16f_00002,99,12767.692095902365,bald,3,9853625.997746915
682,fc16f_00002,100,12767.194024618053,bald,3,9853625.997746915
683,fc16f_00002,101,12841.760836953315,bald,3,9853625.997746915
684,fc16f_00002,102,12633.831579952415,bald,3,9853625.997746915
685,fc16f_00002,103,12393.16837995166,bald,3,9853625.997746915
686,fc16f_00002,104,12301.34110410548,bald,3,9853625.997746915
687,fc16f_00002,105,12056.45461848272,bald,3,9853625.997746915
688,fc16f_00002,106,12909.595114974623,bald,3,9853625.997746915
689,fc16f_00002,107,12830.045575688775,bald,3,9853625.997746915
690,fc16f_00002,108,12880.186743337426,bald,3,9853625.997746915
691,fc16f_00002,109,13264.656455981256,bald,3,9853625.997746915
692,fc16f_00002,110,13099.938704052714,bald,3,9853625.997746915
693,fc16f_00002,111,13123.046849554381,bald,3,9853625.997746915
694,fc16f_00002,112,12915.58572979863,bald,3,9853625.997746915
695,fc16f_00002,113,12716.17343692395,bald,3,9853625.997746915
696,fc16f_00002,114,12779.73557676812,bald,3,9853625.997746915
697,fc16f_00002,115,12599.611546874994,bald,3,9853625.997746915
698,fc16f_00002,116,12692.810459383922,bald,3,9853625.997746915
699,fc16f_00002,117,12671.392846928795,bald,3,9853625.997746915
700,fc16f_00002,118,12538.276997200868,bald,3,9853625.997746915
701,fc16f_00002,119,12351.621132828801,bald,3,9853625.997746915
702,fc16f_00002,120,12730.025281674072,bald,3,9853625.997746915
703,fc16f_00002,121,12645.644190545558,bald,3,9853625.997746915
704,fc16f_00002,122,13061.84835664973,bald,3,9853625.997746915
705,fc16f_00002,123,11717.050310249782,bald,3,9853625.997746915
706,fc16f_00002,124,11524.591452555358,bald,3,9853625.997746915
707,fc16f_00002,125,11451.418411411178,bald,3,9853625.997746915
708,fc16f_00002,126,14605.562596585529,bald,3,9853625.997746915
709,fc16f_00002,127,18100.267273523383,bald,3,9853625.997746915
710,fc16f_00002,128,18689.685333114896,bald,3,9853625.997746915
711,fc16f_00002,129,17802.204593543313,bald,3,9853625.997746915
712,fc16f_00002,130,18415.573701394187,bald,3,9853625.997746915
713,fc16f_00002,131,18301.419848636157,bald,3,9853625.997746915
714,fc16f_00002,132,18113.732945755248,bald,3,9853625.997746915
715,fc16f_00002,133,19720.013994199267,bald,3,9853625.997746915
716,fc16f_00002,134,19791.86237473685,bald,3,9853625.997746915
717,fc16f_00002,135,18968.989254369793,bald,3,9853625.997746915
718,fc16f_00002,136,19536.78283396726,bald,3,9853625.997746915
719,fc16f_00002,137,19884.996199686357,bald,3,9853625.997746915
720,fc16f_00002,138,19710.56520377446,bald,3,9853625.997746915
721,fc16f_00002,139,21838.1443618699,bald,3,9853625.997746915
722,fc16f_00002,140,21996.835401617394,bald,3,9853625.997746915
723,fc16f_00002,141,22417.77704243678,bald,3,9853625.997746915
724,fc16f_00002,142,19465.68699551848,bald,3,9853625.997746915
725,fc16f_00002,143,18959.869069894878,bald,3,9853625.997746915
726,fc16f_00002,144,18699.137525274746,bald,3,9853625.997746915
727,fc16f_00002,145,19081.79132019501,bald,3,9853625.997746915
728,fc16f_00002,146,20268.779220321052,bald,3,9853625.997746915
729,fc16f_00002,147,19465.688138667912,bald,3,9853625.997746915
730,fc16f_00002,148,19502.533148923078,bald,3,9853625.997746915
731,fc16f_00002,149,19747.01627338883,bald,3,9853625.997746915
732,fc16f_00002,150,19627.884987774698,bald,3,9853625.997746915
733,fc16f_00002,151,20306.37363019566,bald,3,9853625.997746915
734,fc16f_00002,152,20141.39698325734,bald,3,9853625.997746915
735,fc16f_00002,153,20231.158976347393,bald,3,9853625.997746915
736,fc16f_00002,154,18498.881903073634,bald,3,9853625.997746915
737,fc16f_00002,155,19454.106088758566,bald,3,9853625.997746915
738,fc16f_00002,156,19413.17882290945,bald,3,9853625.997746915
739,fc16f_00002,157,19844.56251875775,bald,3,9853625.997746915
740,fc16f_00002,158,19815.432898358646,bald,3,9853625.997746915
741,fc16f_00002,159,19099.275987488734,bald,3,9853625.997746915
742,fc16f_00002,160,19833.53293921356,bald,3,9853625.997746915
743,fc16f_00002,161,19847.78460884427,bald,3,9853625.997746915
744,fc16f_00002,162,19144.099385033696,bald,3,9853625.997746915
745,fc16f_00002,163,20580.604689407766,bald,3,9853625.997746915
746,fc16f_00002,164,20536.70006089088,bald,3,9853625.997746915
747,fc16f_00002,165,22068.438107878574,bald,3,9853625.997746915
748,fc16f_00002,166,21736.074300583805,bald,3,9853625.997746915
749,fc16f_00002,167,23436.614998465957,bald,3,9853625.997746915
750,fc16f_00002,168,25780.829654730176,bald,3,9853625.997746915
751,fc16f_00002,169,26752.07717335061,bald,3,9853625.997746915
752,fc16f_00002,170,31158.901590369846,bald,3,9853625.997746915
753,fc16f_00002,171,33578.75785606625,bald,3,9853625.997746915
754,fc16f_00002,172,33560.27616517032,bald,3,9853625.997746915
755,fc16f_00002,173,33838.81839570684,bald,3,9853625.997746915
756,fc16f_00002,174,33320.55981178256,bald,3,9853625.997746915
757,fc16f_00002,175,34787.09171602067,bald,3,9853625.997746915
758,fc16f_00002,176,34434.64976878573,bald,3,9853625.997746915
759,fc16f_00002,177,32694.726584803477,bald,3,9853625.997746915
760,fc16f_00002,178,24734.16760851709,bald,3,9853625.997746915
761,fc16f_00002,179,24661.667669587307,bald,3,9853625.997746915
762,fc16f_00002,180,25079.2734602502,bald,3,9853625.997746915
763,fc16f_00002,181,24940.973622069807,bald,3,9853625.997746915
764,fc16f_00002,182,24913.219503835287,bald,3,9853625.997746915
765,fc16f_00002,183,24936.79707671976,bald,3,9853625.997746915
766,fc16f_00002,184,25178.374855147737,bald,3,9853625.997746915
767,fc16f_00002,185,23677.230282584373,bald,3,9853625.997746915
768,fc16f_00002,186,28732.50817467956,bald,3,9853625.997746915
769,fc16f_00002,187,28929.40951794141,bald,3,9853625.997746915
770,fc16f_00002,188,29032.582282336447,bald,3,9853625.997746915
771,fc16f_00002,189,29289.58686983632,bald,3,9853625.997746915
772,fc16f_00002,190,33914.36100606949,bald,3,9853625.997746915
773,fc16f_00002,191,36556.573098639295,bald,3,9853625.997746915
774,fc16f_00002,192,36525.623502774026,bald,3,9853625.997746915
775,fc16f_00002,193,36189.54923670866,bald,3,9853625.997746915
776,fc16f_00002,194,37623.21716376016,bald,3,9853625.997746915
777,fc16f_00002,195,44130.672255091114,bald,3,9853625.997746915
778,fc16f_00002,196,48651.37388863663,bald,3,9853625.997746915
779,fc16f_00002,197,49697.72036159061,bald,3,9853625.997746915
780,fc16f_00002,198,53639.87683884333,bald,3,9853625.997746915
781,fc16f_00002,199,50503.38208847118,bald,3,9853625.997746915
782,fc16f_00002,200,47807.0460164457,bald,3,9853625.997746915
783,fc16f_00002,201,48327.89978140696,bald,3,9853625.997746915
784,fc16f_00002,202,48311.251410025194,bald,3,9853625.997746915
785,fc16f_00002,203,47476.429466450376,bald,3,9853625.997746915
786,fc16f_00002,204,47330.94243192846,bald,3,9853625.997746915
787,fc16f_00002,205,45739.163304085916,bald,3,9853625.997746915
788,fc16f_00002,206,45996.391889745064,bald,3,9853625.997746915
789,fc16f_00002,207,46915.49572870145,bald,3,9853625.997746915
790,fc16f_00002,208,45919.48210982476,bald,3,9853625.997746915
791,fc16f_00002,209,46455.56473320755,bald,3,9853625.997746915
792,fc16f_00002,210,54155.543644271915,bald,3,9853625.997746915
793,fc16f_00002,211,56022.5268384768,bald,3,9853625.997746915
794,fc16f_00002,212,57960.740589154084,bald,3,9853625.997746915
795,fc16f_00002,213,56968.962750989784,bald,3,9853625.997746915
796,fc16f_00002,214,52035.82032116924,bald,3,9853625.997746915
797,fc16f_00002,215,51818.26224178058,bald,3,9853625.997746915
798,fc16f_00002,216,51160.76797525236,bald,3,9853625.997746915
799,fc16f_00002,217,56854.84806846599,bald,3,9853625.997746915
800,fc16f_00002,218,60228.626282724144,bald,3,9853625.997746915
801,fc16f_00002,219,64764.517081004735,bald,3,9853625.997746915
802,fc16f_00002,220,68433.43391823492,bald,3,9853625.997746915
803,fc16f_00002,221,68249.1750511842,bald,3,9853625.997746915
804,fc16f_00002,222,65880.79260864726,bald,3,9853625.997746915
805,fc16f_00002,223,66135.0957853187,bald,3,9853625.997746915
806,fc16f_00002,224,68233.85252190073,bald,3,9853625.997746915
807,fc16f_00002,225,68145.9269621265,bald,3,9853625.997746915
808,fc16f_00002,226,56808.59778063394,bald,3,9853625.997746915
809,fc16f_00002,227,61080.77478345627,bald,3,9853625.997746915
810,fc16f_00002,228,63719.93287778486,bald,3,9853625.997746915
811,fc16f_00002,229,64411.465748630006,bald,3,9853625.997746915
812,fc16f_00002,230,61459.12884616648,bald,3,9853625.997746915
813,fc16f_00002,231,65888.28932148531,bald,3,9853625.997746915
814,fc16f_00002,232,66740.49228209768,bald,3,9853625.997746915
815,fc16f_00002,233,66231.28110312289,bald,3,9853625.997746915
816,fc16f_00002,234,66451.67630316825,bald,3,9853625.997746915
817,fc16f_00002,235,66781.14891184424,bald,3,9853625.997746915
818,fc16f_00002,236,72721.83039121104,bald,3,9853625.997746915
819,fc16f_00002,237,72204.9326246671,bald,3,9853625.997746915
820,fc16f_00002,238,78403.55292824571,bald,3,9853625.997746915
821,fc16f_00002,239,82109.73272241325,bald,3,9853625.997746915
822,fc16f_00002,240,90612.61183507346,bald,3,9853625.997746915
823,fc16f_00002,241,93454.38767983354,bald,3,9853625.997746915
824,fc16f_00002,242,92422.24786271673,bald,3,9853625.997746915
825,fc16f_00002,243,95965.63846839836,bald,3,9853625.997746915
826,fc16f_00002,244,94940.40952998931,bald,3,9853625.997746915
827,fc16f_00002,245,95636.60852260074,bald,3,9853625.997746915
828,fc16f_00002,246,86772.64616014222,bald,3,9853625.997746915
829,fc16f_00002,247,93001.81894061436,bald,3,9853625.997746915
830,fc16f_00002,248,98101.53928365842,bald,3,9853625.997746915
831,fc16f_00002,249,97280.59053836369,bald,3,9853625.997746915
832,fc16f_00002,250,107853.65539195454,bald,3,9853625.997746915
833,fc16f_00002,251,106673.95428967616,bald,3,9853625.997746915
834,fc16f_00002,252,101858.13181217125,bald,3,9853625.997746915
835,fc16f_00002,253,102657.1484328091,bald,3,9853625.997746915
836,fc16f_00002,254,102591.48580276039,bald,3,9853625.997746915
837,fc16f_00002,255,93134.29077401417,bald,3,9853625.997746915
838,fc16f_00002,256,93349.0571297051,bald,3,9853625.997746915
839,fc16f_00002,257,93030.8806262344,bald,3,9853625.997746915
840,fc16f_00002,258,92815.31304951033,bald,3,9853625.997746915
841,fc16f_00002,259,91442.88189072449,bald,3,9853625.997746915
842,fc16f_00002,260,84389.64289580038,bald,3,9853625.997746915
843,fc16f_00002,261,92543.85649674638,bald,3,9853625.997746915
844,fc16f_00002,262,91654.21028027809,bald,3,9853625.997746915
845,fc16f_00002,263,90460.74759758319,bald,3,9853625.997746915
846,fc16f_00002,264,92487.2907598301,bald,3,9853625.997746915
847,fc16f_00002,265,86342.21085616175,bald,3,9853625.997746915
848,fc16f_00002,266,87629.43662998,bald,3,9853625.997746915
849,fc16f_00002,267,89892.98070927362,bald,3,9853625.997746915
850,fc16f_00002,268,89734.99805344603,bald,3,9853625.997746915
851,fc16f_00002,269,91137.15169751065,bald,3,9853625.997746915
852,fc16f_00002,270,87318.08356483659,bald,3,9853625.997746915
853,fc16f_00002,271,92225.19458601656,bald,3,9853625.997746915
854,fc16f_00002,272,81254.60714303354,bald,3,9853625.997746915
855,fc16f_00002,273,80818.29064707586,bald,3,9853625.997746915
856,fc16f_00002,274,79722.19049240756,bald,3,9853625.997746915
857,fc16f_00002,275,76249.55185983035,bald,3,9853625.997746915
858,fc16f_00002,276,76506.82886595953,bald,3,9853625.997746915
859,fc16f_00002,277,73076.42168469881,bald,3,9853625.997746915
860,fc16f_00002,278,74655.80561465965,bald,3,9853625.997746915
861,fc16f_00002,279,77282.31246461807,bald,3,9853625.997746915
862,fc16f_00002,280,77069.88894077363,bald,3,9853625.997746915
863,fc16f_00002,281,76273.72932378067,bald,3,9853625.997746915
864,fc16f_00002,282,73616.18088412004,bald,3,9853625.997746915
865,fc16f_00002,283,76981.02885972444,bald,3,9853625.997746915
866,fc16f_00002,284,74400.26933088664,bald,3,9853625.997746915
867,fc16f_00002,285,75381.87310681341,bald,3,9853625.997746915
868,fc16f_00002,286,74481.35988787038,bald,3,9853625.997746915
869,fc16f_00002,287,78837.913845255,bald,3,9853625.997746915
870,fc16f_00002,288,76401.29065774915,bald,3,9853625.997746915
871,fc16f_00002,289,78100.46828041972,bald,3,9853625.997746915
872,fc16f_00002,290,78080.50286607529,bald,3,9853625.997746915
873,fc16f_00003,0,12661.617035255267,bald,4,7053773.043242982
874,fc16f_00003,1,12019.624643994062,bald,4,7053773.043242982
875,fc16f_00003,2,9296.634822285216,bald,4,7053773.043242982
876,fc16f_00003,3,7814.521533109261,bald,4,7053773.043242982
877,fc16f_00003,4,7908.4814169168285,bald,4,7053773.043242982
878,fc16f_00003,5,8448.61418097921,bald,4,7053773.043242982
879,fc16f_00003,6,8573.590494536522,bald,4,7053773.043242982
880,fc16f_00003,7,8360.478553114137,bald,4,7053773.043242982
881,fc16f_00003,8,7835.74526877595,bald,4,7053773.043242982
882,fc16f_00003,9,7164.273377487221,bald,4,7053773.043242982
883,fc16f_00003,10,6883.798803565043,bald,4,7053773.043242982
884,fc16f_00003,11,7700.1579848011515,bald,4,7053773.043242982
885,fc16f_00003,12,7933.693178615779,bald,4,7053773.043242982
886,fc16f_00003,13,8645.967518748606,bald,4,7053773.043242982
887,fc16f_00003,14,8550.051833688687,bald,4,7053773.043242982
888,fc16f_00003,15,8837.871597537785,bald,4,7053773.043242982
889,fc16f_00003,16,8831.815603225943,bald,4,7053773.043242982
890,fc16f_00003,17,7469.0710424984545,bald,4,7053773.043242982
891,fc16f_00003,18,7311.750935973698,bald,4,7053773.043242982
892,fc16f_00003,19,7199.383887353913,bald,4,7053773.043242982
893,fc16f_00003,20,5633.53837888085,bald,4,7053773.043242982
894,fc16f_00003,21,5227.897231486772,bald,4,7053773.043242982
895,fc16f_00003,22,5622.41094386113,bald,4,7053773.043242982
896,fc16f_00003,23,5727.719037024366,bald,4,7053773.043242982
897,fc16f_00003,24,6164.51847306721,bald,4,7053773.043242982
898,fc16f_00003,25,6385.058214116358,bald,4,7053773.043242982
899,fc16f_00003,26,6609.193612497215,bald,4,7053773.043242982
900,fc16f_00003,27,6328.068356210744,bald,4,7053773.043242982
901,fc16f_00003,28,6502.943122382952,bald,4,7053773.043242982
902,fc16f_00003,29,6664.732887833819,bald,4,7053773.043242982
903,fc16f_00003,30,6615.205675507942,bald,4,7053773.043242982
904,fc16f_00003,31,6480.96069991004,bald,4,7053773.043242982
905,fc16f_00003,32,6419.7507263123225,bald,4,7053773.043242982
906,fc16f_00003,33,6321.7962119227195,bald,4,7053773.043242982
907,fc16f_00003,34,6485.931261418078,bald,4,7053773.043242982
908,fc16f_00003,35,6508.0867377038285,bald,4,7053773.043242982
909,fc16f_00003,36,9014.415635630245,bald,4,7053773.043242982
910,fc16f_00003,37,9818.21738262367,bald,4,7053773.043242982
911,fc16f_00003,38,9512.86974040673,bald,4,7053773.043242982
912,fc16f_00003,39,9672.720434778514,bald,4,7053773.043242982
913,fc16f_00003,40,8022.424871823462,bald,4,7053773.043242982
914,fc16f_00003,41,6602.887646021413,bald,4,7053773.043242982
915,fc16f_00003,42,6456.244018087124,bald,4,7053773.043242982
916,fc16f_00003,43,6091.421210650225,bald,4,7053773.043242982
917,fc16f_00003,44,5997.797310828048,bald,4,7053773.043242982
918,fc16f_00003,45,6712.403056261087,bald,4,7053773.043242982
919,fc16f_00003,46,6733.449621865459,bald,4,7053773.043242982
920,fc16f_00003,47,7700.341653444362,bald,4,7053773.043242982
921,fc16f_00003,48,7751.638934438588,bald,4,7053773.043242982
922,fc16f_00003,49,7322.979140085727,bald,4,7053773.043242982
923,fc16f_00003,50,7327.797740481067,bald,4,7053773.043242982
924,fc16f_00003,51,7438.558072022367,bald,4,7053773.043242982
925,fc16f_00003,52,7250.598035488354,bald,4,7053773.043242982
926,fc16f_00003,53,6148.370989779481,bald,4,7053773.043242982
927,fc16f_00003,54,5962.108722289355,bald,4,7053773.043242982
928,fc16f_00003,55,5868.170273484056,bald,4,7053773.043242982
929,fc16f_00003,56,7110.079327159737,bald,4,7053773.043242982
930,fc16f_00003,57,7067.234401163366,bald,4,7053773.043242982
931,fc16f_00003,58,6959.802357182873,bald,4,7053773.043242982
932,fc16f_00003,59,6949.171006311975,bald,4,7053773.043242982
933,fc16f_00003,60,6971.727018708044,bald,4,7053773.043242982
934,fc16f_00003,61,7062.760583108797,bald,4,7053773.043242982
935,fc16f_00003,62,6961.0248257839,bald,4,7053773.043242982
936,fc16f_00003,63,6993.934686112281,bald,4,7053773.043242982
937,fc16f_00003,64,6565.01461909145,bald,4,7053773.043242982
938,fc16f_00003,65,6536.028795728603,bald,4,7053773.043242982
939,fc16f_00003,66,6715.685586476164,bald,4,7053773.043242982
940,fc16f_00003,67,6352.958568955132,bald,4,7053773.043242982
941,fc16f_00003,68,6265.140145593206,bald,4,7053773.043242982
942,fc16f_00003,69,6291.21524106149,bald,4,7053773.043242982
943,fc16f_00003,70,6213.749763878191,bald,4,7053773.043242982
944,fc16f_00003,71,6323.560059168878,bald,4,7053773.043242982
945,fc16f_00003,72,6653.128912701942,bald,4,7053773.043242982
946,fc16f_00003,73,6708.4986433581,bald,4,7053773.043242982
947,fc16f_00003,74,6786.408043262356,bald,4,7053773.043242982
948,fc16f_00003,75,8779.957016938788,bald,4,7053773.043242982
949,fc16f_00003,76,8415.19951827031,bald,4,7053773.043242982
950,fc16f_00003,77,9115.374284937514,bald,4,7053773.043242982
951,fc16f_00003,78,9089.28407607653,bald,4,7053773.043242982
952,fc16f_00003,79,9294.142711350061,bald,4,7053773.043242982
953,fc16f_00003,80,9239.07183985589,bald,4,7053773.043242982
954,fc16f_00003,81,9288.268346888806,bald,4,7053773.043242982
955,fc16f_00003,82,9402.467649521815,bald,4,7053773.043242982
956,fc16f_00003,83,9426.320911837369,bald,4,7053773.043242982
957,fc16f_00003,84,8725.593162816684,bald,4,7053773.043242982
958,fc16f_00003,85,8323.348095889738,bald,4,7053773.043242982
959,fc16f_00003,86,8334.661375848991,bald,4,7053773.043242982
960,fc16f_00003,87,8024.700981631616,bald,4,7053773.043242982
961,fc16f_00003,88,8731.212855452397,bald,4,7053773.043242982
962,fc16f_00003,89,8992.242619699762,bald,4,7053773.043242982
963,fc16f_00003,90,8908.309258384172,bald,4,7053773.043242982
964,fc16f_00003,91,8664.006689436032,bald,4,7053773.043242982
965,fc16f_00003,92,8378.044258481603,bald,4,7053773.043242982
966,fc16f_00003,93,8387.77536631808,bald,4,7053773.043242982
967,fc16f_00003,94,8502.97357632703,bald,4,7053773.043242982
968,fc16f_00003,95,7940.54453627063,bald,4,7053773.043242982
969,fc16f_00003,96,7283.1579124676855,bald,4,7053773.043242982
970,fc16f_00003,97,7235.594250347327,bald,4,7053773.043242982
971,fc16f_00003,98,6968.870214795972,bald,4,7053773.043242982
972,fc16f_00003,99,8471.488383378926,bald,4,7053773.043242982
973,fc16f_00003,100,8506.397997324366,bald,4,7053773.043242982
974,fc16f_00003,101,7493.339295502723,bald,4,7053773.043242982
975,fc16f_00003,102,7250.148560715298,bald,4,7053773.043242982
976,fc16f_00003,103,7359.2070741997795,bald,4,7053773.043242982
977,fc16f_00003,104,7306.440908764609,bald,4,7053773.043242982
978,fc16f_00003,105,7442.417357855256,bald,4,7053773.043242982
979,fc16f_00003,106,7454.015237061741,bald,4,7053773.043242982
980,fc16f_00003,107,7438.844904848703,bald,4,7053773.043242982
981,fc16f_00003,108,7435.5402821026855,bald,4,7053773.043242982
982,fc16f_00003,109,7310.629167305448,bald,4,7053773.043242982
983,fc16f_00003,110,7356.739162448481,bald,4,7053773.043242982
984,fc16f_00003,111,7607.221280046954,bald,4,7053773.043242982
985,fc16f_00003,112,8094.23026565884,bald,4,7053773.043242982
986,fc16f_00003,113,7970.6734756523965,bald,4,7053773.043242982
987,fc16f_00003,114,7950.502816298675,bald,4,7053773.043242982
988,fc16f_00003,115,7792.3085853679795,bald,4,7053773.043242982
989,fc16f_00003,116,7664.47109037144,bald,4,7053773.043242982
990,fc16f_00003,117,7468.236941676634,bald,4,7053773.043242982
991,fc16f_00003,118,7446.627752409667,bald,4,7053773.043242982
992,fc16f_00003,119,7447.476831602653,bald,4,7053773.043242982
993,fc16f_00003,120,7495.235890692899,bald,4,7053773.043242982
994,fc16f_00003,121,7667.179512730599,bald,4,7053773.043242982
995,fc16f_00003,122,8653.266247155938,bald,4,7053773.043242982
996,fc16f_00003,123,8388.677230341804,bald,4,7053773.043242982
997,fc16f_00003,124,8504.115309075738,bald,4,7053773.043242982
998,fc16f_00003,125,8699.415068007998,bald,4,7053773.043242982
999,fc16f_00003,126,9207.49279616523,bald,4,7053773.043242982
1000,fc16f_00003,127,9150.431936442003,bald,4,7053773.043242982
1001,fc16f_00003,128,9467.020276913188,bald,4,7053773.043242982
1002,fc16f_00003,129,9057.55266981219,bald,4,7053773.043242982
1003,fc16f_00003,130,9168.872713408282,bald,4,7053773.043242982
1004,fc16f_00003,131,8295.757292602171,bald,4,7053773.043242982
1005,fc16f_00003,132,7957.821553734106,bald,4,7053773.043242982
1006,fc16f_00003,133,7845.112311410503,bald,4,7053773.043242982
1007,fc16f_00003,134,8426.9874582874,bald,4,7053773.043242982
1008,fc16f_00003,135,8256.269330313975,bald,4,7053773.043242982
1009,fc16f_00003,136,7773.118668393901,bald,4,7053773.043242982
1010,fc16f_00003,137,7747.895834538429,bald,4,7053773.043242982
1011,fc16f_00003,138,7736.736557118766,bald,4,7053773.043242982
1012,fc16f_00003,139,7467.695978677042,bald,4,7053773.043242982
1013,fc16f_00003,140,7459.567255084491,bald,4,7053773.043242982
1014,fc16f_00003,141,8537.080920546494,bald,4,7053773.043242982
1015,fc16f_00003,142,8365.054990279488,bald,4,7053773.043242982
1016,fc16f_00003,143,12570.375626189983,bald,4,7053773.043242982
1017,fc16f_00003,144,12382.720507072212,bald,4,7053773.043242982
1018,fc16f_00003,145,12345.587720574567,bald,4,7053773.043242982
1019,fc16f_00003,146,11980.116841780478,bald,4,7053773.043242982
1020,fc16f_00003,147,12804.651811417034,bald,4,7053773.043242982
1021,fc16f_00003,148,13076.63362227035,bald,4,7053773.043242982
1022,fc16f_00003,149,13226.87205242879,bald,4,7053773.043242982
1023,fc16f_00003,150,14216.135533408104,bald,4,7053773.043242982
1024,fc16f_00003,151,14205.362388112102,bald,4,7053773.043242982
1025,fc16f_00003,152,13795.661219506343,bald,4,7053773.043242982
1026,fc16f_00003,153,13050.215642212515,bald,4,7053773.043242982
1027,fc16f_00003,154,13027.08848228366,bald,4,7053773.043242982
1028,fc16f_00003,155,12852.348432641202,bald,4,7053773.043242982
1029,fc16f_00003,156,12877.515240069262,bald,4,7053773.043242982
1030,fc16f_00003,157,13320.053802714692,bald,4,7053773.043242982
1031,fc16f_00003,158,12997.159857667819,bald,4,7053773.043242982
1032,fc16f_00003,159,12043.843995241808,bald,4,7053773.043242982
1033,fc16f_00003,160,11148.89129613907,bald,4,7053773.043242982
1034,fc16f_00003,161,14334.489929939771,bald,4,7053773.043242982
1035,fc16f_00003,162,14030.412323288027,bald,4,7053773.043242982
1036,fc16f_00003,163,17121.41087082011,bald,4,7053773.043242982
1037,fc16f_00003,164,17876.03271336097,bald,4,7053773.043242982
1038,fc16f_00003,165,16690.64183408814,bald,4,7053773.043242982
1039,fc16f_00003,166,16530.444290106065,bald,4,7053773.043242982
1040,fc16f_00003,167,17056.900330430042,bald,4,7053773.043242982
1041,fc16f_00003,168,16941.537165721093,bald,4,7053773.043242982
1042,fc16f_00003,169,17109.264090526838,bald,4,7053773.043242982
1043,fc16f_00003,170,18511.660696875835,bald,4,7053773.043242982
1044,fc16f_00003,171,20615.810915079273,bald,4,7053773.043242982
1045,fc16f_00003,172,29897.440030209393,bald,4,7053773.043242982
1046,fc16f_00003,173,33977.23433991154,bald,4,7053773.043242982
1047,fc16f_00003,174,34240.28881928706,bald,4,7053773.043242982
1048,fc16f_00003,175,33691.41052228625,bald,4,7053773.043242982
1049,fc16f_00003,176,31458.467605720172,bald,4,7053773.043242982
1050,fc16f_00003,177,32280.689622196922,bald,4,7053773.043242982
1051,fc16f_00003,178,33105.658076952604,bald,4,7053773.043242982
1052,fc16f_00003,179,36139.07643934469,bald,4,7053773.043242982
1053,fc16f_00003,180,37063.37035565238,bald,4,7053773.043242982
1054,fc16f_00003,181,37330.07977029519,bald,4,7053773.043242982
1055,fc16f_00003,182,37320.10088630209,bald,4,7053773.043242982
1056,fc16f_00003,183,36238.6676906892,bald,4,7053773.043242982
1057,fc16f_00003,184,36346.28799747787,bald,4,7053773.043242982
1058,fc16f_00003,185,36709.44798422524,bald,4,7053773.043242982
1059,fc16f_00003,186,37261.908670401084,bald,4,7053773.043242982
1060,fc16f_00003,187,37883.17621055867,bald,4,7053773.043242982
1061,fc16f_00003,188,38505.226795537186,bald,4,7053773.043242982
1062,fc16f_00003,189,37375.1627913843,bald,4,7053773.043242982
1063,fc16f_00003,190,35757.20943951,bald,4,7053773.043242982
1064,fc16f_00003,191,36381.08102759029,bald,4,7053773.043242982
1065,fc16f_00003,192,35255.620137013466,bald,4,7053773.043242982
1066,fc16f_00003,193,35238.121857869875,bald,4,7053773.043242982
1067,fc16f_00003,194,34932.51740490883,bald,4,7053773.043242982
1068,fc16f_00003,195,36910.48729780545,bald,4,7053773.043242982
1069,fc16f_00003,196,37254.53661573697,bald,4,7053773.043242982
1070,fc16f_00003,197,39128.30991970719,bald,4,7053773.043242982
1071,fc16f_00003,198,41656.395427311094,bald,4,7053773.043242982
1072,fc16f_00003,199,41625.32425833278,bald,4,7053773.043242982
1073,fc16f_00003,200,41158.05632720213,bald,4,7053773.043242982
1074,fc16f_00003,201,41648.51967703614,bald,4,7053773.043242982
1075,fc16f_00003,202,42407.167228996026,bald,4,7053773.043242982
1076,fc16f_00003,203,40746.47370511494,bald,4,7053773.043242982
1077,fc16f_00003,204,43904.269687172025,bald,4,7053773.043242982
1078,fc16f_00003,205,44929.507189204625,bald,4,7053773.043242982
1079,fc16f_00003,206,42347.79927452185,bald,4,7053773.043242982
1080,fc16f_00003,207,40194.79289970023,bald,4,7053773.043242982
1081,fc16f_00003,208,39562.378581446275,bald,4,7053773.043242982
1082,fc16f_00003,209,38092.83978719667,bald,4,7053773.043242982
1083,fc16f_00003,210,38420.38751132882,bald,4,7053773.043242982
1084,fc16f_00003,211,38827.879605706556,bald,4,7053773.043242982
1085,fc16f_00003,212,41397.97439823713,bald,4,7053773.043242982
1086,fc16f_00003,213,55313.36262503823,bald,4,7053773.043242982
1087,fc16f_00003,214,54015.2293689033,bald,4,7053773.043242982
1088,fc16f_00003,215,56703.707948812524,bald,4,7053773.043242982
1089,fc16f_00003,216,55745.48785414837,bald,4,7053773.043242982
1090,fc16f_00003,217,57788.06392418282,bald,4,7053773.043242982
1091,fc16f_00003,218,59123.777649177275,bald,4,7053773.043242982
1092,fc16f_00003,219,55936.94683381862,bald,4,7053773.043242982
1093,fc16f_00003,220,56322.93008553077,bald,4,7053773.043242982
1094,fc16f_00003,221,62593.76017559257,bald,4,7053773.043242982
1095,fc16f_00003,222,55001.19704220424,bald,4,7053773.043242982
1096,fc16f_00003,223,51891.843199564,bald,4,7053773.043242982
1097,fc16f_00003,224,50939.09521830624,bald,4,7053773.043242982
1098,fc16f_00003,225,60009.14766703836,bald,4,7053773.043242982
1099,fc16f_00003,226,60436.21389321637,bald,4,7053773.043242982
1100,fc16f_00003,227,64613.74186135766,bald,4,7053773.043242982
1101,fc16f_00003,228,64723.502237722,bald,4,7053773.043242982
1102,fc16f_00003,229,64701.5389899272,bald,4,7053773.043242982
1103,fc16f_00003,230,55452.55814645327,bald,4,7053773.043242982
1104,fc16f_00003,231,45092.308626697886,bald,4,7053773.043242982
1105,fc16f_00003,232,42929.47091637079,bald,4,7053773.043242982
1106,fc16f_00003,233,40617.46869869289,bald,4,7053773.043242982
1107,fc16f_00003,234,40203.843539486,bald,4,7053773.043242982
1108,fc16f_00003,235,39684.00458134411,bald,4,7053773.043242982
1109,fc16f_00003,236,39594.95159415884,bald,4,7053773.043242982
1110,fc16f_00003,237,54413.49986258094,bald,4,7053773.043242982
1111,fc16f_00003,238,49938.555117453485,bald,4,7053773.043242982
1112,fc16f_00003,239,49743.33343304907,bald,4,7053773.043242982
1113,fc16f_00003,240,47080.753208678325,bald,4,7053773.043242982
1114,fc16f_00003,241,47203.60145690976,bald,4,7053773.043242982
1115,fc16f_00003,242,51695.293532803626,bald,4,7053773.043242982
1116,fc16f_00003,243,54425.17890561289,bald,4,7053773.043242982
1117,fc16f_00003,244,56656.21718591768,bald,4,7053773.043242982
1118,fc16f_00003,245,57128.8595060937,bald,4,7053773.043242982
1119,fc16f_00003,246,56460.58630335465,bald,4,7053773.043242982
1120,fc16f_00003,247,67093.06730677019,bald,4,7053773.043242982
1121,fc16f_00003,248,62921.94006564764,bald,4,7053773.043242982
1122,fc16f_00003,249,60181.50188643878,bald,4,7053773.043242982
1123,fc16f_00003,250,60935.272263399864,bald,4,7053773.043242982
1124,fc16f_00003,251,68887.80886192614,bald,4,7053773.043242982
1125,fc16f_00003,252,64821.12380430109,bald,4,7053773.043242982
1126,fc16f_00003,253,64537.34783014272,bald,4,7053773.043242982
1127,fc16f_00003,254,60775.789578705735,bald,4,7053773.043242982
1128,fc16f_00003,255,57762.76012871679,bald,4,7053773.043242982
1129,fc16f_00003,256,59700.77841791154,bald,4,7053773.043242982
1130,fc16f_00003,257,55275.99292928971,bald,4,7053773.043242982
1131,fc16f_00003,258,51328.92003564693,bald,4,7053773.043242982
1132,fc16f_00003,259,56050.15935925724,bald,4,7053773.043242982
1133,fc16f_00003,260,53636.67074668347,bald,4,7053773.043242982
1134,fc16f_00003,261,49745.138809869604,bald,4,7053773.043242982
1135,fc16f_00003,262,48744.98530306235,bald,4,7053773.043242982
1136,fc16f_00003,263,48370.83261504536,bald,4,7053773.043242982
1137,fc16f_00003,264,44604.162123088914,bald,4,7053773.043242982
1138,fc16f_00003,265,43393.476412002936,bald,4,7053773.043242982
1139,fc16f_00003,266,42779.119789682554,bald,4,7053773.043242982
1140,fc16f_00003,267,43402.0802929258,bald,4,7053773.043242982
1141,fc16f_00003,268,42096.294351779245,bald,4,7053773.043242982
1142,fc16f_00003,269,41690.358072959425,bald,4,7053773.043242982
1143,fc16f_00003,270,41653.18888821423,bald,4,7053773.043242982
1144,fc16f_00003,271,42654.573797123296,bald,4,7053773.043242982
1145,fc16f_00003,272,42527.970867932905,bald,4,7053773.043242982
1146,fc16f_00003,273,42549.467238990954,bald,4,7053773.043242982
1147,fc16f_00003,274,48660.64864682748,bald,4,7053773.043242982
1148,fc16f_00003,275,48833.75040526474,bald,4,7053773.043242982
1149,fc16f_00003,276,48764.33272763575,bald,4,7053773.043242982
1150,fc16f_00003,277,47012.291565227824,bald,4,7053773.043242982
1151,fc16f_00003,278,50339.21777436495,bald,4,7053773.043242982
1152,fc16f_00003,279,53392.55982095692,bald,4,7053773.043242982
1153,fc16f_00003,280,44413.35944627075,bald,4,7053773.043242982
1154,fc16f_00003,281,44302.46823521048,bald,4,7053773.043242982
1155,fc16f_00003,282,45567.66166407547,bald,4,7053773.043242982
1156,fc16f_00003,283,40205.06305871123,bald,4,7053773.043242982
1157,fc16f_00003,284,40893.656698742445,bald,4,7053773.043242982
1158,fc16f_00003,285,41676.09115500147,bald,4,7053773.043242982
1159,fc16f_00003,286,49109.387205384715,bald,4,7053773.043242982
1160,fc16f_00003,287,44837.54427560173,bald,4,7053773.043242982
1161,fc16f_00003,288,46002.180008725656,bald,4,7053773.043242982
1162,fc16f_00003,289,45660.30278986676,bald,4,7053773.043242982
1163,fc16f_00003,290,47414.822351826486,bald,4,7053773.043242982
1164,fc16f_00004,0,9743.39622749638,bald,5,6655877.227263242
1165,fc16f_00004,1,7884.677591770027,bald,5,6655877.227263242
1166,fc16f_00004,2,7583.480757115591,bald,5,6655877.227263242
1167,fc16f_00004,3,6380.101306427645,bald,5,6655877.227263242
1168,fc16f_00004,4,6605.882885530777,bald,5,6655877.227263242
1169,fc16f_00004,5,6570.977604443828,bald,5,6655877.227263242
1170,fc16f_00004,6,6303.573628945159,bald,5,6655877.227263242
1171,fc16f_00004,7,6723.2522604411815,bald,5,6655877.227263242
1172,fc16f_00004,8,6748.072187802872,bald,5,6655877.227263242
1173,fc16f_00004,9,5371.597695264239,bald,5,6655877.227263242
1174,fc16f_00004,10,5598.494767741645,bald,5,6655877.227263242
1175,fc16f_00004,11,5775.975489378258,bald,5,6655877.227263242
1176,fc16f_00004,12,5028.1328967965255,bald,5,6655877.227263242
1177,fc16f_00004,13,5055.200818363633,bald,5,6655877.227263242
1178,fc16f_00004,14,5048.975803185106,bald,5,6655877.227263242
1179,fc16f_00004,15,5255.03773261638,bald,5,6655877.227263242
1180,fc16f_00004,16,5330.981709013597,bald,5,6655877.227263242
1181,fc16f_00004,17,4992.527743224948,bald,5,6655877.227263242
1182,fc16f_00004,18,4995.197640763723,bald,5,6655877.227263242
1183,fc16f_00004,19,4988.992053254845,bald,5,6655877.227263242
1184,fc16f_00004,20,4984.499251881698,bald,5,6655877.227263242
1185,fc16f_00004,21,5035.663558596688,bald,5,6655877.227263242
1186,fc16f_00004,22,5000.939031298864,bald,5,6655877.227263242
1187,fc16f_00004,23,5719.572001176507,bald,5,6655877.227263242
1188,fc16f_00004,24,5742.4696935714155,bald,5,6655877.227263242
1189,fc16f_00004,25,6077.712495758833,bald,5,6655877.227263242
1190,fc16f_00004,26,6303.5509850598755,bald,5,6655877.227263242
1191,fc16f_00004,27,6297.852712815628,bald,5,6655877.227263242
1192,fc16f_00004,28,6334.51127780488,bald,5,6655877.227263242
1193,fc16f_00004,29,6363.46620743263,bald,5,6655877.227263242
1194,fc16f_00004,30,6345.432025514665,bald,5,6655877.227263242
1195,fc16f_00004,31,6170.920111859064,bald,5,6655877.227263242
1196,fc16f_00004,32,6198.516557500121,bald,5,6655877.227263242
1197,fc16f_00004,33,6087.411893328582,bald,5,6655877.227263242
1198,fc16f_00004,34,6388.615612011562,bald,5,6655877.227263242
1199,fc16f_00004,35,6523.320012130502,bald,5,6655877.227263242
1200,fc16f_00004,36,6553.184001060397,bald,5,6655877.227263242
1201,fc16f_00004,37,6448.170898489516,bald,5,6655877.227263242
1202,fc16f_00004,38,6455.63177103567,bald,5,6655877.227263242
1203,fc16f_00004,39,6869.761017015532,bald,5,6655877.227263242
1204,fc16f_00004,40,9280.068452907486,bald,5,6655877.227263242
1205,fc16f_00004,41,9365.490444648376,bald,5,6655877.227263242
1206,fc16f_00004,42,8990.552956279751,bald,5,6655877.227263242
1207,fc16f_00004,43,8999.634331159928,bald,5,6655877.227263242
1208,fc16f_00004,44,9074.630467825235,bald,5,6655877.227263242
1209,fc16f_00004,45,10839.904752218677,bald,5,6655877.227263242
1210,fc16f_00004,46,9549.10045225456,bald,5,6655877.227263242
1211,fc16f_00004,47,10043.177655022819,bald,5,6655877.227263242
1212,fc16f_00004,48,10079.467618521674,bald,5,6655877.227263242
1213,fc16f_00004,49,10076.975096974233,bald,5,6655877.227263242
1214,fc16f_00004,50,10062.669862301611,bald,5,6655877.227263242
1215,fc16f_00004,51,10117.451949504655,bald,5,6655877.227263242
1216,fc16f_00004,52,10024.270240035637,bald,5,6655877.227263242
1217,fc16f_00004,53,9613.1189571309,bald,5,6655877.227263242
1218,fc16f_00004,54,9502.61611526847,bald,5,6655877.227263242
1219,fc16f_00004,55,9674.7983358616,bald,5,6655877.227263242
1220,fc16f_00004,56,9486.35401879457,bald,5,6655877.227263242
1221,fc16f_00004,57,8659.632291525413,bald,5,6655877.227263242
1222,fc16f_00004,58,9636.880952652326,bald,5,6655877.227263242
1223,fc16f_00004,59,9707.332654896227,bald,5,6655877.227263242
1224,fc16f_00004,60,9616.7371714507,bald,5,6655877.227263242
1225,fc16f_00004,61,9611.178834235005,bald,5,6655877.227263242
1226,fc16f_00004,62,9657.180081890729,bald,5,6655877.227263242
1227,fc16f_00004,63,11712.725253816603,bald,5,6655877.227263242
1228,fc16f_00004,64,11162.349364123966,bald,5,6655877.227263242
1229,fc16f_00004,65,10935.78569404606,bald,5,6655877.227263242
1230,fc16f_00004,66,10822.136688767177,bald,5,6655877.227263242
1231,fc16f_00004,67,10897.690684248726,bald,5,6655877.227263242
1232,fc16f_00004,68,10938.932224759905,bald,5,6655877.227263242
1233,fc16f_00004,69,10139.60498854006,bald,5,6655877.227263242
1234,fc16f_00004,70,10163.62817326938,bald,5,6655877.227263242
1235,fc16f_00004,71,10284.735083855529,bald,5,6655877.227263242
1236,fc16f_00004,72,10178.439217914078,bald,5,6655877.227263242
1237,fc16f_00004,73,10328.280459888227,bald,5,6655877.227263242
1238,fc16f_00004,74,10586.262564475972,bald,5,6655877.227263242
1239,fc16f_00004,75,9372.35508906443,bald,5,6655877.227263242
1240,fc16f_00004,76,9147.077835590413,bald,5,6655877.227263242
1241,fc16f_00004,77,8729.029130675945,bald,5,6655877.227263242
1242,fc16f_00004,78,9078.057595792707,bald,5,6655877.227263242
1243,fc16f_00004,79,8905.59672567687,bald,5,6655877.227263242
1244,fc16f_00004,80,8692.033098413325,bald,5,6655877.227263242
1245,fc16f_00004,81,8405.8058382036,bald,5,6655877.227263242
1246,fc16f_00004,82,8150.997045981454,bald,5,6655877.227263242
1247,fc16f_00004,83,7901.39470976712,bald,5,6655877.227263242
1248,fc16f_00004,84,7808.40406907657,bald,5,6655877.227263242
1249,fc16f_00004,85,8277.214664561587,bald,5,6655877.227263242
1250,fc16f_00004,86,8269.26615996696,bald,5,6655877.227263242
1251,fc16f_00004,87,8199.022233582915,bald,5,6655877.227263242
1252,fc16f_00004,88,8092.007996318957,bald,5,6655877.227263242
1253,fc16f_00004,89,8033.474635180896,bald,5,6655877.227263242
1254,fc16f_00004,90,8030.488714446683,bald,5,6655877.227263242
1255,fc16f_00004,91,8554.657001823967,bald,5,6655877.227263242
1256,fc16f_00004,92,8967.166226161737,bald,5,6655877.227263242
1257,fc16f_00004,93,8826.750955747351,bald,5,6655877.227263242
1258,fc16f_00004,94,8757.37774981467,bald,5,6655877.227263242
1259,fc16f_00004,95,8957.329456131622,bald,5,6655877.227263242
1260,fc16f_00004,96,9098.112169703223,bald,5,6655877.227263242
1261,fc16f_00004,97,8432.53624338584,bald,5,6655877.227263242
1262,fc16f_00004,98,8558.685311974481,bald,5,6655877.227263242
1263,fc16f_00004,99,8534.250031285497,bald,5,6655877.227263242
1264,fc16f_00004,100,10115.201100914197,bald,5,6655877.227263242
1265,fc16f_00004,101,9865.920125837374,bald,5,6655877.227263242
1266,fc16f_00004,102,9077.61706091046,bald,5,6655877.227263242
1267,fc16f_00004,103,9515.647907792281,bald,5,6655877.227263242
1268,fc16f_00004,104,10232.675772285858,bald,5,6655877.227263242
1269,fc16f_00004,105,11165.348971084299,bald,5,6655877.227263242
1270,fc16f_00004,106,11194.6174701856,bald,5,6655877.227263242
1271,fc16f_00004,107,11194.586291208561,bald,5,6655877.227263242
1272,fc16f_00004,108,13612.830706625544,bald,5,6655877.227263242
1273,fc16f_00004,109,13683.523931132033,bald,5,6655877.227263242
1274,fc16f_00004,110,13778.684523845424,bald,5,6655877.227263242
1275,fc16f_00004,111,13578.230115607574,bald,5,6655877.227263242
1276,fc16f_00004,112,13822.69212718165,bald,5,6655877.227263242
1277,fc16f_00004,113,14998.517935117992,bald,5,6655877.227263242
1278,fc16f_00004,114,14903.889541205968,bald,5,6655877.227263242
1279,fc16f_00004,115,15114.684394645017,bald,5,6655877.227263242
1280,fc16f_00004,116,15346.006957317195,bald,5,6655877.227263242
1281,fc16f_00004,117,15627.013475104262,bald,5,6655877.227263242
1282,fc16f_00004,118,15298.842081769812,bald,5,6655877.227263242
1283,fc16f_00004,119,15050.326605338727,bald,5,6655877.227263242
1284,fc16f_00004,120,12005.44115818814,bald,5,6655877.227263242
1285,fc16f_00004,121,11773.978012921,bald,5,6655877.227263242
1286,fc16f_00004,122,11869.122616815886,bald,5,6655877.227263242
1287,fc16f_00004,123,11734.753434083897,bald,5,6655877.227263242
1288,fc16f_00004,124,11682.968429921904,bald,5,6655877.227263242
1289,fc16f_00004,125,13713.780085113971,bald,5,6655877.227263242
1290,fc16f_00004,126,16147.521223154283,bald,5,6655877.227263242
1291,fc16f_00004,127,17279.158767542252,bald,5,6655877.227263242
1292,fc16f_00004,128,17247.075792946507,bald,5,6655877.227263242
1293,fc16f_00004,129,16914.372404984195,bald,5,6655877.227263242
1294,fc16f_00004,130,15726.685535659217,bald,5,6655877.227263242
1295,fc16f_00004,131,15342.436343060459,bald,5,6655877.227263242
1296,fc16f_00004,132,16848.938774661256,bald,5,6655877.227263242
1297,fc16f_00004,133,17235.32761735643,bald,5,6655877.227263242
1298,fc16f_00004,134,18180.093289555796,bald,5,6655877.227263242
1299,fc16f_00004,135,18352.89459855131,bald,5,6655877.227263242
1300,fc16f_00004,136,18352.158236965177,bald,5,6655877.227263242
1301,fc16f_00004,137,18442.957106015598,bald,5,6655877.227263242
1302,fc16f_00004,138,18632.837085991472,bald,5,6655877.227263242
1303,fc16f_00004,139,18542.783137132636,bald,5,6655877.227263242
1304,fc16f_00004,140,18573.634795059097,bald,5,6655877.227263242
1305,fc16f_00004,141,18407.949093608513,bald,5,6655877.227263242
1306,fc16f_00004,142,18737.857878745526,bald,5,6655877.227263242
1307,fc16f_00004,143,16791.345045855487,bald,5,6655877.227263242
1308,fc16f_00004,144,16816.28511363355,bald,5,6655877.227263242
1309,fc16f_00004,145,18102.54699103517,bald,5,6655877.227263242
1310,fc16f_00004,146,18486.098199162312,bald,5,6655877.227263242
1311,fc16f_00004,147,18550.753872250603,bald,5,6655877.227263242
1312,fc16f_00004,148,18688.072841195437,bald,5,6655877.227263242
1313,fc16f_00004,149,19598.111857443604,bald,5,6655877.227263242
1314,fc16f_00004,150,19546.974750969523,bald,5,6655877.227263242
1315,fc16f_00004,151,19345.308602654248,bald,5,6655877.227263242
1316,fc16f_00004,152,19481.57460656632,bald,5,6655877.227263242
1317,fc16f_00004,153,19675.195394942315,bald,5,6655877.227263242
1318,fc16f_00004,154,20206.163053292028,bald,5,6655877.227263242
1319,fc16f_00004,155,20001.39566982258,bald,5,6655877.227263242
1320,fc16f_00004,156,20681.688294207142,bald,5,6655877.227263242
1321,fc16f_00004,157,20091.482319478746,bald,5,6655877.227263242
1322,fc16f_00004,158,19956.25420562596,bald,5,6655877.227263242
1323,fc16f_00004,159,19902.794007369757,bald,5,6655877.227263242
1324,fc16f_00004,160,18273.619274948258,bald,5,6655877.227263242
1325,fc16f_00004,161,18484.583994495973,bald,5,6655877.227263242
1326,fc16f_00004,162,18328.5745870284,bald,5,6655877.227263242
1327,fc16f_00004,163,18773.13686246169,bald,5,6655877.227263242
1328,fc16f_00004,164,20340.14154647014,bald,5,6655877.227263242
1329,fc16f_00004,165,20105.70412916275,bald,5,6655877.227263242
1330,fc16f_00004,166,20456.99585451804,bald,5,6655877.227263242
1331,fc16f_00004,167,20316.83309706572,bald,5,6655877.227263242
1332,fc16f_00004,168,19509.541907567604,bald,5,6655877.227263242
1333,fc16f_00004,169,19074.390039147846,bald,5,6655877.227263242
1334,fc16f_00004,170,18906.704614245853,bald,5,6655877.227263242
1335,fc16f_00004,171,21225.376619245653,bald,5,6655877.227263242
1336,fc16f_00004,172,20833.16086291338,bald,5,6655877.227263242
1337,fc16f_00004,173,20642.234768684888,bald,5,6655877.227263242
1338,fc16f_00004,174,21977.512319745863,bald,5,6655877.227263242
1339,fc16f_00004,175,19215.2203888045,bald,5,6655877.227263242
1340,fc16f_00004,176,19310.870541422395,bald,5,6655877.227263242
1341,fc16f_00004,177,19286.52305173146,bald,5,6655877.227263242
1342,fc16f_00004,178,20150.627951133865,bald,5,6655877.227263242
1343,fc16f_00004,179,19207.62916228696,bald,5,6655877.227263242
1344,fc16f_00004,180,20266.117169565965,bald,5,6655877.227263242
1345,fc16f_00004,181,20374.58813340259,bald,5,6655877.227263242
1346,fc16f_00004,182,21219.01136453659,bald,5,6655877.227263242
1347,fc16f_00004,183,21168.224219868476,bald,5,6655877.227263242
1348,fc16f_00004,184,21978.558961464405,bald,5,6655877.227263242
1349,fc16f_00004,185,21971.05212829242,bald,5,6655877.227263242
1350,fc16f_00004,186,21806.98063919815,bald,5,6655877.227263242
1351,fc16f_00004,187,21410.229457795493,bald,5,6655877.227263242
1352,fc16f_00004,188,22728.807906788574,bald,5,6655877.227263242
1353,fc16f_00004,189,21587.80690082611,bald,5,6655877.227263242
1354,fc16f_00004,190,20703.53999052456,bald,5,6655877.227263242
1355,fc16f_00004,191,21331.45416401139,bald,5,6655877.227263242
1356,fc16f_00004,192,21617.270355192242,bald,5,6655877.227263242
1357,fc16f_00004,193,23507.805744889836,bald,5,6655877.227263242
1358,fc16f_00004,194,25554.04740243624,bald,5,6655877.227263242
1359,fc16f_00004,195,26924.984693176313,bald,5,6655877.227263242
1360,fc16f_00004,196,28190.248847695566,bald,5,6655877.227263242
1361,fc16f_00004,197,28186.690708142556,bald,5,6655877.227263242
1362,fc16f_00004,198,31428.74802109938,bald,5,6655877.227263242
1363,fc16f_00004,199,31547.478013045886,bald,5,6655877.227263242
1364,fc16f_00004,200,25817.95583369102,bald,5,6655877.227263242
1365,fc16f_00004,201,25727.039245107808,bald,5,6655877.227263242
1366,fc16f_00004,202,27493.369973448374,bald,5,6655877.227263242
1367,fc16f_00004,203,24122.02986922859,bald,5,6655877.227263242
1368,fc16f_00004,204,23207.98252839155,bald,5,6655877.227263242
1369,fc16f_00004,205,27332.152626087856,bald,5,6655877.227263242
1370,fc16f_00004,206,30086.47716953397,bald,5,6655877.227263242
1371,fc16f_00004,207,29206.177000506814,bald,5,6655877.227263242
1372,fc16f_00004,208,29463.192342923077,bald,5,6655877.227263242
1373,fc16f_00004,209,31649.606101227597,bald,5,6655877.227263242
1374,fc16f_00004,210,35068.90612297528,bald,5,6655877.227263242
1375,fc16f_00004,211,33725.174039082776,bald,5,6655877.227263242
1376,fc16f_00004,212,34640.695478963105,bald,5,6655877.227263242
1377,fc16f_00004,213,33320.24431548998,bald,5,6655877.227263242
1378,fc16f_00004,214,33360.15605025078,bald,5,6655877.227263242
1379,fc16f_00004,215,33603.10757080763,bald,5,6655877.227263242
1380,fc16f_00004,216,33854.04976871348,bald,5,6655877.227263242
1381,fc16f_00004,217,34840.26748708149,bald,5,6655877.227263242
1382,fc16f_00004,218,34583.83763566349,bald,5,6655877.227263242
1383,fc16f_00004,219,57901.66309489866,bald,5,6655877.227263242
1384,fc16f_00004,220,58284.66069319136,bald,5,6655877.227263242
1385,fc16f_00004,221,53401.353907146564,bald,5,6655877.227263242
1386,fc16f_00004,222,51641.94363929526,bald,5,6655877.227263242
1387,fc16f_00004,223,50097.87581435827,bald,5,6655877.227263242
1388,fc16f_00004,224,53324.1456412931,bald,5,6655877.227263242
1389,fc16f_00004,225,58110.443852052216,bald,5,6655877.227263242
1390,fc16f_00004,226,60360.81001603257,bald,5,6655877.227263242
1391,fc16f_00004,227,60619.827503616456,bald,5,6655877.227263242
1392,fc16f_00004,228,66297.22357935707,bald,5,6655877.227263242
1393,fc16f_00004,229,62394.44054866207,bald,5,6655877.227263242
1394,fc16f_00004,230,65384.84371323006,bald,5,6655877.227263242
1395,fc16f_00004,231,61987.38806231622,bald,5,6655877.227263242
1396,fc16f_00004,232,59912.04537233654,bald,5,6655877.227263242
1397,fc16f_00004,233,61785.958252318815,bald,5,6655877.227263242
1398,fc16f_00004,234,59893.292380149105,bald,5,6655877.227263242
1399,fc16f_00004,235,58433.44190953816,bald,5,6655877.227263242
1400,fc16f_00004,236,58476.6649012381,bald,5,6655877.227263242
1401,fc16f_00004,237,49419.349749464986,bald,5,6655877.227263242
1402,fc16f_00004,238,44899.56845852815,bald,5,6655877.227263242
1403,fc16f_00004,239,48055.16320113016,bald,5,6655877.227263242
1404,fc16f_00004,240,36301.477701335236,bald,5,6655877.227263242
1405,fc16f_00004,241,35540.22979926444,bald,5,6655877.227263242
1406,fc16f_00004,242,37846.73316697779,bald,5,6655877.227263242
1407,fc16f_00004,243,37001.68501357059,bald,5,6655877.227263242
1408,fc16f_00004,244,36763.740040875935,bald,5,6655877.227263242
1409,fc16f_00004,245,36368.87817270775,bald,5,6655877.227263242
1410,fc16f_00004,246,36636.77022981937,bald,5,6655877.227263242
1411,fc16f_00004,247,36454.88288921295,bald,5,6655877.227263242
1412,fc16f_00004,248,36390.976358916254,bald,5,6655877.227263242
1413,fc16f_00004,249,36257.652595177846,bald,5,6655877.227263242
1414,fc16f_00004,250,36938.38885680038,bald,5,6655877.227263242
1415,fc16f_00004,251,37418.23381744474,bald,5,6655877.227263242
1416,fc16f_00004,252,38618.459484378815,bald,5,6655877.227263242
1417,fc16f_00004,253,35552.1610134766,bald,5,6655877.227263242
1418,fc16f_00004,254,35901.28079691369,bald,5,6655877.227263242
1419,fc16f_00004,255,42342.3321271986,bald,5,6655877.227263242
1420,fc16f_00004,256,45469.474555980385,bald,5,6655877.227263242
1421,fc16f_00004,257,45339.64766865221,bald,5,6655877.227263242
1422,fc16f_00004,258,45538.31276571573,bald,5,6655877.227263242
1423,fc16f_00004,259,46575.63184779294,bald,5,6655877.227263242
1424,fc16f_00004,260,45513.00372412298,bald,5,6655877.227263242
1425,fc16f_00004,261,43584.32069200833,bald,5,6655877.227263242
1426,fc16f_00004,262,42442.51878452342,bald,5,6655877.227263242
1427,fc16f_00004,263,42480.00304107311,bald,5,6655877.227263242
1428,fc16f_00004,264,49514.5409477983,bald,5,6655877.227263242
1429,fc16f_00004,265,44952.209965766735,bald,5,6655877.227263242
1430,fc16f_00004,266,45389.61713150646,bald,5,6655877.227263242
1431,fc16f_00004,267,45570.185190244614,bald,5,6655877.227263242
1432,fc16f_00004,268,52254.246563196284,bald,5,6655877.227263242
1433,fc16f_00004,269,52163.363802344444,bald,5,6655877.227263242
1434,fc16f_00004,270,53922.769748763145,bald,5,6655877.227263242
1435,fc16f_00004,271,53693.6088489463,bald,5,6655877.227263242
1436,fc16f_00004,272,51259.44841438197,bald,5,6655877.227263242
1437,fc16f_00004,273,51663.06378570525,bald,5,6655877.227263242
1438,fc16f_00004,274,44586.80791744941,bald,5,6655877.227263242
1439,fc16f_00004,275,52863.83198466913,bald,5,6655877.227263242
1440,fc16f_00004,276,53400.078833957115,bald,5,6655877.227263242
1441,fc16f_00004,277,54480.79603044997,bald,5,6655877.227263242
1442,fc16f_00004,278,52655.61451028421,bald,5,6655877.227263242
1443,fc16f_00004,279,51958.351073283826,bald,5,6655877.227263242
1444,fc16f_00004,280,51467.97710699632,bald,5,6655877.227263242
1445,fc16f_00004,281,51409.66020344813,bald,5,6655877.227263242
1446,fc16f_00004,282,41395.41478951427,bald,5,6655877.227263242
1447,fc16f_00004,283,45378.06120537924,bald,5,6655877.227263242
1448,fc16f_00004,284,48708.82122310839,bald,5,6655877.227263242
1449,fc16f_00004,285,48574.98385451562,bald,5,6655877.227263242
1450,fc16f_00004,286,48070.21815827783,bald,5,6655877.227263242
1451,fc16f_00004,287,48213.467265729065,bald,5,6655877.227263242
1452,fc16f_00004,288,42226.55299742725,bald,5,6655877.227263242
1453,fc16f_00004,289,42299.443874884535,bald,5,6655877.227263242
1454,fc16f_00004,290,42726.401855393575,bald,5,6655877.227263242
1455,fc16f_00005,0,21189.009739047997,expected_improvement,1,9783894.590427909
1456,fc16f_00005,1,9679.076133569459,expected_improvement,1,9783894.590427909
1457,fc16f_00005,2,11002.736506048626,expected_improvement,1,9783894.590427909
1458,fc16f_00005,3,8386.496874335138,expected_improvement,1,9783894.590427909
1459,fc16f_00005,4,8797.079553082438,expected_improvement,1,9783894.590427909
1460,fc16f_00005,5,7631.785576216868,expected_improvement,1,9783894.590427909
1461,fc16f_00005,6,7289.079034708231,expected_improvement,1,9783894.590427909
1462,fc16f_00005,7,7754.2265479420685,expected_improvement,1,9783894.590427909
1463,fc16f_00005,8,5570.725267005433,expected_improvement,1,9783894.590427909
1464,fc16f_00005,9,7502.903533024248,expected_improvement,1,9783894.590427909
1465,fc16f_00005,10,6864.399835959881,expected_improvement,1,9783894.590427909
1466,fc16f_00005,11,6375.60011379718,expected_improvement,1,9783894.590427909
1467,fc16f_00005,12,7137.142137804433,expected_improvement,1,9783894.590427909
1468,fc16f_00005,13,5995.055775195618,expected_improvement,1,9783894.590427909
1469,fc16f_00005,14,5795.432790429123,expected_improvement,1,9783894.590427909
1470,fc16f_00005,15,6070.829236299379,expected_improvement,1,9783894.590427909
1471,fc16f_00005,16,7670.828970959045,expected_improvement,1,9783894.590427909
1472,fc16f_00005,17,6569.991873391305,expected_improvement,1,9783894.590427909
1473,fc16f_00005,18,8205.41228790078,expected_improvement,1,9783894.590427909
1474,fc16f_00005,19,8184.69059601518,expected_improvement,1,9783894.590427909
1475,fc16f_00005,20,7911.389806557217,expected_improvement,1,9783894.590427909
1476,fc16f_00005,21,8296.332207947913,expected_improvement,1,9783894.590427909
1477,fc16f_00005,22,8229.466606446053,expected_improvement,1,9783894.590427909
1478,fc16f_00005,23,8443.99561213085,expected_improvement,1,9783894.590427909
1479,fc16f_00005,24,9763.5754503554,expected_improvement,1,9783894.590427909
1480,fc16f_00005,25,12202.310611408648,expected_improvement,1,9783894.590427909
1481,fc16f_00005,26,12260.606970406521,expected_improvement,1,9783894.590427909
1482,fc16f_00005,27,12878.627412793168,expected_improvement,1,9783894.590427909
1483,fc16f_00005,28,14123.53370136801,expected_improvement,1,9783894.590427909
1484,fc16f_00005,29,17419.812638136864,expected_improvement,1,9783894.590427909
1485,fc16f_00005,30,19806.417009292672,expected_improvement,1,9783894.590427909
1486,fc16f_00005,31,20003.742977437385,expected_improvement,1,9783894.590427909
1487,fc16f_00005,32,21931.433859681667,expected_improvement,1,9783894.590427909
1488,fc16f_00005,33,19962.558953342537,expected_improvement,1,9783894.590427909
1489,fc16f_00005,34,18057.50860978794,expected_improvement,1,9783894.590427909
1490,fc16f_00005,35,16640.206339802193,expected_improvement,1,9783894.590427909
1491,fc16f_00005,36,24460.97131337093,expected_improvement,1,9783894.590427909
1492,fc16f_00005,37,23872.89818409057,expected_improvement,1,9783894.590427909
1493,fc16f_00005,38,18669.057200147898,expected_improvement,1,9783894.590427909
1494,fc16f_00005,39,20109.81938868777,expected_improvement,1,9783894.590427909
1495,fc16f_00005,40,16614.235547371187,expected_improvement,1,9783894.590427909
1496,fc16f_00005,41,14692.192572558934,expected_improvement,1,9783894.590427909
1497,fc16f_00005,42,14743.989260627774,expected_improvement,1,9783894.590427909
1498,fc16f_00005,43,11758.33618840848,expected_improvement,1,9783894.590427909
1499,fc16f_00005,44,16557.395481883486,expected_improvement,1,9783894.590427909
1500,fc16f_00005,45,19619.060200522767,expected_improvement,1,9783894.590427909
1501,fc16f_00005,46,19281.426373622973,expected_improvement,1,9783894.590427909
1502,fc16f_00005,47,22218.67710235919,expected_improvement,1,9783894.590427909
1503,fc16f_00005,48,17283.155811866003,expected_improvement,1,9783894.590427909
1504,fc16f_00005,49,15131.907470996231,expected_improvement,1,9783894.590427909
1505,fc16f_00005,50,16711.932576266503,expected_improvement,1,9783894.590427909
1506,fc16f_00005,51,16525.19778048132,expected_improvement,1,9783894.590427909
1507,fc16f_00005,52,15154.397292731677,expected_improvement,1,9783894.590427909
1508,fc16f_00005,53,14250.509026638634,expected_improvement,1,9783894.590427909
1509,fc16f_00005,54,20170.565355938325,expected_improvement,1,9783894.590427909
1510,fc16f_00005,55,20047.80267835853,expected_improvement,1,9783894.590427909
1511,fc16f_00005,56,21890.30647793716,expected_improvement,1,9783894.590427909
1512,fc16f_00005,57,29089.296841262345,expected_improvement,1,9783894.590427909
1513,fc16f_00005,58,30155.61946054763,expected_improvement,1,9783894.590427909
1514,fc16f_00005,59,26162.986222885378,expected_improvement,1,9783894.590427909
1515,fc16f_00005,60,26982.54738502589,expected_improvement,1,9783894.590427909
1516,fc16f_00005,61,27079.479655373492,expected_improvement,1,9783894.590427909
1517,fc16f_00005,62,27760.985936524008,expected_improvement,1,9783894.590427909
1518,fc16f_00005,63,17876.742156863562,expected_improvement,1,9783894.590427909
1519,fc16f_00005,64,20838.691847684822,expected_improvement,1,9783894.590427909
1520,fc16f_00005,65,19970.234284823222,expected_improvement,1,9783894.590427909
1521,fc16f_00005,66,20351.369330422956,expected_improvement,1,9783894.590427909
1522,fc16f_00005,67,19535.608560932204,expected_improvement,1,9783894.590427909
1523,fc16f_00005,68,18562.009152976414,expected_improvement,1,9783894.590427909
1524,fc16f_00005,69,19444.157089848308,expected_improvement,1,9783894.590427909
1525,fc16f_00005,70,19613.57372256846,expected_improvement,1,9783894.590427909
1526,fc16f_00005,71,19612.570778719255,expected_improvement,1,9783894.590427909
1527,fc16f_00005,72,16245.095299112247,expected_improvement,1,9783894.590427909
1528,fc16f_00005,73,17317.26058820005,expected_improvement,1,9783894.590427909
1529,fc16f_00005,74,15371.187699573613,expected_improvement,1,9783894.590427909
1530,fc16f_00005,75,16017.093158256623,expected_improvement,1,9783894.590427909
1531,fc16f_00005,76,16804.293331467303,expected_improvement,1,9783894.590427909
1532,fc16f_00005,77,13724.390532722024,expected_improvement,1,9783894.590427909
1533,fc16f_00005,78,15402.43867137589,expected_improvement,1,9783894.590427909
1534,fc16f_00005,79,16047.786019748282,expected_improvement,1,9783894.590427909
1535,fc16f_00005,80,13303.370857769085,expected_improvement,1,9783894.590427909
1536,fc16f_00005,81,13174.350176682972,expected_improvement,1,9783894.590427909
1537,fc16f_00005,82,13651.119126925942,expected_improvement,1,9783894.590427909
1538,fc16f_00005,83,14643.645935494827,expected_improvement,1,9783894.590427909
1539,fc16f_00005,84,15384.851144858387,expected_improvement,1,9783894.590427909
1540,fc16f_00005,85,16146.021284667273,expected_improvement,1,9783894.590427909
1541,fc16f_00005,86,16856.745132666078,expected_improvement,1,9783894.590427909
1542,fc16f_00005,87,16680.216094536638,expected_improvement,1,9783894.590427909
1543,fc16f_00005,88,15745.053301820082,expected_improvement,1,9783894.590427909
1544,fc16f_00005,89,15832.93338906564,expected_improvement,1,9783894.590427909
1545,fc16f_00005,90,19920.172535825837,expected_improvement,1,9783894.590427909
1546,fc16f_00005,91,18764.05174930384,expected_improvement,1,9783894.590427909
1547,fc16f_00005,92,17802.93209018717,expected_improvement,1,9783894.590427909
1548,fc16f_00005,93,20365.95395147924,expected_improvement,1,9783894.590427909
1549,fc16f_00005,94,18421.580932539353,expected_improvement,1,9783894.590427909
1550,fc16f_00005,95,18217.21960892729,expected_improvement,1,9783894.590427909
1551,fc16f_00005,96,21551.06579304377,expected_improvement,1,9783894.590427909
1552,fc16f_00005,97,20401.61816586522,expected_improvement,1,9783894.590427909
1553,fc16f_00005,98,22979.856871551667,expected_improvement,1,9783894.590427909
1554,fc16f_00005,99,22365.912833528957,expected_improvement,1,9783894.590427909
1555,fc16f_00005,100,21920.956465779756,expected_improvement,1,9783894.590427909
1556,fc16f_00005,101,22222.885278697828,expected_improvement,1,9783894.590427909
1557,fc16f_00005,102,21874.01144677648,expected_improvement,1,9783894.590427909
1558,fc16f_00005,103,22707.4038999637,expected_improvement,1,9783894.590427909
1559,fc16f_00005,104,25042.463424734495,expected_improvement,1,9783894.590427909
1560,fc16f_00005,105,23936.089082389128,expected_improvement,1,9783894.590427909
1561,fc16f_00005,106,23957.846973187046,expected_improvement,1,9783894.590427909
1562,fc16f_00005,107,23936.596551107374,expected_improvement,1,9783894.590427909
1563,fc16f_00005,108,23975.38652647291,expected_improvement,1,9783894.590427909
1564,fc16f_00005,109,25060.579446557156,expected_improvement,1,9783894.590427909
1565,fc16f_00005,110,24289.381906477458,expected_improvement,1,9783894.590427909
1566,fc16f_00005,111,24152.559108952028,expected_improvement,1,9783894.590427909
1567,fc16f_00005,112,24013.109540093676,expected_improvement,1,9783894.590427909
1568,fc16f_00005,113,25060.70824413938,expected_improvement,1,9783894.590427909
1569,fc16f_00005,114,25005.72746775901,expected_improvement,1,9783894.590427909
1570,fc16f_00005,115,24436.852969422576,expected_improvement,1,9783894.590427909
1571,fc16f_00005,116,23742.771233594412,expected_improvement,1,9783894.590427909
1572,fc16f_00005,117,22647.42116225616,expected_improvement,1,9783894.590427909
1573,fc16f_00005,118,22864.89908233355,expected_improvement,1,9783894.590427909
1574,fc16f_00005,119,23683.59405388718,expected_improvement,1,9783894.590427909
1575,fc16f_00005,120,22264.77225617965,expected_improvement,1,9783894.590427909
1576,fc16f_00005,121,21320.274076917147,expected_improvement,1,9783894.590427909
1577,fc16f_00005,122,26469.071029555358,expected_improvement,1,9783894.590427909
1578,fc16f_00005,123,26560.21424407839,expected_improvement,1,9783894.590427909
1579,fc16f_00005,124,26545.396171339937,expected_improvement,1,9783894.590427909
1580,fc16f_00005,125,27180.079057613355,expected_improvement,1,9783894.590427909
1581,fc16f_00005,126,25413.70039034277,expected_improvement,1,9783894.590427909
1582,fc16f_00005,127,25792.40246584988,expected_improvement,1,9783894.590427909
1583,fc16f_00005,128,25999.28848406307,expected_improvement,1,9783894.590427909
1584,fc16f_00005,129,26117.40317889488,expected_improvement,1,9783894.590427909
1585,fc16f_00005,130,25728.08420561896,expected_improvement,1,9783894.590427909
1586,fc16f_00005,131,25304.419007150984,expected_improvement,1,9783894.590427909
1587,fc16f_00005,132,24171.418165849336,expected_improvement,1,9783894.590427909
1588,fc16f_00005,133,24102.189877642813,expected_improvement,1,9783894.590427909
1589,fc16f_00005,134,22775.392003138986,expected_improvement,1,9783894.590427909
1590,fc16f_00005,135,22505.228519692795,expected_improvement,1,9783894.590427909
1591,fc16f_00005,136,24841.770287532712,expected_improvement,1,9783894.590427909
1592,fc16f_00005,137,26466.03099436589,expected_improvement,1,9783894.590427909
1593,fc16f_00005,138,28072.265939325847,expected_improvement,1,9783894.590427909
1594,fc16f_00005,139,25973.213464749326,expected_improvement,1,9783894.590427909
1595,fc16f_00005,140,26875.569111694884,expected_improvement,1,9783894.590427909
1596,fc16f_00005,141,27255.51643685451,expected_improvement,1,9783894.590427909
1597,fc16f_00005,142,23657.596170578516,expected_improvement,1,9783894.590427909
1598,fc16f_00005,143,24059.02376079429,expected_improvement,1,9783894.590427909
1599,fc16f_00005,144,24437.86246902098,expected_improvement,1,9783894.590427909
1600,fc16f_00005,145,23521.55201742564,expected_improvement,1,9783894.590427909
1601,fc16f_00005,146,23989.389433040786,expected_improvement,1,9783894.590427909
1602,fc16f_00005,147,27138.138278121016,expected_improvement,1,9783894.590427909
1603,fc16f_00005,148,26359.32899911953,expected_improvement,1,9783894.590427909
1604,fc16f_00005,149,29902.809010958597,expected_improvement,1,9783894.590427909
1605,fc16f_00005,150,29558.824391048573,expected_improvement,1,9783894.590427909
1606,fc16f_00005,151,37571.865540265346,expected_improvement,1,9783894.590427909
1607,fc16f_00005,152,38657.95090541512,expected_improvement,1,9783894.590427909
1608,fc16f_00005,153,36892.50446829171,expected_improvement,1,9783894.590427909
1609,fc16f_00005,154,37026.92226043921,expected_improvement,1,9783894.590427909
1610,fc16f_00005,155,36235.847690583134,expected_improvement,1,9783894.590427909
1611,fc16f_00005,156,35135.084345522984,expected_improvement,1,9783894.590427909
1612,fc16f_00005,157,36237.969640530406,expected_improvement,1,9783894.590427909
1613,fc16f_00005,158,36479.466728170846,expected_improvement,1,9783894.590427909
1614,fc16f_00005,159,39252.58990391833,expected_improvement,1,9783894.590427909
1615,fc16f_00005,160,40221.01824788009,expected_improvement,1,9783894.590427909
1616,fc16f_00005,161,40780.77633164498,expected_improvement,1,9783894.590427909
1617,fc16f_00005,162,42711.32360519854,expected_improvement,1,9783894.590427909
1618,fc16f_00005,163,43940.53739852502,expected_improvement,1,9783894.590427909
1619,fc16f_00005,164,49030.48986694563,expected_improvement,1,9783894.590427909
1620,fc16f_00005,165,49190.4085104696,expected_improvement,1,9783894.590427909
1621,fc16f_00005,166,43830.32859292188,expected_improvement,1,9783894.590427909
1622,fc16f_00005,167,40202.13935100305,expected_improvement,1,9783894.590427909
1623,fc16f_00005,168,41083.1999174693,expected_improvement,1,9783894.590427909
1624,fc16f_00005,169,40873.970008148906,expected_improvement,1,9783894.590427909
1625,fc16f_00005,170,40459.84885767108,expected_improvement,1,9783894.590427909
1626,fc16f_00005,171,41443.061525278186,expected_improvement,1,9783894.590427909
1627,fc16f_00005,172,40730.1623428537,expected_improvement,1,9783894.590427909
1628,fc16f_00005,173,39665.79534170736,expected_improvement,1,9783894.590427909
1629,fc16f_00005,174,39957.114091262614,expected_improvement,1,9783894.590427909
1630,fc16f_00005,175,40775.810183378955,expected_improvement,1,9783894.590427909
1631,fc16f_00005,176,41097.61708206468,expected_improvement,1,9783894.590427909
1632,fc16f_00005,177,39322.634043061335,expected_improvement,1,9783894.590427909
1633,fc16f_00005,178,40427.21289469924,expected_improvement,1,9783894.590427909
1634,fc16f_00005,179,40080.557725022685,expected_improvement,1,9783894.590427909
1635,fc16f_00005,180,38971.723415556306,expected_improvement,1,9783894.590427909
1636,fc16f_00005,181,45543.382694499036,expected_improvement,1,9783894.590427909
1637,fc16f_00005,182,46240.07407194615,expected_improvement,1,9783894.590427909
1638,fc16f_00005,183,45706.85232545636,expected_improvement,1,9783894.590427909
1639,fc16f_00005,184,47816.63150693133,expected_improvement,1,9783894.590427909
1640,fc16f_00005,185,47669.745908863464,expected_improvement,1,9783894.590427909
1641,fc16f_00005,186,47704.70000122128,expected_improvement,1,9783894.590427909
1642,fc16f_00005,187,48841.02344625678,expected_improvement,1,9783894.590427909
1643,fc16f_00005,188,48388.583108675324,expected_improvement,1,9783894.590427909
1644,fc16f_00005,189,50017.33228478316,expected_improvement,1,9783894.590427909
1645,fc16f_00005,190,42150.898088487134,expected_improvement,1,9783894.590427909
1646,fc16f_00005,191,48919.48212374341,expected_improvement,1,9783894.590427909
1647,fc16f_00005,192,43191.60799990425,expected_improvement,1,9783894.590427909
1648,fc16f_00005,193,42562.08038838059,expected_improvement,1,9783894.590427909
1649,fc16f_00005,194,52837.27145269294,expected_improvement,1,9783894.590427909
1650,fc16f_00005,195,54764.17472338338,expected_improvement,1,9783894.590427909
1651,fc16f_00005,196,53712.68673765117,expected_improvement,1,9783894.590427909
1652,fc16f_00005,197,55701.32949347088,expected_improvement,1,9783894.590427909
1653,fc16f_00005,198,46850.66666034833,expected_improvement,1,9783894.590427909
1654,fc16f_00005,199,47261.49640577176,expected_improvement,1,9783894.590427909
1655,fc16f_00005,200,44457.21497240639,expected_improvement,1,9783894.590427909
1656,fc16f_00005,201,39888.521064054024,expected_improvement,1,9783894.590427909
1657,fc16f_00005,202,40453.46615564727,expected_improvement,1,9783894.590427909
1658,fc16f_00005,203,42184.78407723571,expected_improvement,1,9783894.590427909
1659,fc16f_00005,204,34332.41022902997,expected_improvement,1,9783894.590427909
1660,fc16f_00005,205,34326.57016123041,expected_improvement,1,9783894.590427909
1661,fc16f_00005,206,32983.55403012818,expected_improvement,1,9783894.590427909
1662,fc16f_00005,207,32935.427321933435,expected_improvement,1,9783894.590427909
1663,fc16f_00005,208,38763.12154096814,expected_improvement,1,9783894.590427909
1664,fc16f_00005,209,47440.6494611257,expected_improvement,1,9783894.590427909
1665,fc16f_00005,210,46485.29979089052,expected_improvement,1,9783894.590427909
1666,fc16f_00005,211,47877.29147344864,expected_improvement,1,9783894.590427909
1667,fc16f_00005,212,51576.79467223539,expected_improvement,1,9783894.590427909
1668,fc16f_00005,213,54698.98173428733,expected_improvement,1,9783894.590427909
1669,fc16f_00005,214,56495.21200533684,expected_improvement,1,9783894.590427909
1670,fc16f_00005,215,57631.396981944024,expected_improvement,1,9783894.590427909
1671,fc16f_00005,216,57553.25676872808,expected_improvement,1,9783894.590427909
1672,fc16f_00005,217,58294.62422564228,expected_improvement,1,9783894.590427909
1673,fc16f_00005,218,60414.122654252875,expected_improvement,1,9783894.590427909
1674,fc16f_00005,219,62684.278417258756,expected_improvement,1,9783894.590427909
1675,fc16f_00005,220,66055.28766128296,expected_improvement,1,9783894.590427909
1676,fc16f_00005,221,60531.85240035128,expected_improvement,1,9783894.590427909
1677,fc16f_00005,222,64809.78682526839,expected_improvement,1,9783894.590427909
1678,fc16f_00005,223,60322.4789129481,expected_improvement,1,9783894.590427909
1679,fc16f_00005,224,60458.444991505596,expected_improvement,1,9783894.590427909
1680,fc16f_00005,225,54475.095776650924,expected_improvement,1,9783894.590427909
1681,fc16f_00005,226,52395.45392821712,expected_improvement,1,9783894.590427909
1682,fc16f_00005,227,51204.619330714486,expected_improvement,1,9783894.590427909
1683,fc16f_00005,228,50407.300209546236,expected_improvement,1,9783894.590427909
1684,fc16f_00005,229,46195.97048373038,expected_improvement,1,9783894.590427909
1685,fc16f_00005,230,46911.47957626182,expected_improvement,1,9783894.590427909
1686,fc16f_00005,231,47432.49470522128,expected_improvement,1,9783894.590427909
1687,fc16f_00005,232,48087.624446057445,expected_improvement,1,9783894.590427909
1688,fc16f_00005,233,54420.67604581963,expected_improvement,1,9783894.590427909
1689,fc16f_00005,234,54395.77511981405,expected_improvement,1,9783894.590427909
1690,fc16f_00005,235,55684.28427534252,expected_improvement,1,9783894.590427909
1691,fc16f_00005,236,55449.58862963538,expected_improvement,1,9783894.590427909
1692,fc16f_00005,237,66535.57629022766,expected_improvement,1,9783894.590427909
1693,fc16f_00005,238,67726.27089636511,expected_improvement,1,9783894.590427909
1694,fc16f_00005,239,74446.38384501069,expected_improvement,1,9783894.590427909
1695,fc16f_00005,240,67694.9744567139,expected_improvement,1,9783894.590427909
1696,fc16f_00005,241,64609.4647881907,expected_improvement,1,9783894.590427909
1697,fc16f_00005,242,65664.05582575465,expected_improvement,1,9783894.590427909
1698,fc16f_00005,243,63174.48683824148,expected_improvement,1,9783894.590427909
1699,fc16f_00005,244,62747.95907713198,expected_improvement,1,9783894.590427909
1700,fc16f_00005,245,73244.10418893101,expected_improvement,1,9783894.590427909
1701,fc16f_00005,246,73230.60637329108,expected_improvement,1,9783894.590427909
1702,fc16f_00005,247,66630.9535593359,expected_improvement,1,9783894.590427909
1703,fc16f_00005,248,65977.59153632898,expected_improvement,1,9783894.590427909
1704,fc16f_00005,249,69464.56240856387,expected_improvement,1,9783894.590427909
1705,fc16f_00005,250,72578.44180549147,expected_improvement,1,9783894.590427909
1706,fc16f_00005,251,71051.8220006121,expected_improvement,1,9783894.590427909
1707,fc16f_00005,252,56186.33686756858,expected_improvement,1,9783894.590427909
1708,fc16f_00005,253,55388.36702613279,expected_improvement,1,9783894.590427909
1709,fc16f_00005,254,55490.624770550734,expected_improvement,1,9783894.590427909
1710,fc16f_00005,255,50318.453662250446,expected_improvement,1,9783894.590427909
1711,fc16f_00005,256,47302.09014012519,expected_improvement,1,9783894.590427909
1712,fc16f_00005,257,49427.063145666754,expected_improvement,1,9783894.590427909
1713,fc16f_00005,258,48436.16207901398,expected_improvement,1,9783894.590427909
1714,fc16f_00005,259,46122.02913237739,expected_improvement,1,9783894.590427909
1715,fc16f_00005,260,46316.99241013426,expected_improvement,1,9783894.590427909
1716,fc16f_00005,261,47633.65333636174,expected_improvement,1,9783894.590427909
1717,fc16f_00005,262,50743.818376613315,expected_improvement,1,9783894.590427909
1718,fc16f_00005,263,50869.15826435693,expected_improvement,1,9783894.590427909
1719,fc16f_00005,264,53757.24577751227,expected_improvement,1,9783894.590427909
1720,fc16f_00005,265,53510.336414391306,expected_improvement,1,9783894.590427909
1721,fc16f_00005,266,53741.21637165908,expected_improvement,1,9783894.590427909
1722,fc16f_00005,267,53020.63783963378,expected_improvement,1,9783894.590427909
1723,fc16f_00005,268,50274.91314492648,expected_improvement,1,9783894.590427909
1724,fc16f_00005,269,51650.76418696999,expected_improvement,1,9783894.590427909
1725,fc16f_00005,270,51693.29302964076,expected_improvement,1,9783894.590427909
1726,fc16f_00005,271,47230.21825269212,expected_improvement,1,9783894.590427909
1727,fc16f_00005,272,47447.84166882171,expected_improvement,1,9783894.590427909
1728,fc16f_00005,273,45148.99329120893,expected_improvement,1,9783894.590427909
1729,fc16f_00005,274,43672.639177094,expected_improvement,1,9783894.590427909
1730,fc16f_00005,275,43135.0208776113,expected_improvement,1,9783894.590427909
1731,fc16f_00005,276,41071.67785308543,expected_improvement,1,9783894.590427909
1732,fc16f_00005,277,43418.66508030428,expected_improvement,1,9783894.590427909
1733,fc16f_00005,278,43280.0573661524,expected_improvement,1,9783894.590427909
1734,fc16f_00005,279,46149.531711285395,expected_improvement,1,9783894.590427909
1735,fc16f_00005,280,57790.30977870304,expected_improvement,1,9783894.590427909
1736,fc16f_00005,281,60295.32945583524,expected_improvement,1,9783894.590427909
1737,fc16f_00005,282,52160.48222365484,expected_improvement,1,9783894.590427909
1738,fc16f_00005,283,42517.83324994968,expected_improvement,1,9783894.590427909
1739,fc16f_00005,284,51342.64802190506,expected_improvement,1,9783894.590427909
1740,fc16f_00005,285,51387.25759571541,expected_improvement,1,9783894.590427909
1741,fc16f_00005,286,51199.57377862201,expected_improvement,1,9783894.590427909
1742,fc16f_00005,287,51207.984103581046,expected_improvement,1,9783894.590427909
1743,fc16f_00005,288,50091.23445152814,expected_improvement,1,9783894.590427909
1744,fc16f_00005,289,50578.84815087778,expected_improvement,1,9783894.590427909
1745,fc16f_00005,290,50779.97429384282,expected_improvement,1,9783894.590427909
1746,fc16f_00006,0,7462.718005199594,expected_improvement,2,13051005.000817113
1747,fc16f_00006,1,7886.6731276917135,expected_improvement,2,13051005.000817113
1748,fc16f_00006,2,6704.042849885658,expected_improvement,2,13051005.000817113
1749,fc16f_00006,3,6320.387758168684,expected_improvement,2,13051005.000817113
1750,fc16f_00006,4,7374.525821797287,expected_improvement,2,13051005.000817113
1751,fc16f_00006,5,6425.314353783589,expected_improvement,2,13051005.000817113
1752,fc16f_00006,6,6016.368483371264,expected_improvement,2,13051005.000817113
1753,fc16f_00006,7,6527.043196335727,expected_improvement,2,13051005.000817113
1754,fc16f_00006,8,7779.664551412943,expected_improvement,2,13051005.000817113
1755,fc16f_00006,9,10581.859224242266,expected_improvement,2,13051005.000817113
1756,fc16f_00006,10,10744.36580062462,expected_improvement,2,13051005.000817113
1757,fc16f_00006,11,10759.673128915914,expected_improvement,2,13051005.000817113
1758,fc16f_00006,12,10429.614551004615,expected_improvement,2,13051005.000817113
1759,fc16f_00006,13,11069.233255477906,expected_improvement,2,13051005.000817113
1760,fc16f_00006,14,7346.162164316393,expected_improvement,2,13051005.000817113
1761,fc16f_00006,15,7173.475118655912,expected_improvement,2,13051005.000817113
1762,fc16f_00006,16,8803.39923711506,expected_improvement,2,13051005.000817113
1763,fc16f_00006,17,8364.986525500943,expected_improvement,2,13051005.000817113
1764,fc16f_00006,18,10151.971642094191,expected_improvement,2,13051005.000817113
1765,fc16f_00006,19,9904.611760296793,expected_improvement,2,13051005.000817113
1766,fc16f_00006,20,10316.807311138098,expected_improvement,2,13051005.000817113
1767,fc16f_00006,21,9184.236251230468,expected_improvement,2,13051005.000817113
1768,fc16f_00006,22,10827.803700208193,expected_improvement,2,13051005.000817113
1769,fc16f_00006,23,11367.027313752396,expected_improvement,2,13051005.000817113
1770,fc16f_00006,24,9910.373224330719,expected_improvement,2,13051005.000817113
1771,fc16f_00006,25,11733.530720434834,expected_improvement,2,13051005.000817113
1772,fc16f_00006,26,11420.342359271399,expected_improvement,2,13051005.000817113
1773,fc16f_00006,27,11926.563354517932,expected_improvement,2,13051005.000817113
1774,fc16f_00006,28,12294.285601258609,expected_improvement,2,13051005.000817113
1775,fc16f_00006,29,15011.625031581865,expected_improvement,2,13051005.000817113
1776,fc16f_00006,30,17780.31673631426,expected_improvement,2,13051005.000817113
1777,fc16f_00006,31,19787.71867291007,expected_improvement,2,13051005.000817113
1778,fc16f_00006,32,13993.493968346205,expected_improvement,2,13051005.000817113
1779,fc16f_00006,33,14307.173112851246,expected_improvement,2,13051005.000817113
1780,fc16f_00006,34,13914.572901891297,expected_improvement,2,13051005.000817113
1781,fc16f_00006,35,13748.255226386364,expected_improvement,2,13051005.000817113
1782,fc16f_00006,36,12747.325907826591,expected_improvement,2,13051005.000817113
1783,fc16f_00006,37,12926.148512613865,expected_improvement,2,13051005.000817113
1784,fc16f_00006,38,13540.466697136417,expected_improvement,2,13051005.000817113
1785,fc16f_00006,39,13554.87090407596,expected_improvement,2,13051005.000817113
1786,fc16f_00006,40,13199.576470559066,expected_improvement,2,13051005.000817113
1787,fc16f_00006,41,9559.223580008911,expected_improvement,2,13051005.000817113
1788,fc16f_00006,42,11267.926617847681,expected_improvement,2,13051005.000817113
1789,fc16f_00006,43,13912.120904697083,expected_improvement,2,13051005.000817113
1790,fc16f_00006,44,13795.003895429885,expected_improvement,2,13051005.000817113
1791,fc16f_00006,45,12777.991130746463,expected_improvement,2,13051005.000817113
1792,fc16f_00006,46,12765.194639053272,expected_improvement,2,13051005.000817113
1793,fc16f_00006,47,13100.590143897414,expected_improvement,2,13051005.000817113
1794,fc16f_00006,48,13587.030758969808,expected_improvement,2,13051005.000817113
1795,fc16f_00006,49,13618.191834332194,expected_improvement,2,13051005.000817113
1796,fc16f_00006,50,19737.964931338847,expected_improvement,2,13051005.000817113
1797,fc16f_00006,51,19716.614084686138,expected_improvement,2,13051005.000817113
1798,fc16f_00006,52,16540.443150137864,expected_improvement,2,13051005.000817113
1799,fc16f_00006,53,16631.873743339005,expected_improvement,2,13051005.000817113
1800,fc16f_00006,54,16683.837700967342,expected_improvement,2,13051005.000817113
1801,fc16f_00006,55,15221.902079882111,expected_improvement,2,13051005.000817113
1802,fc16f_00006,56,14765.586354123958,expected_improvement,2,13051005.000817113
1803,fc16f_00006,57,19723.504288897493,expected_improvement,2,13051005.000817113
1804,fc16f_00006,58,18678.454061804612,expected_improvement,2,13051005.000817113
1805,fc16f_00006,59,18750.073442843073,expected_improvement,2,13051005.000817113
1806,fc16f_00006,60,20124.33235929373,expected_improvement,2,13051005.000817113
1807,fc16f_00006,61,19743.387247008028,expected_improvement,2,13051005.000817113
1808,fc16f_00006,62,19810.986884561415,expected_improvement,2,13051005.000817113
1809,fc16f_00006,63,17120.92035391601,expected_improvement,2,13051005.000817113
1810,fc16f_00006,64,16315.524064708985,expected_improvement,2,13051005.000817113
1811,fc16f_00006,65,16823.648112215633,expected_improvement,2,13051005.000817113
1812,fc16f_00006,66,17707.86582677941,expected_improvement,2,13051005.000817113
1813,fc16f_00006,67,16639.27423020901,expected_improvement,2,13051005.000817113
1814,fc16f_00006,68,17666.89075297305,expected_improvement,2,13051005.000817113
1815,fc16f_00006,69,34968.25423183452,expected_improvement,2,13051005.000817113
1816,fc16f_00006,70,37866.515973194124,expected_improvement,2,13051005.000817113
1817,fc16f_00006,71,38860.28810920682,expected_improvement,2,13051005.000817113
1818,fc16f_00006,72,35871.34682313743,expected_improvement,2,13051005.000817113
1819,fc16f_00006,73,36080.97050990175,expected_improvement,2,13051005.000817113
1820,fc16f_00006,74,28957.250957011955,expected_improvement,2,13051005.000817113
1821,fc16f_00006,75,23263.98216518366,expected_improvement,2,13051005.000817113
1822,fc16f_00006,76,23374.451979370104,expected_improvement,2,13051005.000817113
1823,fc16f_00006,77,21162.380856809723,expected_improvement,2,13051005.000817113
1824,fc16f_00006,78,23950.50891604932,expected_improvement,2,13051005.000817113
1825,fc16f_00006,79,23321.343481162734,expected_improvement,2,13051005.000817113
1826,fc16f_00006,80,22966.424558129227,expected_improvement,2,13051005.000817113
1827,fc16f_00006,81,22425.011347040116,expected_improvement,2,13051005.000817113
1828,fc16f_00006,82,23342.38384710806,expected_improvement,2,13051005.000817113
1829,fc16f_00006,83,23196.80975274052,expected_improvement,2,13051005.000817113
1830,fc16f_00006,84,22717.596290672052,expected_improvement,2,13051005.000817113
1831,fc16f_00006,85,25580.077251923984,expected_improvement,2,13051005.000817113
1832,fc16f_00006,86,26599.437574045667,expected_improvement,2,13051005.000817113
1833,fc16f_00006,87,26534.77322430229,expected_improvement,2,13051005.000817113
1834,fc16f_00006,88,19718.99565800714,expected_improvement,2,13051005.000817113
1835,fc16f_00006,89,20489.92075373899,expected_improvement,2,13051005.000817113
1836,fc16f_00006,90,17226.27555840298,expected_improvement,2,13051005.000817113
1837,fc16f_00006,91,17432.852296369038,expected_improvement,2,13051005.000817113
1838,fc16f_00006,92,17484.92847435499,expected_improvement,2,13051005.000817113
1839,fc16f_00006,93,17247.07216863511,expected_improvement,2,13051005.000817113
1840,fc16f_00006,94,17273.913327846596,expected_improvement,2,13051005.000817113
1841,fc16f_00006,95,15822.078606557181,expected_improvement,2,13051005.000817113
1842,fc16f_00006,96,14800.18035465862,expected_improvement,2,13051005.000817113
1843,fc16f_00006,97,17211.21792898218,expected_improvement,2,13051005.000817113
1844,fc16f_00006,98,36737.77959070716,expected_improvement,2,13051005.000817113
1845,fc16f_00006,99,36141.76275167432,expected_improvement,2,13051005.000817113
1846,fc16f_00006,100,33733.12258001697,expected_improvement,2,13051005.000817113
1847,fc16f_00006,101,34032.37835022748,expected_improvement,2,13051005.000817113
1848,fc16f_00006,102,33492.608896861544,expected_improvement,2,13051005.000817113
1849,fc16f_00006,103,34659.00623231684,expected_improvement,2,13051005.000817113
1850,fc16f_00006,104,34141.67520846915,expected_improvement,2,13051005.000817113
1851,fc16f_00006,105,34884.72416179786,expected_improvement,2,13051005.000817113
1852,fc16f_00006,106,33083.08930701463,expected_improvement,2,13051005.000817113
1853,fc16f_00006,107,35378.40103492301,expected_improvement,2,13051005.000817113
1854,fc16f_00006,108,34336.00386124386,expected_improvement,2,13051005.000817113
1855,fc16f_00006,109,35421.95184674078,expected_improvement,2,13051005.000817113
1856,fc16f_00006,110,35586.02200101135,expected_improvement,2,13051005.000817113
1857,fc16f_00006,111,34150.397586318315,expected_improvement,2,13051005.000817113
1858,fc16f_00006,112,34570.467990790305,expected_improvement,2,13051005.000817113
1859,fc16f_00006,113,34437.539027106075,expected_improvement,2,13051005.000817113
1860,fc16f_00006,114,36130.34511893117,expected_improvement,2,13051005.000817113
1861,fc16f_00006,115,36837.66073804449,expected_improvement,2,13051005.000817113
1862,fc16f_00006,116,38579.118026903074,expected_improvement,2,13051005.000817113
1863,fc16f_00006,117,38693.22543893075,expected_improvement,2,13051005.000817113
1864,fc16f_00006,118,39306.16098517528,expected_improvement,2,13051005.000817113
1865,fc16f_00006,119,42756.53575102714,expected_improvement,2,13051005.000817113
1866,fc16f_00006,120,43223.14099583283,expected_improvement,2,13051005.000817113
1867,fc16f_00006,121,45002.33420403575,expected_improvement,2,13051005.000817113
1868,fc16f_00006,122,42986.07692638588,expected_improvement,2,13051005.000817113
1869,fc16f_00006,123,40185.92829966349,expected_improvement,2,13051005.000817113
1870,fc16f_00006,124,39801.463984807066,expected_improvement,2,13051005.000817113
1871,fc16f_00006,125,42246.01550164461,expected_improvement,2,13051005.000817113
1872,fc16f_00006,126,41278.09968497896,expected_improvement,2,13051005.000817113
1873,fc16f_00006,127,57685.034397739924,expected_improvement,2,13051005.000817113
1874,fc16f_00006,128,56970.58772990671,expected_improvement,2,13051005.000817113
1875,fc16f_00006,129,55536.15585422427,expected_improvement,2,13051005.000817113
1876,fc16f_00006,130,53221.62993722838,expected_improvement,2,13051005.000817113
1877,fc16f_00006,131,58203.517484089985,expected_improvement,2,13051005.000817113
1878,fc16f_00006,132,60655.32086427125,expected_improvement,2,13051005.000817113
1879,fc16f_00006,133,60347.36255111329,expected_improvement,2,13051005.000817113
1880,fc16f_00006,134,52931.42989405649,expected_improvement,2,13051005.000817113
1881,fc16f_00006,135,54595.89857365534,expected_improvement,2,13051005.000817113
1882,fc16f_00006,136,60031.584437442856,expected_improvement,2,13051005.000817113
1883,fc16f_00006,137,60966.289458046966,expected_improvement,2,13051005.000817113
1884,fc16f_00006,138,57341.1616624055,expected_improvement,2,13051005.000817113
1885,fc16f_00006,139,71766.90689243753,expected_improvement,2,13051005.000817113
1886,fc16f_00006,140,70163.67843965569,expected_improvement,2,13051005.000817113
1887,fc16f_00006,141,69181.49432595792,expected_improvement,2,13051005.000817113
1888,fc16f_00006,142,71397.34717093439,expected_improvement,2,13051005.000817113
1889,fc16f_00006,143,71900.64470164094,expected_improvement,2,13051005.000817113
1890,fc16f_00006,144,73328.52710607067,expected_improvement,2,13051005.000817113
1891,fc16f_00006,145,82410.79041571487,expected_improvement,2,13051005.000817113
1892,fc16f_00006,146,86051.23646988465,expected_improvement,2,13051005.000817113
1893,fc16f_00006,147,86087.0824262494,expected_improvement,2,13051005.000817113
1894,fc16f_00006,148,88160.74493397985,expected_improvement,2,13051005.000817113
1895,fc16f_00006,149,86224.88873372502,expected_improvement,2,13051005.000817113
1896,fc16f_00006,150,75039.50626138588,expected_improvement,2,13051005.000817113
1897,fc16f_00006,151,73993.67690018719,expected_improvement,2,13051005.000817113
1898,fc16f_00006,152,68987.69975156849,expected_improvement,2,13051005.000817113
1899,fc16f_00006,153,71825.95382308033,expected_improvement,2,13051005.000817113
1900,fc16f_00006,154,73549.98997110178,expected_improvement,2,13051005.000817113
1901,fc16f_00006,155,76117.34462911334,expected_improvement,2,13051005.000817113
1902,fc16f_00006,156,75919.64456536647,expected_improvement,2,13051005.000817113
1903,fc16f_00006,157,75968.95392091198,expected_improvement,2,13051005.000817113
1904,fc16f_00006,158,101716.04579924677,expected_improvement,2,13051005.000817113
1905,fc16f_00006,159,100687.50057850033,expected_improvement,2,13051005.000817113
1906,fc16f_00006,160,99234.01556225502,expected_improvement,2,13051005.000817113
1907,fc16f_00006,161,96255.40455224965,expected_improvement,2,13051005.000817113
1908,fc16f_00006,162,103043.25993838746,expected_improvement,2,13051005.000817113
1909,fc16f_00006,163,99272.89788481296,expected_improvement,2,13051005.000817113
1910,fc16f_00006,164,99829.07002918741,expected_improvement,2,13051005.000817113
1911,fc16f_00006,165,97472.05597081508,expected_improvement,2,13051005.000817113
1912,fc16f_00006,166,92254.18386506237,expected_improvement,2,13051005.000817113
1913,fc16f_00006,167,95047.54754996249,expected_improvement,2,13051005.000817113
1914,fc16f_00006,168,78784.74764586713,expected_improvement,2,13051005.000817113
1915,fc16f_00006,169,73596.99054684043,expected_improvement,2,13051005.000817113
1916,fc16f_00006,170,85785.48565897217,expected_improvement,2,13051005.000817113
1917,fc16f_00006,171,87544.91741571183,expected_improvement,2,13051005.000817113
1918,fc16f_00006,172,87732.52918738172,expected_improvement,2,13051005.000817113
1919,fc16f_00006,173,80149.28724696279,expected_improvement,2,13051005.000817113
1920,fc16f_00006,174,79825.26310658417,expected_improvement,2,13051005.000817113
1921,fc16f_00006,175,75257.54312762014,expected_improvement,2,13051005.000817113
1922,fc16f_00006,176,74928.12045829304,expected_improvement,2,13051005.000817113
1923,fc16f_00006,177,74652.83396233931,expected_improvement,2,13051005.000817113
1924,fc16f_00006,178,64034.42492290161,expected_improvement,2,13051005.000817113
1925,fc16f_00006,179,66730.4737708426,expected_improvement,2,13051005.000817113
1926,fc16f_00006,180,63127.47954418947,expected_improvement,2,13051005.000817113
1927,fc16f_00006,181,58024.1365777937,expected_improvement,2,13051005.000817113
1928,fc16f_00006,182,58948.37259896072,expected_improvement,2,13051005.000817113
1929,fc16f_00006,183,59554.301891463554,expected_improvement,2,13051005.000817113
1930,fc16f_00006,184,60713.54521942609,expected_improvement,2,13051005.000817113
1931,fc16f_00006,185,64069.28979290277,expected_improvement,2,13051005.000817113
1932,fc16f_00006,186,63178.23427777926,expected_improvement,2,13051005.000817113
1933,fc16f_00006,187,71986.41166702374,expected_improvement,2,13051005.000817113
1934,fc16f_00006,188,74516.59338830342,expected_improvement,2,13051005.000817113
1935,fc16f_00006,189,75685.23835497322,expected_improvement,2,13051005.000817113
1936,fc16f_00006,190,93619.71963883557,expected_improvement,2,13051005.000817113
1937,fc16f_00006,191,93708.322478926,expected_improvement,2,13051005.000817113
1938,fc16f_00006,192,108107.63066211838,expected_improvement,2,13051005.000817113
1939,fc16f_00006,193,96356.9135268506,expected_improvement,2,13051005.000817113
1940,fc16f_00006,194,93743.8587863804,expected_improvement,2,13051005.000817113
1941,fc16f_00006,195,97748.83298972082,expected_improvement,2,13051005.000817113
1942,fc16f_00006,196,99871.55507831028,expected_improvement,2,13051005.000817113
1943,fc16f_00006,197,88413.65438604765,expected_improvement,2,13051005.000817113
1944,fc16f_00006,198,85358.78845683028,expected_improvement,2,13051005.000817113
1945,fc16f_00006,199,84828.09796002945,expected_improvement,2,13051005.000817113
1946,fc16f_00006,200,67790.48809412029,expected_improvement,2,13051005.000817113
1947,fc16f_00006,201,66649.98600797681,expected_improvement,2,13051005.000817113
1948,fc16f_00006,202,52462.598025910214,expected_improvement,2,13051005.000817113
1949,fc16f_00006,203,54741.92257173297,expected_improvement,2,13051005.000817113
1950,fc16f_00006,204,55909.529465553285,expected_improvement,2,13051005.000817113
1951,fc16f_00006,205,58258.81980535627,expected_improvement,2,13051005.000817113
1952,fc16f_00006,206,58193.7387524152,expected_improvement,2,13051005.000817113
1953,fc16f_00006,207,45260.15298877706,expected_improvement,2,13051005.000817113
1954,fc16f_00006,208,43733.28291127917,expected_improvement,2,13051005.000817113
1955,fc16f_00006,209,43522.83147332783,expected_improvement,2,13051005.000817113
1956,fc16f_00006,210,41631.48190011622,expected_improvement,2,13051005.000817113
1957,fc16f_00006,211,42189.351833468856,expected_improvement,2,13051005.000817113
1958,fc16f_00006,212,38951.613569005334,expected_improvement,2,13051005.000817113
1959,fc16f_00006,213,39009.472251196414,expected_improvement,2,13051005.000817113
1960,fc16f_00006,214,39628.82936960073,expected_improvement,2,13051005.000817113
1961,fc16f_00006,215,38908.257348167164,expected_improvement,2,13051005.000817113
1962,fc16f_00006,216,44670.463236887364,expected_improvement,2,13051005.000817113
1963,fc16f_00006,217,49455.847746961605,expected_improvement,2,13051005.000817113
1964,fc16f_00006,218,51937.416219548366,expected_improvement,2,13051005.000817113
1965,fc16f_00006,219,65652.05561155682,expected_improvement,2,13051005.000817113
1966,fc16f_00006,220,67619.55991490657,expected_improvement,2,13051005.000817113
1967,fc16f_00006,221,61203.89794797672,expected_improvement,2,13051005.000817113
1968,fc16f_00006,222,61018.48648945168,expected_improvement,2,13051005.000817113
1969,fc16f_00006,223,58469.4441012481,expected_improvement,2,13051005.000817113
1970,fc16f_00006,224,57601.34731551432,expected_improvement,2,13051005.000817113
1971,fc16f_00006,225,49369.69277327992,expected_improvement,2,13051005.000817113
1972,fc16f_00006,226,49283.01754894664,expected_improvement,2,13051005.000817113
1973,fc16f_00006,227,61509.21041678821,expected_improvement,2,13051005.000817113
1974,fc16f_00006,228,63922.61850876633,expected_improvement,2,13051005.000817113
1975,fc16f_00006,229,70809.7967510113,expected_improvement,2,13051005.000817113
1976,fc16f_00006,230,91866.00251174138,expected_improvement,2,13051005.000817113
1977,fc16f_00006,231,89247.9388496784,expected_improvement,2,13051005.000817113
1978,fc16f_00006,232,90955.25402718475,expected_improvement,2,13051005.000817113
1979,fc16f_00006,233,91879.7119224843,expected_improvement,2,13051005.000817113
1980,fc16f_00006,234,84911.85801911453,expected_improvement,2,13051005.000817113
1981,fc16f_00006,235,102634.34286212447,expected_improvement,2,13051005.000817113
1982,fc16f_00006,236,55297.343510478066,expected_improvement,2,13051005.000817113
1983,fc16f_00006,237,49141.42707821128,expected_improvement,2,13051005.000817113
1984,fc16f_00006,238,43296.13214575585,expected_improvement,2,13051005.000817113
1985,fc16f_00006,239,42302.08390251871,expected_improvement,2,13051005.000817113
1986,fc16f_00006,240,45409.60944888103,expected_improvement,2,13051005.000817113
1987,fc16f_00006,241,44366.608602381486,expected_improvement,2,13051005.000817113
1988,fc16f_00006,242,42242.20234880709,expected_improvement,2,13051005.000817113
1989,fc16f_00006,243,42304.061475374714,expected_improvement,2,13051005.000817113
1990,fc16f_00006,244,43044.11599243462,expected_improvement,2,13051005.000817113
1991,fc16f_00006,245,43245.674420417185,expected_improvement,2,13051005.000817113
1992,fc16f_00006,246,43269.097056741935,expected_improvement,2,13051005.000817113
1993,fc16f_00006,247,43244.11320045242,expected_improvement,2,13051005.000817113
1994,fc16f_00006,248,41046.3446464981,expected_improvement,2,13051005.000817113
1995,fc16f_00006,249,42503.528399394534,expected_improvement,2,13051005.000817113
1996,fc16f_00006,250,38786.464138503085,expected_improvement,2,13051005.000817113
1997,fc16f_00006,251,39351.96699085911,expected_improvement,2,13051005.000817113
1998,fc16f_00006,252,39809.16390154003,expected_improvement,2,13051005.000817113
1999,fc16f_00006,253,39792.538799162576,expected_improvement,2,13051005.000817113
2000,fc16f_00006,254,39732.98284085393,expected_improvement,2,13051005.000817113
2001,fc16f_00006,255,40023.62548125047,expected_improvement,2,13051005.000817113
2002,fc16f_00006,256,41273.077704336305,expected_improvement,2,13051005.000817113
2003,fc16f_00006,257,39941.47642058517,expected_improvement,2,13051005.000817113
2004,fc16f_00006,258,39722.639378060514,expected_improvement,2,13051005.000817113
2005,fc16f_00006,259,42692.100591087954,expected_improvement,2,13051005.000817113
2006,fc16f_00006,260,42143.55469156818,expected_improvement,2,13051005.000817113
2007,fc16f_00006,261,42512.604312799944,expected_improvement,2,13051005.000817113
2008,fc16f_00006,262,47513.89308049902,expected_improvement,2,13051005.000817113
2009,fc16f_00006,263,47767.28279618665,expected_improvement,2,13051005.000817113
2010,fc16f_00006,264,47921.29755351289,expected_improvement,2,13051005.000817113
2011,fc16f_00006,265,48500.374218414836,expected_improvement,2,13051005.000817113
2012,fc16f_00006,266,48817.16237595221,expected_improvement,2,13051005.000817113
2013,fc16f_00006,267,48313.34712488888,expected_improvement,2,13051005.000817113
2014,fc16f_00006,268,51297.18866532283,expected_improvement,2,13051005.000817113
2015,fc16f_00006,269,51477.88372439282,expected_improvement,2,13051005.000817113
2016,fc16f_00006,270,51704.31456518283,expected_improvement,2,13051005.000817113
2017,fc16f_00006,271,50888.07777468035,expected_improvement,2,13051005.000817113
2018,fc16f_00006,272,51048.46439879337,expected_improvement,2,13051005.000817113
2019,fc16f_00006,273,51054.49238127047,expected_improvement,2,13051005.000817113
2020,fc16f_00006,274,51283.8685490657,expected_improvement,2,13051005.000817113
2021,fc16f_00006,275,51489.86681279066,expected_improvement,2,13051005.000817113
2022,fc16f_00006,276,51140.5859650436,expected_improvement,2,13051005.000817113
2023,fc16f_00006,277,49101.08549901857,expected_improvement,2,13051005.000817113
2024,fc16f_00006,278,49086.86736096241,expected_improvement,2,13051005.000817113
2025,fc16f_00006,279,56795.14993199524,expected_improvement,2,13051005.000817113
2026,fc16f_00006,280,53899.005896953306,expected_improvement,2,13051005.000817113
2027,fc16f_00006,281,52971.2800231397,expected_improvement,2,13051005.000817113
2028,fc16f_00006,282,54238.125022988395,expected_improvement,2,13051005.000817113
2029,fc16f_00006,283,54109.62580439828,expected_improvement,2,13051005.000817113
2030,fc16f_00006,284,54134.135608352124,expected_improvement,2,13051005.000817113
2031,fc16f_00006,285,55394.352803186506,expected_improvement,2,13051005.000817113
2032,fc16f_00006,286,51899.95773986607,expected_improvement,2,13051005.000817113
2033,fc16f_00006,287,51842.4396364797,expected_improvement,2,13051005.000817113
2034,fc16f_00006,288,52109.45097516456,expected_improvement,2,13051005.000817113
2035,fc16f_00006,289,65277.521474218454,expected_improvement,2,13051005.000817113
2036,fc16f_00006,290,65363.00864980249,expected_improvement,2,13051005.000817113
2037,fc16f_00007,0,16949.55331308599,expected_improvement,3,18810200.941285156
2038,fc16f_00007,1,6767.698195813269,expected_improvement,3,18810200.941285156
2039,fc16f_00007,2,6596.126618913039,expected_improvement,3,18810200.941285156
2040,fc16f_00007,3,8149.5407576986445,expected_improvement,3,18810200.941285156
2041,fc16f_00007,4,9401.050166346196,expected_improvement,3,18810200.941285156
2042,fc16f_00007,5,8381.990721424136,expected_improvement,3,18810200.941285156
2043,fc16f_00007,6,7825.374270557826,expected_improvement,3,18810200.941285156
2044,fc16f_00007,7,7389.98960471035,expected_improvement,3,18810200.941285156
2045,fc16f_00007,8,7715.849314697719,expected_improvement,3,18810200.941285156
2046,fc16f_00007,9,7792.63665353649,expected_improvement,3,18810200.941285156
2047,fc16f_00007,10,8297.878486912976,expected_improvement,3,18810200.941285156
2048,fc16f_00007,11,10776.143437462615,expected_improvement,3,18810200.941285156
2049,fc16f_00007,12,10202.89482713604,expected_improvement,3,18810200.941285156
2050,fc16f_00007,13,11171.159091376992,expected_improvement,3,18810200.941285156
2051,fc16f_00007,14,11046.505219877523,expected_improvement,3,18810200.941285156
2052,fc16f_00007,15,9993.229104651356,expected_improvement,3,18810200.941285156
2053,fc16f_00007,16,9343.898591622,expected_improvement,3,18810200.941285156
2054,fc16f_00007,17,9267.482729726307,expected_improvement,3,18810200.941285156
2055,fc16f_00007,18,11459.440593368696,expected_improvement,3,18810200.941285156
2056,fc16f_00007,19,14966.518832825217,expected_improvement,3,18810200.941285156
2057,fc16f_00007,20,15241.326242772935,expected_improvement,3,18810200.941285156
2058,fc16f_00007,21,14951.565557759563,expected_improvement,3,18810200.941285156
2059,fc16f_00007,22,18508.99780755055,expected_improvement,3,18810200.941285156
2060,fc16f_00007,23,17351.583740142167,expected_improvement,3,18810200.941285156
2061,fc16f_00007,24,17235.501011721495,expected_improvement,3,18810200.941285156
2062,fc16f_00007,25,16960.85602701085,expected_improvement,3,18810200.941285156
2063,fc16f_00007,26,17472.8677733011,expected_improvement,3,18810200.941285156
2064,fc16f_00007,27,16201.301627331739,expected_improvement,3,18810200.941285156
2065,fc16f_00007,28,17881.26029498031,expected_improvement,3,18810200.941285156
2066,fc16f_00007,29,17295.222086583733,expected_improvement,3,18810200.941285156
2067,fc16f_00007,30,14722.780890147777,expected_improvement,3,18810200.941285156
2068,fc16f_00007,31,14009.055235229682,expected_improvement,3,18810200.941285156
2069,fc16f_00007,32,17769.30276937439,expected_improvement,3,18810200.941285156
2070,fc16f_00007,33,15983.838890800374,expected_improvement,3,18810200.941285156
2071,fc16f_00007,34,16532.07090307462,expected_improvement,3,18810200.941285156
2072,fc16f_00007,35,16538.51317555122,expected_improvement,3,18810200.941285156
2073,fc16f_00007,36,24400.987897249226,expected_improvement,3,18810200.941285156
2074,fc16f_00007,37,24133.750793365627,expected_improvement,3,18810200.941285156
2075,fc16f_00007,38,19070.395242191822,expected_improvement,3,18810200.941285156
2076,fc16f_00007,39,14723.239754601105,expected_improvement,3,18810200.941285156
2077,fc16f_00007,40,16173.090997541762,expected_improvement,3,18810200.941285156
2078,fc16f_00007,41,16993.329671223863,expected_improvement,3,18810200.941285156
2079,fc16f_00007,42,19476.68704509085,expected_improvement,3,18810200.941285156
2080,fc16f_00007,43,17521.145112819304,expected_improvement,3,18810200.941285156
2081,fc16f_00007,44,17595.887462360595,expected_improvement,3,18810200.941285156
2082,fc16f_00007,45,15248.836307502253,expected_improvement,3,18810200.941285156
2083,fc16f_00007,46,12887.892884364326,expected_improvement,3,18810200.941285156
2084,fc16f_00007,47,16717.888588386533,expected_improvement,3,18810200.941285156
2085,fc16f_00007,48,16604.543986613535,expected_improvement,3,18810200.941285156
2086,fc16f_00007,49,17393.73858915318,expected_improvement,3,18810200.941285156
2087,fc16f_00007,50,16349.246166105593,expected_improvement,3,18810200.941285156
2088,fc16f_00007,51,14935.907988754618,expected_improvement,3,18810200.941285156
2089,fc16f_00007,52,14859.71774266435,expected_improvement,3,18810200.941285156
2090,fc16f_00007,53,14232.730112992145,expected_improvement,3,18810200.941285156
2091,fc16f_00007,54,24461.4786037957,expected_improvement,3,18810200.941285156
2092,fc16f_00007,55,26902.97331118672,expected_improvement,3,18810200.941285156
2093,fc16f_00007,56,30418.32785252101,expected_improvement,3,18810200.941285156
2094,fc16f_00007,57,30264.587277498093,expected_improvement,3,18810200.941285156
2095,fc16f_00007,58,27177.103907784312,expected_improvement,3,18810200.941285156
2096,fc16f_00007,59,26352.981132209105,expected_improvement,3,18810200.941285156
2097,fc16f_00007,60,34463.58582429738,expected_improvement,3,18810200.941285156
2098,fc16f_00007,61,36807.500548635384,expected_improvement,3,18810200.941285156
2099,fc16f_00007,62,27352.06825721103,expected_improvement,3,18810200.941285156
2100,fc16f_00007,63,20316.064069028806,expected_improvement,3,18810200.941285156
2101,fc16f_00007,64,24166.88289075047,expected_improvement,3,18810200.941285156
2102,fc16f_00007,65,22927.93774921301,expected_improvement,3,18810200.941285156
2103,fc16f_00007,66,19519.724146524222,expected_improvement,3,18810200.941285156
2104,fc16f_00007,67,18778.553157448863,expected_improvement,3,18810200.941285156
2105,fc16f_00007,68,18860.744329436777,expected_improvement,3,18810200.941285156
2106,fc16f_00007,69,20543.553759652143,expected_improvement,3,18810200.941285156
2107,fc16f_00007,70,17286.397096160505,expected_improvement,3,18810200.941285156
2108,fc16f_00007,71,16197.955004186486,expected_improvement,3,18810200.941285156
2109,fc16f_00007,72,15695.371385321696,expected_improvement,3,18810200.941285156
2110,fc16f_00007,73,21256.0675868182,expected_improvement,3,18810200.941285156
2111,fc16f_00007,74,21341.120703865265,expected_improvement,3,18810200.941285156
2112,fc16f_00007,75,19347.712996610597,expected_improvement,3,18810200.941285156
2113,fc16f_00007,76,28599.307181887012,expected_improvement,3,18810200.941285156
2114,fc16f_00007,77,31826.617181910005,expected_improvement,3,18810200.941285156
2115,fc16f_00007,78,30566.759963040604,expected_improvement,3,18810200.941285156
2116,fc16f_00007,79,30242.935041422097,expected_improvement,3,18810200.941285156
2117,fc16f_00007,80,26629.592833821294,expected_improvement,3,18810200.941285156
2118,fc16f_00007,81,27596.78635237623,expected_improvement,3,18810200.941285156
2119,fc16f_00007,82,27908.273522789612,expected_improvement,3,18810200.941285156
2120,fc16f_00007,83,33439.45126995924,expected_improvement,3,18810200.941285156
2121,fc16f_00007,84,33868.96125689852,expected_improvement,3,18810200.941285156
2122,fc16f_00007,85,34107.085365082916,expected_improvement,3,18810200.941285156
2123,fc16f_00007,86,39615.51885523118,expected_improvement,3,18810200.941285156
2124,fc16f_00007,87,34619.15057348277,expected_improvement,3,18810200.941285156
2125,fc16f_00007,88,34741.72180586889,expected_improvement,3,18810200.941285156
2126,fc16f_00007,89,34867.08279532245,expected_improvement,3,18810200.941285156
2127,fc16f_00007,90,34085.74554362348,expected_improvement,3,18810200.941285156
2128,fc16f_00007,91,33786.67421075752,expected_improvement,3,18810200.941285156
2129,fc16f_00007,92,29939.427266071063,expected_improvement,3,18810200.941285156
2130,fc16f_00007,93,32039.715928714984,expected_improvement,3,18810200.941285156
2131,fc16f_00007,94,34400.19584599421,expected_improvement,3,18810200.941285156
2132,fc16f_00007,95,32066.82735392042,expected_improvement,3,18810200.941285156
2133,fc16f_00007,96,31302.05459574413,expected_improvement,3,18810200.941285156
2134,fc16f_00007,97,30498.827232114585,expected_improvement,3,18810200.941285156
2135,fc16f_00007,98,30449.051772232317,expected_improvement,3,18810200.941285156
2136,fc16f_00007,99,41487.47364280327,expected_improvement,3,18810200.941285156
2137,fc16f_00007,100,39815.44301010528,expected_improvement,3,18810200.941285156
2138,fc16f_00007,101,38900.401775833925,expected_improvement,3,18810200.941285156
2139,fc16f_00007,102,39047.16419456858,expected_improvement,3,18810200.941285156
2140,fc16f_00007,103,49062.92492042852,expected_improvement,3,18810200.941285156
2141,fc16f_00007,104,45251.763597786805,expected_improvement,3,18810200.941285156
2142,fc16f_00007,105,46322.65581398354,expected_improvement,3,18810200.941285156
2143,fc16f_00007,106,46261.12141493232,expected_improvement,3,18810200.941285156
2144,fc16f_00007,107,47658.35441299727,expected_improvement,3,18810200.941285156
2145,fc16f_00007,108,46852.16583695937,expected_improvement,3,18810200.941285156
2146,fc16f_00007,109,46902.29627159641,expected_improvement,3,18810200.941285156
2147,fc16f_00007,110,45790.755274312374,expected_improvement,3,18810200.941285156
2148,fc16f_00007,111,45725.30964746953,expected_improvement,3,18810200.941285156
2149,fc16f_00007,112,45578.05145348465,expected_improvement,3,18810200.941285156
2150,fc16f_00007,113,47968.42627908635,expected_improvement,3,18810200.941285156
2151,fc16f_00007,114,60073.486922559474,expected_improvement,3,18810200.941285156
2152,fc16f_00007,115,55256.86379857693,expected_improvement,3,18810200.941285156
2153,fc16f_00007,116,49070.599171075184,expected_improvement,3,18810200.941285156
2154,fc16f_00007,117,50316.05720682638,expected_improvement,3,18810200.941285156
2155,fc16f_00007,118,50307.871481550224,expected_improvement,3,18810200.941285156
2156,fc16f_00007,119,50999.947479691815,expected_improvement,3,18810200.941285156
2157,fc16f_00007,120,67525.192553414,expected_improvement,3,18810200.941285156
2158,fc16f_00007,121,66138.46273462466,expected_improvement,3,18810200.941285156
2159,fc16f_00007,122,67392.8850418445,expected_improvement,3,18810200.941285156
2160,fc16f_00007,123,61583.71002396902,expected_improvement,3,18810200.941285156
2161,fc16f_00007,124,64508.417051256874,expected_improvement,3,18810200.941285156
2162,fc16f_00007,125,64006.28046672281,expected_improvement,3,18810200.941285156
2163,fc16f_00007,126,57438.76316591951,expected_improvement,3,18810200.941285156
2164,fc16f_00007,127,57560.77800592699,expected_improvement,3,18810200.941285156
2165,fc16f_00007,128,57453.858619671904,expected_improvement,3,18810200.941285156
2166,fc16f_00007,129,61740.28812770785,expected_improvement,3,18810200.941285156
2167,fc16f_00007,130,64900.525282711016,expected_improvement,3,18810200.941285156
2168,fc16f_00007,131,67941.73483016911,expected_improvement,3,18810200.941285156
2169,fc16f_00007,132,65571.7502321689,expected_improvement,3,18810200.941285156
2170,fc16f_00007,133,100054.86088988336,expected_improvement,3,18810200.941285156
2171,fc16f_00007,134,99121.32131527578,expected_improvement,3,18810200.941285156
2172,fc16f_00007,135,96267.60376351426,expected_improvement,3,18810200.941285156
2173,fc16f_00007,136,94892.94018347177,expected_improvement,3,18810200.941285156
2174,fc16f_00007,137,104210.20170041767,expected_improvement,3,18810200.941285156
2175,fc16f_00007,138,95229.67923680096,expected_improvement,3,18810200.941285156
2176,fc16f_00007,139,100658.96430042225,expected_improvement,3,18810200.941285156
2177,fc16f_00007,140,85666.77374009218,expected_improvement,3,18810200.941285156
2178,fc16f_00007,141,100768.7942745076,expected_improvement,3,18810200.941285156
2179,fc16f_00007,142,102221.8151444097,expected_improvement,3,18810200.941285156
2180,fc16f_00007,143,104516.75299423635,expected_improvement,3,18810200.941285156
2181,fc16f_00007,144,106984.34693101075,expected_improvement,3,18810200.941285156
2182,fc16f_00007,145,114776.71019732268,expected_improvement,3,18810200.941285156
2183,fc16f_00007,146,112791.16858130306,expected_improvement,3,18810200.941285156
2184,fc16f_00007,147,103109.5939681453,expected_improvement,3,18810200.941285156
2185,fc16f_00007,148,103922.29916141862,expected_improvement,3,18810200.941285156
2186,fc16f_00007,149,106661.04942595694,expected_improvement,3,18810200.941285156
2187,fc16f_00007,150,105068.13573117433,expected_improvement,3,18810200.941285156
2188,fc16f_00007,151,97319.07352575667,expected_improvement,3,18810200.941285156
2189,fc16f_00007,152,92764.22177605156,expected_improvement,3,18810200.941285156
2190,fc16f_00007,153,105288.91396986462,expected_improvement,3,18810200.941285156
2191,fc16f_00007,154,107525.43889672343,expected_improvement,3,18810200.941285156
2192,fc16f_00007,155,104764.23601779071,expected_improvement,3,18810200.941285156
2193,fc16f_00007,156,102090.54107585069,expected_improvement,3,18810200.941285156
2194,fc16f_00007,157,103133.39111955995,expected_improvement,3,18810200.941285156
2195,fc16f_00007,158,106857.3324021977,expected_improvement,3,18810200.941285156
2196,fc16f_00007,159,112383.29146473954,expected_improvement,3,18810200.941285156
2197,fc16f_00007,160,111204.43963481857,expected_improvement,3,18810200.941285156
2198,fc16f_00007,161,123788.10253673859,expected_improvement,3,18810200.941285156
2199,fc16f_00007,162,123893.70203652253,expected_improvement,3,18810200.941285156
2200,fc16f_00007,163,124328.23550596418,expected_improvement,3,18810200.941285156
2201,fc16f_00007,164,127906.03387116054,expected_improvement,3,18810200.941285156
2202,fc16f_00007,165,117147.39361341731,expected_improvement,3,18810200.941285156
2203,fc16f_00007,166,116621.85933842142,expected_improvement,3,18810200.941285156
2204,fc16f_00007,167,111028.55710604522,expected_improvement,3,18810200.941285156
2205,fc16f_00007,168,114938.40526868394,expected_improvement,3,18810200.941285156
2206,fc16f_00007,169,120151.24050872673,expected_improvement,3,18810200.941285156
2207,fc16f_00007,170,121505.78722216314,expected_improvement,3,18810200.941285156
2208,fc16f_00007,171,120786.9914388697,expected_improvement,3,18810200.941285156
2209,fc16f_00007,172,120740.65794958902,expected_improvement,3,18810200.941285156
2210,fc16f_00007,173,137660.68267921728,expected_improvement,3,18810200.941285156
2211,fc16f_00007,174,136230.208197189,expected_improvement,3,18810200.941285156
2212,fc16f_00007,175,134330.3846821805,expected_improvement,3,18810200.941285156
2213,fc16f_00007,176,132481.1697098146,expected_improvement,3,18810200.941285156
2214,fc16f_00007,177,134224.0697932049,expected_improvement,3,18810200.941285156
2215,fc16f_00007,178,134915.29742424077,expected_improvement,3,18810200.941285156
2216,fc16f_00007,179,132450.97229485455,expected_improvement,3,18810200.941285156
2217,fc16f_00007,180,127614.49332345395,expected_improvement,3,18810200.941285156
2218,fc16f_00007,181,125943.27627417038,expected_improvement,3,18810200.941285156
2219,fc16f_00007,182,109516.00704524908,expected_improvement,3,18810200.941285156
2220,fc16f_00007,183,101938.11734468964,expected_improvement,3,18810200.941285156
2221,fc16f_00007,184,107213.7598551334,expected_improvement,3,18810200.941285156
2222,fc16f_00007,185,115013.6523661766,expected_improvement,3,18810200.941285156
2223,fc16f_00007,186,112780.43134981448,expected_improvement,3,18810200.941285156
2224,fc16f_00007,187,109983.8033367767,expected_improvement,3,18810200.941285156
2225,fc16f_00007,188,103057.75508956263,expected_improvement,3,18810200.941285156
2226,fc16f_00007,189,104732.07998718754,expected_improvement,3,18810200.941285156
2227,fc16f_00007,190,97807.38566365239,expected_improvement,3,18810200.941285156
2228,fc16f_00007,191,97810.14496647216,expected_improvement,3,18810200.941285156
2229,fc16f_00007,192,94409.59513650283,expected_improvement,3,18810200.941285156
2230,fc16f_00007,193,95237.22455800918,expected_improvement,3,18810200.941285156
2231,fc16f_00007,194,99924.20439208223,expected_improvement,3,18810200.941285156
2232,fc16f_00007,195,94557.7040668782,expected_improvement,3,18810200.941285156
2233,fc16f_00007,196,90206.1536600248,expected_improvement,3,18810200.941285156
2234,fc16f_00007,197,91646.7706094162,expected_improvement,3,18810200.941285156
2235,fc16f_00007,198,86275.19500140406,expected_improvement,3,18810200.941285156
2236,fc16f_00007,199,85591.41880618298,expected_improvement,3,18810200.941285156
2237,fc16f_00007,200,90022.77134632594,expected_improvement,3,18810200.941285156
2238,fc16f_00007,201,89805.20355645489,expected_improvement,3,18810200.941285156
2239,fc16f_00007,202,92456.59773639105,expected_improvement,3,18810200.941285156
2240,fc16f_00007,203,97503.2207669627,expected_improvement,3,18810200.941285156
2241,fc16f_00007,204,98131.82179668004,expected_improvement,3,18810200.941285156
2242,fc16f_00007,205,97320.93943772306,expected_improvement,3,18810200.941285156
2243,fc16f_00007,206,94425.05194149997,expected_improvement,3,18810200.941285156
2244,fc16f_00007,207,91644.67150527972,expected_improvement,3,18810200.941285156
2245,fc16f_00007,208,92285.02034469615,expected_improvement,3,18810200.941285156
2246,fc16f_00007,209,93246.11547986619,expected_improvement,3,18810200.941285156
2247,fc16f_00007,210,97928.13335933258,expected_improvement,3,18810200.941285156
2248,fc16f_00007,211,94986.82740509609,expected_improvement,3,18810200.941285156
2249,fc16f_00007,212,101850.92575139884,expected_improvement,3,18810200.941285156
2250,fc16f_00007,213,102158.66953754547,expected_improvement,3,18810200.941285156
2251,fc16f_00007,214,98572.62463135958,expected_improvement,3,18810200.941285156
2252,fc16f_00007,215,102584.66682827997,expected_improvement,3,18810200.941285156
2253,fc16f_00007,216,104174.18881919335,expected_improvement,3,18810200.941285156
2254,fc16f_00007,217,103503.46752828128,expected_improvement,3,18810200.941285156
2255,fc16f_00007,218,97294.23634853354,expected_improvement,3,18810200.941285156
2256,fc16f_00007,219,100217.77753766604,expected_improvement,3,18810200.941285156
2257,fc16f_00007,220,95660.83074639855,expected_improvement,3,18810200.941285156
2258,fc16f_00007,221,97284.69995363454,expected_improvement,3,18810200.941285156
2259,fc16f_00007,222,98855.91669403766,expected_improvement,3,18810200.941285156
2260,fc16f_00007,223,92441.28812289792,expected_improvement,3,18810200.941285156
2261,fc16f_00007,224,68700.78032979288,expected_improvement,3,18810200.941285156
2262,fc16f_00007,225,76627.71922294999,expected_improvement,3,18810200.941285156
2263,fc16f_00007,226,78075.00187349673,expected_improvement,3,18810200.941285156
2264,fc16f_00007,227,87364.42887447757,expected_improvement,3,18810200.941285156
2265,fc16f_00007,228,85567.4346880739,expected_improvement,3,18810200.941285156
2266,fc16f_00007,229,75141.33476144297,expected_improvement,3,18810200.941285156
2267,fc16f_00007,230,71284.4994567253,expected_improvement,3,18810200.941285156
2268,fc16f_00007,231,72351.30725971442,expected_improvement,3,18810200.941285156
2269,fc16f_00007,232,73332.42496054078,expected_improvement,3,18810200.941285156
2270,fc16f_00007,233,69478.99634401215,expected_improvement,3,18810200.941285156
2271,fc16f_00007,234,69625.88296835964,expected_improvement,3,18810200.941285156
2272,fc16f_00007,235,69875.44175261214,expected_improvement,3,18810200.941285156
2273,fc16f_00007,236,69884.78236178831,expected_improvement,3,18810200.941285156
2274,fc16f_00007,237,69810.69707426579,expected_improvement,3,18810200.941285156
2275,fc16f_00007,238,70805.3234715772,expected_improvement,3,18810200.941285156
2276,fc16f_00007,239,70071.33903191364,expected_improvement,3,18810200.941285156
2277,fc16f_00007,240,72595.61051625755,expected_improvement,3,18810200.941285156
2278,fc16f_00007,241,73849.60775773152,expected_improvement,3,18810200.941285156
2279,fc16f_00007,242,73573.9528033355,expected_improvement,3,18810200.941285156
2280,fc16f_00007,243,74877.16742175874,expected_improvement,3,18810200.941285156
2281,fc16f_00007,244,74897.09856834522,expected_improvement,3,18810200.941285156
2282,fc16f_00007,245,75034.135290947,expected_improvement,3,18810200.941285156
2283,fc16f_00007,246,72884.19353942711,expected_improvement,3,18810200.941285156
2284,fc16f_00007,247,72743.7383967276,expected_improvement,3,18810200.941285156
2285,fc16f_00007,248,72927.89815255902,expected_improvement,3,18810200.941285156
2286,fc16f_00007,249,72824.4884976482,expected_improvement,3,18810200.941285156
2287,fc16f_00007,250,68936.95616778942,expected_improvement,3,18810200.941285156
2288,fc16f_00007,251,66823.68472325064,expected_improvement,3,18810200.941285156
2289,fc16f_00007,252,69610.25312585695,expected_improvement,3,18810200.941285156
2290,fc16f_00007,253,69913.62019278634,expected_improvement,3,18810200.941285156
2291,fc16f_00007,254,70801.07940935316,expected_improvement,3,18810200.941285156
2292,fc16f_00007,255,70834.00538757653,expected_improvement,3,18810200.941285156
2293,fc16f_00007,256,71460.56569885636,expected_improvement,3,18810200.941285156
2294,fc16f_00007,257,74506.80151984599,expected_improvement,3,18810200.941285156
2295,fc16f_00007,258,76950.4210236549,expected_improvement,3,18810200.941285156
2296,fc16f_00007,259,94486.19040246194,expected_improvement,3,18810200.941285156
2297,fc16f_00007,260,92848.63971105346,expected_improvement,3,18810200.941285156
2298,fc16f_00007,261,89031.97904163515,expected_improvement,3,18810200.941285156
2299,fc16f_00007,262,87864.11673847813,expected_improvement,3,18810200.941285156
2300,fc16f_00007,263,91009.96114194853,expected_improvement,3,18810200.941285156
2301,fc16f_00007,264,91697.88641292149,expected_improvement,3,18810200.941285156
2302,fc16f_00007,265,91697.7311169082,expected_improvement,3,18810200.941285156
2303,fc16f_00007,266,91653.70882974991,expected_improvement,3,18810200.941285156
2304,fc16f_00007,267,91408.3710655489,expected_improvement,3,18810200.941285156
2305,fc16f_00007,268,91005.51451977051,expected_improvement,3,18810200.941285156
2306,fc16f_00007,269,89914.99974860536,expected_improvement,3,18810200.941285156
2307,fc16f_00007,270,85622.76491383891,expected_improvement,3,18810200.941285156
2308,fc16f_00007,271,93141.21493760751,expected_improvement,3,18810200.941285156
2309,fc16f_00007,272,92074.00118631902,expected_improvement,3,18810200.941285156
2310,fc16f_00007,273,104931.55802751804,expected_improvement,3,18810200.941285156
2311,fc16f_00007,274,105107.3496522581,expected_improvement,3,18810200.941285156
2312,fc16f_00007,275,102357.05520283664,expected_improvement,3,18810200.941285156
2313,fc16f_00007,276,95340.87347349383,expected_improvement,3,18810200.941285156
2314,fc16f_00007,277,91576.02019614339,expected_improvement,3,18810200.941285156
2315,fc16f_00007,278,94839.50713715095,expected_improvement,3,18810200.941285156
2316,fc16f_00007,279,95976.7679606363,expected_improvement,3,18810200.941285156
2317,fc16f_00007,280,80923.33150371313,expected_improvement,3,18810200.941285156
2318,fc16f_00007,281,80667.0347348001,expected_improvement,3,18810200.941285156
2319,fc16f_00007,282,76397.34153597035,expected_improvement,3,18810200.941285156
2320,fc16f_00007,283,76403.99939185721,expected_improvement,3,18810200.941285156
2321,fc16f_00007,284,75876.67712724813,expected_improvement,3,18810200.941285156
2322,fc16f_00007,285,77775.08057981938,expected_improvement,3,18810200.941285156
2323,fc16f_00007,286,77505.1341299205,expected_improvement,3,18810200.941285156
2324,fc16f_00007,287,80235.48475772889,expected_improvement,3,18810200.941285156
2325,fc16f_00007,288,79781.53626504898,expected_improvement,3,18810200.941285156
2326,fc16f_00007,289,77924.2238429072,expected_improvement,3,18810200.941285156
2327,fc16f_00007,290,78080.50286607529,expected_improvement,3,18810200.941285156
2328,fc16f_00008,0,12661.617035255267,expected_improvement,4,13018275.568927724
2329,fc16f_00008,1,10217.698162039836,expected_improvement,4,13018275.568927724
2330,fc16f_00008,2,12828.714044998223,expected_improvement,4,13018275.568927724
2331,fc16f_00008,3,7811.315510709919,expected_improvement,4,13018275.568927724
2332,fc16f_00008,4,8070.547022647619,expected_improvement,4,13018275.568927724
2333,fc16f_00008,5,8992.035441647618,expected_improvement,4,13018275.568927724
2334,fc16f_00008,6,8894.422910964697,expected_improvement,4,13018275.568927724
2335,fc16f_00008,7,11441.122743423191,expected_improvement,4,13018275.568927724
2336,fc16f_00008,8,7461.331227944981,expected_improvement,4,13018275.568927724
2337,fc16f_00008,9,5797.861069961481,expected_improvement,4,13018275.568927724
2338,fc16f_00008,10,6771.264615862798,expected_improvement,4,13018275.568927724
2339,fc16f_00008,11,6007.49345929966,expected_improvement,4,13018275.568927724
2340,fc16f_00008,12,5545.770306715524,expected_improvement,4,13018275.568927724
2341,fc16f_00008,13,7259.184314832923,expected_improvement,4,13018275.568927724
2342,fc16f_00008,14,7752.832807031904,expected_improvement,4,13018275.568927724
2343,fc16f_00008,15,8143.821260507951,expected_improvement,4,13018275.568927724
2344,fc16f_00008,16,8329.17624718717,expected_improvement,4,13018275.568927724
2345,fc16f_00008,17,8291.42089725271,expected_improvement,4,13018275.568927724
2346,fc16f_00008,18,10421.500596664959,expected_improvement,4,13018275.568927724
2347,fc16f_00008,19,11889.215303765412,expected_improvement,4,13018275.568927724
2348,fc16f_00008,20,12041.089428893898,expected_improvement,4,13018275.568927724
2349,fc16f_00008,21,11890.490929353227,expected_improvement,4,13018275.568927724
2350,fc16f_00008,22,17257.330945918,expected_improvement,4,13018275.568927724
2351,fc16f_00008,23,15863.831295959611,expected_improvement,4,13018275.568927724
2352,fc16f_00008,24,24341.218467914983,expected_improvement,4,13018275.568927724
2353,fc16f_00008,25,25807.54475721823,expected_improvement,4,13018275.568927724
2354,fc16f_00008,26,24450.81451484157,expected_improvement,4,13018275.568927724
2355,fc16f_00008,27,27263.640928625864,expected_improvement,4,13018275.568927724
2356,fc16f_00008,28,25317.771346461162,expected_improvement,4,13018275.568927724
2357,fc16f_00008,29,26374.67284884219,expected_improvement,4,13018275.568927724
2358,fc16f_00008,30,29856.87872443882,expected_improvement,4,13018275.568927724
2359,fc16f_00008,31,34020.62058940942,expected_improvement,4,13018275.568927724
2360,fc16f_00008,32,36963.117582794184,expected_improvement,4,13018275.568927724
2361,fc16f_00008,33,38737.14411006398,expected_improvement,4,13018275.568927724
2362,fc16f_00008,34,41790.922646399646,expected_improvement,4,13018275.568927724
2363,fc16f_00008,35,37014.32109448671,expected_improvement,4,13018275.568927724
2364,fc16f_00008,36,42878.14605981151,expected_improvement,4,13018275.568927724
2365,fc16f_00008,37,49472.37870085379,expected_improvement,4,13018275.568927724
2366,fc16f_00008,38,48232.51663356666,expected_improvement,4,13018275.568927724
2367,fc16f_00008,39,47666.76750819841,expected_improvement,4,13018275.568927724
2368,fc16f_00008,40,43012.72103302087,expected_improvement,4,13018275.568927724
2369,fc16f_00008,41,49034.092681752896,expected_improvement,4,13018275.568927724
2370,fc16f_00008,42,39136.50134458783,expected_improvement,4,13018275.568927724
2371,fc16f_00008,43,43861.569031726576,expected_improvement,4,13018275.568927724
2372,fc16f_00008,44,42781.19765776256,expected_improvement,4,13018275.568927724
2373,fc16f_00008,45,41892.332286170655,expected_improvement,4,13018275.568927724
2374,fc16f_00008,46,52787.60607370099,expected_improvement,4,13018275.568927724
2375,fc16f_00008,47,51240.93728328079,expected_improvement,4,13018275.568927724
2376,fc16f_00008,48,47473.444614434586,expected_improvement,4,13018275.568927724
2377,fc16f_00008,49,50824.73336937675,expected_improvement,4,13018275.568927724
2378,fc16f_00008,50,41726.91160057629,expected_improvement,4,13018275.568927724
2379,fc16f_00008,51,41577.81065168514,expected_improvement,4,13018275.568927724
2380,fc16f_00008,52,40622.60210058261,expected_improvement,4,13018275.568927724
2381,fc16f_00008,53,52251.33474237921,expected_improvement,4,13018275.568927724
2382,fc16f_00008,54,52786.60533548522,expected_improvement,4,13018275.568927724
2383,fc16f_00008,55,52202.48859467445,expected_improvement,4,13018275.568927724
2384,fc16f_00008,56,52239.71512418291,expected_improvement,4,13018275.568927724
2385,fc16f_00008,57,25008.17233257466,expected_improvement,4,13018275.568927724
2386,fc16f_00008,58,26626.93771349343,expected_improvement,4,13018275.568927724
2387,fc16f_00008,59,29948.38973333203,expected_improvement,4,13018275.568927724
2388,fc16f_00008,60,32726.137611919163,expected_improvement,4,13018275.568927724
2389,fc16f_00008,61,24989.993475526964,expected_improvement,4,13018275.568927724
2390,fc16f_00008,62,24181.863339440253,expected_improvement,4,13018275.568927724
2391,fc16f_00008,63,24290.386079844797,expected_improvement,4,13018275.568927724
2392,fc16f_00008,64,26247.25410589893,expected_improvement,4,13018275.568927724
2393,fc16f_00008,65,26210.318227070948,expected_improvement,4,13018275.568927724
2394,fc16f_00008,66,20125.29024732213,expected_improvement,4,13018275.568927724
2395,fc16f_00008,67,20700.387596518194,expected_improvement,4,13018275.568927724
2396,fc16f_00008,68,17999.937671554464,expected_improvement,4,13018275.568927724
2397,fc16f_00008,69,19043.524136867672,expected_improvement,4,13018275.568927724
2398,fc16f_00008,70,22254.017287921048,expected_improvement,4,13018275.568927724
2399,fc16f_00008,71,22929.883641189434,expected_improvement,4,13018275.568927724
2400,fc16f_00008,72,23018.980010113093,expected_improvement,4,13018275.568927724
2401,fc16f_00008,73,23435.40986004593,expected_improvement,4,13018275.568927724
2402,fc16f_00008,74,25126.23745652082,expected_improvement,4,13018275.568927724
2403,fc16f_00008,75,22030.36558361486,expected_improvement,4,13018275.568927724
2404,fc16f_00008,76,23489.13336905975,expected_improvement,4,13018275.568927724
2405,fc16f_00008,77,24280.800209014615,expected_improvement,4,13018275.568927724
2406,fc16f_00008,78,22464.20941147803,expected_improvement,4,13018275.568927724
2407,fc16f_00008,79,20526.071920079998,expected_improvement,4,13018275.568927724
2408,fc16f_00008,80,20513.018828103468,expected_improvement,4,13018275.568927724
2409,fc16f_00008,81,22306.077616116774,expected_improvement,4,13018275.568927724
2410,fc16f_00008,82,22599.93579427446,expected_improvement,4,13018275.568927724
2411,fc16f_00008,83,23464.592523562318,expected_improvement,4,13018275.568927724
2412,fc16f_00008,84,20978.163163801106,expected_improvement,4,13018275.568927724
2413,fc16f_00008,85,21365.838715187372,expected_improvement,4,13018275.568927724
2414,fc16f_00008,86,18028.68784658785,expected_improvement,4,13018275.568927724
2415,fc16f_00008,87,22809.065186156156,expected_improvement,4,13018275.568927724
2416,fc16f_00008,88,22503.807184078796,expected_improvement,4,13018275.568927724
2417,fc16f_00008,89,21655.02582579437,expected_improvement,4,13018275.568927724
2418,fc16f_00008,90,23192.914587911695,expected_improvement,4,13018275.568927724
2419,fc16f_00008,91,22423.68643163229,expected_improvement,4,13018275.568927724
2420,fc16f_00008,92,22271.782697555424,expected_improvement,4,13018275.568927724
2421,fc16f_00008,93,19942.41991436885,expected_improvement,4,13018275.568927724
2422,fc16f_00008,94,20335.160087417218,expected_improvement,4,13018275.568927724
2423,fc16f_00008,95,19651.854482023864,expected_improvement,4,13018275.568927724
2424,fc16f_00008,96,19155.960747453562,expected_improvement,4,13018275.568927724
2425,fc16f_00008,97,19148.41035352479,expected_improvement,4,13018275.568927724
2426,fc16f_00008,98,19863.737997602577,expected_improvement,4,13018275.568927724
2427,fc16f_00008,99,18122.090440290336,expected_improvement,4,13018275.568927724
2428,fc16f_00008,100,17760.46899564713,expected_improvement,4,13018275.568927724
2429,fc16f_00008,101,17885.467093493862,expected_improvement,4,13018275.568927724
2430,fc16f_00008,102,18823.67664139968,expected_improvement,4,13018275.568927724
2431,fc16f_00008,103,18964.705340112836,expected_improvement,4,13018275.568927724
2432,fc16f_00008,104,19603.365037930693,expected_improvement,4,13018275.568927724
2433,fc16f_00008,105,19679.49448306538,expected_improvement,4,13018275.568927724
2434,fc16f_00008,106,19479.581482474834,expected_improvement,4,13018275.568927724
2435,fc16f_00008,107,19382.539345023077,expected_improvement,4,13018275.568927724
2436,fc16f_00008,108,20857.497538504063,expected_improvement,4,13018275.568927724
2437,fc16f_00008,109,22090.25369753427,expected_improvement,4,13018275.568927724
2438,fc16f_00008,110,22696.991575586442,expected_improvement,4,13018275.568927724
2439,fc16f_00008,111,22396.630526772933,expected_improvement,4,13018275.568927724
2440,fc16f_00008,112,21758.422633083956,expected_improvement,4,13018275.568927724
2441,fc16f_00008,113,20898.983580273183,expected_improvement,4,13018275.568927724
2442,fc16f_00008,114,20972.648195468733,expected_improvement,4,13018275.568927724
2443,fc16f_00008,115,21014.071955058862,expected_improvement,4,13018275.568927724
2444,fc16f_00008,116,21574.13948156646,expected_improvement,4,13018275.568927724
2445,fc16f_00008,117,22139.28368115196,expected_improvement,4,13018275.568927724
2446,fc16f_00008,118,21997.324726870134,expected_improvement,4,13018275.568927724
2447,fc16f_00008,119,28019.613836228633,expected_improvement,4,13018275.568927724
2448,fc16f_00008,120,30319.463804279825,expected_improvement,4,13018275.568927724
2449,fc16f_00008,121,30816.74177928972,expected_improvement,4,13018275.568927724
2450,fc16f_00008,122,28984.640955056966,expected_improvement,4,13018275.568927724
2451,fc16f_00008,123,25770.825073709268,expected_improvement,4,13018275.568927724
2452,fc16f_00008,124,32420.548921271875,expected_improvement,4,13018275.568927724
2453,fc16f_00008,125,34678.6697139898,expected_improvement,4,13018275.568927724
2454,fc16f_00008,126,33216.894463439,expected_improvement,4,13018275.568927724
2455,fc16f_00008,127,31033.31158676522,expected_improvement,4,13018275.568927724
2456,fc16f_00008,128,32033.708430681178,expected_improvement,4,13018275.568927724
2457,fc16f_00008,129,29240.976369364085,expected_improvement,4,13018275.568927724
2458,fc16f_00008,130,29199.701743637313,expected_improvement,4,13018275.568927724
2459,fc16f_00008,131,27936.640956828982,expected_improvement,4,13018275.568927724
2460,fc16f_00008,132,28606.225081144818,expected_improvement,4,13018275.568927724
2461,fc16f_00008,133,25379.70271411966,expected_improvement,4,13018275.568927724
2462,fc16f_00008,134,25615.949167660565,expected_improvement,4,13018275.568927724
2463,fc16f_00008,135,25178.15099762781,expected_improvement,4,13018275.568927724
2464,fc16f_00008,136,25824.538409881257,expected_improvement,4,13018275.568927724
2465,fc16f_00008,137,29885.56747464708,expected_improvement,4,13018275.568927724
2466,fc16f_00008,138,30410.872297673282,expected_improvement,4,13018275.568927724
2467,fc16f_00008,139,28140.223275617143,expected_improvement,4,13018275.568927724
2468,fc16f_00008,140,28024.760069635733,expected_improvement,4,13018275.568927724
2469,fc16f_00008,141,29276.2609320793,expected_improvement,4,13018275.568927724
2470,fc16f_00008,142,29376.892327212307,expected_improvement,4,13018275.568927724
2471,fc16f_00008,143,28489.904681187207,expected_improvement,4,13018275.568927724
2472,fc16f_00008,144,29615.724649544343,expected_improvement,4,13018275.568927724
2473,fc16f_00008,145,25739.52755506711,expected_improvement,4,13018275.568927724
2474,fc16f_00008,146,25831.87482512709,expected_improvement,4,13018275.568927724
2475,fc16f_00008,147,24601.269515443208,expected_improvement,4,13018275.568927724
2476,fc16f_00008,148,24575.142097096024,expected_improvement,4,13018275.568927724
2477,fc16f_00008,149,24630.558127120938,expected_improvement,4,13018275.568927724
2478,fc16f_00008,150,24593.037062491174,expected_improvement,4,13018275.568927724
2479,fc16f_00008,151,24029.105470408434,expected_improvement,4,13018275.568927724
2480,fc16f_00008,152,24270.699233124313,expected_improvement,4,13018275.568927724
2481,fc16f_00008,153,25608.53031972566,expected_improvement,4,13018275.568927724
2482,fc16f_00008,154,26839.944729867853,expected_improvement,4,13018275.568927724
2483,fc16f_00008,155,55572.80582060967,expected_improvement,4,13018275.568927724
2484,fc16f_00008,156,59784.48203392436,expected_improvement,4,13018275.568927724
2485,fc16f_00008,157,56870.66191600859,expected_improvement,4,13018275.568927724
2486,fc16f_00008,158,65809.06346844428,expected_improvement,4,13018275.568927724
2487,fc16f_00008,159,58089.718616178296,expected_improvement,4,13018275.568927724
2488,fc16f_00008,160,61132.44427014557,expected_improvement,4,13018275.568927724
2489,fc16f_00008,161,60778.765672830465,expected_improvement,4,13018275.568927724
2490,fc16f_00008,162,60627.99157518766,expected_improvement,4,13018275.568927724
2491,fc16f_00008,163,63199.660201109706,expected_improvement,4,13018275.568927724
2492,fc16f_00008,164,62723.39636400039,expected_improvement,4,13018275.568927724
2493,fc16f_00008,165,64076.68181198285,expected_improvement,4,13018275.568927724
2494,fc16f_00008,166,68856.53304119706,expected_improvement,4,13018275.568927724
2495,fc16f_00008,167,66931.6339209568,expected_improvement,4,13018275.568927724
2496,fc16f_00008,168,70029.98225103163,expected_improvement,4,13018275.568927724
2497,fc16f_00008,169,70223.73023605943,expected_improvement,4,13018275.568927724
2498,fc16f_00008,170,73004.50911526146,expected_improvement,4,13018275.568927724
2499,fc16f_00008,171,67459.22427526061,expected_improvement,4,13018275.568927724
2500,fc16f_00008,172,62641.090030345695,expected_improvement,4,13018275.568927724
2501,fc16f_00008,173,62325.56675110082,expected_improvement,4,13018275.568927724
2502,fc16f_00008,174,61978.77100694762,expected_improvement,4,13018275.568927724
2503,fc16f_00008,175,59878.644875264225,expected_improvement,4,13018275.568927724
2504,fc16f_00008,176,55586.05585573026,expected_improvement,4,13018275.568927724
2505,fc16f_00008,177,59088.95075076568,expected_improvement,4,13018275.568927724
2506,fc16f_00008,178,59700.08912317106,expected_improvement,4,13018275.568927724
2507,fc16f_00008,179,57082.511090016385,expected_improvement,4,13018275.568927724
2508,fc16f_00008,180,57269.06960628487,expected_improvement,4,13018275.568927724
2509,fc16f_00008,181,94789.96865795129,expected_improvement,4,13018275.568927724
2510,fc16f_00008,182,95066.12251461386,expected_improvement,4,13018275.568927724
2511,fc16f_00008,183,98639.50913659757,expected_improvement,4,13018275.568927724
2512,fc16f_00008,184,95152.93968670175,expected_improvement,4,13018275.568927724
2513,fc16f_00008,185,93546.66140221912,expected_improvement,4,13018275.568927724
2514,fc16f_00008,186,104888.65694221393,expected_improvement,4,13018275.568927724
2515,fc16f_00008,187,108386.42043489515,expected_improvement,4,13018275.568927724
2516,fc16f_00008,188,103857.06556659593,expected_improvement,4,13018275.568927724
2517,fc16f_00008,189,98534.66949196588,expected_improvement,4,13018275.568927724
2518,fc16f_00008,190,96352.70789637597,expected_improvement,4,13018275.568927724
2519,fc16f_00008,191,96601.50559784324,expected_improvement,4,13018275.568927724
2520,fc16f_00008,192,94553.76491432382,expected_improvement,4,13018275.568927724
2521,fc16f_00008,193,95257.40345567404,expected_improvement,4,13018275.568927724
2522,fc16f_00008,194,86616.37543290044,expected_improvement,4,13018275.568927724
2523,fc16f_00008,195,97662.89747473673,expected_improvement,4,13018275.568927724
2524,fc16f_00008,196,97474.66046880971,expected_improvement,4,13018275.568927724
2525,fc16f_00008,197,96139.79717860397,expected_improvement,4,13018275.568927724
2526,fc16f_00008,198,96791.09525069903,expected_improvement,4,13018275.568927724
2527,fc16f_00008,199,96803.07263630218,expected_improvement,4,13018275.568927724
2528,fc16f_00008,200,99144.75605821575,expected_improvement,4,13018275.568927724
2529,fc16f_00008,201,100932.45965484988,expected_improvement,4,13018275.568927724
2530,fc16f_00008,202,99265.26805847447,expected_improvement,4,13018275.568927724
2531,fc16f_00008,203,101402.35998987878,expected_improvement,4,13018275.568927724
2532,fc16f_00008,204,119877.75595408566,expected_improvement,4,13018275.568927724
2533,fc16f_00008,205,103504.19943582936,expected_improvement,4,13018275.568927724
2534,fc16f_00008,206,102593.64133022819,expected_improvement,4,13018275.568927724
2535,fc16f_00008,207,101624.08618163443,expected_improvement,4,13018275.568927724
2536,fc16f_00008,208,98690.97090459123,expected_improvement,4,13018275.568927724
2537,fc16f_00008,209,97373.52466107311,expected_improvement,4,13018275.568927724
2538,fc16f_00008,210,92530.4514081826,expected_improvement,4,13018275.568927724
2539,fc16f_00008,211,92588.61833340257,expected_improvement,4,13018275.568927724
2540,fc16f_00008,212,92208.81113667774,expected_improvement,4,13018275.568927724
2541,fc16f_00008,213,90924.16074379964,expected_improvement,4,13018275.568927724
2542,fc16f_00008,214,89915.69636796754,expected_improvement,4,13018275.568927724
2543,fc16f_00008,215,84547.20894683503,expected_improvement,4,13018275.568927724
2544,fc16f_00008,216,87443.25820416606,expected_improvement,4,13018275.568927724
2545,fc16f_00008,217,89128.0983129102,expected_improvement,4,13018275.568927724
2546,fc16f_00008,218,98543.95702522459,expected_improvement,4,13018275.568927724
2547,fc16f_00008,219,81177.4370724544,expected_improvement,4,13018275.568927724
2548,fc16f_00008,220,76550.08027062679,expected_improvement,4,13018275.568927724
2549,fc16f_00008,221,75113.75379087932,expected_improvement,4,13018275.568927724
2550,fc16f_00008,222,75493.01435750868,expected_improvement,4,13018275.568927724
2551,fc16f_00008,223,74056.53454071993,expected_improvement,4,13018275.568927724
2552,fc16f_00008,224,69610.76529469606,expected_improvement,4,13018275.568927724
2553,fc16f_00008,225,70713.79149576231,expected_improvement,4,13018275.568927724
2554,fc16f_00008,226,68081.46717188372,expected_improvement,4,13018275.568927724
2555,fc16f_00008,227,67257.30586651768,expected_improvement,4,13018275.568927724
2556,fc16f_00008,228,67397.52192353462,expected_improvement,4,13018275.568927724
2557,fc16f_00008,229,65289.57316856235,expected_improvement,4,13018275.568927724
2558,fc16f_00008,230,64130.3713120989,expected_improvement,4,13018275.568927724
2559,fc16f_00008,231,59165.94299920036,expected_improvement,4,13018275.568927724
2560,fc16f_00008,232,55392.07706786264,expected_improvement,4,13018275.568927724
2561,fc16f_00008,233,52045.45254025884,expected_improvement,4,13018275.568927724
2562,fc16f_00008,234,39959.714769710416,expected_improvement,4,13018275.568927724
2563,fc16f_00008,235,50237.876496916746,expected_improvement,4,13018275.568927724
2564,fc16f_00008,236,50056.12800657666,expected_improvement,4,13018275.568927724
2565,fc16f_00008,237,50872.45848754018,expected_improvement,4,13018275.568927724
2566,fc16f_00008,238,60245.83845419144,expected_improvement,4,13018275.568927724
2567,fc16f_00008,239,53922.18573034575,expected_improvement,4,13018275.568927724
2568,fc16f_00008,240,57982.6356135029,expected_improvement,4,13018275.568927724
2569,fc16f_00008,241,54583.53560210172,expected_improvement,4,13018275.568927724
2570,fc16f_00008,242,55072.16581287119,expected_improvement,4,13018275.568927724
2571,fc16f_00008,243,51084.82524201031,expected_improvement,4,13018275.568927724
2572,fc16f_00008,244,51134.34965521945,expected_improvement,4,13018275.568927724
2573,fc16f_00008,245,46450.70848456285,expected_improvement,4,13018275.568927724
2574,fc16f_00008,246,43166.81027106063,expected_improvement,4,13018275.568927724
2575,fc16f_00008,247,51926.96209245524,expected_improvement,4,13018275.568927724
2576,fc16f_00008,248,48142.02200280536,expected_improvement,4,13018275.568927724
2577,fc16f_00008,249,45360.65488582445,expected_improvement,4,13018275.568927724
2578,fc16f_00008,250,42539.09041293571,expected_improvement,4,13018275.568927724
2579,fc16f_00008,251,43499.04663456082,expected_improvement,4,13018275.568927724
2580,fc16f_00008,252,47979.91508761355,expected_improvement,4,13018275.568927724
2581,fc16f_00008,253,44165.774894355374,expected_improvement,4,13018275.568927724
2582,fc16f_00008,254,44842.674708446895,expected_improvement,4,13018275.568927724
2583,fc16f_00008,255,43927.57249449126,expected_improvement,4,13018275.568927724
2584,fc16f_00008,256,58533.73883211655,expected_improvement,4,13018275.568927724
2585,fc16f_00008,257,61335.33245959209,expected_improvement,4,13018275.568927724
2586,fc16f_00008,258,58915.108207918965,expected_improvement,4,13018275.568927724
2587,fc16f_00008,259,55046.174327134315,expected_improvement,4,13018275.568927724
2588,fc16f_00008,260,56429.86971321347,expected_improvement,4,13018275.568927724
2589,fc16f_00008,261,56196.337742410826,expected_improvement,4,13018275.568927724
2590,fc16f_00008,262,56546.28013815492,expected_improvement,4,13018275.568927724
2591,fc16f_00008,263,49043.89950357157,expected_improvement,4,13018275.568927724
2592,fc16f_00008,264,49024.16477000739,expected_improvement,4,13018275.568927724
2593,fc16f_00008,265,46577.1526301727,expected_improvement,4,13018275.568927724
2594,fc16f_00008,266,44206.58476814711,expected_improvement,4,13018275.568927724
2595,fc16f_00008,267,44473.27917146277,expected_improvement,4,13018275.568927724
2596,fc16f_00008,268,45254.90712221519,expected_improvement,4,13018275.568927724
2597,fc16f_00008,269,45643.58432070395,expected_improvement,4,13018275.568927724
2598,fc16f_00008,270,45696.87272549547,expected_improvement,4,13018275.568927724
2599,fc16f_00008,271,46314.856968138425,expected_improvement,4,13018275.568927724
2600,fc16f_00008,272,45680.47627165475,expected_improvement,4,13018275.568927724
2601,fc16f_00008,273,45757.461267475774,expected_improvement,4,13018275.568927724
2602,fc16f_00008,274,43701.137523245896,expected_improvement,4,13018275.568927724
2603,fc16f_00008,275,45241.87679798429,expected_improvement,4,13018275.568927724
2604,fc16f_00008,276,48387.931809848975,expected_improvement,4,13018275.568927724
2605,fc16f_00008,277,48626.5217685283,expected_improvement,4,13018275.568927724
2606,fc16f_00008,278,47253.92055393693,expected_improvement,4,13018275.568927724
2607,fc16f_00008,279,47758.65584915397,expected_improvement,4,13018275.568927724
2608,fc16f_00008,280,47790.657921188875,expected_improvement,4,13018275.568927724
2609,fc16f_00008,281,41050.113327962885,expected_improvement,4,13018275.568927724
2610,fc16f_00008,282,42047.10490491347,expected_improvement,4,13018275.568927724
2611,fc16f_00008,283,42384.83469611044,expected_improvement,4,13018275.568927724
2612,fc16f_00008,284,45441.102074443406,expected_improvement,4,13018275.568927724
2613,fc16f_00008,285,45441.07098737542,expected_improvement,4,13018275.568927724
2614,fc16f_00008,286,45488.63667745113,expected_improvement,4,13018275.568927724
2615,fc16f_00008,287,45178.49584381112,expected_improvement,4,13018275.568927724
2616,fc16f_00008,288,46606.0328424439,expected_improvement,4,13018275.568927724
2617,fc16f_00008,289,45660.30278986676,expected_improvement,4,13018275.568927724
2618,fc16f_00008,290,47414.822351826486,expected_improvement,4,13018275.568927724
2619,fc16f_00009,0,9743.39622749638,expected_improvement,5,13704778.205824817
2620,fc16f_00009,1,12827.929340251862,expected_improvement,5,13704778.205824817
2621,fc16f_00009,2,18150.512329445697,expected_improvement,5,13704778.205824817
2622,fc16f_00009,3,20038.314011227667,expected_improvement,5,13704778.205824817
2623,fc16f_00009,4,18334.44191730636,expected_improvement,5,13704778.205824817
2624,fc16f_00009,5,16430.1605673241,expected_improvement,5,13704778.205824817
2625,fc16f_00009,6,30345.316588584894,expected_improvement,5,13704778.205824817
2626,fc16f_00009,7,31642.920049130833,expected_improvement,5,13704778.205824817
2627,fc16f_00009,8,31723.736101929237,expected_improvement,5,13704778.205824817
2628,fc16f_00009,9,36713.791507863265,expected_improvement,5,13704778.205824817
2629,fc16f_00009,10,33422.98711651277,expected_improvement,5,13704778.205824817
2630,fc16f_00009,11,32664.103709480354,expected_improvement,5,13704778.205824817
2631,fc16f_00009,12,29906.142569795953,expected_improvement,5,13704778.205824817
2632,fc16f_00009,13,35876.358595883066,expected_improvement,5,13704778.205824817
2633,fc16f_00009,14,34047.07393858471,expected_improvement,5,13704778.205824817
2634,fc16f_00009,15,33372.153377014976,expected_improvement,5,13704778.205824817
2635,fc16f_00009,16,28782.247092046193,expected_improvement,5,13704778.205824817
2636,fc16f_00009,17,28594.88708271066,expected_improvement,5,13704778.205824817
2637,fc16f_00009,18,14989.715092974913,expected_improvement,5,13704778.205824817
2638,fc16f_00009,19,22418.706493907146,expected_improvement,5,13704778.205824817
2639,fc16f_00009,20,22445.895694214716,expected_improvement,5,13704778.205824817
2640,fc16f_00009,21,25123.536696378775,expected_improvement,5,13704778.205824817
2641,fc16f_00009,22,18700.500761039086,expected_improvement,5,13704778.205824817
2642,fc16f_00009,23,19328.78973409568,expected_improvement,5,13704778.205824817
2643,fc16f_00009,24,19406.011386165508,expected_improvement,5,13704778.205824817
2644,fc16f_00009,25,22928.91542275864,expected_improvement,5,13704778.205824817
2645,fc16f_00009,26,20664.268835138715,expected_improvement,5,13704778.205824817
2646,fc16f_00009,27,20860.238957731566,expected_improvement,5,13704778.205824817
2647,fc16f_00009,28,21698.399356021127,expected_improvement,5,13704778.205824817
2648,fc16f_00009,29,20422.059598163312,expected_improvement,5,13704778.205824817
2649,fc16f_00009,30,15589.997188174297,expected_improvement,5,13704778.205824817
2650,fc16f_00009,31,17861.42736104093,expected_improvement,5,13704778.205824817
2651,fc16f_00009,32,32419.55649887144,expected_improvement,5,13704778.205824817
2652,fc16f_00009,33,21273.46658185878,expected_improvement,5,13704778.205824817
2653,fc16f_00009,34,24334.91568709265,expected_improvement,5,13704778.205824817
2654,fc16f_00009,35,20452.313183447888,expected_improvement,5,13704778.205824817
2655,fc16f_00009,36,15509.21526740562,expected_improvement,5,13704778.205824817
2656,fc16f_00009,37,17908.789504480916,expected_improvement,5,13704778.205824817
2657,fc16f_00009,38,20130.28892827064,expected_improvement,5,13704778.205824817
2658,fc16f_00009,39,23017.63196662826,expected_improvement,5,13704778.205824817
2659,fc16f_00009,40,24734.643674499777,expected_improvement,5,13704778.205824817
2660,fc16f_00009,41,21638.166366774374,expected_improvement,5,13704778.205824817
2661,fc16f_00009,42,21133.98031940193,expected_improvement,5,13704778.205824817
2662,fc16f_00009,43,15982.081154029269,expected_improvement,5,13704778.205824817
2663,fc16f_00009,44,14971.101629391,expected_improvement,5,13704778.205824817
2664,fc16f_00009,45,14398.211541964487,expected_improvement,5,13704778.205824817
2665,fc16f_00009,46,12921.934692229419,expected_improvement,5,13704778.205824817
2666,fc16f_00009,47,11343.733555974191,expected_improvement,5,13704778.205824817
2667,fc16f_00009,48,16552.615734058214,expected_improvement,5,13704778.205824817
2668,fc16f_00009,49,15737.49338476849,expected_improvement,5,13704778.205824817
2669,fc16f_00009,50,17383.811844324708,expected_improvement,5,13704778.205824817
2670,fc16f_00009,51,19955.887356319086,expected_improvement,5,13704778.205824817
2671,fc16f_00009,52,25770.114277972556,expected_improvement,5,13704778.205824817
2672,fc16f_00009,53,22477.329664169094,expected_improvement,5,13704778.205824817
2673,fc16f_00009,54,15393.046107312759,expected_improvement,5,13704778.205824817
2674,fc16f_00009,55,14936.689157764022,expected_improvement,5,13704778.205824817
2675,fc16f_00009,56,14154.269957308019,expected_improvement,5,13704778.205824817
2676,fc16f_00009,57,12688.700279173916,expected_improvement,5,13704778.205824817
2677,fc16f_00009,58,14936.263048421908,expected_improvement,5,13704778.205824817
2678,fc16f_00009,59,14242.71522086963,expected_improvement,5,13704778.205824817
2679,fc16f_00009,60,15271.835322075975,expected_improvement,5,13704778.205824817
2680,fc16f_00009,61,14611.702062832015,expected_improvement,5,13704778.205824817
2681,fc16f_00009,62,15034.312549277718,expected_improvement,5,13704778.205824817
2682,fc16f_00009,63,15087.826840221056,expected_improvement,5,13704778.205824817
2683,fc16f_00009,64,14864.634745422396,expected_improvement,5,13704778.205824817
2684,fc16f_00009,65,14820.326320790002,expected_improvement,5,13704778.205824817
2685,fc16f_00009,66,14346.098935623213,expected_improvement,5,13704778.205824817
2686,fc16f_00009,67,16574.745224322454,expected_improvement,5,13704778.205824817
2687,fc16f_00009,68,17551.72983562654,expected_improvement,5,13704778.205824817
2688,fc16f_00009,69,17235.974439815847,expected_improvement,5,13704778.205824817
2689,fc16f_00009,70,17224.185921863656,expected_improvement,5,13704778.205824817
2690,fc16f_00009,71,17187.65683710178,expected_improvement,5,13704778.205824817
2691,fc16f_00009,72,17742.603750433467,expected_improvement,5,13704778.205824817
2692,fc16f_00009,73,17047.215146014587,expected_improvement,5,13704778.205824817
2693,fc16f_00009,74,17047.873003142242,expected_improvement,5,13704778.205824817
2694,fc16f_00009,75,16329.977545234924,expected_improvement,5,13704778.205824817
2695,fc16f_00009,76,15995.015138673474,expected_improvement,5,13704778.205824817
2696,fc16f_00009,77,15602.968832316767,expected_improvement,5,13704778.205824817
2697,fc16f_00009,78,15095.70527372996,expected_improvement,5,13704778.205824817
2698,fc16f_00009,79,21039.54058055146,expected_improvement,5,13704778.205824817
2699,fc16f_00009,80,23268.54989925977,expected_improvement,5,13704778.205824817
2700,fc16f_00009,81,23940.849779578213,expected_improvement,5,13704778.205824817
2701,fc16f_00009,82,24095.423906975393,expected_improvement,5,13704778.205824817
2702,fc16f_00009,83,30885.691274684807,expected_improvement,5,13704778.205824817
2703,fc16f_00009,84,33991.17024070443,expected_improvement,5,13704778.205824817
2704,fc16f_00009,85,29997.274182709967,expected_improvement,5,13704778.205824817
2705,fc16f_00009,86,30228.530653737966,expected_improvement,5,13704778.205824817
2706,fc16f_00009,87,32260.43848190633,expected_improvement,5,13704778.205824817
2707,fc16f_00009,88,31004.910874730227,expected_improvement,5,13704778.205824817
2708,fc16f_00009,89,29639.332644577367,expected_improvement,5,13704778.205824817
2709,fc16f_00009,90,27394.38185039222,expected_improvement,5,13704778.205824817
2710,fc16f_00009,91,25672.28465147829,expected_improvement,5,13704778.205824817
2711,fc16f_00009,92,26612.24684881909,expected_improvement,5,13704778.205824817
2712,fc16f_00009,93,22256.715956939086,expected_improvement,5,13704778.205824817
2713,fc16f_00009,94,22301.787981721944,expected_improvement,5,13704778.205824817
2714,fc16f_00009,95,22000.89832017459,expected_improvement,5,13704778.205824817
2715,fc16f_00009,96,21985.596221756707,expected_improvement,5,13704778.205824817
2716,fc16f_00009,97,18414.995018848545,expected_improvement,5,13704778.205824817
2717,fc16f_00009,98,19920.02371643702,expected_improvement,5,13704778.205824817
2718,fc16f_00009,99,25762.00438347467,expected_improvement,5,13704778.205824817
2719,fc16f_00009,100,24886.8194450222,expected_improvement,5,13704778.205824817
2720,fc16f_00009,101,31083.186162814876,expected_improvement,5,13704778.205824817
2721,fc16f_00009,102,30995.501219091824,expected_improvement,5,13704778.205824817
2722,fc16f_00009,103,30942.96811199228,expected_improvement,5,13704778.205824817
2723,fc16f_00009,104,26110.435594412284,expected_improvement,5,13704778.205824817
2724,fc16f_00009,105,31396.374764112235,expected_improvement,5,13704778.205824817
2725,fc16f_00009,106,28384.24812609276,expected_improvement,5,13704778.205824817
2726,fc16f_00009,107,27869.151752560665,expected_improvement,5,13704778.205824817
2727,fc16f_00009,108,27813.922860302104,expected_improvement,5,13704778.205824817
2728,fc16f_00009,109,31471.978109927437,expected_improvement,5,13704778.205824817
2729,fc16f_00009,110,31107.491062159057,expected_improvement,5,13704778.205824817
2730,fc16f_00009,111,32369.25916374034,expected_improvement,5,13704778.205824817
2731,fc16f_00009,112,32856.21243199566,expected_improvement,5,13704778.205824817
2732,fc16f_00009,113,32598.480441403215,expected_improvement,5,13704778.205824817
2733,fc16f_00009,114,33893.031918962246,expected_improvement,5,13704778.205824817
2734,fc16f_00009,115,34735.54062114773,expected_improvement,5,13704778.205824817
2735,fc16f_00009,116,34728.241096382524,expected_improvement,5,13704778.205824817
2736,fc16f_00009,117,38723.49104969136,expected_improvement,5,13704778.205824817
2737,fc16f_00009,118,33938.13163627342,expected_improvement,5,13704778.205824817
2738,fc16f_00009,119,34166.095801415926,expected_improvement,5,13704778.205824817
2739,fc16f_00009,120,36050.44121279187,expected_improvement,5,13704778.205824817
2740,fc16f_00009,121,35873.71134393497,expected_improvement,5,13704778.205824817
2741,fc16f_00009,122,35177.99443212935,expected_improvement,5,13704778.205824817
2742,fc16f_00009,123,34889.67096762127,expected_improvement,5,13704778.205824817
2743,fc16f_00009,124,35033.04836367189,expected_improvement,5,13704778.205824817
2744,fc16f_00009,125,34496.47759224886,expected_improvement,5,13704778.205824817
2745,fc16f_00009,126,32941.92141549395,expected_improvement,5,13704778.205824817
2746,fc16f_00009,127,33703.91341367311,expected_improvement,5,13704778.205824817
2747,fc16f_00009,128,34100.180038241175,expected_improvement,5,13704778.205824817
2748,fc16f_00009,129,33956.45589948656,expected_improvement,5,13704778.205824817
2749,fc16f_00009,130,31750.0678028247,expected_improvement,5,13704778.205824817
2750,fc16f_00009,131,33529.5820886224,expected_improvement,5,13704778.205824817
2751,fc16f_00009,132,32325.1326728765,expected_improvement,5,13704778.205824817
2752,fc16f_00009,133,31043.8965182071,expected_improvement,5,13704778.205824817
2753,fc16f_00009,134,41010.65126720426,expected_improvement,5,13704778.205824817
2754,fc16f_00009,135,40516.956504622736,expected_improvement,5,13704778.205824817
2755,fc16f_00009,136,40290.415471718086,expected_improvement,5,13704778.205824817
2756,fc16f_00009,137,40779.11843358323,expected_improvement,5,13704778.205824817
2757,fc16f_00009,138,40715.911346979614,expected_improvement,5,13704778.205824817
2758,fc16f_00009,139,40202.67504614722,expected_improvement,5,13704778.205824817
2759,fc16f_00009,140,39383.97392823301,expected_improvement,5,13704778.205824817
2760,fc16f_00009,141,39377.62906810048,expected_improvement,5,13704778.205824817
2761,fc16f_00009,142,41737.62278567922,expected_improvement,5,13704778.205824817
2762,fc16f_00009,143,44572.320681484714,expected_improvement,5,13704778.205824817
2763,fc16f_00009,144,44574.158843891855,expected_improvement,5,13704778.205824817
2764,fc16f_00009,145,47079.95581669396,expected_improvement,5,13704778.205824817
2765,fc16f_00009,146,47828.94624648312,expected_improvement,5,13704778.205824817
2766,fc16f_00009,147,48078.56536210427,expected_improvement,5,13704778.205824817
2767,fc16f_00009,148,42084.10897882449,expected_improvement,5,13704778.205824817
2768,fc16f_00009,149,41563.19346645823,expected_improvement,5,13704778.205824817
2769,fc16f_00009,150,42250.27490212276,expected_improvement,5,13704778.205824817
2770,fc16f_00009,151,41307.22748189194,expected_improvement,5,13704778.205824817
2771,fc16f_00009,152,42791.23638248699,expected_improvement,5,13704778.205824817
2772,fc16f_00009,153,50405.596084146586,expected_improvement,5,13704778.205824817
2773,fc16f_00009,154,58966.45241724886,expected_improvement,5,13704778.205824817
2774,fc16f_00009,155,57059.54480513828,expected_improvement,5,13704778.205824817
2775,fc16f_00009,156,53595.506833726366,expected_improvement,5,13704778.205824817
2776,fc16f_00009,157,54401.13609285713,expected_improvement,5,13704778.205824817
2777,fc16f_00009,158,54815.587525683455,expected_improvement,5,13704778.205824817
2778,fc16f_00009,159,63812.03235704279,expected_improvement,5,13704778.205824817
2779,fc16f_00009,160,54734.021409978435,expected_improvement,5,13704778.205824817
2780,fc16f_00009,161,55648.08405059091,expected_improvement,5,13704778.205824817
2781,fc16f_00009,162,53841.71455456264,expected_improvement,5,13704778.205824817
2782,fc16f_00009,163,55004.23372270672,expected_improvement,5,13704778.205824817
2783,fc16f_00009,164,55118.46711228654,expected_improvement,5,13704778.205824817
2784,fc16f_00009,165,61356.23569940948,expected_improvement,5,13704778.205824817
2785,fc16f_00009,166,70796.90161441205,expected_improvement,5,13704778.205824817
2786,fc16f_00009,167,77774.20177225438,expected_improvement,5,13704778.205824817
2787,fc16f_00009,168,82034.1052649215,expected_improvement,5,13704778.205824817
2788,fc16f_00009,169,89535.23958888078,expected_improvement,5,13704778.205824817
2789,fc16f_00009,170,84850.9595795832,expected_improvement,5,13704778.205824817
2790,fc16f_00009,171,87856.43119356835,expected_improvement,5,13704778.205824817
2791,fc16f_00009,172,82894.54061775719,expected_improvement,5,13704778.205824817
2792,fc16f_00009,173,86763.90817579222,expected_improvement,5,13704778.205824817
2793,fc16f_00009,174,87294.51790500345,expected_improvement,5,13704778.205824817
2794,fc16f_00009,175,85669.04669575482,expected_improvement,5,13704778.205824817
2795,fc16f_00009,176,75661.91079562418,expected_improvement,5,13704778.205824817
2796,fc16f_00009,177,61060.7663318626,expected_improvement,5,13704778.205824817
2797,fc16f_00009,178,60230.854421429176,expected_improvement,5,13704778.205824817
2798,fc16f_00009,179,59463.40578446146,expected_improvement,5,13704778.205824817
2799,fc16f_00009,180,62471.730113298894,expected_improvement,5,13704778.205824817
2800,fc16f_00009,181,61833.98022455951,expected_improvement,5,13704778.205824817
2801,fc16f_00009,182,73648.33246168206,expected_improvement,5,13704778.205824817
2802,fc16f_00009,183,74647.73759243834,expected_improvement,5,13704778.205824817
2803,fc16f_00009,184,86106.95577986538,expected_improvement,5,13704778.205824817
2804,fc16f_00009,185,79509.9119450603,expected_improvement,5,13704778.205824817
2805,fc16f_00009,186,76051.48599464631,expected_improvement,5,13704778.205824817
2806,fc16f_00009,187,77117.01881828997,expected_improvement,5,13704778.205824817
2807,fc16f_00009,188,84540.81932237397,expected_improvement,5,13704778.205824817
2808,fc16f_00009,189,63352.68786307721,expected_improvement,5,13704778.205824817
2809,fc16f_00009,190,59514.268929253776,expected_improvement,5,13704778.205824817
2810,fc16f_00009,191,59940.810777819395,expected_improvement,5,13704778.205824817
2811,fc16f_00009,192,67841.6526983452,expected_improvement,5,13704778.205824817
2812,fc16f_00009,193,61203.235101489016,expected_improvement,5,13704778.205824817
2813,fc16f_00009,194,58183.312252138836,expected_improvement,5,13704778.205824817
2814,fc16f_00009,195,59182.24810663747,expected_improvement,5,13704778.205824817
2815,fc16f_00009,196,57597.52579366287,expected_improvement,5,13704778.205824817
2816,fc16f_00009,197,57569.34402712073,expected_improvement,5,13704778.205824817
2817,fc16f_00009,198,63305.44849146241,expected_improvement,5,13704778.205824817
2818,fc16f_00009,199,64163.67025814588,expected_improvement,5,13704778.205824817
2819,fc16f_00009,200,64820.732552962385,expected_improvement,5,13704778.205824817
2820,fc16f_00009,201,65569.60412947397,expected_improvement,5,13704778.205824817
2821,fc16f_00009,202,63497.47713465223,expected_improvement,5,13704778.205824817
2822,fc16f_00009,203,64237.07522659977,expected_improvement,5,13704778.205824817
2823,fc16f_00009,204,63660.79066946531,expected_improvement,5,13704778.205824817
2824,fc16f_00009,205,56886.04532638166,expected_improvement,5,13704778.205824817
2825,fc16f_00009,206,60518.516798212535,expected_improvement,5,13704778.205824817
2826,fc16f_00009,207,61068.529343084454,expected_improvement,5,13704778.205824817
2827,fc16f_00009,208,64112.803642176055,expected_improvement,5,13704778.205824817
2828,fc16f_00009,209,64133.2048335304,expected_improvement,5,13704778.205824817
2829,fc16f_00009,210,63657.25005191552,expected_improvement,5,13704778.205824817
2830,fc16f_00009,211,67758.36301433254,expected_improvement,5,13704778.205824817
2831,fc16f_00009,212,69408.10656221144,expected_improvement,5,13704778.205824817
2832,fc16f_00009,213,57368.041744569324,expected_improvement,5,13704778.205824817
2833,fc16f_00009,214,60430.800343515824,expected_improvement,5,13704778.205824817
2834,fc16f_00009,215,69177.76735235716,expected_improvement,5,13704778.205824817
2835,fc16f_00009,216,69168.21161569464,expected_improvement,5,13704778.205824817
2836,fc16f_00009,217,69002.32527525,expected_improvement,5,13704778.205824817
2837,fc16f_00009,218,64433.11880677018,expected_improvement,5,13704778.205824817
2838,fc16f_00009,219,64826.69564133713,expected_improvement,5,13704778.205824817
2839,fc16f_00009,220,65478.015322079606,expected_improvement,5,13704778.205824817
2840,fc16f_00009,221,67616.90111657306,expected_improvement,5,13704778.205824817
2841,fc16f_00009,222,72011.39048107069,expected_improvement,5,13704778.205824817
2842,fc16f_00009,223,108740.03706542276,expected_improvement,5,13704778.205824817
2843,fc16f_00009,224,113285.84222365243,expected_improvement,5,13704778.205824817
2844,fc16f_00009,225,128883.72398611672,expected_improvement,5,13704778.205824817
2845,fc16f_00009,226,125203.95307945984,expected_improvement,5,13704778.205824817
2846,fc16f_00009,227,124762.78822729258,expected_improvement,5,13704778.205824817
2847,fc16f_00009,228,128442.71561611106,expected_improvement,5,13704778.205824817
2848,fc16f_00009,229,109124.25101026878,expected_improvement,5,13704778.205824817
2849,fc16f_00009,230,109659.71359672591,expected_improvement,5,13704778.205824817
2850,fc16f_00009,231,133305.20910406485,expected_improvement,5,13704778.205824817
2851,fc16f_00009,232,141356.23605020958,expected_improvement,5,13704778.205824817
2852,fc16f_00009,233,113283.39956708065,expected_improvement,5,13704778.205824817
2853,fc16f_00009,234,115853.9428561614,expected_improvement,5,13704778.205824817
2854,fc16f_00009,235,120150.03075359655,expected_improvement,5,13704778.205824817
2855,fc16f_00009,236,129977.46013308257,expected_improvement,5,13704778.205824817
2856,fc16f_00009,237,132134.59790106647,expected_improvement,5,13704778.205824817
2857,fc16f_00009,238,129143.13967774808,expected_improvement,5,13704778.205824817
2858,fc16f_00009,239,138728.3277534392,expected_improvement,5,13704778.205824817
2859,fc16f_00009,240,129137.57283591299,expected_improvement,5,13704778.205824817
2860,fc16f_00009,241,129137.25134009449,expected_improvement,5,13704778.205824817
2861,fc16f_00009,242,79598.33166659689,expected_improvement,5,13704778.205824817
2862,fc16f_00009,243,75667.94821363153,expected_improvement,5,13704778.205824817
2863,fc16f_00009,244,75575.63348254058,expected_improvement,5,13704778.205824817
2864,fc16f_00009,245,77937.1519100968,expected_improvement,5,13704778.205824817
2865,fc16f_00009,246,70521.13555527866,expected_improvement,5,13704778.205824817
2866,fc16f_00009,247,51056.13624253823,expected_improvement,5,13704778.205824817
2867,fc16f_00009,248,52295.95414921697,expected_improvement,5,13704778.205824817
2868,fc16f_00009,249,52933.24134641208,expected_improvement,5,13704778.205824817
2869,fc16f_00009,250,53024.91656779129,expected_improvement,5,13704778.205824817
2870,fc16f_00009,251,55271.71553146977,expected_improvement,5,13704778.205824817
2871,fc16f_00009,252,55247.68425778885,expected_improvement,5,13704778.205824817
2872,fc16f_00009,253,55223.47355814794,expected_improvement,5,13704778.205824817
2873,fc16f_00009,254,55366.3703876375,expected_improvement,5,13704778.205824817
2874,fc16f_00009,255,54964.28897215701,expected_improvement,5,13704778.205824817
2875,fc16f_00009,256,54984.86594274722,expected_improvement,5,13704778.205824817
2876,fc16f_00009,257,55456.160632874155,expected_improvement,5,13704778.205824817
2877,fc16f_00009,258,58055.87046741019,expected_improvement,5,13704778.205824817
2878,fc16f_00009,259,58667.72468848003,expected_improvement,5,13704778.205824817
2879,fc16f_00009,260,53302.28462719186,expected_improvement,5,13704778.205824817
2880,fc16f_00009,261,52085.43186062805,expected_improvement,5,13704778.205824817
2881,fc16f_00009,262,52142.86435573265,expected_improvement,5,13704778.205824817
2882,fc16f_00009,263,52649.785907514735,expected_improvement,5,13704778.205824817
2883,fc16f_00009,264,49708.38163349055,expected_improvement,5,13704778.205824817
2884,fc16f_00009,265,49130.362701750506,expected_improvement,5,13704778.205824817
2885,fc16f_00009,266,51049.481606993926,expected_improvement,5,13704778.205824817
2886,fc16f_00009,267,57802.56467040296,expected_improvement,5,13704778.205824817
2887,fc16f_00009,268,57494.680027342365,expected_improvement,5,13704778.205824817
2888,fc16f_00009,269,58170.18225863994,expected_improvement,5,13704778.205824817
2889,fc16f_00009,270,59491.52393132325,expected_improvement,5,13704778.205824817
2890,fc16f_00009,271,60304.59816623942,expected_improvement,5,13704778.205824817
2891,fc16f_00009,272,58045.72660979472,expected_improvement,5,13704778.205824817
2892,fc16f_00009,273,55196.25174854204,expected_improvement,5,13704778.205824817
2893,fc16f_00009,274,56338.23186694981,expected_improvement,5,13704778.205824817
2894,fc16f_00009,275,57163.27446251619,expected_improvement,5,13704778.205824817
2895,fc16f_00009,276,58658.995737897225,expected_improvement,5,13704778.205824817
2896,fc16f_00009,277,56158.72122611774,expected_improvement,5,13704778.205824817
2897,fc16f_00009,278,54818.011432159605,expected_improvement,5,13704778.205824817
2898,fc16f_00009,279,54712.465954658364,expected_improvement,5,13704778.205824817
2899,fc16f_00009,280,54880.782948181404,expected_improvement,5,13704778.205824817
2900,fc16f_00009,281,48666.90968297229,expected_improvement,5,13704778.205824817
2901,fc16f_00009,282,48252.68648753915,expected_improvement,5,13704778.205824817
2902,fc16f_00009,283,38808.922496809035,expected_improvement,5,13704778.205824817
2903,fc16f_00009,284,39961.31182642939,expected_improvement,5,13704778.205824817
2904,fc16f_00009,285,40676.04971490376,expected_improvement,5,13704778.205824817
2905,fc16f_00009,286,40840.00284616524,expected_improvement,5,13704778.205824817
2906,fc16f_00009,287,40437.28367824153,expected_improvement,5,13704778.205824817
2907,fc16f_00009,288,39724.41275107938,expected_improvement,5,13704778.205824817
2908,fc16f_00009,289,42299.443874884535,expected_improvement,5,13704778.205824817
2909,fc16f_00009,290,42726.401855393575,expected_improvement,5,13704778.205824817
2910,fc16f_00010,0,21189.009739047997,greedy,1,30050080.282356698
2911,fc16f_00010,1,9679.076133569459,greedy,1,30050080.282356698
2912,fc16f_00010,2,11002.736506048626,greedy,1,30050080.282356698
2913,fc16f_00010,3,8386.496874335138,greedy,1,30050080.282356698
2914,fc16f_00010,4,8797.079553082438,greedy,1,30050080.282356698
2915,fc16f_00010,5,6590.881332620147,greedy,1,30050080.282356698
2916,fc16f_00010,6,7907.4240062385725,greedy,1,30050080.282356698
2917,fc16f_00010,7,9788.18289172629,greedy,1,30050080.282356698
2918,fc16f_00010,8,9501.4610068073,greedy,1,30050080.282356698
2919,fc16f_00010,9,9129.794661183649,greedy,1,30050080.282356698
2920,fc16f_00010,10,11125.824479263993,greedy,1,30050080.282356698
2921,fc16f_00010,11,11169.92278930401,greedy,1,30050080.282356698
2922,fc16f_00010,12,9837.506714233936,greedy,1,30050080.282356698
2923,fc16f_00010,13,9911.59477474135,greedy,1,30050080.282356698
2924,fc16f_00010,14,11641.293365564812,greedy,1,30050080.282356698
2925,fc16f_00010,15,11538.0809914276,greedy,1,30050080.282356698
2926,fc16f_00010,16,9755.720414484857,greedy,1,30050080.282356698
2927,fc16f_00010,17,11158.61123558773,greedy,1,30050080.282356698
2928,fc16f_00010,18,13573.890432646273,greedy,1,30050080.282356698
2929,fc16f_00010,19,13498.896235027933,greedy,1,30050080.282356698
2930,fc16f_00010,20,13978.204610765755,greedy,1,30050080.282356698
2931,fc16f_00010,21,14716.416045138361,greedy,1,30050080.282356698
2932,fc16f_00010,22,16328.018021560349,greedy,1,30050080.282356698
2933,fc16f_00010,23,17753.390067995213,greedy,1,30050080.282356698
2934,fc16f_00010,24,15809.612959156517,greedy,1,30050080.282356698
2935,fc16f_00010,25,18325.384927338102,greedy,1,30050080.282356698
2936,fc16f_00010,26,17794.7919941272,greedy,1,30050080.282356698
2937,fc16f_00010,27,29897.188639052874,greedy,1,30050080.282356698
2938,fc16f_00010,28,29967.236707783253,greedy,1,30050080.282356698
2939,fc16f_00010,29,29034.198958271296,greedy,1,30050080.282356698
2940,fc16f_00010,30,49285.08856265855,greedy,1,30050080.282356698
2941,fc16f_00010,31,43513.619513440906,greedy,1,30050080.282356698
2942,fc16f_00010,32,64909.995947051386,greedy,1,30050080.282356698
2943,fc16f_00010,33,75828.48577463784,greedy,1,30050080.282356698
2944,fc16f_00010,34,75630.34909543936,greedy,1,30050080.282356698
2945,fc16f_00010,35,74602.12348537662,greedy,1,30050080.282356698
2946,fc16f_00010,36,71645.0063278243,greedy,1,30050080.282356698
2947,fc16f_00010,37,86557.07925347047,greedy,1,30050080.282356698
2948,fc16f_00010,38,82790.62576756287,greedy,1,30050080.282356698
2949,fc16f_00010,39,82747.03689090231,greedy,1,30050080.282356698
2950,fc16f_00010,40,74544.69969080461,greedy,1,30050080.282356698
2951,fc16f_00010,41,66023.43258289857,greedy,1,30050080.282356698
2952,fc16f_00010,42,66336.62865084514,greedy,1,30050080.282356698
2953,fc16f_00010,43,40568.65961228398,greedy,1,30050080.282356698
2954,fc16f_00010,44,47373.30954215928,greedy,1,30050080.282356698
2955,fc16f_00010,45,48281.3337514345,greedy,1,30050080.282356698
2956,fc16f_00010,46,50473.0020465066,greedy,1,30050080.282356698
2957,fc16f_00010,47,49014.931711893434,greedy,1,30050080.282356698
2958,fc16f_00010,48,56573.11741283206,greedy,1,30050080.282356698
2959,fc16f_00010,49,101360.53069194312,greedy,1,30050080.282356698
2960,fc16f_00010,50,65480.8062729301,greedy,1,30050080.282356698
2961,fc16f_00010,51,75686.42777302633,greedy,1,30050080.282356698
2962,fc16f_00010,52,146086.43853886623,greedy,1,30050080.282356698
2963,fc16f_00010,53,150544.67936935744,greedy,1,30050080.282356698
2964,fc16f_00010,54,163412.61951150035,greedy,1,30050080.282356698
2965,fc16f_00010,55,147363.70956099004,greedy,1,30050080.282356698
2966,fc16f_00010,56,107532.46091350765,greedy,1,30050080.282356698
2967,fc16f_00010,57,107459.21153202481,greedy,1,30050080.282356698
2968,fc16f_00010,58,110562.37727338307,greedy,1,30050080.282356698
2969,fc16f_00010,59,108490.6908068548,greedy,1,30050080.282356698
2970,fc16f_00010,60,112866.71687614365,greedy,1,30050080.282356698
2971,fc16f_00010,61,107999.43681471882,greedy,1,30050080.282356698
2972,fc16f_00010,62,116397.44700720115,greedy,1,30050080.282356698
2973,fc16f_00010,63,101756.87421658546,greedy,1,30050080.282356698
2974,fc16f_00010,64,106269.69015256637,greedy,1,30050080.282356698
2975,fc16f_00010,65,106010.87404654168,greedy,1,30050080.282356698
2976,fc16f_00010,66,112312.04024684636,greedy,1,30050080.282356698
2977,fc16f_00010,67,115503.47643676476,greedy,1,30050080.282356698
2978,fc16f_00010,68,115413.12560616739,greedy,1,30050080.282356698
2979,fc16f_00010,69,124833.27967949373,greedy,1,30050080.282356698
2980,fc16f_00010,70,128417.6409642018,greedy,1,30050080.282356698
2981,fc16f_00010,71,149789.9691304426,greedy,1,30050080.282356698
2982,fc16f_00010,72,147685.490648337,greedy,1,30050080.282356698
2983,fc16f_00010,73,163332.64410053138,greedy,1,30050080.282356698
2984,fc16f_00010,74,164431.82001965673,greedy,1,30050080.282356698
2985,fc16f_00010,75,151438.03680381976,greedy,1,30050080.282356698
2986,fc16f_00010,76,152251.82362359812,greedy,1,30050080.282356698
2987,fc16f_00010,77,149561.00889966506,greedy,1,30050080.282356698
2988,fc16f_00010,78,153979.57496052407,greedy,1,30050080.282356698
2989,fc16f_00010,79,168640.33836949733,greedy,1,30050080.282356698
2990,fc16f_00010,80,165804.37279926892,greedy,1,30050080.282356698
2991,fc16f_00010,81,196364.0423232463,greedy,1,30050080.282356698
2992,fc16f_00010,82,195855.3372797458,greedy,1,30050080.282356698
2993,fc16f_00010,83,197457.8715061705,greedy,1,30050080.282356698
2994,fc16f_00010,84,197190.32580801548,greedy,1,30050080.282356698
2995,fc16f_00010,85,197257.78277766544,greedy,1,30050080.282356698
2996,fc16f_00010,86,188938.10417094617,greedy,1,30050080.282356698
2997,fc16f_00010,87,180519.58447309557,greedy,1,30050080.282356698
2998,fc16f_00010,88,185859.8551223189,greedy,1,30050080.282356698
2999,fc16f_00010,89,216059.42707187284,greedy,1,30050080.282356698
3000,fc16f_00010,90,219010.1561084511,greedy,1,30050080.282356698
3001,fc16f_00010,91,219500.15978998374,greedy,1,30050080.282356698
3002,fc16f_00010,92,217380.42488435115,greedy,1,30050080.282356698
3003,fc16f_00010,93,205801.43716482163,greedy,1,30050080.282356698
3004,fc16f_00010,94,203861.75745408295,greedy,1,30050080.282356698
3005,fc16f_00010,95,198149.3538609675,greedy,1,30050080.282356698
3006,fc16f_00010,96,212656.2780758422,greedy,1,30050080.282356698
3007,fc16f_00010,97,222404.87921719986,greedy,1,30050080.282356698
3008,fc16f_00010,98,212058.99196863678,greedy,1,30050080.282356698
3009,fc16f_00010,99,203055.34316583312,greedy,1,30050080.282356698
3010,fc16f_00010,100,201360.77647368054,greedy,1,30050080.282356698
3011,fc16f_00010,101,202106.88417923197,greedy,1,30050080.282356698
3012,fc16f_00010,102,206976.85832239554,greedy,1,30050080.282356698
3013,fc16f_00010,103,198495.1269192775,greedy,1,30050080.282356698
3014,fc16f_00010,104,199536.4417379921,greedy,1,30050080.282356698
3015,fc16f_00010,105,195671.603760849,greedy,1,30050080.282356698
3016,fc16f_00010,106,189693.40541007236,greedy,1,30050080.282356698
3017,fc16f_00010,107,189810.83183980457,greedy,1,30050080.282356698
3018,fc16f_00010,108,193130.4126172784,greedy,1,30050080.282356698
3019,fc16f_00010,109,189241.50440936882,greedy,1,30050080.282356698
3020,fc16f_00010,110,205800.3842175703,greedy,1,30050080.282356698
3021,fc16f_00010,111,167888.02210790277,greedy,1,30050080.282356698
3022,fc16f_00010,112,171802.7363351328,greedy,1,30050080.282356698
3023,fc16f_00010,113,171977.1508429873,greedy,1,30050080.282356698
3024,fc16f_00010,114,180513.12236035857,greedy,1,30050080.282356698
3025,fc16f_00010,115,180169.60245306283,greedy,1,30050080.282356698
3026,fc16f_00010,116,182382.6042904737,greedy,1,30050080.282356698
3027,fc16f_00010,117,182338.36927044368,greedy,1,30050080.282356698
3028,fc16f_00010,118,165111.18720067217,greedy,1,30050080.282356698
3029,fc16f_00010,119,167053.68148096243,greedy,1,30050080.282356698
3030,fc16f_00010,120,167820.9321388138,greedy,1,30050080.282356698
3031,fc16f_00010,121,168505.2305554607,greedy,1,30050080.282356698
3032,fc16f_00010,122,170944.27136342006,greedy,1,30050080.282356698
3033,fc16f_00010,123,171486.7126026328,greedy,1,30050080.282356698
3034,fc16f_00010,124,168785.29403628418,greedy,1,30050080.282356698
3035,fc16f_00010,125,170009.58354209914,greedy,1,30050080.282356698
3036,fc16f_00010,126,143692.80765294164,greedy,1,30050080.282356698
3037,fc16f_00010,127,109438.55192965563,greedy,1,30050080.282356698
3038,fc16f_00010,128,111880.54995732242,greedy,1,30050080.282356698
3039,fc16f_00010,129,110659.42490765499,greedy,1,30050080.282356698
3040,fc16f_00010,130,104573.390906429,greedy,1,30050080.282356698
3041,fc16f_00010,131,106218.32541686602,greedy,1,30050080.282356698
3042,fc16f_00010,132,103286.9184162615,greedy,1,30050080.282356698
3043,fc16f_00010,133,102942.78821573123,greedy,1,30050080.282356698
3044,fc16f_00010,134,104060.28680238286,greedy,1,30050080.282356698
3045,fc16f_00010,135,103851.5495831939,greedy,1,30050080.282356698
3046,fc16f_00010,136,108966.45486301904,greedy,1,30050080.282356698
3047,fc16f_00010,137,113810.60462373398,greedy,1,30050080.282356698
3048,fc16f_00010,138,95238.04169571548,greedy,1,30050080.282356698
3049,fc16f_00010,139,104124.82915032799,greedy,1,30050080.282356698
3050,fc16f_00010,140,108182.82985625514,greedy,1,30050080.282356698
3051,fc16f_00010,141,105119.60750189758,greedy,1,30050080.282356698
3052,fc16f_00010,142,105131.58850193376,greedy,1,30050080.282356698
3053,fc16f_00010,143,104899.56875095415,greedy,1,30050080.282356698
3054,fc16f_00010,144,119522.90450785385,greedy,1,30050080.282356698
3055,fc16f_00010,145,119542.81934098712,greedy,1,30050080.282356698
3056,fc16f_00010,146,105320.36545299193,greedy,1,30050080.282356698
3057,fc16f_00010,147,107095.33277707365,greedy,1,30050080.282356698
3058,fc16f_00010,148,110380.23196033677,greedy,1,30050080.282356698
3059,fc16f_00010,149,97168.73848338127,greedy,1,30050080.282356698
3060,fc16f_00010,150,99895.87658761523,greedy,1,30050080.282356698
3061,fc16f_00010,151,109510.3594887882,greedy,1,30050080.282356698
3062,fc16f_00010,152,108826.82908387762,greedy,1,30050080.282356698
3063,fc16f_00010,153,108880.70786347592,greedy,1,30050080.282356698
3064,fc16f_00010,154,117924.15018117396,greedy,1,30050080.282356698
3065,fc16f_00010,155,117603.3809380243,greedy,1,30050080.282356698
3066,fc16f_00010,156,119273.988336373,greedy,1,30050080.282356698
3067,fc16f_00010,157,114280.95128595881,greedy,1,30050080.282356698
3068,fc16f_00010,158,109824.62756378841,greedy,1,30050080.282356698
3069,fc16f_00010,159,109227.83579702502,greedy,1,30050080.282356698
3070,fc16f_00010,160,128291.67359222421,greedy,1,30050080.282356698
3071,fc16f_00010,161,130693.67720503533,greedy,1,30050080.282356698
3072,fc16f_00010,162,131339.88435928253,greedy,1,30050080.282356698
3073,fc16f_00010,163,131494.10369806655,greedy,1,30050080.282356698
3074,fc16f_00010,164,110148.73643628584,greedy,1,30050080.282356698
3075,fc16f_00010,165,114212.5038352095,greedy,1,30050080.282356698
3076,fc16f_00010,166,112969.05859912424,greedy,1,30050080.282356698
3077,fc16f_00010,167,112239.31125282658,greedy,1,30050080.282356698
3078,fc16f_00010,168,112002.54248789052,greedy,1,30050080.282356698
3079,fc16f_00010,169,102571.51025206287,greedy,1,30050080.282356698
3080,fc16f_00010,170,102859.59630491793,greedy,1,30050080.282356698
3081,fc16f_00010,171,102979.7442333523,greedy,1,30050080.282356698
3082,fc16f_00010,172,100454.33061658026,greedy,1,30050080.282356698
3083,fc16f_00010,173,99099.96164570337,greedy,1,30050080.282356698
3084,fc16f_00010,174,96655.08410226757,greedy,1,30050080.282356698
3085,fc16f_00010,175,99382.62711123902,greedy,1,30050080.282356698
3086,fc16f_00010,176,99493.08968896487,greedy,1,30050080.282356698
3087,fc16f_00010,177,99357.7868741875,greedy,1,30050080.282356698
3088,fc16f_00010,178,101565.38846901852,greedy,1,30050080.282356698
3089,fc16f_00010,179,99899.75750428464,greedy,1,30050080.282356698
3090,fc16f_00010,180,97751.90426489516,greedy,1,30050080.282356698
3091,fc16f_00010,181,96724.64741455053,greedy,1,30050080.282356698
3092,fc16f_00010,182,87432.42345430602,greedy,1,30050080.282356698
3093,fc16f_00010,183,87975.42947239208,greedy,1,30050080.282356698
3094,fc16f_00010,184,92839.32247421803,greedy,1,30050080.282356698
3095,fc16f_00010,185,88617.35418980116,greedy,1,30050080.282356698
3096,fc16f_00010,186,87397.63146719697,greedy,1,30050080.282356698
3097,fc16f_00010,187,85803.39899456986,greedy,1,30050080.282356698
3098,fc16f_00010,188,88999.98004867802,greedy,1,30050080.282356698
3099,fc16f_00010,189,82262.73287060838,greedy,1,30050080.282356698
3100,fc16f_00010,190,73185.86094535024,greedy,1,30050080.282356698
3101,fc16f_00010,191,71725.07692083431,greedy,1,30050080.282356698
3102,fc16f_00010,192,72021.18689710902,greedy,1,30050080.282356698
3103,fc16f_00010,193,73079.15288429896,greedy,1,30050080.282356698
3104,fc16f_00010,194,73645.0122973815,greedy,1,30050080.282356698
3105,fc16f_00010,195,82090.26153174574,greedy,1,30050080.282356698
3106,fc16f_00010,196,82660.1989319607,greedy,1,30050080.282356698
3107,fc16f_00010,197,81992.13660942612,greedy,1,30050080.282356698
3108,fc16f_00010,198,79723.03212709245,greedy,1,30050080.282356698
3109,fc16f_00010,199,79951.39185208656,greedy,1,30050080.282356698
3110,fc16f_00010,200,84058.52894133443,greedy,1,30050080.282356698
3111,fc16f_00010,201,84940.5463291292,greedy,1,30050080.282356698
3112,fc16f_00010,202,85002.14577626031,greedy,1,30050080.282356698
3113,fc16f_00010,203,106689.49153669945,greedy,1,30050080.282356698
3114,fc16f_00010,204,106241.80286249198,greedy,1,30050080.282356698
3115,fc16f_00010,205,124282.4667787984,greedy,1,30050080.282356698
3116,fc16f_00010,206,122441.01336375622,greedy,1,30050080.282356698
3117,fc16f_00010,207,121679.21373192595,greedy,1,30050080.282356698
3118,fc16f_00010,208,123126.0259886436,greedy,1,30050080.282356698
3119,fc16f_00010,209,123286.27590460503,greedy,1,30050080.282356698
3120,fc16f_00010,210,123341.46482216209,greedy,1,30050080.282356698
3121,fc16f_00010,211,128156.85336948605,greedy,1,30050080.282356698
3122,fc16f_00010,212,127036.97470274639,greedy,1,30050080.282356698
3123,fc16f_00010,213,121050.7377898882,greedy,1,30050080.282356698
3124,fc16f_00010,214,116895.23132323369,greedy,1,30050080.282356698
3125,fc16f_00010,215,93231.30311326138,greedy,1,30050080.282356698
3126,fc16f_00010,216,94810.72996366418,greedy,1,30050080.282356698
3127,fc16f_00010,217,93918.75330560532,greedy,1,30050080.282356698
3128,fc16f_00010,218,93849.94248310343,greedy,1,30050080.282356698
3129,fc16f_00010,219,93480.46185046955,greedy,1,30050080.282356698
3130,fc16f_00010,220,93403.15383124564,greedy,1,30050080.282356698
3131,fc16f_00010,221,93473.80703339688,greedy,1,30050080.282356698
3132,fc16f_00010,222,92426.79403956466,greedy,1,30050080.282356698
3133,fc16f_00010,223,100856.5786284249,greedy,1,30050080.282356698
3134,fc16f_00010,224,98559.64074825779,greedy,1,30050080.282356698
3135,fc16f_00010,225,97872.17834960321,greedy,1,30050080.282356698
3136,fc16f_00010,226,95707.47865379335,greedy,1,30050080.282356698
3137,fc16f_00010,227,106983.11814627446,greedy,1,30050080.282356698
3138,fc16f_00010,228,107137.38260648308,greedy,1,30050080.282356698
3139,fc16f_00010,229,106580.17632719169,greedy,1,30050080.282356698
3140,fc16f_00010,230,107146.1762612836,greedy,1,30050080.282356698
3141,fc16f_00010,231,107444.65134861568,greedy,1,30050080.282356698
3142,fc16f_00010,232,108483.0528238727,greedy,1,30050080.282356698
3143,fc16f_00010,233,105415.29553623698,greedy,1,30050080.282356698
3144,fc16f_00010,234,105024.26220524525,greedy,1,30050080.282356698
3145,fc16f_00010,235,103361.80753129063,greedy,1,30050080.282356698
3146,fc16f_00010,236,99903.61649997863,greedy,1,30050080.282356698
3147,fc16f_00010,237,102948.63669638302,greedy,1,30050080.282356698
3148,fc16f_00010,238,107554.07901888475,greedy,1,30050080.282356698
3149,fc16f_00010,239,105490.21521795989,greedy,1,30050080.282356698
3150,fc16f_00010,240,106200.7292882478,greedy,1,30050080.282356698
3151,fc16f_00010,241,92868.75847094657,greedy,1,30050080.282356698
3152,fc16f_00010,242,108006.83097433789,greedy,1,30050080.282356698
3153,fc16f_00010,243,101787.23190158566,greedy,1,30050080.282356698
3154,fc16f_00010,244,101564.54273951819,greedy,1,30050080.282356698
3155,fc16f_00010,245,99433.74191141692,greedy,1,30050080.282356698
3156,fc16f_00010,246,98587.18704580424,greedy,1,30050080.282356698
3157,fc16f_00010,247,79700.46278742194,greedy,1,30050080.282356698
3158,fc16f_00010,248,79737.9315519523,greedy,1,30050080.282356698
3159,fc16f_00010,249,80470.06686600533,greedy,1,30050080.282356698
3160,fc16f_00010,250,80094.76390524268,greedy,1,30050080.282356698
3161,fc16f_00010,251,79374.63868216005,greedy,1,30050080.282356698
3162,fc16f_00010,252,78768.9336727494,greedy,1,30050080.282356698
3163,fc16f_00010,253,78752.96948478463,greedy,1,30050080.282356698
3164,fc16f_00010,254,77597.40039168797,greedy,1,30050080.282356698
3165,fc16f_00010,255,82170.4593139278,greedy,1,30050080.282356698
3166,fc16f_00010,256,80997.18404162706,greedy,1,30050080.282356698
3167,fc16f_00010,257,80538.8296160969,greedy,1,30050080.282356698
3168,fc16f_00010,258,84893.66346637202,greedy,1,30050080.282356698
3169,fc16f_00010,259,84490.60517844529,greedy,1,30050080.282356698
3170,fc16f_00010,260,83216.86842850759,greedy,1,30050080.282356698
3171,fc16f_00010,261,78284.85592965734,greedy,1,30050080.282356698
3172,fc16f_00010,262,74794.35674734315,greedy,1,30050080.282356698
3173,fc16f_00010,263,75429.31412342185,greedy,1,30050080.282356698
3174,fc16f_00010,264,77464.18274772812,greedy,1,30050080.282356698
3175,fc16f_00010,265,83568.43586474548,greedy,1,30050080.282356698
3176,fc16f_00010,266,85159.330278874,greedy,1,30050080.282356698
3177,fc16f_00010,267,88441.72415980329,greedy,1,30050080.282356698
3178,fc16f_00010,268,88226.85598130911,greedy,1,30050080.282356698
3179,fc16f_00010,269,81016.50795067332,greedy,1,30050080.282356698
3180,fc16f_00010,270,75159.95686288031,greedy,1,30050080.282356698
3181,fc16f_00010,271,77171.1370473818,greedy,1,30050080.282356698
3182,fc16f_00010,272,77422.48253456733,greedy,1,30050080.282356698
3183,fc16f_00010,273,80034.56879710613,greedy,1,30050080.282356698
3184,fc16f_00010,274,73579.70718171177,greedy,1,30050080.282356698
3185,fc16f_00010,275,69647.86072306897,greedy,1,30050080.282356698
3186,fc16f_00010,276,66172.08952327116,greedy,1,30050080.282356698
3187,fc16f_00010,277,64959.4500514179,greedy,1,30050080.282356698
3188,fc16f_00010,278,63835.41393590547,greedy,1,30050080.282356698
3189,fc16f_00010,279,63791.17895181119,greedy,1,30050080.282356698
3190,fc16f_00010,280,67921.9232903962,greedy,1,30050080.282356698
3191,fc16f_00010,281,68064.30738458302,greedy,1,30050080.282356698
3192,fc16f_00010,282,71372.97050234588,greedy,1,30050080.282356698
3193,fc16f_00010,283,59392.729356438555,greedy,1,30050080.282356698
3194,fc16f_00010,284,59333.26246070825,greedy,1,30050080.282356698
3195,fc16f_00010,285,62939.29871236489,greedy,1,30050080.282356698
3196,fc16f_00010,286,59098.01997023556,greedy,1,30050080.282356698
3197,fc16f_00010,287,58370.626680189336,greedy,1,30050080.282356698
3198,fc16f_00010,288,53213.703380376006,greedy,1,30050080.282356698
3199,fc16f_00010,289,52771.03246428321,greedy,1,30050080.282356698
3200,fc16f_00010,290,50779.97429384282,greedy,1,30050080.282356698
3201,fc16f_00011,0,7462.718005199594,greedy,2,25266482.578840464
3202,fc16f_00011,1,7886.6731276917135,greedy,2,25266482.578840464
3203,fc16f_00011,2,46220.34061032757,greedy,2,25266482.578840464
3204,fc16f_00011,3,7028.046412254469,greedy,2,25266482.578840464
3205,fc16f_00011,4,7276.820341862451,greedy,2,25266482.578840464
3206,fc16f_00011,5,9773.907729835171,greedy,2,25266482.578840464
3207,fc16f_00011,6,9199.887757141549,greedy,2,25266482.578840464
3208,fc16f_00011,7,5880.688803893855,greedy,2,25266482.578840464
3209,fc16f_00011,8,8369.432106535674,greedy,2,25266482.578840464
3210,fc16f_00011,9,9742.078292286376,greedy,2,25266482.578840464
3211,fc16f_00011,10,8084.481968116364,greedy,2,25266482.578840464
3212,fc16f_00011,11,7990.233408417308,greedy,2,25266482.578840464
3213,fc16f_00011,12,6507.58294320075,greedy,2,25266482.578840464
3214,fc16f_00011,13,6774.03360208206,greedy,2,25266482.578840464
3215,fc16f_00011,14,7476.284863136265,greedy,2,25266482.578840464
3216,fc16f_00011,15,7068.41501177255,greedy,2,25266482.578840464
3217,fc16f_00011,16,7062.058424921536,greedy,2,25266482.578840464
3218,fc16f_00011,17,7167.512940857989,greedy,2,25266482.578840464
3219,fc16f_00011,18,7096.978069249441,greedy,2,25266482.578840464
3220,fc16f_00011,19,6012.865008353126,greedy,2,25266482.578840464
3221,fc16f_00011,20,5870.021160133793,greedy,2,25266482.578840464
3222,fc16f_00011,21,6016.756362083502,greedy,2,25266482.578840464
3223,fc16f_00011,22,35199.2732723402,greedy,2,25266482.578840464
3224,fc16f_00011,23,45229.41242755793,greedy,2,25266482.578840464
3225,fc16f_00011,24,44115.04724643113,greedy,2,25266482.578840464
3226,fc16f_00011,25,60874.09760833364,greedy,2,25266482.578840464
3227,fc16f_00011,26,72899.54161901814,greedy,2,25266482.578840464
3228,fc16f_00011,27,113686.96533142983,greedy,2,25266482.578840464
3229,fc16f_00011,28,98198.72630413249,greedy,2,25266482.578840464
3230,fc16f_00011,29,90529.99493948133,greedy,2,25266482.578840464
3231,fc16f_00011,30,113794.7688608935,greedy,2,25266482.578840464
3232,fc16f_00011,31,154420.23116324787,greedy,2,25266482.578840464
3233,fc16f_00011,32,162511.8505613123,greedy,2,25266482.578840464
3234,fc16f_00011,33,131925.31053397802,greedy,2,25266482.578840464
3235,fc16f_00011,34,105026.12192098191,greedy,2,25266482.578840464
3236,fc16f_00011,35,145032.79190239366,greedy,2,25266482.578840464
3237,fc16f_00011,36,138826.70874491817,greedy,2,25266482.578840464
3238,fc16f_00011,37,121826.63269795991,greedy,2,25266482.578840464
3239,fc16f_00011,38,63163.084097571744,greedy,2,25266482.578840464
3240,fc16f_00011,39,42353.45677381884,greedy,2,25266482.578840464
3241,fc16f_00011,40,43287.00370791178,greedy,2,25266482.578840464
3242,fc16f_00011,41,46685.84266701893,greedy,2,25266482.578840464
3243,fc16f_00011,42,36979.08835594271,greedy,2,25266482.578840464
3244,fc16f_00011,43,41449.53289954709,greedy,2,25266482.578840464
3245,fc16f_00011,44,39799.584400298365,greedy,2,25266482.578840464
3246,fc16f_00011,45,41588.482859989526,greedy,2,25266482.578840464
3247,fc16f_00011,46,27726.2034542191,greedy,2,25266482.578840464
3248,fc16f_00011,47,20988.947474191133,greedy,2,25266482.578840464
3249,fc16f_00011,48,30476.498791497856,greedy,2,25266482.578840464
3250,fc16f_00011,49,34567.769977323485,greedy,2,25266482.578840464
3251,fc16f_00011,50,32328.71629937703,greedy,2,25266482.578840464
3252,fc16f_00011,51,29097.51525266059,greedy,2,25266482.578840464
3253,fc16f_00011,52,31007.21248255011,greedy,2,25266482.578840464
3254,fc16f_00011,53,28351.321821228823,greedy,2,25266482.578840464
3255,fc16f_00011,54,23027.184973617233,greedy,2,25266482.578840464
3256,fc16f_00011,55,26859.002159948122,greedy,2,25266482.578840464
3257,fc16f_00011,56,27498.518036944904,greedy,2,25266482.578840464
3258,fc16f_00011,57,27144.059980850732,greedy,2,25266482.578840464
3259,fc16f_00011,58,28843.035709800013,greedy,2,25266482.578840464
3260,fc16f_00011,59,29336.948443661626,greedy,2,25266482.578840464
3261,fc16f_00011,60,31084.16982901803,greedy,2,25266482.578840464
3262,fc16f_00011,61,29579.43195797004,greedy,2,25266482.578840464
3263,fc16f_00011,62,31282.29198056889,greedy,2,25266482.578840464
3264,fc16f_00011,63,49533.50249866402,greedy,2,25266482.578840464
3265,fc16f_00011,64,39538.90399735261,greedy,2,25266482.578840464
3266,fc16f_00011,65,37805.09853799078,greedy,2,25266482.578840464
3267,fc16f_00011,66,38534.63519404078,greedy,2,25266482.578840464
3268,fc16f_00011,67,37467.817764928346,greedy,2,25266482.578840464
3269,fc16f_00011,68,36442.26918136724,greedy,2,25266482.578840464
3270,fc16f_00011,69,52222.55463051999,greedy,2,25266482.578840464
3271,fc16f_00011,70,52253.00291190078,greedy,2,25266482.578840464
3272,fc16f_00011,71,51967.36259844426,greedy,2,25266482.578840464
3273,fc16f_00011,72,50930.98892054635,greedy,2,25266482.578840464
3274,fc16f_00011,73,48411.8361188965,greedy,2,25266482.578840464
3275,fc16f_00011,74,52611.33888020613,greedy,2,25266482.578840464
3276,fc16f_00011,75,55809.571746023,greedy,2,25266482.578840464
3277,fc16f_00011,76,53863.55410328275,greedy,2,25266482.578840464
3278,fc16f_00011,77,44391.504951809125,greedy,2,25266482.578840464
3279,fc16f_00011,78,43326.155000988685,greedy,2,25266482.578840464
3280,fc16f_00011,79,41838.76699686424,greedy,2,25266482.578840464
3281,fc16f_00011,80,45903.66691921591,greedy,2,25266482.578840464
3282,fc16f_00011,81,47524.046227026156,greedy,2,25266482.578840464
3283,fc16f_00011,82,46133.076286641604,greedy,2,25266482.578840464
3284,fc16f_00011,83,46326.597807367674,greedy,2,25266482.578840464
3285,fc16f_00011,84,46999.174907485154,greedy,2,25266482.578840464
3286,fc16f_00011,85,47554.07206655535,greedy,2,25266482.578840464
3287,fc16f_00011,86,45023.002881990455,greedy,2,25266482.578840464
3288,fc16f_00011,87,44205.59115728378,greedy,2,25266482.578840464
3289,fc16f_00011,88,44046.35077886755,greedy,2,25266482.578840464
3290,fc16f_00011,89,46272.30669038929,greedy,2,25266482.578840464
3291,fc16f_00011,90,46949.81242226004,greedy,2,25266482.578840464
3292,fc16f_00011,91,43943.051893167234,greedy,2,25266482.578840464
3293,fc16f_00011,92,45322.66455731121,greedy,2,25266482.578840464
3294,fc16f_00011,93,49035.394177570946,greedy,2,25266482.578840464
3295,fc16f_00011,94,52363.74341628425,greedy,2,25266482.578840464
3296,fc16f_00011,95,55912.32468921722,greedy,2,25266482.578840464
3297,fc16f_00011,96,50969.815113197044,greedy,2,25266482.578840464
3298,fc16f_00011,97,46989.21111892434,greedy,2,25266482.578840464
3299,fc16f_00011,98,51087.866248029655,greedy,2,25266482.578840464
3300,fc16f_00011,99,50211.994793175916,greedy,2,25266482.578840464
3301,fc16f_00011,100,59457.73529015374,greedy,2,25266482.578840464
3302,fc16f_00011,101,66880.7868278266,greedy,2,25266482.578840464
3303,fc16f_00011,102,65368.16973731402,greedy,2,25266482.578840464
3304,fc16f_00011,103,66905.624079995,greedy,2,25266482.578840464
3305,fc16f_00011,104,68290.70574902232,greedy,2,25266482.578840464
3306,fc16f_00011,105,73517.39181959227,greedy,2,25266482.578840464
3307,fc16f_00011,106,75228.23711627164,greedy,2,25266482.578840464
3308,fc16f_00011,107,72307.99805812,greedy,2,25266482.578840464
3309,fc16f_00011,108,76369.91761019615,greedy,2,25266482.578840464
3310,fc16f_00011,109,75876.39941689956,greedy,2,25266482.578840464
3311,fc16f_00011,110,67187.02788193976,greedy,2,25266482.578840464
3312,fc16f_00011,111,68427.53123875501,greedy,2,25266482.578840464
3313,fc16f_00011,112,67865.68917281786,greedy,2,25266482.578840464
3314,fc16f_00011,113,67728.78491703888,greedy,2,25266482.578840464
3315,fc16f_00011,114,66899.80162639687,greedy,2,25266482.578840464
3316,fc16f_00011,115,69460.3580687949,greedy,2,25266482.578840464
3317,fc16f_00011,116,67745.02494186418,greedy,2,25266482.578840464
3318,fc16f_00011,117,61952.064654099086,greedy,2,25266482.578840464
3319,fc16f_00011,118,63140.095853191146,greedy,2,25266482.578840464
3320,fc16f_00011,119,68493.09530209651,greedy,2,25266482.578840464
3321,fc16f_00011,120,64761.90838671551,greedy,2,25266482.578840464
3322,fc16f_00011,121,64878.80900909808,greedy,2,25266482.578840464
3323,fc16f_00011,122,65306.82736254993,greedy,2,25266482.578840464
3324,fc16f_00011,123,65328.041713815524,greedy,2,25266482.578840464
3325,fc16f_00011,124,66387.57607977655,greedy,2,25266482.578840464
3326,fc16f_00011,125,66557.74393276164,greedy,2,25266482.578840464
3327,fc16f_00011,126,68909.57727012277,greedy,2,25266482.578840464
3328,fc16f_00011,127,67264.66730287828,greedy,2,25266482.578840464
3329,fc16f_00011,128,67219.25092176326,greedy,2,25266482.578840464
3330,fc16f_00011,129,63519.83326506025,greedy,2,25266482.578840464
3331,fc16f_00011,130,66132.76597285474,greedy,2,25266482.578840464
3332,fc16f_00011,131,65281.59806948225,greedy,2,25266482.578840464
3333,fc16f_00011,132,63969.017317098755,greedy,2,25266482.578840464
3334,fc16f_00011,133,70016.99212441947,greedy,2,25266482.578840464
3335,fc16f_00011,134,61488.80519645744,greedy,2,25266482.578840464
3336,fc16f_00011,135,63376.719784661735,greedy,2,25266482.578840464
3337,fc16f_00011,136,63789.185941330965,greedy,2,25266482.578840464
3338,fc16f_00011,137,62756.971885793406,greedy,2,25266482.578840464
3339,fc16f_00011,138,62305.76884257257,greedy,2,25266482.578840464
3340,fc16f_00011,139,60058.4600113344,greedy,2,25266482.578840464
3341,fc16f_00011,140,60220.69554731896,greedy,2,25266482.578840464
3342,fc16f_00011,141,60356.11090319749,greedy,2,25266482.578840464
3343,fc16f_00011,142,63256.188298178,greedy,2,25266482.578840464
3344,fc16f_00011,143,63038.18368074641,greedy,2,25266482.578840464
3345,fc16f_00011,144,62741.34340816298,greedy,2,25266482.578840464
3346,fc16f_00011,145,62920.65606573349,greedy,2,25266482.578840464
3347,fc16f_00011,146,60911.15444236365,greedy,2,25266482.578840464
3348,fc16f_00011,147,61326.010492369474,greedy,2,25266482.578840464
3349,fc16f_00011,148,61280.237814489694,greedy,2,25266482.578840464
3350,fc16f_00011,149,60289.951514307875,greedy,2,25266482.578840464
3351,fc16f_00011,150,69910.90906934343,greedy,2,25266482.578840464
3352,fc16f_00011,151,67976.72305451329,greedy,2,25266482.578840464
3353,fc16f_00011,152,69380.96459316369,greedy,2,25266482.578840464
3354,fc16f_00011,153,72552.54365661064,greedy,2,25266482.578840464
3355,fc16f_00011,154,76357.55461984579,greedy,2,25266482.578840464
3356,fc16f_00011,155,79466.16156652571,greedy,2,25266482.578840464
3357,fc16f_00011,156,80323.84731697166,greedy,2,25266482.578840464
3358,fc16f_00011,157,83844.31822265901,greedy,2,25266482.578840464
3359,fc16f_00011,158,92156.05307694327,greedy,2,25266482.578840464
3360,fc16f_00011,159,100300.45005310493,greedy,2,25266482.578840464
3361,fc16f_00011,160,100932.51596166391,greedy,2,25266482.578840464
3362,fc16f_00011,161,107908.69017381383,greedy,2,25266482.578840464
3363,fc16f_00011,162,107792.35266924577,greedy,2,25266482.578840464
3364,fc16f_00011,163,107380.44937643189,greedy,2,25266482.578840464
3365,fc16f_00011,164,107613.5191265274,greedy,2,25266482.578840464
3366,fc16f_00011,165,105813.17033268587,greedy,2,25266482.578840464
3367,fc16f_00011,166,108094.3678522056,greedy,2,25266482.578840464
3368,fc16f_00011,167,105338.84646453071,greedy,2,25266482.578840464
3369,fc16f_00011,168,102255.8760943603,greedy,2,25266482.578840464
3370,fc16f_00011,169,102455.73832021137,greedy,2,25266482.578840464
3371,fc16f_00011,170,100907.61071715092,greedy,2,25266482.578840464
3372,fc16f_00011,171,100802.2828815962,greedy,2,25266482.578840464
3373,fc16f_00011,172,102023.24811768261,greedy,2,25266482.578840464
3374,fc16f_00011,173,103118.30723918762,greedy,2,25266482.578840464
3375,fc16f_00011,174,101622.2941974854,greedy,2,25266482.578840464
3376,fc16f_00011,175,99162.53556002736,greedy,2,25266482.578840464
3377,fc16f_00011,176,102860.5699417898,greedy,2,25266482.578840464
3378,fc16f_00011,177,103004.07468419192,greedy,2,25266482.578840464
3379,fc16f_00011,178,101321.94737194026,greedy,2,25266482.578840464
3380,fc16f_00011,179,99994.68721350867,greedy,2,25266482.578840464
3381,fc16f_00011,180,99548.24075921507,greedy,2,25266482.578840464
3382,fc16f_00011,181,99208.18509600496,greedy,2,25266482.578840464
3383,fc16f_00011,182,99105.27595790809,greedy,2,25266482.578840464
3384,fc16f_00011,183,99748.00201775505,greedy,2,25266482.578840464
3385,fc16f_00011,184,98979.10859624528,greedy,2,25266482.578840464
3386,fc16f_00011,185,98834.36982520024,greedy,2,25266482.578840464
3387,fc16f_00011,186,104542.84827546688,greedy,2,25266482.578840464
3388,fc16f_00011,187,104744.43226655014,greedy,2,25266482.578840464
3389,fc16f_00011,188,106998.45388968695,greedy,2,25266482.578840464
3390,fc16f_00011,189,119398.23634032224,greedy,2,25266482.578840464
3391,fc16f_00011,190,116679.06839455914,greedy,2,25266482.578840464
3392,fc16f_00011,191,119484.69970534247,greedy,2,25266482.578840464
3393,fc16f_00011,192,123275.23530187357,greedy,2,25266482.578840464
3394,fc16f_00011,193,128959.95060078838,greedy,2,25266482.578840464
3395,fc16f_00011,194,131533.32836297742,greedy,2,25266482.578840464
3396,fc16f_00011,195,149143.701067211,greedy,2,25266482.578840464
3397,fc16f_00011,196,148426.10201624274,greedy,2,25266482.578840464
3398,fc16f_00011,197,150876.95730811116,greedy,2,25266482.578840464
3399,fc16f_00011,198,151495.15923430875,greedy,2,25266482.578840464
3400,fc16f_00011,199,141308.75545730948,greedy,2,25266482.578840464
3401,fc16f_00011,200,143107.91944623188,greedy,2,25266482.578840464
3402,fc16f_00011,201,139066.81157398957,greedy,2,25266482.578840464
3403,fc16f_00011,202,139372.8580005179,greedy,2,25266482.578840464
3404,fc16f_00011,203,139251.09505745547,greedy,2,25266482.578840464
3405,fc16f_00011,204,120786.34271791171,greedy,2,25266482.578840464
3406,fc16f_00011,205,115230.46564961765,greedy,2,25266482.578840464
3407,fc16f_00011,206,116648.72011247708,greedy,2,25266482.578840464
3408,fc16f_00011,207,118357.76689160438,greedy,2,25266482.578840464
3409,fc16f_00011,208,120450.38785718588,greedy,2,25266482.578840464
3410,fc16f_00011,209,147673.72018371723,greedy,2,25266482.578840464
3411,fc16f_00011,210,155806.95212314615,greedy,2,25266482.578840464
3412,fc16f_00011,211,155854.64457678818,greedy,2,25266482.578840464
3413,fc16f_00011,212,156269.65325399057,greedy,2,25266482.578840464
3414,fc16f_00011,213,152852.80492047383,greedy,2,25266482.578840464
3415,fc16f_00011,214,153030.2643179139,greedy,2,25266482.578840464
3416,fc16f_00011,215,159642.42989612423,greedy,2,25266482.578840464
3417,fc16f_00011,216,154495.54561524655,greedy,2,25266482.578840464
3418,fc16f_00011,217,155538.81419577583,greedy,2,25266482.578840464
3419,fc16f_00011,218,154906.20151505052,greedy,2,25266482.578840464
3420,fc16f_00011,219,155091.79513847127,greedy,2,25266482.578840464
3421,fc16f_00011,220,160324.5648178713,greedy,2,25266482.578840464
3422,fc16f_00011,221,160630.3155650868,greedy,2,25266482.578840464
3423,fc16f_00011,222,160413.82640430107,greedy,2,25266482.578840464
3424,fc16f_00011,223,162597.73407870988,greedy,2,25266482.578840464
3425,fc16f_00011,224,166706.92340155825,greedy,2,25266482.578840464
3426,fc16f_00011,225,165717.37048628225,greedy,2,25266482.578840464
3427,fc16f_00011,226,185610.6065991758,greedy,2,25266482.578840464
3428,fc16f_00011,227,185465.93077089122,greedy,2,25266482.578840464
3429,fc16f_00011,228,188620.43649235053,greedy,2,25266482.578840464
3430,fc16f_00011,229,170893.35107666044,greedy,2,25266482.578840464
3431,fc16f_00011,230,166652.28993203837,greedy,2,25266482.578840464
3432,fc16f_00011,231,173558.11290546771,greedy,2,25266482.578840464
3433,fc16f_00011,232,179798.61645120612,greedy,2,25266482.578840464
3434,fc16f_00011,233,198055.99048880546,greedy,2,25266482.578840464
3435,fc16f_00011,234,195339.18760774937,greedy,2,25266482.578840464
3436,fc16f_00011,235,170093.93797732078,greedy,2,25266482.578840464
3437,fc16f_00011,236,171646.816655421,greedy,2,25266482.578840464
3438,fc16f_00011,237,182698.96629146044,greedy,2,25266482.578840464
3439,fc16f_00011,238,204290.87238916222,greedy,2,25266482.578840464
3440,fc16f_00011,239,177715.02564705964,greedy,2,25266482.578840464
3441,fc16f_00011,240,174976.43587740633,greedy,2,25266482.578840464
3442,fc16f_00011,241,188074.58314736016,greedy,2,25266482.578840464
3443,fc16f_00011,242,167635.22473598213,greedy,2,25266482.578840464
3444,fc16f_00011,243,168132.80459860724,greedy,2,25266482.578840464
3445,fc16f_00011,244,168122.21015335858,greedy,2,25266482.578840464
3446,fc16f_00011,245,167877.2855509546,greedy,2,25266482.578840464
3447,fc16f_00011,246,165720.25225030395,greedy,2,25266482.578840464
3448,fc16f_00011,247,162804.64854214396,greedy,2,25266482.578840464
3449,fc16f_00011,248,160244.19214619533,greedy,2,25266482.578840464
3450,fc16f_00011,249,158018.95680903757,greedy,2,25266482.578840464
3451,fc16f_00011,250,155778.25529777445,greedy,2,25266482.578840464
3452,fc16f_00011,251,151048.35531684625,greedy,2,25266482.578840464
3453,fc16f_00011,252,117204.35463737411,greedy,2,25266482.578840464
3454,fc16f_00011,253,118220.01851988026,greedy,2,25266482.578840464
3455,fc16f_00011,254,107867.67002987757,greedy,2,25266482.578840464
3456,fc16f_00011,255,97908.15239736853,greedy,2,25266482.578840464
3457,fc16f_00011,256,99118.78081979245,greedy,2,25266482.578840464
3458,fc16f_00011,257,99119.61652121179,greedy,2,25266482.578840464
3459,fc16f_00011,258,102058.94140627925,greedy,2,25266482.578840464
3460,fc16f_00011,259,101703.55605874788,greedy,2,25266482.578840464
3461,fc16f_00011,260,105347.60004676919,greedy,2,25266482.578840464
3462,fc16f_00011,261,102362.90883842595,greedy,2,25266482.578840464
3463,fc16f_00011,262,102382.45909873623,greedy,2,25266482.578840464
3464,fc16f_00011,263,101885.08161775307,greedy,2,25266482.578840464
3465,fc16f_00011,264,103993.6953770861,greedy,2,25266482.578840464
3466,fc16f_00011,265,103980.34621106304,greedy,2,25266482.578840464
3467,fc16f_00011,266,105355.18770560241,greedy,2,25266482.578840464
3468,fc16f_00011,267,101391.26213943202,greedy,2,25266482.578840464
3469,fc16f_00011,268,112853.29232104383,greedy,2,25266482.578840464
3470,fc16f_00011,269,121564.14290811811,greedy,2,25266482.578840464
3471,fc16f_00011,270,121285.99959958137,greedy,2,25266482.578840464
3472,fc16f_00011,271,127113.61294698587,greedy,2,25266482.578840464
3473,fc16f_00011,272,118399.04147815845,greedy,2,25266482.578840464
3474,fc16f_00011,273,117133.94977133683,greedy,2,25266482.578840464
3475,fc16f_00011,274,112981.64135071043,greedy,2,25266482.578840464
3476,fc16f_00011,275,105817.98286148945,greedy,2,25266482.578840464
3477,fc16f_00011,276,103842.77438646549,greedy,2,25266482.578840464
3478,fc16f_00011,277,103024.74326111434,greedy,2,25266482.578840464
3479,fc16f_00011,278,107053.35855353046,greedy,2,25266482.578840464
3480,fc16f_00011,279,102783.98311394545,greedy,2,25266482.578840464
3481,fc16f_00011,280,98356.91197412385,greedy,2,25266482.578840464
3482,fc16f_00011,281,92862.67232720726,greedy,2,25266482.578840464
3483,fc16f_00011,282,92455.45472220897,greedy,2,25266482.578840464
3484,fc16f_00011,283,92595.38990300933,greedy,2,25266482.578840464
3485,fc16f_00011,284,88721.21345485748,greedy,2,25266482.578840464
3486,fc16f_00011,285,86229.7458742877,greedy,2,25266482.578840464
3487,fc16f_00011,286,89462.22476750187,greedy,2,25266482.578840464
3488,fc16f_00011,287,82771.42177549901,greedy,2,25266482.578840464
3489,fc16f_00011,288,82494.88332964902,greedy,2,25266482.578840464
3490,fc16f_00011,289,79120.0513278289,greedy,2,25266482.578840464
3491,fc16f_00011,290,65363.00864980249,greedy,2,25266482.578840464
3492,fc16f_00012,0,16949.55331308599,greedy,3,24515654.606468268
3493,fc16f_00012,1,6767.698195813269,greedy,3,24515654.606468268
3494,fc16f_00012,2,6596.126618913039,greedy,3,24515654.606468268
3495,fc16f_00012,3,8149.5407576986445,greedy,3,24515654.606468268
3496,fc16f_00012,4,9401.050166346196,greedy,3,24515654.606468268
3497,fc16f_00012,5,8381.990721424136,greedy,3,24515654.606468268
3498,fc16f_00012,6,7825.374270557826,greedy,3,24515654.606468268
3499,fc16f_00012,7,7389.98960471035,greedy,3,24515654.606468268
3500,fc16f_00012,8,7464.165287584183,greedy,3,24515654.606468268
3501,fc16f_00012,9,8108.713381925598,greedy,3,24515654.606468268
3502,fc16f_00012,10,8186.968213472689,greedy,3,24515654.606468268
3503,fc16f_00012,11,8034.89095176073,greedy,3,24515654.606468268
3504,fc16f_00012,12,9140.09153825075,greedy,3,24515654.606468268
3505,fc16f_00012,13,9044.665024935159,greedy,3,24515654.606468268
3506,fc16f_00012,14,8934.086036212042,greedy,3,24515654.606468268
3507,fc16f_00012,15,9081.59387486301,greedy,3,24515654.606468268
3508,fc16f_00012,16,8992.223066134438,greedy,3,24515654.606468268
3509,fc16f_00012,17,13255.616475066452,greedy,3,24515654.606468268
3510,fc16f_00012,18,15772.406515689052,greedy,3,24515654.606468268
3511,fc16f_00012,19,17275.88385191255,greedy,3,24515654.606468268
3512,fc16f_00012,20,17122.80523350344,greedy,3,24515654.606468268
3513,fc16f_00012,21,18381.613702913543,greedy,3,24515654.606468268
3514,fc16f_00012,22,16463.24322925095,greedy,3,24515654.606468268
3515,fc16f_00012,23,24674.76604104404,greedy,3,24515654.606468268
3516,fc16f_00012,24,27276.50821418053,greedy,3,24515654.606468268
3517,fc16f_00012,25,26233.236160933473,greedy,3,24515654.606468268
3518,fc16f_00012,26,38710.09476408641,greedy,3,24515654.606468268
3519,fc16f_00012,27,33397.55300511247,greedy,3,24515654.606468268
3520,fc16f_00012,28,27183.716728378018,greedy,3,24515654.606468268
3521,fc16f_00012,29,33679.182678458186,greedy,3,24515654.606468268
3522,fc16f_00012,30,20420.41916205989,greedy,3,24515654.606468268
3523,fc16f_00012,31,19207.44136878836,greedy,3,24515654.606468268
3524,fc16f_00012,32,16828.81373049054,greedy,3,24515654.606468268
3525,fc16f_00012,33,21468.922320806287,greedy,3,24515654.606468268
3526,fc16f_00012,34,22447.824119021985,greedy,3,24515654.606468268
3527,fc16f_00012,35,22727.754922476128,greedy,3,24515654.606468268
3528,fc16f_00012,36,22720.39093469459,greedy,3,24515654.606468268
3529,fc16f_00012,37,22783.058233710424,greedy,3,24515654.606468268
3530,fc16f_00012,38,25711.907770384496,greedy,3,24515654.606468268
3531,fc16f_00012,39,23794.465590446256,greedy,3,24515654.606468268
3532,fc16f_00012,40,55932.43628620738,greedy,3,24515654.606468268
3533,fc16f_00012,41,46217.37907599745,greedy,3,24515654.606468268
3534,fc16f_00012,42,46809.93810327136,greedy,3,24515654.606468268
3535,fc16f_00012,43,44584.545009989124,greedy,3,24515654.606468268
3536,fc16f_00012,44,45101.55834599968,greedy,3,24515654.606468268
3537,fc16f_00012,45,44228.03527967338,greedy,3,24515654.606468268
3538,fc16f_00012,46,43409.48430497416,greedy,3,24515654.606468268
3539,fc16f_00012,47,49239.49716778375,greedy,3,24515654.606468268
3540,fc16f_00012,48,47077.46056130779,greedy,3,24515654.606468268
3541,fc16f_00012,49,46887.38243304037,greedy,3,24515654.606468268
3542,fc16f_00012,50,50049.591522272414,greedy,3,24515654.606468268
3543,fc16f_00012,51,48957.049090266104,greedy,3,24515654.606468268
3544,fc16f_00012,52,48930.78600853702,greedy,3,24515654.606468268
3545,fc16f_00012,53,47535.43619578777,greedy,3,24515654.606468268
3546,fc16f_00012,54,46543.34033102102,greedy,3,24515654.606468268
3547,fc16f_00012,55,42580.20506524502,greedy,3,24515654.606468268
3548,fc16f_00012,56,46577.58567894021,greedy,3,24515654.606468268
3549,fc16f_00012,57,42393.969181854576,greedy,3,24515654.606468268
3550,fc16f_00012,58,42185.909963849255,greedy,3,24515654.606468268
3551,fc16f_00012,59,41436.51785868247,greedy,3,24515654.606468268
3552,fc16f_00012,60,42464.34235869793,greedy,3,24515654.606468268
3553,fc16f_00012,61,40204.80435265066,greedy,3,24515654.606468268
3554,fc16f_00012,62,40282.18036194961,greedy,3,24515654.606468268
3555,fc16f_00012,63,42794.19382782629,greedy,3,24515654.606468268
3556,fc16f_00012,64,46534.92333948458,greedy,3,24515654.606468268
3557,fc16f_00012,65,46084.656784927036,greedy,3,24515654.606468268
3558,fc16f_00012,66,52350.01198583493,greedy,3,24515654.606468268
3559,fc16f_00012,67,83598.25338224992,greedy,3,24515654.606468268
3560,fc16f_00012,68,85496.86814479898,greedy,3,24515654.606468268
3561,fc16f_00012,69,73115.2463087689,greedy,3,24515654.606468268
3562,fc16f_00012,70,76908.81995936488,greedy,3,24515654.606468268
3563,fc16f_00012,71,74203.33768507883,greedy,3,24515654.606468268
3564,fc16f_00012,72,81370.04207123096,greedy,3,24515654.606468268
3565,fc16f_00012,73,72761.66075236889,greedy,3,24515654.606468268
3566,fc16f_00012,74,79929.45563118033,greedy,3,24515654.606468268
3567,fc16f_00012,75,73718.83145974403,greedy,3,24515654.606468268
3568,fc16f_00012,76,77564.33049595478,greedy,3,24515654.606468268
3569,fc16f_00012,77,76640.4674264529,greedy,3,24515654.606468268
3570,fc16f_00012,78,75038.73268890895,greedy,3,24515654.606468268
3571,fc16f_00012,79,74275.59675927954,greedy,3,24515654.606468268
3572,fc16f_00012,80,70497.00648497447,greedy,3,24515654.606468268
3573,fc16f_00012,81,65310.89109412631,greedy,3,24515654.606468268
3574,fc16f_00012,82,75473.26953097453,greedy,3,24515654.606468268
3575,fc16f_00012,83,74595.25953208457,greedy,3,24515654.606468268
3576,fc16f_00012,84,74891.15299136566,greedy,3,24515654.606468268
3577,fc16f_00012,85,71158.2607427282,greedy,3,24515654.606468268
3578,fc16f_00012,86,77196.54721873222,greedy,3,24515654.606468268
3579,fc16f_00012,87,78252.12858785604,greedy,3,24515654.606468268
3580,fc16f_00012,88,66796.12035553252,greedy,3,24515654.606468268
3581,fc16f_00012,89,68686.12289053116,greedy,3,24515654.606468268
3582,fc16f_00012,90,67284.05189409183,greedy,3,24515654.606468268
3583,fc16f_00012,91,79676.85410969908,greedy,3,24515654.606468268
3584,fc16f_00012,92,79860.30944963338,greedy,3,24515654.606468268
3585,fc16f_00012,93,80252.35941058441,greedy,3,24515654.606468268
3586,fc16f_00012,94,79449.21968102049,greedy,3,24515654.606468268
3587,fc16f_00012,95,76921.4556444163,greedy,3,24515654.606468268
3588,fc16f_00012,96,76945.37561124358,greedy,3,24515654.606468268
3589,fc16f_00012,97,81723.18544576438,greedy,3,24515654.606468268
3590,fc16f_00012,98,80906.06318895456,greedy,3,24515654.606468268
3591,fc16f_00012,99,82242.70357613327,greedy,3,24515654.606468268
3592,fc16f_00012,100,82058.12554314287,greedy,3,24515654.606468268
3593,fc16f_00012,101,82058.91167423071,greedy,3,24515654.606468268
3594,fc16f_00012,102,82855.7713218763,greedy,3,24515654.606468268
3595,fc16f_00012,103,77295.22224216982,greedy,3,24515654.606468268
3596,fc16f_00012,104,77211.36401505001,greedy,3,24515654.606468268
3597,fc16f_00012,105,76855.39121841732,greedy,3,24515654.606468268
3598,fc16f_00012,106,75622.06873195931,greedy,3,24515654.606468268
3599,fc16f_00012,107,72917.58057348449,greedy,3,24515654.606468268
3600,fc16f_00012,108,72591.47191879543,greedy,3,24515654.606468268
3601,fc16f_00012,109,74106.07488606633,greedy,3,24515654.606468268
3602,fc16f_00012,110,74131.98704440707,greedy,3,24515654.606468268
3603,fc16f_00012,111,74518.28756988181,greedy,3,24515654.606468268
3604,fc16f_00012,112,75008.57016245197,greedy,3,24515654.606468268
3605,fc16f_00012,113,73934.84632713295,greedy,3,24515654.606468268
3606,fc16f_00012,114,74750.87727188271,greedy,3,24515654.606468268
3607,fc16f_00012,115,70994.48850723518,greedy,3,24515654.606468268
3608,fc16f_00012,116,68926.03840406511,greedy,3,24515654.606468268
3609,fc16f_00012,117,68960.05167961665,greedy,3,24515654.606468268
3610,fc16f_00012,118,69879.35313757238,greedy,3,24515654.606468268
3611,fc16f_00012,119,78895.29690641089,greedy,3,24515654.606468268
3612,fc16f_00012,120,78596.6226500902,greedy,3,24515654.606468268
3613,fc16f_00012,121,81330.57910757925,greedy,3,24515654.606468268
3614,fc16f_00012,122,79539.7945074776,greedy,3,24515654.606468268
3615,fc16f_00012,123,75099.56949710887,greedy,3,24515654.606468268
3616,fc16f_00012,124,77009.33012608258,greedy,3,24515654.606468268
3617,fc16f_00012,125,77251.21982096414,greedy,3,24515654.606468268
3618,fc16f_00012,126,77809.79520378173,greedy,3,24515654.606468268
3619,fc16f_00012,127,77814.58100729858,greedy,3,24515654.606468268
3620,fc16f_00012,128,77885.47163391126,greedy,3,24515654.606468268
3621,fc16f_00012,129,80773.4302549555,greedy,3,24515654.606468268
3622,fc16f_00012,130,82206.32700596256,greedy,3,24515654.606468268
3623,fc16f_00012,131,79214.67018516295,greedy,3,24515654.606468268
3624,fc16f_00012,132,80909.70730929653,greedy,3,24515654.606468268
3625,fc16f_00012,133,82720.61217478184,greedy,3,24515654.606468268
3626,fc16f_00012,134,82035.31539338396,greedy,3,24515654.606468268
3627,fc16f_00012,135,83034.72735440968,greedy,3,24515654.606468268
3628,fc16f_00012,136,80605.65985249908,greedy,3,24515654.606468268
3629,fc16f_00012,137,79937.56762770284,greedy,3,24515654.606468268
3630,fc16f_00012,138,85805.89361650182,greedy,3,24515654.606468268
3631,fc16f_00012,139,84925.66280538285,greedy,3,24515654.606468268
3632,fc16f_00012,140,84752.8758918051,greedy,3,24515654.606468268
3633,fc16f_00012,141,80737.49643764118,greedy,3,24515654.606468268
3634,fc16f_00012,142,79863.59788514924,greedy,3,24515654.606468268
3635,fc16f_00012,143,79756.7062490122,greedy,3,24515654.606468268
3636,fc16f_00012,144,79781.4253586513,greedy,3,24515654.606468268
3637,fc16f_00012,145,76215.22543045926,greedy,3,24515654.606468268
3638,fc16f_00012,146,78243.37618984272,greedy,3,24515654.606468268
3639,fc16f_00012,147,86515.21711328508,greedy,3,24515654.606468268
3640,fc16f_00012,148,86529.62596711934,greedy,3,24515654.606468268
3641,fc16f_00012,149,85230.07062541474,greedy,3,24515654.606468268
3642,fc16f_00012,150,85081.99274312095,greedy,3,24515654.606468268
3643,fc16f_00012,151,86294.41427197777,greedy,3,24515654.606468268
3644,fc16f_00012,152,92250.19638047194,greedy,3,24515654.606468268
3645,fc16f_00012,153,93183.94670738638,greedy,3,24515654.606468268
3646,fc16f_00012,154,94571.70727486582,greedy,3,24515654.606468268
3647,fc16f_00012,155,94077.20412723615,greedy,3,24515654.606468268
3648,fc16f_00012,156,94437.01295702672,greedy,3,24515654.606468268
3649,fc16f_00012,157,87646.32354009051,greedy,3,24515654.606468268
3650,fc16f_00012,158,86221.58236255131,greedy,3,24515654.606468268
3651,fc16f_00012,159,84564.74103002436,greedy,3,24515654.606468268
3652,fc16f_00012,160,84908.20646678124,greedy,3,24515654.606468268
3653,fc16f_00012,161,83773.0743774853,greedy,3,24515654.606468268
3654,fc16f_00012,162,89004.26664461188,greedy,3,24515654.606468268
3655,fc16f_00012,163,104000.8174970281,greedy,3,24515654.606468268
3656,fc16f_00012,164,106140.71285142953,greedy,3,24515654.606468268
3657,fc16f_00012,165,104751.39265223093,greedy,3,24515654.606468268
3658,fc16f_00012,166,101146.06554528493,greedy,3,24515654.606468268
3659,fc16f_00012,167,102066.65625260658,greedy,3,24515654.606468268
3660,fc16f_00012,168,103249.50572994241,greedy,3,24515654.606468268
3661,fc16f_00012,169,103781.06536295214,greedy,3,24515654.606468268
3662,fc16f_00012,170,99795.94347588075,greedy,3,24515654.606468268
3663,fc16f_00012,171,101200.00039082386,greedy,3,24515654.606468268
3664,fc16f_00012,172,102150.12075675366,greedy,3,24515654.606468268
3665,fc16f_00012,173,103625.59382937649,greedy,3,24515654.606468268
3666,fc16f_00012,174,101948.96351140922,greedy,3,24515654.606468268
3667,fc16f_00012,175,108568.85410148624,greedy,3,24515654.606468268
3668,fc16f_00012,176,108076.2188266507,greedy,3,24515654.606468268
3669,fc16f_00012,177,104896.8767802944,greedy,3,24515654.606468268
3670,fc16f_00012,178,105223.98644247139,greedy,3,24515654.606468268
3671,fc16f_00012,179,99130.61027995982,greedy,3,24515654.606468268
3672,fc16f_00012,180,98456.71751579933,greedy,3,24515654.606468268
3673,fc16f_00012,181,100331.24706592645,greedy,3,24515654.606468268
3674,fc16f_00012,182,99206.98531873932,greedy,3,24515654.606468268
3675,fc16f_00012,183,98463.83182321802,greedy,3,24515654.606468268
3676,fc16f_00012,184,95917.17363096384,greedy,3,24515654.606468268
3677,fc16f_00012,185,96170.68838913109,greedy,3,24515654.606468268
3678,fc16f_00012,186,95996.31478960233,greedy,3,24515654.606468268
3679,fc16f_00012,187,96175.47850203901,greedy,3,24515654.606468268
3680,fc16f_00012,188,95801.64129812056,greedy,3,24515654.606468268
3681,fc16f_00012,189,107756.17067313545,greedy,3,24515654.606468268
3682,fc16f_00012,190,107631.96272145238,greedy,3,24515654.606468268
3683,fc16f_00012,191,108087.27807006781,greedy,3,24515654.606468268
3684,fc16f_00012,192,107924.0166101714,greedy,3,24515654.606468268
3685,fc16f_00012,193,107931.57519727602,greedy,3,24515654.606468268
3686,fc16f_00012,194,108318.43258945718,greedy,3,24515654.606468268
3687,fc16f_00012,195,107333.02368558828,greedy,3,24515654.606468268
3688,fc16f_00012,196,107788.12558579317,greedy,3,24515654.606468268
3689,fc16f_00012,197,106187.93262785935,greedy,3,24515654.606468268
3690,fc16f_00012,198,97705.83267775789,greedy,3,24515654.606468268
3691,fc16f_00012,199,97156.47634280294,greedy,3,24515654.606468268
3692,fc16f_00012,200,98551.07438418383,greedy,3,24515654.606468268
3693,fc16f_00012,201,99639.02357078329,greedy,3,24515654.606468268
3694,fc16f_00012,202,99851.8100003352,greedy,3,24515654.606468268
3695,fc16f_00012,203,99916.79405776832,greedy,3,24515654.606468268
3696,fc16f_00012,204,101683.02509110878,greedy,3,24515654.606468268
3697,fc16f_00012,205,104613.07512838225,greedy,3,24515654.606468268
3698,fc16f_00012,206,104481.94450188088,greedy,3,24515654.606468268
3699,fc16f_00012,207,107188.63398422199,greedy,3,24515654.606468268
3700,fc16f_00012,208,128633.55778199795,greedy,3,24515654.606468268
3701,fc16f_00012,209,127388.13767629355,greedy,3,24515654.606468268
3702,fc16f_00012,210,135523.24681451832,greedy,3,24515654.606468268
3703,fc16f_00012,211,134730.74761638205,greedy,3,24515654.606468268
3704,fc16f_00012,212,132714.0133266464,greedy,3,24515654.606468268
3705,fc16f_00012,213,127355.61677524322,greedy,3,24515654.606468268
3706,fc16f_00012,214,125670.34958551764,greedy,3,24515654.606468268
3707,fc16f_00012,215,126986.88681397043,greedy,3,24515654.606468268
3708,fc16f_00012,216,128307.07358532885,greedy,3,24515654.606468268
3709,fc16f_00012,217,127344.92774584392,greedy,3,24515654.606468268
3710,fc16f_00012,218,128281.96775292762,greedy,3,24515654.606468268
3711,fc16f_00012,219,138668.72600614798,greedy,3,24515654.606468268
3712,fc16f_00012,220,134504.53520270766,greedy,3,24515654.606468268
3713,fc16f_00012,221,133747.9548533784,greedy,3,24515654.606468268
3714,fc16f_00012,222,132902.01346463087,greedy,3,24515654.606468268
3715,fc16f_00012,223,132901.3460515584,greedy,3,24515654.606468268
3716,fc16f_00012,224,134960.94444217096,greedy,3,24515654.606468268
3717,fc16f_00012,225,136210.35227438563,greedy,3,24515654.606468268
3718,fc16f_00012,226,135938.7319743382,greedy,3,24515654.606468268
3719,fc16f_00012,227,135577.464511142,greedy,3,24515654.606468268
3720,fc16f_00012,228,132667.33790279189,greedy,3,24515654.606468268
3721,fc16f_00012,229,129352.38422483332,greedy,3,24515654.606468268
3722,fc16f_00012,230,127887.92669293586,greedy,3,24515654.606468268
3723,fc16f_00012,231,123904.9704521011,greedy,3,24515654.606468268
3724,fc16f_00012,232,123263.64069344182,greedy,3,24515654.606468268
3725,fc16f_00012,233,121016.43719017207,greedy,3,24515654.606468268
3726,fc16f_00012,234,135111.1743138858,greedy,3,24515654.606468268
3727,fc16f_00012,235,135278.00967829413,greedy,3,24515654.606468268
3728,fc16f_00012,236,136080.6385189953,greedy,3,24515654.606468268
3729,fc16f_00012,237,142609.90040076847,greedy,3,24515654.606468268
3730,fc16f_00012,238,142784.43222281526,greedy,3,24515654.606468268
3731,fc16f_00012,239,142981.18078193133,greedy,3,24515654.606468268
3732,fc16f_00012,240,143093.11825326586,greedy,3,24515654.606468268
3733,fc16f_00012,241,139754.58203245662,greedy,3,24515654.606468268
3734,fc16f_00012,242,138296.99964225176,greedy,3,24515654.606468268
3735,fc16f_00012,243,139668.33244892518,greedy,3,24515654.606468268
3736,fc16f_00012,244,138747.15399966214,greedy,3,24515654.606468268
3737,fc16f_00012,245,141773.35848870446,greedy,3,24515654.606468268
3738,fc16f_00012,246,141396.9794267389,greedy,3,24515654.606468268
3739,fc16f_00012,247,138548.12523571766,greedy,3,24515654.606468268
3740,fc16f_00012,248,136458.14870199029,greedy,3,24515654.606468268
3741,fc16f_00012,249,136949.7692051384,greedy,3,24515654.606468268
3742,fc16f_00012,250,133600.1075947022,greedy,3,24515654.606468268
3743,fc16f_00012,251,128536.40733304266,greedy,3,24515654.606468268
3744,fc16f_00012,252,126084.48256059678,greedy,3,24515654.606468268
3745,fc16f_00012,253,126375.42443245024,greedy,3,24515654.606468268
3746,fc16f_00012,254,126197.91760460622,greedy,3,24515654.606468268
3747,fc16f_00012,255,126164.63719836554,greedy,3,24515654.606468268
3748,fc16f_00012,256,124235.29021029672,greedy,3,24515654.606468268
3749,fc16f_00012,257,123663.79553921908,greedy,3,24515654.606468268
3750,fc16f_00012,258,123832.58287052881,greedy,3,24515654.606468268
3751,fc16f_00012,259,124578.37596358109,greedy,3,24515654.606468268
3752,fc16f_00012,260,121227.78251838264,greedy,3,24515654.606468268
3753,fc16f_00012,261,121578.55587331696,greedy,3,24515654.606468268
3754,fc16f_00012,262,112245.39470491045,greedy,3,24515654.606468268
3755,fc16f_00012,263,118208.67002275301,greedy,3,24515654.606468268
3756,fc16f_00012,264,117876.02887945442,greedy,3,24515654.606468268
3757,fc16f_00012,265,115665.81534858388,greedy,3,24515654.606468268
3758,fc16f_00012,266,114756.7607026363,greedy,3,24515654.606468268
3759,fc16f_00012,267,113291.63290834516,greedy,3,24515654.606468268
3760,fc16f_00012,268,114704.15152578415,greedy,3,24515654.606468268
3761,fc16f_00012,269,126025.32042519716,greedy,3,24515654.606468268
3762,fc16f_00012,270,124673.93617972777,greedy,3,24515654.606468268
3763,fc16f_00012,271,122388.55668139138,greedy,3,24515654.606468268
3764,fc16f_00012,272,124238.8300285995,greedy,3,24515654.606468268
3765,fc16f_00012,273,126602.98610630693,greedy,3,24515654.606468268
3766,fc16f_00012,274,127524.71950598621,greedy,3,24515654.606468268
3767,fc16f_00012,275,129980.79384572711,greedy,3,24515654.606468268
3768,fc16f_00012,276,124989.06122123897,greedy,3,24515654.606468268
3769,fc16f_00012,277,129752.73582718609,greedy,3,24515654.606468268
3770,fc16f_00012,278,118558.7946782699,greedy,3,24515654.606468268
3771,fc16f_00012,279,117741.52916901365,greedy,3,24515654.606468268
3772,fc16f_00012,280,117830.46285369544,greedy,3,24515654.606468268
3773,fc16f_00012,281,112625.14292942807,greedy,3,24515654.606468268
3774,fc16f_00012,282,113853.00948923778,greedy,3,24515654.606468268
3775,fc16f_00012,283,114209.60655870654,greedy,3,24515654.606468268
3776,fc16f_00012,284,105018.5583745935,greedy,3,24515654.606468268
3777,fc16f_00012,285,105468.0010704917,greedy,3,24515654.606468268
3778,fc16f_00012,286,96870.93382872049,greedy,3,24515654.606468268
3779,fc16f_00012,287,97271.06375221835,greedy,3,24515654.606468268
3780,fc16f_00012,288,97786.02212724989,greedy,3,24515654.606468268
3781,fc16f_00012,289,89024.23960294819,greedy,3,24515654.606468268
3782,fc16f_00012,290,78080.50286607529,greedy,3,24515654.606468268
3783,fc16f_00013,0,12661.617035255267,greedy,4,17009888.14876513
3784,fc16f_00013,1,10217.698162039836,greedy,4,17009888.14876513
3785,fc16f_00013,2,12828.714044998223,greedy,4,17009888.14876513
3786,fc16f_00013,3,7811.315510709919,greedy,4,17009888.14876513
3787,fc16f_00013,4,8366.652838486198,greedy,4,17009888.14876513
3788,fc16f_00013,5,5809.11149174688,greedy,4,17009888.14876513
3789,fc16f_00013,6,6545.310970671483,greedy,4,17009888.14876513
3790,fc16f_00013,7,6365.06805857219,greedy,4,17009888.14876513
3791,fc16f_00013,8,6757.136490323184,greedy,4,17009888.14876513
3792,fc16f_00013,9,6540.603085749915,greedy,4,17009888.14876513
3793,fc16f_00013,10,6559.740672012777,greedy,4,17009888.14876513
3794,fc16f_00013,11,6578.246018191645,greedy,4,17009888.14876513
3795,fc16f_00013,12,6477.228965725539,greedy,4,17009888.14876513
3796,fc16f_00013,13,7322.059116259464,greedy,4,17009888.14876513
3797,fc16f_00013,14,8119.485132455072,greedy,4,17009888.14876513
3798,fc16f_00013,15,8129.8224220984275,greedy,4,17009888.14876513
3799,fc16f_00013,16,7973.586993532521,greedy,4,17009888.14876513
3800,fc16f_00013,17,8774.769584628835,greedy,4,17009888.14876513
3801,fc16f_00013,18,8709.790491819136,greedy,4,17009888.14876513
3802,fc16f_00013,19,9104.995759785817,greedy,4,17009888.14876513
3803,fc16f_00013,20,8749.189397597187,greedy,4,17009888.14876513
3804,fc16f_00013,21,7930.904058798109,greedy,4,17009888.14876513
3805,fc16f_00013,22,9015.986297723895,greedy,4,17009888.14876513
3806,fc16f_00013,23,8766.42378485871,greedy,4,17009888.14876513
3807,fc16f_00013,24,9311.189496319012,greedy,4,17009888.14876513
3808,fc16f_00013,25,10252.47706225772,greedy,4,17009888.14876513
3809,fc16f_00013,26,10653.41328412604,greedy,4,17009888.14876513
3810,fc16f_00013,27,10905.109873032874,greedy,4,17009888.14876513
3811,fc16f_00013,28,10349.985646853975,greedy,4,17009888.14876513
3812,fc16f_00013,29,9667.571274500164,greedy,4,17009888.14876513
3813,fc16f_00013,30,9395.138119946914,greedy,4,17009888.14876513
3814,fc16f_00013,31,10171.335934399995,greedy,4,17009888.14876513
3815,fc16f_00013,32,9548.234114934367,greedy,4,17009888.14876513
3816,fc16f_00013,33,8742.313278637404,greedy,4,17009888.14876513
3817,fc16f_00013,34,8363.069297913324,greedy,4,17009888.14876513
3818,fc16f_00013,35,8832.54404992872,greedy,4,17009888.14876513
3819,fc16f_00013,36,9132.429673575323,greedy,4,17009888.14876513
3820,fc16f_00013,37,9890.221958213566,greedy,4,17009888.14876513
3821,fc16f_00013,38,9605.95910636772,greedy,4,17009888.14876513
3822,fc16f_00013,39,9668.809224175686,greedy,4,17009888.14876513
3823,fc16f_00013,40,11016.467990845065,greedy,4,17009888.14876513
3824,fc16f_00013,41,12581.753611322334,greedy,4,17009888.14876513
3825,fc16f_00013,42,12537.997763827849,greedy,4,17009888.14876513
3826,fc16f_00013,43,8539.057390768361,greedy,4,17009888.14876513
3827,fc16f_00013,44,8716.070960806148,greedy,4,17009888.14876513
3828,fc16f_00013,45,8972.254785504427,greedy,4,17009888.14876513
3829,fc16f_00013,46,8889.740822803957,greedy,4,17009888.14876513
3830,fc16f_00013,47,16758.49436659724,greedy,4,17009888.14876513
3831,fc16f_00013,48,18890.69524082869,greedy,4,17009888.14876513
3832,fc16f_00013,49,18523.419085475198,greedy,4,17009888.14876513
3833,fc16f_00013,50,19568.07020778991,greedy,4,17009888.14876513
3834,fc16f_00013,51,19008.836297112673,greedy,4,17009888.14876513
3835,fc16f_00013,52,15718.038253092189,greedy,4,17009888.14876513
3836,fc16f_00013,53,15147.372030724428,greedy,4,17009888.14876513
3837,fc16f_00013,54,20492.24514963083,greedy,4,17009888.14876513
3838,fc16f_00013,55,18263.962326366924,greedy,4,17009888.14876513
3839,fc16f_00013,56,14921.706608883138,greedy,4,17009888.14876513
3840,fc16f_00013,57,13994.914365861358,greedy,4,17009888.14876513
3841,fc16f_00013,58,15915.649215491754,greedy,4,17009888.14876513
3842,fc16f_00013,59,17636.087329003214,greedy,4,17009888.14876513
3843,fc16f_00013,60,18248.256257379806,greedy,4,17009888.14876513
3844,fc16f_00013,61,19232.109566259,greedy,4,17009888.14876513
3845,fc16f_00013,62,19312.359578926927,greedy,4,17009888.14876513
3846,fc16f_00013,63,20201.902044581842,greedy,4,17009888.14876513
3847,fc16f_00013,64,20236.259203612884,greedy,4,17009888.14876513
3848,fc16f_00013,65,22845.83456328061,greedy,4,17009888.14876513
3849,fc16f_00013,66,22251.802056256696,greedy,4,17009888.14876513
3850,fc16f_00013,67,30358.63687146214,greedy,4,17009888.14876513
3851,fc16f_00013,68,31411.806090599373,greedy,4,17009888.14876513
3852,fc16f_00013,69,32137.520509548845,greedy,4,17009888.14876513
3853,fc16f_00013,70,27180.931534993324,greedy,4,17009888.14876513
3854,fc16f_00013,71,24964.461591196694,greedy,4,17009888.14876513
3855,fc16f_00013,72,25664.536347449608,greedy,4,17009888.14876513
3856,fc16f_00013,73,37966.877915370096,greedy,4,17009888.14876513
3857,fc16f_00013,74,37522.55445782523,greedy,4,17009888.14876513
3858,fc16f_00013,75,34046.34191382544,greedy,4,17009888.14876513
3859,fc16f_00013,76,33672.524360920244,greedy,4,17009888.14876513
3860,fc16f_00013,77,31934.17088440353,greedy,4,17009888.14876513
3861,fc16f_00013,78,30895.008744707848,greedy,4,17009888.14876513
3862,fc16f_00013,79,29473.41502550881,greedy,4,17009888.14876513
3863,fc16f_00013,80,30149.990727414464,greedy,4,17009888.14876513
3864,fc16f_00013,81,29278.321156998394,greedy,4,17009888.14876513
3865,fc16f_00013,82,36453.903617597505,greedy,4,17009888.14876513
3866,fc16f_00013,83,36832.91198227792,greedy,4,17009888.14876513
3867,fc16f_00013,84,38935.14719104052,greedy,4,17009888.14876513
3868,fc16f_00013,85,38753.375138317395,greedy,4,17009888.14876513
3869,fc16f_00013,86,38611.01419823894,greedy,4,17009888.14876513
3870,fc16f_00013,87,38325.389110676064,greedy,4,17009888.14876513
3871,fc16f_00013,88,38856.872810315734,greedy,4,17009888.14876513
3872,fc16f_00013,89,35728.396629712435,greedy,4,17009888.14876513
3873,fc16f_00013,90,31162.54788868038,greedy,4,17009888.14876513
3874,fc16f_00013,91,35586.442059051566,greedy,4,17009888.14876513
3875,fc16f_00013,92,35287.25907935537,greedy,4,17009888.14876513
3876,fc16f_00013,93,35594.315445588676,greedy,4,17009888.14876513
3877,fc16f_00013,94,35719.65350512479,greedy,4,17009888.14876513
3878,fc16f_00013,95,36146.195669113455,greedy,4,17009888.14876513
3879,fc16f_00013,96,33530.035205347805,greedy,4,17009888.14876513
3880,fc16f_00013,97,32711.685351697794,greedy,4,17009888.14876513
3881,fc16f_00013,98,33643.35538474852,greedy,4,17009888.14876513
3882,fc16f_00013,99,33621.605662859285,greedy,4,17009888.14876513
3883,fc16f_00013,100,36844.35184302779,greedy,4,17009888.14876513
3884,fc16f_00013,101,38377.81262740852,greedy,4,17009888.14876513
3885,fc16f_00013,102,37074.218328638686,greedy,4,17009888.14876513
3886,fc16f_00013,103,37374.449347426176,greedy,4,17009888.14876513
3887,fc16f_00013,104,36052.76498707627,greedy,4,17009888.14876513
3888,fc16f_00013,105,36248.44246220118,greedy,4,17009888.14876513
3889,fc16f_00013,106,38479.31170123202,greedy,4,17009888.14876513
3890,fc16f_00013,107,39536.75950913608,greedy,4,17009888.14876513
3891,fc16f_00013,108,38599.15138146504,greedy,4,17009888.14876513
3892,fc16f_00013,109,38410.714035274985,greedy,4,17009888.14876513
3893,fc16f_00013,110,39534.02089442126,greedy,4,17009888.14876513
3894,fc16f_00013,111,40081.16539191398,greedy,4,17009888.14876513
3895,fc16f_00013,112,41233.71015218031,greedy,4,17009888.14876513
3896,fc16f_00013,113,49732.085174579544,greedy,4,17009888.14876513
3897,fc16f_00013,114,47257.923506187064,greedy,4,17009888.14876513
3898,fc16f_00013,115,47537.71716250951,greedy,4,17009888.14876513
3899,fc16f_00013,116,51674.87805331937,greedy,4,17009888.14876513
3900,fc16f_00013,117,53428.70936926741,greedy,4,17009888.14876513
3901,fc16f_00013,118,52128.87868291003,greedy,4,17009888.14876513
3902,fc16f_00013,119,51079.390117515024,greedy,4,17009888.14876513
3903,fc16f_00013,120,52857.947762841504,greedy,4,17009888.14876513
3904,fc16f_00013,121,63260.83341727478,greedy,4,17009888.14876513
3905,fc16f_00013,122,69369.133055454,greedy,4,17009888.14876513
3906,fc16f_00013,123,68998.47786650491,greedy,4,17009888.14876513
3907,fc16f_00013,124,70024.93687442337,greedy,4,17009888.14876513
3908,fc16f_00013,125,70405.04604014326,greedy,4,17009888.14876513
3909,fc16f_00013,126,71003.83375353737,greedy,4,17009888.14876513
3910,fc16f_00013,127,73971.43667323141,greedy,4,17009888.14876513
3911,fc16f_00013,128,85855.1281278595,greedy,4,17009888.14876513
3912,fc16f_00013,129,84620.8178023425,greedy,4,17009888.14876513
3913,fc16f_00013,130,82977.61335892428,greedy,4,17009888.14876513
3914,fc16f_00013,131,85038.2572257389,greedy,4,17009888.14876513
3915,fc16f_00013,132,76026.94402405768,greedy,4,17009888.14876513
3916,fc16f_00013,133,80495.64907106047,greedy,4,17009888.14876513
3917,fc16f_00013,134,91277.49027459783,greedy,4,17009888.14876513
3918,fc16f_00013,135,89116.17755407402,greedy,4,17009888.14876513
3919,fc16f_00013,136,91485.4565029652,greedy,4,17009888.14876513
3920,fc16f_00013,137,91322.6394765252,greedy,4,17009888.14876513
3921,fc16f_00013,138,90579.4213212168,greedy,4,17009888.14876513
3922,fc16f_00013,139,91320.86481389249,greedy,4,17009888.14876513
3923,fc16f_00013,140,90845.27612835828,greedy,4,17009888.14876513
3924,fc16f_00013,141,90794.22956284028,greedy,4,17009888.14876513
3925,fc16f_00013,142,92684.22817808276,greedy,4,17009888.14876513
3926,fc16f_00013,143,90229.05162835513,greedy,4,17009888.14876513
3927,fc16f_00013,144,92237.55128198111,greedy,4,17009888.14876513
3928,fc16f_00013,145,84959.28196231391,greedy,4,17009888.14876513
3929,fc16f_00013,146,85628.56736151008,greedy,4,17009888.14876513
3930,fc16f_00013,147,85623.60722139958,greedy,4,17009888.14876513
3931,fc16f_00013,148,86671.84160617075,greedy,4,17009888.14876513
3932,fc16f_00013,149,84883.62544824125,greedy,4,17009888.14876513
3933,fc16f_00013,150,85404.31620613503,greedy,4,17009888.14876513
3934,fc16f_00013,151,85550.69615553584,greedy,4,17009888.14876513
3935,fc16f_00013,152,85566.34490603354,greedy,4,17009888.14876513
3936,fc16f_00013,153,85219.10459594872,greedy,4,17009888.14876513
3937,fc16f_00013,154,84914.72136945186,greedy,4,17009888.14876513
3938,fc16f_00013,155,78581.47566450668,greedy,4,17009888.14876513
3939,fc16f_00013,156,80813.92905585736,greedy,4,17009888.14876513
3940,fc16f_00013,157,77986.66649429634,greedy,4,17009888.14876513
3941,fc16f_00013,158,77772.40030819726,greedy,4,17009888.14876513
3942,fc16f_00013,159,76781.85876341655,greedy,4,17009888.14876513
3943,fc16f_00013,160,78950.86633057876,greedy,4,17009888.14876513
3944,fc16f_00013,161,82759.14679211106,greedy,4,17009888.14876513
3945,fc16f_00013,162,86209.08977761361,greedy,4,17009888.14876513
3946,fc16f_00013,163,87597.36736547793,greedy,4,17009888.14876513
3947,fc16f_00013,164,77137.35951973237,greedy,4,17009888.14876513
3948,fc16f_00013,165,77834.83850743926,greedy,4,17009888.14876513
3949,fc16f_00013,166,78367.45834943117,greedy,4,17009888.14876513
3950,fc16f_00013,167,81289.65218680094,greedy,4,17009888.14876513
3951,fc16f_00013,168,81932.2576280473,greedy,4,17009888.14876513
3952,fc16f_00013,169,82305.19985682011,greedy,4,17009888.14876513
3953,fc16f_00013,170,85699.60044896252,greedy,4,17009888.14876513
3954,fc16f_00013,171,86452.0993594555,greedy,4,17009888.14876513
3955,fc16f_00013,172,87275.84413014966,greedy,4,17009888.14876513
3956,fc16f_00013,173,87639.87527536397,greedy,4,17009888.14876513
3957,fc16f_00013,174,91690.65605151474,greedy,4,17009888.14876513
3958,fc16f_00013,175,89287.57906964324,greedy,4,17009888.14876513
3959,fc16f_00013,176,88745.5688307776,greedy,4,17009888.14876513
3960,fc16f_00013,177,88805.41692291186,greedy,4,17009888.14876513
3961,fc16f_00013,178,88799.31916287466,greedy,4,17009888.14876513
3962,fc16f_00013,179,91704.93837946,greedy,4,17009888.14876513
3963,fc16f_00013,180,91958.85820617212,greedy,4,17009888.14876513
3964,fc16f_00013,181,90519.11054823414,greedy,4,17009888.14876513
3965,fc16f_00013,182,91268.4353416571,greedy,4,17009888.14876513
3966,fc16f_00013,183,92162.52964099066,greedy,4,17009888.14876513
3967,fc16f_00013,184,93127.44231900208,greedy,4,17009888.14876513
3968,fc16f_00013,185,93782.07591793367,greedy,4,17009888.14876513
3969,fc16f_00013,186,97862.24998936243,greedy,4,17009888.14876513
3970,fc16f_00013,187,95389.77627604826,greedy,4,17009888.14876513
3971,fc16f_00013,188,95278.49237256555,greedy,4,17009888.14876513
3972,fc16f_00013,189,94981.91964435419,greedy,4,17009888.14876513
3973,fc16f_00013,190,96509.2289804112,greedy,4,17009888.14876513
3974,fc16f_00013,191,98245.10978336527,greedy,4,17009888.14876513
3975,fc16f_00013,192,98241.96042349542,greedy,4,17009888.14876513
3976,fc16f_00013,193,98143.22447464014,greedy,4,17009888.14876513
3977,fc16f_00013,194,94607.59076641599,greedy,4,17009888.14876513
3978,fc16f_00013,195,95749.9435784619,greedy,4,17009888.14876513
3979,fc16f_00013,196,95565.31368342787,greedy,4,17009888.14876513
3980,fc16f_00013,197,96222.40315092876,greedy,4,17009888.14876513
3981,fc16f_00013,198,96445.34778713483,greedy,4,17009888.14876513
3982,fc16f_00013,199,98311.46911632929,greedy,4,17009888.14876513
3983,fc16f_00013,200,94440.4461608895,greedy,4,17009888.14876513
3984,fc16f_00013,201,94138.59746120518,greedy,4,17009888.14876513
3985,fc16f_00013,202,94104.35160027245,greedy,4,17009888.14876513
3986,fc16f_00013,203,95120.15612889256,greedy,4,17009888.14876513
3987,fc16f_00013,204,98031.66090264563,greedy,4,17009888.14876513
3988,fc16f_00013,205,96527.90006278409,greedy,4,17009888.14876513
3989,fc16f_00013,206,97017.7964218741,greedy,4,17009888.14876513
3990,fc16f_00013,207,95098.57380377734,greedy,4,17009888.14876513
3991,fc16f_00013,208,80255.09909313248,greedy,4,17009888.14876513
3992,fc16f_00013,209,80421.23757179905,greedy,4,17009888.14876513
3993,fc16f_00013,210,80710.57848511658,greedy,4,17009888.14876513
3994,fc16f_00013,211,82029.25186861413,greedy,4,17009888.14876513
3995,fc16f_00013,212,83743.92625866095,greedy,4,17009888.14876513
3996,fc16f_00013,213,81403.57286146445,greedy,4,17009888.14876513
3997,fc16f_00013,214,81398.63090455536,greedy,4,17009888.14876513
3998,fc16f_00013,215,83262.42971707483,greedy,4,17009888.14876513
3999,fc16f_00013,216,84872.40653065438,greedy,4,17009888.14876513
4000,fc16f_00013,217,84837.44203316455,greedy,4,17009888.14876513
4001,fc16f_00013,218,84900.0995342297,greedy,4,17009888.14876513
4002,fc16f_00013,219,86705.535268124,greedy,4,17009888.14876513
4003,fc16f_00013,220,89378.18290055981,greedy,4,17009888.14876513
4004,fc16f_00013,221,88692.31090637753,greedy,4,17009888.14876513
4005,fc16f_00013,222,87837.53536635473,greedy,4,17009888.14876513
4006,fc16f_00013,223,85774.67255816626,greedy,4,17009888.14876513
4007,fc16f_00013,224,83814.18672470315,greedy,4,17009888.14876513
4008,fc16f_00013,225,80939.87648731738,greedy,4,17009888.14876513
4009,fc16f_00013,226,80995.0430859831,greedy,4,17009888.14876513
4010,fc16f_00013,227,80986.19713039658,greedy,4,17009888.14876513
4011,fc16f_00013,228,81669.55170780155,greedy,4,17009888.14876513
4012,fc16f_00013,229,76448.26758251128,greedy,4,17009888.14876513
4013,fc16f_00013,230,77620.49790580432,greedy,4,17009888.14876513
4014,fc16f_00013,231,79304.97216103646,greedy,4,17009888.14876513
4015,fc16f_00013,232,79775.41141031055,greedy,4,17009888.14876513
4016,fc16f_00013,233,87815.73801992273,greedy,4,17009888.14876513
4017,fc16f_00013,234,87721.7677763757,greedy,4,17009888.14876513
4018,fc16f_00013,235,90042.22882363258,greedy,4,17009888.14876513
4019,fc16f_00013,236,92213.90824022716,greedy,4,17009888.14876513
4020,fc16f_00013,237,92899.68077000981,greedy,4,17009888.14876513
4021,fc16f_00013,238,95791.80875710923,greedy,4,17009888.14876513
4022,fc16f_00013,239,95506.95675622989,greedy,4,17009888.14876513
4023,fc16f_00013,240,93764.98610708566,greedy,4,17009888.14876513
4024,fc16f_00013,241,95201.07389054663,greedy,4,17009888.14876513
4025,fc16f_00013,242,94091.67863030825,greedy,4,17009888.14876513
4026,fc16f_00013,243,92917.12479459042,greedy,4,17009888.14876513
4027,fc16f_00013,244,92892.73300998044,greedy,4,17009888.14876513
4028,fc16f_00013,245,93312.35510132162,greedy,4,17009888.14876513
4029,fc16f_00013,246,92662.24396234292,greedy,4,17009888.14876513
4030,fc16f_00013,247,93769.00909005711,greedy,4,17009888.14876513
4031,fc16f_00013,248,90711.02454952244,greedy,4,17009888.14876513
4032,fc16f_00013,249,86666.22293728858,greedy,4,17009888.14876513
4033,fc16f_00013,250,94330.71017812207,greedy,4,17009888.14876513
4034,fc16f_00013,251,94476.18279171774,greedy,4,17009888.14876513
4035,fc16f_00013,252,92845.36936468263,greedy,4,17009888.14876513
4036,fc16f_00013,253,94232.45308392982,greedy,4,17009888.14876513
4037,fc16f_00013,254,94150.5914587723,greedy,4,17009888.14876513
4038,fc16f_00013,255,91283.43049282776,greedy,4,17009888.14876513
4039,fc16f_00013,256,90097.25323815978,greedy,4,17009888.14876513
4040,fc16f_00013,257,84852.64213013083,greedy,4,17009888.14876513
4041,fc16f_00013,258,83550.99317472377,greedy,4,17009888.14876513
4042,fc16f_00013,259,76743.34466236841,greedy,4,17009888.14876513
4043,fc16f_00013,260,78030.71015937718,greedy,4,17009888.14876513
4044,fc16f_00013,261,84498.05713816165,greedy,4,17009888.14876513
4045,fc16f_00013,262,82879.20046746767,greedy,4,17009888.14876513
4046,fc16f_00013,263,81950.40466447282,greedy,4,17009888.14876513
4047,fc16f_00013,264,80390.77846544814,greedy,4,17009888.14876513
4048,fc16f_00013,265,79747.9402334809,greedy,4,17009888.14876513
4049,fc16f_00013,266,79921.61566072078,greedy,4,17009888.14876513
4050,fc16f_00013,267,78042.35862744914,greedy,4,17009888.14876513
4051,fc16f_00013,268,76976.07431025797,greedy,4,17009888.14876513
4052,fc16f_00013,269,70614.2161736451,greedy,4,17009888.14876513
4053,fc16f_00013,270,67435.77539794099,greedy,4,17009888.14876513
4054,fc16f_00013,271,67924.88319574244,greedy,4,17009888.14876513
4055,fc16f_00013,272,67916.29978499014,greedy,4,17009888.14876513
4056,fc16f_00013,273,67862.3643259725,greedy,4,17009888.14876513
4057,fc16f_00013,274,68117.32146360788,greedy,4,17009888.14876513
4058,fc16f_00013,275,65066.18111366179,greedy,4,17009888.14876513
4059,fc16f_00013,276,68345.24238334756,greedy,4,17009888.14876513
4060,fc16f_00013,277,68068.27447659145,greedy,4,17009888.14876513
4061,fc16f_00013,278,66015.32959161961,greedy,4,17009888.14876513
4062,fc16f_00013,279,66147.71401883774,greedy,4,17009888.14876513
4063,fc16f_00013,280,66533.95613350824,greedy,4,17009888.14876513
4064,fc16f_00013,281,59734.570078605255,greedy,4,17009888.14876513
4065,fc16f_00013,282,56883.599847477766,greedy,4,17009888.14876513
4066,fc16f_00013,283,57152.08871767167,greedy,4,17009888.14876513
4067,fc16f_00013,284,58857.95511908054,greedy,4,17009888.14876513
4068,fc16f_00013,285,60318.10690055598,greedy,4,17009888.14876513
4069,fc16f_00013,286,59992.64074774845,greedy,4,17009888.14876513
4070,fc16f_00013,287,57866.47243844907,greedy,4,17009888.14876513
4071,fc16f_00013,288,56130.88663153634,greedy,4,17009888.14876513
4072,fc16f_00013,289,56406.8489678681,greedy,4,17009888.14876513
4073,fc16f_00013,290,47414.822351826486,greedy,4,17009888.14876513
4074,fc16f_00014,0,9743.39622749638,greedy,5,33997193.86351843
4075,fc16f_00014,1,12827.929340251862,greedy,5,33997193.86351843
4076,fc16f_00014,2,18150.512329445697,greedy,5,33997193.86351843
4077,fc16f_00014,3,20038.314011227667,greedy,5,33997193.86351843
4078,fc16f_00014,4,18334.44191730636,greedy,5,33997193.86351843
4079,fc16f_00014,5,16430.1605673241,greedy,5,33997193.86351843
4080,fc16f_00014,6,30345.316588584894,greedy,5,33997193.86351843
4081,fc16f_00014,7,31642.920049130833,greedy,5,33997193.86351843
4082,fc16f_00014,8,38292.79754330201,greedy,5,33997193.86351843
4083,fc16f_00014,9,38833.69254612984,greedy,5,33997193.86351843
4084,fc16f_00014,10,36025.326350460906,greedy,5,33997193.86351843
4085,fc16f_00014,11,44001.73723310497,greedy,5,33997193.86351843
4086,fc16f_00014,12,43954.737304359376,greedy,5,33997193.86351843
4087,fc16f_00014,13,40011.107750458716,greedy,5,33997193.86351843
4088,fc16f_00014,14,43866.15694586187,greedy,5,33997193.86351843
4089,fc16f_00014,15,43117.16366380747,greedy,5,33997193.86351843
4090,fc16f_00014,16,40363.36368852641,greedy,5,33997193.86351843
4091,fc16f_00014,17,71417.85996911368,greedy,5,33997193.86351843
4092,fc16f_00014,18,53195.31298752283,greedy,5,33997193.86351843
4093,fc16f_00014,19,53888.194590035266,greedy,5,33997193.86351843
4094,fc16f_00014,20,74321.67153871812,greedy,5,33997193.86351843
4095,fc16f_00014,21,65155.761889246896,greedy,5,33997193.86351843
4096,fc16f_00014,22,78835.89923280734,greedy,5,33997193.86351843
4097,fc16f_00014,23,59730.17819627059,greedy,5,33997193.86351843
4098,fc16f_00014,24,61433.431844528095,greedy,5,33997193.86351843
4099,fc16f_00014,25,59060.735410723515,greedy,5,33997193.86351843
4100,fc16f_00014,26,70138.57751955165,greedy,5,33997193.86351843
4101,fc16f_00014,27,51252.78726761844,greedy,5,33997193.86351843
4102,fc16f_00014,28,46101.17907793335,greedy,5,33997193.86351843
4103,fc16f_00014,29,46902.61295272439,greedy,5,33997193.86351843
4104,fc16f_00014,30,47314.9729618296,greedy,5,33997193.86351843
4105,fc16f_00014,31,47298.427108069984,greedy,5,33997193.86351843
4106,fc16f_00014,32,42181.03695004471,greedy,5,33997193.86351843
4107,fc16f_00014,33,43374.97185830985,greedy,5,33997193.86351843
4108,fc16f_00014,34,53004.219291129346,greedy,5,33997193.86351843
4109,fc16f_00014,35,54152.03638285689,greedy,5,33997193.86351843
4110,fc16f_00014,36,44753.26137256504,greedy,5,33997193.86351843
4111,fc16f_00014,37,47014.955128442176,greedy,5,33997193.86351843
4112,fc16f_00014,38,51135.49554824959,greedy,5,33997193.86351843
4113,fc16f_00014,39,50766.09452385162,greedy,5,33997193.86351843
4114,fc16f_00014,40,49242.191132210006,greedy,5,33997193.86351843
4115,fc16f_00014,41,56045.344516330886,greedy,5,33997193.86351843
4116,fc16f_00014,42,46005.83491323988,greedy,5,33997193.86351843
4117,fc16f_00014,43,43837.22796611914,greedy,5,33997193.86351843
4118,fc16f_00014,44,48288.834821119715,greedy,5,33997193.86351843
4119,fc16f_00014,45,33899.558541013655,greedy,5,33997193.86351843
4120,fc16f_00014,46,26049.362280397243,greedy,5,33997193.86351843
4121,fc16f_00014,47,26082.375672623155,greedy,5,33997193.86351843
4122,fc16f_00014,48,25493.94329385464,greedy,5,33997193.86351843
4123,fc16f_00014,49,39255.852531999764,greedy,5,33997193.86351843
4124,fc16f_00014,50,33279.16503065203,greedy,5,33997193.86351843
4125,fc16f_00014,51,29351.56132830229,greedy,5,33997193.86351843
4126,fc16f_00014,52,30786.700807850044,greedy,5,33997193.86351843
4127,fc16f_00014,53,37650.017978587595,greedy,5,33997193.86351843
4128,fc16f_00014,54,59634.61438068793,greedy,5,33997193.86351843
4129,fc16f_00014,55,47658.171912130245,greedy,5,33997193.86351843
4130,fc16f_00014,56,45106.371424772056,greedy,5,33997193.86351843
4131,fc16f_00014,57,44924.46978853716,greedy,5,33997193.86351843
4132,fc16f_00014,58,122191.38232742215,greedy,5,33997193.86351843
4133,fc16f_00014,59,84117.84955301236,greedy,5,33997193.86351843
4134,fc16f_00014,60,99514.40013039269,greedy,5,33997193.86351843
4135,fc16f_00014,61,86865.29971587897,greedy,5,33997193.86351843
4136,fc16f_00014,62,94600.677572439,greedy,5,33997193.86351843
4137,fc16f_00014,63,90276.61131578438,greedy,5,33997193.86351843
4138,fc16f_00014,64,92046.23494988056,greedy,5,33997193.86351843
4139,fc16f_00014,65,91018.32769284012,greedy,5,33997193.86351843
4140,fc16f_00014,66,85836.61422587399,greedy,5,33997193.86351843
4141,fc16f_00014,67,84758.62918756397,greedy,5,33997193.86351843
4142,fc16f_00014,68,81301.95159544752,greedy,5,33997193.86351843
4143,fc16f_00014,69,81787.14747133956,greedy,5,33997193.86351843
4144,fc16f_00014,70,86242.68252469464,greedy,5,33997193.86351843
4145,fc16f_00014,71,82799.58219957213,greedy,5,33997193.86351843
4146,fc16f_00014,72,88607.62412951639,greedy,5,33997193.86351843
4147,fc16f_00014,73,87047.3837106332,greedy,5,33997193.86351843
4148,fc16f_00014,74,89326.86339537661,greedy,5,33997193.86351843
4149,fc16f_00014,75,86025.86526956908,greedy,5,33997193.86351843
4150,fc16f_00014,76,82819.63605016403,greedy,5,33997193.86351843
4151,fc16f_00014,77,87376.54532231342,greedy,5,33997193.86351843
4152,fc16f_00014,78,88400.31485131702,greedy,5,33997193.86351843
4153,fc16f_00014,79,90431.4400735004,greedy,5,33997193.86351843
4154,fc16f_00014,80,89976.75816188977,greedy,5,33997193.86351843
4155,fc16f_00014,81,86628.6172969844,greedy,5,33997193.86351843
4156,fc16f_00014,82,85904.570837803,greedy,5,33997193.86351843
4157,fc16f_00014,83,89835.04289175611,greedy,5,33997193.86351843
4158,fc16f_00014,84,83509.71194372213,greedy,5,33997193.86351843
4159,fc16f_00014,85,82189.51152705775,greedy,5,33997193.86351843
4160,fc16f_00014,86,87000.79792835182,greedy,5,33997193.86351843
4161,fc16f_00014,87,80524.66820012155,greedy,5,33997193.86351843
4162,fc16f_00014,88,83423.41001079173,greedy,5,33997193.86351843
4163,fc16f_00014,89,82820.89487724984,greedy,5,33997193.86351843
4164,fc16f_00014,90,84009.0076282882,greedy,5,33997193.86351843
4165,fc16f_00014,91,83368.18180757796,greedy,5,33997193.86351843
4166,fc16f_00014,92,94163.92202764557,greedy,5,33997193.86351843
4167,fc16f_00014,93,104174.79975377514,greedy,5,33997193.86351843
4168,fc16f_00014,94,106847.03722246324,greedy,5,33997193.86351843
4169,fc16f_00014,95,103951.71214671181,greedy,5,33997193.86351843
4170,fc16f_00014,96,103632.86201050627,greedy,5,33997193.86351843
4171,fc16f_00014,97,103565.19577350533,greedy,5,33997193.86351843
4172,fc16f_00014,98,108427.22079152969,greedy,5,33997193.86351843
4173,fc16f_00014,99,112228.20963345881,greedy,5,33997193.86351843
4174,fc16f_00014,100,116370.85305871202,greedy,5,33997193.86351843
4175,fc16f_00014,101,116088.48216557075,greedy,5,33997193.86351843
4176,fc16f_00014,102,115782.05961123852,greedy,5,33997193.86351843
4177,fc16f_00014,103,116043.41662311128,greedy,5,33997193.86351843
4178,fc16f_00014,104,118452.56302230932,greedy,5,33997193.86351843
4179,fc16f_00014,105,125890.86065155201,greedy,5,33997193.86351843
4180,fc16f_00014,106,125603.07277765276,greedy,5,33997193.86351843
4181,fc16f_00014,107,116869.88254251436,greedy,5,33997193.86351843
4182,fc16f_00014,108,119729.16407915979,greedy,5,33997193.86351843
4183,fc16f_00014,109,118106.64443776285,greedy,5,33997193.86351843
4184,fc16f_00014,110,121714.42497296713,greedy,5,33997193.86351843
4185,fc16f_00014,111,117000.91893652217,greedy,5,33997193.86351843
4186,fc16f_00014,112,113176.28169170213,greedy,5,33997193.86351843
4187,fc16f_00014,113,116423.40146074566,greedy,5,33997193.86351843
4188,fc16f_00014,114,124375.26865277221,greedy,5,33997193.86351843
4189,fc16f_00014,115,122697.03933539068,greedy,5,33997193.86351843
4190,fc16f_00014,116,107477.29448854346,greedy,5,33997193.86351843
4191,fc16f_00014,117,104982.2929195798,greedy,5,33997193.86351843
4192,fc16f_00014,118,103066.6983166866,greedy,5,33997193.86351843
4193,fc16f_00014,119,99969.2371462333,greedy,5,33997193.86351843
4194,fc16f_00014,120,102387.31564521015,greedy,5,33997193.86351843
4195,fc16f_00014,121,104065.4030563408,greedy,5,33997193.86351843
4196,fc16f_00014,122,96991.01412471435,greedy,5,33997193.86351843
4197,fc16f_00014,123,93349.884854852,greedy,5,33997193.86351843
4198,fc16f_00014,124,96331.45071744199,greedy,5,33997193.86351843
4199,fc16f_00014,125,96038.21288673455,greedy,5,33997193.86351843
4200,fc16f_00014,126,98124.60902870818,greedy,5,33997193.86351843
4201,fc16f_00014,127,100260.05957938106,greedy,5,33997193.86351843
4202,fc16f_00014,128,116485.13591698626,greedy,5,33997193.86351843
4203,fc16f_00014,129,119374.24339974692,greedy,5,33997193.86351843
4204,fc16f_00014,130,122633.1776783622,greedy,5,33997193.86351843
4205,fc16f_00014,131,120965.33114169077,greedy,5,33997193.86351843
4206,fc16f_00014,132,124538.37360948717,greedy,5,33997193.86351843
4207,fc16f_00014,133,135143.3285057909,greedy,5,33997193.86351843
4208,fc16f_00014,134,135801.12497100365,greedy,5,33997193.86351843
4209,fc16f_00014,135,136526.115091427,greedy,5,33997193.86351843
4210,fc16f_00014,136,152706.93317828688,greedy,5,33997193.86351843
4211,fc16f_00014,137,137896.29829586236,greedy,5,33997193.86351843
4212,fc16f_00014,138,141938.22200182048,greedy,5,33997193.86351843
4213,fc16f_00014,139,143737.2552854145,greedy,5,33997193.86351843
4214,fc16f_00014,140,142965.00153803395,greedy,5,33997193.86351843
4215,fc16f_00014,141,129816.63973129202,greedy,5,33997193.86351843
4216,fc16f_00014,142,131011.58370978633,greedy,5,33997193.86351843
4217,fc16f_00014,143,131069.05120347986,greedy,5,33997193.86351843
4218,fc16f_00014,144,122570.8034508882,greedy,5,33997193.86351843
4219,fc16f_00014,145,118634.93525890815,greedy,5,33997193.86351843
4220,fc16f_00014,146,121557.73667720292,greedy,5,33997193.86351843
4221,fc16f_00014,147,118720.91859477099,greedy,5,33997193.86351843
4222,fc16f_00014,148,108504.15767131781,greedy,5,33997193.86351843
4223,fc16f_00014,149,104064.35680274483,greedy,5,33997193.86351843
4224,fc16f_00014,150,93254.60993516725,greedy,5,33997193.86351843
4225,fc16f_00014,151,93285.01269749887,greedy,5,33997193.86351843
4226,fc16f_00014,152,96177.71659414275,greedy,5,33997193.86351843
4227,fc16f_00014,153,98755.24722437507,greedy,5,33997193.86351843
4228,fc16f_00014,154,98428.95356379062,greedy,5,33997193.86351843
4229,fc16f_00014,155,98038.41773457717,greedy,5,33997193.86351843
4230,fc16f_00014,156,89163.70891391672,greedy,5,33997193.86351843
4231,fc16f_00014,157,88637.90557024883,greedy,5,33997193.86351843
4232,fc16f_00014,158,100727.06357608763,greedy,5,33997193.86351843
4233,fc16f_00014,159,100685.23660986405,greedy,5,33997193.86351843
4234,fc16f_00014,160,98722.07471380167,greedy,5,33997193.86351843
4235,fc16f_00014,161,109292.69476112562,greedy,5,33997193.86351843
4236,fc16f_00014,162,114845.62379066633,greedy,5,33997193.86351843
4237,fc16f_00014,163,119557.46418221721,greedy,5,33997193.86351843
4238,fc16f_00014,164,120148.62995758899,greedy,5,33997193.86351843
4239,fc16f_00014,165,123582.50635808606,greedy,5,33997193.86351843
4240,fc16f_00014,166,72133.02112471257,greedy,5,33997193.86351843
4241,fc16f_00014,167,78905.41607375012,greedy,5,33997193.86351843
4242,fc16f_00014,168,82285.23264279249,greedy,5,33997193.86351843
4243,fc16f_00014,169,83150.22437980505,greedy,5,33997193.86351843
4244,fc16f_00014,170,82788.02985622956,greedy,5,33997193.86351843
4245,fc16f_00014,171,74617.59425206624,greedy,5,33997193.86351843
4246,fc16f_00014,172,74500.22243302852,greedy,5,33997193.86351843
4247,fc16f_00014,173,81653.1242468793,greedy,5,33997193.86351843
4248,fc16f_00014,174,81791.72576094417,greedy,5,33997193.86351843
4249,fc16f_00014,175,74661.23848993523,greedy,5,33997193.86351843
4250,fc16f_00014,176,77450.52107199324,greedy,5,33997193.86351843
4251,fc16f_00014,177,110161.39584928952,greedy,5,33997193.86351843
4252,fc16f_00014,178,110162.64758778385,greedy,5,33997193.86351843
4253,fc16f_00014,179,107772.61016364464,greedy,5,33997193.86351843
4254,fc16f_00014,180,107782.52237436557,greedy,5,33997193.86351843
4255,fc16f_00014,181,106557.87523676675,greedy,5,33997193.86351843
4256,fc16f_00014,182,115564.1322656506,greedy,5,33997193.86351843
4257,fc16f_00014,183,139902.56313092052,greedy,5,33997193.86351843
4258,fc16f_00014,184,141813.1399743187,greedy,5,33997193.86351843
4259,fc16f_00014,185,150963.27912466723,greedy,5,33997193.86351843
4260,fc16f_00014,186,150902.64731879404,greedy,5,33997193.86351843
4261,fc16f_00014,187,148660.7070002099,greedy,5,33997193.86351843
4262,fc16f_00014,188,148925.1825314284,greedy,5,33997193.86351843
4263,fc16f_00014,189,153666.746084294,greedy,5,33997193.86351843
4264,fc16f_00014,190,172951.09603910122,greedy,5,33997193.86351843
4265,fc16f_00014,191,184012.3431094867,greedy,5,33997193.86351843
4266,fc16f_00014,192,187262.896825424,greedy,5,33997193.86351843
4267,fc16f_00014,193,198183.84467381774,greedy,5,33997193.86351843
4268,fc16f_00014,194,201292.80246190395,greedy,5,33997193.86351843
4269,fc16f_00014,195,204527.18085811136,greedy,5,33997193.86351843
4270,fc16f_00014,196,210417.03555713763,greedy,5,33997193.86351843
4271,fc16f_00014,197,216432.14952746284,greedy,5,33997193.86351843
4272,fc16f_00014,198,215562.53902692563,greedy,5,33997193.86351843
4273,fc16f_00014,199,213524.59004066317,greedy,5,33997193.86351843
4274,fc16f_00014,200,214619.00251426216,greedy,5,33997193.86351843
4275,fc16f_00014,201,250803.01961424,greedy,5,33997193.86351843
4276,fc16f_00014,202,251671.57792665274,greedy,5,33997193.86351843
4277,fc16f_00014,203,259112.83247728331,greedy,5,33997193.86351843
4278,fc16f_00014,204,255955.48938261703,greedy,5,33997193.86351843
4279,fc16f_00014,205,260814.36621400237,greedy,5,33997193.86351843
4280,fc16f_00014,206,260006.98920756482,greedy,5,33997193.86351843
4281,fc16f_00014,207,256552.7148724629,greedy,5,33997193.86351843
4282,fc16f_00014,208,262826.82848020585,greedy,5,33997193.86351843
4283,fc16f_00014,209,262792.4832818663,greedy,5,33997193.86351843
4284,fc16f_00014,210,250660.8276856736,greedy,5,33997193.86351843
4285,fc16f_00014,211,249280.2532104142,greedy,5,33997193.86351843
4286,fc16f_00014,212,250904.64109074074,greedy,5,33997193.86351843
4287,fc16f_00014,213,251032.80997510382,greedy,5,33997193.86351843
4288,fc16f_00014,214,242209.7793405865,greedy,5,33997193.86351843
4289,fc16f_00014,215,242323.04034446544,greedy,5,33997193.86351843
4290,fc16f_00014,216,260321.29487171478,greedy,5,33997193.86351843
4291,fc16f_00014,217,261390.51516603946,greedy,5,33997193.86351843
4292,fc16f_00014,218,261035.12613435744,greedy,5,33997193.86351843
4293,fc16f_00014,219,266493.89475980646,greedy,5,33997193.86351843
4294,fc16f_00014,220,267833.8477345432,greedy,5,33997193.86351843
4295,fc16f_00014,221,274986.69415577466,greedy,5,33997193.86351843
4296,fc16f_00014,222,272588.6699667148,greedy,5,33997193.86351843
4297,fc16f_00014,223,252308.97426779484,greedy,5,33997193.86351843
4298,fc16f_00014,224,254548.8258419416,greedy,5,33997193.86351843
4299,fc16f_00014,225,254384.3230653629,greedy,5,33997193.86351843
4300,fc16f_00014,226,256044.43957965035,greedy,5,33997193.86351843
4301,fc16f_00014,227,254995.9802260713,greedy,5,33997193.86351843
4302,fc16f_00014,228,236096.7737015355,greedy,5,33997193.86351843
4303,fc16f_00014,229,235843.84291793045,greedy,5,33997193.86351843
4304,fc16f_00014,230,236082.99551982075,greedy,5,33997193.86351843
4305,fc16f_00014,231,233384.83591650066,greedy,5,33997193.86351843
4306,fc16f_00014,232,231253.10799760572,greedy,5,33997193.86351843
4307,fc16f_00014,233,233575.87858020244,greedy,5,33997193.86351843
4308,fc16f_00014,234,205152.13769556268,greedy,5,33997193.86351843
4309,fc16f_00014,235,211386.96365772595,greedy,5,33997193.86351843
4310,fc16f_00014,236,212364.26426684833,greedy,5,33997193.86351843
4311,fc16f_00014,237,209824.06544425723,greedy,5,33997193.86351843
4312,fc16f_00014,238,209404.60902505397,greedy,5,33997193.86351843
4313,fc16f_00014,239,209751.4057278442,greedy,5,33997193.86351843
4314,fc16f_00014,240,207794.72136559468,greedy,5,33997193.86351843
4315,fc16f_00014,241,176518.74269332405,greedy,5,33997193.86351843
4316,fc16f_00014,242,164490.00106658216,greedy,5,33997193.86351843
4317,fc16f_00014,243,164042.18662009446,greedy,5,33997193.86351843
4318,fc16f_00014,244,169601.97402772334,greedy,5,33997193.86351843
4319,fc16f_00014,245,144987.1899585014,greedy,5,33997193.86351843
4320,fc16f_00014,246,135724.58744199667,greedy,5,33997193.86351843
4321,fc16f_00014,247,124215.51268882237,greedy,5,33997193.86351843
4322,fc16f_00014,248,129016.63250987077,greedy,5,33997193.86351843
4323,fc16f_00014,249,126580.23430153566,greedy,5,33997193.86351843
4324,fc16f_00014,250,125861.59699020433,greedy,5,33997193.86351843
4325,fc16f_00014,251,126421.85871809645,greedy,5,33997193.86351843
4326,fc16f_00014,252,126291.10229298062,greedy,5,33997193.86351843
4327,fc16f_00014,253,113787.07132649687,greedy,5,33997193.86351843
4328,fc16f_00014,254,118794.48462146874,greedy,5,33997193.86351843
4329,fc16f_00014,255,117383.88237099857,greedy,5,33997193.86351843
4330,fc16f_00014,256,111584.84259642586,greedy,5,33997193.86351843
4331,fc16f_00014,257,110734.3618106765,greedy,5,33997193.86351843
4332,fc16f_00014,258,137214.40043756602,greedy,5,33997193.86351843
4333,fc16f_00014,259,140656.92106501583,greedy,5,33997193.86351843
4334,fc16f_00014,260,131551.53276450295,greedy,5,33997193.86351843
4335,fc16f_00014,261,135806.01156898457,greedy,5,33997193.86351843
4336,fc16f_00014,262,130639.27825820807,greedy,5,33997193.86351843
4337,fc16f_00014,263,129736.0438813812,greedy,5,33997193.86351843
4338,fc16f_00014,264,135948.19397536755,greedy,5,33997193.86351843
4339,fc16f_00014,265,149100.73789520882,greedy,5,33997193.86351843
4340,fc16f_00014,266,145768.7857480882,greedy,5,33997193.86351843
4341,fc16f_00014,267,148460.02459945096,greedy,5,33997193.86351843
4342,fc16f_00014,268,145861.05797573627,greedy,5,33997193.86351843
4343,fc16f_00014,269,136441.02836118996,greedy,5,33997193.86351843
4344,fc16f_00014,270,136254.82312288185,greedy,5,33997193.86351843
4345,fc16f_00014,271,118368.76956155313,greedy,5,33997193.86351843
4346,fc16f_00014,272,94959.94630741722,greedy,5,33997193.86351843
4347,fc16f_00014,273,95110.09486332751,greedy,5,33997193.86351843
4348,fc16f_00014,274,94663.11404244686,greedy,5,33997193.86351843
4349,fc16f_00014,275,90859.36703007143,greedy,5,33997193.86351843
4350,fc16f_00014,276,89599.85515771425,greedy,5,33997193.86351843
4351,fc16f_00014,277,85552.8034011713,greedy,5,33997193.86351843
4352,fc16f_00014,278,83749.36463950828,greedy,5,33997193.86351843
4353,fc16f_00014,279,85724.13777429728,greedy,5,33997193.86351843
4354,fc16f_00014,280,68182.11472394133,greedy,5,33997193.86351843
4355,fc16f_00014,281,61288.045831502124,greedy,5,33997193.86351843
4356,fc16f_00014,282,60363.5691062986,greedy,5,33997193.86351843
4357,fc16f_00014,283,65201.82689588068,greedy,5,33997193.86351843
4358,fc16f_00014,284,56211.95131879073,greedy,5,33997193.86351843
4359,fc16f_00014,285,50721.932552285136,greedy,5,33997193.86351843
4360,fc16f_00014,286,50290.732540369776,greedy,5,33997193.86351843
4361,fc16f_00014,287,50254.861963689924,greedy,5,33997193.86351843
4362,fc16f_00014,288,47195.10022137986,greedy,5,33997193.86351843
4363,fc16f_00014,289,43669.61238811366,greedy,5,33997193.86351843
4364,fc16f_00014,290,42726.401855393575,greedy,5,33997193.86351843
4365,fc16f_00015,0,21189.009739047997,thompson_sampling,1,22027860.930208307
4366,fc16f_00015,1,18710.560436979395,thompson_sampling,1,22027860.930208307
4367,fc16f_00015,2,10397.596158703487,thompson_sampling,1,22027860.930208307
4368,fc16f_00015,3,9503.88306809631,thompson_sampling,1,22027860.930208307
4369,fc16f_00015,4,13727.253468134324,thompson_sampling,1,22027860.930208307
4370,fc16f_00015,5,17925.964359186528,thompson_sampling,1,22027860.930208307
4371,fc16f_00015,6,13049.309585883908,thompson_sampling,1,22027860.930208307
4372,fc16f_00015,7,13952.007763952823,thompson_sampling,1,22027860.930208307
4373,fc16f_00015,8,13865.459336318694,thompson_sampling,1,22027860.930208307
4374,fc16f_00015,9,25066.088686544495,thompson_sampling,1,22027860.930208307
4375,fc16f_00015,10,24336.94736649671,thompson_sampling,1,22027860.930208307
4376,fc16f_00015,11,16994.63938799357,thompson_sampling,1,22027860.930208307
4377,fc16f_00015,12,15827.086376515006,thompson_sampling,1,22027860.930208307
4378,fc16f_00015,13,14431.001800396585,thompson_sampling,1,22027860.930208307
4379,fc16f_00015,14,13183.53871979274,thompson_sampling,1,22027860.930208307
4380,fc16f_00015,15,11796.633962097414,thompson_sampling,1,22027860.930208307
4381,fc16f_00015,16,11824.116414644797,thompson_sampling,1,22027860.930208307
4382,fc16f_00015,17,15370.088966639303,thompson_sampling,1,22027860.930208307
4383,fc16f_00015,18,16550.940037961325,thompson_sampling,1,22027860.930208307
4384,fc16f_00015,19,16889.45954198694,thompson_sampling,1,22027860.930208307
4385,fc16f_00015,20,16883.4822190793,thompson_sampling,1,22027860.930208307
4386,fc16f_00015,21,21612.407908665926,thompson_sampling,1,22027860.930208307
4387,fc16f_00015,22,22896.992395747202,thompson_sampling,1,22027860.930208307
4388,fc16f_00015,23,21637.137551388725,thompson_sampling,1,22027860.930208307
4389,fc16f_00015,24,22881.88138085317,thompson_sampling,1,22027860.930208307
4390,fc16f_00015,25,62264.368457628385,thompson_sampling,1,22027860.930208307
4391,fc16f_00015,26,65221.95325120155,thompson_sampling,1,22027860.930208307
4392,fc16f_00015,27,68909.69197746478,thompson_sampling,1,22027860.930208307
4393,fc16f_00015,28,69596.85000405593,thompson_sampling,1,22027860.930208307
4394,fc16f_00015,29,69191.31069566739,thompson_sampling,1,22027860.930208307
4395,fc16f_00015,30,48647.83158505152,thompson_sampling,1,22027860.930208307
4396,fc16f_00015,31,41432.95416747945,thompson_sampling,1,22027860.930208307
4397,fc16f_00015,32,39168.12190792078,thompson_sampling,1,22027860.930208307
4398,fc16f_00015,33,39611.641279011536,thompson_sampling,1,22027860.930208307
4399,fc16f_00015,34,38083.967911092164,thompson_sampling,1,22027860.930208307
4400,fc16f_00015,35,50730.4188068382,thompson_sampling,1,22027860.930208307
4401,fc16f_00015,36,50141.96639928447,thompson_sampling,1,22027860.930208307
4402,fc16f_00015,37,35090.943795711624,thompson_sampling,1,22027860.930208307
4403,fc16f_00015,38,39630.94609013056,thompson_sampling,1,22027860.930208307
4404,fc16f_00015,39,37794.06351750493,thompson_sampling,1,22027860.930208307
4405,fc16f_00015,40,37452.89768939418,thompson_sampling,1,22027860.930208307
4406,fc16f_00015,41,45689.458987161495,thompson_sampling,1,22027860.930208307
4407,fc16f_00015,42,45739.47255991313,thompson_sampling,1,22027860.930208307
4408,fc16f_00015,43,35977.678441971286,thompson_sampling,1,22027860.930208307
4409,fc16f_00015,44,33022.90706581473,thompson_sampling,1,22027860.930208307
4410,fc16f_00015,45,29400.02485233598,thompson_sampling,1,22027860.930208307
4411,fc16f_00015,46,29131.366146331715,thompson_sampling,1,22027860.930208307
4412,fc16f_00015,47,28832.243682139673,thompson_sampling,1,22027860.930208307
4413,fc16f_00015,48,26699.513319199657,thompson_sampling,1,22027860.930208307
4414,fc16f_00015,49,29133.352469776728,thompson_sampling,1,22027860.930208307
4415,fc16f_00015,50,28840.362263263247,thompson_sampling,1,22027860.930208307
4416,fc16f_00015,51,25781.788029670814,thompson_sampling,1,22027860.930208307
4417,fc16f_00015,52,28530.94723700206,thompson_sampling,1,22027860.930208307
4418,fc16f_00015,53,28555.86203017249,thompson_sampling,1,22027860.930208307
4419,fc16f_00015,54,28648.423553662215,thompson_sampling,1,22027860.930208307
4420,fc16f_00015,55,31405.497640916972,thompson_sampling,1,22027860.930208307
4421,fc16f_00015,56,29315.908365228028,thompson_sampling,1,22027860.930208307
4422,fc16f_00015,57,27571.06085312156,thompson_sampling,1,22027860.930208307
4423,fc16f_00015,58,27195.086390063396,thompson_sampling,1,22027860.930208307
4424,fc16f_00015,59,27960.789358624974,thompson_sampling,1,22027860.930208307
4425,fc16f_00015,60,25432.628802636435,thompson_sampling,1,22027860.930208307
4426,fc16f_00015,61,26260.70944339603,thompson_sampling,1,22027860.930208307
4427,fc16f_00015,62,26187.07997508888,thompson_sampling,1,22027860.930208307
4428,fc16f_00015,63,26132.169062988218,thompson_sampling,1,22027860.930208307
4429,fc16f_00015,64,23143.88962258704,thompson_sampling,1,22027860.930208307
4430,fc16f_00015,65,23052.631102812044,thompson_sampling,1,22027860.930208307
4431,fc16f_00015,66,23748.82111821255,thompson_sampling,1,22027860.930208307
4432,fc16f_00015,67,25255.319456045167,thompson_sampling,1,22027860.930208307
4433,fc16f_00015,68,23284.744992175005,thompson_sampling,1,22027860.930208307
4434,fc16f_00015,69,23241.169369052383,thompson_sampling,1,22027860.930208307
4435,fc16f_00015,70,33236.07149784881,thompson_sampling,1,22027860.930208307
4436,fc16f_00015,71,33344.5139087604,thompson_sampling,1,22027860.930208307
4437,fc16f_00015,72,32402.224557819256,thompson_sampling,1,22027860.930208307
4438,fc16f_00015,73,36746.652663279296,thompson_sampling,1,22027860.930208307
4439,fc16f_00015,74,40625.35250417146,thompson_sampling,1,22027860.930208307
4440,fc16f_00015,75,40818.28203114769,thompson_sampling,1,22027860.930208307
4441,fc16f_00015,76,40478.25436792965,thompson_sampling,1,22027860.930208307
4442,fc16f_00015,77,39554.095255635184,thompson_sampling,1,22027860.930208307
4443,fc16f_00015,78,39578.54483336466,thompson_sampling,1,22027860.930208307
4444,fc16f_00015,79,45430.223855721124,thompson_sampling,1,22027860.930208307
4445,fc16f_00015,80,46571.837657874225,thompson_sampling,1,22027860.930208307
4446,fc16f_00015,81,45005.60783121802,thompson_sampling,1,22027860.930208307
4447,fc16f_00015,82,45695.0958801025,thompson_sampling,1,22027860.930208307
4448,fc16f_00015,83,45820.19482175187,thompson_sampling,1,22027860.930208307
4449,fc16f_00015,84,46332.96164435741,thompson_sampling,1,22027860.930208307
4450,fc16f_00015,85,45798.45594657373,thompson_sampling,1,22027860.930208307
4451,fc16f_00015,86,48497.56661646823,thompson_sampling,1,22027860.930208307
4452,fc16f_00015,87,46273.03950945886,thompson_sampling,1,22027860.930208307
4453,fc16f_00015,88,42980.94871140654,thompson_sampling,1,22027860.930208307
4454,fc16f_00015,89,43132.49968092616,thompson_sampling,1,22027860.930208307
4455,fc16f_00015,90,39971.07739912704,thompson_sampling,1,22027860.930208307
4456,fc16f_00015,91,40208.950336811715,thompson_sampling,1,22027860.930208307
4457,fc16f_00015,92,37986.57719762526,thompson_sampling,1,22027860.930208307
4458,fc16f_00015,93,40563.648854880914,thompson_sampling,1,22027860.930208307
4459,fc16f_00015,94,40120.33875042051,thompson_sampling,1,22027860.930208307
4460,fc16f_00015,95,40593.84783896291,thompson_sampling,1,22027860.930208307
4461,fc16f_00015,96,39826.404541697884,thompson_sampling,1,22027860.930208307
4462,fc16f_00015,97,44265.130016248164,thompson_sampling,1,22027860.930208307
4463,fc16f_00015,98,40424.92734346703,thompson_sampling,1,22027860.930208307
4464,fc16f_00015,99,40941.50928072002,thompson_sampling,1,22027860.930208307
4465,fc16f_00015,100,38680.33552022394,thompson_sampling,1,22027860.930208307
4466,fc16f_00015,101,44435.50503508668,thompson_sampling,1,22027860.930208307
4467,fc16f_00015,102,43723.542437976685,thompson_sampling,1,22027860.930208307
4468,fc16f_00015,103,43162.8338018189,thompson_sampling,1,22027860.930208307
4469,fc16f_00015,104,43007.3631545003,thompson_sampling,1,22027860.930208307
4470,fc16f_00015,105,39791.218547901575,thompson_sampling,1,22027860.930208307
4471,fc16f_00015,106,38799.57121753088,thompson_sampling,1,22027860.930208307
4472,fc16f_00015,107,47665.99999478072,thompson_sampling,1,22027860.930208307
4473,fc16f_00015,108,47737.53422909832,thompson_sampling,1,22027860.930208307
4474,fc16f_00015,109,41390.44453972511,thompson_sampling,1,22027860.930208307
4475,fc16f_00015,110,41596.649501551976,thompson_sampling,1,22027860.930208307
4476,fc16f_00015,111,43322.930907088754,thompson_sampling,1,22027860.930208307
4477,fc16f_00015,112,44778.078268672565,thompson_sampling,1,22027860.930208307
4478,fc16f_00015,113,44799.04567484388,thompson_sampling,1,22027860.930208307
4479,fc16f_00015,114,44872.1354019936,thompson_sampling,1,22027860.930208307
4480,fc16f_00015,115,44872.940668721174,thompson_sampling,1,22027860.930208307
4481,fc16f_00015,116,44540.28465390466,thompson_sampling,1,22027860.930208307
4482,fc16f_00015,117,42880.57355639814,thompson_sampling,1,22027860.930208307
4483,fc16f_00015,118,47596.54637738124,thompson_sampling,1,22027860.930208307
4484,fc16f_00015,119,48843.11672708892,thompson_sampling,1,22027860.930208307
4485,fc16f_00015,120,45136.70818001387,thompson_sampling,1,22027860.930208307
4486,fc16f_00015,121,43693.461685274786,thompson_sampling,1,22027860.930208307
4487,fc16f_00015,122,46056.49331139759,thompson_sampling,1,22027860.930208307
4488,fc16f_00015,123,48641.37878270677,thompson_sampling,1,22027860.930208307
4489,fc16f_00015,124,51412.208937537616,thompson_sampling,1,22027860.930208307
4490,fc16f_00015,125,54267.17198940153,thompson_sampling,1,22027860.930208307
4491,fc16f_00015,126,57387.08342933547,thompson_sampling,1,22027860.930208307
4492,fc16f_00015,127,50358.274814460136,thompson_sampling,1,22027860.930208307
4493,fc16f_00015,128,55306.552509039444,thompson_sampling,1,22027860.930208307
4494,fc16f_00015,129,53751.2985250264,thompson_sampling,1,22027860.930208307
4495,fc16f_00015,130,65581.17474159061,thompson_sampling,1,22027860.930208307
4496,fc16f_00015,131,65702.91193844686,thompson_sampling,1,22027860.930208307
4497,fc16f_00015,132,76903.71771662368,thompson_sampling,1,22027860.930208307
4498,fc16f_00015,133,74735.68270569293,thompson_sampling,1,22027860.930208307
4499,fc16f_00015,134,74730.98748944081,thompson_sampling,1,22027860.930208307
4500,fc16f_00015,135,72131.96533010932,thompson_sampling,1,22027860.930208307
4501,fc16f_00015,136,79188.54654320423,thompson_sampling,1,22027860.930208307
4502,fc16f_00015,137,84296.0644225918,thompson_sampling,1,22027860.930208307
4503,fc16f_00015,138,85350.52797619013,thompson_sampling,1,22027860.930208307
4504,fc16f_00015,139,85288.07890383652,thompson_sampling,1,22027860.930208307
4505,fc16f_00015,140,86855.03609592958,thompson_sampling,1,22027860.930208307
4506,fc16f_00015,141,86666.14597531935,thompson_sampling,1,22027860.930208307
4507,fc16f_00015,142,87968.57570758222,thompson_sampling,1,22027860.930208307
4508,fc16f_00015,143,90734.89446078593,thompson_sampling,1,22027860.930208307
4509,fc16f_00015,144,91550.66298691445,thompson_sampling,1,22027860.930208307
4510,fc16f_00015,145,90801.8455142794,thompson_sampling,1,22027860.930208307
4511,fc16f_00015,146,92739.95410813525,thompson_sampling,1,22027860.930208307
4512,fc16f_00015,147,100063.98313154327,thompson_sampling,1,22027860.930208307
4513,fc16f_00015,148,97921.24017279263,thompson_sampling,1,22027860.930208307
4514,fc16f_00015,149,95931.96533921352,thompson_sampling,1,22027860.930208307
4515,fc16f_00015,150,93767.51816543829,thompson_sampling,1,22027860.930208307
4516,fc16f_00015,151,95675.4515435586,thompson_sampling,1,22027860.930208307
4517,fc16f_00015,152,96278.94863499128,thompson_sampling,1,22027860.930208307
4518,fc16f_00015,153,88303.10837354303,thompson_sampling,1,22027860.930208307
4519,fc16f_00015,154,91046.83329525814,thompson_sampling,1,22027860.930208307
4520,fc16f_00015,155,88410.5827660385,thompson_sampling,1,22027860.930208307
4521,fc16f_00015,156,98663.50268974109,thompson_sampling,1,22027860.930208307
4522,fc16f_00015,157,98537.78664609921,thompson_sampling,1,22027860.930208307
4523,fc16f_00015,158,111974.64092322138,thompson_sampling,1,22027860.930208307
4524,fc16f_00015,159,111786.14365229028,thompson_sampling,1,22027860.930208307
4525,fc16f_00015,160,145245.15175647577,thompson_sampling,1,22027860.930208307
4526,fc16f_00015,161,144890.3712983324,thompson_sampling,1,22027860.930208307
4527,fc16f_00015,162,105906.91920607752,thompson_sampling,1,22027860.930208307
4528,fc16f_00015,163,125705.3213184043,thompson_sampling,1,22027860.930208307
4529,fc16f_00015,164,124921.82186534647,thompson_sampling,1,22027860.930208307
4530,fc16f_00015,165,126438.13674641773,thompson_sampling,1,22027860.930208307
4531,fc16f_00015,166,136589.53459020518,thompson_sampling,1,22027860.930208307
4532,fc16f_00015,167,137126.229377056,thompson_sampling,1,22027860.930208307
4533,fc16f_00015,168,135787.12403507193,thompson_sampling,1,22027860.930208307
4534,fc16f_00015,169,119239.48441061174,thompson_sampling,1,22027860.930208307
4535,fc16f_00015,170,119118.03177545557,thompson_sampling,1,22027860.930208307
4536,fc16f_00015,171,112897.2929823645,thompson_sampling,1,22027860.930208307
4537,fc16f_00015,172,117465.33641372778,thompson_sampling,1,22027860.930208307
4538,fc16f_00015,173,117022.89341441476,thompson_sampling,1,22027860.930208307
4539,fc16f_00015,174,118325.32232212654,thompson_sampling,1,22027860.930208307
4540,fc16f_00015,175,122151.10211555562,thompson_sampling,1,22027860.930208307
4541,fc16f_00015,176,121816.24265806754,thompson_sampling,1,22027860.930208307
4542,fc16f_00015,177,123659.44947679559,thompson_sampling,1,22027860.930208307
4543,fc16f_00015,178,118731.18977461524,thompson_sampling,1,22027860.930208307
4544,fc16f_00015,179,118362.06448596856,thompson_sampling,1,22027860.930208307
4545,fc16f_00015,180,121280.48702562561,thompson_sampling,1,22027860.930208307
4546,fc16f_00015,181,137898.30760823557,thompson_sampling,1,22027860.930208307
4547,fc16f_00015,182,152428.51082653258,thompson_sampling,1,22027860.930208307
4548,fc16f_00015,183,167872.26347409125,thompson_sampling,1,22027860.930208307
4549,fc16f_00015,184,169899.0474055183,thompson_sampling,1,22027860.930208307
4550,fc16f_00015,185,169025.65976203102,thompson_sampling,1,22027860.930208307
4551,fc16f_00015,186,157838.66341295326,thompson_sampling,1,22027860.930208307
4552,fc16f_00015,187,157026.16536358697,thompson_sampling,1,22027860.930208307
4553,fc16f_00015,188,158417.67668138482,thompson_sampling,1,22027860.930208307
4554,fc16f_00015,189,181122.86421501398,thompson_sampling,1,22027860.930208307
4555,fc16f_00015,190,176636.22886697046,thompson_sampling,1,22027860.930208307
4556,fc16f_00015,191,174480.18176285588,thompson_sampling,1,22027860.930208307
4557,fc16f_00015,192,176352.3082991902,thompson_sampling,1,22027860.930208307
4558,fc16f_00015,193,175317.7517807576,thompson_sampling,1,22027860.930208307
4559,fc16f_00015,194,181824.38128625308,thompson_sampling,1,22027860.930208307
4560,fc16f_00015,195,176558.04762526028,thompson_sampling,1,22027860.930208307
4561,fc16f_00015,196,184962.2008868455,thompson_sampling,1,22027860.930208307
4562,fc16f_00015,197,176396.3087078429,thompson_sampling,1,22027860.930208307
4563,fc16f_00015,198,171279.73288284513,thompson_sampling,1,22027860.930208307
4564,fc16f_00015,199,154308.93606487438,thompson_sampling,1,22027860.930208307
4565,fc16f_00015,200,154377.01687708928,thompson_sampling,1,22027860.930208307
4566,fc16f_00015,201,159836.07731460477,thompson_sampling,1,22027860.930208307
4567,fc16f_00015,202,132758.96159942358,thompson_sampling,1,22027860.930208307
4568,fc16f_00015,203,130296.63060337008,thompson_sampling,1,22027860.930208307
4569,fc16f_00015,204,151223.70287066427,thompson_sampling,1,22027860.930208307
4570,fc16f_00015,205,144588.33293037678,thompson_sampling,1,22027860.930208307
4571,fc16f_00015,206,141714.9970151592,thompson_sampling,1,22027860.930208307
4572,fc16f_00015,207,126444.84311746029,thompson_sampling,1,22027860.930208307
4573,fc16f_00015,208,125821.63609940902,thompson_sampling,1,22027860.930208307
4574,fc16f_00015,209,120880.95074540698,thompson_sampling,1,22027860.930208307
4575,fc16f_00015,210,121717.05426864034,thompson_sampling,1,22027860.930208307
4576,fc16f_00015,211,124509.35627306146,thompson_sampling,1,22027860.930208307
4577,fc16f_00015,212,129821.17078388255,thompson_sampling,1,22027860.930208307
4578,fc16f_00015,213,120760.22457084472,thompson_sampling,1,22027860.930208307
4579,fc16f_00015,214,136573.84806736547,thompson_sampling,1,22027860.930208307
4580,fc16f_00015,215,111077.97424561257,thompson_sampling,1,22027860.930208307
4581,fc16f_00015,216,111062.41219186122,thompson_sampling,1,22027860.930208307
4582,fc16f_00015,217,112690.37394434324,thompson_sampling,1,22027860.930208307
4583,fc16f_00015,218,116402.33447580488,thompson_sampling,1,22027860.930208307
4584,fc16f_00015,219,120088.70335027335,thompson_sampling,1,22027860.930208307
4585,fc16f_00015,220,120131.4518150616,thompson_sampling,1,22027860.930208307
4586,fc16f_00015,221,121396.06175756328,thompson_sampling,1,22027860.930208307
4587,fc16f_00015,222,124712.47181201946,thompson_sampling,1,22027860.930208307
4588,fc16f_00015,223,128572.08869693748,thompson_sampling,1,22027860.930208307
4589,fc16f_00015,224,133985.46751933108,thompson_sampling,1,22027860.930208307
4590,fc16f_00015,225,132067.42900522018,thompson_sampling,1,22027860.930208307
4591,fc16f_00015,226,143504.0133598328,thompson_sampling,1,22027860.930208307
4592,fc16f_00015,227,143847.1989947498,thompson_sampling,1,22027860.930208307
4593,fc16f_00015,228,142858.8592003499,thompson_sampling,1,22027860.930208307
4594,fc16f_00015,229,145887.88690525424,thompson_sampling,1,22027860.930208307
4595,fc16f_00015,230,150830.8813235996,thompson_sampling,1,22027860.930208307
4596,fc16f_00015,231,153187.88114111967,thompson_sampling,1,22027860.930208307
4597,fc16f_00015,232,152787.66755681537,thompson_sampling,1,22027860.930208307
4598,fc16f_00015,233,152817.36124218995,thompson_sampling,1,22027860.930208307
4599,fc16f_00015,234,151282.1372686088,thompson_sampling,1,22027860.930208307
4600,fc16f_00015,235,148428.7377940878,thompson_sampling,1,22027860.930208307
4601,fc16f_00015,236,140360.9380543835,thompson_sampling,1,22027860.930208307
4602,fc16f_00015,237,108071.4365003307,thompson_sampling,1,22027860.930208307
4603,fc16f_00015,238,114750.5956314778,thompson_sampling,1,22027860.930208307
4604,fc16f_00015,239,114830.54274384832,thompson_sampling,1,22027860.930208307
4605,fc16f_00015,240,114627.00103573031,thompson_sampling,1,22027860.930208307
4606,fc16f_00015,241,97824.12868100597,thompson_sampling,1,22027860.930208307
4607,fc16f_00015,242,100376.46043953797,thompson_sampling,1,22027860.930208307
4608,fc16f_00015,243,97551.21739099521,thompson_sampling,1,22027860.930208307
4609,fc16f_00015,244,98081.11828890788,thompson_sampling,1,22027860.930208307
4610,fc16f_00015,245,98446.63760479834,thompson_sampling,1,22027860.930208307
4611,fc16f_00015,246,94992.30047611195,thompson_sampling,1,22027860.930208307
4612,fc16f_00015,247,95378.24843305143,thompson_sampling,1,22027860.930208307
4613,fc16f_00015,248,80304.37123786408,thompson_sampling,1,22027860.930208307
4614,fc16f_00015,249,83323.9218526394,thompson_sampling,1,22027860.930208307
4615,fc16f_00015,250,83535.42810934046,thompson_sampling,1,22027860.930208307
4616,fc16f_00015,251,84971.57339824123,thompson_sampling,1,22027860.930208307
4617,fc16f_00015,252,86703.85690936378,thompson_sampling,1,22027860.930208307
4618,fc16f_00015,253,83544.6840899945,thompson_sampling,1,22027860.930208307
4619,fc16f_00015,254,83571.8574569093,thompson_sampling,1,22027860.930208307
4620,fc16f_00015,255,83705.99339336791,thompson_sampling,1,22027860.930208307
4621,fc16f_00015,256,78448.3410682425,thompson_sampling,1,22027860.930208307
4622,fc16f_00015,257,78336.63036511022,thompson_sampling,1,22027860.930208307
4623,fc16f_00015,258,75485.30622580375,thompson_sampling,1,22027860.930208307
4624,fc16f_00015,259,67961.03866416497,thompson_sampling,1,22027860.930208307
4625,fc16f_00015,260,70598.90037058492,thompson_sampling,1,22027860.930208307
4626,fc16f_00015,261,70833.76948723552,thompson_sampling,1,22027860.930208307
4627,fc16f_00015,262,66567.29161264197,thompson_sampling,1,22027860.930208307
4628,fc16f_00015,263,67195.08296287185,thompson_sampling,1,22027860.930208307
4629,fc16f_00015,264,65715.20392141707,thompson_sampling,1,22027860.930208307
4630,fc16f_00015,265,59882.44777858789,thompson_sampling,1,22027860.930208307
4631,fc16f_00015,266,58885.03174046581,thompson_sampling,1,22027860.930208307
4632,fc16f_00015,267,57416.80851655942,thompson_sampling,1,22027860.930208307
4633,fc16f_00015,268,53531.26416044557,thompson_sampling,1,22027860.930208307
4634,fc16f_00015,269,51930.480419801854,thompson_sampling,1,22027860.930208307
4635,fc16f_00015,270,51049.82642403781,thompson_sampling,1,22027860.930208307
4636,fc16f_00015,271,52379.43963787865,thompson_sampling,1,22027860.930208307
4637,fc16f_00015,272,53985.22534033357,thompson_sampling,1,22027860.930208307
4638,fc16f_00015,273,53771.789296454524,thompson_sampling,1,22027860.930208307
4639,fc16f_00015,274,48895.49552606136,thompson_sampling,1,22027860.930208307
4640,fc16f_00015,275,53664.14321225863,thompson_sampling,1,22027860.930208307
4641,fc16f_00015,276,52562.107302637065,thompson_sampling,1,22027860.930208307
4642,fc16f_00015,277,52127.211085867195,thompson_sampling,1,22027860.930208307
4643,fc16f_00015,278,56141.796869103055,thompson_sampling,1,22027860.930208307
4644,fc16f_00015,279,58832.65527539837,thompson_sampling,1,22027860.930208307
4645,fc16f_00015,280,63012.68547912769,thompson_sampling,1,22027860.930208307
4646,fc16f_00015,281,64109.419218322175,thompson_sampling,1,22027860.930208307
4647,fc16f_00015,282,62700.9828930282,thompson_sampling,1,22027860.930208307
4648,fc16f_00015,283,70131.46293333272,thompson_sampling,1,22027860.930208307
4649,fc16f_00015,284,69474.26038640563,thompson_sampling,1,22027860.930208307
4650,fc16f_00015,285,65003.2235625521,thompson_sampling,1,22027860.930208307
4651,fc16f_00015,286,65996.75663467169,thompson_sampling,1,22027860.930208307
4652,fc16f_00015,287,65335.73848281112,thompson_sampling,1,22027860.930208307
4653,fc16f_00015,288,51416.21616353004,thompson_sampling,1,22027860.930208307
4654,fc16f_00015,289,51501.232486023604,thompson_sampling,1,22027860.930208307
4655,fc16f_00015,290,50780.002240872134,thompson_sampling,1,22027860.930208307
4656,fc16f_00016,0,7462.718005199594,thompson_sampling,2,19551755.821840286
4657,fc16f_00016,1,5019.022523754763,thompson_sampling,2,19551755.821840286
4658,fc16f_00016,2,5865.114072445503,thompson_sampling,2,19551755.821840286
4659,fc16f_00016,3,6120.047619860943,thompson_sampling,2,19551755.821840286
4660,fc16f_00016,4,8308.687926428976,thompson_sampling,2,19551755.821840286
4661,fc16f_00016,5,10052.366197998657,thompson_sampling,2,19551755.821840286
4662,fc16f_00016,6,5328.65182819197,thompson_sampling,2,19551755.821840286
4663,fc16f_00016,7,5604.943417691039,thompson_sampling,2,19551755.821840286
4664,fc16f_00016,8,7164.778463805643,thompson_sampling,2,19551755.821840286
4665,fc16f_00016,9,6870.498194191712,thompson_sampling,2,19551755.821840286
4666,fc16f_00016,10,15542.519442966666,thompson_sampling,2,19551755.821840286
4667,fc16f_00016,11,10104.910713949743,thompson_sampling,2,19551755.821840286
4668,fc16f_00016,12,9538.772742706362,thompson_sampling,2,19551755.821840286
4669,fc16f_00016,13,8829.833744111955,thompson_sampling,2,19551755.821840286
4670,fc16f_00016,14,10423.175739297978,thompson_sampling,2,19551755.821840286
4671,fc16f_00016,15,14894.366916986546,thompson_sampling,2,19551755.821840286
4672,fc16f_00016,16,14269.450019718923,thompson_sampling,2,19551755.821840286
4673,fc16f_00016,17,14187.571063939842,thompson_sampling,2,19551755.821840286
4674,fc16f_00016,18,12492.493216306138,thompson_sampling,2,19551755.821840286
4675,fc16f_00016,19,12505.642153534496,thompson_sampling,2,19551755.821840286
4676,fc16f_00016,20,13110.108633584741,thompson_sampling,2,19551755.821840286
4677,fc16f_00016,21,11736.049596552082,thompson_sampling,2,19551755.821840286
4678,fc16f_00016,22,11867.452442607828,thompson_sampling,2,19551755.821840286
4679,fc16f_00016,23,12058.703733325181,thompson_sampling,2,19551755.821840286
4680,fc16f_00016,24,11639.87457841994,thompson_sampling,2,19551755.821840286
4681,fc16f_00016,25,11500.20611371156,thompson_sampling,2,19551755.821840286
4682,fc16f_00016,26,10692.17131555308,thompson_sampling,2,19551755.821840286
4683,fc16f_00016,27,12489.681112767881,thompson_sampling,2,19551755.821840286
4684,fc16f_00016,28,13256.217832212003,thompson_sampling,2,19551755.821840286
4685,fc16f_00016,29,11911.917548752432,thompson_sampling,2,19551755.821840286
4686,fc16f_00016,30,11196.24765079448,thompson_sampling,2,19551755.821840286
4687,fc16f_00016,31,11219.719480950274,thompson_sampling,2,19551755.821840286
4688,fc16f_00016,32,9667.046763191402,thompson_sampling,2,19551755.821840286
4689,fc16f_00016,33,9917.892725085681,thompson_sampling,2,19551755.821840286
4690,fc16f_00016,34,10548.656545189619,thompson_sampling,2,19551755.821840286
4691,fc16f_00016,35,11337.97381208088,thompson_sampling,2,19551755.821840286
4692,fc16f_00016,36,12967.074598322355,thompson_sampling,2,19551755.821840286
4693,fc16f_00016,37,12836.082171116686,thompson_sampling,2,19551755.821840286
4694,fc16f_00016,38,11294.987449181614,thompson_sampling,2,19551755.821840286
4695,fc16f_00016,39,9744.293981103798,thompson_sampling,2,19551755.821840286
4696,fc16f_00016,40,11203.205703291904,thompson_sampling,2,19551755.821840286
4697,fc16f_00016,41,16339.70476392088,thompson_sampling,2,19551755.821840286
4698,fc16f_00016,42,15177.000024111701,thompson_sampling,2,19551755.821840286
4699,fc16f_00016,43,15757.027336329715,thompson_sampling,2,19551755.821840286
4700,fc16f_00016,44,21410.31822682421,thompson_sampling,2,19551755.821840286
4701,fc16f_00016,45,24817.00356348379,thompson_sampling,2,19551755.821840286
4702,fc16f_00016,46,24314.4503015899,thompson_sampling,2,19551755.821840286
4703,fc16f_00016,47,24682.378651718976,thompson_sampling,2,19551755.821840286
4704,fc16f_00016,48,17712.835079680182,thompson_sampling,2,19551755.821840286
4705,fc16f_00016,49,30619.993322833918,thompson_sampling,2,19551755.821840286
4706,fc16f_00016,50,33551.98678814615,thompson_sampling,2,19551755.821840286
4707,fc16f_00016,51,34761.94665861081,thompson_sampling,2,19551755.821840286
4708,fc16f_00016,52,29831.6536338318,thompson_sampling,2,19551755.821840286
4709,fc16f_00016,53,27705.85672637217,thompson_sampling,2,19551755.821840286
4710,fc16f_00016,54,28514.698828930832,thompson_sampling,2,19551755.821840286
4711,fc16f_00016,55,27245.779453616982,thompson_sampling,2,19551755.821840286
4712,fc16f_00016,56,23518.068231349098,thompson_sampling,2,19551755.821840286
4713,fc16f_00016,57,24025.723829047543,thompson_sampling,2,19551755.821840286
4714,fc16f_00016,58,24017.172633616603,thompson_sampling,2,19551755.821840286
4715,fc16f_00016,59,28264.34699584602,thompson_sampling,2,19551755.821840286
4716,fc16f_00016,60,25221.160232767095,thompson_sampling,2,19551755.821840286
4717,fc16f_00016,61,25263.13361751511,thompson_sampling,2,19551755.821840286
4718,fc16f_00016,62,25269.274582773985,thompson_sampling,2,19551755.821840286
4719,fc16f_00016,63,24256.804921750565,thompson_sampling,2,19551755.821840286
4720,fc16f_00016,64,27611.911601731415,thompson_sampling,2,19551755.821840286
4721,fc16f_00016,65,30066.03000584795,thompson_sampling,2,19551755.821840286
4722,fc16f_00016,66,30551.135763690247,thompson_sampling,2,19551755.821840286
4723,fc16f_00016,67,30816.941367622,thompson_sampling,2,19551755.821840286
4724,fc16f_00016,68,32824.557967041794,thompson_sampling,2,19551755.821840286
4725,fc16f_00016,69,35648.789294171605,thompson_sampling,2,19551755.821840286
4726,fc16f_00016,70,36187.83510681384,thompson_sampling,2,19551755.821840286
4727,fc16f_00016,71,33635.31816544466,thompson_sampling,2,19551755.821840286
4728,fc16f_00016,72,30776.084552857814,thompson_sampling,2,19551755.821840286
4729,fc16f_00016,73,29110.476426335485,thompson_sampling,2,19551755.821840286
4730,fc16f_00016,74,29194.940342751826,thompson_sampling,2,19551755.821840286
4731,fc16f_00016,75,26842.011160854214,thompson_sampling,2,19551755.821840286
4732,fc16f_00016,76,29980.559078622366,thompson_sampling,2,19551755.821840286
4733,fc16f_00016,77,30867.37081954262,thompson_sampling,2,19551755.821840286
4734,fc16f_00016,78,28731.061416134195,thompson_sampling,2,19551755.821840286
4735,fc16f_00016,79,28102.210003341945,thompson_sampling,2,19551755.821840286
4736,fc16f_00016,80,33093.05671921873,thompson_sampling,2,19551755.821840286
4737,fc16f_00016,81,27477.257888092696,thompson_sampling,2,19551755.821840286
4738,fc16f_00016,82,23723.401259500453,thompson_sampling,2,19551755.821840286
4739,fc16f_00016,83,20308.003308408668,thompson_sampling,2,19551755.821840286
4740,fc16f_00016,84,22684.54552863289,thompson_sampling,2,19551755.821840286
4741,fc16f_00016,85,22141.953219145707,thompson_sampling,2,19551755.821840286
4742,fc16f_00016,86,22193.61768749084,thompson_sampling,2,19551755.821840286
4743,fc16f_00016,87,22320.169517449518,thompson_sampling,2,19551755.821840286
4744,fc16f_00016,88,22294.799455480505,thompson_sampling,2,19551755.821840286
4745,fc16f_00016,89,22209.71520196946,thompson_sampling,2,19551755.821840286
4746,fc16f_00016,90,22225.645279030894,thompson_sampling,2,19551755.821840286
4747,fc16f_00016,91,23143.763768684104,thompson_sampling,2,19551755.821840286
4748,fc16f_00016,92,22880.114912268356,thompson_sampling,2,19551755.821840286
4749,fc16f_00016,93,22649.827026922703,thompson_sampling,2,19551755.821840286
4750,fc16f_00016,94,21703.235711993504,thompson_sampling,2,19551755.821840286
4751,fc16f_00016,95,22250.497565256464,thompson_sampling,2,19551755.821840286
4752,fc16f_00016,96,22075.636935944407,thompson_sampling,2,19551755.821840286
4753,fc16f_00016,97,22722.966195919766,thompson_sampling,2,19551755.821840286
4754,fc16f_00016,98,24756.459096664814,thompson_sampling,2,19551755.821840286
4755,fc16f_00016,99,32001.1934584791,thompson_sampling,2,19551755.821840286
4756,fc16f_00016,100,31925.674215934472,thompson_sampling,2,19551755.821840286
4757,fc16f_00016,101,32052.66419452821,thompson_sampling,2,19551755.821840286
4758,fc16f_00016,102,36763.36534547896,thompson_sampling,2,19551755.821840286
4759,fc16f_00016,103,37310.17857789898,thompson_sampling,2,19551755.821840286
4760,fc16f_00016,104,42907.36848932425,thompson_sampling,2,19551755.821840286
4761,fc16f_00016,105,46177.60758153049,thompson_sampling,2,19551755.821840286
4762,fc16f_00016,106,49560.32687705187,thompson_sampling,2,19551755.821840286
4763,fc16f_00016,107,65355.94408220757,thompson_sampling,2,19551755.821840286
4764,fc16f_00016,108,50791.990579341444,thompson_sampling,2,19551755.821840286
4765,fc16f_00016,109,51166.730177858655,thompson_sampling,2,19551755.821840286
4766,fc16f_00016,110,44391.624859164825,thompson_sampling,2,19551755.821840286
4767,fc16f_00016,111,44057.9123162888,thompson_sampling,2,19551755.821840286
4768,fc16f_00016,112,44716.16824004883,thompson_sampling,2,19551755.821840286
4769,fc16f_00016,113,49026.925707080736,thompson_sampling,2,19551755.821840286
4770,fc16f_00016,114,48662.58940180046,thompson_sampling,2,19551755.821840286
4771,fc16f_00016,115,49256.16629219705,thompson_sampling,2,19551755.821840286
4772,fc16f_00016,116,49733.201459347896,thompson_sampling,2,19551755.821840286
4773,fc16f_00016,117,45459.77058339978,thompson_sampling,2,19551755.821840286
4774,fc16f_00016,118,46096.98747737902,thompson_sampling,2,19551755.821840286
4775,fc16f_00016,119,45792.12022234293,thompson_sampling,2,19551755.821840286
4776,fc16f_00016,120,46243.99937974459,thompson_sampling,2,19551755.821840286
4777,fc16f_00016,121,47475.264419345716,thompson_sampling,2,19551755.821840286
4778,fc16f_00016,122,45716.43544921792,thompson_sampling,2,19551755.821840286
4779,fc16f_00016,123,45209.85297923361,thompson_sampling,2,19551755.821840286
4780,fc16f_00016,124,48298.89067549898,thompson_sampling,2,19551755.821840286
4781,fc16f_00016,125,48323.2523945773,thompson_sampling,2,19551755.821840286
4782,fc16f_00016,126,48631.72266364892,thompson_sampling,2,19551755.821840286
4783,fc16f_00016,127,48811.647827445064,thompson_sampling,2,19551755.821840286
4784,fc16f_00016,128,49370.00463559412,thompson_sampling,2,19551755.821840286
4785,fc16f_00016,129,69770.22423562683,thompson_sampling,2,19551755.821840286
4786,fc16f_00016,130,71362.27541736682,thompson_sampling,2,19551755.821840286
4787,fc16f_00016,131,70776.95525171405,thompson_sampling,2,19551755.821840286
4788,fc16f_00016,132,71086.2317413038,thompson_sampling,2,19551755.821840286
4789,fc16f_00016,133,74451.82591670204,thompson_sampling,2,19551755.821840286
4790,fc16f_00016,134,74120.86875007427,thompson_sampling,2,19551755.821840286
4791,fc16f_00016,135,65933.70027646441,thompson_sampling,2,19551755.821840286
4792,fc16f_00016,136,66594.81025120681,thompson_sampling,2,19551755.821840286
4793,fc16f_00016,137,64393.175390699354,thompson_sampling,2,19551755.821840286
4794,fc16f_00016,138,66332.6647734538,thompson_sampling,2,19551755.821840286
4795,fc16f_00016,139,69730.81898472174,thompson_sampling,2,19551755.821840286
4796,fc16f_00016,140,71505.6029652997,thompson_sampling,2,19551755.821840286
4797,fc16f_00016,141,69266.04657045202,thompson_sampling,2,19551755.821840286
4798,fc16f_00016,142,63346.69847838262,thompson_sampling,2,19551755.821840286
4799,fc16f_00016,143,66082.8779939661,thompson_sampling,2,19551755.821840286
4800,fc16f_00016,144,65994.05578496792,thompson_sampling,2,19551755.821840286
4801,fc16f_00016,145,66713.27075178252,thompson_sampling,2,19551755.821840286
4802,fc16f_00016,146,68198.47705523203,thompson_sampling,2,19551755.821840286
4803,fc16f_00016,147,67347.67834396084,thompson_sampling,2,19551755.821840286
4804,fc16f_00016,148,67238.34578387797,thompson_sampling,2,19551755.821840286
4805,fc16f_00016,149,73520.98879524767,thompson_sampling,2,19551755.821840286
4806,fc16f_00016,150,91455.60989982323,thompson_sampling,2,19551755.821840286
4807,fc16f_00016,151,95380.81439686587,thompson_sampling,2,19551755.821840286
4808,fc16f_00016,152,90041.67848950223,thompson_sampling,2,19551755.821840286
4809,fc16f_00016,153,89607.16324525233,thompson_sampling,2,19551755.821840286
4810,fc16f_00016,154,90514.46474314932,thompson_sampling,2,19551755.821840286
4811,fc16f_00016,155,87720.44825068356,thompson_sampling,2,19551755.821840286
4812,fc16f_00016,156,85977.34474946099,thompson_sampling,2,19551755.821840286
4813,fc16f_00016,157,63587.437387658545,thompson_sampling,2,19551755.821840286
4814,fc16f_00016,158,63653.335322284096,thompson_sampling,2,19551755.821840286
4815,fc16f_00016,159,68459.86642981149,thompson_sampling,2,19551755.821840286
4816,fc16f_00016,160,69913.95717047523,thompson_sampling,2,19551755.821840286
4817,fc16f_00016,161,69758.21322519517,thompson_sampling,2,19551755.821840286
4818,fc16f_00016,162,74637.14228051045,thompson_sampling,2,19551755.821840286
4819,fc16f_00016,163,76932.2415069252,thompson_sampling,2,19551755.821840286
4820,fc16f_00016,164,76478.5379780932,thompson_sampling,2,19551755.821840286
4821,fc16f_00016,165,72939.01620142761,thompson_sampling,2,19551755.821840286
4822,fc16f_00016,166,73713.53445443547,thompson_sampling,2,19551755.821840286
4823,fc16f_00016,167,77673.0926224503,thompson_sampling,2,19551755.821840286
4824,fc16f_00016,168,76935.62239590602,thompson_sampling,2,19551755.821840286
4825,fc16f_00016,169,82426.46108122577,thompson_sampling,2,19551755.821840286
4826,fc16f_00016,170,92124.56028989302,thompson_sampling,2,19551755.821840286
4827,fc16f_00016,171,89764.67528135498,thompson_sampling,2,19551755.821840286
4828,fc16f_00016,172,92178.40538753643,thompson_sampling,2,19551755.821840286
4829,fc16f_00016,173,84157.6315143252,thompson_sampling,2,19551755.821840286
4830,fc16f_00016,174,90686.04856024396,thompson_sampling,2,19551755.821840286
4831,fc16f_00016,175,90639.59719460006,thompson_sampling,2,19551755.821840286
4832,fc16f_00016,176,91830.09830930064,thompson_sampling,2,19551755.821840286
4833,fc16f_00016,177,91125.07641543237,thompson_sampling,2,19551755.821840286
4834,fc16f_00016,178,92971.83784673274,thompson_sampling,2,19551755.821840286
4835,fc16f_00016,179,92498.62830581807,thompson_sampling,2,19551755.821840286
4836,fc16f_00016,180,95784.00718407238,thompson_sampling,2,19551755.821840286
4837,fc16f_00016,181,94493.03671781311,thompson_sampling,2,19551755.821840286
4838,fc16f_00016,182,94505.29864429083,thompson_sampling,2,19551755.821840286
4839,fc16f_00016,183,96443.26490469858,thompson_sampling,2,19551755.821840286
4840,fc16f_00016,184,92303.15477377058,thompson_sampling,2,19551755.821840286
4841,fc16f_00016,185,75872.45848212185,thompson_sampling,2,19551755.821840286
4842,fc16f_00016,186,76685.41782764155,thompson_sampling,2,19551755.821840286
4843,fc16f_00016,187,78418.25051335916,thompson_sampling,2,19551755.821840286
4844,fc16f_00016,188,77144.25083741291,thompson_sampling,2,19551755.821840286
4845,fc16f_00016,189,78522.28509147477,thompson_sampling,2,19551755.821840286
4846,fc16f_00016,190,78705.44260311275,thompson_sampling,2,19551755.821840286
4847,fc16f_00016,191,87303.70919958882,thompson_sampling,2,19551755.821840286
4848,fc16f_00016,192,98528.72367717157,thompson_sampling,2,19551755.821840286
4849,fc16f_00016,193,97934.9264868861,thompson_sampling,2,19551755.821840286
4850,fc16f_00016,194,101414.22916355438,thompson_sampling,2,19551755.821840286
4851,fc16f_00016,195,127381.58701471833,thompson_sampling,2,19551755.821840286
4852,fc16f_00016,196,124379.90847737447,thompson_sampling,2,19551755.821840286
4853,fc16f_00016,197,124841.60432536795,thompson_sampling,2,19551755.821840286
4854,fc16f_00016,198,136256.75413918964,thompson_sampling,2,19551755.821840286
4855,fc16f_00016,199,137908.99896747476,thompson_sampling,2,19551755.821840286
4856,fc16f_00016,200,122834.64785450429,thompson_sampling,2,19551755.821840286
4857,fc16f_00016,201,132448.0159108344,thompson_sampling,2,19551755.821840286
4858,fc16f_00016,202,137480.16248879398,thompson_sampling,2,19551755.821840286
4859,fc16f_00016,203,137745.97672804075,thompson_sampling,2,19551755.821840286
4860,fc16f_00016,204,153581.4608196305,thompson_sampling,2,19551755.821840286
4861,fc16f_00016,205,154836.99406539963,thompson_sampling,2,19551755.821840286
4862,fc16f_00016,206,166425.05090931483,thompson_sampling,2,19551755.821840286
4863,fc16f_00016,207,166166.75713234744,thompson_sampling,2,19551755.821840286
4864,fc16f_00016,208,168095.89770106226,thompson_sampling,2,19551755.821840286
4865,fc16f_00016,209,168210.44093716156,thompson_sampling,2,19551755.821840286
4866,fc16f_00016,210,168717.9039890399,thompson_sampling,2,19551755.821840286
4867,fc16f_00016,211,160621.00463559575,thompson_sampling,2,19551755.821840286
4868,fc16f_00016,212,153445.44714454777,thompson_sampling,2,19551755.821840286
4869,fc16f_00016,213,166879.89262092573,thompson_sampling,2,19551755.821840286
4870,fc16f_00016,214,163667.43851807,thompson_sampling,2,19551755.821840286
4871,fc16f_00016,215,166070.69568550948,thompson_sampling,2,19551755.821840286
4872,fc16f_00016,216,157833.11026506522,thompson_sampling,2,19551755.821840286
4873,fc16f_00016,217,158104.46613977957,thompson_sampling,2,19551755.821840286
4874,fc16f_00016,218,131850.448474105,thompson_sampling,2,19551755.821840286
4875,fc16f_00016,219,123257.59696407887,thompson_sampling,2,19551755.821840286
4876,fc16f_00016,220,116761.10435186679,thompson_sampling,2,19551755.821840286
4877,fc16f_00016,221,116294.23805783814,thompson_sampling,2,19551755.821840286
4878,fc16f_00016,222,113435.63573791202,thompson_sampling,2,19551755.821840286
4879,fc16f_00016,223,122458.10041581486,thompson_sampling,2,19551755.821840286
4880,fc16f_00016,224,151614.37233520098,thompson_sampling,2,19551755.821840286
4881,fc16f_00016,225,129691.29923153431,thompson_sampling,2,19551755.821840286
4882,fc16f_00016,226,125274.97706038695,thompson_sampling,2,19551755.821840286
4883,fc16f_00016,227,124832.22131060988,thompson_sampling,2,19551755.821840286
4884,fc16f_00016,228,132414.88384636136,thompson_sampling,2,19551755.821840286
4885,fc16f_00016,229,142017.81341335457,thompson_sampling,2,19551755.821840286
4886,fc16f_00016,230,147967.78641092376,thompson_sampling,2,19551755.821840286
4887,fc16f_00016,231,147395.1178853094,thompson_sampling,2,19551755.821840286
4888,fc16f_00016,232,151306.13930422167,thompson_sampling,2,19551755.821840286
4889,fc16f_00016,233,149126.05120331957,thompson_sampling,2,19551755.821840286
4890,fc16f_00016,234,149275.68741258408,thompson_sampling,2,19551755.821840286
4891,fc16f_00016,235,118679.6261941682,thompson_sampling,2,19551755.821840286
4892,fc16f_00016,236,118227.91497351394,thompson_sampling,2,19551755.821840286
4893,fc16f_00016,237,113379.82887343338,thompson_sampling,2,19551755.821840286
4894,fc16f_00016,238,115887.42608389014,thompson_sampling,2,19551755.821840286
4895,fc16f_00016,239,112258.63939075515,thompson_sampling,2,19551755.821840286
4896,fc16f_00016,240,105585.05149405994,thompson_sampling,2,19551755.821840286
4897,fc16f_00016,241,111940.09658562264,thompson_sampling,2,19551755.821840286
4898,fc16f_00016,242,125640.97436287845,thompson_sampling,2,19551755.821840286
4899,fc16f_00016,243,127132.45850347025,thompson_sampling,2,19551755.821840286
4900,fc16f_00016,244,131606.52095683312,thompson_sampling,2,19551755.821840286
4901,fc16f_00016,245,130372.11407487642,thompson_sampling,2,19551755.821840286
4902,fc16f_00016,246,128714.09630746827,thompson_sampling,2,19551755.821840286
4903,fc16f_00016,247,118460.18035558067,thompson_sampling,2,19551755.821840286
4904,fc16f_00016,248,116733.48219551517,thompson_sampling,2,19551755.821840286
4905,fc16f_00016,249,114138.57999384277,thompson_sampling,2,19551755.821840286
4906,fc16f_00016,250,93295.22387390616,thompson_sampling,2,19551755.821840286
4907,fc16f_00016,251,90292.36986228386,thompson_sampling,2,19551755.821840286
4908,fc16f_00016,252,90797.7907077628,thompson_sampling,2,19551755.821840286
4909,fc16f_00016,253,102675.47496305624,thompson_sampling,2,19551755.821840286
4910,fc16f_00016,254,101052.4364914149,thompson_sampling,2,19551755.821840286
4911,fc16f_00016,255,92751.08285264354,thompson_sampling,2,19551755.821840286
4912,fc16f_00016,256,90949.33065545451,thompson_sampling,2,19551755.821840286
4913,fc16f_00016,257,90824.32199085478,thompson_sampling,2,19551755.821840286
4914,fc16f_00016,258,88088.23364579238,thompson_sampling,2,19551755.821840286
4915,fc16f_00016,259,75999.35565005471,thompson_sampling,2,19551755.821840286
4916,fc16f_00016,260,85094.3468988448,thompson_sampling,2,19551755.821840286
4917,fc16f_00016,261,81615.80943371404,thompson_sampling,2,19551755.821840286
4918,fc16f_00016,262,83688.56878062151,thompson_sampling,2,19551755.821840286
4919,fc16f_00016,263,144769.65145455877,thompson_sampling,2,19551755.821840286
4920,fc16f_00016,264,117298.70107480363,thompson_sampling,2,19551755.821840286
4921,fc16f_00016,265,102906.97398208955,thompson_sampling,2,19551755.821840286
4922,fc16f_00016,266,91136.54937186484,thompson_sampling,2,19551755.821840286
4923,fc16f_00016,267,90585.83231083644,thompson_sampling,2,19551755.821840286
4924,fc16f_00016,268,89275.09821527332,thompson_sampling,2,19551755.821840286
4925,fc16f_00016,269,88248.47788062917,thompson_sampling,2,19551755.821840286
4926,fc16f_00016,270,92255.33569424291,thompson_sampling,2,19551755.821840286
4927,fc16f_00016,271,88449.7392593977,thompson_sampling,2,19551755.821840286
4928,fc16f_00016,272,87847.98597210208,thompson_sampling,2,19551755.821840286
4929,fc16f_00016,273,75738.67506241395,thompson_sampling,2,19551755.821840286
4930,fc16f_00016,274,72352.39850857743,thompson_sampling,2,19551755.821840286
4931,fc16f_00016,275,71758.94520796572,thompson_sampling,2,19551755.821840286
4932,fc16f_00016,276,73396.43070148535,thompson_sampling,2,19551755.821840286
4933,fc16f_00016,277,72615.94099492212,thompson_sampling,2,19551755.821840286
4934,fc16f_00016,278,71258.59610987324,thompson_sampling,2,19551755.821840286
4935,fc16f_00016,279,73273.62531444091,thompson_sampling,2,19551755.821840286
4936,fc16f_00016,280,71308.60538708455,thompson_sampling,2,19551755.821840286
4937,fc16f_00016,281,68728.59918926386,thompson_sampling,2,19551755.821840286
4938,fc16f_00016,282,73998.40297150845,thompson_sampling,2,19551755.821840286
4939,fc16f_00016,283,71615.77122456497,thompson_sampling,2,19551755.821840286
4940,fc16f_00016,284,76138.45371291076,thompson_sampling,2,19551755.821840286
4941,fc16f_00016,285,85024.10206631996,thompson_sampling,2,19551755.821840286
4942,fc16f_00016,286,84871.31141571414,thompson_sampling,2,19551755.821840286
4943,fc16f_00016,287,87185.62013953718,thompson_sampling,2,19551755.821840286
4944,fc16f_00016,288,76965.41547272893,thompson_sampling,2,19551755.821840286
4945,fc16f_00016,289,75253.83690977373,thompson_sampling,2,19551755.821840286
4946,fc16f_00016,290,65363.12507050622,thompson_sampling,2,19551755.821840286
4947,fc16f_00017,0,16949.55331308599,thompson_sampling,3,18465837.92214214
4948,fc16f_00017,1,13582.482908757573,thompson_sampling,3,18465837.92214214
4949,fc16f_00017,2,7156.6119715490795,thompson_sampling,3,18465837.92214214
4950,fc16f_00017,3,7361.915849706957,thompson_sampling,3,18465837.92214214
4951,fc16f_00017,4,7295.896174004683,thompson_sampling,3,18465837.92214214
4952,fc16f_00017,5,6837.853732186428,thompson_sampling,3,18465837.92214214
4953,fc16f_00017,6,7415.926730562992,thompson_sampling,3,18465837.92214214
4954,fc16f_00017,7,7304.274437210497,thompson_sampling,3,18465837.92214214
4955,fc16f_00017,8,6997.1060472174295,thompson_sampling,3,18465837.92214214
4956,fc16f_00017,9,10438.247873362003,thompson_sampling,3,18465837.92214214
4957,fc16f_00017,10,11205.24635091153,thompson_sampling,3,18465837.92214214
4958,fc16f_00017,11,11105.514825037979,thompson_sampling,3,18465837.92214214
4959,fc16f_00017,12,10834.787992929301,thompson_sampling,3,18465837.92214214
4960,fc16f_00017,13,10790.115821150588,thompson_sampling,3,18465837.92214214
4961,fc16f_00017,14,10192.422858742964,thompson_sampling,3,18465837.92214214
4962,fc16f_00017,15,10814.74240839911,thompson_sampling,3,18465837.92214214
4963,fc16f_00017,16,10829.073421736324,thompson_sampling,3,18465837.92214214
4964,fc16f_00017,17,10768.744269332441,thompson_sampling,3,18465837.92214214
4965,fc16f_00017,18,10794.23100584349,thompson_sampling,3,18465837.92214214
4966,fc16f_00017,19,10414.61789782982,thompson_sampling,3,18465837.92214214
4967,fc16f_00017,20,10262.22683946696,thompson_sampling,3,18465837.92214214
4968,fc16f_00017,21,9774.39011020829,thompson_sampling,3,18465837.92214214
4969,fc16f_00017,22,9823.159648718349,thompson_sampling,3,18465837.92214214
4970,fc16f_00017,23,10140.465399934577,thompson_sampling,3,18465837.92214214
4971,fc16f_00017,24,13031.218896533446,thompson_sampling,3,18465837.92214214
4972,fc16f_00017,25,12804.098900634714,thompson_sampling,3,18465837.92214214
4973,fc16f_00017,26,12870.667694093792,thompson_sampling,3,18465837.92214214
4974,fc16f_00017,27,13218.75771357855,thompson_sampling,3,18465837.92214214
4975,fc16f_00017,28,14177.083168162722,thompson_sampling,3,18465837.92214214
4976,fc16f_00017,29,12702.490483136917,thompson_sampling,3,18465837.92214214
4977,fc16f_00017,30,12581.776465783732,thompson_sampling,3,18465837.92214214
4978,fc16f_00017,31,12659.410410989693,thompson_sampling,3,18465837.92214214
4979,fc16f_00017,32,23080.40938979228,thompson_sampling,3,18465837.92214214
4980,fc16f_00017,33,24045.48761486349,thompson_sampling,3,18465837.92214214
4981,fc16f_00017,34,25347.749999977685,thompson_sampling,3,18465837.92214214
4982,fc16f_00017,35,25312.84289951544,thompson_sampling,3,18465837.92214214
4983,fc16f_00017,36,25139.871611769122,thompson_sampling,3,18465837.92214214
4984,fc16f_00017,37,21869.580138572514,thompson_sampling,3,18465837.92214214
4985,fc16f_00017,38,22009.990330794208,thompson_sampling,3,18465837.92214214
4986,fc16f_00017,39,24656.161356713943,thompson_sampling,3,18465837.92214214
4987,fc16f_00017,40,28159.18383199259,thompson_sampling,3,18465837.92214214
4988,fc16f_00017,41,27745.731790276845,thompson_sampling,3,18465837.92214214
4989,fc16f_00017,42,27867.253713936163,thompson_sampling,3,18465837.92214214
4990,fc16f_00017,43,27104.49280744573,thompson_sampling,3,18465837.92214214
4991,fc16f_00017,44,25827.952002029135,thompson_sampling,3,18465837.92214214
4992,fc16f_00017,45,25313.936235724286,thompson_sampling,3,18465837.92214214
4993,fc16f_00017,46,26449.91261011154,thompson_sampling,3,18465837.92214214
4994,fc16f_00017,47,25627.07893319596,thompson_sampling,3,18465837.92214214
4995,fc16f_00017,48,28823.206010020287,thompson_sampling,3,18465837.92214214
4996,fc16f_00017,49,30640.874744359135,thompson_sampling,3,18465837.92214214
4997,fc16f_00017,50,27303.403558296046,thompson_sampling,3,18465837.92214214
4998,fc16f_00017,51,28106.24252726468,thompson_sampling,3,18465837.92214214
4999,fc16f_00017,52,26049.327755935694,thompson_sampling,3,18465837.92214214
5000,fc16f_00017,53,26022.27468995457,thompson_sampling,3,18465837.92214214
5001,fc16f_00017,54,25670.202348999883,thompson_sampling,3,18465837.92214214
5002,fc16f_00017,55,37825.44535142257,thompson_sampling,3,18465837.92214214
5003,fc16f_00017,56,40121.58069124988,thompson_sampling,3,18465837.92214214
5004,fc16f_00017,57,40119.70231323075,thompson_sampling,3,18465837.92214214
5005,fc16f_00017,58,40135.570920134836,thompson_sampling,3,18465837.92214214
5006,fc16f_00017,59,41347.45110722222,thompson_sampling,3,18465837.92214214
5007,fc16f_00017,60,42755.02956319034,thompson_sampling,3,18465837.92214214
5008,fc16f_00017,61,40725.98357827605,thompson_sampling,3,18465837.92214214
5009,fc16f_00017,62,41001.688443239735,thompson_sampling,3,18465837.92214214
5010,fc16f_00017,63,35709.54291085783,thompson_sampling,3,18465837.92214214
5011,fc16f_00017,64,28949.485763408942,thompson_sampling,3,18465837.92214214
5012,fc16f_00017,65,29973.6736926124,thompson_sampling,3,18465837.92214214
5013,fc16f_00017,66,40931.405171049584,thompson_sampling,3,18465837.92214214
5014,fc16f_00017,67,40841.85541326354,thompson_sampling,3,18465837.92214214
5015,fc16f_00017,68,42059.038206910715,thompson_sampling,3,18465837.92214214
5016,fc16f_00017,69,38558.8608636941,thompson_sampling,3,18465837.92214214
5017,fc16f_00017,70,38422.58417699288,thompson_sampling,3,18465837.92214214
5018,fc16f_00017,71,39846.84338418443,thompson_sampling,3,18465837.92214214
5019,fc16f_00017,72,37972.164757284394,thompson_sampling,3,18465837.92214214
5020,fc16f_00017,73,38367.37354279621,thompson_sampling,3,18465837.92214214
5021,fc16f_00017,74,37073.884159101966,thompson_sampling,3,18465837.92214214
5022,fc16f_00017,75,41843.70432487254,thompson_sampling,3,18465837.92214214
5023,fc16f_00017,76,36171.85396895416,thompson_sampling,3,18465837.92214214
5024,fc16f_00017,77,37430.897208529,thompson_sampling,3,18465837.92214214
5025,fc16f_00017,78,37824.53464113408,thompson_sampling,3,18465837.92214214
5026,fc16f_00017,79,38071.960593273485,thompson_sampling,3,18465837.92214214
5027,fc16f_00017,80,36922.04048675263,thompson_sampling,3,18465837.92214214
5028,fc16f_00017,81,36816.00210200778,thompson_sampling,3,18465837.92214214
5029,fc16f_00017,82,35520.36718681017,thompson_sampling,3,18465837.92214214
5030,fc16f_00017,83,35772.28295392042,thompson_sampling,3,18465837.92214214
5031,fc16f_00017,84,36184.78488946694,thompson_sampling,3,18465837.92214214
5032,fc16f_00017,85,32253.246490755202,thompson_sampling,3,18465837.92214214
5033,fc16f_00017,86,39606.81315652521,thompson_sampling,3,18465837.92214214
5034,fc16f_00017,87,53104.51288519442,thompson_sampling,3,18465837.92214214
5035,fc16f_00017,88,48224.977134492015,thompson_sampling,3,18465837.92214214
5036,fc16f_00017,89,42506.618384496374,thompson_sampling,3,18465837.92214214
5037,fc16f_00017,90,42537.24863380105,thompson_sampling,3,18465837.92214214
5038,fc16f_00017,91,42697.44554840661,thompson_sampling,3,18465837.92214214
5039,fc16f_00017,92,42280.42390374919,thompson_sampling,3,18465837.92214214
5040,fc16f_00017,93,42103.25909522688,thompson_sampling,3,18465837.92214214
5041,fc16f_00017,94,44394.82350978979,thompson_sampling,3,18465837.92214214
5042,fc16f_00017,95,48532.89217487522,thompson_sampling,3,18465837.92214214
5043,fc16f_00017,96,46486.274360911295,thompson_sampling,3,18465837.92214214
5044,fc16f_00017,97,38284.56576385316,thompson_sampling,3,18465837.92214214
5045,fc16f_00017,98,37344.316310429305,thompson_sampling,3,18465837.92214214
5046,fc16f_00017,99,37473.76549576044,thompson_sampling,3,18465837.92214214
5047,fc16f_00017,100,36304.94823017967,thompson_sampling,3,18465837.92214214
5048,fc16f_00017,101,35795.37046924974,thompson_sampling,3,18465837.92214214
5049,fc16f_00017,102,34869.34302363653,thompson_sampling,3,18465837.92214214
5050,fc16f_00017,103,34852.16947722724,thompson_sampling,3,18465837.92214214
5051,fc16f_00017,104,35089.00894654894,thompson_sampling,3,18465837.92214214
5052,fc16f_00017,105,37493.75018997805,thompson_sampling,3,18465837.92214214
5053,fc16f_00017,106,36656.696988177486,thompson_sampling,3,18465837.92214214
5054,fc16f_00017,107,35987.00878460385,thompson_sampling,3,18465837.92214214
5055,fc16f_00017,108,37665.06787387883,thompson_sampling,3,18465837.92214214
5056,fc16f_00017,109,42124.22367665688,thompson_sampling,3,18465837.92214214
5057,fc16f_00017,110,40254.348783806556,thompson_sampling,3,18465837.92214214
5058,fc16f_00017,111,40443.6955026875,thompson_sampling,3,18465837.92214214
5059,fc16f_00017,112,39911.481308079696,thompson_sampling,3,18465837.92214214
5060,fc16f_00017,113,39520.12653642837,thompson_sampling,3,18465837.92214214
5061,fc16f_00017,114,39139.22075193033,thompson_sampling,3,18465837.92214214
5062,fc16f_00017,115,42976.93867945019,thompson_sampling,3,18465837.92214214
5063,fc16f_00017,116,41701.14802310817,thompson_sampling,3,18465837.92214214
5064,fc16f_00017,117,42609.99846412126,thompson_sampling,3,18465837.92214214
5065,fc16f_00017,118,43731.39454303595,thompson_sampling,3,18465837.92214214
5066,fc16f_00017,119,45525.32449669777,thompson_sampling,3,18465837.92214214
5067,fc16f_00017,120,45326.73603415968,thompson_sampling,3,18465837.92214214
5068,fc16f_00017,121,46030.262803416656,thompson_sampling,3,18465837.92214214
5069,fc16f_00017,122,46957.60711201339,thompson_sampling,3,18465837.92214214
5070,fc16f_00017,123,46701.02786768079,thompson_sampling,3,18465837.92214214
5071,fc16f_00017,124,46583.676214647305,thompson_sampling,3,18465837.92214214
5072,fc16f_00017,125,45638.31316805275,thompson_sampling,3,18465837.92214214
5073,fc16f_00017,126,45707.83418222323,thompson_sampling,3,18465837.92214214
5074,fc16f_00017,127,43839.44467941423,thompson_sampling,3,18465837.92214214
5075,fc16f_00017,128,46121.92582930974,thompson_sampling,3,18465837.92214214
5076,fc16f_00017,129,46479.31752619395,thompson_sampling,3,18465837.92214214
5077,fc16f_00017,130,46973.88327083332,thompson_sampling,3,18465837.92214214
5078,fc16f_00017,131,60662.45425117235,thompson_sampling,3,18465837.92214214
5079,fc16f_00017,132,63224.7310043606,thompson_sampling,3,18465837.92214214
5080,fc16f_00017,133,63861.22307875307,thompson_sampling,3,18465837.92214214
5081,fc16f_00017,134,59233.54243820256,thompson_sampling,3,18465837.92214214
5082,fc16f_00017,135,62162.056368065394,thompson_sampling,3,18465837.92214214
5083,fc16f_00017,136,64597.12630032475,thompson_sampling,3,18465837.92214214
5084,fc16f_00017,137,71910.2844146595,thompson_sampling,3,18465837.92214214
5085,fc16f_00017,138,70788.42395847842,thompson_sampling,3,18465837.92214214
5086,fc16f_00017,139,72344.5040419954,thompson_sampling,3,18465837.92214214
5087,fc16f_00017,140,74141.05631529534,thompson_sampling,3,18465837.92214214
5088,fc16f_00017,141,74515.9429742392,thompson_sampling,3,18465837.92214214
5089,fc16f_00017,142,74135.21935086358,thompson_sampling,3,18465837.92214214
5090,fc16f_00017,143,69107.52287127472,thompson_sampling,3,18465837.92214214
5091,fc16f_00017,144,69337.94754680748,thompson_sampling,3,18465837.92214214
5092,fc16f_00017,145,69969.77954693261,thompson_sampling,3,18465837.92214214
5093,fc16f_00017,146,72903.74080915119,thompson_sampling,3,18465837.92214214
5094,fc16f_00017,147,74553.56666491444,thompson_sampling,3,18465837.92214214
5095,fc16f_00017,148,74398.22937993887,thompson_sampling,3,18465837.92214214
5096,fc16f_00017,149,70987.12641100312,thompson_sampling,3,18465837.92214214
5097,fc16f_00017,150,71154.8614971663,thompson_sampling,3,18465837.92214214
5098,fc16f_00017,151,68768.16985639944,thompson_sampling,3,18465837.92214214
5099,fc16f_00017,152,73417.73933375039,thompson_sampling,3,18465837.92214214
5100,fc16f_00017,153,68874.0473248537,thompson_sampling,3,18465837.92214214
5101,fc16f_00017,154,68234.67212146128,thompson_sampling,3,18465837.92214214
5102,fc16f_00017,155,68702.09200516088,thompson_sampling,3,18465837.92214214
5103,fc16f_00017,156,68614.09566250429,thompson_sampling,3,18465837.92214214
5104,fc16f_00017,157,76574.35673290119,thompson_sampling,3,18465837.92214214
5105,fc16f_00017,158,96504.85961185755,thompson_sampling,3,18465837.92214214
5106,fc16f_00017,159,83915.44393132845,thompson_sampling,3,18465837.92214214
5107,fc16f_00017,160,86337.06298709902,thompson_sampling,3,18465837.92214214
5108,fc16f_00017,161,90316.95200765949,thompson_sampling,3,18465837.92214214
5109,fc16f_00017,162,98962.8698525705,thompson_sampling,3,18465837.92214214
5110,fc16f_00017,163,89097.80498506867,thompson_sampling,3,18465837.92214214
5111,fc16f_00017,164,88949.84752071062,thompson_sampling,3,18465837.92214214
5112,fc16f_00017,165,86859.22363314845,thompson_sampling,3,18465837.92214214
5113,fc16f_00017,166,87534.40417124644,thompson_sampling,3,18465837.92214214
5114,fc16f_00017,167,89006.06803239294,thompson_sampling,3,18465837.92214214
5115,fc16f_00017,168,89583.13538273828,thompson_sampling,3,18465837.92214214
5116,fc16f_00017,169,83413.81280653858,thompson_sampling,3,18465837.92214214
5117,fc16f_00017,170,85259.20890108534,thompson_sampling,3,18465837.92214214
5118,fc16f_00017,171,84571.33532461623,thompson_sampling,3,18465837.92214214
5119,fc16f_00017,172,73643.35571621635,thompson_sampling,3,18465837.92214214
5120,fc16f_00017,173,73800.80454363105,thompson_sampling,3,18465837.92214214
5121,fc16f_00017,174,73792.41012379073,thompson_sampling,3,18465837.92214214
5122,fc16f_00017,175,73932.85810569367,thompson_sampling,3,18465837.92214214
5123,fc16f_00017,176,73948.97546562515,thompson_sampling,3,18465837.92214214
5124,fc16f_00017,177,73946.82781518598,thompson_sampling,3,18465837.92214214
5125,fc16f_00017,178,76432.54352864392,thompson_sampling,3,18465837.92214214
5126,fc16f_00017,179,79471.0280645875,thompson_sampling,3,18465837.92214214
5127,fc16f_00017,180,81776.31377038984,thompson_sampling,3,18465837.92214214
5128,fc16f_00017,181,72592.55740822075,thompson_sampling,3,18465837.92214214
5129,fc16f_00017,182,78091.95812839478,thompson_sampling,3,18465837.92214214
5130,fc16f_00017,183,83712.30436795573,thompson_sampling,3,18465837.92214214
5131,fc16f_00017,184,77049.06498551901,thompson_sampling,3,18465837.92214214
5132,fc16f_00017,185,75109.66869406284,thompson_sampling,3,18465837.92214214
5133,fc16f_00017,186,68874.64887799037,thompson_sampling,3,18465837.92214214
5134,fc16f_00017,187,93526.51195438972,thompson_sampling,3,18465837.92214214
5135,fc16f_00017,188,100765.78989436799,thompson_sampling,3,18465837.92214214
5136,fc16f_00017,189,110536.43025470656,thompson_sampling,3,18465837.92214214
5137,fc16f_00017,190,114848.64112249475,thompson_sampling,3,18465837.92214214
5138,fc16f_00017,191,119255.35128850071,thompson_sampling,3,18465837.92214214
5139,fc16f_00017,192,121846.54459950497,thompson_sampling,3,18465837.92214214
5140,fc16f_00017,193,121025.10919889603,thompson_sampling,3,18465837.92214214
5141,fc16f_00017,194,123676.16066812357,thompson_sampling,3,18465837.92214214
5142,fc16f_00017,195,126896.2386873044,thompson_sampling,3,18465837.92214214
5143,fc16f_00017,196,125576.83259071822,thompson_sampling,3,18465837.92214214
5144,fc16f_00017,197,125852.48019624488,thompson_sampling,3,18465837.92214214
5145,fc16f_00017,198,118706.56815557639,thompson_sampling,3,18465837.92214214
5146,fc16f_00017,199,119049.58417341599,thompson_sampling,3,18465837.92214214
5147,fc16f_00017,200,115438.01898834655,thompson_sampling,3,18465837.92214214
5148,fc16f_00017,201,97769.38107447624,thompson_sampling,3,18465837.92214214
5149,fc16f_00017,202,100964.69061064452,thompson_sampling,3,18465837.92214214
5150,fc16f_00017,203,96886.67453412298,thompson_sampling,3,18465837.92214214
5151,fc16f_00017,204,98925.6511259081,thompson_sampling,3,18465837.92214214
5152,fc16f_00017,205,96999.44716930158,thompson_sampling,3,18465837.92214214
5153,fc16f_00017,206,103360.23258897332,thompson_sampling,3,18465837.92214214
5154,fc16f_00017,207,107178.12910394525,thompson_sampling,3,18465837.92214214
5155,fc16f_00017,208,102201.48601391372,thompson_sampling,3,18465837.92214214
5156,fc16f_00017,209,102189.96976425365,thompson_sampling,3,18465837.92214214
5157,fc16f_00017,210,105519.18253795018,thompson_sampling,3,18465837.92214214
5158,fc16f_00017,211,105854.20589373067,thompson_sampling,3,18465837.92214214
5159,fc16f_00017,212,125241.12137804386,thompson_sampling,3,18465837.92214214
5160,fc16f_00017,213,124996.35075261357,thompson_sampling,3,18465837.92214214
5161,fc16f_00017,214,126845.18358926196,thompson_sampling,3,18465837.92214214
5162,fc16f_00017,215,117464.3140087829,thompson_sampling,3,18465837.92214214
5163,fc16f_00017,216,109906.00923319261,thompson_sampling,3,18465837.92214214
5164,fc16f_00017,217,115658.66758992532,thompson_sampling,3,18465837.92214214
5165,fc16f_00017,218,116192.12300314709,thompson_sampling,3,18465837.92214214
5166,fc16f_00017,219,116276.82246014795,thompson_sampling,3,18465837.92214214
5167,fc16f_00017,220,131019.75925789455,thompson_sampling,3,18465837.92214214
5168,fc16f_00017,221,130373.69883466503,thompson_sampling,3,18465837.92214214
5169,fc16f_00017,222,101028.8291935233,thompson_sampling,3,18465837.92214214
5170,fc16f_00017,223,106607.41502655463,thompson_sampling,3,18465837.92214214
5171,fc16f_00017,224,105924.78839729533,thompson_sampling,3,18465837.92214214
5172,fc16f_00017,225,104424.97790714166,thompson_sampling,3,18465837.92214214
5173,fc16f_00017,226,105181.70268826239,thompson_sampling,3,18465837.92214214
5174,fc16f_00017,227,105972.23633166988,thompson_sampling,3,18465837.92214214
5175,fc16f_00017,228,102175.89840256583,thompson_sampling,3,18465837.92214214
5176,fc16f_00017,229,97831.4161144437,thompson_sampling,3,18465837.92214214
5177,fc16f_00017,230,96617.73967315584,thompson_sampling,3,18465837.92214214
5178,fc16f_00017,231,101802.92053029846,thompson_sampling,3,18465837.92214214
5179,fc16f_00017,232,107239.5860297781,thompson_sampling,3,18465837.92214214
5180,fc16f_00017,233,102153.435968662,thompson_sampling,3,18465837.92214214
5181,fc16f_00017,234,101798.45328087386,thompson_sampling,3,18465837.92214214
5182,fc16f_00017,235,89223.77384393798,thompson_sampling,3,18465837.92214214
5183,fc16f_00017,236,94607.3211189951,thompson_sampling,3,18465837.92214214
5184,fc16f_00017,237,100355.46830041493,thompson_sampling,3,18465837.92214214
5185,fc16f_00017,238,105372.75857025795,thompson_sampling,3,18465837.92214214
5186,fc16f_00017,239,106060.4408771305,thompson_sampling,3,18465837.92214214
5187,fc16f_00017,240,102397.25640489871,thompson_sampling,3,18465837.92214214
5188,fc16f_00017,241,81903.0845665568,thompson_sampling,3,18465837.92214214
5189,fc16f_00017,242,89256.96133168956,thompson_sampling,3,18465837.92214214
5190,fc16f_00017,243,97715.75520693726,thompson_sampling,3,18465837.92214214
5191,fc16f_00017,244,99182.1746440054,thompson_sampling,3,18465837.92214214
5192,fc16f_00017,245,96505.91424060562,thompson_sampling,3,18465837.92214214
5193,fc16f_00017,246,101137.21418760285,thompson_sampling,3,18465837.92214214
5194,fc16f_00017,247,99638.57439265848,thompson_sampling,3,18465837.92214214
5195,fc16f_00017,248,94242.8857069124,thompson_sampling,3,18465837.92214214
5196,fc16f_00017,249,94245.41145550647,thompson_sampling,3,18465837.92214214
5197,fc16f_00017,250,92835.03282504225,thompson_sampling,3,18465837.92214214
5198,fc16f_00017,251,92771.16612754822,thompson_sampling,3,18465837.92214214
5199,fc16f_00017,252,91995.62726381718,thompson_sampling,3,18465837.92214214
5200,fc16f_00017,253,87449.2534653478,thompson_sampling,3,18465837.92214214
5201,fc16f_00017,254,91136.00571025017,thompson_sampling,3,18465837.92214214
5202,fc16f_00017,255,90711.81916826678,thompson_sampling,3,18465837.92214214
5203,fc16f_00017,256,94458.91571584357,thompson_sampling,3,18465837.92214214
5204,fc16f_00017,257,95053.98036351881,thompson_sampling,3,18465837.92214214
5205,fc16f_00017,258,86080.03306970904,thompson_sampling,3,18465837.92214214
5206,fc16f_00017,259,84825.83958928967,thompson_sampling,3,18465837.92214214
5207,fc16f_00017,260,84627.72987547876,thompson_sampling,3,18465837.92214214
5208,fc16f_00017,261,79269.96757510309,thompson_sampling,3,18465837.92214214
5209,fc16f_00017,262,80023.1154868495,thompson_sampling,3,18465837.92214214
5210,fc16f_00017,263,79642.64223225224,thompson_sampling,3,18465837.92214214
5211,fc16f_00017,264,79433.3199834384,thompson_sampling,3,18465837.92214214
5212,fc16f_00017,265,77070.38538310555,thompson_sampling,3,18465837.92214214
5213,fc16f_00017,266,78296.35206110234,thompson_sampling,3,18465837.92214214
5214,fc16f_00017,267,78988.57828976239,thompson_sampling,3,18465837.92214214
5215,fc16f_00017,268,80627.16716418191,thompson_sampling,3,18465837.92214214
5216,fc16f_00017,269,81379.09365472115,thompson_sampling,3,18465837.92214214
5217,fc16f_00017,270,85825.98258209293,thompson_sampling,3,18465837.92214214
5218,fc16f_00017,271,86024.96081386239,thompson_sampling,3,18465837.92214214
5219,fc16f_00017,272,85556.50018377251,thompson_sampling,3,18465837.92214214
5220,fc16f_00017,273,88358.74395437911,thompson_sampling,3,18465837.92214214
5221,fc16f_00017,274,87883.85534063859,thompson_sampling,3,18465837.92214214
5222,fc16f_00017,275,85899.67487969255,thompson_sampling,3,18465837.92214214
5223,fc16f_00017,276,86845.27629822688,thompson_sampling,3,18465837.92214214
5224,fc16f_00017,277,84812.26269304275,thompson_sampling,3,18465837.92214214
5225,fc16f_00017,278,87186.03535347186,thompson_sampling,3,18465837.92214214
5226,fc16f_00017,279,87130.4358803951,thompson_sampling,3,18465837.92214214
5227,fc16f_00017,280,87967.79284392837,thompson_sampling,3,18465837.92214214
5228,fc16f_00017,281,88454.70112842327,thompson_sampling,3,18465837.92214214
5229,fc16f_00017,282,86200.81690600846,thompson_sampling,3,18465837.92214214
5230,fc16f_00017,283,88981.75050444444,thompson_sampling,3,18465837.92214214
5231,fc16f_00017,284,86667.2969135093,thompson_sampling,3,18465837.92214214
5232,fc16f_00017,285,79264.6884378356,thompson_sampling,3,18465837.92214214
5233,fc16f_00017,286,79259.10989452308,thompson_sampling,3,18465837.92214214
5234,fc16f_00017,287,79268.14619656833,thompson_sampling,3,18465837.92214214
5235,fc16f_00017,288,80279.34232401823,thompson_sampling,3,18465837.92214214
5236,fc16f_00017,289,80191.11116284011,thompson_sampling,3,18465837.92214214
5237,fc16f_00017,290,78080.44926816782,thompson_sampling,3,18465837.92214214
5238,fc16f_00018,0,12661.617035255267,thompson_sampling,4,15711310.213265285
5239,fc16f_00018,1,7704.230221311806,thompson_sampling,4,15711310.213265285
5240,fc16f_00018,2,8244.343260829208,thompson_sampling,4,15711310.213265285
5241,fc16f_00018,3,11979.815656149287,thompson_sampling,4,15711310.213265285
5242,fc16f_00018,4,8589.963797860373,thompson_sampling,4,15711310.213265285
5243,fc16f_00018,5,6727.51970858222,thompson_sampling,4,15711310.213265285
5244,fc16f_00018,6,6803.916698573075,thompson_sampling,4,15711310.213265285
5245,fc16f_00018,7,6954.414011565587,thompson_sampling,4,15711310.213265285
5246,fc16f_00018,8,7646.8192645234385,thompson_sampling,4,15711310.213265285
5247,fc16f_00018,9,8581.371587022442,thompson_sampling,4,15711310.213265285
5248,fc16f_00018,10,8047.413888270539,thompson_sampling,4,15711310.213265285
5249,fc16f_00018,11,8022.328017497341,thompson_sampling,4,15711310.213265285
5250,fc16f_00018,12,8001.270930480274,thompson_sampling,4,15711310.213265285
5251,fc16f_00018,13,9286.554412906542,thompson_sampling,4,15711310.213265285
5252,fc16f_00018,14,11202.997622577526,thompson_sampling,4,15711310.213265285
5253,fc16f_00018,15,11406.268449921794,thompson_sampling,4,15711310.213265285
5254,fc16f_00018,16,11535.013265514275,thompson_sampling,4,15711310.213265285
5255,fc16f_00018,17,11032.593294598053,thompson_sampling,4,15711310.213265285
5256,fc16f_00018,18,11047.048827162596,thompson_sampling,4,15711310.213265285
5257,fc16f_00018,19,12507.624182527494,thompson_sampling,4,15711310.213265285
5258,fc16f_00018,20,12557.846468710706,thompson_sampling,4,15711310.213265285
5259,fc16f_00018,21,12642.818284080206,thompson_sampling,4,15711310.213265285
5260,fc16f_00018,22,13514.458923114753,thompson_sampling,4,15711310.213265285
5261,fc16f_00018,23,13517.595591822908,thompson_sampling,4,15711310.213265285
5262,fc16f_00018,24,14437.255043087975,thompson_sampling,4,15711310.213265285
5263,fc16f_00018,25,14940.733585873137,thompson_sampling,4,15711310.213265285
5264,fc16f_00018,26,17878.850536605594,thompson_sampling,4,15711310.213265285
5265,fc16f_00018,27,21241.112214919627,thompson_sampling,4,15711310.213265285
5266,fc16f_00018,28,19201.915952402163,thompson_sampling,4,15711310.213265285
5267,fc16f_00018,29,18990.961442116546,thompson_sampling,4,15711310.213265285
5268,fc16f_00018,30,16935.526360871125,thompson_sampling,4,15711310.213265285
5269,fc16f_00018,31,14475.98206608677,thompson_sampling,4,15711310.213265285
5270,fc16f_00018,32,14191.065356523053,thompson_sampling,4,15711310.213265285
5271,fc16f_00018,33,14647.896076254336,thompson_sampling,4,15711310.213265285
5272,fc16f_00018,34,17214.742845997018,thompson_sampling,4,15711310.213265285
5273,fc16f_00018,35,23936.23236863069,thompson_sampling,4,15711310.213265285
5274,fc16f_00018,36,22767.7017575319,thompson_sampling,4,15711310.213265285
5275,fc16f_00018,37,18247.22041845762,thompson_sampling,4,15711310.213265285
5276,fc16f_00018,38,21962.07238166415,thompson_sampling,4,15711310.213265285
5277,fc16f_00018,39,23743.007635785947,thompson_sampling,4,15711310.213265285
5278,fc16f_00018,40,20943.070327396003,thompson_sampling,4,15711310.213265285
5279,fc16f_00018,41,31607.15818673789,thompson_sampling,4,15711310.213265285
5280,fc16f_00018,42,37527.79379813678,thompson_sampling,4,15711310.213265285
5281,fc16f_00018,43,38299.46515925165,thompson_sampling,4,15711310.213265285
5282,fc16f_00018,44,23015.436030231212,thompson_sampling,4,15711310.213265285
5283,fc16f_00018,45,14357.472030304685,thompson_sampling,4,15711310.213265285
5284,fc16f_00018,46,27176.498387263873,thompson_sampling,4,15711310.213265285
5285,fc16f_00018,47,27259.261750094196,thompson_sampling,4,15711310.213265285
5286,fc16f_00018,48,25611.018868169984,thompson_sampling,4,15711310.213265285
5287,fc16f_00018,49,33255.12888682515,thompson_sampling,4,15711310.213265285
5288,fc16f_00018,50,32445.231649369118,thompson_sampling,4,15711310.213265285
5289,fc16f_00018,51,32663.15671046906,thompson_sampling,4,15711310.213265285
5290,fc16f_00018,52,32862.71632667398,thompson_sampling,4,15711310.213265285
5291,fc16f_00018,53,32323.38171133328,thompson_sampling,4,15711310.213265285
5292,fc16f_00018,54,39815.02120898074,thompson_sampling,4,15711310.213265285
5293,fc16f_00018,55,40679.3095084379,thompson_sampling,4,15711310.213265285
5294,fc16f_00018,56,39244.42132061753,thompson_sampling,4,15711310.213265285
5295,fc16f_00018,57,36740.69160750981,thompson_sampling,4,15711310.213265285
5296,fc16f_00018,58,36321.93114926091,thompson_sampling,4,15711310.213265285
5297,fc16f_00018,59,35673.354552786666,thompson_sampling,4,15711310.213265285
5298,fc16f_00018,60,29770.27957487664,thompson_sampling,4,15711310.213265285
5299,fc16f_00018,61,27348.5524434971,thompson_sampling,4,15711310.213265285
5300,fc16f_00018,62,28439.436873430906,thompson_sampling,4,15711310.213265285
5301,fc16f_00018,63,29122.981067626126,thompson_sampling,4,15711310.213265285
5302,fc16f_00018,64,31018.099653606638,thompson_sampling,4,15711310.213265285
5303,fc16f_00018,65,31130.6042575225,thompson_sampling,4,15711310.213265285
5304,fc16f_00018,66,33336.94683261334,thompson_sampling,4,15711310.213265285
5305,fc16f_00018,67,32907.17508459335,thompson_sampling,4,15711310.213265285
5306,fc16f_00018,68,35911.613371416686,thompson_sampling,4,15711310.213265285
5307,fc16f_00018,69,39872.62559483654,thompson_sampling,4,15711310.213265285
5308,fc16f_00018,70,32154.821360024776,thompson_sampling,4,15711310.213265285
5309,fc16f_00018,71,32023.70048986226,thompson_sampling,4,15711310.213265285
5310,fc16f_00018,72,38981.58249586131,thompson_sampling,4,15711310.213265285
5311,fc16f_00018,73,42559.012810992186,thompson_sampling,4,15711310.213265285
5312,fc16f_00018,74,41860.498529883334,thompson_sampling,4,15711310.213265285
5313,fc16f_00018,75,39155.43358371468,thompson_sampling,4,15711310.213265285
5314,fc16f_00018,76,41179.065243587276,thompson_sampling,4,15711310.213265285
5315,fc16f_00018,77,45322.448681413785,thompson_sampling,4,15711310.213265285
5316,fc16f_00018,78,45731.23745654987,thompson_sampling,4,15711310.213265285
5317,fc16f_00018,79,36911.2442653681,thompson_sampling,4,15711310.213265285
5318,fc16f_00018,80,39764.91849532608,thompson_sampling,4,15711310.213265285
5319,fc16f_00018,81,35550.16024152216,thompson_sampling,4,15711310.213265285
5320,fc16f_00018,82,33908.34226346852,thompson_sampling,4,15711310.213265285
5321,fc16f_00018,83,33241.0028410271,thompson_sampling,4,15711310.213265285
5322,fc16f_00018,84,30272.332071841472,thompson_sampling,4,15711310.213265285
5323,fc16f_00018,85,32718.276361198037,thompson_sampling,4,15711310.213265285
5324,fc16f_00018,86,38424.572321580046,thompson_sampling,4,15711310.213265285
5325,fc16f_00018,87,36981.72629320822,thompson_sampling,4,15711310.213265285
5326,fc16f_00018,88,38481.462958289325,thompson_sampling,4,15711310.213265285
5327,fc16f_00018,89,38282.4227922152,thompson_sampling,4,15711310.213265285
5328,fc16f_00018,90,31906.363931713575,thompson_sampling,4,15711310.213265285
5329,fc16f_00018,91,31825.0271467801,thompson_sampling,4,15711310.213265285
5330,fc16f_00018,92,31600.321581356206,thompson_sampling,4,15711310.213265285
5331,fc16f_00018,93,37088.983752919616,thompson_sampling,4,15711310.213265285
5332,fc16f_00018,94,37867.51686585609,thompson_sampling,4,15711310.213265285
5333,fc16f_00018,95,44033.62042112867,thompson_sampling,4,15711310.213265285
5334,fc16f_00018,96,44316.144899897045,thompson_sampling,4,15711310.213265285
5335,fc16f_00018,97,38474.998160558425,thompson_sampling,4,15711310.213265285
5336,fc16f_00018,98,38462.62413406529,thompson_sampling,4,15711310.213265285
5337,fc16f_00018,99,38569.4760598668,thompson_sampling,4,15711310.213265285
5338,fc16f_00018,100,39172.021360384686,thompson_sampling,4,15711310.213265285
5339,fc16f_00018,101,36661.23267116701,thompson_sampling,4,15711310.213265285
5340,fc16f_00018,102,39430.152012674735,thompson_sampling,4,15711310.213265285
5341,fc16f_00018,103,41020.09732719733,thompson_sampling,4,15711310.213265285
5342,fc16f_00018,104,40723.64901110174,thompson_sampling,4,15711310.213265285
5343,fc16f_00018,105,39961.362583860115,thompson_sampling,4,15711310.213265285
5344,fc16f_00018,106,40897.08326355169,thompson_sampling,4,15711310.213265285
5345,fc16f_00018,107,48335.97526221689,thompson_sampling,4,15711310.213265285
5346,fc16f_00018,108,48809.28360625627,thompson_sampling,4,15711310.213265285
5347,fc16f_00018,109,49751.81595157921,thompson_sampling,4,15711310.213265285
5348,fc16f_00018,110,53724.0263220281,thompson_sampling,4,15711310.213265285
5349,fc16f_00018,111,61937.90219705488,thompson_sampling,4,15711310.213265285
5350,fc16f_00018,112,91661.02129460084,thompson_sampling,4,15711310.213265285
5351,fc16f_00018,113,89058.76735059996,thompson_sampling,4,15711310.213265285
5352,fc16f_00018,114,89014.07681835444,thompson_sampling,4,15711310.213265285
5353,fc16f_00018,115,73549.0992721885,thompson_sampling,4,15711310.213265285
5354,fc16f_00018,116,74823.981994422,thompson_sampling,4,15711310.213265285
5355,fc16f_00018,117,67522.40287530136,thompson_sampling,4,15711310.213265285
5356,fc16f_00018,118,67767.959633468,thompson_sampling,4,15711310.213265285
5357,fc16f_00018,119,67645.07744897962,thompson_sampling,4,15711310.213265285
5358,fc16f_00018,120,63386.19991223242,thompson_sampling,4,15711310.213265285
5359,fc16f_00018,121,65084.33344590176,thompson_sampling,4,15711310.213265285
5360,fc16f_00018,122,64576.33370861746,thompson_sampling,4,15711310.213265285
5361,fc16f_00018,123,62568.85291356701,thompson_sampling,4,15711310.213265285
5362,fc16f_00018,124,60680.55594057933,thompson_sampling,4,15711310.213265285
5363,fc16f_00018,125,63565.5610858558,thompson_sampling,4,15711310.213265285
5364,fc16f_00018,126,61950.72998303209,thompson_sampling,4,15711310.213265285
5365,fc16f_00018,127,73874.41728659511,thompson_sampling,4,15711310.213265285
5366,fc16f_00018,128,67523.26565930253,thompson_sampling,4,15711310.213265285
5367,fc16f_00018,129,71708.24582704046,thompson_sampling,4,15711310.213265285
5368,fc16f_00018,130,75074.65492861543,thompson_sampling,4,15711310.213265285
5369,fc16f_00018,131,76260.26273604756,thompson_sampling,4,15711310.213265285
5370,fc16f_00018,132,77272.14527700639,thompson_sampling,4,15711310.213265285
5371,fc16f_00018,133,77295.12498528286,thompson_sampling,4,15711310.213265285
5372,fc16f_00018,134,76834.26239585924,thompson_sampling,4,15711310.213265285
5373,fc16f_00018,135,93037.06637970073,thompson_sampling,4,15711310.213265285
5374,fc16f_00018,136,82532.9493886504,thompson_sampling,4,15711310.213265285
5375,fc16f_00018,137,82089.62848876629,thompson_sampling,4,15711310.213265285
5376,fc16f_00018,138,77527.58123927577,thompson_sampling,4,15711310.213265285
5377,fc16f_00018,139,76143.6041135504,thompson_sampling,4,15711310.213265285
5378,fc16f_00018,140,74727.55447976266,thompson_sampling,4,15711310.213265285
5379,fc16f_00018,141,73888.03317623897,thompson_sampling,4,15711310.213265285
5380,fc16f_00018,142,74211.85021529012,thompson_sampling,4,15711310.213265285
5381,fc16f_00018,143,73364.52309274473,thompson_sampling,4,15711310.213265285
5382,fc16f_00018,144,72934.33325802309,thompson_sampling,4,15711310.213265285
5383,fc16f_00018,145,71840.67972493253,thompson_sampling,4,15711310.213265285
5384,fc16f_00018,146,71990.9886135961,thompson_sampling,4,15711310.213265285
5385,fc16f_00018,147,75177.05833321255,thompson_sampling,4,15711310.213265285
5386,fc16f_00018,148,76813.39648646297,thompson_sampling,4,15711310.213265285
5387,fc16f_00018,149,75128.2520183322,thompson_sampling,4,15711310.213265285
5388,fc16f_00018,150,64747.56523392685,thompson_sampling,4,15711310.213265285
5389,fc16f_00018,151,62800.31393239419,thompson_sampling,4,15711310.213265285
5390,fc16f_00018,152,61048.77873968226,thompson_sampling,4,15711310.213265285
5391,fc16f_00018,153,56053.83607173702,thompson_sampling,4,15711310.213265285
5392,fc16f_00018,154,60465.69462797712,thompson_sampling,4,15711310.213265285
5393,fc16f_00018,155,61166.322777421,thompson_sampling,4,15711310.213265285
5394,fc16f_00018,156,60830.16192897844,thompson_sampling,4,15711310.213265285
5395,fc16f_00018,157,61418.62840852797,thompson_sampling,4,15711310.213265285
5396,fc16f_00018,158,69483.41536660571,thompson_sampling,4,15711310.213265285
5397,fc16f_00018,159,68948.7619514157,thompson_sampling,4,15711310.213265285
5398,fc16f_00018,160,71448.347495801,thompson_sampling,4,15711310.213265285
5399,fc16f_00018,161,70132.29254842558,thompson_sampling,4,15711310.213265285
5400,fc16f_00018,162,70721.88574420473,thompson_sampling,4,15711310.213265285
5401,fc16f_00018,163,69034.93809506502,thompson_sampling,4,15711310.213265285
5402,fc16f_00018,164,70438.34871607313,thompson_sampling,4,15711310.213265285
5403,fc16f_00018,165,64098.518036393085,thompson_sampling,4,15711310.213265285
5404,fc16f_00018,166,65425.13316313524,thompson_sampling,4,15711310.213265285
5405,fc16f_00018,167,68939.73310585157,thompson_sampling,4,15711310.213265285
5406,fc16f_00018,168,67670.7758116835,thompson_sampling,4,15711310.213265285
5407,fc16f_00018,169,64783.21781849328,thompson_sampling,4,15711310.213265285
5408,fc16f_00018,170,78048.84527481526,thompson_sampling,4,15711310.213265285
5409,fc16f_00018,171,78244.9631510296,thompson_sampling,4,15711310.213265285
5410,fc16f_00018,172,73791.05107241152,thompson_sampling,4,15711310.213265285
5411,fc16f_00018,173,65086.84693119429,thompson_sampling,4,15711310.213265285
5412,fc16f_00018,174,82203.16205375444,thompson_sampling,4,15711310.213265285
5413,fc16f_00018,175,90068.65009321064,thompson_sampling,4,15711310.213265285
5414,fc16f_00018,176,71694.69972611773,thompson_sampling,4,15711310.213265285
5415,fc16f_00018,177,71798.1230677902,thompson_sampling,4,15711310.213265285
5416,fc16f_00018,178,73994.15525788906,thompson_sampling,4,15711310.213265285
5417,fc16f_00018,179,73824.82991098944,thompson_sampling,4,15711310.213265285
5418,fc16f_00018,180,71133.65304777959,thompson_sampling,4,15711310.213265285
5419,fc16f_00018,181,71739.81867658185,thompson_sampling,4,15711310.213265285
5420,fc16f_00018,182,72118.33732864987,thompson_sampling,4,15711310.213265285
5421,fc16f_00018,183,70109.54592238454,thompson_sampling,4,15711310.213265285
5422,fc16f_00018,184,70237.83309335703,thompson_sampling,4,15711310.213265285
5423,fc16f_00018,185,70461.46308908524,thompson_sampling,4,15711310.213265285
5424,fc16f_00018,186,71421.73923063508,thompson_sampling,4,15711310.213265285
5425,fc16f_00018,187,76587.14754036197,thompson_sampling,4,15711310.213265285
5426,fc16f_00018,188,76165.55581898558,thompson_sampling,4,15711310.213265285
5427,fc16f_00018,189,71095.2046308883,thompson_sampling,4,15711310.213265285
5428,fc16f_00018,190,72276.63878224883,thompson_sampling,4,15711310.213265285
5429,fc16f_00018,191,68762.21465173435,thompson_sampling,4,15711310.213265285
5430,fc16f_00018,192,59202.82159213852,thompson_sampling,4,15711310.213265285
5431,fc16f_00018,193,64787.282751085564,thompson_sampling,4,15711310.213265285
5432,fc16f_00018,194,68144.63234921797,thompson_sampling,4,15711310.213265285
5433,fc16f_00018,195,67410.40932469527,thompson_sampling,4,15711310.213265285
5434,fc16f_00018,196,80459.10252215802,thompson_sampling,4,15711310.213265285
5435,fc16f_00018,197,94257.39549841166,thompson_sampling,4,15711310.213265285
5436,fc16f_00018,198,103350.5124413066,thompson_sampling,4,15711310.213265285
5437,fc16f_00018,199,101570.08520331452,thompson_sampling,4,15711310.213265285
5438,fc16f_00018,200,101090.08151246994,thompson_sampling,4,15711310.213265285
5439,fc16f_00018,201,103079.48749036614,thompson_sampling,4,15711310.213265285
5440,fc16f_00018,202,106602.23438808872,thompson_sampling,4,15711310.213265285
5441,fc16f_00018,203,106944.07120639306,thompson_sampling,4,15711310.213265285
5442,fc16f_00018,204,107067.00980335193,thompson_sampling,4,15711310.213265285
5443,fc16f_00018,205,104970.74029013001,thompson_sampling,4,15711310.213265285
5444,fc16f_00018,206,96408.50666493908,thompson_sampling,4,15711310.213265285
5445,fc16f_00018,207,96266.83088390085,thompson_sampling,4,15711310.213265285
5446,fc16f_00018,208,96209.17796073164,thompson_sampling,4,15711310.213265285
5447,fc16f_00018,209,93417.64959879254,thompson_sampling,4,15711310.213265285
5448,fc16f_00018,210,97454.86771228099,thompson_sampling,4,15711310.213265285
5449,fc16f_00018,211,93668.11623583887,thompson_sampling,4,15711310.213265285
5450,fc16f_00018,212,91778.341294857,thompson_sampling,4,15711310.213265285
5451,fc16f_00018,213,83846.79400150655,thompson_sampling,4,15711310.213265285
5452,fc16f_00018,214,90607.36568484786,thompson_sampling,4,15711310.213265285
5453,fc16f_00018,215,93231.95829903465,thompson_sampling,4,15711310.213265285
5454,fc16f_00018,216,94956.01491166386,thompson_sampling,4,15711310.213265285
5455,fc16f_00018,217,78293.87931714971,thompson_sampling,4,15711310.213265285
5456,fc16f_00018,218,71895.59725472891,thompson_sampling,4,15711310.213265285
5457,fc16f_00018,219,69966.67385798259,thompson_sampling,4,15711310.213265285
5458,fc16f_00018,220,63260.381072184515,thompson_sampling,4,15711310.213265285
5459,fc16f_00018,221,62855.25903878909,thompson_sampling,4,15711310.213265285
5460,fc16f_00018,222,62887.28174671831,thompson_sampling,4,15711310.213265285
5461,fc16f_00018,223,61075.1850747794,thompson_sampling,4,15711310.213265285
5462,fc16f_00018,224,61005.69708918101,thompson_sampling,4,15711310.213265285
5463,fc16f_00018,225,61940.94156366377,thompson_sampling,4,15711310.213265285
5464,fc16f_00018,226,61543.25376953048,thompson_sampling,4,15711310.213265285
5465,fc16f_00018,227,62420.48747231576,thompson_sampling,4,15711310.213265285
5466,fc16f_00018,228,60950.38515952774,thompson_sampling,4,15711310.213265285
5467,fc16f_00018,229,62457.10361326209,thompson_sampling,4,15711310.213265285
5468,fc16f_00018,230,62916.89802179009,thompson_sampling,4,15711310.213265285
5469,fc16f_00018,231,63005.64863632496,thompson_sampling,4,15711310.213265285
5470,fc16f_00018,232,62129.359060219664,thompson_sampling,4,15711310.213265285
5471,fc16f_00018,233,62168.774031197994,thompson_sampling,4,15711310.213265285
5472,fc16f_00018,234,56174.356667480024,thompson_sampling,4,15711310.213265285
5473,fc16f_00018,235,66860.88718875474,thompson_sampling,4,15711310.213265285
5474,fc16f_00018,236,69353.90273358695,thompson_sampling,4,15711310.213265285
5475,fc16f_00018,237,69391.07497394925,thompson_sampling,4,15711310.213265285
5476,fc16f_00018,238,79869.79500989594,thompson_sampling,4,15711310.213265285
5477,fc16f_00018,239,79445.87597546788,thompson_sampling,4,15711310.213265285
5478,fc16f_00018,240,86974.07966292131,thompson_sampling,4,15711310.213265285
5479,fc16f_00018,241,87450.26501151545,thompson_sampling,4,15711310.213265285
5480,fc16f_00018,242,77265.33229562291,thompson_sampling,4,15711310.213265285
5481,fc16f_00018,243,77619.97331587896,thompson_sampling,4,15711310.213265285
5482,fc16f_00018,244,81309.81301928563,thompson_sampling,4,15711310.213265285
5483,fc16f_00018,245,80562.9045195746,thompson_sampling,4,15711310.213265285
5484,fc16f_00018,246,72453.81924052325,thompson_sampling,4,15711310.213265285
5485,fc16f_00018,247,70995.90328752302,thompson_sampling,4,15711310.213265285
5486,fc16f_00018,248,68147.32594813169,thompson_sampling,4,15711310.213265285
5487,fc16f_00018,249,70884.04865024687,thompson_sampling,4,15711310.213265285
5488,fc16f_00018,250,73851.20025261214,thompson_sampling,4,15711310.213265285
5489,fc16f_00018,251,75705.54740858825,thompson_sampling,4,15711310.213265285
5490,fc16f_00018,252,72350.45091396147,thompson_sampling,4,15711310.213265285
5491,fc16f_00018,253,77313.37745384846,thompson_sampling,4,15711310.213265285
5492,fc16f_00018,254,74391.86628431798,thompson_sampling,4,15711310.213265285
5493,fc16f_00018,255,74595.91481648239,thompson_sampling,4,15711310.213265285
5494,fc16f_00018,256,66389.26737526407,thompson_sampling,4,15711310.213265285
5495,fc16f_00018,257,74460.85973558437,thompson_sampling,4,15711310.213265285
5496,fc16f_00018,258,74793.73643281915,thompson_sampling,4,15711310.213265285
5497,fc16f_00018,259,74633.88884272361,thompson_sampling,4,15711310.213265285
5498,fc16f_00018,260,73885.51773315077,thompson_sampling,4,15711310.213265285
5499,fc16f_00018,261,61317.77293504566,thompson_sampling,4,15711310.213265285
5500,fc16f_00018,262,60294.658315692584,thompson_sampling,4,15711310.213265285
5501,fc16f_00018,263,55047.94311902291,thompson_sampling,4,15711310.213265285
5502,fc16f_00018,264,62886.912778646576,thompson_sampling,4,15711310.213265285
5503,fc16f_00018,265,64599.38315723704,thompson_sampling,4,15711310.213265285
5504,fc16f_00018,266,53290.64156242238,thompson_sampling,4,15711310.213265285
5505,fc16f_00018,267,53306.42674516538,thompson_sampling,4,15711310.213265285
5506,fc16f_00018,268,53532.31792053964,thompson_sampling,4,15711310.213265285
5507,fc16f_00018,269,53372.99524478368,thompson_sampling,4,15711310.213265285
5508,fc16f_00018,270,49989.17124844156,thompson_sampling,4,15711310.213265285
5509,fc16f_00018,271,50135.99451349529,thompson_sampling,4,15711310.213265285
5510,fc16f_00018,272,48815.267764113174,thompson_sampling,4,15711310.213265285
5511,fc16f_00018,273,47697.995640255736,thompson_sampling,4,15711310.213265285
5512,fc16f_00018,274,49412.582567770376,thompson_sampling,4,15711310.213265285
5513,fc16f_00018,275,50045.11405261905,thompson_sampling,4,15711310.213265285
5514,fc16f_00018,276,49546.45234823303,thompson_sampling,4,15711310.213265285
5515,fc16f_00018,277,42127.80061482119,thompson_sampling,4,15711310.213265285
5516,fc16f_00018,278,37606.25543198362,thompson_sampling,4,15711310.213265285
5517,fc16f_00018,279,39133.804682614005,thompson_sampling,4,15711310.213265285
5518,fc16f_00018,280,38912.017938871475,thompson_sampling,4,15711310.213265285
5519,fc16f_00018,281,37325.71406025764,thompson_sampling,4,15711310.213265285
5520,fc16f_00018,282,40373.382069132385,thompson_sampling,4,15711310.213265285
5521,fc16f_00018,283,40018.55242156664,thompson_sampling,4,15711310.213265285
5522,fc16f_00018,284,39966.26205622094,thompson_sampling,4,15711310.213265285
5523,fc16f_00018,285,42332.09519003175,thompson_sampling,4,15711310.213265285
5524,fc16f_00018,286,42910.017202293726,thompson_sampling,4,15711310.213265285
5525,fc16f_00018,287,44041.34479365101,thompson_sampling,4,15711310.213265285
5526,fc16f_00018,288,44376.91675326894,thompson_sampling,4,15711310.213265285
5527,fc16f_00018,289,46424.68664579565,thompson_sampling,4,15711310.213265285
5528,fc16f_00018,290,47414.77740596204,thompson_sampling,4,15711310.213265285
5529,fc16f_00019,0,9743.39622749638,thompson_sampling,5,17293913.745265245
5530,fc16f_00019,1,12296.407426090173,thompson_sampling,5,17293913.745265245
5531,fc16f_00019,2,11579.986378885938,thompson_sampling,5,17293913.745265245
5532,fc16f_00019,3,11228.195755933704,thompson_sampling,5,17293913.745265245
5533,fc16f_00019,4,8430.125666842003,thompson_sampling,5,17293913.745265245
5534,fc16f_00019,5,8765.26016289548,thompson_sampling,5,17293913.745265245
5535,fc16f_00019,6,9551.440296655313,thompson_sampling,5,17293913.745265245
5536,fc16f_00019,7,9672.63826366611,thompson_sampling,5,17293913.745265245
5537,fc16f_00019,8,9755.099334029808,thompson_sampling,5,17293913.745265245
5538,fc16f_00019,9,15139.566360058854,thompson_sampling,5,17293913.745265245
5539,fc16f_00019,10,14227.182274810906,thompson_sampling,5,17293913.745265245
5540,fc16f_00019,11,17921.440071181594,thompson_sampling,5,17293913.745265245
5541,fc16f_00019,12,18271.439780159028,thompson_sampling,5,17293913.745265245
5542,fc16f_00019,13,12461.61614622345,thompson_sampling,5,17293913.745265245
5543,fc16f_00019,14,12080.748291755746,thompson_sampling,5,17293913.745265245
5544,fc16f_00019,15,10356.804526422746,thompson_sampling,5,17293913.745265245
5545,fc16f_00019,16,10122.451281698228,thompson_sampling,5,17293913.745265245
5546,fc16f_00019,17,9103.77477778004,thompson_sampling,5,17293913.745265245
5547,fc16f_00019,18,9258.597046829573,thompson_sampling,5,17293913.745265245
5548,fc16f_00019,19,9193.598232568193,thompson_sampling,5,17293913.745265245
5549,fc16f_00019,20,16509.942197424803,thompson_sampling,5,17293913.745265245
5550,fc16f_00019,21,15506.079526933036,thompson_sampling,5,17293913.745265245
5551,fc16f_00019,22,14491.562500130867,thompson_sampling,5,17293913.745265245
5552,fc16f_00019,23,14178.64429027807,thompson_sampling,5,17293913.745265245
5553,fc16f_00019,24,13572.886771780099,thompson_sampling,5,17293913.745265245
5554,fc16f_00019,25,12740.760657920737,thompson_sampling,5,17293913.745265245
5555,fc16f_00019,26,11681.774947951517,thompson_sampling,5,17293913.745265245
5556,fc16f_00019,27,12009.609505174007,thompson_sampling,5,17293913.745265245
5557,fc16f_00019,28,12656.54696990374,thompson_sampling,5,17293913.745265245
5558,fc16f_00019,29,13383.52319358824,thompson_sampling,5,17293913.745265245
5559,fc16f_00019,30,13441.137833723968,thompson_sampling,5,17293913.745265245
5560,fc16f_00019,31,13197.123379321542,thompson_sampling,5,17293913.745265245
5561,fc16f_00019,32,13598.309251192863,thompson_sampling,5,17293913.745265245
5562,fc16f_00019,33,31470.668362612327,thompson_sampling,5,17293913.745265245
5563,fc16f_00019,34,43130.6398512572,thompson_sampling,5,17293913.745265245
5564,fc16f_00019,35,32234.705988186084,thompson_sampling,5,17293913.745265245
5565,fc16f_00019,36,19342.459954243954,thompson_sampling,5,17293913.745265245
5566,fc16f_00019,37,16674.64330204253,thompson_sampling,5,17293913.745265245
5567,fc16f_00019,38,17511.59695912434,thompson_sampling,5,17293913.745265245
5568,fc16f_00019,39,17101.151519945655,thompson_sampling,5,17293913.745265245
5569,fc16f_00019,40,17121.219215723042,thompson_sampling,5,17293913.745265245
5570,fc16f_00019,41,18188.456632620957,thompson_sampling,5,17293913.745265245
5571,fc16f_00019,42,18559.05316965747,thompson_sampling,5,17293913.745265245
5572,fc16f_00019,43,18500.289640683175,thompson_sampling,5,17293913.745265245
5573,fc16f_00019,44,17206.051325517612,thompson_sampling,5,17293913.745265245
5574,fc16f_00019,45,26744.97444753554,thompson_sampling,5,17293913.745265245
5575,fc16f_00019,46,25391.09723995895,thompson_sampling,5,17293913.745265245
5576,fc16f_00019,47,23141.70708556777,thompson_sampling,5,17293913.745265245
5577,fc16f_00019,48,19344.752148874108,thompson_sampling,5,17293913.745265245
5578,fc16f_00019,49,21848.7274587354,thompson_sampling,5,17293913.745265245
5579,fc16f_00019,50,22343.188723173145,thompson_sampling,5,17293913.745265245
5580,fc16f_00019,51,24350.12352717427,thompson_sampling,5,17293913.745265245
5581,fc16f_00019,52,25568.093501657233,thompson_sampling,5,17293913.745265245
5582,fc16f_00019,53,25631.285314491222,thompson_sampling,5,17293913.745265245
5583,fc16f_00019,54,27700.676564327543,thompson_sampling,5,17293913.745265245
5584,fc16f_00019,55,40943.44264700981,thompson_sampling,5,17293913.745265245
5585,fc16f_00019,56,41446.344099103786,thompson_sampling,5,17293913.745265245
5586,fc16f_00019,57,47939.26090665347,thompson_sampling,5,17293913.745265245
5587,fc16f_00019,58,47636.456459151224,thompson_sampling,5,17293913.745265245
5588,fc16f_00019,59,44480.81138969183,thompson_sampling,5,17293913.745265245
5589,fc16f_00019,60,38531.1005129313,thompson_sampling,5,17293913.745265245
5590,fc16f_00019,61,38276.42518531038,thompson_sampling,5,17293913.745265245
5591,fc16f_00019,62,47228.35513699228,thompson_sampling,5,17293913.745265245
5592,fc16f_00019,63,48032.943546727474,thompson_sampling,5,17293913.745265245
5593,fc16f_00019,64,51421.10264477241,thompson_sampling,5,17293913.745265245
5594,fc16f_00019,65,64183.53760128861,thompson_sampling,5,17293913.745265245
5595,fc16f_00019,66,64376.62779569462,thompson_sampling,5,17293913.745265245
5596,fc16f_00019,67,65544.17168348734,thompson_sampling,5,17293913.745265245
5597,fc16f_00019,68,71474.48947217759,thompson_sampling,5,17293913.745265245
5598,fc16f_00019,69,57403.42348000189,thompson_sampling,5,17293913.745265245
5599,fc16f_00019,70,54726.15307874172,thompson_sampling,5,17293913.745265245
5600,fc16f_00019,71,55012.61486619256,thompson_sampling,5,17293913.745265245
5601,fc16f_00019,72,56783.867720223396,thompson_sampling,5,17293913.745265245
5602,fc16f_00019,73,58666.776510326854,thompson_sampling,5,17293913.745265245
5603,fc16f_00019,74,58326.66836985509,thompson_sampling,5,17293913.745265245
5604,fc16f_00019,75,52789.559590702,thompson_sampling,5,17293913.745265245
5605,fc16f_00019,76,52592.631079654886,thompson_sampling,5,17293913.745265245
5606,fc16f_00019,77,53136.070119458724,thompson_sampling,5,17293913.745265245
5607,fc16f_00019,78,53089.710937785574,thompson_sampling,5,17293913.745265245
5608,fc16f_00019,79,57129.9584851572,thompson_sampling,5,17293913.745265245
5609,fc16f_00019,80,54252.794954669,thompson_sampling,5,17293913.745265245
5610,fc16f_00019,81,55043.71606646431,thompson_sampling,5,17293913.745265245
5611,fc16f_00019,82,54838.16184121777,thompson_sampling,5,17293913.745265245
5612,fc16f_00019,83,45502.911359679594,thompson_sampling,5,17293913.745265245
5613,fc16f_00019,84,42953.77848683004,thompson_sampling,5,17293913.745265245
5614,fc16f_00019,85,40711.0873287272,thompson_sampling,5,17293913.745265245
5615,fc16f_00019,86,41813.24233078995,thompson_sampling,5,17293913.745265245
5616,fc16f_00019,87,42143.620747471505,thompson_sampling,5,17293913.745265245
5617,fc16f_00019,88,42130.409035763914,thompson_sampling,5,17293913.745265245
5618,fc16f_00019,89,42465.40287567552,thompson_sampling,5,17293913.745265245
5619,fc16f_00019,90,40878.75698188186,thompson_sampling,5,17293913.745265245
5620,fc16f_00019,91,41012.9606248422,thompson_sampling,5,17293913.745265245
5621,fc16f_00019,92,43218.5214210758,thompson_sampling,5,17293913.745265245
5622,fc16f_00019,93,45850.227716955786,thompson_sampling,5,17293913.745265245
5623,fc16f_00019,94,46019.35171065549,thompson_sampling,5,17293913.745265245
5624,fc16f_00019,95,45117.91569467532,thompson_sampling,5,17293913.745265245
5625,fc16f_00019,96,46955.16412131036,thompson_sampling,5,17293913.745265245
5626,fc16f_00019,97,44900.30078888328,thompson_sampling,5,17293913.745265245
5627,fc16f_00019,98,42741.58448706049,thompson_sampling,5,17293913.745265245
5628,fc16f_00019,99,43074.26667356332,thompson_sampling,5,17293913.745265245
5629,fc16f_00019,100,43411.63741687509,thompson_sampling,5,17293913.745265245
5630,fc16f_00019,101,46769.530923249506,thompson_sampling,5,17293913.745265245
5631,fc16f_00019,102,48183.41694387929,thompson_sampling,5,17293913.745265245
5632,fc16f_00019,103,48890.049498150984,thompson_sampling,5,17293913.745265245
5633,fc16f_00019,104,50867.24334198649,thompson_sampling,5,17293913.745265245
5634,fc16f_00019,105,51231.74253442522,thompson_sampling,5,17293913.745265245
5635,fc16f_00019,106,48985.00799003646,thompson_sampling,5,17293913.745265245
5636,fc16f_00019,107,52497.93189562774,thompson_sampling,5,17293913.745265245
5637,fc16f_00019,108,53110.92862958395,thompson_sampling,5,17293913.745265245
5638,fc16f_00019,109,51064.06526388086,thompson_sampling,5,17293913.745265245
5639,fc16f_00019,110,44139.839920171624,thompson_sampling,5,17293913.745265245
5640,fc16f_00019,111,44148.41482010601,thompson_sampling,5,17293913.745265245
5641,fc16f_00019,112,42232.74434817804,thompson_sampling,5,17293913.745265245
5642,fc16f_00019,113,44539.6517441821,thompson_sampling,5,17293913.745265245
5643,fc16f_00019,114,47405.82586929226,thompson_sampling,5,17293913.745265245
5644,fc16f_00019,115,51185.88272402549,thompson_sampling,5,17293913.745265245
5645,fc16f_00019,116,47043.220209314364,thompson_sampling,5,17293913.745265245
5646,fc16f_00019,117,47902.68756622942,thompson_sampling,5,17293913.745265245
5647,fc16f_00019,118,55387.72141971204,thompson_sampling,5,17293913.745265245
5648,fc16f_00019,119,54864.19574551833,thompson_sampling,5,17293913.745265245
5649,fc16f_00019,120,57614.89878955676,thompson_sampling,5,17293913.745265245
5650,fc16f_00019,121,58261.1725661759,thompson_sampling,5,17293913.745265245
5651,fc16f_00019,122,57702.76192870457,thompson_sampling,5,17293913.745265245
5652,fc16f_00019,123,57938.97030344849,thompson_sampling,5,17293913.745265245
5653,fc16f_00019,124,56608.88636381794,thompson_sampling,5,17293913.745265245
5654,fc16f_00019,125,56741.576461187164,thompson_sampling,5,17293913.745265245
5655,fc16f_00019,126,59961.690221143115,thompson_sampling,5,17293913.745265245
5656,fc16f_00019,127,64241.49270757975,thompson_sampling,5,17293913.745265245
5657,fc16f_00019,128,64101.97833320486,thompson_sampling,5,17293913.745265245
5658,fc16f_00019,129,67779.30566913655,thompson_sampling,5,17293913.745265245
5659,fc16f_00019,130,78334.55566138763,thompson_sampling,5,17293913.745265245
5660,fc16f_00019,131,68697.45193466297,thompson_sampling,5,17293913.745265245
5661,fc16f_00019,132,64584.948930356884,thompson_sampling,5,17293913.745265245
5662,fc16f_00019,133,59014.164923236334,thompson_sampling,5,17293913.745265245
5663,fc16f_00019,134,70703.8531970204,thompson_sampling,5,17293913.745265245
5664,fc16f_00019,135,70702.05817067523,thompson_sampling,5,17293913.745265245
5665,fc16f_00019,136,68564.61834910013,thompson_sampling,5,17293913.745265245
5666,fc16f_00019,137,64140.15408871088,thompson_sampling,5,17293913.745265245
5667,fc16f_00019,138,61511.95621995409,thompson_sampling,5,17293913.745265245
5668,fc16f_00019,139,60580.362241309624,thompson_sampling,5,17293913.745265245
5669,fc16f_00019,140,45418.97619836937,thompson_sampling,5,17293913.745265245
5670,fc16f_00019,141,46944.25918489067,thompson_sampling,5,17293913.745265245
5671,fc16f_00019,142,44848.25956851445,thompson_sampling,5,17293913.745265245
5672,fc16f_00019,143,44826.08534794939,thompson_sampling,5,17293913.745265245
5673,fc16f_00019,144,40128.3719149242,thompson_sampling,5,17293913.745265245
5674,fc16f_00019,145,47502.02519720932,thompson_sampling,5,17293913.745265245
5675,fc16f_00019,146,46621.217154329635,thompson_sampling,5,17293913.745265245
5676,fc16f_00019,147,49025.66808610948,thompson_sampling,5,17293913.745265245
5677,fc16f_00019,148,48940.74893058134,thompson_sampling,5,17293913.745265245
5678,fc16f_00019,149,51143.45378350196,thompson_sampling,5,17293913.745265245
5679,fc16f_00019,150,55736.8505040475,thompson_sampling,5,17293913.745265245
5680,fc16f_00019,151,54436.675443539716,thompson_sampling,5,17293913.745265245
5681,fc16f_00019,152,60613.641509340676,thompson_sampling,5,17293913.745265245
5682,fc16f_00019,153,55703.69157790811,thompson_sampling,5,17293913.745265245
5683,fc16f_00019,154,54979.39925293747,thompson_sampling,5,17293913.745265245
5684,fc16f_00019,155,58171.22680589057,thompson_sampling,5,17293913.745265245
5685,fc16f_00019,156,68777.63152049786,thompson_sampling,5,17293913.745265245
5686,fc16f_00019,157,67135.05084371369,thompson_sampling,5,17293913.745265245
5687,fc16f_00019,158,76866.02886724456,thompson_sampling,5,17293913.745265245
5688,fc16f_00019,159,75151.04463741418,thompson_sampling,5,17293913.745265245
5689,fc16f_00019,160,69039.87451672084,thompson_sampling,5,17293913.745265245
5690,fc16f_00019,161,69373.53525638892,thompson_sampling,5,17293913.745265245
5691,fc16f_00019,162,69313.27582393697,thompson_sampling,5,17293913.745265245
5692,fc16f_00019,163,82832.13230976582,thompson_sampling,5,17293913.745265245
5693,fc16f_00019,164,82883.48031750486,thompson_sampling,5,17293913.745265245
5694,fc16f_00019,165,92535.17545298711,thompson_sampling,5,17293913.745265245
5695,fc16f_00019,166,95003.08756988517,thompson_sampling,5,17293913.745265245
5696,fc16f_00019,167,92996.0154601072,thompson_sampling,5,17293913.745265245
5697,fc16f_00019,168,86715.77463088465,thompson_sampling,5,17293913.745265245
5698,fc16f_00019,169,86533.96423605664,thompson_sampling,5,17293913.745265245
5699,fc16f_00019,170,89277.73379010592,thompson_sampling,5,17293913.745265245
5700,fc16f_00019,171,95789.89359685461,thompson_sampling,5,17293913.745265245
5701,fc16f_00019,172,89293.09601417402,thompson_sampling,5,17293913.745265245
5702,fc16f_00019,173,88950.5209800925,thompson_sampling,5,17293913.745265245
5703,fc16f_00019,174,100060.07092333071,thompson_sampling,5,17293913.745265245
5704,fc16f_00019,175,127640.95022957724,thompson_sampling,5,17293913.745265245
5705,fc16f_00019,176,130980.47992400444,thompson_sampling,5,17293913.745265245
5706,fc16f_00019,177,130445.66192567143,thompson_sampling,5,17293913.745265245
5707,fc16f_00019,178,189153.22419213413,thompson_sampling,5,17293913.745265245
5708,fc16f_00019,179,174940.17951480445,thompson_sampling,5,17293913.745265245
5709,fc16f_00019,180,174773.50629937404,thompson_sampling,5,17293913.745265245
5710,fc16f_00019,181,173548.73505016387,thompson_sampling,5,17293913.745265245
5711,fc16f_00019,182,145782.63122156344,thompson_sampling,5,17293913.745265245
5712,fc16f_00019,183,140834.51933602488,thompson_sampling,5,17293913.745265245
5713,fc16f_00019,184,135928.35474554438,thompson_sampling,5,17293913.745265245
5714,fc16f_00019,185,131541.11513152608,thompson_sampling,5,17293913.745265245
5715,fc16f_00019,186,130147.33952228399,thompson_sampling,5,17293913.745265245
5716,fc16f_00019,187,129365.20417325998,thompson_sampling,5,17293913.745265245
5717,fc16f_00019,188,118877.18677562856,thompson_sampling,5,17293913.745265245
5718,fc16f_00019,189,129411.37756189865,thompson_sampling,5,17293913.745265245
5719,fc16f_00019,190,128533.94847727814,thompson_sampling,5,17293913.745265245
5720,fc16f_00019,191,130005.28551389674,thompson_sampling,5,17293913.745265245
5721,fc16f_00019,192,136385.60949683632,thompson_sampling,5,17293913.745265245
5722,fc16f_00019,193,111892.2024181839,thompson_sampling,5,17293913.745265245
5723,fc16f_00019,194,121400.25944198508,thompson_sampling,5,17293913.745265245
5724,fc16f_00019,195,101591.15231264172,thompson_sampling,5,17293913.745265245
5725,fc16f_00019,196,117830.68697335343,thompson_sampling,5,17293913.745265245
5726,fc16f_00019,197,115296.34755733075,thompson_sampling,5,17293913.745265245
5727,fc16f_00019,198,115441.22268617185,thompson_sampling,5,17293913.745265245
5728,fc16f_00019,199,117445.09207162878,thompson_sampling,5,17293913.745265245
5729,fc16f_00019,200,111694.01847831365,thompson_sampling,5,17293913.745265245
5730,fc16f_00019,201,103499.51205353963,thompson_sampling,5,17293913.745265245
5731,fc16f_00019,202,90567.38693161774,thompson_sampling,5,17293913.745265245
5732,fc16f_00019,203,86023.65797798143,thompson_sampling,5,17293913.745265245
5733,fc16f_00019,204,88573.40426434795,thompson_sampling,5,17293913.745265245
5734,fc16f_00019,205,82225.79776252987,thompson_sampling,5,17293913.745265245
5735,fc16f_00019,206,81085.01431908902,thompson_sampling,5,17293913.745265245
5736,fc16f_00019,207,111695.46150076369,thompson_sampling,5,17293913.745265245
5737,fc16f_00019,208,150112.5395126642,thompson_sampling,5,17293913.745265245
5738,fc16f_00019,209,132716.38397619946,thompson_sampling,5,17293913.745265245
5739,fc16f_00019,210,138025.35833050913,thompson_sampling,5,17293913.745265245
5740,fc16f_00019,211,141047.98613440315,thompson_sampling,5,17293913.745265245
5741,fc16f_00019,212,144446.7559092531,thompson_sampling,5,17293913.745265245
5742,fc16f_00019,213,142844.97077673543,thompson_sampling,5,17293913.745265245
5743,fc16f_00019,214,130457.81611414056,thompson_sampling,5,17293913.745265245
5744,fc16f_00019,215,135279.24100603306,thompson_sampling,5,17293913.745265245
5745,fc16f_00019,216,112478.045711272,thompson_sampling,5,17293913.745265245
5746,fc16f_00019,217,84581.34917233563,thompson_sampling,5,17293913.745265245
5747,fc16f_00019,218,88181.23961636961,thompson_sampling,5,17293913.745265245
5748,fc16f_00019,219,91937.80643202014,thompson_sampling,5,17293913.745265245
5749,fc16f_00019,220,89112.40704968045,thompson_sampling,5,17293913.745265245
5750,fc16f_00019,221,76758.64034961285,thompson_sampling,5,17293913.745265245
5751,fc16f_00019,222,84744.2524038452,thompson_sampling,5,17293913.745265245
5752,fc16f_00019,223,67196.06420061756,thompson_sampling,5,17293913.745265245
5753,fc16f_00019,224,65161.132787948285,thompson_sampling,5,17293913.745265245
5754,fc16f_00019,225,59414.45888435171,thompson_sampling,5,17293913.745265245
5755,fc16f_00019,226,61413.91824957375,thompson_sampling,5,17293913.745265245
5756,fc16f_00019,227,81252.50317454421,thompson_sampling,5,17293913.745265245
5757,fc16f_00019,228,76737.00074221856,thompson_sampling,5,17293913.745265245
5758,fc16f_00019,229,76896.33753391732,thompson_sampling,5,17293913.745265245
5759,fc16f_00019,230,66768.71641220707,thompson_sampling,5,17293913.745265245
5760,fc16f_00019,231,56673.30110881428,thompson_sampling,5,17293913.745265245
5761,fc16f_00019,232,54273.30337725116,thompson_sampling,5,17293913.745265245
5762,fc16f_00019,233,48135.993711454656,thompson_sampling,5,17293913.745265245
5763,fc16f_00019,234,48709.99892188951,thompson_sampling,5,17293913.745265245
5764,fc16f_00019,235,49857.74706840895,thompson_sampling,5,17293913.745265245
5765,fc16f_00019,236,48925.268798593825,thompson_sampling,5,17293913.745265245
5766,fc16f_00019,237,50860.57490501809,thompson_sampling,5,17293913.745265245
5767,fc16f_00019,238,70487.12745787218,thompson_sampling,5,17293913.745265245
5768,fc16f_00019,239,60569.36997047316,thompson_sampling,5,17293913.745265245
5769,fc16f_00019,240,60833.82295429963,thompson_sampling,5,17293913.745265245
5770,fc16f_00019,241,57943.0993327406,thompson_sampling,5,17293913.745265245
5771,fc16f_00019,242,58445.963570786036,thompson_sampling,5,17293913.745265245
5772,fc16f_00019,243,46441.187551502575,thompson_sampling,5,17293913.745265245
5773,fc16f_00019,244,48202.15966205517,thompson_sampling,5,17293913.745265245
5774,fc16f_00019,245,49521.94767703555,thompson_sampling,5,17293913.745265245
5775,fc16f_00019,246,48884.64695900958,thompson_sampling,5,17293913.745265245
5776,fc16f_00019,247,49268.38192939139,thompson_sampling,5,17293913.745265245
5777,fc16f_00019,248,52343.547251734795,thompson_sampling,5,17293913.745265245
5778,fc16f_00019,249,51951.75179122731,thompson_sampling,5,17293913.745265245
5779,fc16f_00019,250,52114.8268870836,thompson_sampling,5,17293913.745265245
5780,fc16f_00019,251,57968.91497837031,thompson_sampling,5,17293913.745265245
5781,fc16f_00019,252,57454.51259291333,thompson_sampling,5,17293913.745265245
5782,fc16f_00019,253,58031.527624152295,thompson_sampling,5,17293913.745265245
5783,fc16f_00019,254,57592.6202300823,thompson_sampling,5,17293913.745265245
5784,fc16f_00019,255,55674.89232850035,thompson_sampling,5,17293913.745265245
5785,fc16f_00019,256,59472.50458190872,thompson_sampling,5,17293913.745265245
5786,fc16f_00019,257,62069.86831267487,thompson_sampling,5,17293913.745265245
5787,fc16f_00019,258,60838.243903121576,thompson_sampling,5,17293913.745265245
5788,fc16f_00019,259,59337.07224463765,thompson_sampling,5,17293913.745265245
5789,fc16f_00019,260,55633.78993836384,thompson_sampling,5,17293913.745265245
5790,fc16f_00019,261,55436.18472665401,thompson_sampling,5,17293913.745265245
5791,fc16f_00019,262,56527.60230268005,thompson_sampling,5,17293913.745265245
5792,fc16f_00019,263,58631.141831055116,thompson_sampling,5,17293913.745265245
5793,fc16f_00019,264,58047.307698372744,thompson_sampling,5,17293913.745265245
5794,fc16f_00019,265,57721.65299345486,thompson_sampling,5,17293913.745265245
5795,fc16f_00019,266,57939.287540552476,thompson_sampling,5,17293913.745265245
5796,fc16f_00019,267,55850.45033371179,thompson_sampling,5,17293913.745265245
5797,fc16f_00019,268,58917.87517105015,thompson_sampling,5,17293913.745265245
5798,fc16f_00019,269,62982.56237038083,thompson_sampling,5,17293913.745265245
5799,fc16f_00019,270,61488.33881632678,thompson_sampling,5,17293913.745265245
5800,fc16f_00019,271,63392.75252607116,thompson_sampling,5,17293913.745265245
5801,fc16f_00019,272,61443.84382860591,thompson_sampling,5,17293913.745265245
5802,fc16f_00019,273,66675.2972038897,thompson_sampling,5,17293913.745265245
5803,fc16f_00019,274,59111.81288008946,thompson_sampling,5,17293913.745265245
5804,fc16f_00019,275,52716.29348151054,thompson_sampling,5,17293913.745265245
5805,fc16f_00019,276,46382.72724777528,thompson_sampling,5,17293913.745265245
5806,fc16f_00019,277,48892.69976874625,thompson_sampling,5,17293913.745265245
5807,fc16f_00019,278,43408.88486679077,thompson_sampling,5,17293913.745265245
5808,fc16f_00019,279,42935.43493538444,thompson_sampling,5,17293913.745265245
5809,fc16f_00019,280,42775.06116282925,thompson_sampling,5,17293913.745265245
5810,fc16f_00019,281,38533.754370598064,thompson_sampling,5,17293913.745265245
5811,fc16f_00019,282,39447.9805551182,thompson_sampling,5,17293913.745265245
5812,fc16f_00019,283,36719.74547665831,thompson_sampling,5,17293913.745265245
5813,fc16f_00019,284,36497.24653710474,thompson_sampling,5,17293913.745265245
5814,fc16f_00019,285,35319.81003992667,thompson_sampling,5,17293913.745265245
5815,fc16f_00019,286,35751.25871666903,thompson_sampling,5,17293913.745265245
5816,fc16f_00019,287,34206.108585142356,thompson_sampling,5,17293913.745265245
5817,fc16f_00019,288,42871.091352244905,thompson_sampling,5,17293913.745265245
5818,fc16f_00019,289,42912.131034425984,thompson_sampling,5,17293913.745265245
5819,fc16f_00019,290,42726.48836439113,thompson_sampling,5,17293913.745265245
5820,fc16f_00020,0,21189.009739047997,upper_confidence_bound,1,30050080.283890143
5821,fc16f_00020,1,9679.076133569459,upper_confidence_bound,1,30050080.283890143
5822,fc16f_00020,2,11002.736506048626,upper_confidence_bound,1,30050080.283890143
5823,fc16f_00020,3,8386.496874335138,upper_confidence_bound,1,30050080.283890143
5824,fc16f_00020,4,8797.079553082438,upper_confidence_bound,1,30050080.283890143
5825,fc16f_00020,5,6590.881332620147,upper_confidence_bound,1,30050080.283890143
5826,fc16f_00020,6,7907.4240062385725,upper_confidence_bound,1,30050080.283890143
5827,fc16f_00020,7,9788.18289172629,upper_confidence_bound,1,30050080.283890143
5828,fc16f_00020,8,9501.4610068073,upper_confidence_bound,1,30050080.283890143
5829,fc16f_00020,9,9129.794661183649,upper_confidence_bound,1,30050080.283890143
5830,fc16f_00020,10,11125.824479263993,upper_confidence_bound,1,30050080.283890143
5831,fc16f_00020,11,11169.92278930401,upper_confidence_bound,1,30050080.283890143
5832,fc16f_00020,12,9837.506714233936,upper_confidence_bound,1,30050080.283890143
5833,fc16f_00020,13,9911.59477474135,upper_confidence_bound,1,30050080.283890143
5834,fc16f_00020,14,11641.293365564812,upper_confidence_bound,1,30050080.283890143
5835,fc16f_00020,15,11538.0809914276,upper_confidence_bound,1,30050080.283890143
5836,fc16f_00020,16,9755.720414484857,upper_confidence_bound,1,30050080.283890143
5837,fc16f_00020,17,11158.61123558773,upper_confidence_bound,1,30050080.283890143
5838,fc16f_00020,18,13573.890432646273,upper_confidence_bound,1,30050080.283890143
5839,fc16f_00020,19,13498.896235027933,upper_confidence_bound,1,30050080.283890143
5840,fc16f_00020,20,13978.204610765755,upper_confidence_bound,1,30050080.283890143
5841,fc16f_00020,21,14716.416045138361,upper_confidence_bound,1,30050080.283890143
5842,fc16f_00020,22,16328.018021560349,upper_confidence_bound,1,30050080.283890143
5843,fc16f_00020,23,17753.390067995213,upper_confidence_bound,1,30050080.283890143
5844,fc16f_00020,24,15809.612959156517,upper_confidence_bound,1,30050080.283890143
5845,fc16f_00020,25,18325.384927338102,upper_confidence_bound,1,30050080.283890143
5846,fc16f_00020,26,17794.7919941272,upper_confidence_bound,1,30050080.283890143
5847,fc16f_00020,27,29897.188639052874,upper_confidence_bound,1,30050080.283890143
5848,fc16f_00020,28,29967.236707783253,upper_confidence_bound,1,30050080.283890143
5849,fc16f_00020,29,29034.198958271296,upper_confidence_bound,1,30050080.283890143
5850,fc16f_00020,30,49285.08856265855,upper_confidence_bound,1,30050080.283890143
5851,fc16f_00020,31,43513.619513440906,upper_confidence_bound,1,30050080.283890143
5852,fc16f_00020,32,64909.995947051386,upper_confidence_bound,1,30050080.283890143
5853,fc16f_00020,33,75828.48577463784,upper_confidence_bound,1,30050080.283890143
5854,fc16f_00020,34,75630.34909543936,upper_confidence_bound,1,30050080.283890143
5855,fc16f_00020,35,74602.12348537662,upper_confidence_bound,1,30050080.283890143
5856,fc16f_00020,36,71645.0063278243,upper_confidence_bound,1,30050080.283890143
5857,fc16f_00020,37,86557.07925347047,upper_confidence_bound,1,30050080.283890143
5858,fc16f_00020,38,82790.62576756287,upper_confidence_bound,1,30050080.283890143
5859,fc16f_00020,39,82747.03689090231,upper_confidence_bound,1,30050080.283890143
5860,fc16f_00020,40,74544.69969080461,upper_confidence_bound,1,30050080.283890143
5861,fc16f_00020,41,66023.43258289857,upper_confidence_bound,1,30050080.283890143
5862,fc16f_00020,42,66336.62865084514,upper_confidence_bound,1,30050080.283890143
5863,fc16f_00020,43,40568.65961228398,upper_confidence_bound,1,30050080.283890143
5864,fc16f_00020,44,47373.30954215928,upper_confidence_bound,1,30050080.283890143
5865,fc16f_00020,45,48281.3337514345,upper_confidence_bound,1,30050080.283890143
5866,fc16f_00020,46,50473.0020465066,upper_confidence_bound,1,30050080.283890143
5867,fc16f_00020,47,49014.931711893434,upper_confidence_bound,1,30050080.283890143
5868,fc16f_00020,48,56573.11741283206,upper_confidence_bound,1,30050080.283890143
5869,fc16f_00020,49,101360.53069194312,upper_confidence_bound,1,30050080.283890143
5870,fc16f_00020,50,65480.8062729301,upper_confidence_bound,1,30050080.283890143
5871,fc16f_00020,51,75686.42777302633,upper_confidence_bound,1,30050080.283890143
5872,fc16f_00020,52,146086.43853886623,upper_confidence_bound,1,30050080.283890143
5873,fc16f_00020,53,150544.67936935744,upper_confidence_bound,1,30050080.283890143
5874,fc16f_00020,54,163412.61951150035,upper_confidence_bound,1,30050080.283890143
5875,fc16f_00020,55,147363.70956099004,upper_confidence_bound,1,30050080.283890143
5876,fc16f_00020,56,107532.46091350765,upper_confidence_bound,1,30050080.283890143
5877,fc16f_00020,57,107459.21153202481,upper_confidence_bound,1,30050080.283890143
5878,fc16f_00020,58,110562.37727338307,upper_confidence_bound,1,30050080.283890143
5879,fc16f_00020,59,108490.6908068548,upper_confidence_bound,1,30050080.283890143
5880,fc16f_00020,60,112866.71687614365,upper_confidence_bound,1,30050080.283890143
5881,fc16f_00020,61,107999.43681471882,upper_confidence_bound,1,30050080.283890143
5882,fc16f_00020,62,116397.44700720115,upper_confidence_bound,1,30050080.283890143
5883,fc16f_00020,63,101756.87421658546,upper_confidence_bound,1,30050080.283890143
5884,fc16f_00020,64,106269.69015256637,upper_confidence_bound,1,30050080.283890143
5885,fc16f_00020,65,106010.87404654168,upper_confidence_bound,1,30050080.283890143
5886,fc16f_00020,66,112312.04024684636,upper_confidence_bound,1,30050080.283890143
5887,fc16f_00020,67,115503.47643676476,upper_confidence_bound,1,30050080.283890143
5888,fc16f_00020,68,115413.12560616739,upper_confidence_bound,1,30050080.283890143
5889,fc16f_00020,69,124833.27967949373,upper_confidence_bound,1,30050080.283890143
5890,fc16f_00020,70,128417.6409642018,upper_confidence_bound,1,30050080.283890143
5891,fc16f_00020,71,149789.9691304426,upper_confidence_bound,1,30050080.283890143
5892,fc16f_00020,72,147685.490648337,upper_confidence_bound,1,30050080.283890143
5893,fc16f_00020,73,163332.64410053138,upper_confidence_bound,1,30050080.283890143
5894,fc16f_00020,74,164431.81981144854,upper_confidence_bound,1,30050080.283890143
5895,fc16f_00020,75,151438.03680381976,upper_confidence_bound,1,30050080.283890143
5896,fc16f_00020,76,152251.82362359812,upper_confidence_bound,1,30050080.283890143
5897,fc16f_00020,77,149561.00902778245,upper_confidence_bound,1,30050080.283890143
5898,fc16f_00020,78,153979.57496052407,upper_confidence_bound,1,30050080.283890143
5899,fc16f_00020,79,168640.33836949733,upper_confidence_bound,1,30050080.283890143
5900,fc16f_00020,80,165804.37279926892,upper_confidence_bound,1,30050080.283890143
5901,fc16f_00020,81,196364.0423232463,upper_confidence_bound,1,30050080.283890143
5902,fc16f_00020,82,195855.3372797458,upper_confidence_bound,1,30050080.283890143
5903,fc16f_00020,83,197457.8715061705,upper_confidence_bound,1,30050080.283890143
5904,fc16f_00020,84,197190.32580801548,upper_confidence_bound,1,30050080.283890143
5905,fc16f_00020,85,197257.78277766544,upper_confidence_bound,1,30050080.283890143
5906,fc16f_00020,86,188938.10417094617,upper_confidence_bound,1,30050080.283890143
5907,fc16f_00020,87,180519.58485715167,upper_confidence_bound,1,30050080.283890143
5908,fc16f_00020,88,185859.8551223189,upper_confidence_bound,1,30050080.283890143
5909,fc16f_00020,89,216059.42707187284,upper_confidence_bound,1,30050080.283890143
5910,fc16f_00020,90,219010.1561084511,upper_confidence_bound,1,30050080.283890143
5911,fc16f_00020,91,219500.15978998374,upper_confidence_bound,1,30050080.283890143
5912,fc16f_00020,92,217380.42488435115,upper_confidence_bound,1,30050080.283890143
5913,fc16f_00020,93,205801.43716482163,upper_confidence_bound,1,30050080.283890143
5914,fc16f_00020,94,203861.75745408295,upper_confidence_bound,1,30050080.283890143
5915,fc16f_00020,95,198149.3538609675,upper_confidence_bound,1,30050080.283890143
5916,fc16f_00020,96,212656.2780758422,upper_confidence_bound,1,30050080.283890143
5917,fc16f_00020,97,222404.87921719986,upper_confidence_bound,1,30050080.283890143
5918,fc16f_00020,98,212058.99196863678,upper_confidence_bound,1,30050080.283890143
5919,fc16f_00020,99,203055.34316583312,upper_confidence_bound,1,30050080.283890143
5920,fc16f_00020,100,201360.77647368054,upper_confidence_bound,1,30050080.283890143
5921,fc16f_00020,101,202106.88417923197,upper_confidence_bound,1,30050080.283890143
5922,fc16f_00020,102,206976.85832239554,upper_confidence_bound,1,30050080.283890143
5923,fc16f_00020,103,198495.1269192775,upper_confidence_bound,1,30050080.283890143
5924,fc16f_00020,104,199536.4420994745,upper_confidence_bound,1,30050080.283890143
5925,fc16f_00020,105,195671.603760849,upper_confidence_bound,1,30050080.283890143
5926,fc16f_00020,106,189693.40541007236,upper_confidence_bound,1,30050080.283890143
5927,fc16f_00020,107,189810.83183980457,upper_confidence_bound,1,30050080.283890143
5928,fc16f_00020,108,193130.4126172784,upper_confidence_bound,1,30050080.283890143
5929,fc16f_00020,109,189241.50440936882,upper_confidence_bound,1,30050080.283890143
5930,fc16f_00020,110,205800.3842175703,upper_confidence_bound,1,30050080.283890143
5931,fc16f_00020,111,167888.02210790277,upper_confidence_bound,1,30050080.283890143
5932,fc16f_00020,112,171802.73720313152,upper_confidence_bound,1,30050080.283890143
5933,fc16f_00020,113,171977.1508429873,upper_confidence_bound,1,30050080.283890143
5934,fc16f_00020,114,180513.12236035857,upper_confidence_bound,1,30050080.283890143
5935,fc16f_00020,115,180169.60245306283,upper_confidence_bound,1,30050080.283890143
5936,fc16f_00020,116,182382.6042904737,upper_confidence_bound,1,30050080.283890143
5937,fc16f_00020,117,182338.36927044368,upper_confidence_bound,1,30050080.283890143
5938,fc16f_00020,118,165111.18720067217,upper_confidence_bound,1,30050080.283890143
5939,fc16f_00020,119,167053.68148096243,upper_confidence_bound,1,30050080.283890143
5940,fc16f_00020,120,167820.9321388138,upper_confidence_bound,1,30050080.283890143
5941,fc16f_00020,121,168505.2305554607,upper_confidence_bound,1,30050080.283890143
5942,fc16f_00020,122,170944.27136342006,upper_confidence_bound,1,30050080.283890143
5943,fc16f_00020,123,171486.7126026328,upper_confidence_bound,1,30050080.283890143
5944,fc16f_00020,124,168785.29403628418,upper_confidence_bound,1,30050080.283890143
5945,fc16f_00020,125,170009.58354209914,upper_confidence_bound,1,30050080.283890143
5946,fc16f_00020,126,143692.80765294164,upper_confidence_bound,1,30050080.283890143
5947,fc16f_00020,127,109438.55192965563,upper_confidence_bound,1,30050080.283890143
5948,fc16f_00020,128,111880.54995732242,upper_confidence_bound,1,30050080.283890143
5949,fc16f_00020,129,110659.42490765499,upper_confidence_bound,1,30050080.283890143
5950,fc16f_00020,130,104573.390906429,upper_confidence_bound,1,30050080.283890143
5951,fc16f_00020,131,106218.32541686602,upper_confidence_bound,1,30050080.283890143
5952,fc16f_00020,132,103286.9184162615,upper_confidence_bound,1,30050080.283890143
5953,fc16f_00020,133,102942.78821573123,upper_confidence_bound,1,30050080.283890143
5954,fc16f_00020,134,104060.28680238286,upper_confidence_bound,1,30050080.283890143
5955,fc16f_00020,135,103851.5495831939,upper_confidence_bound,1,30050080.283890143
5956,fc16f_00020,136,108966.45486301904,upper_confidence_bound,1,30050080.283890143
5957,fc16f_00020,137,113810.60462373398,upper_confidence_bound,1,30050080.283890143
5958,fc16f_00020,138,95238.04169571548,upper_confidence_bound,1,30050080.283890143
5959,fc16f_00020,139,104124.82915032799,upper_confidence_bound,1,30050080.283890143
5960,fc16f_00020,140,108182.82985625514,upper_confidence_bound,1,30050080.283890143
5961,fc16f_00020,141,105119.60750189758,upper_confidence_bound,1,30050080.283890143
5962,fc16f_00020,142,105131.58850193376,upper_confidence_bound,1,30050080.283890143
5963,fc16f_00020,143,104899.56875095415,upper_confidence_bound,1,30050080.283890143
5964,fc16f_00020,144,119522.90450785385,upper_confidence_bound,1,30050080.283890143
5965,fc16f_00020,145,119542.81934098712,upper_confidence_bound,1,30050080.283890143
5966,fc16f_00020,146,105320.36545299193,upper_confidence_bound,1,30050080.283890143
5967,fc16f_00020,147,107095.33277707365,upper_confidence_bound,1,30050080.283890143
5968,fc16f_00020,148,110380.23196033677,upper_confidence_bound,1,30050080.283890143
5969,fc16f_00020,149,97168.73848338127,upper_confidence_bound,1,30050080.283890143
5970,fc16f_00020,150,99895.87658761523,upper_confidence_bound,1,30050080.283890143
5971,fc16f_00020,151,109510.3594887882,upper_confidence_bound,1,30050080.283890143
5972,fc16f_00020,152,108826.82908387762,upper_confidence_bound,1,30050080.283890143
5973,fc16f_00020,153,108880.70786347592,upper_confidence_bound,1,30050080.283890143
5974,fc16f_00020,154,117924.15018117396,upper_confidence_bound,1,30050080.283890143
5975,fc16f_00020,155,117603.3809380243,upper_confidence_bound,1,30050080.283890143
5976,fc16f_00020,156,119273.988336373,upper_confidence_bound,1,30050080.283890143
5977,fc16f_00020,157,114280.95128595881,upper_confidence_bound,1,30050080.283890143
5978,fc16f_00020,158,109824.62756378841,upper_confidence_bound,1,30050080.283890143
5979,fc16f_00020,159,109227.83579702502,upper_confidence_bound,1,30050080.283890143
5980,fc16f_00020,160,128291.67359222421,upper_confidence_bound,1,30050080.283890143
5981,fc16f_00020,161,130693.67720503533,upper_confidence_bound,1,30050080.283890143
5982,fc16f_00020,162,131339.88435928253,upper_confidence_bound,1,30050080.283890143
5983,fc16f_00020,163,131494.10369806655,upper_confidence_bound,1,30050080.283890143
5984,fc16f_00020,164,110148.73643628584,upper_confidence_bound,1,30050080.283890143
5985,fc16f_00020,165,114212.5038352095,upper_confidence_bound,1,30050080.283890143
5986,fc16f_00020,166,112969.05859912424,upper_confidence_bound,1,30050080.283890143
5987,fc16f_00020,167,112239.31125282658,upper_confidence_bound,1,30050080.283890143
5988,fc16f_00020,168,112002.54248789052,upper_confidence_bound,1,30050080.283890143
5989,fc16f_00020,169,102571.51025206287,upper_confidence_bound,1,30050080.283890143
5990,fc16f_00020,170,102859.59630491793,upper_confidence_bound,1,30050080.283890143
5991,fc16f_00020,171,102979.7442333523,upper_confidence_bound,1,30050080.283890143
5992,fc16f_00020,172,100454.33061658026,upper_confidence_bound,1,30050080.283890143
5993,fc16f_00020,173,99099.96164570337,upper_confidence_bound,1,30050080.283890143
5994,fc16f_00020,174,96655.08410226757,upper_confidence_bound,1,30050080.283890143
5995,fc16f_00020,175,99382.62711123902,upper_confidence_bound,1,30050080.283890143
5996,fc16f_00020,176,99493.08968896487,upper_confidence_bound,1,30050080.283890143
5997,fc16f_00020,177,99357.7868741875,upper_confidence_bound,1,30050080.283890143
5998,fc16f_00020,178,101565.38846901852,upper_confidence_bound,1,30050080.283890143
5999,fc16f_00020,179,99899.75750428464,upper_confidence_bound,1,30050080.283890143
6000,fc16f_00020,180,97751.90426489516,upper_confidence_bound,1,30050080.283890143
6001,fc16f_00020,181,96724.64741455053,upper_confidence_bound,1,30050080.283890143
6002,fc16f_00020,182,87432.42345430602,upper_confidence_bound,1,30050080.283890143
6003,fc16f_00020,183,87975.42947239208,upper_confidence_bound,1,30050080.283890143
6004,fc16f_00020,184,92839.32247421803,upper_confidence_bound,1,30050080.283890143
6005,fc16f_00020,185,88617.35418980116,upper_confidence_bound,1,30050080.283890143
6006,fc16f_00020,186,87397.63146719697,upper_confidence_bound,1,30050080.283890143
6007,fc16f_00020,187,85803.39899456986,upper_confidence_bound,1,30050080.283890143
6008,fc16f_00020,188,88999.98004867802,upper_confidence_bound,1,30050080.283890143
6009,fc16f_00020,189,82262.73287060838,upper_confidence_bound,1,30050080.283890143
6010,fc16f_00020,190,73185.86094535024,upper_confidence_bound,1,30050080.283890143
6011,fc16f_00020,191,71725.07692083431,upper_confidence_bound,1,30050080.283890143
6012,fc16f_00020,192,72021.18689710902,upper_confidence_bound,1,30050080.283890143
6013,fc16f_00020,193,73079.15288429896,upper_confidence_bound,1,30050080.283890143
6014,fc16f_00020,194,73645.0122973815,upper_confidence_bound,1,30050080.283890143
6015,fc16f_00020,195,82090.26153174574,upper_confidence_bound,1,30050080.283890143
6016,fc16f_00020,196,82660.1989319607,upper_confidence_bound,1,30050080.283890143
6017,fc16f_00020,197,81992.13660942612,upper_confidence_bound,1,30050080.283890143
6018,fc16f_00020,198,79723.03212709245,upper_confidence_bound,1,30050080.283890143
6019,fc16f_00020,199,79951.39185208656,upper_confidence_bound,1,30050080.283890143
6020,fc16f_00020,200,84058.52894133443,upper_confidence_bound,1,30050080.283890143
6021,fc16f_00020,201,84940.5463291292,upper_confidence_bound,1,30050080.283890143
6022,fc16f_00020,202,85002.14577626031,upper_confidence_bound,1,30050080.283890143
6023,fc16f_00020,203,106689.49153669945,upper_confidence_bound,1,30050080.283890143
6024,fc16f_00020,204,106241.80286249198,upper_confidence_bound,1,30050080.283890143
6025,fc16f_00020,205,124282.4667787984,upper_confidence_bound,1,30050080.283890143
6026,fc16f_00020,206,122441.01336375622,upper_confidence_bound,1,30050080.283890143
6027,fc16f_00020,207,121679.21373192595,upper_confidence_bound,1,30050080.283890143
6028,fc16f_00020,208,123126.0259886436,upper_confidence_bound,1,30050080.283890143
6029,fc16f_00020,209,123286.27590460503,upper_confidence_bound,1,30050080.283890143
6030,fc16f_00020,210,123341.46482216209,upper_confidence_bound,1,30050080.283890143
6031,fc16f_00020,211,128156.85336948605,upper_confidence_bound,1,30050080.283890143
6032,fc16f_00020,212,127036.97470274639,upper_confidence_bound,1,30050080.283890143
6033,fc16f_00020,213,121050.7377898882,upper_confidence_bound,1,30050080.283890143
6034,fc16f_00020,214,116895.23132323369,upper_confidence_bound,1,30050080.283890143
6035,fc16f_00020,215,93231.30311326138,upper_confidence_bound,1,30050080.283890143
6036,fc16f_00020,216,94810.72996366418,upper_confidence_bound,1,30050080.283890143
6037,fc16f_00020,217,93918.75330560532,upper_confidence_bound,1,30050080.283890143
6038,fc16f_00020,218,93849.94248310343,upper_confidence_bound,1,30050080.283890143
6039,fc16f_00020,219,93480.46185046955,upper_confidence_bound,1,30050080.283890143
6040,fc16f_00020,220,93403.15383124564,upper_confidence_bound,1,30050080.283890143
6041,fc16f_00020,221,93473.80703339688,upper_confidence_bound,1,30050080.283890143
6042,fc16f_00020,222,92426.79403956466,upper_confidence_bound,1,30050080.283890143
6043,fc16f_00020,223,100856.5786284249,upper_confidence_bound,1,30050080.283890143
6044,fc16f_00020,224,98559.64074825779,upper_confidence_bound,1,30050080.283890143
6045,fc16f_00020,225,97872.17834960321,upper_confidence_bound,1,30050080.283890143
6046,fc16f_00020,226,95707.47865379335,upper_confidence_bound,1,30050080.283890143
6047,fc16f_00020,227,106983.11814627446,upper_confidence_bound,1,30050080.283890143
6048,fc16f_00020,228,107137.38260648308,upper_confidence_bound,1,30050080.283890143
6049,fc16f_00020,229,106580.17632719169,upper_confidence_bound,1,30050080.283890143
6050,fc16f_00020,230,107146.1762612836,upper_confidence_bound,1,30050080.283890143
6051,fc16f_00020,231,107444.65134861568,upper_confidence_bound,1,30050080.283890143
6052,fc16f_00020,232,108483.0528238727,upper_confidence_bound,1,30050080.283890143
6053,fc16f_00020,233,105415.29553623698,upper_confidence_bound,1,30050080.283890143
6054,fc16f_00020,234,105024.26220524525,upper_confidence_bound,1,30050080.283890143
6055,fc16f_00020,235,103361.80753129063,upper_confidence_bound,1,30050080.283890143
6056,fc16f_00020,236,99903.61649997863,upper_confidence_bound,1,30050080.283890143
6057,fc16f_00020,237,102948.63669638302,upper_confidence_bound,1,30050080.283890143
6058,fc16f_00020,238,107554.07901888475,upper_confidence_bound,1,30050080.283890143
6059,fc16f_00020,239,105490.21521795989,upper_confidence_bound,1,30050080.283890143
6060,fc16f_00020,240,106200.7292882478,upper_confidence_bound,1,30050080.283890143
6061,fc16f_00020,241,92868.75847094657,upper_confidence_bound,1,30050080.283890143
6062,fc16f_00020,242,108006.83097433789,upper_confidence_bound,1,30050080.283890143
6063,fc16f_00020,243,101787.23190158566,upper_confidence_bound,1,30050080.283890143
6064,fc16f_00020,244,101564.54273951819,upper_confidence_bound,1,30050080.283890143
6065,fc16f_00020,245,99433.74191141692,upper_confidence_bound,1,30050080.283890143
6066,fc16f_00020,246,98587.18704580424,upper_confidence_bound,1,30050080.283890143
6067,fc16f_00020,247,79700.46278742194,upper_confidence_bound,1,30050080.283890143
6068,fc16f_00020,248,79737.9315519523,upper_confidence_bound,1,30050080.283890143
6069,fc16f_00020,249,80470.06686600533,upper_confidence_bound,1,30050080.283890143
6070,fc16f_00020,250,80094.76390524268,upper_confidence_bound,1,30050080.283890143
6071,fc16f_00020,251,79374.63868216005,upper_confidence_bound,1,30050080.283890143
6072,fc16f_00020,252,78768.9336727494,upper_confidence_bound,1,30050080.283890143
6073,fc16f_00020,253,78752.96948478463,upper_confidence_bound,1,30050080.283890143
6074,fc16f_00020,254,77597.40039168797,upper_confidence_bound,1,30050080.283890143
6075,fc16f_00020,255,82170.4593139278,upper_confidence_bound,1,30050080.283890143
6076,fc16f_00020,256,80997.18404162706,upper_confidence_bound,1,30050080.283890143
6077,fc16f_00020,257,80538.8296160969,upper_confidence_bound,1,30050080.283890143
6078,fc16f_00020,258,84893.66346637202,upper_confidence_bound,1,30050080.283890143
6079,fc16f_00020,259,84490.60517844529,upper_confidence_bound,1,30050080.283890143
6080,fc16f_00020,260,83216.86842850759,upper_confidence_bound,1,30050080.283890143
6081,fc16f_00020,261,78284.85592965734,upper_confidence_bound,1,30050080.283890143
6082,fc16f_00020,262,74794.35674734315,upper_confidence_bound,1,30050080.283890143
6083,fc16f_00020,263,75429.31412342185,upper_confidence_bound,1,30050080.283890143
6084,fc16f_00020,264,77464.18274772812,upper_confidence_bound,1,30050080.283890143
6085,fc16f_00020,265,83568.43586474548,upper_confidence_bound,1,30050080.283890143
6086,fc16f_00020,266,85159.330278874,upper_confidence_bound,1,30050080.283890143
6087,fc16f_00020,267,88441.72415980329,upper_confidence_bound,1,30050080.283890143
6088,fc16f_00020,268,88226.85598130911,upper_confidence_bound,1,30050080.283890143
6089,fc16f_00020,269,81016.50795067332,upper_confidence_bound,1,30050080.283890143
6090,fc16f_00020,270,75159.95686288031,upper_confidence_bound,1,30050080.283890143
6091,fc16f_00020,271,77171.1370473818,upper_confidence_bound,1,30050080.283890143
6092,fc16f_00020,272,77422.48253456733,upper_confidence_bound,1,30050080.283890143
6093,fc16f_00020,273,80034.56879710613,upper_confidence_bound,1,30050080.283890143
6094,fc16f_00020,274,73579.70718171177,upper_confidence_bound,1,30050080.283890143
6095,fc16f_00020,275,69647.86072306897,upper_confidence_bound,1,30050080.283890143
6096,fc16f_00020,276,66172.08952327116,upper_confidence_bound,1,30050080.283890143
6097,fc16f_00020,277,64959.4500514179,upper_confidence_bound,1,30050080.283890143
6098,fc16f_00020,278,63835.41393590547,upper_confidence_bound,1,30050080.283890143
6099,fc16f_00020,279,63791.17895181119,upper_confidence_bound,1,30050080.283890143
6100,fc16f_00020,280,67921.9232903962,upper_confidence_bound,1,30050080.283890143
6101,fc16f_00020,281,68064.30738458302,upper_confidence_bound,1,30050080.283890143
6102,fc16f_00020,282,71372.97050234588,upper_confidence_bound,1,30050080.283890143
6103,fc16f_00020,283,59392.729356438555,upper_confidence_bound,1,30050080.283890143
6104,fc16f_00020,284,59333.26246070825,upper_confidence_bound,1,30050080.283890143
6105,fc16f_00020,285,62939.29871236489,upper_confidence_bound,1,30050080.283890143
6106,fc16f_00020,286,59098.01997023556,upper_confidence_bound,1,30050080.283890143
6107,fc16f_00020,287,58370.626680189336,upper_confidence_bound,1,30050080.283890143
6108,fc16f_00020,288,53213.703380376006,upper_confidence_bound,1,30050080.283890143
6109,fc16f_00020,289,52771.03246428321,upper_confidence_bound,1,30050080.283890143
6110,fc16f_00020,290,50779.97429384282,upper_confidence_bound,1,30050080.283890143
6111,fc16f_00021,0,7462.718005199594,upper_confidence_bound,2,25266482.579115074
6112,fc16f_00021,1,7886.6731276917135,upper_confidence_bound,2,25266482.579115074
6113,fc16f_00021,2,46220.34061032757,upper_confidence_bound,2,25266482.579115074
6114,fc16f_00021,3,7028.046412254469,upper_confidence_bound,2,25266482.579115074
6115,fc16f_00021,4,7276.820341862451,upper_confidence_bound,2,25266482.579115074
6116,fc16f_00021,5,9773.907729835171,upper_confidence_bound,2,25266482.579115074
6117,fc16f_00021,6,9199.887757141549,upper_confidence_bound,2,25266482.579115074
6118,fc16f_00021,7,5880.688803893855,upper_confidence_bound,2,25266482.579115074
6119,fc16f_00021,8,8369.432106535674,upper_confidence_bound,2,25266482.579115074
6120,fc16f_00021,9,9742.078292286376,upper_confidence_bound,2,25266482.579115074
6121,fc16f_00021,10,8084.481968116364,upper_confidence_bound,2,25266482.579115074
6122,fc16f_00021,11,7990.233408417308,upper_confidence_bound,2,25266482.579115074
6123,fc16f_00021,12,6507.58294320075,upper_confidence_bound,2,25266482.579115074
6124,fc16f_00021,13,6774.03360208206,upper_confidence_bound,2,25266482.579115074
6125,fc16f_00021,14,7476.284863136265,upper_confidence_bound,2,25266482.579115074
6126,fc16f_00021,15,7068.41501177255,upper_confidence_bound,2,25266482.579115074
6127,fc16f_00021,16,7062.058424921536,upper_confidence_bound,2,25266482.579115074
6128,fc16f_00021,17,7167.512940857989,upper_confidence_bound,2,25266482.579115074
6129,fc16f_00021,18,7096.978069249441,upper_confidence_bound,2,25266482.579115074
6130,fc16f_00021,19,6012.865008353126,upper_confidence_bound,2,25266482.579115074
6131,fc16f_00021,20,5870.021160133793,upper_confidence_bound,2,25266482.579115074
6132,fc16f_00021,21,6016.756362083502,upper_confidence_bound,2,25266482.579115074
6133,fc16f_00021,22,35199.2732723402,upper_confidence_bound,2,25266482.579115074
6134,fc16f_00021,23,45229.41242755793,upper_confidence_bound,2,25266482.579115074
6135,fc16f_00021,24,44115.04724643113,upper_confidence_bound,2,25266482.579115074
6136,fc16f_00021,25,60874.09760833364,upper_confidence_bound,2,25266482.579115074
6137,fc16f_00021,26,72899.54161901814,upper_confidence_bound,2,25266482.579115074
6138,fc16f_00021,27,113686.96533142983,upper_confidence_bound,2,25266482.579115074
6139,fc16f_00021,28,98198.72630413249,upper_confidence_bound,2,25266482.579115074
6140,fc16f_00021,29,90529.99493948133,upper_confidence_bound,2,25266482.579115074
6141,fc16f_00021,30,113794.7688608935,upper_confidence_bound,2,25266482.579115074
6142,fc16f_00021,31,154420.23116324787,upper_confidence_bound,2,25266482.579115074
6143,fc16f_00021,32,162511.8505613123,upper_confidence_bound,2,25266482.579115074
6144,fc16f_00021,33,131925.31053397802,upper_confidence_bound,2,25266482.579115074
6145,fc16f_00021,34,105026.12192098191,upper_confidence_bound,2,25266482.579115074
6146,fc16f_00021,35,145032.79190239366,upper_confidence_bound,2,25266482.579115074
6147,fc16f_00021,36,138826.70874491817,upper_confidence_bound,2,25266482.579115074
6148,fc16f_00021,37,121826.63269795991,upper_confidence_bound,2,25266482.579115074
6149,fc16f_00021,38,63163.084097571744,upper_confidence_bound,2,25266482.579115074
6150,fc16f_00021,39,42353.45677381884,upper_confidence_bound,2,25266482.579115074
6151,fc16f_00021,40,43287.00370791178,upper_confidence_bound,2,25266482.579115074
6152,fc16f_00021,41,46685.84266701893,upper_confidence_bound,2,25266482.579115074
6153,fc16f_00021,42,36979.08835594271,upper_confidence_bound,2,25266482.579115074
6154,fc16f_00021,43,41449.53289954709,upper_confidence_bound,2,25266482.579115074
6155,fc16f_00021,44,39799.584400298365,upper_confidence_bound,2,25266482.579115074
6156,fc16f_00021,45,41588.482859989526,upper_confidence_bound,2,25266482.579115074
6157,fc16f_00021,46,27726.2034542191,upper_confidence_bound,2,25266482.579115074
6158,fc16f_00021,47,20988.947474191133,upper_confidence_bound,2,25266482.579115074
6159,fc16f_00021,48,30476.498791497856,upper_confidence_bound,2,25266482.579115074
6160,fc16f_00021,49,34567.769977323485,upper_confidence_bound,2,25266482.579115074
6161,fc16f_00021,50,32328.71629937703,upper_confidence_bound,2,25266482.579115074
6162,fc16f_00021,51,29097.51525266059,upper_confidence_bound,2,25266482.579115074
6163,fc16f_00021,52,31007.21248255011,upper_confidence_bound,2,25266482.579115074
6164,fc16f_00021,53,28351.321821228823,upper_confidence_bound,2,25266482.579115074
6165,fc16f_00021,54,23027.184973617233,upper_confidence_bound,2,25266482.579115074
6166,fc16f_00021,55,26859.002159948122,upper_confidence_bound,2,25266482.579115074
6167,fc16f_00021,56,27498.518036944904,upper_confidence_bound,2,25266482.579115074
6168,fc16f_00021,57,27144.059980850732,upper_confidence_bound,2,25266482.579115074
6169,fc16f_00021,58,28843.035709800013,upper_confidence_bound,2,25266482.579115074
6170,fc16f_00021,59,29336.94845208912,upper_confidence_bound,2,25266482.579115074
6171,fc16f_00021,60,31084.16982901803,upper_confidence_bound,2,25266482.579115074
6172,fc16f_00021,61,29579.43195797004,upper_confidence_bound,2,25266482.579115074
6173,fc16f_00021,62,31282.29198056889,upper_confidence_bound,2,25266482.579115074
6174,fc16f_00021,63,49533.50249866402,upper_confidence_bound,2,25266482.579115074
6175,fc16f_00021,64,39538.90399735261,upper_confidence_bound,2,25266482.579115074
6176,fc16f_00021,65,37805.09853799078,upper_confidence_bound,2,25266482.579115074
6177,fc16f_00021,66,38534.63519404078,upper_confidence_bound,2,25266482.579115074
6178,fc16f_00021,67,37467.817764928346,upper_confidence_bound,2,25266482.579115074
6179,fc16f_00021,68,36442.26918136724,upper_confidence_bound,2,25266482.579115074
6180,fc16f_00021,69,52222.554630580635,upper_confidence_bound,2,25266482.579115074
6181,fc16f_00021,70,52253.00291190078,upper_confidence_bound,2,25266482.579115074
6182,fc16f_00021,71,51967.36259844426,upper_confidence_bound,2,25266482.579115074
6183,fc16f_00021,72,50930.988821202394,upper_confidence_bound,2,25266482.579115074
6184,fc16f_00021,73,48411.8361188965,upper_confidence_bound,2,25266482.579115074
6185,fc16f_00021,74,52611.33888020613,upper_confidence_bound,2,25266482.579115074
6186,fc16f_00021,75,55809.571746023,upper_confidence_bound,2,25266482.579115074
6187,fc16f_00021,76,53863.55410328275,upper_confidence_bound,2,25266482.579115074
6188,fc16f_00021,77,44391.504951809125,upper_confidence_bound,2,25266482.579115074
6189,fc16f_00021,78,43326.155000988685,upper_confidence_bound,2,25266482.579115074
6190,fc16f_00021,79,41838.76699686424,upper_confidence_bound,2,25266482.579115074
6191,fc16f_00021,80,45903.66691921591,upper_confidence_bound,2,25266482.579115074
6192,fc16f_00021,81,47524.046227026156,upper_confidence_bound,2,25266482.579115074
6193,fc16f_00021,82,46133.076286641604,upper_confidence_bound,2,25266482.579115074
6194,fc16f_00021,83,46326.59781877846,upper_confidence_bound,2,25266482.579115074
6195,fc16f_00021,84,46999.174907485154,upper_confidence_bound,2,25266482.579115074
6196,fc16f_00021,85,47554.07206655535,upper_confidence_bound,2,25266482.579115074
6197,fc16f_00021,86,45023.002881990455,upper_confidence_bound,2,25266482.579115074
6198,fc16f_00021,87,44205.59115728378,upper_confidence_bound,2,25266482.579115074
6199,fc16f_00021,88,44046.35077886755,upper_confidence_bound,2,25266482.579115074
6200,fc16f_00021,89,46272.30669038929,upper_confidence_bound,2,25266482.579115074
6201,fc16f_00021,90,46949.81242226004,upper_confidence_bound,2,25266482.579115074
6202,fc16f_00021,91,43943.051893167234,upper_confidence_bound,2,25266482.579115074
6203,fc16f_00021,92,45322.66455731121,upper_confidence_bound,2,25266482.579115074
6204,fc16f_00021,93,49035.394177570946,upper_confidence_bound,2,25266482.579115074
6205,fc16f_00021,94,52363.74313642812,upper_confidence_bound,2,25266482.579115074
6206,fc16f_00021,95,55912.32468921722,upper_confidence_bound,2,25266482.579115074
6207,fc16f_00021,96,50969.815113197044,upper_confidence_bound,2,25266482.579115074
6208,fc16f_00021,97,46989.21111892434,upper_confidence_bound,2,25266482.579115074
6209,fc16f_00021,98,51087.866248029655,upper_confidence_bound,2,25266482.579115074
6210,fc16f_00021,99,50211.994793175916,upper_confidence_bound,2,25266482.579115074
6211,fc16f_00021,100,59457.73529015374,upper_confidence_bound,2,25266482.579115074
6212,fc16f_00021,101,66880.7868278266,upper_confidence_bound,2,25266482.579115074
6213,fc16f_00021,102,65368.16973731402,upper_confidence_bound,2,25266482.579115074
6214,fc16f_00021,103,66905.624079995,upper_confidence_bound,2,25266482.579115074
6215,fc16f_00021,104,68290.70549591506,upper_confidence_bound,2,25266482.579115074
6216,fc16f_00021,105,73517.39181959227,upper_confidence_bound,2,25266482.579115074
6217,fc16f_00021,106,75228.23788546356,upper_confidence_bound,2,25266482.579115074
6218,fc16f_00021,107,72307.99805812,upper_confidence_bound,2,25266482.579115074
6219,fc16f_00021,108,76369.91761019615,upper_confidence_bound,2,25266482.579115074
6220,fc16f_00021,109,75876.39924513079,upper_confidence_bound,2,25266482.579115074
6221,fc16f_00021,110,67187.02808382716,upper_confidence_bound,2,25266482.579115074
6222,fc16f_00021,111,68427.53123875501,upper_confidence_bound,2,25266482.579115074
6223,fc16f_00021,112,67865.68917281786,upper_confidence_bound,2,25266482.579115074
6224,fc16f_00021,113,67728.78491703888,upper_confidence_bound,2,25266482.579115074
6225,fc16f_00021,114,66899.80171410277,upper_confidence_bound,2,25266482.579115074
6226,fc16f_00021,115,69460.3580687949,upper_confidence_bound,2,25266482.579115074
6227,fc16f_00021,116,67745.02494186418,upper_confidence_bound,2,25266482.579115074
6228,fc16f_00021,117,61952.064654099086,upper_confidence_bound,2,25266482.579115074
6229,fc16f_00021,118,63140.095853191146,upper_confidence_bound,2,25266482.579115074
6230,fc16f_00021,119,68493.09530209651,upper_confidence_bound,2,25266482.579115074
6231,fc16f_00021,120,64761.90838671551,upper_confidence_bound,2,25266482.579115074
6232,fc16f_00021,121,64878.80900909808,upper_confidence_bound,2,25266482.579115074
6233,fc16f_00021,122,65306.82736254993,upper_confidence_bound,2,25266482.579115074
6234,fc16f_00021,123,65328.041713815524,upper_confidence_bound,2,25266482.579115074
6235,fc16f_00021,124,66387.57607977655,upper_confidence_bound,2,25266482.579115074
6236,fc16f_00021,125,66557.74393276164,upper_confidence_bound,2,25266482.579115074
6237,fc16f_00021,126,68909.57727012277,upper_confidence_bound,2,25266482.579115074
6238,fc16f_00021,127,67264.66730287828,upper_confidence_bound,2,25266482.579115074
6239,fc16f_00021,128,67219.25092176326,upper_confidence_bound,2,25266482.579115074
6240,fc16f_00021,129,63519.83326506025,upper_confidence_bound,2,25266482.579115074
6241,fc16f_00021,130,66132.76597285474,upper_confidence_bound,2,25266482.579115074
6242,fc16f_00021,131,65281.59806948225,upper_confidence_bound,2,25266482.579115074
6243,fc16f_00021,132,63969.017317098755,upper_confidence_bound,2,25266482.579115074
6244,fc16f_00021,133,70016.99212441947,upper_confidence_bound,2,25266482.579115074
6245,fc16f_00021,134,61488.80519645744,upper_confidence_bound,2,25266482.579115074
6246,fc16f_00021,135,63376.719784661735,upper_confidence_bound,2,25266482.579115074
6247,fc16f_00021,136,63789.185941330965,upper_confidence_bound,2,25266482.579115074
6248,fc16f_00021,137,62756.971885793406,upper_confidence_bound,2,25266482.579115074
6249,fc16f_00021,138,62305.76884257257,upper_confidence_bound,2,25266482.579115074
6250,fc16f_00021,139,60058.4600113344,upper_confidence_bound,2,25266482.579115074
6251,fc16f_00021,140,60220.69554731896,upper_confidence_bound,2,25266482.579115074
6252,fc16f_00021,141,60356.11090319749,upper_confidence_bound,2,25266482.579115074
6253,fc16f_00021,142,63256.188298178,upper_confidence_bound,2,25266482.579115074
6254,fc16f_00021,143,63038.18368074641,upper_confidence_bound,2,25266482.579115074
6255,fc16f_00021,144,62741.34340816298,upper_confidence_bound,2,25266482.579115074
6256,fc16f_00021,145,62920.65606573349,upper_confidence_bound,2,25266482.579115074
6257,fc16f_00021,146,60911.15444236365,upper_confidence_bound,2,25266482.579115074
6258,fc16f_00021,147,61326.010492369474,upper_confidence_bound,2,25266482.579115074
6259,fc16f_00021,148,61280.237814489694,upper_confidence_bound,2,25266482.579115074
6260,fc16f_00021,149,60289.951514307875,upper_confidence_bound,2,25266482.579115074
6261,fc16f_00021,150,69910.90906934343,upper_confidence_bound,2,25266482.579115074
6262,fc16f_00021,151,67976.72305451329,upper_confidence_bound,2,25266482.579115074
6263,fc16f_00021,152,69380.96459316369,upper_confidence_bound,2,25266482.579115074
6264,fc16f_00021,153,72552.54365661064,upper_confidence_bound,2,25266482.579115074
6265,fc16f_00021,154,76357.55461984579,upper_confidence_bound,2,25266482.579115074
6266,fc16f_00021,155,79466.16156652571,upper_confidence_bound,2,25266482.579115074
6267,fc16f_00021,156,80323.84731697166,upper_confidence_bound,2,25266482.579115074
6268,fc16f_00021,157,83844.31822265901,upper_confidence_bound,2,25266482.579115074
6269,fc16f_00021,158,92156.05307694327,upper_confidence_bound,2,25266482.579115074
6270,fc16f_00021,159,100300.45005310493,upper_confidence_bound,2,25266482.579115074
6271,fc16f_00021,160,100932.51596166391,upper_confidence_bound,2,25266482.579115074
6272,fc16f_00021,161,107908.69017381383,upper_confidence_bound,2,25266482.579115074
6273,fc16f_00021,162,107792.35266924577,upper_confidence_bound,2,25266482.579115074
6274,fc16f_00021,163,107380.44937643189,upper_confidence_bound,2,25266482.579115074
6275,fc16f_00021,164,107613.5191265274,upper_confidence_bound,2,25266482.579115074
6276,fc16f_00021,165,105813.17033268587,upper_confidence_bound,2,25266482.579115074
6277,fc16f_00021,166,108094.3678522056,upper_confidence_bound,2,25266482.579115074
6278,fc16f_00021,167,105338.84646453071,upper_confidence_bound,2,25266482.579115074
6279,fc16f_00021,168,102255.8760943603,upper_confidence_bound,2,25266482.579115074
6280,fc16f_00021,169,102455.73832021137,upper_confidence_bound,2,25266482.579115074
6281,fc16f_00021,170,100907.61071715092,upper_confidence_bound,2,25266482.579115074
6282,fc16f_00021,171,100802.2828815962,upper_confidence_bound,2,25266482.579115074
6283,fc16f_00021,172,102023.24811768261,upper_confidence_bound,2,25266482.579115074
6284,fc16f_00021,173,103118.30723918762,upper_confidence_bound,2,25266482.579115074
6285,fc16f_00021,174,101622.2941974854,upper_confidence_bound,2,25266482.579115074
6286,fc16f_00021,175,99162.53556002736,upper_confidence_bound,2,25266482.579115074
6287,fc16f_00021,176,102860.5699417898,upper_confidence_bound,2,25266482.579115074
6288,fc16f_00021,177,103004.07468419192,upper_confidence_bound,2,25266482.579115074
6289,fc16f_00021,178,101321.94737194026,upper_confidence_bound,2,25266482.579115074
6290,fc16f_00021,179,99994.68721350867,upper_confidence_bound,2,25266482.579115074
6291,fc16f_00021,180,99548.24075921507,upper_confidence_bound,2,25266482.579115074
6292,fc16f_00021,181,99208.18509600496,upper_confidence_bound,2,25266482.579115074
6293,fc16f_00021,182,99105.27595790809,upper_confidence_bound,2,25266482.579115074
6294,fc16f_00021,183,99748.00201775505,upper_confidence_bound,2,25266482.579115074
6295,fc16f_00021,184,98979.10859624528,upper_confidence_bound,2,25266482.579115074
6296,fc16f_00021,185,98834.36982520024,upper_confidence_bound,2,25266482.579115074
6297,fc16f_00021,186,104542.84827546688,upper_confidence_bound,2,25266482.579115074
6298,fc16f_00021,187,104744.43226655014,upper_confidence_bound,2,25266482.579115074
6299,fc16f_00021,188,106998.45388968695,upper_confidence_bound,2,25266482.579115074
6300,fc16f_00021,189,119398.23634032224,upper_confidence_bound,2,25266482.579115074
6301,fc16f_00021,190,116679.06839455914,upper_confidence_bound,2,25266482.579115074
6302,fc16f_00021,191,119484.69970534247,upper_confidence_bound,2,25266482.579115074
6303,fc16f_00021,192,123275.23530187357,upper_confidence_bound,2,25266482.579115074
6304,fc16f_00021,193,128959.95060078838,upper_confidence_bound,2,25266482.579115074
6305,fc16f_00021,194,131533.32836297742,upper_confidence_bound,2,25266482.579115074
6306,fc16f_00021,195,149143.701067211,upper_confidence_bound,2,25266482.579115074
6307,fc16f_00021,196,148426.10201624274,upper_confidence_bound,2,25266482.579115074
6308,fc16f_00021,197,150876.95730811116,upper_confidence_bound,2,25266482.579115074
6309,fc16f_00021,198,151495.15923430875,upper_confidence_bound,2,25266482.579115074
6310,fc16f_00021,199,141308.75545730948,upper_confidence_bound,2,25266482.579115074
6311,fc16f_00021,200,143107.91944623188,upper_confidence_bound,2,25266482.579115074
6312,fc16f_00021,201,139066.81157398957,upper_confidence_bound,2,25266482.579115074
6313,fc16f_00021,202,139372.8580005179,upper_confidence_bound,2,25266482.579115074
6314,fc16f_00021,203,139251.09505745547,upper_confidence_bound,2,25266482.579115074
6315,fc16f_00021,204,120786.34271791171,upper_confidence_bound,2,25266482.579115074
6316,fc16f_00021,205,115230.46564961765,upper_confidence_bound,2,25266482.579115074
6317,fc16f_00021,206,116648.72011247708,upper_confidence_bound,2,25266482.579115074
6318,fc16f_00021,207,118357.76689160438,upper_confidence_bound,2,25266482.579115074
6319,fc16f_00021,208,120450.38785718588,upper_confidence_bound,2,25266482.579115074
6320,fc16f_00021,209,147673.72018371723,upper_confidence_bound,2,25266482.579115074
6321,fc16f_00021,210,155806.95212314615,upper_confidence_bound,2,25266482.579115074
6322,fc16f_00021,211,155854.64457678818,upper_confidence_bound,2,25266482.579115074
6323,fc16f_00021,212,156269.65325399057,upper_confidence_bound,2,25266482.579115074
6324,fc16f_00021,213,152852.80492047383,upper_confidence_bound,2,25266482.579115074
6325,fc16f_00021,214,153030.2643179139,upper_confidence_bound,2,25266482.579115074
6326,fc16f_00021,215,159642.42989612423,upper_confidence_bound,2,25266482.579115074
6327,fc16f_00021,216,154495.54561524655,upper_confidence_bound,2,25266482.579115074
6328,fc16f_00021,217,155538.81419577583,upper_confidence_bound,2,25266482.579115074
6329,fc16f_00021,218,154906.20151505052,upper_confidence_bound,2,25266482.579115074
6330,fc16f_00021,219,155091.79513847127,upper_confidence_bound,2,25266482.579115074
6331,fc16f_00021,220,160324.5648178713,upper_confidence_bound,2,25266482.579115074
6332,fc16f_00021,221,160630.3155650868,upper_confidence_bound,2,25266482.579115074
6333,fc16f_00021,222,160413.82640430107,upper_confidence_bound,2,25266482.579115074
6334,fc16f_00021,223,162597.73407870988,upper_confidence_bound,2,25266482.579115074
6335,fc16f_00021,224,166706.92340155825,upper_confidence_bound,2,25266482.579115074
6336,fc16f_00021,225,165717.37048628225,upper_confidence_bound,2,25266482.579115074
6337,fc16f_00021,226,185610.6065991758,upper_confidence_bound,2,25266482.579115074
6338,fc16f_00021,227,185465.93077089122,upper_confidence_bound,2,25266482.579115074
6339,fc16f_00021,228,188620.43649235053,upper_confidence_bound,2,25266482.579115074
6340,fc16f_00021,229,170893.35107666044,upper_confidence_bound,2,25266482.579115074
6341,fc16f_00021,230,166652.28993203837,upper_confidence_bound,2,25266482.579115074
6342,fc16f_00021,231,173558.11290546771,upper_confidence_bound,2,25266482.579115074
6343,fc16f_00021,232,179798.61645120612,upper_confidence_bound,2,25266482.579115074
6344,fc16f_00021,233,198055.99048880546,upper_confidence_bound,2,25266482.579115074
6345,fc16f_00021,234,195339.18760774937,upper_confidence_bound,2,25266482.579115074
6346,fc16f_00021,235,170093.93797732078,upper_confidence_bound,2,25266482.579115074
6347,fc16f_00021,236,171646.816655421,upper_confidence_bound,2,25266482.579115074
6348,fc16f_00021,237,182698.96629146044,upper_confidence_bound,2,25266482.579115074
6349,fc16f_00021,238,204290.87238916222,upper_confidence_bound,2,25266482.579115074
6350,fc16f_00021,239,177715.02564705964,upper_confidence_bound,2,25266482.579115074
6351,fc16f_00021,240,174976.43587740633,upper_confidence_bound,2,25266482.579115074
6352,fc16f_00021,241,188074.58314736016,upper_confidence_bound,2,25266482.579115074
6353,fc16f_00021,242,167635.22473598213,upper_confidence_bound,2,25266482.579115074
6354,fc16f_00021,243,168132.80459860724,upper_confidence_bound,2,25266482.579115074
6355,fc16f_00021,244,168122.21015335858,upper_confidence_bound,2,25266482.579115074
6356,fc16f_00021,245,167877.2855509546,upper_confidence_bound,2,25266482.579115074
6357,fc16f_00021,246,165720.25225030395,upper_confidence_bound,2,25266482.579115074
6358,fc16f_00021,247,162804.64854214396,upper_confidence_bound,2,25266482.579115074
6359,fc16f_00021,248,160244.19214619533,upper_confidence_bound,2,25266482.579115074
6360,fc16f_00021,249,158018.95680903757,upper_confidence_bound,2,25266482.579115074
6361,fc16f_00021,250,155778.25529777445,upper_confidence_bound,2,25266482.579115074
6362,fc16f_00021,251,151048.35531684625,upper_confidence_bound,2,25266482.579115074
6363,fc16f_00021,252,117204.35463737411,upper_confidence_bound,2,25266482.579115074
6364,fc16f_00021,253,118220.01851988026,upper_confidence_bound,2,25266482.579115074
6365,fc16f_00021,254,107867.67002987757,upper_confidence_bound,2,25266482.579115074
6366,fc16f_00021,255,97908.15239736853,upper_confidence_bound,2,25266482.579115074
6367,fc16f_00021,256,99118.78081979245,upper_confidence_bound,2,25266482.579115074
6368,fc16f_00021,257,99119.61652121179,upper_confidence_bound,2,25266482.579115074
6369,fc16f_00021,258,102058.94140627925,upper_confidence_bound,2,25266482.579115074
6370,fc16f_00021,259,101703.55605874788,upper_confidence_bound,2,25266482.579115074
6371,fc16f_00021,260,105347.60004676919,upper_confidence_bound,2,25266482.579115074
6372,fc16f_00021,261,102362.90883842595,upper_confidence_bound,2,25266482.579115074
6373,fc16f_00021,262,102382.45909873623,upper_confidence_bound,2,25266482.579115074
6374,fc16f_00021,263,101885.08161775307,upper_confidence_bound,2,25266482.579115074
6375,fc16f_00021,264,103993.6953770861,upper_confidence_bound,2,25266482.579115074
6376,fc16f_00021,265,103980.34621106304,upper_confidence_bound,2,25266482.579115074
6377,fc16f_00021,266,105355.18770560241,upper_confidence_bound,2,25266482.579115074
6378,fc16f_00021,267,101391.26213943202,upper_confidence_bound,2,25266482.579115074
6379,fc16f_00021,268,112853.29232104383,upper_confidence_bound,2,25266482.579115074
6380,fc16f_00021,269,121564.14290811811,upper_confidence_bound,2,25266482.579115074
6381,fc16f_00021,270,121285.99959958137,upper_confidence_bound,2,25266482.579115074
6382,fc16f_00021,271,127113.61294698587,upper_confidence_bound,2,25266482.579115074
6383,fc16f_00021,272,118399.04147815845,upper_confidence_bound,2,25266482.579115074
6384,fc16f_00021,273,117133.94977133683,upper_confidence_bound,2,25266482.579115074
6385,fc16f_00021,274,112981.64135071043,upper_confidence_bound,2,25266482.579115074
6386,fc16f_00021,275,105817.98286148945,upper_confidence_bound,2,25266482.579115074
6387,fc16f_00021,276,103842.77438646549,upper_confidence_bound,2,25266482.579115074
6388,fc16f_00021,277,103024.74326111434,upper_confidence_bound,2,25266482.579115074
6389,fc16f_00021,278,107053.35855353046,upper_confidence_bound,2,25266482.579115074
6390,fc16f_00021,279,102783.98311394545,upper_confidence_bound,2,25266482.579115074
6391,fc16f_00021,280,98356.91197412385,upper_confidence_bound,2,25266482.579115074
6392,fc16f_00021,281,92862.67232720726,upper_confidence_bound,2,25266482.579115074
6393,fc16f_00021,282,92455.45472220897,upper_confidence_bound,2,25266482.579115074
6394,fc16f_00021,283,92595.38990300933,upper_confidence_bound,2,25266482.579115074
6395,fc16f_00021,284,88721.21345485748,upper_confidence_bound,2,25266482.579115074
6396,fc16f_00021,285,86229.7458742877,upper_confidence_bound,2,25266482.579115074
6397,fc16f_00021,286,89462.22476750187,upper_confidence_bound,2,25266482.579115074
6398,fc16f_00021,287,82771.42177549901,upper_confidence_bound,2,25266482.579115074
6399,fc16f_00021,288,82494.88332964902,upper_confidence_bound,2,25266482.579115074
6400,fc16f_00021,289,79120.0513278289,upper_confidence_bound,2,25266482.579115074
6401,fc16f_00021,290,65363.00864980249,upper_confidence_bound,2,25266482.579115074
6402,fc16f_00022,0,16949.55331308599,upper_confidence_bound,3,24515654.60532894
6403,fc16f_00022,1,6767.698195813269,upper_confidence_bound,3,24515654.60532894
6404,fc16f_00022,2,6596.126618913039,upper_confidence_bound,3,24515654.60532894
6405,fc16f_00022,3,8149.5407576986445,upper_confidence_bound,3,24515654.60532894
6406,fc16f_00022,4,9401.050166346196,upper_confidence_bound,3,24515654.60532894
6407,fc16f_00022,5,8381.990721424136,upper_confidence_bound,3,24515654.60532894
6408,fc16f_00022,6,7825.374270557826,upper_confidence_bound,3,24515654.60532894
6409,fc16f_00022,7,7389.98960471035,upper_confidence_bound,3,24515654.60532894
6410,fc16f_00022,8,7464.165287584183,upper_confidence_bound,3,24515654.60532894
6411,fc16f_00022,9,8108.713381925598,upper_confidence_bound,3,24515654.60532894
6412,fc16f_00022,10,8186.968213472689,upper_confidence_bound,3,24515654.60532894
6413,fc16f_00022,11,8034.89095176073,upper_confidence_bound,3,24515654.60532894
6414,fc16f_00022,12,9140.09153825075,upper_confidence_bound,3,24515654.60532894
6415,fc16f_00022,13,9044.665024935159,upper_confidence_bound,3,24515654.60532894
6416,fc16f_00022,14,8934.086036212042,upper_confidence_bound,3,24515654.60532894
6417,fc16f_00022,15,9081.59387486301,upper_confidence_bound,3,24515654.60532894
6418,fc16f_00022,16,8992.223066134438,upper_confidence_bound,3,24515654.60532894
6419,fc16f_00022,17,13255.616475066452,upper_confidence_bound,3,24515654.60532894
6420,fc16f_00022,18,15772.406515689052,upper_confidence_bound,3,24515654.60532894
6421,fc16f_00022,19,17275.88385191255,upper_confidence_bound,3,24515654.60532894
6422,fc16f_00022,20,17122.80523350344,upper_confidence_bound,3,24515654.60532894
6423,fc16f_00022,21,18381.613702913543,upper_confidence_bound,3,24515654.60532894
6424,fc16f_00022,22,16463.24322925095,upper_confidence_bound,3,24515654.60532894
6425,fc16f_00022,23,24674.76604104404,upper_confidence_bound,3,24515654.60532894
6426,fc16f_00022,24,27276.50821418053,upper_confidence_bound,3,24515654.60532894
6427,fc16f_00022,25,26233.236160933473,upper_confidence_bound,3,24515654.60532894
6428,fc16f_00022,26,38710.09476408641,upper_confidence_bound,3,24515654.60532894
6429,fc16f_00022,27,33397.55300511247,upper_confidence_bound,3,24515654.60532894
6430,fc16f_00022,28,27183.716728378018,upper_confidence_bound,3,24515654.60532894
6431,fc16f_00022,29,33679.182678458186,upper_confidence_bound,3,24515654.60532894
6432,fc16f_00022,30,20420.41916205989,upper_confidence_bound,3,24515654.60532894
6433,fc16f_00022,31,19207.44136878836,upper_confidence_bound,3,24515654.60532894
6434,fc16f_00022,32,16828.81373049054,upper_confidence_bound,3,24515654.60532894
6435,fc16f_00022,33,21468.922320806287,upper_confidence_bound,3,24515654.60532894
6436,fc16f_00022,34,22447.824119021985,upper_confidence_bound,3,24515654.60532894
6437,fc16f_00022,35,22727.754922476128,upper_confidence_bound,3,24515654.60532894
6438,fc16f_00022,36,22720.39093469459,upper_confidence_bound,3,24515654.60532894
6439,fc16f_00022,37,22783.058233710424,upper_confidence_bound,3,24515654.60532894
6440,fc16f_00022,38,25711.907770384496,upper_confidence_bound,3,24515654.60532894
6441,fc16f_00022,39,23794.465590446256,upper_confidence_bound,3,24515654.60532894
6442,fc16f_00022,40,55932.43628620738,upper_confidence_bound,3,24515654.60532894
6443,fc16f_00022,41,46217.37907599745,upper_confidence_bound,3,24515654.60532894
6444,fc16f_00022,42,46809.93810327136,upper_confidence_bound,3,24515654.60532894
6445,fc16f_00022,43,44584.545009989124,upper_confidence_bound,3,24515654.60532894
6446,fc16f_00022,44,45101.55834599968,upper_confidence_bound,3,24515654.60532894
6447,fc16f_00022,45,44228.03527967338,upper_confidence_bound,3,24515654.60532894
6448,fc16f_00022,46,43409.48430497416,upper_confidence_bound,3,24515654.60532894
6449,fc16f_00022,47,49239.49716778375,upper_confidence_bound,3,24515654.60532894
6450,fc16f_00022,48,47077.46056130779,upper_confidence_bound,3,24515654.60532894
6451,fc16f_00022,49,46887.38243304037,upper_confidence_bound,3,24515654.60532894
6452,fc16f_00022,50,50049.591522272414,upper_confidence_bound,3,24515654.60532894
6453,fc16f_00022,51,48957.049090266104,upper_confidence_bound,3,24515654.60532894
6454,fc16f_00022,52,48930.78600853702,upper_confidence_bound,3,24515654.60532894
6455,fc16f_00022,53,47535.43619578777,upper_confidence_bound,3,24515654.60532894
6456,fc16f_00022,54,46543.34033102102,upper_confidence_bound,3,24515654.60532894
6457,fc16f_00022,55,42580.20506524502,upper_confidence_bound,3,24515654.60532894
6458,fc16f_00022,56,46577.58567894021,upper_confidence_bound,3,24515654.60532894
6459,fc16f_00022,57,42393.969181854576,upper_confidence_bound,3,24515654.60532894
6460,fc16f_00022,58,42185.909963849255,upper_confidence_bound,3,24515654.60532894
6461,fc16f_00022,59,41436.51785868247,upper_confidence_bound,3,24515654.60532894
6462,fc16f_00022,60,42464.34235869793,upper_confidence_bound,3,24515654.60532894
6463,fc16f_00022,61,40204.80435265066,upper_confidence_bound,3,24515654.60532894
6464,fc16f_00022,62,40282.18036194961,upper_confidence_bound,3,24515654.60532894
6465,fc16f_00022,63,42794.19382782629,upper_confidence_bound,3,24515654.60532894
6466,fc16f_00022,64,46534.92333948458,upper_confidence_bound,3,24515654.60532894
6467,fc16f_00022,65,46084.656784927036,upper_confidence_bound,3,24515654.60532894
6468,fc16f_00022,66,52350.01198583493,upper_confidence_bound,3,24515654.60532894
6469,fc16f_00022,67,83598.25338224992,upper_confidence_bound,3,24515654.60532894
6470,fc16f_00022,68,85496.86798592717,upper_confidence_bound,3,24515654.60532894
6471,fc16f_00022,69,73115.2463087689,upper_confidence_bound,3,24515654.60532894
6472,fc16f_00022,70,76908.81995936488,upper_confidence_bound,3,24515654.60532894
6473,fc16f_00022,71,74203.33768507883,upper_confidence_bound,3,24515654.60532894
6474,fc16f_00022,72,81370.04207123096,upper_confidence_bound,3,24515654.60532894
6475,fc16f_00022,73,72761.66075236889,upper_confidence_bound,3,24515654.60532894
6476,fc16f_00022,74,79929.45563118033,upper_confidence_bound,3,24515654.60532894
6477,fc16f_00022,75,73718.83145974403,upper_confidence_bound,3,24515654.60532894
6478,fc16f_00022,76,77564.33049595478,upper_confidence_bound,3,24515654.60532894
6479,fc16f_00022,77,76640.4674264529,upper_confidence_bound,3,24515654.60532894
6480,fc16f_00022,78,75038.73268890895,upper_confidence_bound,3,24515654.60532894
6481,fc16f_00022,79,74275.5964920268,upper_confidence_bound,3,24515654.60532894
6482,fc16f_00022,80,70497.00648497447,upper_confidence_bound,3,24515654.60532894
6483,fc16f_00022,81,65310.89109412631,upper_confidence_bound,3,24515654.60532894
6484,fc16f_00022,82,75473.26950499753,upper_confidence_bound,3,24515654.60532894
6485,fc16f_00022,83,74595.25953208457,upper_confidence_bound,3,24515654.60532894
6486,fc16f_00022,84,74891.15299136566,upper_confidence_bound,3,24515654.60532894
6487,fc16f_00022,85,71158.2607427282,upper_confidence_bound,3,24515654.60532894
6488,fc16f_00022,86,77196.54721873222,upper_confidence_bound,3,24515654.60532894
6489,fc16f_00022,87,78252.12856717393,upper_confidence_bound,3,24515654.60532894
6490,fc16f_00022,88,66796.12035553252,upper_confidence_bound,3,24515654.60532894
6491,fc16f_00022,89,68686.12289053116,upper_confidence_bound,3,24515654.60532894
6492,fc16f_00022,90,67284.05189409183,upper_confidence_bound,3,24515654.60532894
6493,fc16f_00022,91,79676.85410969908,upper_confidence_bound,3,24515654.60532894
6494,fc16f_00022,92,79860.30944963338,upper_confidence_bound,3,24515654.60532894
6495,fc16f_00022,93,80252.35941058441,upper_confidence_bound,3,24515654.60532894
6496,fc16f_00022,94,79449.21968102049,upper_confidence_bound,3,24515654.60532894
6497,fc16f_00022,95,76921.4556444163,upper_confidence_bound,3,24515654.60532894
6498,fc16f_00022,96,76945.37561124358,upper_confidence_bound,3,24515654.60532894
6499,fc16f_00022,97,81723.18544576438,upper_confidence_bound,3,24515654.60532894
6500,fc16f_00022,98,80906.06318895456,upper_confidence_bound,3,24515654.60532894
6501,fc16f_00022,99,82242.70357613327,upper_confidence_bound,3,24515654.60532894
6502,fc16f_00022,100,82058.1256858863,upper_confidence_bound,3,24515654.60532894
6503,fc16f_00022,101,82058.91167423071,upper_confidence_bound,3,24515654.60532894
6504,fc16f_00022,102,82855.7713218763,upper_confidence_bound,3,24515654.60532894
6505,fc16f_00022,103,77295.22224216982,upper_confidence_bound,3,24515654.60532894
6506,fc16f_00022,104,77211.36411225883,upper_confidence_bound,3,24515654.60532894
6507,fc16f_00022,105,76855.39104399919,upper_confidence_bound,3,24515654.60532894
6508,fc16f_00022,106,75622.06873195931,upper_confidence_bound,3,24515654.60532894
6509,fc16f_00022,107,72917.58057348449,upper_confidence_bound,3,24515654.60532894
6510,fc16f_00022,108,72591.47191879543,upper_confidence_bound,3,24515654.60532894
6511,fc16f_00022,109,74106.07476301356,upper_confidence_bound,3,24515654.60532894
6512,fc16f_00022,110,74131.98677702191,upper_confidence_bound,3,24515654.60532894
6513,fc16f_00022,111,74518.28756988181,upper_confidence_bound,3,24515654.60532894
6514,fc16f_00022,112,75008.57016245197,upper_confidence_bound,3,24515654.60532894
6515,fc16f_00022,113,73934.84598549004,upper_confidence_bound,3,24515654.60532894
6516,fc16f_00022,114,74750.87727188271,upper_confidence_bound,3,24515654.60532894
6517,fc16f_00022,115,70994.48850723518,upper_confidence_bound,3,24515654.60532894
6518,fc16f_00022,116,68926.03840406511,upper_confidence_bound,3,24515654.60532894
6519,fc16f_00022,117,68960.05167961665,upper_confidence_bound,3,24515654.60532894
6520,fc16f_00022,118,69879.35313757238,upper_confidence_bound,3,24515654.60532894
6521,fc16f_00022,119,78895.29690641089,upper_confidence_bound,3,24515654.60532894
6522,fc16f_00022,120,78596.6226500902,upper_confidence_bound,3,24515654.60532894
6523,fc16f_00022,121,81330.57910757925,upper_confidence_bound,3,24515654.60532894
6524,fc16f_00022,122,79539.7945074776,upper_confidence_bound,3,24515654.60532894
6525,fc16f_00022,123,75099.56949710887,upper_confidence_bound,3,24515654.60532894
6526,fc16f_00022,124,77009.33012608258,upper_confidence_bound,3,24515654.60532894
6527,fc16f_00022,125,77251.21982096414,upper_confidence_bound,3,24515654.60532894
6528,fc16f_00022,126,77809.79520378173,upper_confidence_bound,3,24515654.60532894
6529,fc16f_00022,127,77814.58100729858,upper_confidence_bound,3,24515654.60532894
6530,fc16f_00022,128,77885.47163391126,upper_confidence_bound,3,24515654.60532894
6531,fc16f_00022,129,80773.4302549555,upper_confidence_bound,3,24515654.60532894
6532,fc16f_00022,130,82206.32700596256,upper_confidence_bound,3,24515654.60532894
6533,fc16f_00022,131,79214.67018516295,upper_confidence_bound,3,24515654.60532894
6534,fc16f_00022,132,80909.70730929653,upper_confidence_bound,3,24515654.60532894
6535,fc16f_00022,133,82720.61217478184,upper_confidence_bound,3,24515654.60532894
6536,fc16f_00022,134,82035.31539338396,upper_confidence_bound,3,24515654.60532894
6537,fc16f_00022,135,83034.72735440968,upper_confidence_bound,3,24515654.60532894
6538,fc16f_00022,136,80605.65985249908,upper_confidence_bound,3,24515654.60532894
6539,fc16f_00022,137,79937.56762770284,upper_confidence_bound,3,24515654.60532894
6540,fc16f_00022,138,85805.89361650182,upper_confidence_bound,3,24515654.60532894
6541,fc16f_00022,139,84925.66280538285,upper_confidence_bound,3,24515654.60532894
6542,fc16f_00022,140,84752.8758918051,upper_confidence_bound,3,24515654.60532894
6543,fc16f_00022,141,80737.49643764118,upper_confidence_bound,3,24515654.60532894
6544,fc16f_00022,142,79863.59788514924,upper_confidence_bound,3,24515654.60532894
6545,fc16f_00022,143,79756.7062490122,upper_confidence_bound,3,24515654.60532894
6546,fc16f_00022,144,79781.4253586513,upper_confidence_bound,3,24515654.60532894
6547,fc16f_00022,145,76215.22543045926,upper_confidence_bound,3,24515654.60532894
6548,fc16f_00022,146,78243.37618984272,upper_confidence_bound,3,24515654.60532894
6549,fc16f_00022,147,86515.21711328508,upper_confidence_bound,3,24515654.60532894
6550,fc16f_00022,148,86529.62596711934,upper_confidence_bound,3,24515654.60532894
6551,fc16f_00022,149,85230.07062541474,upper_confidence_bound,3,24515654.60532894
6552,fc16f_00022,150,85081.99274312095,upper_confidence_bound,3,24515654.60532894
6553,fc16f_00022,151,86294.41427197777,upper_confidence_bound,3,24515654.60532894
6554,fc16f_00022,152,92250.19638047194,upper_confidence_bound,3,24515654.60532894
6555,fc16f_00022,153,93183.94670738638,upper_confidence_bound,3,24515654.60532894
6556,fc16f_00022,154,94571.70727486582,upper_confidence_bound,3,24515654.60532894
6557,fc16f_00022,155,94077.20412723615,upper_confidence_bound,3,24515654.60532894
6558,fc16f_00022,156,94437.01295702672,upper_confidence_bound,3,24515654.60532894
6559,fc16f_00022,157,87646.32354009051,upper_confidence_bound,3,24515654.60532894
6560,fc16f_00022,158,86221.58236255131,upper_confidence_bound,3,24515654.60532894
6561,fc16f_00022,159,84564.74103002436,upper_confidence_bound,3,24515654.60532894
6562,fc16f_00022,160,84908.20646678124,upper_confidence_bound,3,24515654.60532894
6563,fc16f_00022,161,83773.0743774853,upper_confidence_bound,3,24515654.60532894
6564,fc16f_00022,162,89004.26664461188,upper_confidence_bound,3,24515654.60532894
6565,fc16f_00022,163,104000.8174970281,upper_confidence_bound,3,24515654.60532894
6566,fc16f_00022,164,106140.71285142953,upper_confidence_bound,3,24515654.60532894
6567,fc16f_00022,165,104751.39265223093,upper_confidence_bound,3,24515654.60532894
6568,fc16f_00022,166,101146.06554528493,upper_confidence_bound,3,24515654.60532894
6569,fc16f_00022,167,102066.65625260658,upper_confidence_bound,3,24515654.60532894
6570,fc16f_00022,168,103249.50572994241,upper_confidence_bound,3,24515654.60532894
6571,fc16f_00022,169,103781.06536295214,upper_confidence_bound,3,24515654.60532894
6572,fc16f_00022,170,99795.94347588075,upper_confidence_bound,3,24515654.60532894
6573,fc16f_00022,171,101200.00039082386,upper_confidence_bound,3,24515654.60532894
6574,fc16f_00022,172,102150.12075675366,upper_confidence_bound,3,24515654.60532894
6575,fc16f_00022,173,103625.59382937649,upper_confidence_bound,3,24515654.60532894
6576,fc16f_00022,174,101948.96351140922,upper_confidence_bound,3,24515654.60532894
6577,fc16f_00022,175,108568.85410148624,upper_confidence_bound,3,24515654.60532894
6578,fc16f_00022,176,108076.2188266507,upper_confidence_bound,3,24515654.60532894
6579,fc16f_00022,177,104896.8767802944,upper_confidence_bound,3,24515654.60532894
6580,fc16f_00022,178,105223.98644247139,upper_confidence_bound,3,24515654.60532894
6581,fc16f_00022,179,99130.61027995982,upper_confidence_bound,3,24515654.60532894
6582,fc16f_00022,180,98456.71751579933,upper_confidence_bound,3,24515654.60532894
6583,fc16f_00022,181,100331.24706592645,upper_confidence_bound,3,24515654.60532894
6584,fc16f_00022,182,99206.98531873932,upper_confidence_bound,3,24515654.60532894
6585,fc16f_00022,183,98463.83182321802,upper_confidence_bound,3,24515654.60532894
6586,fc16f_00022,184,95917.17363096384,upper_confidence_bound,3,24515654.60532894
6587,fc16f_00022,185,96170.68838913109,upper_confidence_bound,3,24515654.60532894
6588,fc16f_00022,186,95996.31478960233,upper_confidence_bound,3,24515654.60532894
6589,fc16f_00022,187,96175.47850203901,upper_confidence_bound,3,24515654.60532894
6590,fc16f_00022,188,95801.64129812056,upper_confidence_bound,3,24515654.60532894
6591,fc16f_00022,189,107756.17067313545,upper_confidence_bound,3,24515654.60532894
6592,fc16f_00022,190,107631.96272145238,upper_confidence_bound,3,24515654.60532894
6593,fc16f_00022,191,108087.27807006781,upper_confidence_bound,3,24515654.60532894
6594,fc16f_00022,192,107924.0166101714,upper_confidence_bound,3,24515654.60532894
6595,fc16f_00022,193,107931.57519727602,upper_confidence_bound,3,24515654.60532894
6596,fc16f_00022,194,108318.43258945718,upper_confidence_bound,3,24515654.60532894
6597,fc16f_00022,195,107333.02368558828,upper_confidence_bound,3,24515654.60532894
6598,fc16f_00022,196,107788.12558579317,upper_confidence_bound,3,24515654.60532894
6599,fc16f_00022,197,106187.93262785935,upper_confidence_bound,3,24515654.60532894
6600,fc16f_00022,198,97705.83267775789,upper_confidence_bound,3,24515654.60532894
6601,fc16f_00022,199,97156.47634280294,upper_confidence_bound,3,24515654.60532894
6602,fc16f_00022,200,98551.07438418383,upper_confidence_bound,3,24515654.60532894
6603,fc16f_00022,201,99639.02357078329,upper_confidence_bound,3,24515654.60532894
6604,fc16f_00022,202,99851.8100003352,upper_confidence_bound,3,24515654.60532894
6605,fc16f_00022,203,99916.79405776832,upper_confidence_bound,3,24515654.60532894
6606,fc16f_00022,204,101683.02509110878,upper_confidence_bound,3,24515654.60532894
6607,fc16f_00022,205,104613.07512838225,upper_confidence_bound,3,24515654.60532894
6608,fc16f_00022,206,104481.94450188088,upper_confidence_bound,3,24515654.60532894
6609,fc16f_00022,207,107188.63398422199,upper_confidence_bound,3,24515654.60532894
6610,fc16f_00022,208,128633.55778199795,upper_confidence_bound,3,24515654.60532894
6611,fc16f_00022,209,127388.13767629355,upper_confidence_bound,3,24515654.60532894
6612,fc16f_00022,210,135523.24681451832,upper_confidence_bound,3,24515654.60532894
6613,fc16f_00022,211,134730.74761638205,upper_confidence_bound,3,24515654.60532894
6614,fc16f_00022,212,132714.0133266464,upper_confidence_bound,3,24515654.60532894
6615,fc16f_00022,213,127355.61677524322,upper_confidence_bound,3,24515654.60532894
6616,fc16f_00022,214,125670.34958551764,upper_confidence_bound,3,24515654.60532894
6617,fc16f_00022,215,126986.88681397043,upper_confidence_bound,3,24515654.60532894
6618,fc16f_00022,216,128307.07358532885,upper_confidence_bound,3,24515654.60532894
6619,fc16f_00022,217,127344.92774584392,upper_confidence_bound,3,24515654.60532894
6620,fc16f_00022,218,128281.96775292762,upper_confidence_bound,3,24515654.60532894
6621,fc16f_00022,219,138668.72600614798,upper_confidence_bound,3,24515654.60532894
6622,fc16f_00022,220,134504.53520270766,upper_confidence_bound,3,24515654.60532894
6623,fc16f_00022,221,133747.9548533784,upper_confidence_bound,3,24515654.60532894
6624,fc16f_00022,222,132902.01346463087,upper_confidence_bound,3,24515654.60532894
6625,fc16f_00022,223,132901.3460515584,upper_confidence_bound,3,24515654.60532894
6626,fc16f_00022,224,134960.94444217096,upper_confidence_bound,3,24515654.60532894
6627,fc16f_00022,225,136210.35227438563,upper_confidence_bound,3,24515654.60532894
6628,fc16f_00022,226,135938.7319743382,upper_confidence_bound,3,24515654.60532894
6629,fc16f_00022,227,135577.464511142,upper_confidence_bound,3,24515654.60532894
6630,fc16f_00022,228,132667.33790279189,upper_confidence_bound,3,24515654.60532894
6631,fc16f_00022,229,129352.38422483332,upper_confidence_bound,3,24515654.60532894
6632,fc16f_00022,230,127887.92669293586,upper_confidence_bound,3,24515654.60532894
6633,fc16f_00022,231,123904.9704521011,upper_confidence_bound,3,24515654.60532894
6634,fc16f_00022,232,123263.64069344182,upper_confidence_bound,3,24515654.60532894
6635,fc16f_00022,233,121016.43719017207,upper_confidence_bound,3,24515654.60532894
6636,fc16f_00022,234,135111.1743138858,upper_confidence_bound,3,24515654.60532894
6637,fc16f_00022,235,135278.00967829413,upper_confidence_bound,3,24515654.60532894
6638,fc16f_00022,236,136080.6385189953,upper_confidence_bound,3,24515654.60532894
6639,fc16f_00022,237,142609.90040076847,upper_confidence_bound,3,24515654.60532894
6640,fc16f_00022,238,142784.43222281526,upper_confidence_bound,3,24515654.60532894
6641,fc16f_00022,239,142981.18078193133,upper_confidence_bound,3,24515654.60532894
6642,fc16f_00022,240,143093.11825326586,upper_confidence_bound,3,24515654.60532894
6643,fc16f_00022,241,139754.58203245662,upper_confidence_bound,3,24515654.60532894
6644,fc16f_00022,242,138296.99964225176,upper_confidence_bound,3,24515654.60532894
6645,fc16f_00022,243,139668.33244892518,upper_confidence_bound,3,24515654.60532894
6646,fc16f_00022,244,138747.15399966214,upper_confidence_bound,3,24515654.60532894
6647,fc16f_00022,245,141773.35848870446,upper_confidence_bound,3,24515654.60532894
6648,fc16f_00022,246,141396.9794267389,upper_confidence_bound,3,24515654.60532894
6649,fc16f_00022,247,138548.12523571766,upper_confidence_bound,3,24515654.60532894
6650,fc16f_00022,248,136458.14870199029,upper_confidence_bound,3,24515654.60532894
6651,fc16f_00022,249,136949.7692051384,upper_confidence_bound,3,24515654.60532894
6652,fc16f_00022,250,133600.1075947022,upper_confidence_bound,3,24515654.60532894
6653,fc16f_00022,251,128536.40733304266,upper_confidence_bound,3,24515654.60532894
6654,fc16f_00022,252,126084.48256059678,upper_confidence_bound,3,24515654.60532894
6655,fc16f_00022,253,126375.42443245024,upper_confidence_bound,3,24515654.60532894
6656,fc16f_00022,254,126197.91760460622,upper_confidence_bound,3,24515654.60532894
6657,fc16f_00022,255,126164.63719836554,upper_confidence_bound,3,24515654.60532894
6658,fc16f_00022,256,124235.29021029672,upper_confidence_bound,3,24515654.60532894
6659,fc16f_00022,257,123663.79553921908,upper_confidence_bound,3,24515654.60532894
6660,fc16f_00022,258,123832.58287052881,upper_confidence_bound,3,24515654.60532894
6661,fc16f_00022,259,124578.37596358109,upper_confidence_bound,3,24515654.60532894
6662,fc16f_00022,260,121227.78251838264,upper_confidence_bound,3,24515654.60532894
6663,fc16f_00022,261,121578.55587331696,upper_confidence_bound,3,24515654.60532894
6664,fc16f_00022,262,112245.39470491045,upper_confidence_bound,3,24515654.60532894
6665,fc16f_00022,263,118208.67002275301,upper_confidence_bound,3,24515654.60532894
6666,fc16f_00022,264,117876.02887945442,upper_confidence_bound,3,24515654.60532894
6667,fc16f_00022,265,115665.81534858388,upper_confidence_bound,3,24515654.60532894
6668,fc16f_00022,266,114756.7607026363,upper_confidence_bound,3,24515654.60532894
6669,fc16f_00022,267,113291.63290834516,upper_confidence_bound,3,24515654.60532894
6670,fc16f_00022,268,114704.15152578415,upper_confidence_bound,3,24515654.60532894
6671,fc16f_00022,269,126025.32042519716,upper_confidence_bound,3,24515654.60532894
6672,fc16f_00022,270,124673.93617972777,upper_confidence_bound,3,24515654.60532894
6673,fc16f_00022,271,122388.55668139138,upper_confidence_bound,3,24515654.60532894
6674,fc16f_00022,272,124238.8300285995,upper_confidence_bound,3,24515654.60532894
6675,fc16f_00022,273,126602.98610630693,upper_confidence_bound,3,24515654.60532894
6676,fc16f_00022,274,127524.71950598621,upper_confidence_bound,3,24515654.60532894
6677,fc16f_00022,275,129980.79384572711,upper_confidence_bound,3,24515654.60532894
6678,fc16f_00022,276,124989.06122123897,upper_confidence_bound,3,24515654.60532894
6679,fc16f_00022,277,129752.73582718609,upper_confidence_bound,3,24515654.60532894
6680,fc16f_00022,278,118558.7946782699,upper_confidence_bound,3,24515654.60532894
6681,fc16f_00022,279,117741.52916901365,upper_confidence_bound,3,24515654.60532894
6682,fc16f_00022,280,117830.46285369544,upper_confidence_bound,3,24515654.60532894
6683,fc16f_00022,281,112625.14292942807,upper_confidence_bound,3,24515654.60532894
6684,fc16f_00022,282,113853.00948923778,upper_confidence_bound,3,24515654.60532894
6685,fc16f_00022,283,114209.60655870654,upper_confidence_bound,3,24515654.60532894
6686,fc16f_00022,284,105018.5583745935,upper_confidence_bound,3,24515654.60532894
6687,fc16f_00022,285,105468.0010704917,upper_confidence_bound,3,24515654.60532894
6688,fc16f_00022,286,96870.93382872049,upper_confidence_bound,3,24515654.60532894
6689,fc16f_00022,287,97271.06375221835,upper_confidence_bound,3,24515654.60532894
6690,fc16f_00022,288,97786.02212724989,upper_confidence_bound,3,24515654.60532894
6691,fc16f_00022,289,89024.23960294819,upper_confidence_bound,3,24515654.60532894
6692,fc16f_00022,290,78080.50286607529,upper_confidence_bound,3,24515654.60532894
6693,fc16f_00023,0,12661.617035255267,upper_confidence_bound,4,17009888.14863295
6694,fc16f_00023,1,10217.698162039836,upper_confidence_bound,4,17009888.14863295
6695,fc16f_00023,2,12828.714044998223,upper_confidence_bound,4,17009888.14863295
6696,fc16f_00023,3,7811.315510709919,upper_confidence_bound,4,17009888.14863295
6697,fc16f_00023,4,8366.652838486198,upper_confidence_bound,4,17009888.14863295
6698,fc16f_00023,5,5809.11149174688,upper_confidence_bound,4,17009888.14863295
6699,fc16f_00023,6,6545.310970671483,upper_confidence_bound,4,17009888.14863295
6700,fc16f_00023,7,6365.06805857219,upper_confidence_bound,4,17009888.14863295
6701,fc16f_00023,8,6757.136490323184,upper_confidence_bound,4,17009888.14863295
6702,fc16f_00023,9,6540.603085749915,upper_confidence_bound,4,17009888.14863295
6703,fc16f_00023,10,6559.740672012777,upper_confidence_bound,4,17009888.14863295
6704,fc16f_00023,11,6578.246018191645,upper_confidence_bound,4,17009888.14863295
6705,fc16f_00023,12,6477.228965725539,upper_confidence_bound,4,17009888.14863295
6706,fc16f_00023,13,7322.059116259464,upper_confidence_bound,4,17009888.14863295
6707,fc16f_00023,14,8119.485132455072,upper_confidence_bound,4,17009888.14863295
6708,fc16f_00023,15,8129.8224220984275,upper_confidence_bound,4,17009888.14863295
6709,fc16f_00023,16,7973.586993532521,upper_confidence_bound,4,17009888.14863295
6710,fc16f_00023,17,8774.769584628835,upper_confidence_bound,4,17009888.14863295
6711,fc16f_00023,18,8709.790491819136,upper_confidence_bound,4,17009888.14863295
6712,fc16f_00023,19,9104.995759785817,upper_confidence_bound,4,17009888.14863295
6713,fc16f_00023,20,8749.189397597187,upper_confidence_bound,4,17009888.14863295
6714,fc16f_00023,21,7930.904058798109,upper_confidence_bound,4,17009888.14863295
6715,fc16f_00023,22,9015.986297723895,upper_confidence_bound,4,17009888.14863295
6716,fc16f_00023,23,8766.42378485871,upper_confidence_bound,4,17009888.14863295
6717,fc16f_00023,24,9311.189496319012,upper_confidence_bound,4,17009888.14863295
6718,fc16f_00023,25,10252.47706225772,upper_confidence_bound,4,17009888.14863295
6719,fc16f_00023,26,10653.41328412604,upper_confidence_bound,4,17009888.14863295
6720,fc16f_00023,27,10905.109873032874,upper_confidence_bound,4,17009888.14863295
6721,fc16f_00023,28,10349.985646853975,upper_confidence_bound,4,17009888.14863295
6722,fc16f_00023,29,9667.571274500164,upper_confidence_bound,4,17009888.14863295
6723,fc16f_00023,30,9395.138119946914,upper_confidence_bound,4,17009888.14863295
6724,fc16f_00023,31,10171.335934399995,upper_confidence_bound,4,17009888.14863295
6725,fc16f_00023,32,9548.234114934367,upper_confidence_bound,4,17009888.14863295
6726,fc16f_00023,33,8742.313278637404,upper_confidence_bound,4,17009888.14863295
6727,fc16f_00023,34,8363.069297913324,upper_confidence_bound,4,17009888.14863295
6728,fc16f_00023,35,8832.54404992872,upper_confidence_bound,4,17009888.14863295
6729,fc16f_00023,36,9132.429673575323,upper_confidence_bound,4,17009888.14863295
6730,fc16f_00023,37,9890.221958213566,upper_confidence_bound,4,17009888.14863295
6731,fc16f_00023,38,9605.95910636772,upper_confidence_bound,4,17009888.14863295
6732,fc16f_00023,39,9668.809224175686,upper_confidence_bound,4,17009888.14863295
6733,fc16f_00023,40,11016.467990845065,upper_confidence_bound,4,17009888.14863295
6734,fc16f_00023,41,12581.753611322334,upper_confidence_bound,4,17009888.14863295
6735,fc16f_00023,42,12537.997763827849,upper_confidence_bound,4,17009888.14863295
6736,fc16f_00023,43,8539.057390768361,upper_confidence_bound,4,17009888.14863295
6737,fc16f_00023,44,8716.070960806148,upper_confidence_bound,4,17009888.14863295
6738,fc16f_00023,45,8972.254785504427,upper_confidence_bound,4,17009888.14863295
6739,fc16f_00023,46,8889.740822803957,upper_confidence_bound,4,17009888.14863295
6740,fc16f_00023,47,16758.49436659724,upper_confidence_bound,4,17009888.14863295
6741,fc16f_00023,48,18890.69524082869,upper_confidence_bound,4,17009888.14863295
6742,fc16f_00023,49,18523.419085475198,upper_confidence_bound,4,17009888.14863295
6743,fc16f_00023,50,19568.07020778991,upper_confidence_bound,4,17009888.14863295
6744,fc16f_00023,51,19008.836297112673,upper_confidence_bound,4,17009888.14863295
6745,fc16f_00023,52,15718.038253092189,upper_confidence_bound,4,17009888.14863295
6746,fc16f_00023,53,15147.372030724428,upper_confidence_bound,4,17009888.14863295
6747,fc16f_00023,54,20492.24514963083,upper_confidence_bound,4,17009888.14863295
6748,fc16f_00023,55,18263.962326366924,upper_confidence_bound,4,17009888.14863295
6749,fc16f_00023,56,14921.706608883138,upper_confidence_bound,4,17009888.14863295
6750,fc16f_00023,57,13994.914365861358,upper_confidence_bound,4,17009888.14863295
6751,fc16f_00023,58,15915.649215491754,upper_confidence_bound,4,17009888.14863295
6752,fc16f_00023,59,17636.087329003214,upper_confidence_bound,4,17009888.14863295
6753,fc16f_00023,60,18248.256257379806,upper_confidence_bound,4,17009888.14863295
6754,fc16f_00023,61,19232.109566259,upper_confidence_bound,4,17009888.14863295
6755,fc16f_00023,62,19312.359578926927,upper_confidence_bound,4,17009888.14863295
6756,fc16f_00023,63,20201.902044581842,upper_confidence_bound,4,17009888.14863295
6757,fc16f_00023,64,20236.259203612884,upper_confidence_bound,4,17009888.14863295
6758,fc16f_00023,65,22845.83456328061,upper_confidence_bound,4,17009888.14863295
6759,fc16f_00023,66,22251.802056256696,upper_confidence_bound,4,17009888.14863295
6760,fc16f_00023,67,30358.63687146214,upper_confidence_bound,4,17009888.14863295
6761,fc16f_00023,68,31411.806090599373,upper_confidence_bound,4,17009888.14863295
6762,fc16f_00023,69,32137.520509548845,upper_confidence_bound,4,17009888.14863295
6763,fc16f_00023,70,27180.931534993324,upper_confidence_bound,4,17009888.14863295
6764,fc16f_00023,71,24964.461571099215,upper_confidence_bound,4,17009888.14863295
6765,fc16f_00023,72,25664.536352507374,upper_confidence_bound,4,17009888.14863295
6766,fc16f_00023,73,37966.877915370096,upper_confidence_bound,4,17009888.14863295
6767,fc16f_00023,74,37522.55445782523,upper_confidence_bound,4,17009888.14863295
6768,fc16f_00023,75,34046.34191382544,upper_confidence_bound,4,17009888.14863295
6769,fc16f_00023,76,33672.524360920244,upper_confidence_bound,4,17009888.14863295
6770,fc16f_00023,77,31934.17088440353,upper_confidence_bound,4,17009888.14863295
6771,fc16f_00023,78,30895.008744707848,upper_confidence_bound,4,17009888.14863295
6772,fc16f_00023,79,29473.41502550881,upper_confidence_bound,4,17009888.14863295
6773,fc16f_00023,80,30149.990727414464,upper_confidence_bound,4,17009888.14863295
6774,fc16f_00023,81,29278.321197237157,upper_confidence_bound,4,17009888.14863295
6775,fc16f_00023,82,36453.903617597505,upper_confidence_bound,4,17009888.14863295
6776,fc16f_00023,83,36832.91198227792,upper_confidence_bound,4,17009888.14863295
6777,fc16f_00023,84,38935.14719104052,upper_confidence_bound,4,17009888.14863295
6778,fc16f_00023,85,38753.375138317395,upper_confidence_bound,4,17009888.14863295
6779,fc16f_00023,86,38611.01419823894,upper_confidence_bound,4,17009888.14863295
6780,fc16f_00023,87,38325.389110676064,upper_confidence_bound,4,17009888.14863295
6781,fc16f_00023,88,38856.872810315734,upper_confidence_bound,4,17009888.14863295
6782,fc16f_00023,89,35728.396629712435,upper_confidence_bound,4,17009888.14863295
6783,fc16f_00023,90,31162.54788868038,upper_confidence_bound,4,17009888.14863295
6784,fc16f_00023,91,35586.442119511186,upper_confidence_bound,4,17009888.14863295
6785,fc16f_00023,92,35287.25907935537,upper_confidence_bound,4,17009888.14863295
6786,fc16f_00023,93,35594.315445588676,upper_confidence_bound,4,17009888.14863295
6787,fc16f_00023,94,35719.65350512479,upper_confidence_bound,4,17009888.14863295
6788,fc16f_00023,95,36146.195669113455,upper_confidence_bound,4,17009888.14863295
6789,fc16f_00023,96,33530.035205347805,upper_confidence_bound,4,17009888.14863295
6790,fc16f_00023,97,32711.685351697794,upper_confidence_bound,4,17009888.14863295
6791,fc16f_00023,98,33643.35565385663,upper_confidence_bound,4,17009888.14863295
6792,fc16f_00023,99,33621.605662859285,upper_confidence_bound,4,17009888.14863295
6793,fc16f_00023,100,36844.35184302779,upper_confidence_bound,4,17009888.14863295
6794,fc16f_00023,101,38377.81262740852,upper_confidence_bound,4,17009888.14863295
6795,fc16f_00023,102,37074.218328638686,upper_confidence_bound,4,17009888.14863295
6796,fc16f_00023,103,37374.449347426176,upper_confidence_bound,4,17009888.14863295
6797,fc16f_00023,104,36052.76498707627,upper_confidence_bound,4,17009888.14863295
6798,fc16f_00023,105,36248.44246220118,upper_confidence_bound,4,17009888.14863295
6799,fc16f_00023,106,38479.31170123202,upper_confidence_bound,4,17009888.14863295
6800,fc16f_00023,107,39536.75950913608,upper_confidence_bound,4,17009888.14863295
6801,fc16f_00023,108,38599.15138146504,upper_confidence_bound,4,17009888.14863295
6802,fc16f_00023,109,38410.714035274985,upper_confidence_bound,4,17009888.14863295
6803,fc16f_00023,110,39534.02089442126,upper_confidence_bound,4,17009888.14863295
6804,fc16f_00023,111,40081.16539191398,upper_confidence_bound,4,17009888.14863295
6805,fc16f_00023,112,41233.71015218031,upper_confidence_bound,4,17009888.14863295
6806,fc16f_00023,113,49732.085174579544,upper_confidence_bound,4,17009888.14863295
6807,fc16f_00023,114,47257.923506187064,upper_confidence_bound,4,17009888.14863295
6808,fc16f_00023,115,47537.71716250951,upper_confidence_bound,4,17009888.14863295
6809,fc16f_00023,116,51674.877566374045,upper_confidence_bound,4,17009888.14863295
6810,fc16f_00023,117,53428.70936926741,upper_confidence_bound,4,17009888.14863295
6811,fc16f_00023,118,52128.87868291003,upper_confidence_bound,4,17009888.14863295
6812,fc16f_00023,119,51079.390117515024,upper_confidence_bound,4,17009888.14863295
6813,fc16f_00023,120,52857.947762841504,upper_confidence_bound,4,17009888.14863295
6814,fc16f_00023,121,63260.83341727478,upper_confidence_bound,4,17009888.14863295
6815,fc16f_00023,122,69369.133055454,upper_confidence_bound,4,17009888.14863295
6816,fc16f_00023,123,68998.47786650491,upper_confidence_bound,4,17009888.14863295
6817,fc16f_00023,124,70024.93687442337,upper_confidence_bound,4,17009888.14863295
6818,fc16f_00023,125,70405.04604014326,upper_confidence_bound,4,17009888.14863295
6819,fc16f_00023,126,71003.83375353737,upper_confidence_bound,4,17009888.14863295
6820,fc16f_00023,127,73971.43667323141,upper_confidence_bound,4,17009888.14863295
6821,fc16f_00023,128,85855.1281278595,upper_confidence_bound,4,17009888.14863295
6822,fc16f_00023,129,84620.8178023425,upper_confidence_bound,4,17009888.14863295
6823,fc16f_00023,130,82977.61335892428,upper_confidence_bound,4,17009888.14863295
6824,fc16f_00023,131,85038.2572257389,upper_confidence_bound,4,17009888.14863295
6825,fc16f_00023,132,76026.94402405768,upper_confidence_bound,4,17009888.14863295
6826,fc16f_00023,133,80495.64907106047,upper_confidence_bound,4,17009888.14863295
6827,fc16f_00023,134,91277.49027459783,upper_confidence_bound,4,17009888.14863295
6828,fc16f_00023,135,89116.17755407402,upper_confidence_bound,4,17009888.14863295
6829,fc16f_00023,136,91485.4565029652,upper_confidence_bound,4,17009888.14863295
6830,fc16f_00023,137,91322.6394765252,upper_confidence_bound,4,17009888.14863295
6831,fc16f_00023,138,90579.4213212168,upper_confidence_bound,4,17009888.14863295
6832,fc16f_00023,139,91320.86481389249,upper_confidence_bound,4,17009888.14863295
6833,fc16f_00023,140,90845.27612835828,upper_confidence_bound,4,17009888.14863295
6834,fc16f_00023,141,90794.22956284028,upper_confidence_bound,4,17009888.14863295
6835,fc16f_00023,142,92684.22817808276,upper_confidence_bound,4,17009888.14863295
6836,fc16f_00023,143,90229.05162835513,upper_confidence_bound,4,17009888.14863295
6837,fc16f_00023,144,92237.55128198111,upper_confidence_bound,4,17009888.14863295
6838,fc16f_00023,145,84959.28196231391,upper_confidence_bound,4,17009888.14863295
6839,fc16f_00023,146,85628.56736151008,upper_confidence_bound,4,17009888.14863295
6840,fc16f_00023,147,85623.60722139958,upper_confidence_bound,4,17009888.14863295
6841,fc16f_00023,148,86671.84160617075,upper_confidence_bound,4,17009888.14863295
6842,fc16f_00023,149,84883.62544824125,upper_confidence_bound,4,17009888.14863295
6843,fc16f_00023,150,85404.31620613503,upper_confidence_bound,4,17009888.14863295
6844,fc16f_00023,151,85550.69615553584,upper_confidence_bound,4,17009888.14863295
6845,fc16f_00023,152,85566.34490603354,upper_confidence_bound,4,17009888.14863295
6846,fc16f_00023,153,85219.10459594872,upper_confidence_bound,4,17009888.14863295
6847,fc16f_00023,154,84914.72136945186,upper_confidence_bound,4,17009888.14863295
6848,fc16f_00023,155,78581.47566450668,upper_confidence_bound,4,17009888.14863295
6849,fc16f_00023,156,80813.92905585736,upper_confidence_bound,4,17009888.14863295
6850,fc16f_00023,157,77986.66649429634,upper_confidence_bound,4,17009888.14863295
6851,fc16f_00023,158,77772.40030819726,upper_confidence_bound,4,17009888.14863295
6852,fc16f_00023,159,76781.85876341655,upper_confidence_bound,4,17009888.14863295
6853,fc16f_00023,160,78950.86633057876,upper_confidence_bound,4,17009888.14863295
6854,fc16f_00023,161,82759.14679211106,upper_confidence_bound,4,17009888.14863295
6855,fc16f_00023,162,86209.08977761361,upper_confidence_bound,4,17009888.14863295
6856,fc16f_00023,163,87597.36736547793,upper_confidence_bound,4,17009888.14863295
6857,fc16f_00023,164,77137.35951973237,upper_confidence_bound,4,17009888.14863295
6858,fc16f_00023,165,77834.83850743926,upper_confidence_bound,4,17009888.14863295
6859,fc16f_00023,166,78367.45834943117,upper_confidence_bound,4,17009888.14863295
6860,fc16f_00023,167,81289.65218680094,upper_confidence_bound,4,17009888.14863295
6861,fc16f_00023,168,81932.2576280473,upper_confidence_bound,4,17009888.14863295
6862,fc16f_00023,169,82305.19985682011,upper_confidence_bound,4,17009888.14863295
6863,fc16f_00023,170,85699.60044896252,upper_confidence_bound,4,17009888.14863295
6864,fc16f_00023,171,86452.0993594555,upper_confidence_bound,4,17009888.14863295
6865,fc16f_00023,172,87275.84413014966,upper_confidence_bound,4,17009888.14863295
6866,fc16f_00023,173,87639.87527536397,upper_confidence_bound,4,17009888.14863295
6867,fc16f_00023,174,91690.65605151474,upper_confidence_bound,4,17009888.14863295
6868,fc16f_00023,175,89287.57906964324,upper_confidence_bound,4,17009888.14863295
6869,fc16f_00023,176,88745.5688307776,upper_confidence_bound,4,17009888.14863295
6870,fc16f_00023,177,88805.41692291186,upper_confidence_bound,4,17009888.14863295
6871,fc16f_00023,178,88799.31916287466,upper_confidence_bound,4,17009888.14863295
6872,fc16f_00023,179,91704.93837946,upper_confidence_bound,4,17009888.14863295
6873,fc16f_00023,180,91958.85820617212,upper_confidence_bound,4,17009888.14863295
6874,fc16f_00023,181,90519.11054823414,upper_confidence_bound,4,17009888.14863295
6875,fc16f_00023,182,91268.4353416571,upper_confidence_bound,4,17009888.14863295
6876,fc16f_00023,183,92162.52964099066,upper_confidence_bound,4,17009888.14863295
6877,fc16f_00023,184,93127.44231900208,upper_confidence_bound,4,17009888.14863295
6878,fc16f_00023,185,93782.07591793367,upper_confidence_bound,4,17009888.14863295
6879,fc16f_00023,186,97862.24998936243,upper_confidence_bound,4,17009888.14863295
6880,fc16f_00023,187,95389.77627604826,upper_confidence_bound,4,17009888.14863295
6881,fc16f_00023,188,95278.49237256555,upper_confidence_bound,4,17009888.14863295
6882,fc16f_00023,189,94981.91964435419,upper_confidence_bound,4,17009888.14863295
6883,fc16f_00023,190,96509.2289804112,upper_confidence_bound,4,17009888.14863295
6884,fc16f_00023,191,98245.10978336527,upper_confidence_bound,4,17009888.14863295
6885,fc16f_00023,192,98241.96042349542,upper_confidence_bound,4,17009888.14863295
6886,fc16f_00023,193,98143.22447464014,upper_confidence_bound,4,17009888.14863295
6887,fc16f_00023,194,94607.59076641599,upper_confidence_bound,4,17009888.14863295
6888,fc16f_00023,195,95749.9435784619,upper_confidence_bound,4,17009888.14863295
6889,fc16f_00023,196,95565.31368342787,upper_confidence_bound,4,17009888.14863295
6890,fc16f_00023,197,96222.40315092876,upper_confidence_bound,4,17009888.14863295
6891,fc16f_00023,198,96445.34778713483,upper_confidence_bound,4,17009888.14863295
6892,fc16f_00023,199,98311.46911632929,upper_confidence_bound,4,17009888.14863295
6893,fc16f_00023,200,94440.4461608895,upper_confidence_bound,4,17009888.14863295
6894,fc16f_00023,201,94138.59746120518,upper_confidence_bound,4,17009888.14863295
6895,fc16f_00023,202,94104.35160027245,upper_confidence_bound,4,17009888.14863295
6896,fc16f_00023,203,95120.15612889256,upper_confidence_bound,4,17009888.14863295
6897,fc16f_00023,204,98031.66090264563,upper_confidence_bound,4,17009888.14863295
6898,fc16f_00023,205,96527.90006278409,upper_confidence_bound,4,17009888.14863295
6899,fc16f_00023,206,97017.7964218741,upper_confidence_bound,4,17009888.14863295
6900,fc16f_00023,207,95098.57380377734,upper_confidence_bound,4,17009888.14863295
6901,fc16f_00023,208,80255.09909313248,upper_confidence_bound,4,17009888.14863295
6902,fc16f_00023,209,80421.23757179905,upper_confidence_bound,4,17009888.14863295
6903,fc16f_00023,210,80710.57848511658,upper_confidence_bound,4,17009888.14863295
6904,fc16f_00023,211,82029.25186861413,upper_confidence_bound,4,17009888.14863295
6905,fc16f_00023,212,83743.92625866095,upper_confidence_bound,4,17009888.14863295
6906,fc16f_00023,213,81403.57286146445,upper_confidence_bound,4,17009888.14863295
6907,fc16f_00023,214,81398.63090455536,upper_confidence_bound,4,17009888.14863295
6908,fc16f_00023,215,83262.42971707483,upper_confidence_bound,4,17009888.14863295
6909,fc16f_00023,216,84872.40653065438,upper_confidence_bound,4,17009888.14863295
6910,fc16f_00023,217,84837.44203316455,upper_confidence_bound,4,17009888.14863295
6911,fc16f_00023,218,84900.0995342297,upper_confidence_bound,4,17009888.14863295
6912,fc16f_00023,219,86705.535268124,upper_confidence_bound,4,17009888.14863295
6913,fc16f_00023,220,89378.18290055981,upper_confidence_bound,4,17009888.14863295
6914,fc16f_00023,221,88692.31090637753,upper_confidence_bound,4,17009888.14863295
6915,fc16f_00023,222,87837.53536635473,upper_confidence_bound,4,17009888.14863295
6916,fc16f_00023,223,85774.67255816626,upper_confidence_bound,4,17009888.14863295
6917,fc16f_00023,224,83814.18672470315,upper_confidence_bound,4,17009888.14863295
6918,fc16f_00023,225,80939.87648731738,upper_confidence_bound,4,17009888.14863295
6919,fc16f_00023,226,80995.0430859831,upper_confidence_bound,4,17009888.14863295
6920,fc16f_00023,227,80986.19713039658,upper_confidence_bound,4,17009888.14863295
6921,fc16f_00023,228,81669.55170780155,upper_confidence_bound,4,17009888.14863295
6922,fc16f_00023,229,76448.26758251128,upper_confidence_bound,4,17009888.14863295
6923,fc16f_00023,230,77620.49790580432,upper_confidence_bound,4,17009888.14863295
6924,fc16f_00023,231,79304.97216103646,upper_confidence_bound,4,17009888.14863295
6925,fc16f_00023,232,79775.41141031055,upper_confidence_bound,4,17009888.14863295
6926,fc16f_00023,233,87815.73801992273,upper_confidence_bound,4,17009888.14863295
6927,fc16f_00023,234,87721.7677763757,upper_confidence_bound,4,17009888.14863295
6928,fc16f_00023,235,90042.22882363258,upper_confidence_bound,4,17009888.14863295
6929,fc16f_00023,236,92213.90824022716,upper_confidence_bound,4,17009888.14863295
6930,fc16f_00023,237,92899.68077000981,upper_confidence_bound,4,17009888.14863295
6931,fc16f_00023,238,95791.80875710923,upper_confidence_bound,4,17009888.14863295
6932,fc16f_00023,239,95506.95675622989,upper_confidence_bound,4,17009888.14863295
6933,fc16f_00023,240,93764.98610708566,upper_confidence_bound,4,17009888.14863295
6934,fc16f_00023,241,95201.07389054663,upper_confidence_bound,4,17009888.14863295
6935,fc16f_00023,242,94091.67863030825,upper_confidence_bound,4,17009888.14863295
6936,fc16f_00023,243,92917.12479459042,upper_confidence_bound,4,17009888.14863295
6937,fc16f_00023,244,92892.73300998044,upper_confidence_bound,4,17009888.14863295
6938,fc16f_00023,245,93312.35510132162,upper_confidence_bound,4,17009888.14863295
6939,fc16f_00023,246,92662.24396234292,upper_confidence_bound,4,17009888.14863295
6940,fc16f_00023,247,93769.00909005711,upper_confidence_bound,4,17009888.14863295
6941,fc16f_00023,248,90711.02454952244,upper_confidence_bound,4,17009888.14863295
6942,fc16f_00023,249,86666.22293728858,upper_confidence_bound,4,17009888.14863295
6943,fc16f_00023,250,94330.71017812207,upper_confidence_bound,4,17009888.14863295
6944,fc16f_00023,251,94476.18279171774,upper_confidence_bound,4,17009888.14863295
6945,fc16f_00023,252,92845.36936468263,upper_confidence_bound,4,17009888.14863295
6946,fc16f_00023,253,94232.45308392982,upper_confidence_bound,4,17009888.14863295
6947,fc16f_00023,254,94150.5914587723,upper_confidence_bound,4,17009888.14863295
6948,fc16f_00023,255,91283.43049282776,upper_confidence_bound,4,17009888.14863295
6949,fc16f_00023,256,90097.25323815978,upper_confidence_bound,4,17009888.14863295
6950,fc16f_00023,257,84852.64213013083,upper_confidence_bound,4,17009888.14863295
6951,fc16f_00023,258,83550.99317472377,upper_confidence_bound,4,17009888.14863295
6952,fc16f_00023,259,76743.34466236841,upper_confidence_bound,4,17009888.14863295
6953,fc16f_00023,260,78030.71015937718,upper_confidence_bound,4,17009888.14863295
6954,fc16f_00023,261,84498.05713816165,upper_confidence_bound,4,17009888.14863295
6955,fc16f_00023,262,82879.20046746767,upper_confidence_bound,4,17009888.14863295
6956,fc16f_00023,263,81950.40466447282,upper_confidence_bound,4,17009888.14863295
6957,fc16f_00023,264,80390.77846544814,upper_confidence_bound,4,17009888.14863295
6958,fc16f_00023,265,79747.9402334809,upper_confidence_bound,4,17009888.14863295
6959,fc16f_00023,266,79921.61566072078,upper_confidence_bound,4,17009888.14863295
6960,fc16f_00023,267,78042.35862744914,upper_confidence_bound,4,17009888.14863295
6961,fc16f_00023,268,76976.07431025797,upper_confidence_bound,4,17009888.14863295
6962,fc16f_00023,269,70614.2161736451,upper_confidence_bound,4,17009888.14863295
6963,fc16f_00023,270,67435.77539794099,upper_confidence_bound,4,17009888.14863295
6964,fc16f_00023,271,67924.88319574244,upper_confidence_bound,4,17009888.14863295
6965,fc16f_00023,272,67916.29978499014,upper_confidence_bound,4,17009888.14863295
6966,fc16f_00023,273,67862.3643259725,upper_confidence_bound,4,17009888.14863295
6967,fc16f_00023,274,68117.32146360788,upper_confidence_bound,4,17009888.14863295
6968,fc16f_00023,275,65066.18111366179,upper_confidence_bound,4,17009888.14863295
6969,fc16f_00023,276,68345.24238334756,upper_confidence_bound,4,17009888.14863295
6970,fc16f_00023,277,68068.27447659145,upper_confidence_bound,4,17009888.14863295
6971,fc16f_00023,278,66015.32959161961,upper_confidence_bound,4,17009888.14863295
6972,fc16f_00023,279,66147.71401883774,upper_confidence_bound,4,17009888.14863295
6973,fc16f_00023,280,66533.95613350824,upper_confidence_bound,4,17009888.14863295
6974,fc16f_00023,281,59734.570078605255,upper_confidence_bound,4,17009888.14863295
6975,fc16f_00023,282,56883.599847477766,upper_confidence_bound,4,17009888.14863295
6976,fc16f_00023,283,57152.08871767167,upper_confidence_bound,4,17009888.14863295
6977,fc16f_00023,284,58857.95511908054,upper_confidence_bound,4,17009888.14863295
6978,fc16f_00023,285,60318.10690055598,upper_confidence_bound,4,17009888.14863295
6979,fc16f_00023,286,59992.64074774845,upper_confidence_bound,4,17009888.14863295
6980,fc16f_00023,287,57866.47243844907,upper_confidence_bound,4,17009888.14863295
6981,fc16f_00023,288,56130.88663153634,upper_confidence_bound,4,17009888.14863295
6982,fc16f_00023,289,56406.8489678681,upper_confidence_bound,4,17009888.14863295
6983,fc16f_00023,290,47414.822351826486,upper_confidence_bound,4,17009888.14863295
6984,fc16f_00024,0,9743.39622749638,upper_confidence_bound,5,33997193.86276317
6985,fc16f_00024,1,12827.929340251862,upper_confidence_bound,5,33997193.86276317
6986,fc16f_00024,2,18150.512329445697,upper_confidence_bound,5,33997193.86276317
6987,fc16f_00024,3,20038.314011227667,upper_confidence_bound,5,33997193.86276317
6988,fc16f_00024,4,18334.44191730636,upper_confidence_bound,5,33997193.86276317
6989,fc16f_00024,5,16430.1605673241,upper_confidence_bound,5,33997193.86276317
6990,fc16f_00024,6,30345.316588584894,upper_confidence_bound,5,33997193.86276317
6991,fc16f_00024,7,31642.920049130833,upper_confidence_bound,5,33997193.86276317
6992,fc16f_00024,8,38292.79754330201,upper_confidence_bound,5,33997193.86276317
6993,fc16f_00024,9,38833.69254612984,upper_confidence_bound,5,33997193.86276317
6994,fc16f_00024,10,36025.326350460906,upper_confidence_bound,5,33997193.86276317
6995,fc16f_00024,11,44001.73723310497,upper_confidence_bound,5,33997193.86276317
6996,fc16f_00024,12,43954.737304359376,upper_confidence_bound,5,33997193.86276317
6997,fc16f_00024,13,40011.107750458716,upper_confidence_bound,5,33997193.86276317
6998,fc16f_00024,14,43866.15694586187,upper_confidence_bound,5,33997193.86276317
6999,fc16f_00024,15,43117.16366380747,upper_confidence_bound,5,33997193.86276317
7000,fc16f_00024,16,40363.36368852641,upper_confidence_bound,5,33997193.86276317
7001,fc16f_00024,17,71417.85996911368,upper_confidence_bound,5,33997193.86276317
7002,fc16f_00024,18,53195.31298752283,upper_confidence_bound,5,33997193.86276317
7003,fc16f_00024,19,53888.194590035266,upper_confidence_bound,5,33997193.86276317
7004,fc16f_00024,20,74321.67153871812,upper_confidence_bound,5,33997193.86276317
7005,fc16f_00024,21,65155.761889246896,upper_confidence_bound,5,33997193.86276317
7006,fc16f_00024,22,78835.89923280734,upper_confidence_bound,5,33997193.86276317
7007,fc16f_00024,23,59730.17819627059,upper_confidence_bound,5,33997193.86276317
7008,fc16f_00024,24,61433.431844528095,upper_confidence_bound,5,33997193.86276317
7009,fc16f_00024,25,59060.735410723515,upper_confidence_bound,5,33997193.86276317
7010,fc16f_00024,26,70138.57751955165,upper_confidence_bound,5,33997193.86276317
7011,fc16f_00024,27,51252.78726761844,upper_confidence_bound,5,33997193.86276317
7012,fc16f_00024,28,46101.17907793335,upper_confidence_bound,5,33997193.86276317
7013,fc16f_00024,29,46902.61295272439,upper_confidence_bound,5,33997193.86276317
7014,fc16f_00024,30,47314.9729618296,upper_confidence_bound,5,33997193.86276317
7015,fc16f_00024,31,47298.427108069984,upper_confidence_bound,5,33997193.86276317
7016,fc16f_00024,32,42181.03695004471,upper_confidence_bound,5,33997193.86276317
7017,fc16f_00024,33,43374.97185830985,upper_confidence_bound,5,33997193.86276317
7018,fc16f_00024,34,53004.219291129346,upper_confidence_bound,5,33997193.86276317
7019,fc16f_00024,35,54152.03638285689,upper_confidence_bound,5,33997193.86276317
7020,fc16f_00024,36,44753.26137256504,upper_confidence_bound,5,33997193.86276317
7021,fc16f_00024,37,47014.955128442176,upper_confidence_bound,5,33997193.86276317
7022,fc16f_00024,38,51135.49554824959,upper_confidence_bound,5,33997193.86276317
7023,fc16f_00024,39,50766.09452385162,upper_confidence_bound,5,33997193.86276317
7024,fc16f_00024,40,49242.191132210006,upper_confidence_bound,5,33997193.86276317
7025,fc16f_00024,41,56045.344516330886,upper_confidence_bound,5,33997193.86276317
7026,fc16f_00024,42,46005.83491323988,upper_confidence_bound,5,33997193.86276317
7027,fc16f_00024,43,43837.22796611914,upper_confidence_bound,5,33997193.86276317
7028,fc16f_00024,44,48288.834821119715,upper_confidence_bound,5,33997193.86276317
7029,fc16f_00024,45,33899.558541013655,upper_confidence_bound,5,33997193.86276317
7030,fc16f_00024,46,26049.362280397243,upper_confidence_bound,5,33997193.86276317
7031,fc16f_00024,47,26082.375672623155,upper_confidence_bound,5,33997193.86276317
7032,fc16f_00024,48,25493.94329385464,upper_confidence_bound,5,33997193.86276317
7033,fc16f_00024,49,39255.852531999764,upper_confidence_bound,5,33997193.86276317
7034,fc16f_00024,50,33279.16503065203,upper_confidence_bound,5,33997193.86276317
7035,fc16f_00024,51,29351.56132830229,upper_confidence_bound,5,33997193.86276317
7036,fc16f_00024,52,30786.700807850044,upper_confidence_bound,5,33997193.86276317
7037,fc16f_00024,53,37650.017978587595,upper_confidence_bound,5,33997193.86276317
7038,fc16f_00024,54,59634.61438068793,upper_confidence_bound,5,33997193.86276317
7039,fc16f_00024,55,47658.171912130245,upper_confidence_bound,5,33997193.86276317
7040,fc16f_00024,56,45106.371424772056,upper_confidence_bound,5,33997193.86276317
7041,fc16f_00024,57,44924.469729873716,upper_confidence_bound,5,33997193.86276317
7042,fc16f_00024,58,122191.38232742215,upper_confidence_bound,5,33997193.86276317
7043,fc16f_00024,59,84117.84955301236,upper_confidence_bound,5,33997193.86276317
7044,fc16f_00024,60,99514.40013039269,upper_confidence_bound,5,33997193.86276317
7045,fc16f_00024,61,86865.29971587897,upper_confidence_bound,5,33997193.86276317
7046,fc16f_00024,62,94600.677572439,upper_confidence_bound,5,33997193.86276317
7047,fc16f_00024,63,90276.61131578438,upper_confidence_bound,5,33997193.86276317
7048,fc16f_00024,64,92046.23494988056,upper_confidence_bound,5,33997193.86276317
7049,fc16f_00024,65,91018.32769284012,upper_confidence_bound,5,33997193.86276317
7050,fc16f_00024,66,85836.61422587399,upper_confidence_bound,5,33997193.86276317
7051,fc16f_00024,67,84758.62920470425,upper_confidence_bound,5,33997193.86276317
7052,fc16f_00024,68,81301.95159544752,upper_confidence_bound,5,33997193.86276317
7053,fc16f_00024,69,81787.14742989764,upper_confidence_bound,5,33997193.86276317
7054,fc16f_00024,70,86242.68252469464,upper_confidence_bound,5,33997193.86276317
7055,fc16f_00024,71,82799.58219957213,upper_confidence_bound,5,33997193.86276317
7056,fc16f_00024,72,88607.62412951639,upper_confidence_bound,5,33997193.86276317
7057,fc16f_00024,73,87047.3837106332,upper_confidence_bound,5,33997193.86276317
7058,fc16f_00024,74,89326.86339537661,upper_confidence_bound,5,33997193.86276317
7059,fc16f_00024,75,86025.86550474701,upper_confidence_bound,5,33997193.86276317
7060,fc16f_00024,76,82819.63605016403,upper_confidence_bound,5,33997193.86276317
7061,fc16f_00024,77,87376.54532231342,upper_confidence_bound,5,33997193.86276317
7062,fc16f_00024,78,88400.31485131702,upper_confidence_bound,5,33997193.86276317
7063,fc16f_00024,79,90431.4400735004,upper_confidence_bound,5,33997193.86276317
7064,fc16f_00024,80,89976.75802603707,upper_confidence_bound,5,33997193.86276317
7065,fc16f_00024,81,86628.6172969844,upper_confidence_bound,5,33997193.86276317
7066,fc16f_00024,82,85904.570837803,upper_confidence_bound,5,33997193.86276317
7067,fc16f_00024,83,89835.04289175611,upper_confidence_bound,5,33997193.86276317
7068,fc16f_00024,84,83509.71194372213,upper_confidence_bound,5,33997193.86276317
7069,fc16f_00024,85,82189.51143171663,upper_confidence_bound,5,33997193.86276317
7070,fc16f_00024,86,87000.79792835182,upper_confidence_bound,5,33997193.86276317
7071,fc16f_00024,87,80524.66820012155,upper_confidence_bound,5,33997193.86276317
7072,fc16f_00024,88,83423.41001079173,upper_confidence_bound,5,33997193.86276317
7073,fc16f_00024,89,82820.89487724984,upper_confidence_bound,5,33997193.86276317
7074,fc16f_00024,90,84009.0076282882,upper_confidence_bound,5,33997193.86276317
7075,fc16f_00024,91,83368.18180757796,upper_confidence_bound,5,33997193.86276317
7076,fc16f_00024,92,94163.92202764557,upper_confidence_bound,5,33997193.86276317
7077,fc16f_00024,93,104174.79975377514,upper_confidence_bound,5,33997193.86276317
7078,fc16f_00024,94,106847.03722246324,upper_confidence_bound,5,33997193.86276317
7079,fc16f_00024,95,103951.71214671181,upper_confidence_bound,5,33997193.86276317
7080,fc16f_00024,96,103632.86201050627,upper_confidence_bound,5,33997193.86276317
7081,fc16f_00024,97,103565.19539576335,upper_confidence_bound,5,33997193.86276317
7082,fc16f_00024,98,108427.22079152969,upper_confidence_bound,5,33997193.86276317
7083,fc16f_00024,99,112228.20963345881,upper_confidence_bound,5,33997193.86276317
7084,fc16f_00024,100,116370.85305871202,upper_confidence_bound,5,33997193.86276317
7085,fc16f_00024,101,116088.48216557075,upper_confidence_bound,5,33997193.86276317
7086,fc16f_00024,102,115782.05961123852,upper_confidence_bound,5,33997193.86276317
7087,fc16f_00024,103,116043.41662311128,upper_confidence_bound,5,33997193.86276317
7088,fc16f_00024,104,118452.56302230932,upper_confidence_bound,5,33997193.86276317
7089,fc16f_00024,105,125890.86065155201,upper_confidence_bound,5,33997193.86276317
7090,fc16f_00024,106,125603.07277765276,upper_confidence_bound,5,33997193.86276317
7091,fc16f_00024,107,116869.88260916802,upper_confidence_bound,5,33997193.86276317
7092,fc16f_00024,108,119729.16386838199,upper_confidence_bound,5,33997193.86276317
7093,fc16f_00024,109,118106.64461469417,upper_confidence_bound,5,33997193.86276317
7094,fc16f_00024,110,121714.42497296713,upper_confidence_bound,5,33997193.86276317
7095,fc16f_00024,111,117000.91893652217,upper_confidence_bound,5,33997193.86276317
7096,fc16f_00024,112,113176.28169170213,upper_confidence_bound,5,33997193.86276317
7097,fc16f_00024,113,116423.40146074566,upper_confidence_bound,5,33997193.86276317
7098,fc16f_00024,114,124375.26865277221,upper_confidence_bound,5,33997193.86276317
7099,fc16f_00024,115,122697.03894107306,upper_confidence_bound,5,33997193.86276317
7100,fc16f_00024,116,107477.2945515145,upper_confidence_bound,5,33997193.86276317
7101,fc16f_00024,117,104982.2929195798,upper_confidence_bound,5,33997193.86276317
7102,fc16f_00024,118,103066.6983166866,upper_confidence_bound,5,33997193.86276317
7103,fc16f_00024,119,99969.2371462333,upper_confidence_bound,5,33997193.86276317
7104,fc16f_00024,120,102387.31564521015,upper_confidence_bound,5,33997193.86276317
7105,fc16f_00024,121,104065.4030563408,upper_confidence_bound,5,33997193.86276317
7106,fc16f_00024,122,96991.01412471435,upper_confidence_bound,5,33997193.86276317
7107,fc16f_00024,123,93349.884854852,upper_confidence_bound,5,33997193.86276317
7108,fc16f_00024,124,96331.45071744199,upper_confidence_bound,5,33997193.86276317
7109,fc16f_00024,125,96038.21288673455,upper_confidence_bound,5,33997193.86276317
7110,fc16f_00024,126,98124.60902870818,upper_confidence_bound,5,33997193.86276317
7111,fc16f_00024,127,100260.05957938106,upper_confidence_bound,5,33997193.86276317
7112,fc16f_00024,128,116485.13591698626,upper_confidence_bound,5,33997193.86276317
7113,fc16f_00024,129,119374.24339974692,upper_confidence_bound,5,33997193.86276317
7114,fc16f_00024,130,122633.1776783622,upper_confidence_bound,5,33997193.86276317
7115,fc16f_00024,131,120965.33114169077,upper_confidence_bound,5,33997193.86276317
7116,fc16f_00024,132,124538.37360948717,upper_confidence_bound,5,33997193.86276317
7117,fc16f_00024,133,135143.3285057909,upper_confidence_bound,5,33997193.86276317
7118,fc16f_00024,134,135801.12497100365,upper_confidence_bound,5,33997193.86276317
7119,fc16f_00024,135,136526.115091427,upper_confidence_bound,5,33997193.86276317
7120,fc16f_00024,136,152706.93317828688,upper_confidence_bound,5,33997193.86276317
7121,fc16f_00024,137,137896.29829586236,upper_confidence_bound,5,33997193.86276317
7122,fc16f_00024,138,141938.22200182048,upper_confidence_bound,5,33997193.86276317
7123,fc16f_00024,139,143737.2552854145,upper_confidence_bound,5,33997193.86276317
7124,fc16f_00024,140,142965.00153803395,upper_confidence_bound,5,33997193.86276317
7125,fc16f_00024,141,129816.63973129202,upper_confidence_bound,5,33997193.86276317
7126,fc16f_00024,142,131011.58370978633,upper_confidence_bound,5,33997193.86276317
7127,fc16f_00024,143,131069.05120347986,upper_confidence_bound,5,33997193.86276317
7128,fc16f_00024,144,122570.8034508882,upper_confidence_bound,5,33997193.86276317
7129,fc16f_00024,145,118634.93525890815,upper_confidence_bound,5,33997193.86276317
7130,fc16f_00024,146,121557.73667720292,upper_confidence_bound,5,33997193.86276317
7131,fc16f_00024,147,118720.91859477099,upper_confidence_bound,5,33997193.86276317
7132,fc16f_00024,148,108504.15767131781,upper_confidence_bound,5,33997193.86276317
7133,fc16f_00024,149,104064.35680274483,upper_confidence_bound,5,33997193.86276317
7134,fc16f_00024,150,93254.60993516725,upper_confidence_bound,5,33997193.86276317
7135,fc16f_00024,151,93285.01269749887,upper_confidence_bound,5,33997193.86276317
7136,fc16f_00024,152,96177.71659414275,upper_confidence_bound,5,33997193.86276317
7137,fc16f_00024,153,98755.24722437507,upper_confidence_bound,5,33997193.86276317
7138,fc16f_00024,154,98428.95356379062,upper_confidence_bound,5,33997193.86276317
7139,fc16f_00024,155,98038.41773457717,upper_confidence_bound,5,33997193.86276317
7140,fc16f_00024,156,89163.70891391672,upper_confidence_bound,5,33997193.86276317
7141,fc16f_00024,157,88637.90557024883,upper_confidence_bound,5,33997193.86276317
7142,fc16f_00024,158,100727.06357608763,upper_confidence_bound,5,33997193.86276317
7143,fc16f_00024,159,100685.23660986405,upper_confidence_bound,5,33997193.86276317
7144,fc16f_00024,160,98722.07471380167,upper_confidence_bound,5,33997193.86276317
7145,fc16f_00024,161,109292.69476112562,upper_confidence_bound,5,33997193.86276317
7146,fc16f_00024,162,114845.62379066633,upper_confidence_bound,5,33997193.86276317
7147,fc16f_00024,163,119557.46418221721,upper_confidence_bound,5,33997193.86276317
7148,fc16f_00024,164,120148.62995758899,upper_confidence_bound,5,33997193.86276317
7149,fc16f_00024,165,123582.50635808606,upper_confidence_bound,5,33997193.86276317
7150,fc16f_00024,166,72133.02112471257,upper_confidence_bound,5,33997193.86276317
7151,fc16f_00024,167,78905.41607375012,upper_confidence_bound,5,33997193.86276317
7152,fc16f_00024,168,82285.23264279249,upper_confidence_bound,5,33997193.86276317
7153,fc16f_00024,169,83150.22437980505,upper_confidence_bound,5,33997193.86276317
7154,fc16f_00024,170,82788.02985622956,upper_confidence_bound,5,33997193.86276317
7155,fc16f_00024,171,74617.59425206624,upper_confidence_bound,5,33997193.86276317
7156,fc16f_00024,172,74500.22243302852,upper_confidence_bound,5,33997193.86276317
7157,fc16f_00024,173,81653.1242468793,upper_confidence_bound,5,33997193.86276317
7158,fc16f_00024,174,81791.72576094417,upper_confidence_bound,5,33997193.86276317
7159,fc16f_00024,175,74661.23848993523,upper_confidence_bound,5,33997193.86276317
7160,fc16f_00024,176,77450.52107199324,upper_confidence_bound,5,33997193.86276317
7161,fc16f_00024,177,110161.39584928952,upper_confidence_bound,5,33997193.86276317
7162,fc16f_00024,178,110162.64758778385,upper_confidence_bound,5,33997193.86276317
7163,fc16f_00024,179,107772.61016364464,upper_confidence_bound,5,33997193.86276317
7164,fc16f_00024,180,107782.52237436557,upper_confidence_bound,5,33997193.86276317
7165,fc16f_00024,181,106557.87523676675,upper_confidence_bound,5,33997193.86276317
7166,fc16f_00024,182,115564.1322656506,upper_confidence_bound,5,33997193.86276317
7167,fc16f_00024,183,139902.56313092052,upper_confidence_bound,5,33997193.86276317
7168,fc16f_00024,184,141813.1399743187,upper_confidence_bound,5,33997193.86276317
7169,fc16f_00024,185,150963.27912466723,upper_confidence_bound,5,33997193.86276317
7170,fc16f_00024,186,150902.64731879404,upper_confidence_bound,5,33997193.86276317
7171,fc16f_00024,187,148660.7070002099,upper_confidence_bound,5,33997193.86276317
7172,fc16f_00024,188,148925.1825314284,upper_confidence_bound,5,33997193.86276317
7173,fc16f_00024,189,153666.746084294,upper_confidence_bound,5,33997193.86276317
7174,fc16f_00024,190,172951.09603910122,upper_confidence_bound,5,33997193.86276317
7175,fc16f_00024,191,184012.3431094867,upper_confidence_bound,5,33997193.86276317
7176,fc16f_00024,192,187262.896825424,upper_confidence_bound,5,33997193.86276317
7177,fc16f_00024,193,198183.84467381774,upper_confidence_bound,5,33997193.86276317
7178,fc16f_00024,194,201292.80246190395,upper_confidence_bound,5,33997193.86276317
7179,fc16f_00024,195,204527.18085811136,upper_confidence_bound,5,33997193.86276317
7180,fc16f_00024,196,210417.03555713763,upper_confidence_bound,5,33997193.86276317
7181,fc16f_00024,197,216432.14952746284,upper_confidence_bound,5,33997193.86276317
7182,fc16f_00024,198,215562.53902692563,upper_confidence_bound,5,33997193.86276317
7183,fc16f_00024,199,213524.59004066317,upper_confidence_bound,5,33997193.86276317
7184,fc16f_00024,200,214619.00251426216,upper_confidence_bound,5,33997193.86276317
7185,fc16f_00024,201,250803.01961424,upper_confidence_bound,5,33997193.86276317
7186,fc16f_00024,202,251671.57792665274,upper_confidence_bound,5,33997193.86276317
7187,fc16f_00024,203,259112.83247728331,upper_confidence_bound,5,33997193.86276317
7188,fc16f_00024,204,255955.48938261703,upper_confidence_bound,5,33997193.86276317
7189,fc16f_00024,205,260814.36621400237,upper_confidence_bound,5,33997193.86276317
7190,fc16f_00024,206,260006.98920756482,upper_confidence_bound,5,33997193.86276317
7191,fc16f_00024,207,256552.7148724629,upper_confidence_bound,5,33997193.86276317
7192,fc16f_00024,208,262826.82848020585,upper_confidence_bound,5,33997193.86276317
7193,fc16f_00024,209,262792.4832818663,upper_confidence_bound,5,33997193.86276317
7194,fc16f_00024,210,250660.8276856736,upper_confidence_bound,5,33997193.86276317
7195,fc16f_00024,211,249280.2532104142,upper_confidence_bound,5,33997193.86276317
7196,fc16f_00024,212,250904.64109074074,upper_confidence_bound,5,33997193.86276317
7197,fc16f_00024,213,251032.80997510382,upper_confidence_bound,5,33997193.86276317
7198,fc16f_00024,214,242209.7793405865,upper_confidence_bound,5,33997193.86276317
7199,fc16f_00024,215,242323.04034446544,upper_confidence_bound,5,33997193.86276317
7200,fc16f_00024,216,260321.29487171478,upper_confidence_bound,5,33997193.86276317
7201,fc16f_00024,217,261390.51516603946,upper_confidence_bound,5,33997193.86276317
7202,fc16f_00024,218,261035.12613435744,upper_confidence_bound,5,33997193.86276317
7203,fc16f_00024,219,266493.89475980646,upper_confidence_bound,5,33997193.86276317
7204,fc16f_00024,220,267833.8477345432,upper_confidence_bound,5,33997193.86276317
7205,fc16f_00024,221,274986.69415577466,upper_confidence_bound,5,33997193.86276317
7206,fc16f_00024,222,272588.6699667148,upper_confidence_bound,5,33997193.86276317
7207,fc16f_00024,223,252308.97426779484,upper_confidence_bound,5,33997193.86276317
7208,fc16f_00024,224,254548.8258419416,upper_confidence_bound,5,33997193.86276317
7209,fc16f_00024,225,254384.3230653629,upper_confidence_bound,5,33997193.86276317
7210,fc16f_00024,226,256044.43957965035,upper_confidence_bound,5,33997193.86276317
7211,fc16f_00024,227,254995.9802260713,upper_confidence_bound,5,33997193.86276317
7212,fc16f_00024,228,236096.7737015355,upper_confidence_bound,5,33997193.86276317
7213,fc16f_00024,229,235843.84291793045,upper_confidence_bound,5,33997193.86276317
7214,fc16f_00024,230,236082.99551982075,upper_confidence_bound,5,33997193.86276317
7215,fc16f_00024,231,233384.83591650066,upper_confidence_bound,5,33997193.86276317
7216,fc16f_00024,232,231253.10799760572,upper_confidence_bound,5,33997193.86276317
7217,fc16f_00024,233,233575.87858020244,upper_confidence_bound,5,33997193.86276317
7218,fc16f_00024,234,205152.13769556268,upper_confidence_bound,5,33997193.86276317
7219,fc16f_00024,235,211386.96365772595,upper_confidence_bound,5,33997193.86276317
7220,fc16f_00024,236,212364.26426684833,upper_confidence_bound,5,33997193.86276317
7221,fc16f_00024,237,209824.06544425723,upper_confidence_bound,5,33997193.86276317
7222,fc16f_00024,238,209404.60902505397,upper_confidence_bound,5,33997193.86276317
7223,fc16f_00024,239,209751.4057278442,upper_confidence_bound,5,33997193.86276317
7224,fc16f_00024,240,207794.72136559468,upper_confidence_bound,5,33997193.86276317
7225,fc16f_00024,241,176518.74269332405,upper_confidence_bound,5,33997193.86276317
7226,fc16f_00024,242,164490.00106658216,upper_confidence_bound,5,33997193.86276317
7227,fc16f_00024,243,164042.18662009446,upper_confidence_bound,5,33997193.86276317
7228,fc16f_00024,244,169601.97402772334,upper_confidence_bound,5,33997193.86276317
7229,fc16f_00024,245,144987.1899585014,upper_confidence_bound,5,33997193.86276317
7230,fc16f_00024,246,135724.58744199667,upper_confidence_bound,5,33997193.86276317
7231,fc16f_00024,247,124215.51268882237,upper_confidence_bound,5,33997193.86276317
7232,fc16f_00024,248,129016.63250987077,upper_confidence_bound,5,33997193.86276317
7233,fc16f_00024,249,126580.23430153566,upper_confidence_bound,5,33997193.86276317
7234,fc16f_00024,250,125861.59699020433,upper_confidence_bound,5,33997193.86276317
7235,fc16f_00024,251,126421.85871809645,upper_confidence_bound,5,33997193.86276317
7236,fc16f_00024,252,126291.10229298062,upper_confidence_bound,5,33997193.86276317
7237,fc16f_00024,253,113787.07132649687,upper_confidence_bound,5,33997193.86276317
7238,fc16f_00024,254,118794.48462146874,upper_confidence_bound,5,33997193.86276317
7239,fc16f_00024,255,117383.88237099857,upper_confidence_bound,5,33997193.86276317
7240,fc16f_00024,256,111584.84259642586,upper_confidence_bound,5,33997193.86276317
7241,fc16f_00024,257,110734.3618106765,upper_confidence_bound,5,33997193.86276317
7242,fc16f_00024,258,137214.40043756602,upper_confidence_bound,5,33997193.86276317
7243,fc16f_00024,259,140656.92106501583,upper_confidence_bound,5,33997193.86276317
7244,fc16f_00024,260,131551.53276450295,upper_confidence_bound,5,33997193.86276317
7245,fc16f_00024,261,135806.01156898457,upper_confidence_bound,5,33997193.86276317
7246,fc16f_00024,262,130639.27825820807,upper_confidence_bound,5,33997193.86276317
7247,fc16f_00024,263,129736.0438813812,upper_confidence_bound,5,33997193.86276317
7248,fc16f_00024,264,135948.19397536755,upper_confidence_bound,5,33997193.86276317
7249,fc16f_00024,265,149100.73789520882,upper_confidence_bound,5,33997193.86276317
7250,fc16f_00024,266,145768.7857480882,upper_confidence_bound,5,33997193.86276317
7251,fc16f_00024,267,148460.02459945096,upper_confidence_bound,5,33997193.86276317
7252,fc16f_00024,268,145861.05797573627,upper_confidence_bound,5,33997193.86276317
7253,fc16f_00024,269,136441.02836118996,upper_confidence_bound,5,33997193.86276317
7254,fc16f_00024,270,136254.82312288185,upper_confidence_bound,5,33997193.86276317
7255,fc16f_00024,271,118368.76956155313,upper_confidence_bound,5,33997193.86276317
7256,fc16f_00024,272,94959.94630741722,upper_confidence_bound,5,33997193.86276317
7257,fc16f_00024,273,95110.09486332751,upper_confidence_bound,5,33997193.86276317
7258,fc16f_00024,274,94663.11404244686,upper_confidence_bound,5,33997193.86276317
7259,fc16f_00024,275,90859.36703007143,upper_confidence_bound,5,33997193.86276317
7260,fc16f_00024,276,89599.85515771425,upper_confidence_bound,5,33997193.86276317
7261,fc16f_00024,277,85552.8034011713,upper_confidence_bound,5,33997193.86276317
7262,fc16f_00024,278,83749.36463950828,upper_confidence_bound,5,33997193.86276317
7263,fc16f_00024,279,85724.13777429728,upper_confidence_bound,5,33997193.86276317
7264,fc16f_00024,280,68182.11472394133,upper_confidence_bound,5,33997193.86276317
7265,fc16f_00024,281,61288.045831502124,upper_confidence_bound,5,33997193.86276317
7266,fc16f_00024,282,60363.5691062986,upper_confidence_bound,5,33997193.86276317
7267,fc16f_00024,283,65201.82689588068,upper_confidence_bound,5,33997193.86276317
7268,fc16f_00024,284,56211.95131879073,upper_confidence_bound,5,33997193.86276317
7269,fc16f_00024,285,50721.932552285136,upper_confidence_bound,5,33997193.86276317
7270,fc16f_00024,286,50290.732540369776,upper_confidence_bound,5,33997193.86276317
7271,fc16f_00024,287,50254.861963689924,upper_confidence_bound,5,33997193.86276317
7272,fc16f_00024,288,47195.10022137986,upper_confidence_bound,5,33997193.86276317
7273,fc16f_00024,289,43669.61238811366,upper_confidence_bound,5,33997193.86276317
7274,fc16f_00024,290,42726.401855393575,upper_confidence_bound,5,33997193.86276317
7275,fc16f_00025,0,21189.009739047997,variance_reduction,1,5190308.4306017775
7276,fc16f_00025,1,17152.315504155755,variance_reduction,1,5190308.4306017775
7277,fc16f_00025,2,8313.98203224904,variance_reduction,1,5190308.4306017775
7278,fc16f_00025,3,9006.91380734845,variance_reduction,1,5190308.4306017775
7279,fc16f_00025,4,9494.461572752396,variance_reduction,1,5190308.4306017775
7280,fc16f_00025,5,9273.36924389207,variance_reduction,1,5190308.4306017775
7281,fc16f_00025,6,12398.26231357885,variance_reduction,1,5190308.4306017775
7282,fc16f_00025,7,10376.787316499676,variance_reduction,1,5190308.4306017775
7283,fc16f_00025,8,10679.9939522893,variance_reduction,1,5190308.4306017775
7284,fc16f_00025,9,10642.264508590562,variance_reduction,1,5190308.4306017775
7285,fc16f_00025,10,8078.271540393254,variance_reduction,1,5190308.4306017775
7286,fc16f_00025,11,9087.55753711503,variance_reduction,1,5190308.4306017775
7287,fc16f_00025,12,8305.107300684738,variance_reduction,1,5190308.4306017775
7288,fc16f_00025,13,8310.317702417979,variance_reduction,1,5190308.4306017775
7289,fc16f_00025,14,8489.8170960277,variance_reduction,1,5190308.4306017775
7290,fc16f_00025,15,8354.082534442105,variance_reduction,1,5190308.4306017775
7291,fc16f_00025,16,8148.355131297802,variance_reduction,1,5190308.4306017775
7292,fc16f_00025,17,8141.722023072903,variance_reduction,1,5190308.4306017775
7293,fc16f_00025,18,8649.975670582451,variance_reduction,1,5190308.4306017775
7294,fc16f_00025,19,8056.814597380027,variance_reduction,1,5190308.4306017775
7295,fc16f_00025,20,7582.082007639943,variance_reduction,1,5190308.4306017775
7296,fc16f_00025,21,6814.042282542194,variance_reduction,1,5190308.4306017775
7297,fc16f_00025,22,5752.764237284293,variance_reduction,1,5190308.4306017775
7298,fc16f_00025,23,6861.615726777636,variance_reduction,1,5190308.4306017775
7299,fc16f_00025,24,6318.931672548835,variance_reduction,1,5190308.4306017775
7300,fc16f_00025,25,6146.398937951712,variance_reduction,1,5190308.4306017775
7301,fc16f_00025,26,6101.67460339057,variance_reduction,1,5190308.4306017775
7302,fc16f_00025,27,5855.483665989796,variance_reduction,1,5190308.4306017775
7303,fc16f_00025,28,5866.390456688653,variance_reduction,1,5190308.4306017775
7304,fc16f_00025,29,5947.874007976943,variance_reduction,1,5190308.4306017775
7305,fc16f_00025,30,6323.883360636735,variance_reduction,1,5190308.4306017775
7306,fc16f_00025,31,6139.3972630631215,variance_reduction,1,5190308.4306017775
7307,fc16f_00025,32,6069.621605852337,variance_reduction,1,5190308.4306017775
7308,fc16f_00025,33,5641.706152066529,variance_reduction,1,5190308.4306017775
7309,fc16f_00025,34,5236.0701132868135,variance_reduction,1,5190308.4306017775
7310,fc16f_00025,35,6449.3624304535615,variance_reduction,1,5190308.4306017775
7311,fc16f_00025,36,6419.423593524481,variance_reduction,1,5190308.4306017775
7312,fc16f_00025,37,6434.943932410567,variance_reduction,1,5190308.4306017775
7313,fc16f_00025,38,7208.846042911738,variance_reduction,1,5190308.4306017775
7314,fc16f_00025,39,7225.237652322511,variance_reduction,1,5190308.4306017775
7315,fc16f_00025,40,7361.951606658637,variance_reduction,1,5190308.4306017775
7316,fc16f_00025,41,10220.32428839139,variance_reduction,1,5190308.4306017775
7317,fc16f_00025,42,10448.519989468923,variance_reduction,1,5190308.4306017775
7318,fc16f_00025,43,11029.006528113938,variance_reduction,1,5190308.4306017775
7319,fc16f_00025,44,10428.54353189655,variance_reduction,1,5190308.4306017775
7320,fc16f_00025,45,10386.887537410645,variance_reduction,1,5190308.4306017775
7321,fc16f_00025,46,9666.933325606646,variance_reduction,1,5190308.4306017775
7322,fc16f_00025,47,8805.83729275113,variance_reduction,1,5190308.4306017775
7323,fc16f_00025,48,8628.92174713645,variance_reduction,1,5190308.4306017775
7324,fc16f_00025,49,8558.44724413248,variance_reduction,1,5190308.4306017775
7325,fc16f_00025,50,8508.605370802245,variance_reduction,1,5190308.4306017775
7326,fc16f_00025,51,8470.442739287368,variance_reduction,1,5190308.4306017775
7327,fc16f_00025,52,8916.681840402014,variance_reduction,1,5190308.4306017775
7328,fc16f_00025,53,8755.434414944553,variance_reduction,1,5190308.4306017775
7329,fc16f_00025,54,7980.713685793774,variance_reduction,1,5190308.4306017775
7330,fc16f_00025,55,7950.957937592415,variance_reduction,1,5190308.4306017775
7331,fc16f_00025,56,8836.313612002905,variance_reduction,1,5190308.4306017775
7332,fc16f_00025,57,8905.244394990232,variance_reduction,1,5190308.4306017775
7333,fc16f_00025,58,8934.759754376862,variance_reduction,1,5190308.4306017775
7334,fc16f_00025,59,9080.357824767705,variance_reduction,1,5190308.4306017775
7335,fc16f_00025,60,9563.98102251737,variance_reduction,1,5190308.4306017775
7336,fc16f_00025,61,9794.01007842241,variance_reduction,1,5190308.4306017775
7337,fc16f_00025,62,9770.745007837882,variance_reduction,1,5190308.4306017775
7338,fc16f_00025,63,9577.786999124497,variance_reduction,1,5190308.4306017775
7339,fc16f_00025,64,9708.862453755853,variance_reduction,1,5190308.4306017775
7340,fc16f_00025,65,9879.187265552431,variance_reduction,1,5190308.4306017775
7341,fc16f_00025,66,9221.031171439909,variance_reduction,1,5190308.4306017775
7342,fc16f_00025,67,9133.8849180527,variance_reduction,1,5190308.4306017775
7343,fc16f_00025,68,10026.234081323337,variance_reduction,1,5190308.4306017775
7344,fc16f_00025,69,10026.310097186724,variance_reduction,1,5190308.4306017775
7345,fc16f_00025,70,9480.716082846175,variance_reduction,1,5190308.4306017775
7346,fc16f_00025,71,9564.113149610957,variance_reduction,1,5190308.4306017775
7347,fc16f_00025,72,8511.395654879412,variance_reduction,1,5190308.4306017775
7348,fc16f_00025,73,7650.870230915204,variance_reduction,1,5190308.4306017775
7349,fc16f_00025,74,7122.564866986399,variance_reduction,1,5190308.4306017775
7350,fc16f_00025,75,7143.678768055647,variance_reduction,1,5190308.4306017775
7351,fc16f_00025,76,7045.807978795175,variance_reduction,1,5190308.4306017775
7352,fc16f_00025,77,6965.189081130026,variance_reduction,1,5190308.4306017775
7353,fc16f_00025,78,6699.976330189093,variance_reduction,1,5190308.4306017775
7354,fc16f_00025,79,6652.267564229015,variance_reduction,1,5190308.4306017775
7355,fc16f_00025,80,6522.554313352083,variance_reduction,1,5190308.4306017775
7356,fc16f_00025,81,6522.585994762934,variance_reduction,1,5190308.4306017775
7357,fc16f_00025,82,6618.4652095662905,variance_reduction,1,5190308.4306017775
7358,fc16f_00025,83,6285.893235275459,variance_reduction,1,5190308.4306017775
7359,fc16f_00025,84,6441.019337717187,variance_reduction,1,5190308.4306017775
7360,fc16f_00025,85,6533.3012587197145,variance_reduction,1,5190308.4306017775
7361,fc16f_00025,86,5405.8331075872875,variance_reduction,1,5190308.4306017775
7362,fc16f_00025,87,5384.959598221089,variance_reduction,1,5190308.4306017775
7363,fc16f_00025,88,5370.609177014395,variance_reduction,1,5190308.4306017775
7364,fc16f_00025,89,5431.754928227763,variance_reduction,1,5190308.4306017775
7365,fc16f_00025,90,5594.10669494119,variance_reduction,1,5190308.4306017775
7366,fc16f_00025,91,5466.425088536842,variance_reduction,1,5190308.4306017775
7367,fc16f_00025,92,5442.958942870101,variance_reduction,1,5190308.4306017775
7368,fc16f_00025,93,5376.452934382809,variance_reduction,1,5190308.4306017775
7369,fc16f_00025,94,6565.949110780328,variance_reduction,1,5190308.4306017775
7370,fc16f_00025,95,6537.5308157177515,variance_reduction,1,5190308.4306017775
7371,fc16f_00025,96,6507.426778510546,variance_reduction,1,5190308.4306017775
7372,fc16f_00025,97,6300.9928959398985,variance_reduction,1,5190308.4306017775
7373,fc16f_00025,98,6422.672361537179,variance_reduction,1,5190308.4306017775
7374,fc16f_00025,99,6568.1991293274805,variance_reduction,1,5190308.4306017775
7375,fc16f_00025,100,6558.721986277901,variance_reduction,1,5190308.4306017775
7376,fc16f_00025,101,6565.4443154318515,variance_reduction,1,5190308.4306017775
7377,fc16f_00025,102,6415.65769034669,variance_reduction,1,5190308.4306017775
7378,fc16f_00025,103,6407.395357417012,variance_reduction,1,5190308.4306017775
7379,fc16f_00025,104,6359.847841016571,variance_reduction,1,5190308.4306017775
7380,fc16f_00025,105,6487.788555977557,variance_reduction,1,5190308.4306017775
7381,fc16f_00025,106,6633.437767700472,variance_reduction,1,5190308.4306017775
7382,fc16f_00025,107,6752.3461978728055,variance_reduction,1,5190308.4306017775
7383,fc16f_00025,108,7250.502506013856,variance_reduction,1,5190308.4306017775
7384,fc16f_00025,109,7071.990262153587,variance_reduction,1,5190308.4306017775
7385,fc16f_00025,110,7074.283938266396,variance_reduction,1,5190308.4306017775
7386,fc16f_00025,111,7832.453212469518,variance_reduction,1,5190308.4306017775
7387,fc16f_00025,112,8162.777173810727,variance_reduction,1,5190308.4306017775
7388,fc16f_00025,113,8349.784503124582,variance_reduction,1,5190308.4306017775
7389,fc16f_00025,114,8397.497989589732,variance_reduction,1,5190308.4306017775
7390,fc16f_00025,115,8712.417544438584,variance_reduction,1,5190308.4306017775
7391,fc16f_00025,116,9024.146928296203,variance_reduction,1,5190308.4306017775
7392,fc16f_00025,117,8957.301366397958,variance_reduction,1,5190308.4306017775
7393,fc16f_00025,118,9240.17380068704,variance_reduction,1,5190308.4306017775
7394,fc16f_00025,119,9355.243629621404,variance_reduction,1,5190308.4306017775
7395,fc16f_00025,120,9161.05017454707,variance_reduction,1,5190308.4306017775
7396,fc16f_00025,121,8546.338502117003,variance_reduction,1,5190308.4306017775
7397,fc16f_00025,122,8640.700439827786,variance_reduction,1,5190308.4306017775
7398,fc16f_00025,123,8425.92188528305,variance_reduction,1,5190308.4306017775
7399,fc16f_00025,124,8487.775241033081,variance_reduction,1,5190308.4306017775
7400,fc16f_00025,125,8200.54105735353,variance_reduction,1,5190308.4306017775
7401,fc16f_00025,126,10741.157776067997,variance_reduction,1,5190308.4306017775
7402,fc16f_00025,127,10658.237146743772,variance_reduction,1,5190308.4306017775
7403,fc16f_00025,128,10833.823961856984,variance_reduction,1,5190308.4306017775
7404,fc16f_00025,129,10837.637628240622,variance_reduction,1,5190308.4306017775
7405,fc16f_00025,130,10664.703271484706,variance_reduction,1,5190308.4306017775
7406,fc16f_00025,131,11888.783074849103,variance_reduction,1,5190308.4306017775
7407,fc16f_00025,132,13110.329028419166,variance_reduction,1,5190308.4306017775
7408,fc16f_00025,133,13169.855588012251,variance_reduction,1,5190308.4306017775
7409,fc16f_00025,134,13166.036264680886,variance_reduction,1,5190308.4306017775
7410,fc16f_00025,135,13218.48728531491,variance_reduction,1,5190308.4306017775
7411,fc16f_00025,136,11575.663872804986,variance_reduction,1,5190308.4306017775
7412,fc16f_00025,137,11653.050877953696,variance_reduction,1,5190308.4306017775
7413,fc16f_00025,138,11662.041181940143,variance_reduction,1,5190308.4306017775
7414,fc16f_00025,139,11432.981562245806,variance_reduction,1,5190308.4306017775
7415,fc16f_00025,140,9949.834534044532,variance_reduction,1,5190308.4306017775
7416,fc16f_00025,141,9931.53261179845,variance_reduction,1,5190308.4306017775
7417,fc16f_00025,142,9834.589924977323,variance_reduction,1,5190308.4306017775
7418,fc16f_00025,143,9752.882053106581,variance_reduction,1,5190308.4306017775
7419,fc16f_00025,144,9828.783322600268,variance_reduction,1,5190308.4306017775
7420,fc16f_00025,145,9886.02604632514,variance_reduction,1,5190308.4306017775
7421,fc16f_00025,146,10350.424680122676,variance_reduction,1,5190308.4306017775
7422,fc16f_00025,147,10341.77601006799,variance_reduction,1,5190308.4306017775
7423,fc16f_00025,148,10204.427214736537,variance_reduction,1,5190308.4306017775
7424,fc16f_00025,149,11231.523389893842,variance_reduction,1,5190308.4306017775
7425,fc16f_00025,150,10686.322279555505,variance_reduction,1,5190308.4306017775
7426,fc16f_00025,151,10560.426314150747,variance_reduction,1,5190308.4306017775
7427,fc16f_00025,152,12225.063855279703,variance_reduction,1,5190308.4306017775
7428,fc16f_00025,153,12380.769216313947,variance_reduction,1,5190308.4306017775
7429,fc16f_00025,154,13126.829823418122,variance_reduction,1,5190308.4306017775
7430,fc16f_00025,155,13185.517640428616,variance_reduction,1,5190308.4306017775
7431,fc16f_00025,156,13130.09784738302,variance_reduction,1,5190308.4306017775
7432,fc16f_00025,157,13207.396481213145,variance_reduction,1,5190308.4306017775
7433,fc16f_00025,158,13206.237893886646,variance_reduction,1,5190308.4306017775
7434,fc16f_00025,159,13906.827067487871,variance_reduction,1,5190308.4306017775
7435,fc16f_00025,160,14460.572199125865,variance_reduction,1,5190308.4306017775
7436,fc16f_00025,161,14834.040951732788,variance_reduction,1,5190308.4306017775
7437,fc16f_00025,162,15975.22466914932,variance_reduction,1,5190308.4306017775
7438,fc16f_00025,163,15905.544960914132,variance_reduction,1,5190308.4306017775
7439,fc16f_00025,164,16980.905541242697,variance_reduction,1,5190308.4306017775
7440,fc16f_00025,165,16775.866940339565,variance_reduction,1,5190308.4306017775
7441,fc16f_00025,166,16752.231840208875,variance_reduction,1,5190308.4306017775
7442,fc16f_00025,167,16755.188970516137,variance_reduction,1,5190308.4306017775
7443,fc16f_00025,168,18926.225703244178,variance_reduction,1,5190308.4306017775
7444,fc16f_00025,169,19016.67026018876,variance_reduction,1,5190308.4306017775
7445,fc16f_00025,170,18817.132559746136,variance_reduction,1,5190308.4306017775
7446,fc16f_00025,171,17485.41015405556,variance_reduction,1,5190308.4306017775
7447,fc16f_00025,172,18147.271274562536,variance_reduction,1,5190308.4306017775
7448,fc16f_00025,173,18240.650182110472,variance_reduction,1,5190308.4306017775
7449,fc16f_00025,174,17995.095045185477,variance_reduction,1,5190308.4306017775
7450,fc16f_00025,175,17956.992619034838,variance_reduction,1,5190308.4306017775
7451,fc16f_00025,176,20281.78678983863,variance_reduction,1,5190308.4306017775
7452,fc16f_00025,177,20371.331330478984,variance_reduction,1,5190308.4306017775
7453,fc16f_00025,178,20567.230452890002,variance_reduction,1,5190308.4306017775
7454,fc16f_00025,179,19990.62577448721,variance_reduction,1,5190308.4306017775
7455,fc16f_00025,180,23282.28732998632,variance_reduction,1,5190308.4306017775
7456,fc16f_00025,181,23636.991827605245,variance_reduction,1,5190308.4306017775
7457,fc16f_00025,182,26750.867991932737,variance_reduction,1,5190308.4306017775
7458,fc16f_00025,183,29304.93649324074,variance_reduction,1,5190308.4306017775
7459,fc16f_00025,184,27968.576719687764,variance_reduction,1,5190308.4306017775
7460,fc16f_00025,185,27863.300199059468,variance_reduction,1,5190308.4306017775
7461,fc16f_00025,186,26124.953534390872,variance_reduction,1,5190308.4306017775
7462,fc16f_00025,187,26447.14014349304,variance_reduction,1,5190308.4306017775
7463,fc16f_00025,188,27665.54571036158,variance_reduction,1,5190308.4306017775
7464,fc16f_00025,189,27525.09535875986,variance_reduction,1,5190308.4306017775
7465,fc16f_00025,190,26386.50966904197,variance_reduction,1,5190308.4306017775
7466,fc16f_00025,191,26099.025754725488,variance_reduction,1,5190308.4306017775
7467,fc16f_00025,192,27514.65502583475,variance_reduction,1,5190308.4306017775
7468,fc16f_00025,193,27432.58117898834,variance_reduction,1,5190308.4306017775
7469,fc16f_00025,194,26257.705668999293,variance_reduction,1,5190308.4306017775
7470,fc16f_00025,195,25476.040903700927,variance_reduction,1,5190308.4306017775
7471,fc16f_00025,196,26347.598707760335,variance_reduction,1,5190308.4306017775
7472,fc16f_00025,197,26102.876103147686,variance_reduction,1,5190308.4306017775
7473,fc16f_00025,198,26108.768942268933,variance_reduction,1,5190308.4306017775
7474,fc16f_00025,199,25643.79559656608,variance_reduction,1,5190308.4306017775
7475,fc16f_00025,200,27063.511668732703,variance_reduction,1,5190308.4306017775
7476,fc16f_00025,201,26823.844684830146,variance_reduction,1,5190308.4306017775
7477,fc16f_00025,202,27295.5507254987,variance_reduction,1,5190308.4306017775
7478,fc16f_00025,203,27969.621332794846,variance_reduction,1,5190308.4306017775
7479,fc16f_00025,204,27586.86661397185,variance_reduction,1,5190308.4306017775
7480,fc16f_00025,205,28077.8407589039,variance_reduction,1,5190308.4306017775
7481,fc16f_00025,206,30358.22662110554,variance_reduction,1,5190308.4306017775
7482,fc16f_00025,207,30183.18707209728,variance_reduction,1,5190308.4306017775
7483,fc16f_00025,208,30964.35474898323,variance_reduction,1,5190308.4306017775
7484,fc16f_00025,209,32014.15252756058,variance_reduction,1,5190308.4306017775
7485,fc16f_00025,210,31785.644280350032,variance_reduction,1,5190308.4306017775
7486,fc16f_00025,211,31034.121909453454,variance_reduction,1,5190308.4306017775
7487,fc16f_00025,212,31085.857876110716,variance_reduction,1,5190308.4306017775
7488,fc16f_00025,213,30814.612354560377,variance_reduction,1,5190308.4306017775
7489,fc16f_00025,214,31347.53711348639,variance_reduction,1,5190308.4306017775
7490,fc16f_00025,215,31561.30680449334,variance_reduction,1,5190308.4306017775
7491,fc16f_00025,216,31833.592202223706,variance_reduction,1,5190308.4306017775
7492,fc16f_00025,217,31915.39820926083,variance_reduction,1,5190308.4306017775
7493,fc16f_00025,218,33719.6351651399,variance_reduction,1,5190308.4306017775
7494,fc16f_00025,219,37569.651994988235,variance_reduction,1,5190308.4306017775
7495,fc16f_00025,220,37008.42453109996,variance_reduction,1,5190308.4306017775
7496,fc16f_00025,221,36242.327288711625,variance_reduction,1,5190308.4306017775
7497,fc16f_00025,222,36277.99343855583,variance_reduction,1,5190308.4306017775
7498,fc16f_00025,223,36266.17763417937,variance_reduction,1,5190308.4306017775
7499,fc16f_00025,224,40901.514074836734,variance_reduction,1,5190308.4306017775
7500,fc16f_00025,225,29801.341104026298,variance_reduction,1,5190308.4306017775
7501,fc16f_00025,226,29357.923774327206,variance_reduction,1,5190308.4306017775
7502,fc16f_00025,227,28059.111031169792,variance_reduction,1,5190308.4306017775
7503,fc16f_00025,228,25560.32575311749,variance_reduction,1,5190308.4306017775
7504,fc16f_00025,229,22815.854388393698,variance_reduction,1,5190308.4306017775
7505,fc16f_00025,230,19442.889053528444,variance_reduction,1,5190308.4306017775
7506,fc16f_00025,231,19847.47155611496,variance_reduction,1,5190308.4306017775
7507,fc16f_00025,232,19849.957382584213,variance_reduction,1,5190308.4306017775
7508,fc16f_00025,233,23664.224222607783,variance_reduction,1,5190308.4306017775
7509,fc16f_00025,234,22096.226956717437,variance_reduction,1,5190308.4306017775
7510,fc16f_00025,235,21686.742046358708,variance_reduction,1,5190308.4306017775
7511,fc16f_00025,236,25333.393411407218,variance_reduction,1,5190308.4306017775
7512,fc16f_00025,237,26334.823675230564,variance_reduction,1,5190308.4306017775
7513,fc16f_00025,238,24134.575159485237,variance_reduction,1,5190308.4306017775
7514,fc16f_00025,239,27315.19791924835,variance_reduction,1,5190308.4306017775
7515,fc16f_00025,240,26531.998790342965,variance_reduction,1,5190308.4306017775
7516,fc16f_00025,241,27377.991776300878,variance_reduction,1,5190308.4306017775
7517,fc16f_00025,242,27915.854059007954,variance_reduction,1,5190308.4306017775
7518,fc16f_00025,243,31810.34308407221,variance_reduction,1,5190308.4306017775
7519,fc16f_00025,244,30644.408372393722,variance_reduction,1,5190308.4306017775
7520,fc16f_00025,245,30920.06892102371,variance_reduction,1,5190308.4306017775
7521,fc16f_00025,246,31202.422808643776,variance_reduction,1,5190308.4306017775
7522,fc16f_00025,247,32673.07267197721,variance_reduction,1,5190308.4306017775
7523,fc16f_00025,248,31411.438267713806,variance_reduction,1,5190308.4306017775
7524,fc16f_00025,249,37027.30462386383,variance_reduction,1,5190308.4306017775
7525,fc16f_00025,250,37135.181285623206,variance_reduction,1,5190308.4306017775
7526,fc16f_00025,251,37835.565133158845,variance_reduction,1,5190308.4306017775
7527,fc16f_00025,252,36771.62955657706,variance_reduction,1,5190308.4306017775
7528,fc16f_00025,253,35845.80412564138,variance_reduction,1,5190308.4306017775
7529,fc16f_00025,254,33252.12605786993,variance_reduction,1,5190308.4306017775
7530,fc16f_00025,255,32825.95315551992,variance_reduction,1,5190308.4306017775
7531,fc16f_00025,256,30469.987606566498,variance_reduction,1,5190308.4306017775
7532,fc16f_00025,257,27925.749232323626,variance_reduction,1,5190308.4306017775
7533,fc16f_00025,258,28513.84951855566,variance_reduction,1,5190308.4306017775
7534,fc16f_00025,259,32025.79659991287,variance_reduction,1,5190308.4306017775
7535,fc16f_00025,260,34964.80804595014,variance_reduction,1,5190308.4306017775
7536,fc16f_00025,261,34081.98723762542,variance_reduction,1,5190308.4306017775
7537,fc16f_00025,262,34103.92450652346,variance_reduction,1,5190308.4306017775
7538,fc16f_00025,263,31449.61369722431,variance_reduction,1,5190308.4306017775
7539,fc16f_00025,264,31743.433236128632,variance_reduction,1,5190308.4306017775
7540,fc16f_00025,265,35440.50644099509,variance_reduction,1,5190308.4306017775
7541,fc16f_00025,266,35176.43774353465,variance_reduction,1,5190308.4306017775
7542,fc16f_00025,267,33887.80533504859,variance_reduction,1,5190308.4306017775
7543,fc16f_00025,268,36585.13967582879,variance_reduction,1,5190308.4306017775
7544,fc16f_00025,269,33680.94233477191,variance_reduction,1,5190308.4306017775
7545,fc16f_00025,270,33393.20177810742,variance_reduction,1,5190308.4306017775
7546,fc16f_00025,271,31897.85559427608,variance_reduction,1,5190308.4306017775
7547,fc16f_00025,272,31637.37836678133,variance_reduction,1,5190308.4306017775
7548,fc16f_00025,273,31919.37150483657,variance_reduction,1,5190308.4306017775
7549,fc16f_00025,274,31995.417929476193,variance_reduction,1,5190308.4306017775
7550,fc16f_00025,275,30429.593364275188,variance_reduction,1,5190308.4306017775
7551,fc16f_00025,276,30348.871424034834,variance_reduction,1,5190308.4306017775
7552,fc16f_00025,277,30857.2302989508,variance_reduction,1,5190308.4306017775
7553,fc16f_00025,278,32917.94481016613,variance_reduction,1,5190308.4306017775
7554,fc16f_00025,279,31731.894984903258,variance_reduction,1,5190308.4306017775
7555,fc16f_00025,280,33892.72624725219,variance_reduction,1,5190308.4306017775
7556,fc16f_00025,281,42523.29852703851,variance_reduction,1,5190308.4306017775
7557,fc16f_00025,282,40833.38455688913,variance_reduction,1,5190308.4306017775
7558,fc16f_00025,283,41449.06329683472,variance_reduction,1,5190308.4306017775
7559,fc16f_00025,284,41868.72362123855,variance_reduction,1,5190308.4306017775
7560,fc16f_00025,285,41879.92258494197,variance_reduction,1,5190308.4306017775
7561,fc16f_00025,286,44552.4773393153,variance_reduction,1,5190308.4306017775
7562,fc16f_00025,287,44617.9092620652,variance_reduction,1,5190308.4306017775
7563,fc16f_00025,288,44919.52286640873,variance_reduction,1,5190308.4306017775
7564,fc16f_00025,289,51569.82007503758,variance_reduction,1,5190308.4306017775
7565,fc16f_00025,290,50779.97429384282,variance_reduction,1,5190308.4306017775
7566,fc16f_00026,0,7462.718005199594,variance_reduction,2,7922746.809698084
7567,fc16f_00026,1,6352.960985621767,variance_reduction,2,7922746.809698084
7568,fc16f_00026,2,5779.720216427189,variance_reduction,2,7922746.809698084
7569,fc16f_00026,3,9715.392003033041,variance_reduction,2,7922746.809698084
7570,fc16f_00026,4,9540.353604644595,variance_reduction,2,7922746.809698084
7571,fc16f_00026,5,4756.484887784889,variance_reduction,2,7922746.809698084
7572,fc16f_00026,6,4489.028919801364,variance_reduction,2,7922746.809698084
7573,fc16f_00026,7,4311.81988724713,variance_reduction,2,7922746.809698084
7574,fc16f_00026,8,4054.297098114218,variance_reduction,2,7922746.809698084
7575,fc16f_00026,9,4392.46837110175,variance_reduction,2,7922746.809698084
7576,fc16f_00026,10,5130.81764092854,variance_reduction,2,7922746.809698084
7577,fc16f_00026,11,5126.719886561549,variance_reduction,2,7922746.809698084
7578,fc16f_00026,12,5156.314382891677,variance_reduction,2,7922746.809698084
7579,fc16f_00026,13,4307.58371071287,variance_reduction,2,7922746.809698084
7580,fc16f_00026,14,4823.1890494912095,variance_reduction,2,7922746.809698084
7581,fc16f_00026,15,4878.848659303267,variance_reduction,2,7922746.809698084
7582,fc16f_00026,16,4954.514457502786,variance_reduction,2,7922746.809698084
7583,fc16f_00026,17,7123.276015752902,variance_reduction,2,7922746.809698084
7584,fc16f_00026,18,4733.7207152787005,variance_reduction,2,7922746.809698084
7585,fc16f_00026,19,4611.58015742634,variance_reduction,2,7922746.809698084
7586,fc16f_00026,20,4707.34261741661,variance_reduction,2,7922746.809698084
7587,fc16f_00026,21,4659.355778396051,variance_reduction,2,7922746.809698084
7588,fc16f_00026,22,4570.429815928596,variance_reduction,2,7922746.809698084
7589,fc16f_00026,23,4797.578797943852,variance_reduction,2,7922746.809698084
7590,fc16f_00026,24,5157.1461221047875,variance_reduction,2,7922746.809698084
7591,fc16f_00026,25,5184.437766527499,variance_reduction,2,7922746.809698084
7592,fc16f_00026,26,5229.628181235028,variance_reduction,2,7922746.809698084
7593,fc16f_00026,27,5211.714623645705,variance_reduction,2,7922746.809698084
7594,fc16f_00026,28,5235.740262695225,variance_reduction,2,7922746.809698084
7595,fc16f_00026,29,4999.09400288859,variance_reduction,2,7922746.809698084
7596,fc16f_00026,30,4952.890659309883,variance_reduction,2,7922746.809698084
7597,fc16f_00026,31,4997.497121749587,variance_reduction,2,7922746.809698084
7598,fc16f_00026,32,5016.291418917101,variance_reduction,2,7922746.809698084
7599,fc16f_00026,33,4513.9170316296595,variance_reduction,2,7922746.809698084
7600,fc16f_00026,34,4515.0922530909975,variance_reduction,2,7922746.809698084
7601,fc16f_00026,35,4718.5746201663105,variance_reduction,2,7922746.809698084
7602,fc16f_00026,36,6506.4511649842525,variance_reduction,2,7922746.809698084
7603,fc16f_00026,37,7210.266228826928,variance_reduction,2,7922746.809698084
7604,fc16f_00026,38,7467.349706483032,variance_reduction,2,7922746.809698084
7605,fc16f_00026,39,7946.922175725665,variance_reduction,2,7922746.809698084
7606,fc16f_00026,40,8224.098022426935,variance_reduction,2,7922746.809698084
7607,fc16f_00026,41,6690.564117248332,variance_reduction,2,7922746.809698084
7608,fc16f_00026,42,6667.280318606728,variance_reduction,2,7922746.809698084
7609,fc16f_00026,43,6444.046542632971,variance_reduction,2,7922746.809698084
7610,fc16f_00026,44,6623.184069121029,variance_reduction,2,7922746.809698084
7611,fc16f_00026,45,6626.15163849078,variance_reduction,2,7922746.809698084
7612,fc16f_00026,46,6860.58926506979,variance_reduction,2,7922746.809698084
7613,fc16f_00026,47,6876.309105083234,variance_reduction,2,7922746.809698084
7614,fc16f_00026,48,6946.182039164531,variance_reduction,2,7922746.809698084
7615,fc16f_00026,49,6807.337852303219,variance_reduction,2,7922746.809698084
7616,fc16f_00026,50,6813.145639607119,variance_reduction,2,7922746.809698084
7617,fc16f_00026,51,6747.932586747663,variance_reduction,2,7922746.809698084
7618,fc16f_00026,52,6797.275782438254,variance_reduction,2,7922746.809698084
7619,fc16f_00026,53,6679.685385778292,variance_reduction,2,7922746.809698084
7620,fc16f_00026,54,6750.362518047834,variance_reduction,2,7922746.809698084
7621,fc16f_00026,55,6719.719445979694,variance_reduction,2,7922746.809698084
7622,fc16f_00026,56,6768.1970251321945,variance_reduction,2,7922746.809698084
7623,fc16f_00026,57,6770.832120019838,variance_reduction,2,7922746.809698084
7624,fc16f_00026,58,6370.165034582606,variance_reduction,2,7922746.809698084
7625,fc16f_00026,59,6364.561089397524,variance_reduction,2,7922746.809698084
7626,fc16f_00026,60,6354.924702319055,variance_reduction,2,7922746.809698084
7627,fc16f_00026,61,7136.132648988277,variance_reduction,2,7922746.809698084
7628,fc16f_00026,62,6145.025994928442,variance_reduction,2,7922746.809698084
7629,fc16f_00026,63,6014.853478927027,variance_reduction,2,7922746.809698084
7630,fc16f_00026,64,5792.402025017089,variance_reduction,2,7922746.809698084
7631,fc16f_00026,65,5796.152588045378,variance_reduction,2,7922746.809698084
7632,fc16f_00026,66,6885.432112169208,variance_reduction,2,7922746.809698084
7633,fc16f_00026,67,8424.95193669282,variance_reduction,2,7922746.809698084
7634,fc16f_00026,68,9200.615445081943,variance_reduction,2,7922746.809698084
7635,fc16f_00026,69,9011.473136679815,variance_reduction,2,7922746.809698084
7636,fc16f_00026,70,8922.845615244469,variance_reduction,2,7922746.809698084
7637,fc16f_00026,71,8705.713155739337,variance_reduction,2,7922746.809698084
7638,fc16f_00026,72,8632.640803973496,variance_reduction,2,7922746.809698084
7639,fc16f_00026,73,9392.588940183019,variance_reduction,2,7922746.809698084
7640,fc16f_00026,74,9585.758536589072,variance_reduction,2,7922746.809698084
7641,fc16f_00026,75,8965.138897458059,variance_reduction,2,7922746.809698084
7642,fc16f_00026,76,8456.016869053607,variance_reduction,2,7922746.809698084
7643,fc16f_00026,77,9496.721281614602,variance_reduction,2,7922746.809698084
7644,fc16f_00026,78,9639.271424221455,variance_reduction,2,7922746.809698084
7645,fc16f_00026,79,9940.238685559982,variance_reduction,2,7922746.809698084
7646,fc16f_00026,80,9965.936520521336,variance_reduction,2,7922746.809698084
7647,fc16f_00026,81,9909.961965212342,variance_reduction,2,7922746.809698084
7648,fc16f_00026,82,8786.481481025256,variance_reduction,2,7922746.809698084
7649,fc16f_00026,83,8755.812740826826,variance_reduction,2,7922746.809698084
7650,fc16f_00026,84,8466.540252217774,variance_reduction,2,7922746.809698084
7651,fc16f_00026,85,8273.138931162215,variance_reduction,2,7922746.809698084
7652,fc16f_00026,86,8419.288731397572,variance_reduction,2,7922746.809698084
7653,fc16f_00026,87,8642.47307035063,variance_reduction,2,7922746.809698084
7654,fc16f_00026,88,7569.196818351538,variance_reduction,2,7922746.809698084
7655,fc16f_00026,89,7681.37110984503,variance_reduction,2,7922746.809698084
7656,fc16f_00026,90,8260.101897559056,variance_reduction,2,7922746.809698084
7657,fc16f_00026,91,8232.04199914436,variance_reduction,2,7922746.809698084
7658,fc16f_00026,92,8480.586963488153,variance_reduction,2,7922746.809698084
7659,fc16f_00026,93,8025.907325506136,variance_reduction,2,7922746.809698084
7660,fc16f_00026,94,8012.581809486083,variance_reduction,2,7922746.809698084
7661,fc16f_00026,95,7608.975252984145,variance_reduction,2,7922746.809698084
7662,fc16f_00026,96,7836.094459438768,variance_reduction,2,7922746.809698084
7663,fc16f_00026,97,7654.852736620702,variance_reduction,2,7922746.809698084
7664,fc16f_00026,98,8590.02021287431,variance_reduction,2,7922746.809698084
7665,fc16f_00026,99,8531.169949604056,variance_reduction,2,7922746.809698084
7666,fc16f_00026,100,8831.877470988957,variance_reduction,2,7922746.809698084
7667,fc16f_00026,101,9022.422136449013,variance_reduction,2,7922746.809698084
7668,fc16f_00026,102,8932.102117737488,variance_reduction,2,7922746.809698084
7669,fc16f_00026,103,9039.497120780836,variance_reduction,2,7922746.809698084
7670,fc16f_00026,104,9633.30965596206,variance_reduction,2,7922746.809698084
7671,fc16f_00026,105,8551.56637640489,variance_reduction,2,7922746.809698084
7672,fc16f_00026,106,8049.842539797939,variance_reduction,2,7922746.809698084
7673,fc16f_00026,107,8159.543651289665,variance_reduction,2,7922746.809698084
7674,fc16f_00026,108,8575.427352037912,variance_reduction,2,7922746.809698084
7675,fc16f_00026,109,8264.456621421818,variance_reduction,2,7922746.809698084
7676,fc16f_00026,110,8319.6317003961,variance_reduction,2,7922746.809698084
7677,fc16f_00026,111,7503.280702095329,variance_reduction,2,7922746.809698084
7678,fc16f_00026,112,7744.2084838453,variance_reduction,2,7922746.809698084
7679,fc16f_00026,113,8069.210022002913,variance_reduction,2,7922746.809698084
7680,fc16f_00026,114,8121.251305525323,variance_reduction,2,7922746.809698084
7681,fc16f_00026,115,8121.524690641477,variance_reduction,2,7922746.809698084
7682,fc16f_00026,116,8077.255891468888,variance_reduction,2,7922746.809698084
7683,fc16f_00026,117,7959.772284030502,variance_reduction,2,7922746.809698084
7684,fc16f_00026,118,7732.2617079794945,variance_reduction,2,7922746.809698084
7685,fc16f_00026,119,7881.508693306258,variance_reduction,2,7922746.809698084
7686,fc16f_00026,120,8411.02401959251,variance_reduction,2,7922746.809698084
7687,fc16f_00026,121,8754.811517278333,variance_reduction,2,7922746.809698084
7688,fc16f_00026,122,9032.293889961706,variance_reduction,2,7922746.809698084
7689,fc16f_00026,123,9046.939316837817,variance_reduction,2,7922746.809698084
7690,fc16f_00026,124,7928.50983848108,variance_reduction,2,7922746.809698084
7691,fc16f_00026,125,8627.165610142481,variance_reduction,2,7922746.809698084
7692,fc16f_00026,126,8685.647886596207,variance_reduction,2,7922746.809698084
7693,fc16f_00026,127,9378.641071082076,variance_reduction,2,7922746.809698084
7694,fc16f_00026,128,9626.736783793764,variance_reduction,2,7922746.809698084
7695,fc16f_00026,129,9262.308375925571,variance_reduction,2,7922746.809698084
7696,fc16f_00026,130,9980.440619407162,variance_reduction,2,7922746.809698084
7697,fc16f_00026,131,10271.777104235112,variance_reduction,2,7922746.809698084
7698,fc16f_00026,132,10150.298871140572,variance_reduction,2,7922746.809698084
7699,fc16f_00026,133,10326.123918180103,variance_reduction,2,7922746.809698084
7700,fc16f_00026,134,11712.45347633374,variance_reduction,2,7922746.809698084
7701,fc16f_00026,135,11420.415928120943,variance_reduction,2,7922746.809698084
7702,fc16f_00026,136,14152.892152874389,variance_reduction,2,7922746.809698084
7703,fc16f_00026,137,15317.288844742861,variance_reduction,2,7922746.809698084
7704,fc16f_00026,138,15384.700257513163,variance_reduction,2,7922746.809698084
7705,fc16f_00026,139,15234.441934231336,variance_reduction,2,7922746.809698084
7706,fc16f_00026,140,15434.878874839622,variance_reduction,2,7922746.809698084
7707,fc16f_00026,141,15438.53821437712,variance_reduction,2,7922746.809698084
7708,fc16f_00026,142,14528.10789333658,variance_reduction,2,7922746.809698084
7709,fc16f_00026,143,14398.999730215775,variance_reduction,2,7922746.809698084
7710,fc16f_00026,144,15767.874000327585,variance_reduction,2,7922746.809698084
7711,fc16f_00026,145,15789.318152097161,variance_reduction,2,7922746.809698084
7712,fc16f_00026,146,16563.02177219159,variance_reduction,2,7922746.809698084
7713,fc16f_00026,147,16142.17657860545,variance_reduction,2,7922746.809698084
7714,fc16f_00026,148,14763.865846758279,variance_reduction,2,7922746.809698084
7715,fc16f_00026,149,19272.9984787819,variance_reduction,2,7922746.809698084
7716,fc16f_00026,150,19204.138969080002,variance_reduction,2,7922746.809698084
7717,fc16f_00026,151,19081.745420715084,variance_reduction,2,7922746.809698084
7718,fc16f_00026,152,19150.00799020144,variance_reduction,2,7922746.809698084
7719,fc16f_00026,153,19266.695515594656,variance_reduction,2,7922746.809698084
7720,fc16f_00026,154,19399.51077093675,variance_reduction,2,7922746.809698084
7721,fc16f_00026,155,19144.383738638207,variance_reduction,2,7922746.809698084
7722,fc16f_00026,156,20142.221872111386,variance_reduction,2,7922746.809698084
7723,fc16f_00026,157,19392.000657291206,variance_reduction,2,7922746.809698084
7724,fc16f_00026,158,19068.931592220426,variance_reduction,2,7922746.809698084
7725,fc16f_00026,159,21419.135177878416,variance_reduction,2,7922746.809698084
7726,fc16f_00026,160,19235.751878766485,variance_reduction,2,7922746.809698084
7727,fc16f_00026,161,19116.02293453777,variance_reduction,2,7922746.809698084
7728,fc16f_00026,162,18920.76767136652,variance_reduction,2,7922746.809698084
7729,fc16f_00026,163,18628.012819618532,variance_reduction,2,7922746.809698084
7730,fc16f_00026,164,18791.44040804097,variance_reduction,2,7922746.809698084
7731,fc16f_00026,165,19468.83194710292,variance_reduction,2,7922746.809698084
7732,fc16f_00026,166,19263.127746279555,variance_reduction,2,7922746.809698084
7733,fc16f_00026,167,19211.18295303559,variance_reduction,2,7922746.809698084
7734,fc16f_00026,168,20785.963678966567,variance_reduction,2,7922746.809698084
7735,fc16f_00026,169,20695.605527719643,variance_reduction,2,7922746.809698084
7736,fc16f_00026,170,25453.367028731685,variance_reduction,2,7922746.809698084
7737,fc16f_00026,171,30117.425572978143,variance_reduction,2,7922746.809698084
7738,fc16f_00026,172,30225.85642460145,variance_reduction,2,7922746.809698084
7739,fc16f_00026,173,27093.447360933074,variance_reduction,2,7922746.809698084
7740,fc16f_00026,174,29101.814960171803,variance_reduction,2,7922746.809698084
7741,fc16f_00026,175,30162.718504891975,variance_reduction,2,7922746.809698084
7742,fc16f_00026,176,33965.452193338715,variance_reduction,2,7922746.809698084
7743,fc16f_00026,177,35048.575484462526,variance_reduction,2,7922746.809698084
7744,fc16f_00026,178,31197.53500726529,variance_reduction,2,7922746.809698084
7745,fc16f_00026,179,30510.703192567336,variance_reduction,2,7922746.809698084
7746,fc16f_00026,180,34229.48613846052,variance_reduction,2,7922746.809698084
7747,fc16f_00026,181,34214.86751151315,variance_reduction,2,7922746.809698084
7748,fc16f_00026,182,38976.15315693086,variance_reduction,2,7922746.809698084
7749,fc16f_00026,183,43524.98423419724,variance_reduction,2,7922746.809698084
7750,fc16f_00026,184,49003.372324082964,variance_reduction,2,7922746.809698084
7751,fc16f_00026,185,56355.59176408291,variance_reduction,2,7922746.809698084
7752,fc16f_00026,186,55799.27084280638,variance_reduction,2,7922746.809698084
7753,fc16f_00026,187,53033.478194178475,variance_reduction,2,7922746.809698084
7754,fc16f_00026,188,49247.56496579144,variance_reduction,2,7922746.809698084
7755,fc16f_00026,189,49236.007782430475,variance_reduction,2,7922746.809698084
7756,fc16f_00026,190,48812.61329311719,variance_reduction,2,7922746.809698084
7757,fc16f_00026,191,46396.20316230435,variance_reduction,2,7922746.809698084
7758,fc16f_00026,192,37582.988319460994,variance_reduction,2,7922746.809698084
7759,fc16f_00026,193,41655.21451264575,variance_reduction,2,7922746.809698084
7760,fc16f_00026,194,38770.789470006595,variance_reduction,2,7922746.809698084
7761,fc16f_00026,195,38661.63482656821,variance_reduction,2,7922746.809698084
7762,fc16f_00026,196,36767.487964216816,variance_reduction,2,7922746.809698084
7763,fc16f_00026,197,36920.16870045367,variance_reduction,2,7922746.809698084
7764,fc16f_00026,198,38191.57127236059,variance_reduction,2,7922746.809698084
7765,fc16f_00026,199,37129.8753400722,variance_reduction,2,7922746.809698084
7766,fc16f_00026,200,38169.538774287044,variance_reduction,2,7922746.809698084
7767,fc16f_00026,201,40536.81024359982,variance_reduction,2,7922746.809698084
7768,fc16f_00026,202,40778.407152046064,variance_reduction,2,7922746.809698084
7769,fc16f_00026,203,35583.513748320984,variance_reduction,2,7922746.809698084
7770,fc16f_00026,204,35813.641400270426,variance_reduction,2,7922746.809698084
7771,fc16f_00026,205,35905.85300301007,variance_reduction,2,7922746.809698084
7772,fc16f_00026,206,37314.10606939938,variance_reduction,2,7922746.809698084
7773,fc16f_00026,207,38122.04237583232,variance_reduction,2,7922746.809698084
7774,fc16f_00026,208,37473.65324806878,variance_reduction,2,7922746.809698084
7775,fc16f_00026,209,34553.196448352246,variance_reduction,2,7922746.809698084
7776,fc16f_00026,210,35146.17112997285,variance_reduction,2,7922746.809698084
7777,fc16f_00026,211,33286.972514575384,variance_reduction,2,7922746.809698084
7778,fc16f_00026,212,40462.006644457,variance_reduction,2,7922746.809698084
7779,fc16f_00026,213,41019.32987557843,variance_reduction,2,7922746.809698084
7780,fc16f_00026,214,44958.457635465435,variance_reduction,2,7922746.809698084
7781,fc16f_00026,215,43782.96159338441,variance_reduction,2,7922746.809698084
7782,fc16f_00026,216,43367.92024796735,variance_reduction,2,7922746.809698084
7783,fc16f_00026,217,43125.705822354306,variance_reduction,2,7922746.809698084
7784,fc16f_00026,218,49328.52618431301,variance_reduction,2,7922746.809698084
7785,fc16f_00026,219,46143.1419408845,variance_reduction,2,7922746.809698084
7786,fc16f_00026,220,48147.65213318946,variance_reduction,2,7922746.809698084
7787,fc16f_00026,221,53698.68818586234,variance_reduction,2,7922746.809698084
7788,fc16f_00026,222,49348.82946386465,variance_reduction,2,7922746.809698084
7789,fc16f_00026,223,53224.15626836446,variance_reduction,2,7922746.809698084
7790,fc16f_00026,224,53170.5634031936,variance_reduction,2,7922746.809698084
7791,fc16f_00026,225,48373.09386240043,variance_reduction,2,7922746.809698084
7792,fc16f_00026,226,49290.420680795185,variance_reduction,2,7922746.809698084
7793,fc16f_00026,227,54890.8215792274,variance_reduction,2,7922746.809698084
7794,fc16f_00026,228,55720.629927568065,variance_reduction,2,7922746.809698084
7795,fc16f_00026,229,55143.61646176376,variance_reduction,2,7922746.809698084
7796,fc16f_00026,230,48437.80499865303,variance_reduction,2,7922746.809698084
7797,fc16f_00026,231,47907.75968692767,variance_reduction,2,7922746.809698084
7798,fc16f_00026,232,52561.92582539413,variance_reduction,2,7922746.809698084
7799,fc16f_00026,233,54600.893099328576,variance_reduction,2,7922746.809698084
7800,fc16f_00026,234,50516.403205174065,variance_reduction,2,7922746.809698084
7801,fc16f_00026,235,72957.11131601236,variance_reduction,2,7922746.809698084
7802,fc16f_00026,236,70110.65684305275,variance_reduction,2,7922746.809698084
7803,fc16f_00026,237,69947.33007912537,variance_reduction,2,7922746.809698084
7804,fc16f_00026,238,67336.4529226029,variance_reduction,2,7922746.809698084
7805,fc16f_00026,239,72872.31207296567,variance_reduction,2,7922746.809698084
7806,fc16f_00026,240,73071.92703945359,variance_reduction,2,7922746.809698084
7807,fc16f_00026,241,75053.884598201,variance_reduction,2,7922746.809698084
7808,fc16f_00026,242,76152.77701702621,variance_reduction,2,7922746.809698084
7809,fc16f_00026,243,73036.34141140507,variance_reduction,2,7922746.809698084
7810,fc16f_00026,244,89073.5455719099,variance_reduction,2,7922746.809698084
7811,fc16f_00026,245,90603.90563064453,variance_reduction,2,7922746.809698084
7812,fc16f_00026,246,91447.57746108208,variance_reduction,2,7922746.809698084
7813,fc16f_00026,247,98417.73160794961,variance_reduction,2,7922746.809698084
7814,fc16f_00026,248,102932.26992696057,variance_reduction,2,7922746.809698084
7815,fc16f_00026,249,90987.52225050292,variance_reduction,2,7922746.809698084
7816,fc16f_00026,250,89969.21770391188,variance_reduction,2,7922746.809698084
7817,fc16f_00026,251,69279.89760855291,variance_reduction,2,7922746.809698084
7818,fc16f_00026,252,67468.81740638558,variance_reduction,2,7922746.809698084
7819,fc16f_00026,253,63352.35353365869,variance_reduction,2,7922746.809698084
7820,fc16f_00026,254,68448.47558193692,variance_reduction,2,7922746.809698084
7821,fc16f_00026,255,54376.374341502116,variance_reduction,2,7922746.809698084
7822,fc16f_00026,256,54135.54642238565,variance_reduction,2,7922746.809698084
7823,fc16f_00026,257,55161.73654188785,variance_reduction,2,7922746.809698084
7824,fc16f_00026,258,64386.30256828789,variance_reduction,2,7922746.809698084
7825,fc16f_00026,259,58123.01300117795,variance_reduction,2,7922746.809698084
7826,fc16f_00026,260,58129.2970032514,variance_reduction,2,7922746.809698084
7827,fc16f_00026,261,54974.08917415135,variance_reduction,2,7922746.809698084
7828,fc16f_00026,262,61147.02184302969,variance_reduction,2,7922746.809698084
7829,fc16f_00026,263,52363.741367674425,variance_reduction,2,7922746.809698084
7830,fc16f_00026,264,51935.65174161206,variance_reduction,2,7922746.809698084
7831,fc16f_00026,265,51698.924211613434,variance_reduction,2,7922746.809698084
7832,fc16f_00026,266,51608.8662277167,variance_reduction,2,7922746.809698084
7833,fc16f_00026,267,49494.11845309486,variance_reduction,2,7922746.809698084
7834,fc16f_00026,268,48364.048350517434,variance_reduction,2,7922746.809698084
7835,fc16f_00026,269,49505.360763766446,variance_reduction,2,7922746.809698084
7836,fc16f_00026,270,46761.433374710316,variance_reduction,2,7922746.809698084
7837,fc16f_00026,271,47049.825133999235,variance_reduction,2,7922746.809698084
7838,fc16f_00026,272,50763.468343708504,variance_reduction,2,7922746.809698084
7839,fc16f_00026,273,49540.30935832073,variance_reduction,2,7922746.809698084
7840,fc16f_00026,274,61351.893858777454,variance_reduction,2,7922746.809698084
7841,fc16f_00026,275,66732.64399033894,variance_reduction,2,7922746.809698084
7842,fc16f_00026,276,66571.79145992047,variance_reduction,2,7922746.809698084
7843,fc16f_00026,277,53947.185663020595,variance_reduction,2,7922746.809698084
7844,fc16f_00026,278,54251.98881324621,variance_reduction,2,7922746.809698084
7845,fc16f_00026,279,53984.79254529151,variance_reduction,2,7922746.809698084
7846,fc16f_00026,280,57942.34294968783,variance_reduction,2,7922746.809698084
7847,fc16f_00026,281,55435.391293629174,variance_reduction,2,7922746.809698084
7848,fc16f_00026,282,56511.364862293194,variance_reduction,2,7922746.809698084
7849,fc16f_00026,283,52898.61417043077,variance_reduction,2,7922746.809698084
7850,fc16f_00026,284,61965.752903164874,variance_reduction,2,7922746.809698084
7851,fc16f_00026,285,62100.64707369251,variance_reduction,2,7922746.809698084
7852,fc16f_00026,286,63330.75422162961,variance_reduction,2,7922746.809698084
7853,fc16f_00026,287,62629.92752284597,variance_reduction,2,7922746.809698084
7854,fc16f_00026,288,66769.24557629292,variance_reduction,2,7922746.809698084
7855,fc16f_00026,289,66212.95546556648,variance_reduction,2,7922746.809698084
7856,fc16f_00026,290,65363.00864980249,variance_reduction,2,7922746.809698084
7857,fc16f_00027,0,16949.55331308599,variance_reduction,3,7677245.9339282885
7858,fc16f_00027,1,17540.336635938766,variance_reduction,3,7677245.9339282885
7859,fc16f_00027,2,6482.072304816565,variance_reduction,3,7677245.9339282885
7860,fc16f_00027,3,6483.683970379373,variance_reduction,3,7677245.9339282885
7861,fc16f_00027,4,6617.037298861043,variance_reduction,3,7677245.9339282885
7862,fc16f_00027,5,6307.795379098563,variance_reduction,3,7677245.9339282885
7863,fc16f_00027,6,6874.300072803269,variance_reduction,3,7677245.9339282885
7864,fc16f_00027,7,6735.683592717038,variance_reduction,3,7677245.9339282885
7865,fc16f_00027,8,6582.8369917319305,variance_reduction,3,7677245.9339282885
7866,fc16f_00027,9,5855.697840869904,variance_reduction,3,7677245.9339282885
7867,fc16f_00027,10,5508.563305096573,variance_reduction,3,7677245.9339282885
7868,fc16f_00027,11,5185.431692165968,variance_reduction,3,7677245.9339282885
7869,fc16f_00027,12,5526.781956242014,variance_reduction,3,7677245.9339282885
7870,fc16f_00027,13,6165.435245887897,variance_reduction,3,7677245.9339282885
7871,fc16f_00027,14,6252.764086247251,variance_reduction,3,7677245.9339282885
7872,fc16f_00027,15,6733.521070171073,variance_reduction,3,7677245.9339282885
7873,fc16f_00027,16,5449.416467570155,variance_reduction,3,7677245.9339282885
7874,fc16f_00027,17,5466.649184339315,variance_reduction,3,7677245.9339282885
7875,fc16f_00027,18,5667.451342752633,variance_reduction,3,7677245.9339282885
7876,fc16f_00027,19,5639.096951935689,variance_reduction,3,7677245.9339282885
7877,fc16f_00027,20,5665.124294145304,variance_reduction,3,7677245.9339282885
7878,fc16f_00027,21,5700.672280721247,variance_reduction,3,7677245.9339282885
7879,fc16f_00027,22,5262.622913913694,variance_reduction,3,7677245.9339282885
7880,fc16f_00027,23,5238.562063654663,variance_reduction,3,7677245.9339282885
7881,fc16f_00027,24,5260.040364694509,variance_reduction,3,7677245.9339282885
7882,fc16f_00027,25,5094.49122433455,variance_reduction,3,7677245.9339282885
7883,fc16f_00027,26,4886.371568799225,variance_reduction,3,7677245.9339282885
7884,fc16f_00027,27,5077.591156248224,variance_reduction,3,7677245.9339282885
7885,fc16f_00027,28,5021.054250712156,variance_reduction,3,7677245.9339282885
7886,fc16f_00027,29,4933.478483162443,variance_reduction,3,7677245.9339282885
7887,fc16f_00027,30,4946.358219393725,variance_reduction,3,7677245.9339282885
7888,fc16f_00027,31,4924.764440573127,variance_reduction,3,7677245.9339282885
7889,fc16f_00027,32,8495.839791852868,variance_reduction,3,7677245.9339282885
7890,fc16f_00027,33,8811.200058654684,variance_reduction,3,7677245.9339282885
7891,fc16f_00027,34,9140.531988707913,variance_reduction,3,7677245.9339282885
7892,fc16f_00027,35,9181.793415963357,variance_reduction,3,7677245.9339282885
7893,fc16f_00027,36,9161.817462023704,variance_reduction,3,7677245.9339282885
7894,fc16f_00027,37,9360.150048857951,variance_reduction,3,7677245.9339282885
7895,fc16f_00027,38,8888.063519916514,variance_reduction,3,7677245.9339282885
7896,fc16f_00027,39,9116.551537025185,variance_reduction,3,7677245.9339282885
7897,fc16f_00027,40,9260.590928131867,variance_reduction,3,7677245.9339282885
7898,fc16f_00027,41,9751.393813216713,variance_reduction,3,7677245.9339282885
7899,fc16f_00027,42,10404.333223665406,variance_reduction,3,7677245.9339282885
7900,fc16f_00027,43,8991.459669934875,variance_reduction,3,7677245.9339282885
7901,fc16f_00027,44,9136.507151992362,variance_reduction,3,7677245.9339282885
7902,fc16f_00027,45,9088.01775377802,variance_reduction,3,7677245.9339282885
7903,fc16f_00027,46,9961.289714145929,variance_reduction,3,7677245.9339282885
7904,fc16f_00027,47,9284.9021034509,variance_reduction,3,7677245.9339282885
7905,fc16f_00027,48,9553.452480878941,variance_reduction,3,7677245.9339282885
7906,fc16f_00027,49,9443.357920347566,variance_reduction,3,7677245.9339282885
7907,fc16f_00027,50,9321.35831680029,variance_reduction,3,7677245.9339282885
7908,fc16f_00027,51,8112.9581560579545,variance_reduction,3,7677245.9339282885
7909,fc16f_00027,52,8402.143897265203,variance_reduction,3,7677245.9339282885
7910,fc16f_00027,53,6053.090718135059,variance_reduction,3,7677245.9339282885
7911,fc16f_00027,54,5949.577425743051,variance_reduction,3,7677245.9339282885
7912,fc16f_00027,55,6725.279780584208,variance_reduction,3,7677245.9339282885
7913,fc16f_00027,56,6726.169273600339,variance_reduction,3,7677245.9339282885
7914,fc16f_00027,57,6801.55221586226,variance_reduction,3,7677245.9339282885
7915,fc16f_00027,58,6665.744968642798,variance_reduction,3,7677245.9339282885
7916,fc16f_00027,59,6710.959736894626,variance_reduction,3,7677245.9339282885
7917,fc16f_00027,60,7163.782560213927,variance_reduction,3,7677245.9339282885
7918,fc16f_00027,61,8305.162558184586,variance_reduction,3,7677245.9339282885
7919,fc16f_00027,62,8594.759932497822,variance_reduction,3,7677245.9339282885
7920,fc16f_00027,63,8043.495663484402,variance_reduction,3,7677245.9339282885
7921,fc16f_00027,64,7835.1110604235355,variance_reduction,3,7677245.9339282885
7922,fc16f_00027,65,7439.57789662826,variance_reduction,3,7677245.9339282885
7923,fc16f_00027,66,7254.114846635422,variance_reduction,3,7677245.9339282885
7924,fc16f_00027,67,7220.157773058256,variance_reduction,3,7677245.9339282885
7925,fc16f_00027,68,7310.344855951115,variance_reduction,3,7677245.9339282885
7926,fc16f_00027,69,7242.913072493651,variance_reduction,3,7677245.9339282885
7927,fc16f_00027,70,7135.030384692584,variance_reduction,3,7677245.9339282885
7928,fc16f_00027,71,7258.117608805228,variance_reduction,3,7677245.9339282885
7929,fc16f_00027,72,7084.14847702274,variance_reduction,3,7677245.9339282885
7930,fc16f_00027,73,7492.800121767514,variance_reduction,3,7677245.9339282885
7931,fc16f_00027,74,7759.383421249048,variance_reduction,3,7677245.9339282885
7932,fc16f_00027,75,7630.957016250483,variance_reduction,3,7677245.9339282885
7933,fc16f_00027,76,7698.99215671334,variance_reduction,3,7677245.9339282885
7934,fc16f_00027,77,7860.497489147314,variance_reduction,3,7677245.9339282885
7935,fc16f_00027,78,8591.072470181261,variance_reduction,3,7677245.9339282885
7936,fc16f_00027,79,8664.711125394992,variance_reduction,3,7677245.9339282885
7937,fc16f_00027,80,8726.391917231276,variance_reduction,3,7677245.9339282885
7938,fc16f_00027,81,8785.920022986178,variance_reduction,3,7677245.9339282885
7939,fc16f_00027,82,7926.417039737182,variance_reduction,3,7677245.9339282885
7940,fc16f_00027,83,8015.74116283125,variance_reduction,3,7677245.9339282885
7941,fc16f_00027,84,8057.496766507992,variance_reduction,3,7677245.9339282885
7942,fc16f_00027,85,8056.658791621585,variance_reduction,3,7677245.9339282885
7943,fc16f_00027,86,7883.802717714453,variance_reduction,3,7677245.9339282885
7944,fc16f_00027,87,7890.768371643993,variance_reduction,3,7677245.9339282885
7945,fc16f_00027,88,7296.566204285715,variance_reduction,3,7677245.9339282885
7946,fc16f_00027,89,7240.842511258066,variance_reduction,3,7677245.9339282885
7947,fc16f_00027,90,7440.806651228868,variance_reduction,3,7677245.9339282885
7948,fc16f_00027,91,7397.63670014594,variance_reduction,3,7677245.9339282885
7949,fc16f_00027,92,7588.108108119159,variance_reduction,3,7677245.9339282885
7950,fc16f_00027,93,7783.092030415733,variance_reduction,3,7677245.9339282885
7951,fc16f_00027,94,8398.310097228667,variance_reduction,3,7677245.9339282885
7952,fc16f_00027,95,8669.326154739616,variance_reduction,3,7677245.9339282885
7953,fc16f_00027,96,8653.642539546161,variance_reduction,3,7677245.9339282885
7954,fc16f_00027,97,8589.496417601631,variance_reduction,3,7677245.9339282885
7955,fc16f_00027,98,8572.023439449784,variance_reduction,3,7677245.9339282885
7956,fc16f_00027,99,8560.08222118549,variance_reduction,3,7677245.9339282885
7957,fc16f_00027,100,8339.368837702792,variance_reduction,3,7677245.9339282885
7958,fc16f_00027,101,8078.703995336991,variance_reduction,3,7677245.9339282885
7959,fc16f_00027,102,8008.485665281928,variance_reduction,3,7677245.9339282885
7960,fc16f_00027,103,8355.523400671644,variance_reduction,3,7677245.9339282885
7961,fc16f_00027,104,8296.11007605496,variance_reduction,3,7677245.9339282885
7962,fc16f_00027,105,8314.976560329977,variance_reduction,3,7677245.9339282885
7963,fc16f_00027,106,8242.053093818018,variance_reduction,3,7677245.9339282885
7964,fc16f_00027,107,8461.582447668798,variance_reduction,3,7677245.9339282885
7965,fc16f_00027,108,9031.6865647652,variance_reduction,3,7677245.9339282885
7966,fc16f_00027,109,12411.080167793472,variance_reduction,3,7677245.9339282885
7967,fc16f_00027,110,12180.264686118795,variance_reduction,3,7677245.9339282885
7968,fc16f_00027,111,12594.234683396051,variance_reduction,3,7677245.9339282885
7969,fc16f_00027,112,14234.25699717227,variance_reduction,3,7677245.9339282885
7970,fc16f_00027,113,13147.36174107882,variance_reduction,3,7677245.9339282885
7971,fc16f_00027,114,13212.397237793226,variance_reduction,3,7677245.9339282885
7972,fc16f_00027,115,14379.81106615706,variance_reduction,3,7677245.9339282885
7973,fc16f_00027,116,14380.486625915302,variance_reduction,3,7677245.9339282885
7974,fc16f_00027,117,14333.63954528726,variance_reduction,3,7677245.9339282885
7975,fc16f_00027,118,14402.031568846447,variance_reduction,3,7677245.9339282885
7976,fc16f_00027,119,12693.007293674698,variance_reduction,3,7677245.9339282885
7977,fc16f_00027,120,12876.386239740214,variance_reduction,3,7677245.9339282885
7978,fc16f_00027,121,12572.186476600564,variance_reduction,3,7677245.9339282885
7979,fc16f_00027,122,12224.701116831926,variance_reduction,3,7677245.9339282885
7980,fc16f_00027,123,11856.675430785548,variance_reduction,3,7677245.9339282885
7981,fc16f_00027,124,12045.40035115571,variance_reduction,3,7677245.9339282885
7982,fc16f_00027,125,12035.163739981386,variance_reduction,3,7677245.9339282885
7983,fc16f_00027,126,12084.517449727753,variance_reduction,3,7677245.9339282885
7984,fc16f_00027,127,13198.57958216007,variance_reduction,3,7677245.9339282885
7985,fc16f_00027,128,13373.775698532849,variance_reduction,3,7677245.9339282885
7986,fc16f_00027,129,13553.65359388388,variance_reduction,3,7677245.9339282885
7987,fc16f_00027,130,13538.01754275766,variance_reduction,3,7677245.9339282885
7988,fc16f_00027,131,13406.84346930956,variance_reduction,3,7677245.9339282885
7989,fc16f_00027,132,13354.103762487846,variance_reduction,3,7677245.9339282885
7990,fc16f_00027,133,13631.537217313118,variance_reduction,3,7677245.9339282885
7991,fc16f_00027,134,13568.328898346632,variance_reduction,3,7677245.9339282885
7992,fc16f_00027,135,13472.159315077604,variance_reduction,3,7677245.9339282885
7993,fc16f_00027,136,13747.194699883834,variance_reduction,3,7677245.9339282885
7994,fc16f_00027,137,15635.207729254136,variance_reduction,3,7677245.9339282885
7995,fc16f_00027,138,15459.32548044409,variance_reduction,3,7677245.9339282885
7996,fc16f_00027,139,15851.325406992817,variance_reduction,3,7677245.9339282885
7997,fc16f_00027,140,15621.086436283165,variance_reduction,3,7677245.9339282885
7998,fc16f_00027,141,15659.835983270568,variance_reduction,3,7677245.9339282885
7999,fc16f_00027,142,15115.004718504357,variance_reduction,3,7677245.9339282885
8000,fc16f_00027,143,14330.043192847274,variance_reduction,3,7677245.9339282885
8001,fc16f_00027,144,15895.263226956627,variance_reduction,3,7677245.9339282885
8002,fc16f_00027,145,16538.03454757617,variance_reduction,3,7677245.9339282885
8003,fc16f_00027,146,17982.534026831414,variance_reduction,3,7677245.9339282885
8004,fc16f_00027,147,20352.074130098696,variance_reduction,3,7677245.9339282885
8005,fc16f_00027,148,20296.437707579327,variance_reduction,3,7677245.9339282885
8006,fc16f_00027,149,19943.842797813555,variance_reduction,3,7677245.9339282885
8007,fc16f_00027,150,19758.240997574052,variance_reduction,3,7677245.9339282885
8008,fc16f_00027,151,19801.36389799994,variance_reduction,3,7677245.9339282885
8009,fc16f_00027,152,19948.333195749157,variance_reduction,3,7677245.9339282885
8010,fc16f_00027,153,20595.52134058171,variance_reduction,3,7677245.9339282885
8011,fc16f_00027,154,18910.802009955518,variance_reduction,3,7677245.9339282885
8012,fc16f_00027,155,20442.041242531563,variance_reduction,3,7677245.9339282885
8013,fc16f_00027,156,19661.1505638003,variance_reduction,3,7677245.9339282885
8014,fc16f_00027,157,19280.556722947003,variance_reduction,3,7677245.9339282885
8015,fc16f_00027,158,19596.836591812254,variance_reduction,3,7677245.9339282885
8016,fc16f_00027,159,19598.659139123407,variance_reduction,3,7677245.9339282885
8017,fc16f_00027,160,19533.33699322715,variance_reduction,3,7677245.9339282885
8018,fc16f_00027,161,19573.994305409346,variance_reduction,3,7677245.9339282885
8019,fc16f_00027,162,19029.80347305449,variance_reduction,3,7677245.9339282885
8020,fc16f_00027,163,19430.312702426974,variance_reduction,3,7677245.9339282885
8021,fc16f_00027,164,17984.161418513282,variance_reduction,3,7677245.9339282885
8022,fc16f_00027,165,18006.711273283436,variance_reduction,3,7677245.9339282885
8023,fc16f_00027,166,20251.300263614525,variance_reduction,3,7677245.9339282885
8024,fc16f_00027,167,20043.429460091673,variance_reduction,3,7677245.9339282885
8025,fc16f_00027,168,19512.914148206677,variance_reduction,3,7677245.9339282885
8026,fc16f_00027,169,19817.18075317047,variance_reduction,3,7677245.9339282885
8027,fc16f_00027,170,18977.827394776334,variance_reduction,3,7677245.9339282885
8028,fc16f_00027,171,20988.41136353677,variance_reduction,3,7677245.9339282885
8029,fc16f_00027,172,20178.78939480697,variance_reduction,3,7677245.9339282885
8030,fc16f_00027,173,20186.12210910364,variance_reduction,3,7677245.9339282885
8031,fc16f_00027,174,22178.986298978358,variance_reduction,3,7677245.9339282885
8032,fc16f_00027,175,26950.852403193476,variance_reduction,3,7677245.9339282885
8033,fc16f_00027,176,25703.984066814355,variance_reduction,3,7677245.9339282885
8034,fc16f_00027,177,26891.985118877386,variance_reduction,3,7677245.9339282885
8035,fc16f_00027,178,26240.37671788554,variance_reduction,3,7677245.9339282885
8036,fc16f_00027,179,26394.328734482824,variance_reduction,3,7677245.9339282885
8037,fc16f_00027,180,25977.537013792786,variance_reduction,3,7677245.9339282885
8038,fc16f_00027,181,25643.77610353153,variance_reduction,3,7677245.9339282885
8039,fc16f_00027,182,25267.18933276465,variance_reduction,3,7677245.9339282885
8040,fc16f_00027,183,25630.3566941363,variance_reduction,3,7677245.9339282885
8041,fc16f_00027,184,25485.33653750048,variance_reduction,3,7677245.9339282885
8042,fc16f_00027,185,27421.554063323292,variance_reduction,3,7677245.9339282885
8043,fc16f_00027,186,32373.329597242573,variance_reduction,3,7677245.9339282885
8044,fc16f_00027,187,35169.254121530095,variance_reduction,3,7677245.9339282885
8045,fc16f_00027,188,34402.8227871546,variance_reduction,3,7677245.9339282885
8046,fc16f_00027,189,34349.927137776154,variance_reduction,3,7677245.9339282885
8047,fc16f_00027,190,33955.01834469624,variance_reduction,3,7677245.9339282885
8048,fc16f_00027,191,35301.11962868818,variance_reduction,3,7677245.9339282885
8049,fc16f_00027,192,34576.09980914011,variance_reduction,3,7677245.9339282885
8050,fc16f_00027,193,33123.8038196718,variance_reduction,3,7677245.9339282885
8051,fc16f_00027,194,34165.19540130897,variance_reduction,3,7677245.9339282885
8052,fc16f_00027,195,35147.21098432591,variance_reduction,3,7677245.9339282885
8053,fc16f_00027,196,34868.148526184355,variance_reduction,3,7677245.9339282885
8054,fc16f_00027,197,36053.52049003659,variance_reduction,3,7677245.9339282885
8055,fc16f_00027,198,36560.31537566433,variance_reduction,3,7677245.9339282885
8056,fc16f_00027,199,42528.17523971337,variance_reduction,3,7677245.9339282885
8057,fc16f_00027,200,49104.84501051928,variance_reduction,3,7677245.9339282885
8058,fc16f_00027,201,56433.67939956087,variance_reduction,3,7677245.9339282885
8059,fc16f_00027,202,53325.095492669316,variance_reduction,3,7677245.9339282885
8060,fc16f_00027,203,64790.5166414859,variance_reduction,3,7677245.9339282885
8061,fc16f_00027,204,58703.11509180193,variance_reduction,3,7677245.9339282885
8062,fc16f_00027,205,57281.409939472076,variance_reduction,3,7677245.9339282885
8063,fc16f_00027,206,54122.834404608904,variance_reduction,3,7677245.9339282885
8064,fc16f_00027,207,54677.8212246458,variance_reduction,3,7677245.9339282885
8065,fc16f_00027,208,54910.34133880712,variance_reduction,3,7677245.9339282885
8066,fc16f_00027,209,51115.066119051764,variance_reduction,3,7677245.9339282885
8067,fc16f_00027,210,49590.62611330689,variance_reduction,3,7677245.9339282885
8068,fc16f_00027,211,43618.531053336505,variance_reduction,3,7677245.9339282885
8069,fc16f_00027,212,43380.494846396585,variance_reduction,3,7677245.9339282885
8070,fc16f_00027,213,41932.23649694239,variance_reduction,3,7677245.9339282885
8071,fc16f_00027,214,42604.59420235265,variance_reduction,3,7677245.9339282885
8072,fc16f_00027,215,44197.72260716405,variance_reduction,3,7677245.9339282885
8073,fc16f_00027,216,49200.52437882521,variance_reduction,3,7677245.9339282885
8074,fc16f_00027,217,45360.315724302505,variance_reduction,3,7677245.9339282885
8075,fc16f_00027,218,45914.430662941624,variance_reduction,3,7677245.9339282885
8076,fc16f_00027,219,45733.49880874055,variance_reduction,3,7677245.9339282885
8077,fc16f_00027,220,53355.64352284119,variance_reduction,3,7677245.9339282885
8078,fc16f_00027,221,50310.14584545654,variance_reduction,3,7677245.9339282885
8079,fc16f_00027,222,51652.74830665513,variance_reduction,3,7677245.9339282885
8080,fc16f_00027,223,52785.83045374169,variance_reduction,3,7677245.9339282885
8081,fc16f_00027,224,50705.012055777974,variance_reduction,3,7677245.9339282885
8082,fc16f_00027,225,47284.64490762679,variance_reduction,3,7677245.9339282885
8083,fc16f_00027,226,44956.69223049802,variance_reduction,3,7677245.9339282885
8084,fc16f_00027,227,44805.5322406319,variance_reduction,3,7677245.9339282885
8085,fc16f_00027,228,38302.27694144206,variance_reduction,3,7677245.9339282885
8086,fc16f_00027,229,37598.79961452747,variance_reduction,3,7677245.9339282885
8087,fc16f_00027,230,36360.51997533404,variance_reduction,3,7677245.9339282885
8088,fc16f_00027,231,36955.77366920978,variance_reduction,3,7677245.9339282885
8089,fc16f_00027,232,36825.4428196871,variance_reduction,3,7677245.9339282885
8090,fc16f_00027,233,38275.67905903491,variance_reduction,3,7677245.9339282885
8091,fc16f_00027,234,36068.925969956166,variance_reduction,3,7677245.9339282885
8092,fc16f_00027,235,35691.73974452075,variance_reduction,3,7677245.9339282885
8093,fc16f_00027,236,37386.89893628525,variance_reduction,3,7677245.9339282885
8094,fc16f_00027,237,36343.95276808252,variance_reduction,3,7677245.9339282885
8095,fc16f_00027,238,47822.84806992469,variance_reduction,3,7677245.9339282885
8096,fc16f_00027,239,48526.07152831936,variance_reduction,3,7677245.9339282885
8097,fc16f_00027,240,48249.22238318881,variance_reduction,3,7677245.9339282885
8098,fc16f_00027,241,48138.94486919264,variance_reduction,3,7677245.9339282885
8099,fc16f_00027,242,56479.91002453089,variance_reduction,3,7677245.9339282885
8100,fc16f_00027,243,55872.60895264384,variance_reduction,3,7677245.9339282885
8101,fc16f_00027,244,57992.241987393696,variance_reduction,3,7677245.9339282885
8102,fc16f_00027,245,59238.518656905915,variance_reduction,3,7677245.9339282885
8103,fc16f_00027,246,61696.58468452691,variance_reduction,3,7677245.9339282885
8104,fc16f_00027,247,64574.386902934515,variance_reduction,3,7677245.9339282885
8105,fc16f_00027,248,61566.34671394614,variance_reduction,3,7677245.9339282885
8106,fc16f_00027,249,55720.83397742874,variance_reduction,3,7677245.9339282885
8107,fc16f_00027,250,58706.47107717166,variance_reduction,3,7677245.9339282885
8108,fc16f_00027,251,64182.13643295595,variance_reduction,3,7677245.9339282885
8109,fc16f_00027,252,63833.99951126164,variance_reduction,3,7677245.9339282885
8110,fc16f_00027,253,61715.493005706194,variance_reduction,3,7677245.9339282885
8111,fc16f_00027,254,61592.16531997759,variance_reduction,3,7677245.9339282885
8112,fc16f_00027,255,62315.20108423124,variance_reduction,3,7677245.9339282885
8113,fc16f_00027,256,55549.053155791626,variance_reduction,3,7677245.9339282885
8114,fc16f_00027,257,57107.68597819775,variance_reduction,3,7677245.9339282885
8115,fc16f_00027,258,52790.50055119462,variance_reduction,3,7677245.9339282885
8116,fc16f_00027,259,55109.3253444179,variance_reduction,3,7677245.9339282885
8117,fc16f_00027,260,54485.68673798629,variance_reduction,3,7677245.9339282885
8118,fc16f_00027,261,58181.83869426777,variance_reduction,3,7677245.9339282885
8119,fc16f_00027,262,58172.473068959705,variance_reduction,3,7677245.9339282885
8120,fc16f_00027,263,57590.838078419874,variance_reduction,3,7677245.9339282885
8121,fc16f_00027,264,56820.71050653091,variance_reduction,3,7677245.9339282885
8122,fc16f_00027,265,57691.31543547744,variance_reduction,3,7677245.9339282885
8123,fc16f_00027,266,55554.53759238342,variance_reduction,3,7677245.9339282885
8124,fc16f_00027,267,56066.12127101563,variance_reduction,3,7677245.9339282885
8125,fc16f_00027,268,56046.916267405395,variance_reduction,3,7677245.9339282885
8126,fc16f_00027,269,53793.907700418866,variance_reduction,3,7677245.9339282885
8127,fc16f_00027,270,54562.10812994215,variance_reduction,3,7677245.9339282885
8128,fc16f_00027,271,58750.3198866046,variance_reduction,3,7677245.9339282885
8129,fc16f_00027,272,58361.06698202376,variance_reduction,3,7677245.9339282885
8130,fc16f_00027,273,57576.66415720492,variance_reduction,3,7677245.9339282885
8131,fc16f_00027,274,63753.100806078815,variance_reduction,3,7677245.9339282885
8132,fc16f_00027,275,65231.36625642648,variance_reduction,3,7677245.9339282885
8133,fc16f_00027,276,63307.54446552611,variance_reduction,3,7677245.9339282885
8134,fc16f_00027,277,68361.51776078372,variance_reduction,3,7677245.9339282885
8135,fc16f_00027,278,68611.29950098827,variance_reduction,3,7677245.9339282885
8136,fc16f_00027,279,68743.46708965469,variance_reduction,3,7677245.9339282885
8137,fc16f_00027,280,71140.83919741621,variance_reduction,3,7677245.9339282885
8138,fc16f_00027,281,69917.51537922065,variance_reduction,3,7677245.9339282885
8139,fc16f_00027,282,70099.15245636276,variance_reduction,3,7677245.9339282885
8140,fc16f_00027,283,71053.67225026524,variance_reduction,3,7677245.9339282885
8141,fc16f_00027,284,72656.06311871443,variance_reduction,3,7677245.9339282885
8142,fc16f_00027,285,69478.99131955492,variance_reduction,3,7677245.9339282885
8143,fc16f_00027,286,75139.40318319849,variance_reduction,3,7677245.9339282885
8144,fc16f_00027,287,76633.1892628771,variance_reduction,3,7677245.9339282885
8145,fc16f_00027,288,76498.746250363,variance_reduction,3,7677245.9339282885
8146,fc16f_00027,289,76517.68279656787,variance_reduction,3,7677245.9339282885
8147,fc16f_00027,290,78080.50286607529,variance_reduction,3,7677245.9339282885
8148,fc16f_00028,0,12661.617035255267,variance_reduction,4,5114571.015629786
8149,fc16f_00028,1,12019.624643994062,variance_reduction,4,5114571.015629786
8150,fc16f_00028,2,9296.634822285216,variance_reduction,4,5114571.015629786
8151,fc16f_00028,3,7814.521533109261,variance_reduction,4,5114571.015629786
8152,fc16f_00028,4,7908.4814169168285,variance_reduction,4,5114571.015629786
8153,fc16f_00028,5,8448.61418097921,variance_reduction,4,5114571.015629786
8154,fc16f_00028,6,8573.590494536522,variance_reduction,4,5114571.015629786
8155,fc16f_00028,7,8360.478553114137,variance_reduction,4,5114571.015629786
8156,fc16f_00028,8,7835.74526877595,variance_reduction,4,5114571.015629786
8157,fc16f_00028,9,7164.273377487221,variance_reduction,4,5114571.015629786
8158,fc16f_00028,10,6883.798803565043,variance_reduction,4,5114571.015629786
8159,fc16f_00028,11,7700.1579848011515,variance_reduction,4,5114571.015629786
8160,fc16f_00028,12,7933.693178615779,variance_reduction,4,5114571.015629786
8161,fc16f_00028,13,8645.967518748606,variance_reduction,4,5114571.015629786
8162,fc16f_00028,14,8550.051833688687,variance_reduction,4,5114571.015629786
8163,fc16f_00028,15,8837.871597537785,variance_reduction,4,5114571.015629786
8164,fc16f_00028,16,8831.815603225943,variance_reduction,4,5114571.015629786
8165,fc16f_00028,17,7469.0710424984545,variance_reduction,4,5114571.015629786
8166,fc16f_00028,18,7311.750935973698,variance_reduction,4,5114571.015629786
8167,fc16f_00028,19,7199.383887353913,variance_reduction,4,5114571.015629786
8168,fc16f_00028,20,5633.53837888085,variance_reduction,4,5114571.015629786
8169,fc16f_00028,21,5227.897231486772,variance_reduction,4,5114571.015629786
8170,fc16f_00028,22,5622.41094386113,variance_reduction,4,5114571.015629786
8171,fc16f_00028,23,5727.719037024366,variance_reduction,4,5114571.015629786
8172,fc16f_00028,24,6164.51847306721,variance_reduction,4,5114571.015629786
8173,fc16f_00028,25,6385.058214116358,variance_reduction,4,5114571.015629786
8174,fc16f_00028,26,6609.193612497215,variance_reduction,4,5114571.015629786
8175,fc16f_00028,27,6328.068356210744,variance_reduction,4,5114571.015629786
8176,fc16f_00028,28,6502.943122382952,variance_reduction,4,5114571.015629786
8177,fc16f_00028,29,6664.732887833819,variance_reduction,4,5114571.015629786
8178,fc16f_00028,30,6615.205675507942,variance_reduction,4,5114571.015629786
8179,fc16f_00028,31,6480.96069991004,variance_reduction,4,5114571.015629786
8180,fc16f_00028,32,6419.7507263123225,variance_reduction,4,5114571.015629786
8181,fc16f_00028,33,6321.7962119227195,variance_reduction,4,5114571.015629786
8182,fc16f_00028,34,6485.931261418078,variance_reduction,4,5114571.015629786
8183,fc16f_00028,35,6508.0867377038285,variance_reduction,4,5114571.015629786
8184,fc16f_00028,36,9014.415635630245,variance_reduction,4,5114571.015629786
8185,fc16f_00028,37,9818.21738262367,variance_reduction,4,5114571.015629786
8186,fc16f_00028,38,9512.86974040673,variance_reduction,4,5114571.015629786
8187,fc16f_00028,39,9672.720434778514,variance_reduction,4,5114571.015629786
8188,fc16f_00028,40,8022.424871823462,variance_reduction,4,5114571.015629786
8189,fc16f_00028,41,6602.887646021413,variance_reduction,4,5114571.015629786
8190,fc16f_00028,42,6456.244018087124,variance_reduction,4,5114571.015629786
8191,fc16f_00028,43,6091.421210650225,variance_reduction,4,5114571.015629786
8192,fc16f_00028,44,5997.797310828048,variance_reduction,4,5114571.015629786
8193,fc16f_00028,45,6712.403056261087,variance_reduction,4,5114571.015629786
8194,fc16f_00028,46,6733.449621865459,variance_reduction,4,5114571.015629786
8195,fc16f_00028,47,7700.341653444362,variance_reduction,4,5114571.015629786
8196,fc16f_00028,48,7751.638934438588,variance_reduction,4,5114571.015629786
8197,fc16f_00028,49,7322.979140085727,variance_reduction,4,5114571.015629786
8198,fc16f_00028,50,7327.797740481067,variance_reduction,4,5114571.015629786
8199,fc16f_00028,51,7438.558072022367,variance_reduction,4,5114571.015629786
8200,fc16f_00028,52,7250.598035488354,variance_reduction,4,5114571.015629786
8201,fc16f_00028,53,6148.370989779481,variance_reduction,4,5114571.015629786
8202,fc16f_00028,54,5962.108722289355,variance_reduction,4,5114571.015629786
8203,fc16f_00028,55,5868.170273484056,variance_reduction,4,5114571.015629786
8204,fc16f_00028,56,7110.079327159737,variance_reduction,4,5114571.015629786
8205,fc16f_00028,57,7067.234401621896,variance_reduction,4,5114571.015629786
8206,fc16f_00028,58,6959.802357772705,variance_reduction,4,5114571.015629786
8207,fc16f_00028,59,6949.171006311975,variance_reduction,4,5114571.015629786
8208,fc16f_00028,60,6971.727018708044,variance_reduction,4,5114571.015629786
8209,fc16f_00028,61,7062.760583108797,variance_reduction,4,5114571.015629786
8210,fc16f_00028,62,6961.0248257839,variance_reduction,4,5114571.015629786
8211,fc16f_00028,63,6993.934686112281,variance_reduction,4,5114571.015629786
8212,fc16f_00028,64,6565.014618283487,variance_reduction,4,5114571.015629786
8213,fc16f_00028,65,6536.028795728603,variance_reduction,4,5114571.015629786
8214,fc16f_00028,66,6715.685586476164,variance_reduction,4,5114571.015629786
8215,fc16f_00028,67,6352.958568955132,variance_reduction,4,5114571.015629786
8216,fc16f_00028,68,6265.140145593206,variance_reduction,4,5114571.015629786
8217,fc16f_00028,69,6291.21524106149,variance_reduction,4,5114571.015629786
8218,fc16f_00028,70,6213.749763878191,variance_reduction,4,5114571.015629786
8219,fc16f_00028,71,6323.560060763016,variance_reduction,4,5114571.015629786
8220,fc16f_00028,72,6653.128916457883,variance_reduction,4,5114571.015629786
8221,fc16f_00028,73,6708.4986433581,variance_reduction,4,5114571.015629786
8222,fc16f_00028,74,6786.408043262356,variance_reduction,4,5114571.015629786
8223,fc16f_00028,75,8779.957016938788,variance_reduction,4,5114571.015629786
8224,fc16f_00028,76,8415.19951827031,variance_reduction,4,5114571.015629786
8225,fc16f_00028,77,9115.374284937514,variance_reduction,4,5114571.015629786
8226,fc16f_00028,78,9089.28407607653,variance_reduction,4,5114571.015629786
8227,fc16f_00028,79,9294.142711350061,variance_reduction,4,5114571.015629786
8228,fc16f_00028,80,9239.07183985589,variance_reduction,4,5114571.015629786
8229,fc16f_00028,81,9288.268346888806,variance_reduction,4,5114571.015629786
8230,fc16f_00028,82,9402.467649521815,variance_reduction,4,5114571.015629786
8231,fc16f_00028,83,9426.320911837369,variance_reduction,4,5114571.015629786
8232,fc16f_00028,84,8725.593162816684,variance_reduction,4,5114571.015629786
8233,fc16f_00028,85,8323.348095889738,variance_reduction,4,5114571.015629786
8234,fc16f_00028,86,8334.661375848991,variance_reduction,4,5114571.015629786
8235,fc16f_00028,87,8024.700981631616,variance_reduction,4,5114571.015629786
8236,fc16f_00028,88,8731.212858329445,variance_reduction,4,5114571.015629786
8237,fc16f_00028,89,8992.242619699762,variance_reduction,4,5114571.015629786
8238,fc16f_00028,90,8908.309258384172,variance_reduction,4,5114571.015629786
8239,fc16f_00028,91,8664.006689436032,variance_reduction,4,5114571.015629786
8240,fc16f_00028,92,8378.044258481603,variance_reduction,4,5114571.015629786
8241,fc16f_00028,93,8387.77536631808,variance_reduction,4,5114571.015629786
8242,fc16f_00028,94,8502.97357632703,variance_reduction,4,5114571.015629786
8243,fc16f_00028,95,7940.54453627063,variance_reduction,4,5114571.015629786
8244,fc16f_00028,96,7283.1579124676855,variance_reduction,4,5114571.015629786
8245,fc16f_00028,97,7235.594250347327,variance_reduction,4,5114571.015629786
8246,fc16f_00028,98,6968.87021389821,variance_reduction,4,5114571.015629786
8247,fc16f_00028,99,8471.488383378926,variance_reduction,4,5114571.015629786
8248,fc16f_00028,100,8506.397997324366,variance_reduction,4,5114571.015629786
8249,fc16f_00028,101,7493.339295502723,variance_reduction,4,5114571.015629786
8250,fc16f_00028,102,7250.148560715298,variance_reduction,4,5114571.015629786
8251,fc16f_00028,103,7359.2070741997795,variance_reduction,4,5114571.015629786
8252,fc16f_00028,104,7306.440908764609,variance_reduction,4,5114571.015629786
8253,fc16f_00028,105,7442.417357855256,variance_reduction,4,5114571.015629786
8254,fc16f_00028,106,7454.015237061741,variance_reduction,4,5114571.015629786
8255,fc16f_00028,107,7438.844904848703,variance_reduction,4,5114571.015629786
8256,fc16f_00028,108,7435.5402821026855,variance_reduction,4,5114571.015629786
8257,fc16f_00028,109,7310.629167305448,variance_reduction,4,5114571.015629786
8258,fc16f_00028,110,7356.739162448481,variance_reduction,4,5114571.015629786
8259,fc16f_00028,111,7607.221280046954,variance_reduction,4,5114571.015629786
8260,fc16f_00028,112,8094.23026565884,variance_reduction,4,5114571.015629786
8261,fc16f_00028,113,7970.6734756523965,variance_reduction,4,5114571.015629786
8262,fc16f_00028,114,7802.3512658484115,variance_reduction,4,5114571.015629786
8263,fc16f_00028,115,8048.712633400836,variance_reduction,4,5114571.015629786
8264,fc16f_00028,116,8419.928978017973,variance_reduction,4,5114571.015629786
8265,fc16f_00028,117,8178.779714328032,variance_reduction,4,5114571.015629786
8266,fc16f_00028,118,8203.204888074564,variance_reduction,4,5114571.015629786
8267,fc16f_00028,119,7431.494139620773,variance_reduction,4,5114571.015629786
8268,fc16f_00028,120,7568.155292992558,variance_reduction,4,5114571.015629786
8269,fc16f_00028,121,7590.315338096422,variance_reduction,4,5114571.015629786
8270,fc16f_00028,122,7350.095247861125,variance_reduction,4,5114571.015629786
8271,fc16f_00028,123,7240.768437158578,variance_reduction,4,5114571.015629786
8272,fc16f_00028,124,7855.856695820331,variance_reduction,4,5114571.015629786
8273,fc16f_00028,125,8270.990370815136,variance_reduction,4,5114571.015629786
8274,fc16f_00028,126,8239.968646870895,variance_reduction,4,5114571.015629786
8275,fc16f_00028,127,7994.665095440398,variance_reduction,4,5114571.015629786
8276,fc16f_00028,128,7841.488618471436,variance_reduction,4,5114571.015629786
8277,fc16f_00028,129,7985.950366359799,variance_reduction,4,5114571.015629786
8278,fc16f_00028,130,10237.175245075041,variance_reduction,4,5114571.015629786
8279,fc16f_00028,131,10132.865901064031,variance_reduction,4,5114571.015629786
8280,fc16f_00028,132,9906.539503115415,variance_reduction,4,5114571.015629786
8281,fc16f_00028,133,10749.400517630356,variance_reduction,4,5114571.015629786
8282,fc16f_00028,134,10804.132580701867,variance_reduction,4,5114571.015629786
8283,fc16f_00028,135,11179.972139818197,variance_reduction,4,5114571.015629786
8284,fc16f_00028,136,11163.162321383432,variance_reduction,4,5114571.015629786
8285,fc16f_00028,137,11282.330442018938,variance_reduction,4,5114571.015629786
8286,fc16f_00028,138,10965.740518250786,variance_reduction,4,5114571.015629786
8287,fc16f_00028,139,10887.641275907232,variance_reduction,4,5114571.015629786
8288,fc16f_00028,140,10533.993882069464,variance_reduction,4,5114571.015629786
8289,fc16f_00028,141,10970.606383960738,variance_reduction,4,5114571.015629786
8290,fc16f_00028,142,11340.318463822743,variance_reduction,4,5114571.015629786
8291,fc16f_00028,143,11078.019563341797,variance_reduction,4,5114571.015629786
8292,fc16f_00028,144,11091.81660548284,variance_reduction,4,5114571.015629786
8293,fc16f_00028,145,10987.84258583278,variance_reduction,4,5114571.015629786
8294,fc16f_00028,146,10813.321950074365,variance_reduction,4,5114571.015629786
8295,fc16f_00028,147,8721.171242450537,variance_reduction,4,5114571.015629786
8296,fc16f_00028,148,8968.06334857896,variance_reduction,4,5114571.015629786
8297,fc16f_00028,149,8920.12849634701,variance_reduction,4,5114571.015629786
8298,fc16f_00028,150,10261.64144217544,variance_reduction,4,5114571.015629786
8299,fc16f_00028,151,10034.508757656788,variance_reduction,4,5114571.015629786
8300,fc16f_00028,152,10512.028657274544,variance_reduction,4,5114571.015629786
8301,fc16f_00028,153,9337.761838750695,variance_reduction,4,5114571.015629786
8302,fc16f_00028,154,9645.41698664513,variance_reduction,4,5114571.015629786
8303,fc16f_00028,155,9417.4847248959,variance_reduction,4,5114571.015629786
8304,fc16f_00028,156,9927.875215607257,variance_reduction,4,5114571.015629786
8305,fc16f_00028,157,9935.29116228979,variance_reduction,4,5114571.015629786
8306,fc16f_00028,158,11071.133228769633,variance_reduction,4,5114571.015629786
8307,fc16f_00028,159,11495.611997696433,variance_reduction,4,5114571.015629786
8308,fc16f_00028,160,12099.449259824327,variance_reduction,4,5114571.015629786
8309,fc16f_00028,161,15129.643921393254,variance_reduction,4,5114571.015629786
8310,fc16f_00028,162,15392.820933652018,variance_reduction,4,5114571.015629786
8311,fc16f_00028,163,16468.353390860386,variance_reduction,4,5114571.015629786
8312,fc16f_00028,164,16439.930212458625,variance_reduction,4,5114571.015629786
8313,fc16f_00028,165,15702.09617935986,variance_reduction,4,5114571.015629786
8314,fc16f_00028,166,15354.7820988785,variance_reduction,4,5114571.015629786
8315,fc16f_00028,167,15427.832802217767,variance_reduction,4,5114571.015629786
8316,fc16f_00028,168,16186.915607426115,variance_reduction,4,5114571.015629786
8317,fc16f_00028,169,17721.430515130196,variance_reduction,4,5114571.015629786
8318,fc16f_00028,170,18651.813001636063,variance_reduction,4,5114571.015629786
8319,fc16f_00028,171,18812.602251021628,variance_reduction,4,5114571.015629786
8320,fc16f_00028,172,19226.50765769313,variance_reduction,4,5114571.015629786
8321,fc16f_00028,173,17565.02541986414,variance_reduction,4,5114571.015629786
8322,fc16f_00028,174,17605.974080622167,variance_reduction,4,5114571.015629786
8323,fc16f_00028,175,17963.176276001246,variance_reduction,4,5114571.015629786
8324,fc16f_00028,176,19473.41580579616,variance_reduction,4,5114571.015629786
8325,fc16f_00028,177,19433.37237002097,variance_reduction,4,5114571.015629786
8326,fc16f_00028,178,21842.460399217343,variance_reduction,4,5114571.015629786
8327,fc16f_00028,179,22037.28770049029,variance_reduction,4,5114571.015629786
8328,fc16f_00028,180,21431.90076203298,variance_reduction,4,5114571.015629786
8329,fc16f_00028,181,23904.665160768684,variance_reduction,4,5114571.015629786
8330,fc16f_00028,182,24517.170541768883,variance_reduction,4,5114571.015629786
8331,fc16f_00028,183,25499.88930172806,variance_reduction,4,5114571.015629786
8332,fc16f_00028,184,25396.195704240166,variance_reduction,4,5114571.015629786
8333,fc16f_00028,185,25802.659558095223,variance_reduction,4,5114571.015629786
8334,fc16f_00028,186,26910.454394060733,variance_reduction,4,5114571.015629786
8335,fc16f_00028,187,26938.00000741195,variance_reduction,4,5114571.015629786
8336,fc16f_00028,188,27040.771671768212,variance_reduction,4,5114571.015629786
8337,fc16f_00028,189,27245.46737710049,variance_reduction,4,5114571.015629786
8338,fc16f_00028,190,31140.249240877987,variance_reduction,4,5114571.015629786
8339,fc16f_00028,191,29891.807086377128,variance_reduction,4,5114571.015629786
8340,fc16f_00028,192,30712.31235047643,variance_reduction,4,5114571.015629786
8341,fc16f_00028,193,31419.079375181445,variance_reduction,4,5114571.015629786
8342,fc16f_00028,194,35103.8794560532,variance_reduction,4,5114571.015629786
8343,fc16f_00028,195,32879.6282674623,variance_reduction,4,5114571.015629786
8344,fc16f_00028,196,32929.2254424499,variance_reduction,4,5114571.015629786
8345,fc16f_00028,197,33054.94428403242,variance_reduction,4,5114571.015629786
8346,fc16f_00028,198,33128.747865336925,variance_reduction,4,5114571.015629786
8347,fc16f_00028,199,30278.640059847217,variance_reduction,4,5114571.015629786
8348,fc16f_00028,200,34839.11497416835,variance_reduction,4,5114571.015629786
8349,fc16f_00028,201,38870.286531066944,variance_reduction,4,5114571.015629786
8350,fc16f_00028,202,40590.87525018838,variance_reduction,4,5114571.015629786
8351,fc16f_00028,203,38173.797455514126,variance_reduction,4,5114571.015629786
8352,fc16f_00028,204,33388.808848397784,variance_reduction,4,5114571.015629786
8353,fc16f_00028,205,34124.80106230234,variance_reduction,4,5114571.015629786
8354,fc16f_00028,206,35951.036341184925,variance_reduction,4,5114571.015629786
8355,fc16f_00028,207,33494.879398399185,variance_reduction,4,5114571.015629786
8356,fc16f_00028,208,37462.77959965164,variance_reduction,4,5114571.015629786
8357,fc16f_00028,209,36078.401376995585,variance_reduction,4,5114571.015629786
8358,fc16f_00028,210,34054.01513560563,variance_reduction,4,5114571.015629786
8359,fc16f_00028,211,33119.51029557558,variance_reduction,4,5114571.015629786
8360,fc16f_00028,212,31719.987968188143,variance_reduction,4,5114571.015629786
8361,fc16f_00028,213,33163.97574538235,variance_reduction,4,5114571.015629786
8362,fc16f_00028,214,33084.29637104212,variance_reduction,4,5114571.015629786
8363,fc16f_00028,215,34602.5179439582,variance_reduction,4,5114571.015629786
8364,fc16f_00028,216,36666.0783429971,variance_reduction,4,5114571.015629786
8365,fc16f_00028,217,33851.745993598124,variance_reduction,4,5114571.015629786
8366,fc16f_00028,218,28375.27222974558,variance_reduction,4,5114571.015629786
8367,fc16f_00028,219,28359.76504781722,variance_reduction,4,5114571.015629786
8368,fc16f_00028,220,24099.131169137618,variance_reduction,4,5114571.015629786
8369,fc16f_00028,221,23614.928940424867,variance_reduction,4,5114571.015629786
8370,fc16f_00028,222,23879.27374088433,variance_reduction,4,5114571.015629786
8371,fc16f_00028,223,36394.94876781514,variance_reduction,4,5114571.015629786
8372,fc16f_00028,224,32775.90767399211,variance_reduction,4,5114571.015629786
8373,fc16f_00028,225,32376.872574895948,variance_reduction,4,5114571.015629786
8374,fc16f_00028,226,31588.904233132027,variance_reduction,4,5114571.015629786
8375,fc16f_00028,227,31335.916317929874,variance_reduction,4,5114571.015629786
8376,fc16f_00028,228,25935.8485844515,variance_reduction,4,5114571.015629786
8377,fc16f_00028,229,26230.715253206985,variance_reduction,4,5114571.015629786
8378,fc16f_00028,230,25173.714575178143,variance_reduction,4,5114571.015629786
8379,fc16f_00028,231,25116.525618444113,variance_reduction,4,5114571.015629786
8380,fc16f_00028,232,25023.184168985383,variance_reduction,4,5114571.015629786
8381,fc16f_00028,233,31147.860245781274,variance_reduction,4,5114571.015629786
8382,fc16f_00028,234,32503.534837742238,variance_reduction,4,5114571.015629786
8383,fc16f_00028,235,32412.935846748,variance_reduction,4,5114571.015629786
8384,fc16f_00028,236,33007.40133585346,variance_reduction,4,5114571.015629786
8385,fc16f_00028,237,32747.400931880322,variance_reduction,4,5114571.015629786
8386,fc16f_00028,238,33152.03188411272,variance_reduction,4,5114571.015629786
8387,fc16f_00028,239,33970.22964181428,variance_reduction,4,5114571.015629786
8388,fc16f_00028,240,33930.37124538683,variance_reduction,4,5114571.015629786
8389,fc16f_00028,241,35044.19547136352,variance_reduction,4,5114571.015629786
8390,fc16f_00028,242,34811.536390875124,variance_reduction,4,5114571.015629786
8391,fc16f_00028,243,34811.12973649244,variance_reduction,4,5114571.015629786
8392,fc16f_00028,244,30985.370126726786,variance_reduction,4,5114571.015629786
8393,fc16f_00028,245,31993.28950309567,variance_reduction,4,5114571.015629786
8394,fc16f_00028,246,31643.965512725255,variance_reduction,4,5114571.015629786
8395,fc16f_00028,247,31998.03633846512,variance_reduction,4,5114571.015629786
8396,fc16f_00028,248,31030.787680281206,variance_reduction,4,5114571.015629786
8397,fc16f_00028,249,30213.79723742326,variance_reduction,4,5114571.015629786
8398,fc16f_00028,250,26776.64952135757,variance_reduction,4,5114571.015629786
8399,fc16f_00028,251,26865.807491295494,variance_reduction,4,5114571.015629786
8400,fc16f_00028,252,24438.145499469065,variance_reduction,4,5114571.015629786
8401,fc16f_00028,253,24886.03029707313,variance_reduction,4,5114571.015629786
8402,fc16f_00028,254,25343.73276323205,variance_reduction,4,5114571.015629786
8403,fc16f_00028,255,25618.752624233988,variance_reduction,4,5114571.015629786
8404,fc16f_00028,256,25894.791229070965,variance_reduction,4,5114571.015629786
8405,fc16f_00028,257,24340.903679092262,variance_reduction,4,5114571.015629786
8406,fc16f_00028,258,24792.28899146106,variance_reduction,4,5114571.015629786
8407,fc16f_00028,259,23705.24404090495,variance_reduction,4,5114571.015629786
8408,fc16f_00028,260,24070.14853990679,variance_reduction,4,5114571.015629786
8409,fc16f_00028,261,24902.44629437608,variance_reduction,4,5114571.015629786
8410,fc16f_00028,262,25480.030285757704,variance_reduction,4,5114571.015629786
8411,fc16f_00028,263,25631.082464177423,variance_reduction,4,5114571.015629786
8412,fc16f_00028,264,28210.544559324164,variance_reduction,4,5114571.015629786
8413,fc16f_00028,265,28249.381300281668,variance_reduction,4,5114571.015629786
8414,fc16f_00028,266,28894.35474931881,variance_reduction,4,5114571.015629786
8415,fc16f_00028,267,29053.225232170527,variance_reduction,4,5114571.015629786
8416,fc16f_00028,268,27765.98124217856,variance_reduction,4,5114571.015629786
8417,fc16f_00028,269,29724.08588072583,variance_reduction,4,5114571.015629786
8418,fc16f_00028,270,29678.16781478024,variance_reduction,4,5114571.015629786
8419,fc16f_00028,271,27571.266148406983,variance_reduction,4,5114571.015629786
8420,fc16f_00028,272,30335.454154441635,variance_reduction,4,5114571.015629786
8421,fc16f_00028,273,31797.348341934146,variance_reduction,4,5114571.015629786
8422,fc16f_00028,274,31499.105088511038,variance_reduction,4,5114571.015629786
8423,fc16f_00028,275,30689.38887554572,variance_reduction,4,5114571.015629786
8424,fc16f_00028,276,36092.944210968606,variance_reduction,4,5114571.015629786
8425,fc16f_00028,277,38623.06656651589,variance_reduction,4,5114571.015629786
8426,fc16f_00028,278,38061.664282308964,variance_reduction,4,5114571.015629786
8427,fc16f_00028,279,37021.495793079615,variance_reduction,4,5114571.015629786
8428,fc16f_00028,280,38494.13361499801,variance_reduction,4,5114571.015629786
8429,fc16f_00028,281,39791.34412069517,variance_reduction,4,5114571.015629786
8430,fc16f_00028,282,39655.67707211287,variance_reduction,4,5114571.015629786
8431,fc16f_00028,283,39548.73443767358,variance_reduction,4,5114571.015629786
8432,fc16f_00028,284,41188.51184147263,variance_reduction,4,5114571.015629786
8433,fc16f_00028,285,41291.680144893726,variance_reduction,4,5114571.015629786
8434,fc16f_00028,286,41370.83820764098,variance_reduction,4,5114571.015629786
8435,fc16f_00028,287,40664.36177038261,variance_reduction,4,5114571.015629786
8436,fc16f_00028,288,41329.03532952239,variance_reduction,4,5114571.015629786
8437,fc16f_00028,289,42782.62924650657,variance_reduction,4,5114571.015629786
8438,fc16f_00028,290,47414.822351826486,variance_reduction,4,5114571.015629786
8439,fc16f_00029,0,9743.39622749638,variance_reduction,5,5231190.285914471
8440,fc16f_00029,1,7884.677591770027,variance_reduction,5,5231190.285914471
8441,fc16f_00029,2,7583.480757115591,variance_reduction,5,5231190.285914471
8442,fc16f_00029,3,6380.101306427645,variance_reduction,5,5231190.285914471
8443,fc16f_00029,4,6605.882885530777,variance_reduction,5,5231190.285914471
8444,fc16f_00029,5,6570.977604443828,variance_reduction,5,5231190.285914471
8445,fc16f_00029,6,6303.573628945159,variance_reduction,5,5231190.285914471
8446,fc16f_00029,7,6723.2522604411815,variance_reduction,5,5231190.285914471
8447,fc16f_00029,8,6748.072187802872,variance_reduction,5,5231190.285914471
8448,fc16f_00029,9,5371.597695264239,variance_reduction,5,5231190.285914471
8449,fc16f_00029,10,5598.494767741645,variance_reduction,5,5231190.285914471
8450,fc16f_00029,11,5775.975489378258,variance_reduction,5,5231190.285914471
8451,fc16f_00029,12,5028.1328967965255,variance_reduction,5,5231190.285914471
8452,fc16f_00029,13,5055.200818363633,variance_reduction,5,5231190.285914471
8453,fc16f_00029,14,5048.975803185106,variance_reduction,5,5231190.285914471
8454,fc16f_00029,15,5255.03773261638,variance_reduction,5,5231190.285914471
8455,fc16f_00029,16,5330.981709013597,variance_reduction,5,5231190.285914471
8456,fc16f_00029,17,4992.527743224948,variance_reduction,5,5231190.285914471
8457,fc16f_00029,18,4995.197640763723,variance_reduction,5,5231190.285914471
8458,fc16f_00029,19,4988.992053254845,variance_reduction,5,5231190.285914471
8459,fc16f_00029,20,4984.499251881698,variance_reduction,5,5231190.285914471
8460,fc16f_00029,21,5035.663558596688,variance_reduction,5,5231190.285914471
8461,fc16f_00029,22,5000.939031298864,variance_reduction,5,5231190.285914471
8462,fc16f_00029,23,5719.572001176507,variance_reduction,5,5231190.285914471
8463,fc16f_00029,24,5742.4696935714155,variance_reduction,5,5231190.285914471
8464,fc16f_00029,25,6077.712495758833,variance_reduction,5,5231190.285914471
8465,fc16f_00029,26,6303.5509850598755,variance_reduction,5,5231190.285914471
8466,fc16f_00029,27,6297.852712815628,variance_reduction,5,5231190.285914471
8467,fc16f_00029,28,6334.51127780488,variance_reduction,5,5231190.285914471
8468,fc16f_00029,29,6363.46620743263,variance_reduction,5,5231190.285914471
8469,fc16f_00029,30,6345.432025514665,variance_reduction,5,5231190.285914471
8470,fc16f_00029,31,6170.920111859064,variance_reduction,5,5231190.285914471
8471,fc16f_00029,32,6198.516557500121,variance_reduction,5,5231190.285914471
8472,fc16f_00029,33,6087.411893328582,variance_reduction,5,5231190.285914471
8473,fc16f_00029,34,6388.615612011562,variance_reduction,5,5231190.285914471
8474,fc16f_00029,35,6523.320012130502,variance_reduction,5,5231190.285914471
8475,fc16f_00029,36,6553.184001060397,variance_reduction,5,5231190.285914471
8476,fc16f_00029,37,6448.170898489516,variance_reduction,5,5231190.285914471
8477,fc16f_00029,38,6455.63177103567,variance_reduction,5,5231190.285914471
8478,fc16f_00029,39,6869.761017015532,variance_reduction,5,5231190.285914471
8479,fc16f_00029,40,9280.068452907486,variance_reduction,5,5231190.285914471
8480,fc16f_00029,41,9365.490444648376,variance_reduction,5,5231190.285914471
8481,fc16f_00029,42,8990.552956279751,variance_reduction,5,5231190.285914471
8482,fc16f_00029,43,8999.634331159928,variance_reduction,5,5231190.285914471
8483,fc16f_00029,44,9074.630467825235,variance_reduction,5,5231190.285914471
8484,fc16f_00029,45,10839.904752218677,variance_reduction,5,5231190.285914471
8485,fc16f_00029,46,9549.10045225456,variance_reduction,5,5231190.285914471
8486,fc16f_00029,47,10043.177655022819,variance_reduction,5,5231190.285914471
8487,fc16f_00029,48,10079.467618521674,variance_reduction,5,5231190.285914471
8488,fc16f_00029,49,10076.975096974233,variance_reduction,5,5231190.285914471
8489,fc16f_00029,50,10062.669862301611,variance_reduction,5,5231190.285914471
8490,fc16f_00029,51,10117.451949504655,variance_reduction,5,5231190.285914471
8491,fc16f_00029,52,10024.270240035637,variance_reduction,5,5231190.285914471
8492,fc16f_00029,53,9613.1189571309,variance_reduction,5,5231190.285914471
8493,fc16f_00029,54,9502.61611526847,variance_reduction,5,5231190.285914471
8494,fc16f_00029,55,9674.7983358616,variance_reduction,5,5231190.285914471
8495,fc16f_00029,56,9486.35401879457,variance_reduction,5,5231190.285914471
8496,fc16f_00029,57,8659.632291525413,variance_reduction,5,5231190.285914471
8497,fc16f_00029,58,9636.880952652326,variance_reduction,5,5231190.285914471
8498,fc16f_00029,59,9707.332654896227,variance_reduction,5,5231190.285914471
8499,fc16f_00029,60,9616.7371714507,variance_reduction,5,5231190.285914471
8500,fc16f_00029,61,9611.178834235005,variance_reduction,5,5231190.285914471
8501,fc16f_00029,62,9657.180081890729,variance_reduction,5,5231190.285914471
8502,fc16f_00029,63,11712.725253816603,variance_reduction,5,5231190.285914471
8503,fc16f_00029,64,11162.349364123966,variance_reduction,5,5231190.285914471
8504,fc16f_00029,65,10935.78569404606,variance_reduction,5,5231190.285914471
8505,fc16f_00029,66,10822.136688767177,variance_reduction,5,5231190.285914471
8506,fc16f_00029,67,10897.690684248726,variance_reduction,5,5231190.285914471
8507,fc16f_00029,68,10938.932224759905,variance_reduction,5,5231190.285914471
8508,fc16f_00029,69,10139.60498854006,variance_reduction,5,5231190.285914471
8509,fc16f_00029,70,10163.62817326938,variance_reduction,5,5231190.285914471
8510,fc16f_00029,71,10284.735083855529,variance_reduction,5,5231190.285914471
8511,fc16f_00029,72,10178.439217914078,variance_reduction,5,5231190.285914471
8512,fc16f_00029,73,10328.280459888227,variance_reduction,5,5231190.285914471
8513,fc16f_00029,74,10586.262564475972,variance_reduction,5,5231190.285914471
8514,fc16f_00029,75,9372.35508906443,variance_reduction,5,5231190.285914471
8515,fc16f_00029,76,9147.077835590413,variance_reduction,5,5231190.285914471
8516,fc16f_00029,77,8729.029130675945,variance_reduction,5,5231190.285914471
8517,fc16f_00029,78,9078.057595792707,variance_reduction,5,5231190.285914471
8518,fc16f_00029,79,8905.59672567687,variance_reduction,5,5231190.285914471
8519,fc16f_00029,80,8692.033098413325,variance_reduction,5,5231190.285914471
8520,fc16f_00029,81,8405.8058382036,variance_reduction,5,5231190.285914471
8521,fc16f_00029,82,8150.997045981454,variance_reduction,5,5231190.285914471
8522,fc16f_00029,83,7901.39470976712,variance_reduction,5,5231190.285914471
8523,fc16f_00029,84,7808.40406907657,variance_reduction,5,5231190.285914471
8524,fc16f_00029,85,8277.214664561587,variance_reduction,5,5231190.285914471
8525,fc16f_00029,86,8269.26615996696,variance_reduction,5,5231190.285914471
8526,fc16f_00029,87,8199.022233582915,variance_reduction,5,5231190.285914471
8527,fc16f_00029,88,8092.007994793626,variance_reduction,5,5231190.285914471
8528,fc16f_00029,89,8033.474635180896,variance_reduction,5,5231190.285914471
8529,fc16f_00029,90,8030.488714446683,variance_reduction,5,5231190.285914471
8530,fc16f_00029,91,8554.657001823967,variance_reduction,5,5231190.285914471
8531,fc16f_00029,92,8967.166226161737,variance_reduction,5,5231190.285914471
8532,fc16f_00029,93,8826.750955747351,variance_reduction,5,5231190.285914471
8533,fc16f_00029,94,8757.37774981467,variance_reduction,5,5231190.285914471
8534,fc16f_00029,95,8957.329455664034,variance_reduction,5,5231190.285914471
8535,fc16f_00029,96,9098.112169703223,variance_reduction,5,5231190.285914471
8536,fc16f_00029,97,8920.173527840028,variance_reduction,5,5231190.285914471
8537,fc16f_00029,98,8749.375070718685,variance_reduction,5,5231190.285914471
8538,fc16f_00029,99,8537.039797747182,variance_reduction,5,5231190.285914471
8539,fc16f_00029,100,8883.299678058178,variance_reduction,5,5231190.285914471
8540,fc16f_00029,101,8824.537071663823,variance_reduction,5,5231190.285914471
8541,fc16f_00029,102,8598.896648459744,variance_reduction,5,5231190.285914471
8542,fc16f_00029,103,9026.303105535153,variance_reduction,5,5231190.285914471
8543,fc16f_00029,104,8993.774490766038,variance_reduction,5,5231190.285914471
8544,fc16f_00029,105,9295.125517063412,variance_reduction,5,5231190.285914471
8545,fc16f_00029,106,9423.185247800193,variance_reduction,5,5231190.285914471
8546,fc16f_00029,107,9090.754585312636,variance_reduction,5,5231190.285914471
8547,fc16f_00029,108,8857.124069970752,variance_reduction,5,5231190.285914471
8548,fc16f_00029,109,8841.196191218663,variance_reduction,5,5231190.285914471
8549,fc16f_00029,110,8872.842191752523,variance_reduction,5,5231190.285914471
8550,fc16f_00029,111,9185.793806251027,variance_reduction,5,5231190.285914471
8551,fc16f_00029,112,10072.117008314492,variance_reduction,5,5231190.285914471
8552,fc16f_00029,113,10305.913899867834,variance_reduction,5,5231190.285914471
8553,fc16f_00029,114,10351.217178824172,variance_reduction,5,5231190.285914471
8554,fc16f_00029,115,12677.678139739704,variance_reduction,5,5231190.285914471
8555,fc16f_00029,116,12052.920366950888,variance_reduction,5,5231190.285914471
8556,fc16f_00029,117,12039.628288215494,variance_reduction,5,5231190.285914471
8557,fc16f_00029,118,11121.710268889112,variance_reduction,5,5231190.285914471
8558,fc16f_00029,119,11023.335705596655,variance_reduction,5,5231190.285914471
8559,fc16f_00029,120,10250.280174434616,variance_reduction,5,5231190.285914471
8560,fc16f_00029,121,10182.382013588056,variance_reduction,5,5231190.285914471
8561,fc16f_00029,122,11445.31348124736,variance_reduction,5,5231190.285914471
8562,fc16f_00029,123,11459.723855756503,variance_reduction,5,5231190.285914471
8563,fc16f_00029,124,11383.37842811626,variance_reduction,5,5231190.285914471
8564,fc16f_00029,125,11644.069694727712,variance_reduction,5,5231190.285914471
8565,fc16f_00029,126,11293.032971186138,variance_reduction,5,5231190.285914471
8566,fc16f_00029,127,11317.609388200159,variance_reduction,5,5231190.285914471
8567,fc16f_00029,128,12160.053902047635,variance_reduction,5,5231190.285914471
8568,fc16f_00029,129,12906.986705973677,variance_reduction,5,5231190.285914471
8569,fc16f_00029,130,12700.36248608,variance_reduction,5,5231190.285914471
8570,fc16f_00029,131,12665.759984341008,variance_reduction,5,5231190.285914471
8571,fc16f_00029,132,12474.151891978192,variance_reduction,5,5231190.285914471
8572,fc16f_00029,133,16303.880228731688,variance_reduction,5,5231190.285914471
8573,fc16f_00029,134,16907.90157672712,variance_reduction,5,5231190.285914471
8574,fc16f_00029,135,17856.805408842934,variance_reduction,5,5231190.285914471
8575,fc16f_00029,136,17777.487323799312,variance_reduction,5,5231190.285914471
8576,fc16f_00029,137,17637.433491535383,variance_reduction,5,5231190.285914471
8577,fc16f_00029,138,17066.233142124536,variance_reduction,5,5231190.285914471
8578,fc16f_00029,139,16760.807456838455,variance_reduction,5,5231190.285914471
8579,fc16f_00029,140,16717.60623127399,variance_reduction,5,5231190.285914471
8580,fc16f_00029,141,16291.502114945668,variance_reduction,5,5231190.285914471
8581,fc16f_00029,142,18297.686129393907,variance_reduction,5,5231190.285914471
8582,fc16f_00029,143,18776.754461978293,variance_reduction,5,5231190.285914471
8583,fc16f_00029,144,17716.02013373165,variance_reduction,5,5231190.285914471
8584,fc16f_00029,145,17631.590284446957,variance_reduction,5,5231190.285914471
8585,fc16f_00029,146,17553.77790435718,variance_reduction,5,5231190.285914471
8586,fc16f_00029,147,17688.28363369376,variance_reduction,5,5231190.285914471
8587,fc16f_00029,148,18892.138336588465,variance_reduction,5,5231190.285914471
8588,fc16f_00029,149,18683.228418820003,variance_reduction,5,5231190.285914471
8589,fc16f_00029,150,18674.16050586163,variance_reduction,5,5231190.285914471
8590,fc16f_00029,151,18870.005229761973,variance_reduction,5,5231190.285914471
8591,fc16f_00029,152,17709.7733745798,variance_reduction,5,5231190.285914471
8592,fc16f_00029,153,17659.715700577854,variance_reduction,5,5231190.285914471
8593,fc16f_00029,154,14972.367514151783,variance_reduction,5,5231190.285914471
8594,fc16f_00029,155,15068.291754059044,variance_reduction,5,5231190.285914471
8595,fc16f_00029,156,14578.934409038653,variance_reduction,5,5231190.285914471
8596,fc16f_00029,157,14071.196982539668,variance_reduction,5,5231190.285914471
8597,fc16f_00029,158,13880.911175399506,variance_reduction,5,5231190.285914471
8598,fc16f_00029,159,13970.833825953863,variance_reduction,5,5231190.285914471
8599,fc16f_00029,160,14726.645260239187,variance_reduction,5,5231190.285914471
8600,fc16f_00029,161,14831.091840909214,variance_reduction,5,5231190.285914471
8601,fc16f_00029,162,14427.778158051018,variance_reduction,5,5231190.285914471
8602,fc16f_00029,163,14074.656814294462,variance_reduction,5,5231190.285914471
8603,fc16f_00029,164,14467.845636936618,variance_reduction,5,5231190.285914471
8604,fc16f_00029,165,14671.820375017523,variance_reduction,5,5231190.285914471
8605,fc16f_00029,166,15481.633700968492,variance_reduction,5,5231190.285914471
8606,fc16f_00029,167,15972.704586213164,variance_reduction,5,5231190.285914471
8607,fc16f_00029,168,15629.199757677392,variance_reduction,5,5231190.285914471
8608,fc16f_00029,169,15591.376178293165,variance_reduction,5,5231190.285914471
8609,fc16f_00029,170,15489.785467020818,variance_reduction,5,5231190.285914471
8610,fc16f_00029,171,15481.828237288595,variance_reduction,5,5231190.285914471
8611,fc16f_00029,172,18208.91323882041,variance_reduction,5,5231190.285914471
8612,fc16f_00029,173,17841.552518083237,variance_reduction,5,5231190.285914471
8613,fc16f_00029,174,17835.388856368787,variance_reduction,5,5231190.285914471
8614,fc16f_00029,175,18029.311360954594,variance_reduction,5,5231190.285914471
8615,fc16f_00029,176,17332.946935884658,variance_reduction,5,5231190.285914471
8616,fc16f_00029,177,18572.739540571973,variance_reduction,5,5231190.285914471
8617,fc16f_00029,178,18399.383698789472,variance_reduction,5,5231190.285914471
8618,fc16f_00029,179,18392.616972636948,variance_reduction,5,5231190.285914471
8619,fc16f_00029,180,18456.9312112796,variance_reduction,5,5231190.285914471
8620,fc16f_00029,181,18347.46172753679,variance_reduction,5,5231190.285914471
8621,fc16f_00029,182,17989.11056473367,variance_reduction,5,5231190.285914471
8622,fc16f_00029,183,18567.98392313075,variance_reduction,5,5231190.285914471
8623,fc16f_00029,184,18306.21361841997,variance_reduction,5,5231190.285914471
8624,fc16f_00029,185,18114.495618081957,variance_reduction,5,5231190.285914471
8625,fc16f_00029,186,18696.081899341447,variance_reduction,5,5231190.285914471
8626,fc16f_00029,187,18690.140404570408,variance_reduction,5,5231190.285914471
8627,fc16f_00029,188,22436.989182082754,variance_reduction,5,5231190.285914471
8628,fc16f_00029,189,23073.352985209975,variance_reduction,5,5231190.285914471
8629,fc16f_00029,190,23058.01068932727,variance_reduction,5,5231190.285914471
8630,fc16f_00029,191,23274.830449474957,variance_reduction,5,5231190.285914471
8631,fc16f_00029,192,22371.99103572606,variance_reduction,5,5231190.285914471
8632,fc16f_00029,193,21582.254287824813,variance_reduction,5,5231190.285914471
8633,fc16f_00029,194,21672.311893959646,variance_reduction,5,5231190.285914471
8634,fc16f_00029,195,28584.335630833415,variance_reduction,5,5231190.285914471
8635,fc16f_00029,196,23652.07154679037,variance_reduction,5,5231190.285914471
8636,fc16f_00029,197,23712.72622017917,variance_reduction,5,5231190.285914471
8637,fc16f_00029,198,21871.54176098752,variance_reduction,5,5231190.285914471
8638,fc16f_00029,199,20820.774828000067,variance_reduction,5,5231190.285914471
8639,fc16f_00029,200,22012.278913096325,variance_reduction,5,5231190.285914471
8640,fc16f_00029,201,18616.553387616208,variance_reduction,5,5231190.285914471
8641,fc16f_00029,202,20896.933893775473,variance_reduction,5,5231190.285914471
8642,fc16f_00029,203,20217.135461652375,variance_reduction,5,5231190.285914471
8643,fc16f_00029,204,20294.74832744294,variance_reduction,5,5231190.285914471
8644,fc16f_00029,205,19627.103832553687,variance_reduction,5,5231190.285914471
8645,fc16f_00029,206,18972.48044183736,variance_reduction,5,5231190.285914471
8646,fc16f_00029,207,18992.034540414068,variance_reduction,5,5231190.285914471
8647,fc16f_00029,208,19507.981675168194,variance_reduction,5,5231190.285914471
8648,fc16f_00029,209,19479.615804753405,variance_reduction,5,5231190.285914471
8649,fc16f_00029,210,22646.44744870726,variance_reduction,5,5231190.285914471
8650,fc16f_00029,211,23120.17160194253,variance_reduction,5,5231190.285914471
8651,fc16f_00029,212,21670.58730743811,variance_reduction,5,5231190.285914471
8652,fc16f_00029,213,22139.096726980042,variance_reduction,5,5231190.285914471
8653,fc16f_00029,214,22574.432514732256,variance_reduction,5,5231190.285914471
8654,fc16f_00029,215,21856.256174779086,variance_reduction,5,5231190.285914471
8655,fc16f_00029,216,18416.517987085903,variance_reduction,5,5231190.285914471
8656,fc16f_00029,217,20496.82741731658,variance_reduction,5,5231190.285914471
8657,fc16f_00029,218,19868.208005766075,variance_reduction,5,5231190.285914471
8658,fc16f_00029,219,23932.535308120518,variance_reduction,5,5231190.285914471
8659,fc16f_00029,220,23522.219566339547,variance_reduction,5,5231190.285914471
8660,fc16f_00029,221,23249.550239229127,variance_reduction,5,5231190.285914471
8661,fc16f_00029,222,27143.183451796867,variance_reduction,5,5231190.285914471
8662,fc16f_00029,223,26839.91737776874,variance_reduction,5,5231190.285914471
8663,fc16f_00029,224,27906.424927351964,variance_reduction,5,5231190.285914471
8664,fc16f_00029,225,25929.632696629502,variance_reduction,5,5231190.285914471
8665,fc16f_00029,226,25222.239887974054,variance_reduction,5,5231190.285914471
8666,fc16f_00029,227,29238.07617405301,variance_reduction,5,5231190.285914471
8667,fc16f_00029,228,27697.453484687692,variance_reduction,5,5231190.285914471
8668,fc16f_00029,229,26717.289220933475,variance_reduction,5,5231190.285914471
8669,fc16f_00029,230,28533.903560665014,variance_reduction,5,5231190.285914471
8670,fc16f_00029,231,29068.587362211714,variance_reduction,5,5231190.285914471
8671,fc16f_00029,232,28395.945253808753,variance_reduction,5,5231190.285914471
8672,fc16f_00029,233,40820.23912823231,variance_reduction,5,5231190.285914471
8673,fc16f_00029,234,39290.71045361998,variance_reduction,5,5231190.285914471
8674,fc16f_00029,235,37078.013863171065,variance_reduction,5,5231190.285914471
8675,fc16f_00029,236,36617.91496136968,variance_reduction,5,5231190.285914471
8676,fc16f_00029,237,31393.59682442504,variance_reduction,5,5231190.285914471
8677,fc16f_00029,238,30817.22829507782,variance_reduction,5,5231190.285914471
8678,fc16f_00029,239,31134.960557850725,variance_reduction,5,5231190.285914471
8679,fc16f_00029,240,31991.984058313003,variance_reduction,5,5231190.285914471
8680,fc16f_00029,241,28551.154733466345,variance_reduction,5,5231190.285914471
8681,fc16f_00029,242,27363.576266264463,variance_reduction,5,5231190.285914471
8682,fc16f_00029,243,27403.085414385343,variance_reduction,5,5231190.285914471
8683,fc16f_00029,244,30434.737527608704,variance_reduction,5,5231190.285914471
8684,fc16f_00029,245,24352.75241309133,variance_reduction,5,5231190.285914471
8685,fc16f_00029,246,24872.08592197705,variance_reduction,5,5231190.285914471
8686,fc16f_00029,247,24878.397852370937,variance_reduction,5,5231190.285914471
8687,fc16f_00029,248,24106.88945074517,variance_reduction,5,5231190.285914471
8688,fc16f_00029,249,23845.674149362574,variance_reduction,5,5231190.285914471
8689,fc16f_00029,250,25265.610475059253,variance_reduction,5,5231190.285914471
8690,fc16f_00029,251,25323.782741394796,variance_reduction,5,5231190.285914471
8691,fc16f_00029,252,25049.78723444134,variance_reduction,5,5231190.285914471
8692,fc16f_00029,253,25898.697618620055,variance_reduction,5,5231190.285914471
8693,fc16f_00029,254,25578.359696464813,variance_reduction,5,5231190.285914471
8694,fc16f_00029,255,30956.307160711243,variance_reduction,5,5231190.285914471
8695,fc16f_00029,256,32862.66789779146,variance_reduction,5,5231190.285914471
8696,fc16f_00029,257,35526.883673173135,variance_reduction,5,5231190.285914471
8697,fc16f_00029,258,35369.08517284582,variance_reduction,5,5231190.285914471
8698,fc16f_00029,259,42001.713729014766,variance_reduction,5,5231190.285914471
8699,fc16f_00029,260,41577.04363731152,variance_reduction,5,5231190.285914471
8700,fc16f_00029,261,43462.83007617222,variance_reduction,5,5231190.285914471
8701,fc16f_00029,262,42338.86790625025,variance_reduction,5,5231190.285914471
8702,fc16f_00029,263,42302.04458924922,variance_reduction,5,5231190.285914471
8703,fc16f_00029,264,42297.158643404,variance_reduction,5,5231190.285914471
8704,fc16f_00029,265,43238.617993525564,variance_reduction,5,5231190.285914471
8705,fc16f_00029,266,45860.247907216755,variance_reduction,5,5231190.285914471
8706,fc16f_00029,267,45715.44810848757,variance_reduction,5,5231190.285914471
8707,fc16f_00029,268,44721.18319556211,variance_reduction,5,5231190.285914471
8708,fc16f_00029,269,43869.016630548744,variance_reduction,5,5231190.285914471
8709,fc16f_00029,270,43546.905417200105,variance_reduction,5,5231190.285914471
8710,fc16f_00029,271,43486.95824710764,variance_reduction,5,5231190.285914471
8711,fc16f_00029,272,45958.533853329776,variance_reduction,5,5231190.285914471
8712,fc16f_00029,273,44624.65033131077,variance_reduction,5,5231190.285914471
8713,fc16f_00029,274,41199.44173638749,variance_reduction,5,5231190.285914471
8714,fc16f_00029,275,38621.52786552165,variance_reduction,5,5231190.285914471
8715,fc16f_00029,276,38693.504933381395,variance_reduction,5,5231190.285914471
8716,fc16f_00029,277,39300.41457492377,variance_reduction,5,5231190.285914471
8717,fc16f_00029,278,39333.54299358865,variance_reduction,5,5231190.285914471
8718,fc16f_00029,279,46228.56454005622,variance_reduction,5,5231190.285914471
8719,fc16f_00029,280,43428.64489635523,variance_reduction,5,5231190.285914471
8720,fc16f_00029,281,43997.599301248876,variance_reduction,5,5231190.285914471
8721,fc16f_00029,282,44314.73498531306,variance_reduction,5,5231190.285914471
8722,fc16f_00029,283,38926.68962914513,variance_reduction,5,5231190.285914471
8723,fc16f_00029,284,37864.589139171,variance_reduction,5,5231190.285914471
8724,fc16f_00029,285,39275.3623831537,variance_reduction,5,5231190.285914471
8725,fc16f_00029,286,40005.516123136804,variance_reduction,5,5231190.285914471
8726,fc16f_00029,287,40292.74135960784,variance_reduction,5,5231190.285914471
8727,fc16f_00029,288,39918.5473953766,variance_reduction,5,5231190.285914471
8728,fc16f_00029,289,42369.24215983078,variance_reduction,5,5231190.285914471
8729,fc16f_00029,290,42726.401855393575,variance_reduction,5,5231190.285914471
8730,fc16f_00030,0,21189.009739047997,random,1,11875017.982818741
8731,fc16f_00030,1,33522.979498666195,random,1,11875017.982818741
8732,fc16f_00030,2,30960.718291642097,random,1,11875017.982818741
8733,fc16f_00030,3,29908.269155314025,random,1,11875017.982818741
8734,fc16f_00030,4,23865.770171619035,random,1,11875017.982818741
8735,fc16f_00030,5,15582.009530128777,random,1,11875017.982818741
8736,fc16f_00030,6,15513.838749635439,random,1,11875017.982818741
8737,fc16f_00030,7,15213.55335178993,random,1,11875017.982818741
8738,fc16f_00030,8,13736.759663500818,random,1,11875017.982818741
8739,fc16f_00030,9,15227.947364961936,random,1,11875017.982818741
8740,fc16f_00030,10,12039.749009837495,random,1,11875017.982818741
8741,fc16f_00030,11,12246.438497684721,random,1,11875017.982818741
8742,fc16f_00030,12,7577.203256085361,random,1,11875017.982818741
8743,fc16f_00030,13,7709.269269245548,random,1,11875017.982818741
8744,fc16f_00030,14,8529.505872545978,random,1,11875017.982818741
8745,fc16f_00030,15,8489.613157587066,random,1,11875017.982818741
8746,fc16f_00030,16,11264.223557700892,random,1,11875017.982818741
8747,fc16f_00030,17,11638.47550207409,random,1,11875017.982818741
8748,fc16f_00030,18,10693.822841905696,random,1,11875017.982818741
8749,fc16f_00030,19,9493.558455952854,random,1,11875017.982818741
8750,fc16f_00030,20,10745.137460060623,random,1,11875017.982818741
8751,fc16f_00030,21,8485.782672595355,random,1,11875017.982818741
8752,fc16f_00030,22,10522.150518409584,random,1,11875017.982818741
8753,fc16f_00030,23,10909.613923978095,random,1,11875017.982818741
8754,fc16f_00030,24,11117.006388019463,random,1,11875017.982818741
8755,fc16f_00030,25,11887.399008996208,random,1,11875017.982818741
8756,fc16f_00030,26,14495.765647036591,random,1,11875017.982818741
8757,fc16f_00030,27,14486.4071053818,random,1,11875017.982818741
8758,fc16f_00030,28,13782.515051501983,random,1,11875017.982818741
8759,fc16f_00030,29,13523.248792494553,random,1,11875017.982818741
8760,fc16f_00030,30,18903.373784802785,random,1,11875017.982818741
8761,fc16f_00030,31,20034.617354042024,random,1,11875017.982818741
8762,fc16f_00030,32,20185.122407983887,random,1,11875017.982818741
8763,fc16f_00030,33,22607.63619028318,random,1,11875017.982818741
8764,fc16f_00030,34,54326.824196377645,random,1,11875017.982818741
8765,fc16f_00030,35,46092.24814183955,random,1,11875017.982818741
8766,fc16f_00030,36,47410.46060060917,random,1,11875017.982818741
8767,fc16f_00030,37,45749.01257218085,random,1,11875017.982818741
8768,fc16f_00030,38,48721.80248701884,random,1,11875017.982818741
8769,fc16f_00030,39,50227.18601967671,random,1,11875017.982818741
8770,fc16f_00030,40,46317.4878595641,random,1,11875017.982818741
8771,fc16f_00030,41,35181.61561495445,random,1,11875017.982818741
8772,fc16f_00030,42,35147.526429591715,random,1,11875017.982818741
8773,fc16f_00030,43,35607.758557660345,random,1,11875017.982818741
8774,fc16f_00030,44,35370.28454024456,random,1,11875017.982818741
8775,fc16f_00030,45,39339.74335977343,random,1,11875017.982818741
8776,fc16f_00030,46,51619.84478644368,random,1,11875017.982818741
8777,fc16f_00030,47,53114.64289915995,random,1,11875017.982818741
8778,fc16f_00030,48,53804.34346892478,random,1,11875017.982818741
8779,fc16f_00030,49,54751.1066915364,random,1,11875017.982818741
8780,fc16f_00030,50,54771.32681868788,random,1,11875017.982818741
8781,fc16f_00030,51,57407.60833883263,random,1,11875017.982818741
8782,fc16f_00030,52,57605.51779275085,random,1,11875017.982818741
8783,fc16f_00030,53,51566.52879054669,random,1,11875017.982818741
8784,fc16f_00030,54,50721.714199410744,random,1,11875017.982818741
8785,fc16f_00030,55,35189.0701507744,random,1,11875017.982818741
8786,fc16f_00030,56,35277.483182054704,random,1,11875017.982818741
8787,fc16f_00030,57,41425.006519305585,random,1,11875017.982818741
8788,fc16f_00030,58,37071.098165112955,random,1,11875017.982818741
8789,fc16f_00030,59,37688.80725434243,random,1,11875017.982818741
8790,fc16f_00030,60,39675.275878164604,random,1,11875017.982818741
8791,fc16f_00030,61,30155.160735868863,random,1,11875017.982818741
8792,fc16f_00030,62,30169.53004843875,random,1,11875017.982818741
8793,fc16f_00030,63,43237.94414350469,random,1,11875017.982818741
8794,fc16f_00030,64,38883.5191315542,random,1,11875017.982818741
8795,fc16f_00030,65,41665.90736505787,random,1,11875017.982818741
8796,fc16f_00030,66,41394.18562418107,random,1,11875017.982818741
8797,fc16f_00030,67,35127.76623807015,random,1,11875017.982818741
8798,fc16f_00030,68,35419.085637715594,random,1,11875017.982818741
8799,fc16f_00030,69,34175.86102902639,random,1,11875017.982818741
8800,fc16f_00030,70,33276.89433827738,random,1,11875017.982818741
8801,fc16f_00030,71,30813.721006226122,random,1,11875017.982818741
8802,fc16f_00030,72,32583.912116116062,random,1,11875017.982818741
8803,fc16f_00030,73,33031.52849279546,random,1,11875017.982818741
8804,fc16f_00030,74,33336.714116499235,random,1,11875017.982818741
8805,fc16f_00030,75,41946.502507768404,random,1,11875017.982818741
8806,fc16f_00030,76,36239.98137498615,random,1,11875017.982818741
8807,fc16f_00030,77,33271.852910607035,random,1,11875017.982818741
8808,fc16f_00030,78,33897.437748879485,random,1,11875017.982818741
8809,fc16f_00030,79,33661.35200007891,random,1,11875017.982818741
8810,fc16f_00030,80,33704.686550527585,random,1,11875017.982818741
8811,fc16f_00030,81,35515.71723172981,random,1,11875017.982818741
8812,fc16f_00030,82,35465.5421169791,random,1,11875017.982818741
8813,fc16f_00030,83,35864.826425369705,random,1,11875017.982818741
8814,fc16f_00030,84,36308.85243367325,random,1,11875017.982818741
8815,fc16f_00030,85,40852.690676380764,random,1,11875017.982818741
8816,fc16f_00030,86,41483.85252650203,random,1,11875017.982818741
8817,fc16f_00030,87,43222.95015795909,random,1,11875017.982818741
8818,fc16f_00030,88,42582.650451101756,random,1,11875017.982818741
8819,fc16f_00030,89,42040.675269141866,random,1,11875017.982818741
8820,fc16f_00030,90,41940.11213795089,random,1,11875017.982818741
8821,fc16f_00030,91,42067.263221745205,random,1,11875017.982818741
8822,fc16f_00030,92,41212.336677628016,random,1,11875017.982818741
8823,fc16f_00030,93,37356.82638916783,random,1,11875017.982818741
8824,fc16f_00030,94,38588.2721069717,random,1,11875017.982818741
8825,fc16f_00030,95,38995.733252672035,random,1,11875017.982818741
8826,fc16f_00030,96,35226.16577158119,random,1,11875017.982818741
8827,fc16f_00030,97,35332.90249190061,random,1,11875017.982818741
8828,fc16f_00030,98,38288.53290661866,random,1,11875017.982818741
8829,fc16f_00030,99,39604.10592283507,random,1,11875017.982818741
8830,fc16f_00030,100,39387.0985991076,random,1,11875017.982818741
8831,fc16f_00030,101,38594.25263027262,random,1,11875017.982818741
8832,fc16f_00030,102,39203.75953445057,random,1,11875017.982818741
8833,fc16f_00030,103,39485.84082529297,random,1,11875017.982818741
8834,fc16f_00030,104,37090.053912179785,random,1,11875017.982818741
8835,fc16f_00030,105,36773.23664664436,random,1,11875017.982818741
8836,fc16f_00030,106,36394.646674113574,random,1,11875017.982818741
8837,fc16f_00030,107,33302.45961529433,random,1,11875017.982818741
8838,fc16f_00030,108,32244.80829486658,random,1,11875017.982818741
8839,fc16f_00030,109,30518.269881485132,random,1,11875017.982818741
8840,fc16f_00030,110,28249.845817379533,random,1,11875017.982818741
8841,fc16f_00030,111,28269.916095067645,random,1,11875017.982818741
8842,fc16f_00030,112,29549.69766918608,random,1,11875017.982818741
8843,fc16f_00030,113,29494.437773642883,random,1,11875017.982818741
8844,fc16f_00030,114,31064.664341052492,random,1,11875017.982818741
8845,fc16f_00030,115,30960.63557484023,random,1,11875017.982818741
8846,fc16f_00030,116,29618.91138486947,random,1,11875017.982818741
8847,fc16f_00030,117,30191.712141572993,random,1,11875017.982818741
8848,fc16f_00030,118,31126.736829122397,random,1,11875017.982818741
8849,fc16f_00030,119,30269.23685623163,random,1,11875017.982818741
8850,fc16f_00030,120,31433.6827283193,random,1,11875017.982818741
8851,fc16f_00030,121,31183.890314978846,random,1,11875017.982818741
8852,fc16f_00030,122,30969.299837706592,random,1,11875017.982818741
8853,fc16f_00030,123,43004.4897549749,random,1,11875017.982818741
8854,fc16f_00030,124,45507.120554154615,random,1,11875017.982818741
8855,fc16f_00030,125,45252.39797975482,random,1,11875017.982818741
8856,fc16f_00030,126,45823.19340384722,random,1,11875017.982818741
8857,fc16f_00030,127,45186.62808423653,random,1,11875017.982818741
8858,fc16f_00030,128,44165.29557589504,random,1,11875017.982818741
8859,fc16f_00030,129,44835.21130464929,random,1,11875017.982818741
8860,fc16f_00030,130,47253.60315966026,random,1,11875017.982818741
8861,fc16f_00030,131,48234.74612211872,random,1,11875017.982818741
8862,fc16f_00030,132,40390.53603086436,random,1,11875017.982818741
8863,fc16f_00030,133,42380.25739306704,random,1,11875017.982818741
8864,fc16f_00030,134,40268.41027260924,random,1,11875017.982818741
8865,fc16f_00030,135,37930.69908545199,random,1,11875017.982818741
8866,fc16f_00030,136,44119.13132917192,random,1,11875017.982818741
8867,fc16f_00030,137,43616.776766989,random,1,11875017.982818741
8868,fc16f_00030,138,42908.706892541304,random,1,11875017.982818741
8869,fc16f_00030,139,43363.48330958426,random,1,11875017.982818741
8870,fc16f_00030,140,44534.40027757358,random,1,11875017.982818741
8871,fc16f_00030,141,44475.24956153607,random,1,11875017.982818741
8872,fc16f_00030,142,44372.82644197974,random,1,11875017.982818741
8873,fc16f_00030,143,44306.89531431358,random,1,11875017.982818741
8874,fc16f_00030,144,44543.54205142068,random,1,11875017.982818741
8875,fc16f_00030,145,40588.85796320703,random,1,11875017.982818741
8876,fc16f_00030,146,38485.4423667393,random,1,11875017.982818741
8877,fc16f_00030,147,40014.75320674831,random,1,11875017.982818741
8878,fc16f_00030,148,37684.152221576,random,1,11875017.982818741
8879,fc16f_00030,149,36832.97213795522,random,1,11875017.982818741
8880,fc16f_00030,150,37021.08402861971,random,1,11875017.982818741
8881,fc16f_00030,151,34190.74617278831,random,1,11875017.982818741
8882,fc16f_00030,152,34931.14235367261,random,1,11875017.982818741
8883,fc16f_00030,153,36164.05273063947,random,1,11875017.982818741
8884,fc16f_00030,154,36158.34193118859,random,1,11875017.982818741
8885,fc16f_00030,155,36124.60605050803,random,1,11875017.982818741
8886,fc16f_00030,156,36236.22562228436,random,1,11875017.982818741
8887,fc16f_00030,157,37379.61560303518,random,1,11875017.982818741
8888,fc16f_00030,158,35649.550467000015,random,1,11875017.982818741
8889,fc16f_00030,159,32870.57667958753,random,1,11875017.982818741
8890,fc16f_00030,160,32932.94814809755,random,1,11875017.982818741
8891,fc16f_00030,161,33518.72827520844,random,1,11875017.982818741
8892,fc16f_00030,162,31545.822148148538,random,1,11875017.982818741
8893,fc16f_00030,163,29576.120966534716,random,1,11875017.982818741
8894,fc16f_00030,164,30373.853959817694,random,1,11875017.982818741
8895,fc16f_00030,165,31283.380619555035,random,1,11875017.982818741
8896,fc16f_00030,166,27435.6401663066,random,1,11875017.982818741
8897,fc16f_00030,167,28139.32203429814,random,1,11875017.982818741
8898,fc16f_00030,168,28370.62907223932,random,1,11875017.982818741
8899,fc16f_00030,169,28083.55692797369,random,1,11875017.982818741
8900,fc16f_00030,170,31390.767992219757,random,1,11875017.982818741
8901,fc16f_00030,171,30933.859693605555,random,1,11875017.982818741
8902,fc16f_00030,172,33593.31070917364,random,1,11875017.982818741
8903,fc16f_00030,173,33637.554388990364,random,1,11875017.982818741
8904,fc16f_00030,174,35409.36636770132,random,1,11875017.982818741
8905,fc16f_00030,175,38405.42133088501,random,1,11875017.982818741
8906,fc16f_00030,176,44553.603254418944,random,1,11875017.982818741
8907,fc16f_00030,177,45269.870817053874,random,1,11875017.982818741
8908,fc16f_00030,178,44862.33462502861,random,1,11875017.982818741
8909,fc16f_00030,179,41725.74074997985,random,1,11875017.982818741
8910,fc16f_00030,180,43715.76937816512,random,1,11875017.982818741
8911,fc16f_00030,181,41058.84193566779,random,1,11875017.982818741
8912,fc16f_00030,182,44775.255345620935,random,1,11875017.982818741
8913,fc16f_00030,183,44479.699227053134,random,1,11875017.982818741
8914,fc16f_00030,184,52002.17862712195,random,1,11875017.982818741
8915,fc16f_00030,185,50539.05625398054,random,1,11875017.982818741
8916,fc16f_00030,186,49596.1747085381,random,1,11875017.982818741
8917,fc16f_00030,187,49466.122857902665,random,1,11875017.982818741
8918,fc16f_00030,188,47365.805054656405,random,1,11875017.982818741
8919,fc16f_00030,189,64626.983538835884,random,1,11875017.982818741
8920,fc16f_00030,190,85371.26476380009,random,1,11875017.982818741
8921,fc16f_00030,191,92731.43490986338,random,1,11875017.982818741
8922,fc16f_00030,192,94573.69086242295,random,1,11875017.982818741
8923,fc16f_00030,193,110757.5870257423,random,1,11875017.982818741
8924,fc16f_00030,194,107365.59589507904,random,1,11875017.982818741
8925,fc16f_00030,195,95709.10765607304,random,1,11875017.982818741
8926,fc16f_00030,196,60232.1334436372,random,1,11875017.982818741
8927,fc16f_00030,197,56396.34658011561,random,1,11875017.982818741
8928,fc16f_00030,198,56522.298920403744,random,1,11875017.982818741
8929,fc16f_00030,199,56431.257640668955,random,1,11875017.982818741
8930,fc16f_00030,200,62341.231435408125,random,1,11875017.982818741
8931,fc16f_00030,201,63196.90722854317,random,1,11875017.982818741
8932,fc16f_00030,202,65748.88549583824,random,1,11875017.982818741
8933,fc16f_00030,203,51994.841603256165,random,1,11875017.982818741
8934,fc16f_00030,204,43153.41390967782,random,1,11875017.982818741
8935,fc16f_00030,205,41601.48585622556,random,1,11875017.982818741
8936,fc16f_00030,206,38900.83937960581,random,1,11875017.982818741
8937,fc16f_00030,207,38622.034576602615,random,1,11875017.982818741
8938,fc16f_00030,208,43678.169785536484,random,1,11875017.982818741
8939,fc16f_00030,209,44010.240594665054,random,1,11875017.982818741
8940,fc16f_00030,210,44093.246252944795,random,1,11875017.982818741
8941,fc16f_00030,211,49971.25624401614,random,1,11875017.982818741
8942,fc16f_00030,212,45481.20751963567,random,1,11875017.982818741
8943,fc16f_00030,213,44293.72001124139,random,1,11875017.982818741
8944,fc16f_00030,214,42261.360988646346,random,1,11875017.982818741
8945,fc16f_00030,215,42606.78835362239,random,1,11875017.982818741
8946,fc16f_00030,216,36734.978851632935,random,1,11875017.982818741
8947,fc16f_00030,217,31216.703382343057,random,1,11875017.982818741
8948,fc16f_00030,218,30538.97761360174,random,1,11875017.982818741
8949,fc16f_00030,219,30805.80392053848,random,1,11875017.982818741
8950,fc16f_00030,220,30919.92541853052,random,1,11875017.982818741
8951,fc16f_00030,221,30704.276063738485,random,1,11875017.982818741
8952,fc16f_00030,222,29843.12465329961,random,1,11875017.982818741
8953,fc16f_00030,223,28495.495573430435,random,1,11875017.982818741
8954,fc16f_00030,224,28477.475587869467,random,1,11875017.982818741
8955,fc16f_00030,225,32949.71723114893,random,1,11875017.982818741
8956,fc16f_00030,226,34461.60159660338,random,1,11875017.982818741
8957,fc16f_00030,227,36977.47080384793,random,1,11875017.982818741
8958,fc16f_00030,228,35108.17441272128,random,1,11875017.982818741
8959,fc16f_00030,229,35159.495693787045,random,1,11875017.982818741
8960,fc16f_00030,230,34695.93536712568,random,1,11875017.982818741
8961,fc16f_00030,231,42873.38574783541,random,1,11875017.982818741
8962,fc16f_00030,232,41048.58204246606,random,1,11875017.982818741
8963,fc16f_00030,233,40662.11031093325,random,1,11875017.982818741
8964,fc16f_00030,234,46307.97952406104,random,1,11875017.982818741
8965,fc16f_00030,235,45578.21639223524,random,1,11875017.982818741
8966,fc16f_00030,236,53304.94014674705,random,1,11875017.982818741
8967,fc16f_00030,237,43878.0679395572,random,1,11875017.982818741
8968,fc16f_00030,238,44662.6325571534,random,1,11875017.982818741
8969,fc16f_00030,239,49039.045664027864,random,1,11875017.982818741
8970,fc16f_00030,240,45984.54364523654,random,1,11875017.982818741
8971,fc16f_00030,241,45970.11149244051,random,1,11875017.982818741
8972,fc16f_00030,242,38936.06711200539,random,1,11875017.982818741
8973,fc16f_00030,243,39761.71754051177,random,1,11875017.982818741
8974,fc16f_00030,244,44646.653906646075,random,1,11875017.982818741
8975,fc16f_00030,245,49778.17862357704,random,1,11875017.982818741
8976,fc16f_00030,246,48621.93662974584,random,1,11875017.982818741
8977,fc16f_00030,247,45863.02722376898,random,1,11875017.982818741
8978,fc16f_00030,248,47006.03889967733,random,1,11875017.982818741
8979,fc16f_00030,249,55254.33345698297,random,1,11875017.982818741
8980,fc16f_00030,250,56047.62432354632,random,1,11875017.982818741
8981,fc16f_00030,251,53073.588398112486,random,1,11875017.982818741
8982,fc16f_00030,252,49732.21542903388,random,1,11875017.982818741
8983,fc16f_00030,253,49175.335089465174,random,1,11875017.982818741
8984,fc16f_00030,254,43349.187799785774,random,1,11875017.982818741
8985,fc16f_00030,255,46706.4535464664,random,1,11875017.982818741
8986,fc16f_00030,256,50482.81190462186,random,1,11875017.982818741
8987,fc16f_00030,257,50455.942610589125,random,1,11875017.982818741
8988,fc16f_00030,258,53461.3153904399,random,1,11875017.982818741
8989,fc16f_00030,259,43561.46138619645,random,1,11875017.982818741
8990,fc16f_00030,260,43417.3925187946,random,1,11875017.982818741
8991,fc16f_00030,261,43559.427212380266,random,1,11875017.982818741
8992,fc16f_00030,262,53485.19729408298,random,1,11875017.982818741
8993,fc16f_00030,263,51647.42599576991,random,1,11875017.982818741
8994,fc16f_00030,264,53908.080881064925,random,1,11875017.982818741
8995,fc16f_00030,265,52914.41526600904,random,1,11875017.982818741
8996,fc16f_00030,266,52502.949893711506,random,1,11875017.982818741
8997,fc16f_00030,267,58611.75166732192,random,1,11875017.982818741
8998,fc16f_00030,268,58748.82495221243,random,1,11875017.982818741
8999,fc16f_00030,269,61336.55186774968,random,1,11875017.982818741
9000,fc16f_00030,270,58172.58814046519,random,1,11875017.982818741
9001,fc16f_00030,271,58582.207965721216,random,1,11875017.982818741
9002,fc16f_00030,272,57743.314003393396,random,1,11875017.982818741
9003,fc16f_00030,273,59212.292762068755,random,1,11875017.982818741
9004,fc16f_00030,274,60172.343837014734,random,1,11875017.982818741
9005,fc16f_00030,275,65039.44739552643,random,1,11875017.982818741
9006,fc16f_00030,276,65003.69946517948,random,1,11875017.982818741
9007,fc16f_00030,277,63771.3059029327,random,1,11875017.982818741
9008,fc16f_00030,278,64212.764559826814,random,1,11875017.982818741
9009,fc16f_00030,279,64887.41314742744,random,1,11875017.982818741
9010,fc16f_00030,280,61799.76601506168,random,1,11875017.982818741
9011,fc16f_00030,281,69670.77931779208,random,1,11875017.982818741
9012,fc16f_00030,282,69761.62963896876,random,1,11875017.982818741
9013,fc16f_00030,283,66913.83533514875,random,1,11875017.982818741
9014,fc16f_00030,284,67096.84840201445,random,1,11875017.982818741
9015,fc16f_00030,285,66542.05119392503,random,1,11875017.982818741
9016,fc16f_00030,286,64459.151179233195,random,1,11875017.982818741
9017,fc16f_00030,287,63824.420335748124,random,1,11875017.982818741
9018,fc16f_00030,288,65137.92394775359,random,1,11875017.982818741
9019,fc16f_00030,289,51663.87916287217,random,1,11875017.982818741
9020,fc16f_00030,290,50779.798794391834,random,1,11875017.982818741
9021,fc16f_00031,0,7462.718005199594,random,2,23503475.92834478
9022,fc16f_00031,1,14781.285477583582,random,2,23503475.92834478
9023,fc16f_00031,2,13738.279922021871,random,2,23503475.92834478
9024,fc16f_00031,3,16860.996205339616,random,2,23503475.92834478
9025,fc16f_00031,4,15493.077867937858,random,2,23503475.92834478
9026,fc16f_00031,5,13148.844017805695,random,2,23503475.92834478
9027,fc16f_00031,6,33702.99002260771,random,2,23503475.92834478
9028,fc16f_00031,7,16250.213811888392,random,2,23503475.92834478
9029,fc16f_00031,8,15206.045811994367,random,2,23503475.92834478
9030,fc16f_00031,9,15503.321261581472,random,2,23503475.92834478
9031,fc16f_00031,10,15284.252497609157,random,2,23503475.92834478
9032,fc16f_00031,11,16600.509537866383,random,2,23503475.92834478
9033,fc16f_00031,12,17335.358188643208,random,2,23503475.92834478
9034,fc16f_00031,13,17006.53140015352,random,2,23503475.92834478
9035,fc16f_00031,14,17791.9113886586,random,2,23503475.92834478
9036,fc16f_00031,15,17755.537051064824,random,2,23503475.92834478
9037,fc16f_00031,16,16412.121272748034,random,2,23503475.92834478
9038,fc16f_00031,17,15542.331177715314,random,2,23503475.92834478
9039,fc16f_00031,18,16943.306590500997,random,2,23503475.92834478
9040,fc16f_00031,19,19219.84261529355,random,2,23503475.92834478
9041,fc16f_00031,20,17710.073347919806,random,2,23503475.92834478
9042,fc16f_00031,21,21129.89527208,random,2,23503475.92834478
9043,fc16f_00031,22,17304.714695837905,random,2,23503475.92834478
9044,fc16f_00031,23,17484.3899845754,random,2,23503475.92834478
9045,fc16f_00031,24,20946.1806747221,random,2,23503475.92834478
9046,fc16f_00031,25,24755.193556932034,random,2,23503475.92834478
9047,fc16f_00031,26,24337.632479473203,random,2,23503475.92834478
9048,fc16f_00031,27,24696.560755028557,random,2,23503475.92834478
9049,fc16f_00031,28,25252.665441411664,random,2,23503475.92834478
9050,fc16f_00031,29,25160.36579575446,random,2,23503475.92834478
9051,fc16f_00031,30,23198.698274009857,random,2,23503475.92834478
9052,fc16f_00031,31,26671.60389934756,random,2,23503475.92834478
9053,fc16f_00031,32,20956.718067259157,random,2,23503475.92834478
9054,fc16f_00031,33,21384.012686912807,random,2,23503475.92834478
9055,fc16f_00031,34,19890.831591780836,random,2,23503475.92834478
9056,fc16f_00031,35,19506.36794335195,random,2,23503475.92834478
9057,fc16f_00031,36,20094.400070458338,random,2,23503475.92834478
9058,fc16f_00031,37,20154.66305805902,random,2,23503475.92834478
9059,fc16f_00031,38,17802.894127664393,random,2,23503475.92834478
9060,fc16f_00031,39,20254.850800653723,random,2,23503475.92834478
9061,fc16f_00031,40,22714.686076551294,random,2,23503475.92834478
9062,fc16f_00031,41,21644.903803169826,random,2,23503475.92834478
9063,fc16f_00031,42,24150.765363799044,random,2,23503475.92834478
9064,fc16f_00031,43,23944.960247956427,random,2,23503475.92834478
9065,fc16f_00031,44,24089.9771534608,random,2,23503475.92834478
9066,fc16f_00031,45,21289.76037339611,random,2,23503475.92834478
9067,fc16f_00031,46,31123.338493659616,random,2,23503475.92834478
9068,fc16f_00031,47,32517.820249806577,random,2,23503475.92834478
9069,fc16f_00031,48,28506.013683308513,random,2,23503475.92834478
9070,fc16f_00031,49,27615.565066239775,random,2,23503475.92834478
9071,fc16f_00031,50,22948.913858003172,random,2,23503475.92834478
9072,fc16f_00031,51,22672.823628224418,random,2,23503475.92834478
9073,fc16f_00031,52,22864.826498609436,random,2,23503475.92834478
9074,fc16f_00031,53,20280.57298474624,random,2,23503475.92834478
9075,fc16f_00031,54,20213.65920344244,random,2,23503475.92834478
9076,fc16f_00031,55,24814.11598055233,random,2,23503475.92834478
9077,fc16f_00031,56,25147.888365247374,random,2,23503475.92834478
9078,fc16f_00031,57,22961.804381385333,random,2,23503475.92834478
9079,fc16f_00031,58,27366.32788234345,random,2,23503475.92834478
9080,fc16f_00031,59,31735.212598677073,random,2,23503475.92834478
9081,fc16f_00031,60,31805.394713741323,random,2,23503475.92834478
9082,fc16f_00031,61,31364.296475857827,random,2,23503475.92834478
9083,fc16f_00031,62,33512.145987222226,random,2,23503475.92834478
9084,fc16f_00031,63,30754.3109323885,random,2,23503475.92834478
9085,fc16f_00031,64,32638.653194955266,random,2,23503475.92834478
9086,fc16f_00031,65,32239.20730612231,random,2,23503475.92834478
9087,fc16f_00031,66,31054.138765115807,random,2,23503475.92834478
9088,fc16f_00031,67,30617.632669265393,random,2,23503475.92834478
9089,fc16f_00031,68,30776.552830432487,random,2,23503475.92834478
9090,fc16f_00031,69,34106.60136899911,random,2,23503475.92834478
9091,fc16f_00031,70,34164.27462300191,random,2,23503475.92834478
9092,fc16f_00031,71,33276.74150876429,random,2,23503475.92834478
9093,fc16f_00031,72,32753.937433565723,random,2,23503475.92834478
9094,fc16f_00031,73,37113.11448493849,random,2,23503475.92834478
9095,fc16f_00031,74,36272.47008343682,random,2,23503475.92834478
9096,fc16f_00031,75,36232.544540938194,random,2,23503475.92834478
9097,fc16f_00031,76,37023.827965653356,random,2,23503475.92834478
9098,fc16f_00031,77,33708.29986236633,random,2,23503475.92834478
9099,fc16f_00031,78,45489.93403660427,random,2,23503475.92834478
9100,fc16f_00031,79,49019.2062533886,random,2,23503475.92834478
9101,fc16f_00031,80,48602.95786400146,random,2,23503475.92834478
9102,fc16f_00031,81,49419.766100327826,random,2,23503475.92834478
9103,fc16f_00031,82,49465.714146750455,random,2,23503475.92834478
9104,fc16f_00031,83,49598.01801902601,random,2,23503475.92834478
9105,fc16f_00031,84,45394.89306385931,random,2,23503475.92834478
9106,fc16f_00031,85,35080.260716613506,random,2,23503475.92834478
9107,fc16f_00031,86,35073.43727148801,random,2,23503475.92834478
9108,fc16f_00031,87,32357.989912626585,random,2,23503475.92834478
9109,fc16f_00031,88,32611.699073624317,random,2,23503475.92834478
9110,fc16f_00031,89,32275.654984077566,random,2,23503475.92834478
9111,fc16f_00031,90,32556.257703228006,random,2,23503475.92834478
9112,fc16f_00031,91,36045.384272141644,random,2,23503475.92834478
9113,fc16f_00031,92,34149.1991220374,random,2,23503475.92834478
9114,fc16f_00031,93,33759.378210163355,random,2,23503475.92834478
9115,fc16f_00031,94,33190.25118397991,random,2,23503475.92834478
9116,fc16f_00031,95,32971.926973096706,random,2,23503475.92834478
9117,fc16f_00031,96,32813.70707083652,random,2,23503475.92834478
9118,fc16f_00031,97,33112.76513400717,random,2,23503475.92834478
9119,fc16f_00031,98,28660.934061044343,random,2,23503475.92834478
9120,fc16f_00031,99,28372.601890254533,random,2,23503475.92834478
9121,fc16f_00031,100,29080.16987711603,random,2,23503475.92834478
9122,fc16f_00031,101,29465.052737861974,random,2,23503475.92834478
9123,fc16f_00031,102,30526.132654637153,random,2,23503475.92834478
9124,fc16f_00031,103,33265.277059009706,random,2,23503475.92834478
9125,fc16f_00031,104,33300.158969581025,random,2,23503475.92834478
9126,fc16f_00031,105,31794.806801738912,random,2,23503475.92834478
9127,fc16f_00031,106,31885.982755165063,random,2,23503475.92834478
9128,fc16f_00031,107,31669.578286553977,random,2,23503475.92834478
9129,fc16f_00031,108,32492.404487450356,random,2,23503475.92834478
9130,fc16f_00031,109,29660.5475057163,random,2,23503475.92834478
9131,fc16f_00031,110,29954.024777832463,random,2,23503475.92834478
9132,fc16f_00031,111,30564.25386525447,random,2,23503475.92834478
9133,fc16f_00031,112,28214.083940360095,random,2,23503475.92834478
9134,fc16f_00031,113,28499.394996071034,random,2,23503475.92834478
9135,fc16f_00031,114,29118.29561919202,random,2,23503475.92834478
9136,fc16f_00031,115,29206.122106698807,random,2,23503475.92834478
9137,fc16f_00031,116,30386.495752571045,random,2,23503475.92834478
9138,fc16f_00031,117,30203.70483289943,random,2,23503475.92834478
9139,fc16f_00031,118,29861.323928798145,random,2,23503475.92834478
9140,fc16f_00031,119,29568.507088224524,random,2,23503475.92834478
9141,fc16f_00031,120,29628.541451738434,random,2,23503475.92834478
9142,fc16f_00031,121,29699.090085275973,random,2,23503475.92834478
9143,fc16f_00031,122,29694.808185854323,random,2,23503475.92834478
9144,fc16f_00031,123,29367.53521876062,random,2,23503475.92834478
9145,fc16f_00031,124,30588.488171605444,random,2,23503475.92834478
9146,fc16f_00031,125,30661.240434776788,random,2,23503475.92834478
9147,fc16f_00031,126,30646.15483781009,random,2,23503475.92834478
9148,fc16f_00031,127,33670.74050164106,random,2,23503475.92834478
9149,fc16f_00031,128,41728.66207492986,random,2,23503475.92834478
9150,fc16f_00031,129,42964.4273956859,random,2,23503475.92834478
9151,fc16f_00031,130,41676.00248977155,random,2,23503475.92834478
9152,fc16f_00031,131,41431.40179990835,random,2,23503475.92834478
9153,fc16f_00031,132,40795.857170957766,random,2,23503475.92834478
9154,fc16f_00031,133,41704.23134834212,random,2,23503475.92834478
9155,fc16f_00031,134,41659.30744572606,random,2,23503475.92834478
9156,fc16f_00031,135,38933.58761572318,random,2,23503475.92834478
9157,fc16f_00031,136,35718.648723537546,random,2,23503475.92834478
9158,fc16f_00031,137,35803.68411674458,random,2,23503475.92834478
9159,fc16f_00031,138,37079.33030936862,random,2,23503475.92834478
9160,fc16f_00031,139,37876.28670950822,random,2,23503475.92834478
9161,fc16f_00031,140,34559.35586791269,random,2,23503475.92834478
9162,fc16f_00031,141,34314.58425837781,random,2,23503475.92834478
9163,fc16f_00031,142,34355.51035110653,random,2,23503475.92834478
9164,fc16f_00031,143,35165.574195872534,random,2,23503475.92834478
9165,fc16f_00031,144,36196.00845378619,random,2,23503475.92834478
9166,fc16f_00031,145,34357.53577879338,random,2,23503475.92834478
9167,fc16f_00031,146,34246.585042727864,random,2,23503475.92834478
9168,fc16f_00031,147,34708.49507387908,random,2,23503475.92834478
9169,fc16f_00031,148,35192.08946496508,random,2,23503475.92834478
9170,fc16f_00031,149,35244.158024568664,random,2,23503475.92834478
9171,fc16f_00031,150,35528.884275598175,random,2,23503475.92834478
9172,fc16f_00031,151,36660.3625065421,random,2,23503475.92834478
9173,fc16f_00031,152,37153.10348426529,random,2,23503475.92834478
9174,fc16f_00031,153,42367.85311541138,random,2,23503475.92834478
9175,fc16f_00031,154,42385.885958710714,random,2,23503475.92834478
9176,fc16f_00031,155,46196.3194462214,random,2,23503475.92834478
9177,fc16f_00031,156,47201.83970763325,random,2,23503475.92834478
9178,fc16f_00031,157,51377.01589103825,random,2,23503475.92834478
9179,fc16f_00031,158,51743.72787396286,random,2,23503475.92834478
9180,fc16f_00031,159,54853.71648419266,random,2,23503475.92834478
9181,fc16f_00031,160,52396.98923335284,random,2,23503475.92834478
9182,fc16f_00031,161,55143.63243832092,random,2,23503475.92834478
9183,fc16f_00031,162,56658.69053565978,random,2,23503475.92834478
9184,fc16f_00031,163,57583.22154668502,random,2,23503475.92834478
9185,fc16f_00031,164,63701.35873935531,random,2,23503475.92834478
9186,fc16f_00031,165,66273.72551184056,random,2,23503475.92834478
9187,fc16f_00031,166,85274.53225697132,random,2,23503475.92834478
9188,fc16f_00031,167,88478.7497102556,random,2,23503475.92834478
9189,fc16f_00031,168,86721.58563084905,random,2,23503475.92834478
9190,fc16f_00031,169,86966.3207144187,random,2,23503475.92834478
9191,fc16f_00031,170,88247.72539433719,random,2,23503475.92834478
9192,fc16f_00031,171,88112.04164843074,random,2,23503475.92834478
9193,fc16f_00031,172,82446.89952870988,random,2,23503475.92834478
9194,fc16f_00031,173,82816.28524173216,random,2,23503475.92834478
9195,fc16f_00031,174,70845.49589825646,random,2,23503475.92834478
9196,fc16f_00031,175,72643.60751279222,random,2,23503475.92834478
9197,fc16f_00031,176,90464.28639702321,random,2,23503475.92834478
9198,fc16f_00031,177,120526.86328138935,random,2,23503475.92834478
9199,fc16f_00031,178,133868.32631476497,random,2,23503475.92834478
9200,fc16f_00031,179,107187.01308401,random,2,23503475.92834478
9201,fc16f_00031,180,112494.243018653,random,2,23503475.92834478
9202,fc16f_00031,181,126626.88676036734,random,2,23503475.92834478
9203,fc16f_00031,182,173885.1828337128,random,2,23503475.92834478
9204,fc16f_00031,183,173414.72916539348,random,2,23503475.92834478
9205,fc16f_00031,184,154838.84112126377,random,2,23503475.92834478
9206,fc16f_00031,185,172190.4751135126,random,2,23503475.92834478
9207,fc16f_00031,186,170432.59884001053,random,2,23503475.92834478
9208,fc16f_00031,187,169591.5724844387,random,2,23503475.92834478
9209,fc16f_00031,188,196770.73952537347,random,2,23503475.92834478
9210,fc16f_00031,189,233250.70334143247,random,2,23503475.92834478
9211,fc16f_00031,190,244779.20354206875,random,2,23503475.92834478
9212,fc16f_00031,191,237190.75580774923,random,2,23503475.92834478
9213,fc16f_00031,192,216820.97425062716,random,2,23503475.92834478
9214,fc16f_00031,193,193375.20939999336,random,2,23503475.92834478
9215,fc16f_00031,194,196551.21171657764,random,2,23503475.92834478
9216,fc16f_00031,195,193734.3103488736,random,2,23503475.92834478
9217,fc16f_00031,196,226016.70533874002,random,2,23503475.92834478
9218,fc16f_00031,197,214771.12328295992,random,2,23503475.92834478
9219,fc16f_00031,198,251461.00199435028,random,2,23503475.92834478
9220,fc16f_00031,199,249766.94735297863,random,2,23503475.92834478
9221,fc16f_00031,200,239571.85762464826,random,2,23503475.92834478
9222,fc16f_00031,201,241677.03643545226,random,2,23503475.92834478
9223,fc16f_00031,202,244048.65424887717,random,2,23503475.92834478
9224,fc16f_00031,203,248902.7140687139,random,2,23503475.92834478
9225,fc16f_00031,204,263790.3380784116,random,2,23503475.92834478
9226,fc16f_00031,205,259734.46876669518,random,2,23503475.92834478
9227,fc16f_00031,206,282406.07726273383,random,2,23503475.92834478
9228,fc16f_00031,207,254012.70466883786,random,2,23503475.92834478
9229,fc16f_00031,208,260859.68083791272,random,2,23503475.92834478
9230,fc16f_00031,209,260500.4509921416,random,2,23503475.92834478
9231,fc16f_00031,210,253649.39193642462,random,2,23503475.92834478
9232,fc16f_00031,211,253033.82732274002,random,2,23503475.92834478
9233,fc16f_00031,212,257767.29301197256,random,2,23503475.92834478
9234,fc16f_00031,213,256393.0494472481,random,2,23503475.92834478
9235,fc16f_00031,214,225321.53305730797,random,2,23503475.92834478
9236,fc16f_00031,215,244304.55716312394,random,2,23503475.92834478
9237,fc16f_00031,216,289166.188236106,random,2,23503475.92834478
9238,fc16f_00031,217,285905.6175467789,random,2,23503475.92834478
9239,fc16f_00031,218,304933.3330004463,random,2,23503475.92834478
9240,fc16f_00031,219,311147.0167884012,random,2,23503475.92834478
9241,fc16f_00031,220,328401.7058437112,random,2,23503475.92834478
9242,fc16f_00031,221,365844.46082826046,random,2,23503475.92834478
9243,fc16f_00031,222,340361.91163525166,random,2,23503475.92834478
9244,fc16f_00031,223,314201.5310501841,random,2,23503475.92834478
9245,fc16f_00031,224,315185.73968733934,random,2,23503475.92834478
9246,fc16f_00031,225,312944.857594085,random,2,23503475.92834478
9247,fc16f_00031,226,244035.37154052473,random,2,23503475.92834478
9248,fc16f_00031,227,241434.8897756882,random,2,23503475.92834478
9249,fc16f_00031,228,234569.15458586387,random,2,23503475.92834478
9250,fc16f_00031,229,130253.05122240701,random,2,23503475.92834478
9251,fc16f_00031,230,129431.11204644247,random,2,23503475.92834478
9252,fc16f_00031,231,127189.9883924489,random,2,23503475.92834478
9253,fc16f_00031,232,127840.4483840713,random,2,23503475.92834478
9254,fc16f_00031,233,124299.36967009903,random,2,23503475.92834478
9255,fc16f_00031,234,101270.75937940943,random,2,23503475.92834478
9256,fc16f_00031,235,106592.14174956303,random,2,23503475.92834478
9257,fc16f_00031,236,104914.19939342194,random,2,23503475.92834478
9258,fc16f_00031,237,104854.12327264817,random,2,23503475.92834478
9259,fc16f_00031,238,97466.47443724453,random,2,23503475.92834478
9260,fc16f_00031,239,91562.06711115967,random,2,23503475.92834478
9261,fc16f_00031,240,92841.98301677288,random,2,23503475.92834478
9262,fc16f_00031,241,101947.98306388623,random,2,23503475.92834478
9263,fc16f_00031,242,100616.514918473,random,2,23503475.92834478
9264,fc16f_00031,243,100654.42639372165,random,2,23503475.92834478
9265,fc16f_00031,244,100475.96232865358,random,2,23503475.92834478
9266,fc16f_00031,245,86803.57969195627,random,2,23503475.92834478
9267,fc16f_00031,246,77835.65690071537,random,2,23503475.92834478
9268,fc16f_00031,247,75910.85208616995,random,2,23503475.92834478
9269,fc16f_00031,248,74617.29795692439,random,2,23503475.92834478
9270,fc16f_00031,249,74628.58868341084,random,2,23503475.92834478
9271,fc16f_00031,250,70576.57893592895,random,2,23503475.92834478
9272,fc16f_00031,251,70595.24377681113,random,2,23503475.92834478
9273,fc16f_00031,252,70575.80630133623,random,2,23503475.92834478
9274,fc16f_00031,253,70992.08259804889,random,2,23503475.92834478
9275,fc16f_00031,254,100134.50261187002,random,2,23503475.92834478
9276,fc16f_00031,255,105840.87040883942,random,2,23503475.92834478
9277,fc16f_00031,256,99341.54488401207,random,2,23503475.92834478
9278,fc16f_00031,257,105621.64861796722,random,2,23503475.92834478
9279,fc16f_00031,258,90363.85727082397,random,2,23503475.92834478
9280,fc16f_00031,259,77493.81950032573,random,2,23503475.92834478
9281,fc16f_00031,260,76116.41443975671,random,2,23503475.92834478
9282,fc16f_00031,261,76004.75356527569,random,2,23503475.92834478
9283,fc16f_00031,262,79023.18932339191,random,2,23503475.92834478
9284,fc16f_00031,263,81932.16317396845,random,2,23503475.92834478
9285,fc16f_00031,264,77742.03343970295,random,2,23503475.92834478
9286,fc16f_00031,265,79549.0563174933,random,2,23503475.92834478
9287,fc16f_00031,266,75853.57539653388,random,2,23503475.92834478
9288,fc16f_00031,267,77418.23357056071,random,2,23503475.92834478
9289,fc16f_00031,268,75142.17201659546,random,2,23503475.92834478
9290,fc16f_00031,269,89343.12276969144,random,2,23503475.92834478
9291,fc16f_00031,270,79721.6687630707,random,2,23503475.92834478
9292,fc16f_00031,271,77456.54299883277,random,2,23503475.92834478
9293,fc16f_00031,272,82780.78021789654,random,2,23503475.92834478
9294,fc16f_00031,273,82884.82489298336,random,2,23503475.92834478
9295,fc16f_00031,274,81469.14824371654,random,2,23503475.92834478
9296,fc16f_00031,275,68032.63167219861,random,2,23503475.92834478
9297,fc16f_00031,276,66393.07651605346,random,2,23503475.92834478
9298,fc16f_00031,277,69270.81062005371,random,2,23503475.92834478
9299,fc16f_00031,278,68517.48120833538,random,2,23503475.92834478
9300,fc16f_00031,279,68608.82600668358,random,2,23503475.92834478
9301,fc16f_00031,280,69556.94983723309,random,2,23503475.92834478
9302,fc16f_00031,281,69782.90088438008,random,2,23503475.92834478
9303,fc16f_00031,282,66776.80776092444,random,2,23503475.92834478
9304,fc16f_00031,283,66024.28172219076,random,2,23503475.92834478
9305,fc16f_00031,284,65367.92047567517,random,2,23503475.92834478
9306,fc16f_00031,285,62203.18509990775,random,2,23503475.92834478
9307,fc16f_00031,286,64290.92246872345,random,2,23503475.92834478
9308,fc16f_00031,287,65514.39564217251,random,2,23503475.92834478
9309,fc16f_00031,288,63392.9195079669,random,2,23503475.92834478
9310,fc16f_00031,289,63761.01947068707,random,2,23503475.92834478
9311,fc16f_00031,290,65363.2233782234,random,2,23503475.92834478
9312,fc16f_00032,0,16949.55331308599,random,3,16487229.8392715
9313,fc16f_00032,1,17130.656716447076,random,3,16487229.8392715
9314,fc16f_00032,2,15418.749383053366,random,3,16487229.8392715
9315,fc16f_00032,3,8853.320498445943,random,3,16487229.8392715
9316,fc16f_00032,4,9784.843042705766,random,3,16487229.8392715
9317,fc16f_00032,5,9650.236033124793,random,3,16487229.8392715
9318,fc16f_00032,6,10696.45635695223,random,3,16487229.8392715
9319,fc16f_00032,7,9814.551683999322,random,3,16487229.8392715
9320,fc16f_00032,8,9715.162666372373,random,3,16487229.8392715
9321,fc16f_00032,9,9630.545137661888,random,3,16487229.8392715
9322,fc16f_00032,10,7329.123716708788,random,3,16487229.8392715
9323,fc16f_00032,11,7371.7896198168055,random,3,16487229.8392715
9324,fc16f_00032,12,8842.057358330474,random,3,16487229.8392715
9325,fc16f_00032,13,9310.063413363956,random,3,16487229.8392715
9326,fc16f_00032,14,10062.46038647124,random,3,16487229.8392715
9327,fc16f_00032,15,23433.1673902113,random,3,16487229.8392715
9328,fc16f_00032,16,25509.225095605172,random,3,16487229.8392715
9329,fc16f_00032,17,18078.602273352866,random,3,16487229.8392715
9330,fc16f_00032,18,16928.528027842447,random,3,16487229.8392715
9331,fc16f_00032,19,16932.1623629486,random,3,16487229.8392715
9332,fc16f_00032,20,13432.106168056756,random,3,16487229.8392715
9333,fc16f_00032,21,13191.892680319794,random,3,16487229.8392715
9334,fc16f_00032,22,12648.773874554943,random,3,16487229.8392715
9335,fc16f_00032,23,12452.257728357556,random,3,16487229.8392715
9336,fc16f_00032,24,12249.160150116932,random,3,16487229.8392715
9337,fc16f_00032,25,15333.526469607747,random,3,16487229.8392715
9338,fc16f_00032,26,15542.259039730663,random,3,16487229.8392715
9339,fc16f_00032,27,16049.958375621047,random,3,16487229.8392715
9340,fc16f_00032,28,20139.823200335606,random,3,16487229.8392715
9341,fc16f_00032,29,19040.462134086505,random,3,16487229.8392715
9342,fc16f_00032,30,19011.441087476047,random,3,16487229.8392715
9343,fc16f_00032,31,19047.98211208741,random,3,16487229.8392715
9344,fc16f_00032,32,14643.747634253856,random,3,16487229.8392715
9345,fc16f_00032,33,13893.60423547796,random,3,16487229.8392715
9346,fc16f_00032,34,28550.611633994115,random,3,16487229.8392715
9347,fc16f_00032,35,23932.72397969217,random,3,16487229.8392715
9348,fc16f_00032,36,23643.179707624367,random,3,16487229.8392715
9349,fc16f_00032,37,29800.860798283098,random,3,16487229.8392715
9350,fc16f_00032,38,27603.688162259514,random,3,16487229.8392715
9351,fc16f_00032,39,27882.489057336174,random,3,16487229.8392715
9352,fc16f_00032,40,27958.60102534875,random,3,16487229.8392715
9353,fc16f_00032,41,27712.031715748162,random,3,16487229.8392715
9354,fc16f_00032,42,28182.2354054313,random,3,16487229.8392715
9355,fc16f_00032,43,28875.15295250875,random,3,16487229.8392715
9356,fc16f_00032,44,27846.699044887395,random,3,16487229.8392715
9357,fc16f_00032,45,27869.92120012689,random,3,16487229.8392715
9358,fc16f_00032,46,28441.21472254928,random,3,16487229.8392715
9359,fc16f_00032,47,32039.077309911892,random,3,16487229.8392715
9360,fc16f_00032,48,31220.736015357095,random,3,16487229.8392715
9361,fc16f_00032,49,29754.07316272697,random,3,16487229.8392715
9362,fc16f_00032,50,29727.306097596564,random,3,16487229.8392715
9363,fc16f_00032,51,30055.336239498894,random,3,16487229.8392715
9364,fc16f_00032,52,31816.988622693156,random,3,16487229.8392715
9365,fc16f_00032,53,29903.929030550382,random,3,16487229.8392715
9366,fc16f_00032,54,29875.296515412625,random,3,16487229.8392715
9367,fc16f_00032,55,30216.74807075476,random,3,16487229.8392715
9368,fc16f_00032,56,26199.340398275654,random,3,16487229.8392715
9369,fc16f_00032,57,27093.47870183565,random,3,16487229.8392715
9370,fc16f_00032,58,26021.94216437989,random,3,16487229.8392715
9371,fc16f_00032,59,22163.619347837102,random,3,16487229.8392715
9372,fc16f_00032,60,20940.611977264238,random,3,16487229.8392715
9373,fc16f_00032,61,20525.28539071339,random,3,16487229.8392715
9374,fc16f_00032,62,26971.3961505628,random,3,16487229.8392715
9375,fc16f_00032,63,39311.04734824782,random,3,16487229.8392715
9376,fc16f_00032,64,25397.35161708838,random,3,16487229.8392715
9377,fc16f_00032,65,26446.762822967656,random,3,16487229.8392715
9378,fc16f_00032,66,25450.517540435056,random,3,16487229.8392715
9379,fc16f_00032,67,27217.53210487784,random,3,16487229.8392715
9380,fc16f_00032,68,21039.87611270182,random,3,16487229.8392715
9381,fc16f_00032,69,20098.14641829665,random,3,16487229.8392715
9382,fc16f_00032,70,20068.80358756193,random,3,16487229.8392715
9383,fc16f_00032,71,34975.0095177605,random,3,16487229.8392715
9384,fc16f_00032,72,35053.80139444067,random,3,16487229.8392715
9385,fc16f_00032,73,33771.32787484292,random,3,16487229.8392715
9386,fc16f_00032,74,38433.24385457573,random,3,16487229.8392715
9387,fc16f_00032,75,38129.06073611056,random,3,16487229.8392715
9388,fc16f_00032,76,40105.697669170746,random,3,16487229.8392715
9389,fc16f_00032,77,33032.62948236058,random,3,16487229.8392715
9390,fc16f_00032,78,33524.06342071342,random,3,16487229.8392715
9391,fc16f_00032,79,33411.968330720105,random,3,16487229.8392715
9392,fc16f_00032,80,32090.22209887726,random,3,16487229.8392715
9393,fc16f_00032,81,34009.331896348944,random,3,16487229.8392715
9394,fc16f_00032,82,30109.69396979772,random,3,16487229.8392715
9395,fc16f_00032,83,30148.70558304741,random,3,16487229.8392715
9396,fc16f_00032,84,32595.9718954873,random,3,16487229.8392715
9397,fc16f_00032,85,33115.45360030232,random,3,16487229.8392715
9398,fc16f_00032,86,27708.48261348912,random,3,16487229.8392715
9399,fc16f_00032,87,27946.096246947654,random,3,16487229.8392715
9400,fc16f_00032,88,31242.162581030207,random,3,16487229.8392715
9401,fc16f_00032,89,29622.617825839814,random,3,16487229.8392715
9402,fc16f_00032,90,29916.80769192185,random,3,16487229.8392715
9403,fc16f_00032,91,30755.12599628327,random,3,16487229.8392715
9404,fc16f_00032,92,31144.4641421155,random,3,16487229.8392715
9405,fc16f_00032,93,31022.53661103251,random,3,16487229.8392715
9406,fc16f_00032,94,34164.62954655708,random,3,16487229.8392715
9407,fc16f_00032,95,33065.54602163875,random,3,16487229.8392715
9408,fc16f_00032,96,36404.31519205842,random,3,16487229.8392715
9409,fc16f_00032,97,36831.286499541915,random,3,16487229.8392715
9410,fc16f_00032,98,31419.513231934,random,3,16487229.8392715
9411,fc16f_00032,99,32544.240333066926,random,3,16487229.8392715
9412,fc16f_00032,100,28746.51296556612,random,3,16487229.8392715
9413,fc16f_00032,101,33855.30409244307,random,3,16487229.8392715
9414,fc16f_00032,102,31093.396130330922,random,3,16487229.8392715
9415,fc16f_00032,103,31139.630358458562,random,3,16487229.8392715
9416,fc16f_00032,104,31616.814087334755,random,3,16487229.8392715
9417,fc16f_00032,105,32842.88202906154,random,3,16487229.8392715
9418,fc16f_00032,106,32002.464535443843,random,3,16487229.8392715
9419,fc16f_00032,107,34352.15828661728,random,3,16487229.8392715
9420,fc16f_00032,108,35717.949029635136,random,3,16487229.8392715
9421,fc16f_00032,109,34958.636133505934,random,3,16487229.8392715
9422,fc16f_00032,110,34741.10389703914,random,3,16487229.8392715
9423,fc16f_00032,111,34350.091425202525,random,3,16487229.8392715
9424,fc16f_00032,112,35357.9854864794,random,3,16487229.8392715
9425,fc16f_00032,113,36279.61846283696,random,3,16487229.8392715
9426,fc16f_00032,114,40231.75189624859,random,3,16487229.8392715
9427,fc16f_00032,115,37525.8240488804,random,3,16487229.8392715
9428,fc16f_00032,116,37867.1984113407,random,3,16487229.8392715
9429,fc16f_00032,117,34815.16583981211,random,3,16487229.8392715
9430,fc16f_00032,118,34728.20408331797,random,3,16487229.8392715
9431,fc16f_00032,119,37547.56131134577,random,3,16487229.8392715
9432,fc16f_00032,120,37559.224705206594,random,3,16487229.8392715
9433,fc16f_00032,121,38011.627854866456,random,3,16487229.8392715
9434,fc16f_00032,122,41338.89134119477,random,3,16487229.8392715
9435,fc16f_00032,123,36691.3042769885,random,3,16487229.8392715
9436,fc16f_00032,124,36419.16596305383,random,3,16487229.8392715
9437,fc16f_00032,125,38527.510603817514,random,3,16487229.8392715
9438,fc16f_00032,126,39113.429331831445,random,3,16487229.8392715
9439,fc16f_00032,127,40001.31150491347,random,3,16487229.8392715
9440,fc16f_00032,128,44507.631581855705,random,3,16487229.8392715
9441,fc16f_00032,129,45227.40883695631,random,3,16487229.8392715
9442,fc16f_00032,130,45561.37687611856,random,3,16487229.8392715
9443,fc16f_00032,131,45303.95052489043,random,3,16487229.8392715
9444,fc16f_00032,132,53082.160440961045,random,3,16487229.8392715
9445,fc16f_00032,133,53562.464975160474,random,3,16487229.8392715
9446,fc16f_00032,134,59237.979244611066,random,3,16487229.8392715
9447,fc16f_00032,135,58233.45189743496,random,3,16487229.8392715
9448,fc16f_00032,136,55724.63591061808,random,3,16487229.8392715
9449,fc16f_00032,137,58543.54536038437,random,3,16487229.8392715
9450,fc16f_00032,138,60980.27901415973,random,3,16487229.8392715
9451,fc16f_00032,139,60392.93454589466,random,3,16487229.8392715
9452,fc16f_00032,140,59945.89325758019,random,3,16487229.8392715
9453,fc16f_00032,141,54013.192754712516,random,3,16487229.8392715
9454,fc16f_00032,142,53785.550120318345,random,3,16487229.8392715
9455,fc16f_00032,143,53744.89585019023,random,3,16487229.8392715
9456,fc16f_00032,144,52977.13485060749,random,3,16487229.8392715
9457,fc16f_00032,145,52949.555371534174,random,3,16487229.8392715
9458,fc16f_00032,146,55187.86865633683,random,3,16487229.8392715
9459,fc16f_00032,147,57895.38661515434,random,3,16487229.8392715
9460,fc16f_00032,148,50598.87498730796,random,3,16487229.8392715
9461,fc16f_00032,149,51278.115816438294,random,3,16487229.8392715
9462,fc16f_00032,150,44571.77963218268,random,3,16487229.8392715
9463,fc16f_00032,151,42787.67336113626,random,3,16487229.8392715
9464,fc16f_00032,152,43615.34220731971,random,3,16487229.8392715
9465,fc16f_00032,153,41765.92186431034,random,3,16487229.8392715
9466,fc16f_00032,154,40011.73660065285,random,3,16487229.8392715
9467,fc16f_00032,155,40017.267892019976,random,3,16487229.8392715
9468,fc16f_00032,156,42343.482087450124,random,3,16487229.8392715
9469,fc16f_00032,157,43384.03418986136,random,3,16487229.8392715
9470,fc16f_00032,158,65314.140823158676,random,3,16487229.8392715
9471,fc16f_00032,159,67646.58272770268,random,3,16487229.8392715
9472,fc16f_00032,160,71145.95026099008,random,3,16487229.8392715
9473,fc16f_00032,161,70302.09703530605,random,3,16487229.8392715
9474,fc16f_00032,162,84165.4716480778,random,3,16487229.8392715
9475,fc16f_00032,163,85196.46462939061,random,3,16487229.8392715
9476,fc16f_00032,164,85339.0393743433,random,3,16487229.8392715
9477,fc16f_00032,165,82596.65824925217,random,3,16487229.8392715
9478,fc16f_00032,166,93025.43400946048,random,3,16487229.8392715
9479,fc16f_00032,167,89428.50425025662,random,3,16487229.8392715
9480,fc16f_00032,168,88028.59711699882,random,3,16487229.8392715
9481,fc16f_00032,169,76099.91794739425,random,3,16487229.8392715
9482,fc16f_00032,170,74107.79157997954,random,3,16487229.8392715
9483,fc16f_00032,171,67664.07564447491,random,3,16487229.8392715
9484,fc16f_00032,172,69704.87619447155,random,3,16487229.8392715
9485,fc16f_00032,173,58091.325648883125,random,3,16487229.8392715
9486,fc16f_00032,174,50636.27072304564,random,3,16487229.8392715
9487,fc16f_00032,175,50230.693501482245,random,3,16487229.8392715
9488,fc16f_00032,176,48748.16030044399,random,3,16487229.8392715
9489,fc16f_00032,177,48409.41893808305,random,3,16487229.8392715
9490,fc16f_00032,178,48734.43710043673,random,3,16487229.8392715
9491,fc16f_00032,179,50524.52225452533,random,3,16487229.8392715
9492,fc16f_00032,180,50257.78539183822,random,3,16487229.8392715
9493,fc16f_00032,181,49820.44835367304,random,3,16487229.8392715
9494,fc16f_00032,182,51756.15972341364,random,3,16487229.8392715
9495,fc16f_00032,183,51245.04315869031,random,3,16487229.8392715
9496,fc16f_00032,184,52467.79434305765,random,3,16487229.8392715
9497,fc16f_00032,185,53374.343458483025,random,3,16487229.8392715
9498,fc16f_00032,186,53503.66136746096,random,3,16487229.8392715
9499,fc16f_00032,187,59654.30276165903,random,3,16487229.8392715
9500,fc16f_00032,188,61737.557968883506,random,3,16487229.8392715
9501,fc16f_00032,189,50564.154168076486,random,3,16487229.8392715
9502,fc16f_00032,190,54843.29142734913,random,3,16487229.8392715
9503,fc16f_00032,191,57910.15291676627,random,3,16487229.8392715
9504,fc16f_00032,192,61280.58896324065,random,3,16487229.8392715
9505,fc16f_00032,193,56669.00598697736,random,3,16487229.8392715
9506,fc16f_00032,194,52293.54584748371,random,3,16487229.8392715
9507,fc16f_00032,195,53768.79378421318,random,3,16487229.8392715
9508,fc16f_00032,196,52728.030747851946,random,3,16487229.8392715
9509,fc16f_00032,197,52648.438551161744,random,3,16487229.8392715
9510,fc16f_00032,198,53687.4384110749,random,3,16487229.8392715
9511,fc16f_00032,199,61616.50073200496,random,3,16487229.8392715
9512,fc16f_00032,200,66129.9767779958,random,3,16487229.8392715
9513,fc16f_00032,201,62898.06483288944,random,3,16487229.8392715
9514,fc16f_00032,202,62788.58518876475,random,3,16487229.8392715
9515,fc16f_00032,203,61790.11189414006,random,3,16487229.8392715
9516,fc16f_00032,204,51672.24008464709,random,3,16487229.8392715
9517,fc16f_00032,205,68863.8659525207,random,3,16487229.8392715
9518,fc16f_00032,206,69041.25846578855,random,3,16487229.8392715
9519,fc16f_00032,207,72433.8278448383,random,3,16487229.8392715
9520,fc16f_00032,208,74569.7999510945,random,3,16487229.8392715
9521,fc16f_00032,209,78777.8118632697,random,3,16487229.8392715
9522,fc16f_00032,210,77554.83755656531,random,3,16487229.8392715
9523,fc16f_00032,211,72850.7756686668,random,3,16487229.8392715
9524,fc16f_00032,212,72187.2262507556,random,3,16487229.8392715
9525,fc16f_00032,213,76789.57522290613,random,3,16487229.8392715
9526,fc16f_00032,214,77294.41145904102,random,3,16487229.8392715
9527,fc16f_00032,215,67253.04395747026,random,3,16487229.8392715
9528,fc16f_00032,216,67160.39226418227,random,3,16487229.8392715
9529,fc16f_00032,217,72022.07137518046,random,3,16487229.8392715
9530,fc16f_00032,218,109779.25798583394,random,3,16487229.8392715
9531,fc16f_00032,219,109340.30066149936,random,3,16487229.8392715
9532,fc16f_00032,220,109568.66547530345,random,3,16487229.8392715
9533,fc16f_00032,221,98809.46858889381,random,3,16487229.8392715
9534,fc16f_00032,222,99457.23176972673,random,3,16487229.8392715
9535,fc16f_00032,223,115178.19264677426,random,3,16487229.8392715
9536,fc16f_00032,224,114141.63544187175,random,3,16487229.8392715
9537,fc16f_00032,225,113432.53867965192,random,3,16487229.8392715
9538,fc16f_00032,226,104926.99209405144,random,3,16487229.8392715
9539,fc16f_00032,227,104327.70986437929,random,3,16487229.8392715
9540,fc16f_00032,228,108597.31752226353,random,3,16487229.8392715
9541,fc16f_00032,229,108599.22815301329,random,3,16487229.8392715
9542,fc16f_00032,230,108138.50779221288,random,3,16487229.8392715
9543,fc16f_00032,231,108104.98597902307,random,3,16487229.8392715
9544,fc16f_00032,232,108713.05175826246,random,3,16487229.8392715
9545,fc16f_00032,233,114954.60305524923,random,3,16487229.8392715
9546,fc16f_00032,234,112744.10327538555,random,3,16487229.8392715
9547,fc16f_00032,235,133178.92280945266,random,3,16487229.8392715
9548,fc16f_00032,236,133860.15788531682,random,3,16487229.8392715
9549,fc16f_00032,237,130587.58444853884,random,3,16487229.8392715
9550,fc16f_00032,238,126509.45857905895,random,3,16487229.8392715
9551,fc16f_00032,239,123899.79383477836,random,3,16487229.8392715
9552,fc16f_00032,240,121793.12937576087,random,3,16487229.8392715
9553,fc16f_00032,241,126027.2443069982,random,3,16487229.8392715
9554,fc16f_00032,242,141388.86292468806,random,3,16487229.8392715
9555,fc16f_00032,243,147323.45788284048,random,3,16487229.8392715
9556,fc16f_00032,244,146089.5695465727,random,3,16487229.8392715
9557,fc16f_00032,245,146498.3909889742,random,3,16487229.8392715
9558,fc16f_00032,246,144827.42522521422,random,3,16487229.8392715
9559,fc16f_00032,247,140721.5439940106,random,3,16487229.8392715
9560,fc16f_00032,248,110000.00981254935,random,3,16487229.8392715
9561,fc16f_00032,249,105641.89423312491,random,3,16487229.8392715
9562,fc16f_00032,250,120380.80055121526,random,3,16487229.8392715
9563,fc16f_00032,251,121925.26027822892,random,3,16487229.8392715
9564,fc16f_00032,252,122689.67843497117,random,3,16487229.8392715
9565,fc16f_00032,253,140522.44220672804,random,3,16487229.8392715
9566,fc16f_00032,254,141318.90155560506,random,3,16487229.8392715
9567,fc16f_00032,255,121061.98058700626,random,3,16487229.8392715
9568,fc16f_00032,256,121109.76702235751,random,3,16487229.8392715
9569,fc16f_00032,257,91307.38497041631,random,3,16487229.8392715
9570,fc16f_00032,258,91341.73027750429,random,3,16487229.8392715
9571,fc16f_00032,259,91769.1663319432,random,3,16487229.8392715
9572,fc16f_00032,260,95737.23558826893,random,3,16487229.8392715
9573,fc16f_00032,261,93650.70918656867,random,3,16487229.8392715
9574,fc16f_00032,262,93363.57858867812,random,3,16487229.8392715
9575,fc16f_00032,263,93937.58756898376,random,3,16487229.8392715
9576,fc16f_00032,264,93439.63160828223,random,3,16487229.8392715
9577,fc16f_00032,265,85124.28331929255,random,3,16487229.8392715
9578,fc16f_00032,266,86816.24225735766,random,3,16487229.8392715
9579,fc16f_00032,267,84253.14868334419,random,3,16487229.8392715
9580,fc16f_00032,268,89372.13389892445,random,3,16487229.8392715
9581,fc16f_00032,269,88824.9314332111,random,3,16487229.8392715
9582,fc16f_00032,270,85565.24470026793,random,3,16487229.8392715
9583,fc16f_00032,271,87523.4980741567,random,3,16487229.8392715
9584,fc16f_00032,272,90233.71036207514,random,3,16487229.8392715
9585,fc16f_00032,273,91116.25597135854,random,3,16487229.8392715
9586,fc16f_00032,274,87735.45302639755,random,3,16487229.8392715
9587,fc16f_00032,275,86839.94465329447,random,3,16487229.8392715
9588,fc16f_00032,276,86880.82319334704,random,3,16487229.8392715
9589,fc16f_00032,277,87375.27408287507,random,3,16487229.8392715
9590,fc16f_00032,278,87154.19886396169,random,3,16487229.8392715
9591,fc16f_00032,279,87955.78291109063,random,3,16487229.8392715
9592,fc16f_00032,280,88421.6543651716,random,3,16487229.8392715
9593,fc16f_00032,281,86542.72867597142,random,3,16487229.8392715
9594,fc16f_00032,282,90250.36703111266,random,3,16487229.8392715
9595,fc16f_00032,283,87791.74134415733,random,3,16487229.8392715
9596,fc16f_00032,284,88366.6090336977,random,3,16487229.8392715
9597,fc16f_00032,285,87301.93446083568,random,3,16487229.8392715
9598,fc16f_00032,286,83142.4864601884,random,3,16487229.8392715
9599,fc16f_00032,287,81924.7540700656,random,3,16487229.8392715
9600,fc16f_00032,288,81890.96023283736,random,3,16487229.8392715
9601,fc16f_00032,289,77566.65405997231,random,3,16487229.8392715
9602,fc16f_00032,290,78080.50797588915,random,3,16487229.8392715
9603,fc16f_00033,0,12661.617035255267,random,4,18371914.347130105
9604,fc16f_00033,1,7949.363485234895,random,4,18371914.347130105
9605,fc16f_00033,2,7823.427229574257,random,4,18371914.347130105
9606,fc16f_00033,3,8339.777711151346,random,4,18371914.347130105
9607,fc16f_00033,4,12366.408195000164,random,4,18371914.347130105
9608,fc16f_00033,5,10044.804402353975,random,4,18371914.347130105
9609,fc16f_00033,6,10089.637173385136,random,4,18371914.347130105
9610,fc16f_00033,7,10095.419300852556,random,4,18371914.347130105
9611,fc16f_00033,8,14070.343715391919,random,4,18371914.347130105
9612,fc16f_00033,9,10380.059836374776,random,4,18371914.347130105
9613,fc16f_00033,10,10522.670983817354,random,4,18371914.347130105
9614,fc16f_00033,11,18020.82633601337,random,4,18371914.347130105
9615,fc16f_00033,12,18929.617497143983,random,4,18371914.347130105
9616,fc16f_00033,13,12550.20590864577,random,4,18371914.347130105
9617,fc16f_00033,14,11177.237996175369,random,4,18371914.347130105
9618,fc16f_00033,15,12958.332086379714,random,4,18371914.347130105
9619,fc16f_00033,16,18715.156352949805,random,4,18371914.347130105
9620,fc16f_00033,17,19941.611728589207,random,4,18371914.347130105
9621,fc16f_00033,18,18875.017706860406,random,4,18371914.347130105
9622,fc16f_00033,19,19426.549336298125,random,4,18371914.347130105
9623,fc16f_00033,20,15197.725572301417,random,4,18371914.347130105
9624,fc16f_00033,21,14749.641114032935,random,4,18371914.347130105
9625,fc16f_00033,22,14726.168281798482,random,4,18371914.347130105
9626,fc16f_00033,23,13642.519853857742,random,4,18371914.347130105
9627,fc16f_00033,24,13875.821568073148,random,4,18371914.347130105
9628,fc16f_00033,25,18605.604031392988,random,4,18371914.347130105
9629,fc16f_00033,26,19072.80313148463,random,4,18371914.347130105
9630,fc16f_00033,27,19959.163019392163,random,4,18371914.347130105
9631,fc16f_00033,28,21070.394867290044,random,4,18371914.347130105
9632,fc16f_00033,29,24345.76008114477,random,4,18371914.347130105
9633,fc16f_00033,30,27620.564623022547,random,4,18371914.347130105
9634,fc16f_00033,31,28037.719920726457,random,4,18371914.347130105
9635,fc16f_00033,32,31912.167971109826,random,4,18371914.347130105
9636,fc16f_00033,33,36213.242670192194,random,4,18371914.347130105
9637,fc16f_00033,34,33803.22207360933,random,4,18371914.347130105
9638,fc16f_00033,35,34413.03856537934,random,4,18371914.347130105
9639,fc16f_00033,36,32148.036041479758,random,4,18371914.347130105
9640,fc16f_00033,37,32479.47765368321,random,4,18371914.347130105
9641,fc16f_00033,38,32620.74205581298,random,4,18371914.347130105
9642,fc16f_00033,39,38241.516167223424,random,4,18371914.347130105
9643,fc16f_00033,40,44891.915976576085,random,4,18371914.347130105
9644,fc16f_00033,41,46358.144222999064,random,4,18371914.347130105
9645,fc16f_00033,42,40608.25244366722,random,4,18371914.347130105
9646,fc16f_00033,43,32139.62038372159,random,4,18371914.347130105
9647,fc16f_00033,44,29566.018063509582,random,4,18371914.347130105
9648,fc16f_00033,45,29631.06227344012,random,4,18371914.347130105
9649,fc16f_00033,46,30073.736120854075,random,4,18371914.347130105
9650,fc16f_00033,47,29576.842369675564,random,4,18371914.347130105
9651,fc16f_00033,48,29461.174719076775,random,4,18371914.347130105
9652,fc16f_00033,49,29471.536017162936,random,4,18371914.347130105
9653,fc16f_00033,50,29783.841967372326,random,4,18371914.347130105
9654,fc16f_00033,51,32226.153705523495,random,4,18371914.347130105
9655,fc16f_00033,52,35989.826716886164,random,4,18371914.347130105
9656,fc16f_00033,53,36601.078068974435,random,4,18371914.347130105
9657,fc16f_00033,54,36593.81630349351,random,4,18371914.347130105
9658,fc16f_00033,55,31401.45608509146,random,4,18371914.347130105
9659,fc16f_00033,56,31758.818361216356,random,4,18371914.347130105
9660,fc16f_00033,57,40191.27558036162,random,4,18371914.347130105
9661,fc16f_00033,58,35793.94031621636,random,4,18371914.347130105
9662,fc16f_00033,59,39696.99224443392,random,4,18371914.347130105
9663,fc16f_00033,60,41437.988167474614,random,4,18371914.347130105
9664,fc16f_00033,61,46027.61674539297,random,4,18371914.347130105
9665,fc16f_00033,62,39799.503354352295,random,4,18371914.347130105
9666,fc16f_00033,63,30270.835253572877,random,4,18371914.347130105
9667,fc16f_00033,64,30123.98761469465,random,4,18371914.347130105
9668,fc16f_00033,65,30107.990869118516,random,4,18371914.347130105
9669,fc16f_00033,66,26308.35846730395,random,4,18371914.347130105
9670,fc16f_00033,67,25603.715969624598,random,4,18371914.347130105
9671,fc16f_00033,68,25544.342230269118,random,4,18371914.347130105
9672,fc16f_00033,69,25548.584943320955,random,4,18371914.347130105
9673,fc16f_00033,70,25694.8071765356,random,4,18371914.347130105
9674,fc16f_00033,71,25654.623159349085,random,4,18371914.347130105
9675,fc16f_00033,72,26170.955488074254,random,4,18371914.347130105
9676,fc16f_00033,73,27056.577477762265,random,4,18371914.347130105
9677,fc16f_00033,74,25689.760501600114,random,4,18371914.347130105
9678,fc16f_00033,75,25610.74113857947,random,4,18371914.347130105
9679,fc16f_00033,76,24087.470416222586,random,4,18371914.347130105
9680,fc16f_00033,77,22786.658691540528,random,4,18371914.347130105
9681,fc16f_00033,78,21547.28919961099,random,4,18371914.347130105
9682,fc16f_00033,79,21675.161851455214,random,4,18371914.347130105
9683,fc16f_00033,80,20787.532071232035,random,4,18371914.347130105
9684,fc16f_00033,81,24806.561237270224,random,4,18371914.347130105
9685,fc16f_00033,82,24817.892785593107,random,4,18371914.347130105
9686,fc16f_00033,83,23225.384175512063,random,4,18371914.347130105
9687,fc16f_00033,84,25965.239645079433,random,4,18371914.347130105
9688,fc16f_00033,85,27270.21731355889,random,4,18371914.347130105
9689,fc16f_00033,86,27650.358254639832,random,4,18371914.347130105
9690,fc16f_00033,87,27681.753145328534,random,4,18371914.347130105
9691,fc16f_00033,88,25054.69203292678,random,4,18371914.347130105
9692,fc16f_00033,89,29304.51759098051,random,4,18371914.347130105
9693,fc16f_00033,90,27374.776181323497,random,4,18371914.347130105
9694,fc16f_00033,91,25077.072566868388,random,4,18371914.347130105
9695,fc16f_00033,92,25092.92888294006,random,4,18371914.347130105
9696,fc16f_00033,93,25636.48333205432,random,4,18371914.347130105
9697,fc16f_00033,94,26680.543737321055,random,4,18371914.347130105
9698,fc16f_00033,95,27907.04814731321,random,4,18371914.347130105
9699,fc16f_00033,96,27676.511166033535,random,4,18371914.347130105
9700,fc16f_00033,97,26126.369696340138,random,4,18371914.347130105
9701,fc16f_00033,98,22808.39982930328,random,4,18371914.347130105
9702,fc16f_00033,99,25229.788233987692,random,4,18371914.347130105
9703,fc16f_00033,100,25267.472012253445,random,4,18371914.347130105
9704,fc16f_00033,101,27019.647511672913,random,4,18371914.347130105
9705,fc16f_00033,102,31385.715685018185,random,4,18371914.347130105
9706,fc16f_00033,103,31731.907300105737,random,4,18371914.347130105
9707,fc16f_00033,104,31151.298498324315,random,4,18371914.347130105
9708,fc16f_00033,105,31143.580900680878,random,4,18371914.347130105
9709,fc16f_00033,106,35703.34457770494,random,4,18371914.347130105
9710,fc16f_00033,107,36137.040057727856,random,4,18371914.347130105
9711,fc16f_00033,108,39954.63254945325,random,4,18371914.347130105
9712,fc16f_00033,109,41388.69375328179,random,4,18371914.347130105
9713,fc16f_00033,110,46104.06100270388,random,4,18371914.347130105
9714,fc16f_00033,111,44939.66566004773,random,4,18371914.347130105
9715,fc16f_00033,112,47041.39579128377,random,4,18371914.347130105
9716,fc16f_00033,113,48013.906309287464,random,4,18371914.347130105
9717,fc16f_00033,114,49445.401611828405,random,4,18371914.347130105
9718,fc16f_00033,115,48422.41843019166,random,4,18371914.347130105
9719,fc16f_00033,116,48887.117038978824,random,4,18371914.347130105
9720,fc16f_00033,117,51844.94953450686,random,4,18371914.347130105
9721,fc16f_00033,118,52027.99802337646,random,4,18371914.347130105
9722,fc16f_00033,119,50074.28600445459,random,4,18371914.347130105
9723,fc16f_00033,120,52149.60328201643,random,4,18371914.347130105
9724,fc16f_00033,121,51974.55312958597,random,4,18371914.347130105
9725,fc16f_00033,122,68491.66757899775,random,4,18371914.347130105
9726,fc16f_00033,123,71924.11389749359,random,4,18371914.347130105
9727,fc16f_00033,124,70721.92423340016,random,4,18371914.347130105
9728,fc16f_00033,125,70046.29854141691,random,4,18371914.347130105
9729,fc16f_00033,126,72610.46310945785,random,4,18371914.347130105
9730,fc16f_00033,127,71683.08208171421,random,4,18371914.347130105
9731,fc16f_00033,128,81571.6712672444,random,4,18371914.347130105
9732,fc16f_00033,129,80730.66854787071,random,4,18371914.347130105
9733,fc16f_00033,130,80468.36487731282,random,4,18371914.347130105
9734,fc16f_00033,131,82316.91863870337,random,4,18371914.347130105
9735,fc16f_00033,132,91338.97732234893,random,4,18371914.347130105
9736,fc16f_00033,133,100285.61108652303,random,4,18371914.347130105
9737,fc16f_00033,134,99575.25524512911,random,4,18371914.347130105
9738,fc16f_00033,135,89658.39228036246,random,4,18371914.347130105
9739,fc16f_00033,136,87560.01986704074,random,4,18371914.347130105
9740,fc16f_00033,137,88117.01239016034,random,4,18371914.347130105
9741,fc16f_00033,138,88174.2160300566,random,4,18371914.347130105
9742,fc16f_00033,139,92027.77372539623,random,4,18371914.347130105
9743,fc16f_00033,140,84356.45142450203,random,4,18371914.347130105
9744,fc16f_00033,141,80850.40023436642,random,4,18371914.347130105
9745,fc16f_00033,142,81670.72639218657,random,4,18371914.347130105
9746,fc16f_00033,143,82270.6783606188,random,4,18371914.347130105
9747,fc16f_00033,144,88374.52154568436,random,4,18371914.347130105
9748,fc16f_00033,145,85931.91815827206,random,4,18371914.347130105
9749,fc16f_00033,146,84981.98279462846,random,4,18371914.347130105
9750,fc16f_00033,147,91340.62840773378,random,4,18371914.347130105
9751,fc16f_00033,148,91451.64846193047,random,4,18371914.347130105
9752,fc16f_00033,149,89439.93306937623,random,4,18371914.347130105
9753,fc16f_00033,150,91766.74658314085,random,4,18371914.347130105
9754,fc16f_00033,151,91572.18377385962,random,4,18371914.347130105
9755,fc16f_00033,152,104061.43933072212,random,4,18371914.347130105
9756,fc16f_00033,153,120701.19339429168,random,4,18371914.347130105
9757,fc16f_00033,154,119413.85240023359,random,4,18371914.347130105
9758,fc16f_00033,155,139339.17679344665,random,4,18371914.347130105
9759,fc16f_00033,156,149456.24541077166,random,4,18371914.347130105
9760,fc16f_00033,157,146878.07842282296,random,4,18371914.347130105
9761,fc16f_00033,158,120466.8871905683,random,4,18371914.347130105
9762,fc16f_00033,159,127417.02408960444,random,4,18371914.347130105
9763,fc16f_00033,160,129838.92728476005,random,4,18371914.347130105
9764,fc16f_00033,161,134410.13153854062,random,4,18371914.347130105
9765,fc16f_00033,162,134604.9540894701,random,4,18371914.347130105
9766,fc16f_00033,163,133977.10231725514,random,4,18371914.347130105
9767,fc16f_00033,164,133704.02511010182,random,4,18371914.347130105
9768,fc16f_00033,165,131235.77100154388,random,4,18371914.347130105
9769,fc16f_00033,166,129856.46251731331,random,4,18371914.347130105
9770,fc16f_00033,167,136104.30954212474,random,4,18371914.347130105
9771,fc16f_00033,168,135867.4563815821,random,4,18371914.347130105
9772,fc16f_00033,169,132451.21001280064,random,4,18371914.347130105
9773,fc16f_00033,170,134563.85805707972,random,4,18371914.347130105
9774,fc16f_00033,171,130187.10311032178,random,4,18371914.347130105
9775,fc16f_00033,172,138892.81260723,random,4,18371914.347130105
9776,fc16f_00033,173,137722.2214571562,random,4,18371914.347130105
9777,fc16f_00033,174,137662.8661160298,random,4,18371914.347130105
9778,fc16f_00033,175,127229.9115246277,random,4,18371914.347130105
9779,fc16f_00033,176,128443.92421203351,random,4,18371914.347130105
9780,fc16f_00033,177,128317.13995197143,random,4,18371914.347130105
9781,fc16f_00033,178,137431.21970006492,random,4,18371914.347130105
9782,fc16f_00033,179,141345.02312473566,random,4,18371914.347130105
9783,fc16f_00033,180,141288.48313326365,random,4,18371914.347130105
9784,fc16f_00033,181,139647.74875318428,random,4,18371914.347130105
9785,fc16f_00033,182,138247.45881321497,random,4,18371914.347130105
9786,fc16f_00033,183,139406.44959226728,random,4,18371914.347130105
9787,fc16f_00033,184,136836.86493594781,random,4,18371914.347130105
9788,fc16f_00033,185,134406.39933275935,random,4,18371914.347130105
9789,fc16f_00033,186,121901.06822342856,random,4,18371914.347130105
9790,fc16f_00033,187,120507.21881814042,random,4,18371914.347130105
9791,fc16f_00033,188,118710.85065979896,random,4,18371914.347130105
9792,fc16f_00033,189,108746.1964054127,random,4,18371914.347130105
9793,fc16f_00033,190,114001.75473322757,random,4,18371914.347130105
9794,fc16f_00033,191,130279.60048588268,random,4,18371914.347130105
9795,fc16f_00033,192,136333.75591646324,random,4,18371914.347130105
9796,fc16f_00033,193,134471.2529613291,random,4,18371914.347130105
9797,fc16f_00033,194,133406.74565993465,random,4,18371914.347130105
9798,fc16f_00033,195,133906.43493390214,random,4,18371914.347130105
9799,fc16f_00033,196,129785.47795832192,random,4,18371914.347130105
9800,fc16f_00033,197,128815.16335436385,random,4,18371914.347130105
9801,fc16f_00033,198,124347.82278007509,random,4,18371914.347130105
9802,fc16f_00033,199,114188.32679607719,random,4,18371914.347130105
9803,fc16f_00033,200,93516.50963560591,random,4,18371914.347130105
9804,fc16f_00033,201,73123.65593071863,random,4,18371914.347130105
9805,fc16f_00033,202,76220.53414688194,random,4,18371914.347130105
9806,fc16f_00033,203,81660.03547386892,random,4,18371914.347130105
9807,fc16f_00033,204,81983.29631156026,random,4,18371914.347130105
9808,fc16f_00033,205,81054.13541520375,random,4,18371914.347130105
9809,fc16f_00033,206,82747.96052080875,random,4,18371914.347130105
9810,fc16f_00033,207,87182.79914857795,random,4,18371914.347130105
9811,fc16f_00033,208,81168.34340408922,random,4,18371914.347130105
9812,fc16f_00033,209,84061.09588571786,random,4,18371914.347130105
9813,fc16f_00033,210,84193.899911651,random,4,18371914.347130105
9814,fc16f_00033,211,93134.02476563284,random,4,18371914.347130105
9815,fc16f_00033,212,93462.70147096911,random,4,18371914.347130105
9816,fc16f_00033,213,82241.59364331326,random,4,18371914.347130105
9817,fc16f_00033,214,86163.19336595191,random,4,18371914.347130105
9818,fc16f_00033,215,76360.73840843575,random,4,18371914.347130105
9819,fc16f_00033,216,76405.53512505039,random,4,18371914.347130105
9820,fc16f_00033,217,80990.85583591738,random,4,18371914.347130105
9821,fc16f_00033,218,77383.09723208866,random,4,18371914.347130105
9822,fc16f_00033,219,70609.2690616631,random,4,18371914.347130105
9823,fc16f_00033,220,68238.72874479975,random,4,18371914.347130105
9824,fc16f_00033,221,71658.34196194379,random,4,18371914.347130105
9825,fc16f_00033,222,86261.51435616247,random,4,18371914.347130105
9826,fc16f_00033,223,86380.55224048172,random,4,18371914.347130105
9827,fc16f_00033,224,89098.37517351253,random,4,18371914.347130105
9828,fc16f_00033,225,78686.23270605694,random,4,18371914.347130105
9829,fc16f_00033,226,81056.69491018506,random,4,18371914.347130105
9830,fc16f_00033,227,80773.09921928609,random,4,18371914.347130105
9831,fc16f_00033,228,76340.32980410145,random,4,18371914.347130105
9832,fc16f_00033,229,75821.09255927127,random,4,18371914.347130105
9833,fc16f_00033,230,77510.49401066334,random,4,18371914.347130105
9834,fc16f_00033,231,79809.73438037092,random,4,18371914.347130105
9835,fc16f_00033,232,81125.81596689158,random,4,18371914.347130105
9836,fc16f_00033,233,81424.04092010617,random,4,18371914.347130105
9837,fc16f_00033,234,88067.58011523233,random,4,18371914.347130105
9838,fc16f_00033,235,85663.3717114585,random,4,18371914.347130105
9839,fc16f_00033,236,84530.02138751905,random,4,18371914.347130105
9840,fc16f_00033,237,75325.58850594815,random,4,18371914.347130105
9841,fc16f_00033,238,74438.13524999816,random,4,18371914.347130105
9842,fc16f_00033,239,75035.68247422567,random,4,18371914.347130105
9843,fc16f_00033,240,76052.61204480058,random,4,18371914.347130105
9844,fc16f_00033,241,75048.92424344084,random,4,18371914.347130105
9845,fc16f_00033,242,71864.65569244092,random,4,18371914.347130105
9846,fc16f_00033,243,72261.53698708909,random,4,18371914.347130105
9847,fc16f_00033,244,66255.14837114073,random,4,18371914.347130105
9848,fc16f_00033,245,65964.54062283927,random,4,18371914.347130105
9849,fc16f_00033,246,63702.36228878946,random,4,18371914.347130105
9850,fc16f_00033,247,61352.319666853866,random,4,18371914.347130105
9851,fc16f_00033,248,54564.62764278234,random,4,18371914.347130105
9852,fc16f_00033,249,53077.419008710094,random,4,18371914.347130105
9853,fc16f_00033,250,52827.892284237336,random,4,18371914.347130105
9854,fc16f_00033,251,52077.99190244724,random,4,18371914.347130105
9855,fc16f_00033,252,51035.14810769778,random,4,18371914.347130105
9856,fc16f_00033,253,51013.30172089887,random,4,18371914.347130105
9857,fc16f_00033,254,51928.49601513032,random,4,18371914.347130105
9858,fc16f_00033,255,63289.6912072765,random,4,18371914.347130105
9859,fc16f_00033,256,63133.3474190412,random,4,18371914.347130105
9860,fc16f_00033,257,62275.11689640572,random,4,18371914.347130105
9861,fc16f_00033,258,62402.087156586545,random,4,18371914.347130105
9862,fc16f_00033,259,63166.312515893784,random,4,18371914.347130105
9863,fc16f_00033,260,64997.9231079113,random,4,18371914.347130105
9864,fc16f_00033,261,63143.72881664216,random,4,18371914.347130105
9865,fc16f_00033,262,59618.39690031783,random,4,18371914.347130105
9866,fc16f_00033,263,58119.00649571318,random,4,18371914.347130105
9867,fc16f_00033,264,59922.13162115276,random,4,18371914.347130105
9868,fc16f_00033,265,61292.79501715941,random,4,18371914.347130105
9869,fc16f_00033,266,61298.42140789416,random,4,18371914.347130105
9870,fc16f_00033,267,50526.85555489315,random,4,18371914.347130105
9871,fc16f_00033,268,49947.97400142922,random,4,18371914.347130105
9872,fc16f_00033,269,49144.96359397096,random,4,18371914.347130105
9873,fc16f_00033,270,50114.52686154962,random,4,18371914.347130105
9874,fc16f_00033,271,49990.38276151126,random,4,18371914.347130105
9875,fc16f_00033,272,50639.73341957121,random,4,18371914.347130105
9876,fc16f_00033,273,50316.05770900263,random,4,18371914.347130105
9877,fc16f_00033,274,54317.52473427532,random,4,18371914.347130105
9878,fc16f_00033,275,53586.44062141309,random,4,18371914.347130105
9879,fc16f_00033,276,50394.42926023661,random,4,18371914.347130105
9880,fc16f_00033,277,53383.64661515916,random,4,18371914.347130105
9881,fc16f_00033,278,57148.131297433654,random,4,18371914.347130105
9882,fc16f_00033,279,57589.4506185168,random,4,18371914.347130105
9883,fc16f_00033,280,52744.547483576185,random,4,18371914.347130105
9884,fc16f_00033,281,51053.58904157633,random,4,18371914.347130105
9885,fc16f_00033,282,50106.40492952539,random,4,18371914.347130105
9886,fc16f_00033,283,49802.336587132326,random,4,18371914.347130105
9887,fc16f_00033,284,49272.221307760236,random,4,18371914.347130105
9888,fc16f_00033,285,49287.33789022108,random,4,18371914.347130105
9889,fc16f_00033,286,49170.70644030929,random,4,18371914.347130105
9890,fc16f_00033,287,49502.88273091674,random,4,18371914.347130105
9891,fc16f_00033,288,48946.928192465,random,4,18371914.347130105
9892,fc16f_00033,289,48611.753266983906,random,4,18371914.347130105
9893,fc16f_00033,290,47414.80197061062,random,4,18371914.347130105
9894,fc16f_00034,0,9743.39622749638,random,5,11262947.813999292
9895,fc16f_00034,1,9592.5401542274,random,5,11262947.813999292
9896,fc16f_00034,2,8491.231153819394,random,5,11262947.813999292
9897,fc16f_00034,3,8463.909940568576,random,5,11262947.813999292
9898,fc16f_00034,4,7858.29088525413,random,5,11262947.813999292
9899,fc16f_00034,5,8727.260421874522,random,5,11262947.813999292
9900,fc16f_00034,6,12558.461467127789,random,5,11262947.813999292
9901,fc16f_00034,7,15006.818404571286,random,5,11262947.813999292
9902,fc16f_00034,8,35524.551446352016,random,5,11262947.813999292
9903,fc16f_00034,9,14750.528965896185,random,5,11262947.813999292
9904,fc16f_00034,10,17052.60825907441,random,5,11262947.813999292
9905,fc16f_00034,11,14814.13335437161,random,5,11262947.813999292
9906,fc16f_00034,12,11653.801500177558,random,5,11262947.813999292
9907,fc16f_00034,13,13977.797182128892,random,5,11262947.813999292
9908,fc16f_00034,14,14039.109384388616,random,5,11262947.813999292
9909,fc16f_00034,15,13935.134616157029,random,5,11262947.813999292
9910,fc16f_00034,16,14231.788795102731,random,5,11262947.813999292
9911,fc16f_00034,17,15247.940406550595,random,5,11262947.813999292
9912,fc16f_00034,18,15260.674189085958,random,5,11262947.813999292
9913,fc16f_00034,19,15800.447722662231,random,5,11262947.813999292
9914,fc16f_00034,20,17031.194257682095,random,5,11262947.813999292
9915,fc16f_00034,21,17714.038756482267,random,5,11262947.813999292
9916,fc16f_00034,22,14227.109216930987,random,5,11262947.813999292
9917,fc16f_00034,23,14160.785281180586,random,5,11262947.813999292
9918,fc16f_00034,24,13677.201431387444,random,5,11262947.813999292
9919,fc16f_00034,25,17214.886737054938,random,5,11262947.813999292
9920,fc16f_00034,26,16143.38686570914,random,5,11262947.813999292
9921,fc16f_00034,27,18957.865130198035,random,5,11262947.813999292
9922,fc16f_00034,28,19157.194470390423,random,5,11262947.813999292
9923,fc16f_00034,29,20914.708276128684,random,5,11262947.813999292
9924,fc16f_00034,30,20452.541321584944,random,5,11262947.813999292
9925,fc16f_00034,31,20394.284105029423,random,5,11262947.813999292
9926,fc16f_00034,32,21305.70250455651,random,5,11262947.813999292
9927,fc16f_00034,33,19498.935604198927,random,5,11262947.813999292
9928,fc16f_00034,34,20542.28395545573,random,5,11262947.813999292
9929,fc16f_00034,35,20873.927297074475,random,5,11262947.813999292
9930,fc16f_00034,36,20769.66995979319,random,5,11262947.813999292
9931,fc16f_00034,37,23353.22760235452,random,5,11262947.813999292
9932,fc16f_00034,38,24532.07431838346,random,5,11262947.813999292
9933,fc16f_00034,39,24979.86142261344,random,5,11262947.813999292
9934,fc16f_00034,40,19977.615693801825,random,5,11262947.813999292
9935,fc16f_00034,41,21315.783910271828,random,5,11262947.813999292
9936,fc16f_00034,42,18650.636385863556,random,5,11262947.813999292
9937,fc16f_00034,43,15514.188577805688,random,5,11262947.813999292
9938,fc16f_00034,44,16565.941908053388,random,5,11262947.813999292
9939,fc16f_00034,45,16312.760070690076,random,5,11262947.813999292
9940,fc16f_00034,46,16902.183507257985,random,5,11262947.813999292
9941,fc16f_00034,47,22287.96988112599,random,5,11262947.813999292
9942,fc16f_00034,48,23447.549784524515,random,5,11262947.813999292
9943,fc16f_00034,49,23739.116164102823,random,5,11262947.813999292
9944,fc16f_00034,50,23760.598998550955,random,5,11262947.813999292
9945,fc16f_00034,51,22752.750508700676,random,5,11262947.813999292
9946,fc16f_00034,52,24483.297308671143,random,5,11262947.813999292
9947,fc16f_00034,53,26413.491248702237,random,5,11262947.813999292
9948,fc16f_00034,54,24932.448624664154,random,5,11262947.813999292
9949,fc16f_00034,55,24147.579478092888,random,5,11262947.813999292
9950,fc16f_00034,56,24272.858519134024,random,5,11262947.813999292
9951,fc16f_00034,57,21270.377541782545,random,5,11262947.813999292
9952,fc16f_00034,58,20971.096859915684,random,5,11262947.813999292
9953,fc16f_00034,59,21723.383221556265,random,5,11262947.813999292
9954,fc16f_00034,60,23140.35443353334,random,5,11262947.813999292
9955,fc16f_00034,61,23510.909211698294,random,5,11262947.813999292
9956,fc16f_00034,62,24827.089116779505,random,5,11262947.813999292
9957,fc16f_00034,63,23904.40703669405,random,5,11262947.813999292
9958,fc16f_00034,64,22994.665110455957,random,5,11262947.813999292
9959,fc16f_00034,65,22487.364804198194,random,5,11262947.813999292
9960,fc16f_00034,66,22766.30058373523,random,5,11262947.813999292
9961,fc16f_00034,67,22278.0574919781,random,5,11262947.813999292
9962,fc16f_00034,68,22150.242104629837,random,5,11262947.813999292
9963,fc16f_00034,69,23052.243283954118,random,5,11262947.813999292
9964,fc16f_00034,70,21907.815235810325,random,5,11262947.813999292
9965,fc16f_00034,71,21689.581839263756,random,5,11262947.813999292
9966,fc16f_00034,72,21723.34798876634,random,5,11262947.813999292
9967,fc16f_00034,73,21775.477142480333,random,5,11262947.813999292
9968,fc16f_00034,74,17894.267232160757,random,5,11262947.813999292
9969,fc16f_00034,75,17605.814960974993,random,5,11262947.813999292
9970,fc16f_00034,76,18947.866012108978,random,5,11262947.813999292
9971,fc16f_00034,77,17346.095736896124,random,5,11262947.813999292
9972,fc16f_00034,78,17405.721629465694,random,5,11262947.813999292
9973,fc16f_00034,79,16563.582015319036,random,5,11262947.813999292
9974,fc16f_00034,80,16528.642158873747,random,5,11262947.813999292
9975,fc16f_00034,81,19168.135368319043,random,5,11262947.813999292
9976,fc16f_00034,82,18220.34202295117,random,5,11262947.813999292
9977,fc16f_00034,83,18203.101979321844,random,5,11262947.813999292
9978,fc16f_00034,84,18648.062843010655,random,5,11262947.813999292
9979,fc16f_00034,85,19512.919023967537,random,5,11262947.813999292
9980,fc16f_00034,86,21301.82968983322,random,5,11262947.813999292
9981,fc16f_00034,87,21631.687332225585,random,5,11262947.813999292
9982,fc16f_00034,88,21215.71556275504,random,5,11262947.813999292
9983,fc16f_00034,89,21301.22206029445,random,5,11262947.813999292
9984,fc16f_00034,90,22625.908100849985,random,5,11262947.813999292
9985,fc16f_00034,91,26292.960607730878,random,5,11262947.813999292
9986,fc16f_00034,92,23772.264578703023,random,5,11262947.813999292
9987,fc16f_00034,93,24007.432547593038,random,5,11262947.813999292
9988,fc16f_00034,94,23888.66006265319,random,5,11262947.813999292
9989,fc16f_00034,95,23134.335876374786,random,5,11262947.813999292
9990,fc16f_00034,96,21730.19218491415,random,5,11262947.813999292
9991,fc16f_00034,97,21516.11388131733,random,5,11262947.813999292
9992,fc16f_00034,98,22095.628749603075,random,5,11262947.813999292
9993,fc16f_00034,99,21415.138911622427,random,5,11262947.813999292
9994,fc16f_00034,100,21474.612886235147,random,5,11262947.813999292
9995,fc16f_00034,101,24490.03722201424,random,5,11262947.813999292
9996,fc16f_00034,102,24273.736359245708,random,5,11262947.813999292
9997,fc16f_00034,103,26278.715574575603,random,5,11262947.813999292
9998,fc16f_00034,104,25773.80224133822,random,5,11262947.813999292
9999,fc16f_00034,105,27344.41534071348,random,5,11262947.813999292
10000,fc16f_00034,106,27238.616425845157,random,5,11262947.813999292
10001,fc16f_00034,107,27506.54045327376,random,5,11262947.813999292
10002,fc16f_00034,108,27290.402782239256,random,5,11262947.813999292
10003,fc16f_00034,109,27250.397007186344,random,5,11262947.813999292
10004,fc16f_00034,110,25312.192045209515,random,5,11262947.813999292
10005,fc16f_00034,111,24551.360355099136,random,5,11262947.813999292
10006,fc16f_00034,112,23872.24149037229,random,5,11262947.813999292
10007,fc16f_00034,113,27933.980702336798,random,5,11262947.813999292
10008,fc16f_00034,114,26409.816999413815,random,5,11262947.813999292
10009,fc16f_00034,115,27071.776697730882,random,5,11262947.813999292
10010,fc16f_00034,116,37744.368217391355,random,5,11262947.813999292
10011,fc16f_00034,117,35134.796641099936,random,5,11262947.813999292
10012,fc16f_00034,118,35028.24260617663,random,5,11262947.813999292
10013,fc16f_00034,119,39353.25348692623,random,5,11262947.813999292
10014,fc16f_00034,120,39390.315587208206,random,5,11262947.813999292
10015,fc16f_00034,121,39140.40421966918,random,5,11262947.813999292
10016,fc16f_00034,122,38831.50358896183,random,5,11262947.813999292
10017,fc16f_00034,123,44765.4216604942,random,5,11262947.813999292
10018,fc16f_00034,124,44771.96459261887,random,5,11262947.813999292
10019,fc16f_00034,125,41725.196996436214,random,5,11262947.813999292
10020,fc16f_00034,126,42432.60236680597,random,5,11262947.813999292
10021,fc16f_00034,127,41982.63319581545,random,5,11262947.813999292
10022,fc16f_00034,128,41132.95187822051,random,5,11262947.813999292
10023,fc16f_00034,129,39922.000748649734,random,5,11262947.813999292
10024,fc16f_00034,130,36894.798009911196,random,5,11262947.813999292
10025,fc16f_00034,131,36691.516244009574,random,5,11262947.813999292
10026,fc16f_00034,132,38998.56874299345,random,5,11262947.813999292
10027,fc16f_00034,133,36849.87017827595,random,5,11262947.813999292
10028,fc16f_00034,134,38896.727608919275,random,5,11262947.813999292
10029,fc16f_00034,135,37816.549536098086,random,5,11262947.813999292
10030,fc16f_00034,136,37039.48228964142,random,5,11262947.813999292
10031,fc16f_00034,137,37843.78480152108,random,5,11262947.813999292
10032,fc16f_00034,138,40771.81886800089,random,5,11262947.813999292
10033,fc16f_00034,139,40943.57298364371,random,5,11262947.813999292
10034,fc16f_00034,140,40711.95390885344,random,5,11262947.813999292
10035,fc16f_00034,141,42963.0530052064,random,5,11262947.813999292
10036,fc16f_00034,142,42433.68139883737,random,5,11262947.813999292
10037,fc16f_00034,143,42270.8792430779,random,5,11262947.813999292
10038,fc16f_00034,144,42407.11172093957,random,5,11262947.813999292
10039,fc16f_00034,145,43369.92357096783,random,5,11262947.813999292
10040,fc16f_00034,146,42822.0077243227,random,5,11262947.813999292
10041,fc16f_00034,147,42815.250638754645,random,5,11262947.813999292
10042,fc16f_00034,148,41496.14363752645,random,5,11262947.813999292
10043,fc16f_00034,149,40693.9879535442,random,5,11262947.813999292
10044,fc16f_00034,150,42518.850917452204,random,5,11262947.813999292
10045,fc16f_00034,151,42260.76968681734,random,5,11262947.813999292
10046,fc16f_00034,152,42205.44253798362,random,5,11262947.813999292
10047,fc16f_00034,153,42398.392198267225,random,5,11262947.813999292
10048,fc16f_00034,154,42388.29544160119,random,5,11262947.813999292
10049,fc16f_00034,155,42111.18665697013,random,5,11262947.813999292
10050,fc16f_00034,156,40429.218029443204,random,5,11262947.813999292
10051,fc16f_00034,157,45283.64079494246,random,5,11262947.813999292
10052,fc16f_00034,158,46061.059209740444,random,5,11262947.813999292
10053,fc16f_00034,159,46170.73794464683,random,5,11262947.813999292
10054,fc16f_00034,160,44896.51240106981,random,5,11262947.813999292
10055,fc16f_00034,161,44202.59517997134,random,5,11262947.813999292
10056,fc16f_00034,162,44499.65185474366,random,5,11262947.813999292
10057,fc16f_00034,163,47251.72947023945,random,5,11262947.813999292
10058,fc16f_00034,164,45844.98807910247,random,5,11262947.813999292
10059,fc16f_00034,165,46156.55354423822,random,5,11262947.813999292
10060,fc16f_00034,166,49533.97568787858,random,5,11262947.813999292
10061,fc16f_00034,167,54217.66365762137,random,5,11262947.813999292
10062,fc16f_00034,168,39494.15398550647,random,5,11262947.813999292
10063,fc16f_00034,169,34659.48855316096,random,5,11262947.813999292
10064,fc16f_00034,170,30268.481737888447,random,5,11262947.813999292
10065,fc16f_00034,171,30261.36131718779,random,5,11262947.813999292
10066,fc16f_00034,172,27706.54284097534,random,5,11262947.813999292
10067,fc16f_00034,173,28231.928007483002,random,5,11262947.813999292
10068,fc16f_00034,174,28542.287922334628,random,5,11262947.813999292
10069,fc16f_00034,175,27545.703708941513,random,5,11262947.813999292
10070,fc16f_00034,176,27950.343279845867,random,5,11262947.813999292
10071,fc16f_00034,177,28993.456089717718,random,5,11262947.813999292
10072,fc16f_00034,178,30544.19838038626,random,5,11262947.813999292
10073,fc16f_00034,179,40379.96085031663,random,5,11262947.813999292
10074,fc16f_00034,180,51074.79755351719,random,5,11262947.813999292
10075,fc16f_00034,181,40378.4577313482,random,5,11262947.813999292
10076,fc16f_00034,182,41013.087530900484,random,5,11262947.813999292
10077,fc16f_00034,183,39480.99649535411,random,5,11262947.813999292
10078,fc16f_00034,184,38621.46440904494,random,5,11262947.813999292
10079,fc16f_00034,185,41850.586440394574,random,5,11262947.813999292
10080,fc16f_00034,186,48670.241564314914,random,5,11262947.813999292
10081,fc16f_00034,187,48805.2104146228,random,5,11262947.813999292
10082,fc16f_00034,188,49573.1956354474,random,5,11262947.813999292
10083,fc16f_00034,189,55885.38671078605,random,5,11262947.813999292
10084,fc16f_00034,190,51210.24636831387,random,5,11262947.813999292
10085,fc16f_00034,191,75771.80136541981,random,5,11262947.813999292
10086,fc16f_00034,192,75189.99548739944,random,5,11262947.813999292
10087,fc16f_00034,193,71527.01137979754,random,5,11262947.813999292
10088,fc16f_00034,194,81600.28994682687,random,5,11262947.813999292
10089,fc16f_00034,195,81638.6705278879,random,5,11262947.813999292
10090,fc16f_00034,196,66289.50943786906,random,5,11262947.813999292
10091,fc16f_00034,197,66388.85054342794,random,5,11262947.813999292
10092,fc16f_00034,198,63517.418817513826,random,5,11262947.813999292
10093,fc16f_00034,199,65032.46744052616,random,5,11262947.813999292
10094,fc16f_00034,200,66067.94516165074,random,5,11262947.813999292
10095,fc16f_00034,201,69864.4115771401,random,5,11262947.813999292
10096,fc16f_00034,202,64533.46523524062,random,5,11262947.813999292
10097,fc16f_00034,203,63735.740517868224,random,5,11262947.813999292
10098,fc16f_00034,204,66416.65943153804,random,5,11262947.813999292
10099,fc16f_00034,205,54414.7459747204,random,5,11262947.813999292
10100,fc16f_00034,206,56070.09115048259,random,5,11262947.813999292
10101,fc16f_00034,207,54697.332051825935,random,5,11262947.813999292
10102,fc16f_00034,208,55630.6971017361,random,5,11262947.813999292
10103,fc16f_00034,209,54648.89135081359,random,5,11262947.813999292
10104,fc16f_00034,210,50861.71204517535,random,5,11262947.813999292
10105,fc16f_00034,211,46866.28745024571,random,5,11262947.813999292
10106,fc16f_00034,212,46935.74939920401,random,5,11262947.813999292
10107,fc16f_00034,213,56695.75727750214,random,5,11262947.813999292
10108,fc16f_00034,214,57966.19031062254,random,5,11262947.813999292
10109,fc16f_00034,215,60606.28933482983,random,5,11262947.813999292
10110,fc16f_00034,216,60080.67369427464,random,5,11262947.813999292
10111,fc16f_00034,217,58639.75922112503,random,5,11262947.813999292
10112,fc16f_00034,218,47729.80271492223,random,5,11262947.813999292
10113,fc16f_00034,219,45754.89638274722,random,5,11262947.813999292
10114,fc16f_00034,220,47739.9334568792,random,5,11262947.813999292
10115,fc16f_00034,221,48006.96596833744,random,5,11262947.813999292
10116,fc16f_00034,222,47861.132921615506,random,5,11262947.813999292
10117,fc16f_00034,223,41881.32726625064,random,5,11262947.813999292
10118,fc16f_00034,224,39026.12647369465,random,5,11262947.813999292
10119,fc16f_00034,225,38051.49999357204,random,5,11262947.813999292
10120,fc16f_00034,226,38321.21306551835,random,5,11262947.813999292
10121,fc16f_00034,227,39797.38070578721,random,5,11262947.813999292
10122,fc16f_00034,228,43119.65594659709,random,5,11262947.813999292
10123,fc16f_00034,229,41850.56321620995,random,5,11262947.813999292
10124,fc16f_00034,230,44807.63623111452,random,5,11262947.813999292
10125,fc16f_00034,231,51080.00379735321,random,5,11262947.813999292
10126,fc16f_00034,232,53303.069717954284,random,5,11262947.813999292
10127,fc16f_00034,233,68855.67844563452,random,5,11262947.813999292
10128,fc16f_00034,234,68832.49904256007,random,5,11262947.813999292
10129,fc16f_00034,235,68338.15071602943,random,5,11262947.813999292
10130,fc16f_00034,236,67643.59273752366,random,5,11262947.813999292
10131,fc16f_00034,237,66635.15957442498,random,5,11262947.813999292
10132,fc16f_00034,238,67818.20702058675,random,5,11262947.813999292
10133,fc16f_00034,239,66359.90954560139,random,5,11262947.813999292
10134,fc16f_00034,240,71545.4556034415,random,5,11262947.813999292
10135,fc16f_00034,241,70744.2131850857,random,5,11262947.813999292
10136,fc16f_00034,242,84476.53118076589,random,5,11262947.813999292
10137,fc16f_00034,243,88800.2743180757,random,5,11262947.813999292
10138,fc16f_00034,244,94707.37347925149,random,5,11262947.813999292
10139,fc16f_00034,245,66860.24892715974,random,5,11262947.813999292
10140,fc16f_00034,246,63114.27904095888,random,5,11262947.813999292
10141,fc16f_00034,247,85708.60585300945,random,5,11262947.813999292
10142,fc16f_00034,248,85723.83600988897,random,5,11262947.813999292
10143,fc16f_00034,249,84882.14936890511,random,5,11262947.813999292
10144,fc16f_00034,250,85731.34297679705,random,5,11262947.813999292
10145,fc16f_00034,251,85833.50872903848,random,5,11262947.813999292
10146,fc16f_00034,252,82846.23958375229,random,5,11262947.813999292
10147,fc16f_00034,253,85955.7448035983,random,5,11262947.813999292
10148,fc16f_00034,254,85852.96712851111,random,5,11262947.813999292
10149,fc16f_00034,255,85122.92628244784,random,5,11262947.813999292
10150,fc16f_00034,256,79353.49943101367,random,5,11262947.813999292
10151,fc16f_00034,257,78455.28802997502,random,5,11262947.813999292
10152,fc16f_00034,258,73332.95925331027,random,5,11262947.813999292
10153,fc16f_00034,259,72141.65844414913,random,5,11262947.813999292
10154,fc16f_00034,260,65735.08934431944,random,5,11262947.813999292
10155,fc16f_00034,261,64837.28903136405,random,5,11262947.813999292
10156,fc16f_00034,262,60165.75070509635,random,5,11262947.813999292
10157,fc16f_00034,263,56231.084336653126,random,5,11262947.813999292
10158,fc16f_00034,264,47928.22952695141,random,5,11262947.813999292
10159,fc16f_00034,265,47147.50221960162,random,5,11262947.813999292
10160,fc16f_00034,266,43596.4706003015,random,5,11262947.813999292
10161,fc16f_00034,267,39825.462871332275,random,5,11262947.813999292
10162,fc16f_00034,268,44009.29589827797,random,5,11262947.813999292
10163,fc16f_00034,269,50884.44833929704,random,5,11262947.813999292
10164,fc16f_00034,270,49145.64087406497,random,5,11262947.813999292
10165,fc16f_00034,271,48225.00875661911,random,5,11262947.813999292
10166,fc16f_00034,272,48840.07721987062,random,5,11262947.813999292
10167,fc16f_00034,273,48787.41846200294,random,5,11262947.813999292
10168,fc16f_00034,274,49124.04898439884,random,5,11262947.813999292
10169,fc16f_00034,275,48765.86019895471,random,5,11262947.813999292
10170,fc16f_00034,276,47727.87020872879,random,5,11262947.813999292
10171,fc16f_00034,277,42705.06139308686,random,5,11262947.813999292
10172,fc16f_00034,278,42758.491692541975,random,5,11262947.813999292
10173,fc16f_00034,279,42942.96002555932,random,5,11262947.813999292
10174,fc16f_00034,280,40931.3223244439,random,5,11262947.813999292
10175,fc16f_00034,281,40325.882701312745,random,5,11262947.813999292
10176,fc16f_00034,282,40352.28892976618,random,5,11262947.813999292
10177,fc16f_00034,283,40228.21972780013,random,5,11262947.813999292
10178,fc16f_00034,284,40260.55807987224,random,5,11262947.813999292
10179,fc16f_00034,285,37244.28401079451,random,5,11262947.813999292
10180,fc16f_00034,286,39041.98569957999,random,5,11262947.813999292
10181,fc16f_00034,287,38920.78741494777,random,5,11262947.813999292
10182,fc16f_00034,288,40676.12719803105,random,5,11262947.813999292
10183,fc16f_00034,289,41413.61892154546,random,5,11262947.813999292
10184,fc16f_00034,290,42726.41132036157,random,5,11262947.813999292
