{"score": 19012093.54102571, "iteration_metrics": [9743.396227496376, 10388.394750704414, 16009.761711169656, 17460.648003735536, 14549.775941604757, 15402.887990000156, 14799.488477426441, 15713.105312408183, 8348.764586518304, 10366.459879035661, 11172.963490188069, 10301.566906078046, 10691.362337879222, 13981.143121049496, 13661.558626419675, 13850.401219861797, 13914.686980716544, 9524.814838773786, 9484.433630821917, 14621.627752999757, 12518.197840853418, 11631.3973302165, 12595.832940542308, 11806.638001258429, 12622.069578006112, 12065.434288891465, 11029.305272082269, 11956.091221954028, 11730.98687751364, 24811.195982785328, 24091.001101135324, 11043.742266693062, 10794.585055070771, 10570.101886034117, 14264.750514464988, 14494.958956448958, 16388.790160204087, 29892.80325374651, 33501.55711225567, 38615.55180512249, 40062.77477289388, 41693.224770415385, 41863.117679009774, 48575.44918609995, 56226.712933087045, 66975.59563100606, 68069.2928957164, 67231.18345317192, 69652.7719835264, 71025.70056439271, 114203.13713949411, 122468.65015088541, 119978.32813876723, 120218.29511161508, 102464.60417333682, 102401.93986620796, 115915.8473164541, 140062.83771401766, 153328.768495432, 154352.59053284646, 151391.13535492038, 139562.37024267425, 151722.37894633075, 151193.5462107914, 151146.3377163186, 147178.43922092064, 117554.08728807983, 117161.16225067766, 117722.47169448926, 130859.46530633069, 108689.43221762609, 98751.1485154362, 98109.92160253301, 98463.17465131718, 84634.95991779552, 81846.22650375376, 82036.84847587737, 82170.56615093297, 79447.85619560943, 79904.38100861278, 78427.99907412622, 79559.4123877139, 62992.32885169621, 62412.35178628932, 58754.392207812714, 56946.3622711719, 61574.37338003504, 60940.58764225368, 59386.90741041453, 64318.38614861571, 66913.21839209192, 86317.98647606798, 86151.1362243747, 86431.5889985727, 89476.78364374841, 89639.33095178833, 89646.48164649653, 82048.78925496858, 76533.86991535396, 86073.26398250206, 99513.95894764535, 98139.15635515908, 93081.51240931443, 73397.0876144884, 84011.42565853838, 82542.39764448989, 83890.82561851785, 83015.64759261512, 84893.90392572158, 81284.09181025415, 89967.24569276968, 92512.37060175472, 95098.90605978729, 94912.08025498371, 113532.96031610726, 113919.47044106122, 126456.25676779196, 130561.41383113318, 70786.56145613515, 74099.05768872998, 67429.48546683278, 46294.92701998342, 44628.68757717703, 45677.03706763329, 46906.559288833785, 51440.893329722574, 47622.73585436551, 47125.64874849227, 54605.592606443126, 58778.20853617766, 58516.93250725349, 65405.811642534325, 68567.74535796697, 72478.04291315564, 81744.97627111922, 80712.9173308398, 80562.27549580802, 70465.93187510142, 42301.34333372226, 43345.07722141827, 42595.33879233874, 42577.40182123603, 42740.92104219968, 42524.80941775472, 42567.454015606585, 42450.95268196947, 42817.12979341017, 43743.2646047471, 43834.02195105425, 42911.06978945885, 77732.57157865909, 77712.77312024498, 85145.69829358638, 83481.63682736403, 86405.25585732354, 80459.89382720704, 80932.57944957967, 82183.76418972868, 82920.01321157625, 96344.9306713324, 96047.8621476966, 92823.85161347428, 92545.09474099029, 92847.96624352723, 87054.73976598808, 87038.99540138996, 82676.89517465988, 79824.72884974972, 84916.41642806906, 84302.0365462823, 81016.80136970847, 81106.84546139237, 81382.96226798977, 79170.75595709505, 79713.27979092168, 69959.91716053754, 72336.555451983, 76009.01994762207, 68775.70152899691, 69260.78305744422, 67938.63443882982, 70706.06101762151, 75140.87659098927, 78133.04349461885, 70017.05048197806, 75430.60488659421, 74675.14820348496, 73370.8366926847, 63859.47010620362, 64414.20144379005, 65141.73496930947, 62798.907076203286, 63674.38702818767, 64483.14469041628, 65516.429663058116, 72129.67453253335, 73003.25408069223, 72601.3341879946, 72907.23702921458, 71089.58522245895, 70798.97646775718, 70660.89468126494, 59965.250091470785, 57765.32896087837, 59312.125348318456, 60215.70714110403, 62138.316711753665, 63606.43312410429, 61840.80082963082, 61647.67664908808, 66250.35795159101, 67565.8343906164, 68574.20841292772, 64043.119069763015, 61302.40541383811, 61319.60709840784, 62067.946226691725, 62089.2057836205, 62359.114555281696, 65493.615388692415, 66076.82332564295, 66449.15629446294, 72377.08784784534, 74201.36851734218, 73392.41100605734, 70478.12886913582, 76592.51164662105, 72767.22454968779, 65263.763895575314, 66792.0025963353, 64427.21056890194, 64591.98006233367, 64821.76381726547, 64387.6204552112, 64962.681308278356, 63386.03035754799, 63161.881081147316, 49873.0777900373, 48028.37607458074, 47966.94160580345, 52827.15762484643, 49288.22281847232, 49641.77415910861, 45597.36877540147, 44522.80510257711, 64823.03103657965, 65340.49200510867, 66258.65349420761, 69151.84144937161, 45691.34443673242, 52353.3516732286, 55687.13592250485, 56680.52830294676, 63634.11610830057, 63425.99554462738, 62781.38344541032, 64139.270751610544, 59741.102688902465, 60265.78548676797, 59964.04198982257, 60727.49650217759, 62029.76427024186, 61940.694959011635, 58567.8544956333, 67692.89456874128, 67590.53569027556, 70820.19772515577, 66319.8550755591, 70672.7798575657, 71419.51541597956, 63528.744093052, 65213.99680105348, 64591.079602567115, 68575.02071335468, 69005.41335586009, 63472.4923556725, 67200.62655234277, 67448.14766851201, 64115.808427671465, 51501.166792996526, 51098.39548245646, 50844.128270664274, 49652.655608563946, 47423.940601077375, 46705.39078371026, 46186.16657501254, 46493.72599303728, 46646.99944307372, 46320.998623358755, 41539.27209537866, 42726.26058110326], "timestamp": 1725215868, "checkpoint_dir_name": null, "done": false, "training_iteration": 1, "trial_id": "7ac27_00019", "date": "2024-09-01_19-37-48", "time_this_iter_s": 136.37108707427979, "time_total_s": 136.37108707427979, "pid": 26184, "hostname": "nemo.cl.cam.ac.uk", "node_ip": "128.232.64.154", "config": {"seed": 5, "strategy": "thompson_sampling"}, "time_since_restore": 136.37108707427979, "iterations_since_restore": 1}
