{"score": 277.25512591055565, "iteration_metrics": [0.858647936786655, 0.8799694189602447, 0.8558321479374111, 0.9329346092503987, 0.8799694189602447, 0.9081236408822615, 0.9377370417193427, 0.9264252696456087, 0.9264252696456087, 0.9425908521303259, 0.9329346092503987, 0.9112780813600485, 0.8833772314896108, 0.9058103975535168, 0.9058103975535168, 0.9316513761467891, 0.9097035040431267, 0.9040548688574013, 0.9264252696456087, 0.9425908521303259, 0.9377370417193427, 0.9369307832422586, 0.9377370417193427, 0.9369307832422586, 0.9295296955079891, 0.9086538461538461, 0.9394453004622496, 0.9394453004622496, 0.9606244175209693, 0.9445718654434251, 0.9510903919089759, 0.9644437420986094, 0.9316513761467891, 0.9497571341833637, 0.9606244175209693, 0.9558270676691729, 0.9369307832422586, 0.902827380952381, 0.9497571341833637, 0.9606244175209693, 0.9654853620955316, 0.9524653312788907, 0.9350104821802935, 0.986874805840323, 0.8896734333627538, 0.955004522158577, 0.9476639712488769, 0.9295296955079891, 0.9524653312788907, 0.9279761904761905, 0.9394453004622496, 0.9369307832422586, 0.9497571341833637, 0.9394453004622496, 0.9497571341833637, 0.9777970922882426, 0.9524653312788907, 0.9497571341833637, 0.9497571341833637, 0.9369307832422586, 0.942267108833283, 0.9574923547400611, 0.9606244175209693, 0.9574923547400611, 0.9737496116806461, 0.9524653312788907, 0.9574923547400611, 0.9737496116806461, 0.9574923547400611, 0.9737496116806461, 0.9654853620955316, 0.9606244175209693, 0.9606244175209693, 0.9445718654434251, 0.9644437420986094, 0.9606244175209693, 0.9654853620955316, 0.9737496116806461, 0.9606244175209693, 0.9654853620955316, 0.9445718654434251, 0.9654853620955316, 0.9574923547400611, 0.9822994987468672, 0.942267108833283, 0.9524653312788907, 0.9654853620955316, 0.9654853620955316, 0.9445718654434251, 0.9445718654434251, 0.9445718654434251, 0.9777970922882426, 0.9606244175209693, 0.9574923547400611, 0.96906328320802, 0.9474992233612923, 0.9574923547400611, 0.9445718654434251, 0.9558270676691729, 0.9737496116806461, 0.9644437420986094, 0.9524653312788907, 0.9654853620955316, 0.9654853620955316, 0.9606244175209693, 0.9654853620955316, 0.9574923547400611, 0.9510903919089759, 0.9911504424778761, 0.9574923547400611, 0.9606244175209693, 0.9644437420986094, 0.9606244175209693, 0.9606244175209693, 0.9777970922882426, 0.9524653312788907, 0.9737496116806461, 0.9524653312788907, 0.9644437420986094, 0.9737496116806461, 0.9558270676691729, 0.9574923547400611, 0.9524653312788907, 0.96906328320802, 0.9777970922882426, 0.9574923547400611, 0.9445718654434251, 0.9737496116806461, 0.9558270676691729, 0.9737496116806461, 0.9524653312788907, 0.9445718654434251, 0.9737496116806461, 0.9822994987468672, 0.9777970922882426, 0.9445718654434251, 0.9598883572567782, 0.9574923547400611, 0.96906328320802, 0.9644437420986094, 0.9777970922882426, 0.9654853620955316, 0.9524653312788907, 0.9654853620955316, 0.9394453004622496, 0.96906328320802, 0.9524653312788907, 0.9524653312788907, 0.96906328320802, 0.9445718654434251, 0.9606244175209693, 0.96906328320802, 0.9777970922882426, 0.9524653312788907, 0.9445718654434251, 0.9343740292016154, 0.9606244175209693, 0.9606244175209693, 0.9654853620955316, 0.9822994987468672, 0.9737496116806461, 0.9524653312788907, 0.96906328320802, 0.9654853620955316, 0.96906328320802, 0.9777970922882426, 0.9474992233612923, 0.9445718654434251, 0.9654853620955316, 0.9777970922882426, 0.9654853620955316, 0.9425908521303259, 0.96906328320802, 0.9822994987468672, 0.9558270676691729, 0.9598883572567782, 0.9737496116806461, 0.9394453004622496, 0.9911504424778761, 0.9558270676691729, 0.9574923547400611, 0.9394453004622496, 0.9654853620955316, 0.942267108833283, 0.9474992233612923, 0.9654853620955316, 0.9558270676691729, 0.9606244175209693, 0.9737496116806461, 0.96906328320802, 0.9510903919089759, 0.9606244175209693, 0.9574923547400611, 0.9737496116806461, 0.9737496116806461, 0.9654853620955316, 0.96906328320802, 0.9644437420986094, 0.9574923547400611, 0.9737496116806461, 0.96906328320802, 0.9574923547400611, 0.978448275862069, 0.9606244175209693, 0.9524653312788907, 0.9654853620955316, 0.9733652312599681, 0.9497571341833637, 0.9394453004622496, 0.9524653312788907, 0.9654853620955316, 0.9524653312788907, 0.9644437420986094, 0.9574923547400611, 0.9644437420986094, 0.9510903919089759, 0.9474992233612923, 0.9822994987468672, 0.9574923547400611, 0.9606244175209693, 0.9737496116806461, 0.9445718654434251, 0.9606244175209693, 0.9606244175209693, 0.9558270676691729, 0.9497571341833637, 0.986842105263158, 0.9574923547400611, 0.9654853620955316, 0.9445718654434251, 0.9606244175209693, 0.9654853620955316, 0.9606244175209693, 0.9644437420986094, 0.9777970922882426, 0.9654853620955316, 0.9644437420986094, 0.9445718654434251, 0.96906328320802, 0.9445718654434251, 0.9822994987468672, 0.9574923547400611, 0.9654853620955316, 0.9598883572567782, 0.9654853620955316, 0.9644437420986094, 0.96906328320802, 0.9822994987468672, 0.9737496116806461, 0.9654853620955316, 0.9654853620955316, 0.9822994987468672, 0.9606244175209693, 0.9558270676691729, 0.96906328320802, 0.9654853620955316, 0.96906328320802, 0.9654853620955316, 0.9654853620955316, 0.9425908521303259, 0.9524653312788907, 0.9574923547400611, 0.9574923547400611, 0.9574923547400611, 0.9524653312788907, 0.9822994987468672, 0.9524653312788907, 0.9822994987468672, 0.9654853620955316, 0.9606244175209693, 0.9445718654434251, 0.9497571341833637, 0.9737496116806461, 0.9822994987468672, 0.9606244175209693, 0.9474992233612923, 0.9777970922882426, 0.9497571341833637, 0.9606244175209693, 0.9822994987468672, 0.96906328320802, 0.9822994987468672, 0.9574923547400611, 0.9822994987468672, 0.9474992233612923, 0.9644437420986094, 0.9606244175209693, 0.9524653312788907, 0.9606244175209693, 0.9737496116806461, 0.9606244175209693], "timestamp": 1725204411, "checkpoint_dir_name": null, "done": false, "training_iteration": 1, "trial_id": "805f1_00019", "date": "2024-09-01_16-26-51", "time_this_iter_s": 14.095659017562866, "time_total_s": 14.095659017562866, "pid": 32406, "hostname": "nemo.cl.cam.ac.uk", "node_ip": "128.232.64.154", "config": {"seed": 5, "strategy": "ratio_confidence"}, "time_since_restore": 14.095659017562866, "iterations_since_restore": 1}
