{"score": 6575582.202661427, "iteration_metrics": [15251.370340603511, 15202.305301834733, 15202.305277606863, 15201.970670625917, 15122.711504142593, 15113.01176905117, 15095.197479467932, 15026.867117994314, 14943.504056279064, 14932.610856221301, 14932.611810089238, 14932.611796385772, 14904.974206271576, 14837.622539057695, 14837.62187604145, 14796.323670447313, 14745.358322611564, 14660.807279945111, 14660.784139061981, 14523.515160988803, 14497.163334464696, 14494.084986637323, 14492.327493623594, 14449.787677048682, 14405.860670730624, 14303.689580966098, 14278.206297927412, 14230.722440502885, 14135.459899241985, 14134.928468547794, 14134.927694015109, 14124.348064222586, 14045.951980659645, 13960.222957533184, 13956.72169231411, 13957.721161095731, 13957.766099043645, 13955.175088851194, 13952.321097791353, 13869.479007640151, 13840.331849660502, 13780.575402172663, 13740.343987915005, 13710.436097163332, 13709.669699178523, 13699.778122906877, 13700.103347842325, 13698.868410456751, 13698.37906621466, 13698.358171359781, 13698.358171359567, 13698.358171359567, 13697.741205890394, 13672.387811704719, 13672.388020387443, 13667.199496256366, 13599.44183171326, 13591.764024293052, 13591.157965715647, 13591.276505382359, 13554.568097604131, 13519.699133989929, 13519.052364828702, 13515.094600736855, 13486.451761520419, 13441.302455973775, 13430.816001042464, 13387.111178199422, 13385.735179126892, 13385.73517912689, 13385.730455911735, 13385.593641474832, 13385.593641474832, 13337.543697789797, 13335.89910907465, 13288.88524972264, 13227.140932983044, 13216.624946495527, 13158.182539244748, 13088.436739568127, 13063.11378731296, 13018.923778520337, 12988.468342276186, 12987.937453792769, 12914.495992868378, 12914.492135304981, 12906.383302885091, 12894.859974538578, 12881.911228805442, 12799.030026000246, 12759.771651325984, 12703.728946274401, 12667.686701855459, 12650.123545107768, 12618.015583448889, 12618.203702892673, 12618.120935483557, 12590.022861688889, 12508.328184439244, 12508.328184439151, 12508.192290792436, 12507.832284544182, 12465.037720289747, 12429.204212163166, 12429.204212163166, 12419.757570975487, 12391.682319749545, 12352.805236306032, 12263.806942477846, 12221.086531597273, 12221.086531597273, 12216.701622829962, 12216.701622829962, 12220.14440758132, 12150.832331060248, 12150.831521331733, 12078.90565034236, 12078.698671762364, 12078.698632057796, 12077.018677037404, 12077.018691495572, 12067.783342695855, 12067.783304901677, 12067.2918259029, 12067.291821360504, 11948.94632610889, 11948.946333784848, 11916.429681362797, 11799.319240937668, 11782.319228890798, 11782.319228890798, 11774.891096471114, 11774.43761982874, 11769.046125876555, 11753.495499468798, 11708.300967481886, 11708.326387888235, 11707.158597869604, 11694.24907710074, 11684.361811833605, 11684.361811833602, 11627.84044509436, 11606.15583347742, 11600.78590740426, 11440.517383684886, 11393.53546845692, 11393.559335661888, 11357.654253017514, 11353.588172755275, 11353.58817275528, 11349.172534301146, 11301.917029271784, 11302.1750715943, 11293.03763671901, 11279.52071462563, 11254.45832102365, 11250.722993682954, 11250.722972737447, 11250.722972737809, 11250.950609848032, 11191.582816552615, 11191.57146379326, 11100.43199871703, 11063.055023124864, 10995.822497013187, 10903.3634079153, 10903.679486218696, 10841.18263099964, 10841.467980300173, 10810.437642683748, 10769.967670991151, 10766.013664084274, 10763.878833662644, 10762.75779331839, 10668.946607134632, 10664.558147293386, 10664.531020994025, 10660.869176862654, 10616.401884398121, 10509.835207114682, 10509.835207114687, 10509.868502779585, 10470.739946469852, 10429.886678547804, 10433.921591218668, 10433.92163114638, 10432.344204535424, 10432.34420753128, 10436.23156574582, 10389.913705813095, 10350.47403513506, 10350.566463225532, 10313.104739397537, 10275.460698010198, 10177.604794432713, 10137.346105968683, 10137.001202837473, 10136.357921369252, 10053.982997051862, 10048.126260558765, 10047.691666484665, 10048.149543283298, 10009.241764202096, 9981.488917874793, 9968.090954843572, 9968.090954843572, 9963.500677439768, 9962.981750887062, 9935.260220484915, 9905.529933549158, 9891.60962431859, 9891.605038466949, 9891.605019428147, 9893.568178599913, 9843.753236170773, 9842.36128130724, 9801.430187125645, 9800.555719455879, 9800.556293485686, 9803.3148541306, 9776.803565901944, 9766.95048784464, 9767.792392976777, 9724.013922736372, 9695.72344845559, 9695.609118009903, 9714.858672213906, 9714.787927208852, 9714.764920728892, 9660.085771276177, 9629.350491844712, 9589.339835568662, 9568.917470595368, 9568.917470600576, 9532.103220424518, 9318.596698706646, 9318.57388610623, 9317.297505545308, 9284.65081916795, 9207.062947928409, 9211.025296962565, 9211.11354810493, 9151.5885827317, 9114.706214746933, 9112.084048128292, 9095.039235184622, 9059.454142268365, 9016.501550867555, 8975.271749640073, 8974.99135002017, 8943.192489412366, 8944.937820222338, 8943.399811597405, 8921.229454514814, 8917.160354847845, 8903.078732253078, 8902.756584566416, 8897.662598844485, 8888.044712533188, 8883.448058251573, 8883.448073991998, 8881.493351410212, 8875.776324525781, 8872.165144719615, 8840.20430816753, 8757.666366675412, 8757.666366670432, 8758.494803411888, 8748.22465205631, 8748.224652060419, 8681.410670144136, 8598.112068302926, 8553.030476703378, 8477.3148194591, 8421.069145546751, 8421.06898126898, 8410.186196550772, 8416.930626737103, 8416.929864629212, 8400.514906915378, 8399.89817746053, 8399.898177464593, 8399.894315844935, 8398.104036104423, 8368.841785512574, 8368.840305628975, 8367.712862011584, 8226.520191109656, 8226.517573327552, 8224.805612839129, 8179.5172939256545, 8158.141356723654, 8116.8361071299605, 8116.510996684203, 8115.105263352971, 8099.595965762093, 8099.11104321796, 8083.459631048718, 8013.695182059922, 8013.6503768761395, 7934.000045180593, 7934.000045180894, 7933.997945468785, 7934.00198326733, 7901.404016124418, 7901.404016128449, 7897.74450852954, 7874.119690919557, 7870.037220397519, 7847.593007005823, 7771.859623586864, 7771.47591676226, 7750.276724972465, 7750.27672497142, 7745.98758755052, 7703.72078396459, 7703.720783962435, 7671.749127021254, 7671.853895782341, 7670.321680064665, 7670.321680061287, 7669.1375538388775, 7667.0577639762405, 7654.330230202488, 7654.409827752652, 7651.337430425269, 7637.515439175525, 7637.515441133423, 7626.541207742064, 7626.57892240613, 7617.199336249753, 7617.199405637245, 7615.280769860416, 7596.058119131931, 7600.66525131884, 7600.457833437796, 7600.250539569952, 7554.697007061174, 7545.259351456492, 7514.305664767819, 7514.495375942596, 7513.42177431706, 7512.123509262329, 7512.203637125362, 7445.323361133074, 7445.327335025601, 7452.37495605589, 7432.563929324868, 7431.620598188679, 7395.363546478648, 7392.966170819765, 7390.3916938686325, 7342.133848762111, 7331.507561438638, 7331.340575889841, 7284.710072706504, 7271.590744336767, 7244.879403961563, 7241.609408293563, 7190.512175299846, 7190.390043403802, 7190.389503358178, 7189.109304780056, 7187.650708056568, 7183.472883777515, 7183.658400157996, 7182.673082866627, 7148.533173101149, 7153.320539228744, 7153.340541086887, 7092.18749586351, 7090.028095817815, 7089.986063494322, 7089.986063865993, 7012.397819269387, 7010.399516289295, 7010.5808158593545, 7010.640660675475, 7011.068150164834, 7010.653765505356, 7000.432027578331, 6961.263695676845, 6956.5022556321655, 6959.420661912925, 6927.849019472019, 6927.848873072844, 6925.618064250917, 6925.618064256166, 6914.570235420481, 6904.405848351145, 6904.405847295927, 6904.405081473974, 6851.143563759833, 6851.975807574373, 6837.164993714826, 6819.685206040893, 6819.685206070584, 6819.614098588738, 6792.635718863336, 6781.967983670616, 6748.1417547848405, 6677.163789076497, 6677.163059715961, 6548.212797666752, 6547.9114922480585, 6545.614741515538, 6541.475876423568, 6540.322089441037, 6467.861147739991, 6468.854790760899, 