{"score": 6945338.498283321, "iteration_metrics": [15118.816303489075, 15131.881983820746, 15131.881983820746, 15086.294840829614, 15052.904491001986, 14985.679112653386, 14976.750717157995, 14937.387122498269, 14806.67070722757, 14755.865833077078, 14755.865833077078, 14709.358547765269, 14708.494006271925, 14630.76861296136, 14593.158498347171, 14593.135635648485, 14593.136430709004, 14593.136372419212, 14548.209515154616, 14518.80817860451, 14500.343195497431, 14439.470876334131, 14438.144008231104, 14360.064418080145, 14291.345825680348, 14248.374413322448, 14199.81127780779, 14184.518175778374, 14173.37856990948, 14161.08897623906, 14088.564836380267, 14079.814106095302, 14014.418055424841, 14014.478053701912, 14004.6787781379, 13988.959179198062, 13971.274429094725, 13970.620235629305, 13965.104017388217, 13955.128355092267, 13953.022517352587, 13883.830517300747, 13883.829185931301, 13882.33211176766, 13881.763088937856, 13881.765148453149, 13862.939372639756, 13862.939372639756, 13862.937410448092, 13827.487343148454, 13827.478565428917, 13833.337934893276, 13833.311726331203, 13790.790585691217, 13741.50288840087, 13741.502739184156, 13741.502717463563, 13689.203541618324, 13672.725460046748, 13672.736781520682, 13499.372778217517, 13470.405670655666, 13458.301987143832, 13458.301987143832, 13443.882944367006, 13443.868705559313, 13443.867828397368, 13443.867828395743, 13443.600379846555, 13423.045975383033, 13423.045955057543, 13414.22865758683, 13413.329567027751, 13413.226474529823, 13412.618708604728, 13367.791167210815, 13327.624623174273, 13287.744064115413, 13240.889084853072, 13230.346315021285, 13224.01589940556, 13158.513889852622, 13136.959563815484, 13100.268237952245, 13048.98678335375, 13048.969963741716, 13048.969965252902, 12988.71436653371, 12967.502445428858, 12958.20702461292, 12956.39349737876, 12956.39349737876, 12905.586753923706, 12825.973060551081, 12775.348316521347, 12719.954821501955, 12667.91145768048, 12622.978290317295, 12623.055311325055, 12577.594384246962, 12542.791075813024, 12470.013214692857, 12469.258822630818, 12395.188288366775, 12393.503020760598, 12377.274880786808, 12365.55257405944, 12365.55257405944, 12365.55146847164, 12365.551333697556, 12365.55115752385, 12365.55115752385, 12364.661825965752, 12325.88196756744, 12316.427811639342, 12253.9674352871, 12242.938700430313, 12243.060617091678, 12242.885234644145, 12158.779140104998, 12135.247227881682, 12129.877816543654, 12004.751115697323, 12005.950486347214, 11983.641192566536, 11941.959725581193, 11900.176136072807, 11873.737230625187, 11873.737230618786, 11873.73705348995, 11872.682820930697, 11872.562479859598, 11867.871868888156, 11781.730133398596, 11768.238587471578, 11685.909292741257, 11685.909292741257, 11682.519806018563, 11678.477270184772, 11678.911957760272, 11641.66152926703, 11639.113543938322, 11636.982259144675, 11623.5581204635, 11574.827973896805, 11575.24524338182, 11524.982956521315, 11373.386293163152, 11373.646697072, 11363.43313517098, 11343.637093254296, 11343.637072308786, 11343.544392711166, 11341.88114698001, 11266.119321431388, 11266.118403785464, 11252.954768517147, 11137.057245264974, 11133.368771584339, 11120.118589432748, 11119.50031611852, 11078.999796839007, 11078.310297505055, 11081.946075786009, 11081.946075786009, 11077.18432577028, 11026.635606685359, 11019.38271557019, 11013.048257270913, 10927.984658924466, 10842.565351842699, 10801.84871224696, 10769.185025765008, 10731.452602464724, 10731.029211935249, 10731.053423944557, 10734.656407975448, 10703.004023533063, 10659.233387201524, 10622.062238441702, 10587.624790546957, 10551.37228724582, 10541.380492484213, 10456.107895059053, 10419.444826669882, 10419.44482666988, 10358.756085373649, 10332.901462435606, 10332.901462435606, 10332.893957733895, 10266.253018221189, 10266.653637951064, 10266.698591132408, 10265.846795996646, 10240.302866552853, 10240.302878346378, 10239.593604826452, 10227.462177550564, 10227.202196098713, 10223.617348522737, 10226.732384390403, 10228.232667286542, 10226.360613389585, 10226.600223939788, 10213.636816138705, 10179.031224011633, 10179.031224011438, 10179.031853487342, 10178.646568139038, 10031.552981286693, 9990.992684227691, 9902.711564145928, 9902.803726299735, 9900.633103944028, 9900.652825576679, 9873.665531171595, 9873.4304853873, 9873.4304853873, 9872.904646150793, 9832.536860907076, 9826.083535897487, 9820.785524654275, 9820.968923609791, 9736.46450914828, 9736.178572975217, 9700.706504387843, 9672.755241051327, 9663.387043138095, 9664.586527484671, 9627.238326642144, 9583.10713316154, 9583.107133045774, 9583.079040885232, 9583.044919408218, 9588.219803219896, 9588.219509692964, 9586.284212722752, 9575.297488402206, 9575.21536787706, 9474.617090719192, 9476.233197469135, 9474.491528646884, 9463.31158731024, 9385.882846420842, 9386.120607632824, 9386.120612187384, 9386.126144154474, 9385.401263946036, 9312.596777659332, 9312.27461091502, 9312.276540384602, 9247.576488936691, 9247.613641358621, 9247.522785912743, 9239.619799079594, 9235.822362515415, 9235.822362515417, 9225.608256379888, 9225.608256379888, 9209.961778958279, 9209.961778958783, 9186.279658543937, 9168.472183400876, 9168.70332100822, 9165.650770317461, 9143.274998014698, 9103.051750879962, 9076.175071489793, 8971.832343228607, 8888.99052676241, 8888.77281815375, 8877.889847105609, 8829.11835893911, 8829.116795846408, 8830.925526315177, 8830.925541315759, 8829.737479197995, 8829.737479197996, 8809.924962233436, 8812.813953860212, 8792.686186538343, 8792.686174705565, 8789.551388793814, 8789.551388793816, 8789.551213102863, 8670.493423693906, 8668.999719964782, 8598.425045067883, 8597.998205835254, 8540.349217925057, 8515.67624214349, 8491.040856317964, 8451.485254906527, 8355.015442562835, 8352.006076958352, 8347.86861354093, 8347.25911935435, 8341.031109963926, 8333.18459034748, 8252.668949150935, 8257.062374235149, 8256.640596488607, 8254.74053138457, 8255.027106975986, 8255.027106975796, 8254.949204171284, 8224.902633773394, 8224.980132417777, 8215.171754417137, 8152.842447487493, 8152.4834816852335, 8130.438155971247, 8130.3772367031215, 8126.77594911633, 8123.657925841556, 8123.505405792174, 8122.435389599483, 8081.632611502425, 8079.76617553249, 8070.9820433986915, 8062.962819124776, 8062.983888642618, 8067.665128775184, 8067.1906521861365, 8055.34722467987, 8040.663943928629, 8032.0567955775405, 8005.355970400152, 8005.3771345014475, 8004.7602741133, 8003.300636126076, 7999.926344289745, 7968.38207919145, 7926.451600149508, 7882.686766621577, 7892.26473636905, 7892.26469080648, 7871.719047582518, 7873.29046828566, 7872.662825909802, 7872.662825909802, 7872.662825909802, 7872.413111243554, 7796.093649004981, 7774.2419287399525, 7774.158844003792, 7774.160983809167, 7774.172102087026, 7710.345802567472, 7710.393615747377, 7736.019787098491, 7728.572614796773, 7728.538080226012, 7687.518709881168, 7669.769479240429, 7615.907528921631, 7602.367663683874, 7592.292756402612, 7588.109866148476, 7590.9102070579775, 7590.178742537782, 7581.063346150616, 7581.36963531187, 7570.852514348488, 7568.66414353235, 7455.272853480148, 7455.272122923908, 7455.272122917535, 7475.855447662138, 7398.577722640379, 7399.54507289523, 7399.545075382905, 7400.312645350944, 7400.103368429436, 7398.781587475135, 7398.760093554936, 7398.760093532642, 7397.228795977183, 7397.271892752346, 7398.130124493277, 7323.3171266833315, 7282.27851148816, 7225.144145314623, 7221.943226112412, 7188.729625162052, 7188.920561220633, 7188.945835075685, 7188.594280662714, 7188.2209707960965, 7184.070485986319, 7184.227392622604, 7130.99603998103, 7086.0015276173835, 7086.0746158732645, 6976.697677517129, 6976.541812546004, 6969.712766643143, 6970.085708255472, 6969.400650418621, 6969.711317834021, 6935.134087679247, 6856.811373980846, 6856.78249141459, 6856.845768077778, 6856.845768155424, 6854.93033905047, 6849.363565188662, 6840.674615047481, 6840.666849906364, 6833.412993215576, 