{"score": 270.76449018461653, "iteration_metrics": [0.7497805092186128, 0.8325551782682512, 0.8748543972044263, 0.7745510662177328, 0.9134006632499246, 0.9149847094801223, 0.7026062900407688, 0.9198798988621998, 0.9012759170653908, 0.8746279761904762, 0.9149847094801223, 0.9020642201834863, 0.9064839772386942, 0.9134006632499246, 0.9077109896782027, 0.9006632499246308, 0.8938304881701108, 0.9064839772386942, 0.8404925544100802, 0.836976183298161, 0.8932692307692307, 0.9355161787365178, 0.8938304881701108, 0.9279051987767584, 0.8997767857142858, 0.9261380765752185, 0.9249255952380953, 0.9118122977346279, 0.9333636915604129, 0.931790955375861, 0.9224961479198768, 0.8932692307692307, 0.9261380765752185, 0.8994612696563774, 0.9057692307692308, 0.931790955375861, 0.9182692307692308, 0.9388754899005125, 0.9055458004097161, 0.9182692307692308, 0.9249255952380953, 0.9057692307692308, 0.9134006632499246, 0.9261380765752185, 0.9191374663072776, 0.9261380765752185, 0.931790955375861, 0.9118122977346279, 0.9333636915604129, 0.946190042501518, 0.9408256880733945, 0.9615562403697997, 0.946190042501518, 0.9182692307692308, 0.931790955375861, 0.9485362095531586, 0.946190042501518, 0.946190042501518, 0.946190042501518, 0.9388754899005125, 0.9537461773700306, 0.9388754899005125, 0.9388754899005125, 0.946190042501518, 0.931790955375861, 0.9388754899005125, 0.946190042501518, 0.9388754899005125, 0.9191374663072776, 0.9485362095531586, 0.946190042501518, 0.9388754899005125, 0.946190042501518, 0.946190042501518, 0.9191374663072776, 0.9333636915604129, 0.9408256880733945, 0.9388754899005125, 0.9388754899005125, 0.9388754899005125, 0.9537461773700306, 0.9261380765752185, 0.946190042501518, 0.9205373406193078, 0.9485362095531586, 0.9485362095531586, 0.9388754899005125, 0.9182692307692308, 0.9485362095531586, 0.9433830382106245, 0.9565082323703014, 0.946190042501518, 0.9485362095531586, 0.931790955375861, 0.9408256880733945, 0.9388754899005125, 0.9388754899005125, 0.9599399494310998, 0.9388754899005125, 0.9333636915604129, 0.9279051987767584, 0.9485362095531586, 0.9134006632499246, 0.9537461773700306, 0.9537461773700306, 0.9537461773700306, 0.9388754899005125, 0.9333636915604129, 0.946190042501518, 0.9408256880733945, 0.9388754899005125, 0.9388754899005125, 0.9279051987767584, 0.9134006632499246, 0.9388754899005125, 0.9279051987767584, 0.9333636915604129, 0.9149847094801223, 0.9433830382106245, 0.9355161787365178, 0.931790955375861, 0.9408256880733945, 0.9388754899005125, 0.9261380765752185, 0.9465865992414665, 0.9565082323703014, 0.9118122977346279, 0.9333636915604129, 0.946190042501518, 0.9355161787365178, 0.946190042501518, 0.9333636915604129, 0.9355161787365178, 0.9408256880733945, 0.9515194235588973, 0.9355161787365178, 0.9333636915604129, 0.9647556390977443, 0.9433830382106245, 0.9537461773700306, 0.9485362095531586, 0.9485362095531586, 0.9205373406193078, 0.9333636915604129, 0.9537461773700306, 0.9388754899005125, 0.9388754899005125, 0.9388754899005125, 0.9261380765752185, 0.9408256880733945, 0.9333636915604129, 0.9615562403697997, 0.9515194235588973, 0.9565082323703014, 0.9565082323703014, 0.9615562403697997, 0.9302578440509475, 0.9355161787365178, 0.9355161787365178, 0.946190042501518, 0.946190042501518, 0.9205373406193078, 0.946190042501518, 0.9647556390977443, 0.9408256880733945, 0.9302578440509475, 0.93828320802005, 0.9279051987767584, 0.9485362095531586, 0.9149847094801223, 0.931790955375861, 0.946190042501518, 0.931790955375861, 0.9433830382106245, 0.9279051987767584, 0.9408256880733945, 0.9515194235588973, 0.946190042501518, 0.9355161787365178, 0.9696334265299782, 0.9205373406193078, 0.9261380765752185, 0.9408256880733945, 0.9388754899005125, 0.9537461773700306, 0.93828320802005, 0.9485362095531586, 0.9388754899005125, 0.9355161787365178, 0.931790955375861, 0.9433830382106245, 0.9408256880733945, 0.9302578440509475, 0.9515194235588973, 0.9433830382106245, 0.9537461773700306, 0.946190042501518, 0.9355161787365178, 0.9647556390977443, 0.9149847094801223, 0.9485362095531586, 0.9408256880733945, 0.9355161787365178, 0.9537461773700306, 0.946190042501518, 0.946190042501518, 0.9485362095531586, 0.9485362095531586, 0.9485362095531586, 0.9565082323703014, 0.9599399494310998, 0.9408256880733945, 0.9388754899005125, 0.9249255952380953, 0.9408256880733945, 0.9149847094801223, 0.9279051987767584, 0.9355161787365178, 0.9388754899005125, 0.9279051987767584, 0.9355161787365178, 0.9408256880733945, 0.9333636915604129, 0.9515194235588973, 0.9485362095531586, 0.9615562403697997, 0.9485362095531586, 0.9485362095531586, 0.93828320802005, 0.9433830382106245, 0.93828320802005, 0.925046992481203, 0.9408256880733945, 0.946190042501518, 0.9408256880733945, 0.9261380765752185, 0.9171326498912706, 0.9249255952380953, 0.9333636915604129, 0.9647556390977443, 0.9279051987767584, 0.9537461773700306, 0.946190042501518, 0.9333636915604129, 0.9388754899005125, 0.9433830382106245, 0.9433830382106245, 0.9408256880733945, 0.9537461773700306, 0.9485362095531586, 0.9408256880733945, 0.9333636915604129, 0.9433830382106245, 0.9191374663072776, 0.9261380765752185, 0.946190042501518, 0.9205373406193078, 0.9433830382106245, 0.9408256880733945, 0.9565082323703014, 0.9355161787365178, 0.9408256880733945, 0.9279051987767584, 0.93828320802005, 0.9433830382106245, 0.9205373406193078, 0.9433830382106245, 0.9261380765752185, 0.9537461773700306, 0.9537461773700306, 0.9537461773700306, 0.9333636915604129, 0.9408256880733945, 0.9537461773700306, 0.9647556390977443, 0.9433830382106245, 0.9279051987767584, 0.9355161787365178, 0.9408256880733945, 0.9433830382106245, 0.9355161787365178, 0.9302578440509475, 0.946190042501518, 0.946190042501518, 0.9615562403697997, 0.9515194235588973, 0.9433830382106245, 0.9333636915604129, 0.9388754899005125, 0.9408256880733945, 0.9485362095531586], "timestamp": 1725204386, "checkpoint_dir_name": null, "done": false, "training_iteration": 1, "trial_id": "805f1_00001", "date": "2024-09-01_16-26-26", "time_this_iter_s": 14.140750408172607, "time_total_s": 14.140750408172607, "pid": 31207, "hostname": "nemo.cl.cam.ac.uk", "node_ip": "128.232.64.154", "config": {"seed": 2, "strategy": "least_confidence"}, "time_since_restore": 14.140750408172607, "iterations_since_restore": 1}
