,trial_id,iteration,test_metric,strategy,seed,score
0,67198_00000,0,0.6654854712969525,least_confidence,1,310.1799929924227
1,67198_00000,1,0.7138752052545156,least_confidence,1,310.1799929924227
2,67198_00000,2,0.7229702162382701,least_confidence,1,310.1799929924227
3,67198_00000,3,0.8195187165775402,least_confidence,1,310.1799929924227
4,67198_00000,4,0.8195187165775402,least_confidence,1,310.1799929924227
5,67198_00000,5,0.75,least_confidence,1,310.1799929924227
6,67198_00000,6,0.8888888888888888,least_confidence,1,310.1799929924227
7,67198_00000,7,0.8596048759983186,least_confidence,1,310.1799929924227
8,67198_00000,8,0.9811320754716981,least_confidence,1,310.1799929924227
9,67198_00000,9,0.9903846153846154,least_confidence,1,310.1799929924227
10,67198_00000,10,0.95,least_confidence,1,310.1799929924227
11,67198_00000,11,0.9799919967987194,least_confidence,1,310.1799929924227
12,67198_00000,12,0.8611111111111112,least_confidence,1,310.1799929924227
13,67198_00000,13,0.9903846153846154,least_confidence,1,310.1799929924227
14,67198_00000,14,0.9811320754716981,least_confidence,1,310.1799929924227
15,67198_00000,15,0.9903846153846154,least_confidence,1,310.1799929924227
16,67198_00000,16,0.9799919967987194,least_confidence,1,310.1799929924227
17,67198_00000,17,0.9811320754716981,least_confidence,1,310.1799929924227
18,67198_00000,18,0.9811320754716981,least_confidence,1,310.1799929924227
19,67198_00000,19,0.9811320754716981,least_confidence,1,310.1799929924227
20,67198_00000,20,0.9811320754716981,least_confidence,1,310.1799929924227
21,67198_00000,21,0.9903846153846154,least_confidence,1,310.1799929924227
22,67198_00000,22,0.9811320754716981,least_confidence,1,310.1799929924227
23,67198_00000,23,0.9703525641025641,least_confidence,1,310.1799929924227
24,67198_00000,24,0.9703525641025641,least_confidence,1,310.1799929924227
25,67198_00000,25,0.9903846153846154,least_confidence,1,310.1799929924227
26,67198_00000,26,0.9799919967987194,least_confidence,1,310.1799929924227
27,67198_00000,27,0.9799919967987194,least_confidence,1,310.1799929924227
28,67198_00000,28,0.9903846153846154,least_confidence,1,310.1799929924227
29,67198_00000,29,0.9799919967987194,least_confidence,1,310.1799929924227
30,67198_00000,30,0.9703525641025641,least_confidence,1,310.1799929924227
31,67198_00000,31,0.9703525641025641,least_confidence,1,310.1799929924227
32,67198_00000,32,0.9903846153846154,least_confidence,1,310.1799929924227
33,67198_00000,33,0.9799919967987194,least_confidence,1,310.1799929924227
34,67198_00000,34,0.9703525641025641,least_confidence,1,310.1799929924227
35,67198_00000,35,0.9799919967987194,least_confidence,1,310.1799929924227
36,67198_00000,36,0.9799919967987194,least_confidence,1,310.1799929924227
37,67198_00000,37,0.9903846153846154,least_confidence,1,310.1799929924227
38,67198_00000,38,0.9799919967987194,least_confidence,1,310.1799929924227
39,67198_00000,39,0.9799919967987194,least_confidence,1,310.1799929924227
40,67198_00000,40,0.9903846153846154,least_confidence,1,310.1799929924227
41,67198_00000,41,0.9903846153846154,least_confidence,1,310.1799929924227
42,67198_00000,42,0.9903846153846154,least_confidence,1,310.1799929924227
43,67198_00000,43,0.9799919967987194,least_confidence,1,310.1799929924227
44,67198_00000,44,0.9811320754716981,least_confidence,1,310.1799929924227
45,67198_00000,45,0.9799919967987194,least_confidence,1,310.1799929924227
46,67198_00000,46,0.9799919967987194,least_confidence,1,310.1799929924227
47,67198_00000,47,0.9903846153846154,least_confidence,1,310.1799929924227
48,67198_00000,48,0.9799919967987194,least_confidence,1,310.1799929924227
49,67198_00000,49,0.9799919967987194,least_confidence,1,310.1799929924227
50,67198_00000,50,0.9903846153846154,least_confidence,1,310.1799929924227
51,67198_00000,51,0.9903846153846154,least_confidence,1,310.1799929924227
52,67198_00000,52,0.9903846153846154,least_confidence,1,310.1799929924227
53,67198_00000,53,0.9811320754716981,least_confidence,1,310.1799929924227
54,67198_00000,54,0.9799919967987194,least_confidence,1,310.1799929924227
55,67198_00000,55,0.9799919967987194,least_confidence,1,310.1799929924227
56,67198_00000,56,0.9811320754716981,least_confidence,1,310.1799929924227
57,67198_00000,57,0.9903846153846154,least_confidence,1,310.1799929924227
58,67198_00000,58,0.9903846153846154,least_confidence,1,310.1799929924227
59,67198_00000,59,0.9903846153846154,least_confidence,1,310.1799929924227
60,67198_00000,60,0.9799919967987194,least_confidence,1,310.1799929924227
61,67198_00000,61,0.9703525641025641,least_confidence,1,310.1799929924227
62,67198_00000,62,0.9903846153846154,least_confidence,1,310.1799929924227
63,67198_00000,63,0.9703525641025641,least_confidence,1,310.1799929924227
64,67198_00000,64,1.0,least_confidence,1,310.1799929924227
65,67198_00000,65,0.9903846153846154,least_confidence,1,310.1799929924227
66,67198_00000,66,0.9903846153846154,least_confidence,1,310.1799929924227
67,67198_00000,67,0.9799919967987194,least_confidence,1,310.1799929924227
68,67198_00000,68,0.9799919967987194,least_confidence,1,310.1799929924227
69,67198_00000,69,0.9799919967987194,least_confidence,1,310.1799929924227
70,67198_00000,70,0.9703525641025641,least_confidence,1,310.1799929924227
71,67198_00000,71,0.9811320754716981,least_confidence,1,310.1799929924227
72,67198_00000,72,0.9703525641025641,least_confidence,1,310.1799929924227
73,67198_00000,73,0.9799919967987194,least_confidence,1,310.1799929924227
74,67198_00000,74,0.9799919967987194,least_confidence,1,310.1799929924227
75,67198_00000,75,0.9799919967987194,least_confidence,1,310.1799929924227
76,67198_00000,76,0.9703525641025641,least_confidence,1,310.1799929924227
77,67198_00000,77,0.9703525641025641,least_confidence,1,310.1799929924227
78,67198_00000,78,0.9799919967987194,least_confidence,1,310.1799929924227
79,67198_00000,79,0.9903846153846154,least_confidence,1,310.1799929924227
80,67198_00000,80,0.9703525641025641,least_confidence,1,310.1799929924227
81,67198_00000,81,0.9799919967987194,least_confidence,1,310.1799929924227
82,67198_00000,82,0.9799919967987194,least_confidence,1,310.1799929924227
83,67198_00000,83,0.9703525641025641,least_confidence,1,310.1799929924227
84,67198_00000,84,0.9703525641025641,least_confidence,1,310.1799929924227
85,67198_00000,85,0.9799919967987194,least_confidence,1,310.1799929924227
86,67198_00000,86,0.9903846153846154,least_confidence,1,310.1799929924227
87,67198_00000,87,0.9799919967987194,least_confidence,1,310.1799929924227
88,67198_00000,88,0.9903846153846154,least_confidence,1,310.1799929924227
89,67198_00000,89,0.9811320754716981,least_confidence,1,310.1799929924227
90,67198_00000,90,0.9799919967987194,least_confidence,1,310.1799929924227
91,67198_00000,91,0.9799919967987194,least_confidence,1,310.1799929924227
92,67198_00000,92,0.9703525641025641,least_confidence,1,310.1799929924227
93,67198_00000,93,1.0,least_confidence,1,310.1799929924227
94,67198_00000,94,0.9799919967987194,least_confidence,1,310.1799929924227
95,67198_00000,95,0.9799919967987194,least_confidence,1,310.1799929924227
96,67198_00000,96,0.9799919967987194,least_confidence,1,310.1799929924227
97,67198_00000,97,0.9903846153846154,least_confidence,1,310.1799929924227
98,67198_00000,98,0.9703525641025641,least_confidence,1,310.1799929924227
99,67198_00000,99,0.9903846153846154,least_confidence,1,310.1799929924227
100,67198_00000,100,0.9703525641025641,least_confidence,1,310.1799929924227
101,67198_00000,101,0.9703525641025641,least_confidence,1,310.1799929924227
102,67198_00000,102,0.9799919967987194,least_confidence,1,310.1799929924227
103,67198_00000,103,0.9799919967987194,least_confidence,1,310.1799929924227
104,67198_00000,104,0.9903846153846154,least_confidence,1,310.1799929924227
105,67198_00000,105,0.9799919967987194,least_confidence,1,310.1799929924227
106,67198_00000,106,0.9703525641025641,least_confidence,1,310.1799929924227
107,67198_00000,107,0.9811320754716981,least_confidence,1,310.1799929924227
108,67198_00000,108,0.9799919967987194,least_confidence,1,310.1799929924227
109,67198_00000,109,0.9799919967987194,least_confidence,1,310.1799929924227
110,67198_00000,110,0.9799919967987194,least_confidence,1,310.1799929924227
111,67198_00000,111,0.9903846153846154,least_confidence,1,310.1799929924227
112,67198_00000,112,0.9703525641025641,least_confidence,1,310.1799929924227
113,67198_00000,113,0.9799919967987194,least_confidence,1,310.1799929924227
114,67198_00000,114,0.9799919967987194,least_confidence,1,310.1799929924227
115,67198_00000,115,0.9799919967987194,least_confidence,1,310.1799929924227
116,67198_00000,116,0.9799919967987194,least_confidence,1,310.1799929924227
117,67198_00000,117,0.9799919967987194,least_confidence,1,310.1799929924227
118,67198_00000,118,0.9903846153846154,least_confidence,1,310.1799929924227
119,67198_00000,119,0.9799919967987194,least_confidence,1,310.1799929924227
120,67198_00000,120,0.9811320754716981,least_confidence,1,310.1799929924227
121,67198_00000,121,0.9799919967987194,least_confidence,1,310.1799929924227
122,67198_00000,122,0.9799919967987194,least_confidence,1,310.1799929924227
123,67198_00000,123,0.9799919967987194,least_confidence,1,310.1799929924227
124,67198_00000,124,0.9799919967987194,least_confidence,1,310.1799929924227
125,67198_00000,125,0.9703525641025641,least_confidence,1,310.1799929924227
126,67198_00000,126,0.9799919967987194,least_confidence,1,310.1799929924227
127,67198_00000,127,0.9799919967987194,least_confidence,1,310.1799929924227
128,67198_00000,128,0.9799919967987194,least_confidence,1,310.1799929924227
129,67198_00000,129,0.9799919967987194,least_confidence,1,310.1799929924227
130,67198_00000,130,0.9703525641025641,least_confidence,1,310.1799929924227
131,67198_00000,131,0.9799919967987194,least_confidence,1,310.1799929924227
132,67198_00000,132,0.9799919967987194,least_confidence,1,310.1799929924227
133,67198_00000,133,0.9811320754716981,least_confidence,1,310.1799929924227
134,67198_00000,134,0.9799919967987194,least_confidence,1,310.1799929924227
135,67198_00000,135,0.9703525641025641,least_confidence,1,310.1799929924227
136,67198_00000,136,0.9903846153846154,least_confidence,1,310.1799929924227
137,67198_00000,137,0.9799919967987194,least_confidence,1,310.1799929924227
138,67198_00000,138,0.9703525641025641,least_confidence,1,310.1799929924227
139,67198_00000,139,0.9811320754716981,least_confidence,1,310.1799929924227
140,67198_00000,140,0.9703525641025641,least_confidence,1,310.1799929924227
141,67198_00000,141,0.9799919967987194,least_confidence,1,310.1799929924227
142,67198_00000,142,0.9799919967987194,least_confidence,1,310.1799929924227
143,67198_00000,143,0.9703525641025641,least_confidence,1,310.1799929924227
144,67198_00000,144,0.9799919967987194,least_confidence,1,310.1799929924227
145,67198_00000,145,0.9799919967987194,least_confidence,1,310.1799929924227
146,67198_00000,146,0.9799919967987194,least_confidence,1,310.1799929924227
147,67198_00000,147,0.9703525641025641,least_confidence,1,310.1799929924227
148,67198_00000,148,0.9799919967987194,least_confidence,1,310.1799929924227
149,67198_00000,149,0.9799919967987194,least_confidence,1,310.1799929924227
150,67198_00000,150,0.9703525641025641,least_confidence,1,310.1799929924227
151,67198_00000,151,0.9811320754716981,least_confidence,1,310.1799929924227
152,67198_00000,152,0.9903846153846154,least_confidence,1,310.1799929924227
153,67198_00000,153,0.9703525641025641,least_confidence,1,310.1799929924227
154,67198_00000,154,0.9703525641025641,least_confidence,1,310.1799929924227
155,67198_00000,155,0.9703525641025641,least_confidence,1,310.1799929924227
156,67198_00000,156,0.9903846153846154,least_confidence,1,310.1799929924227
157,67198_00000,157,0.9799919967987194,least_confidence,1,310.1799929924227
158,67198_00000,158,0.9799919967987194,least_confidence,1,310.1799929924227
159,67198_00000,159,0.9811320754716981,least_confidence,1,310.1799929924227
160,67198_00000,160,0.9811320754716981,least_confidence,1,310.1799929924227
161,67198_00000,161,0.9799919967987194,least_confidence,1,310.1799929924227
162,67198_00000,162,0.9811320754716981,least_confidence,1,310.1799929924227
163,67198_00000,163,0.9799919967987194,least_confidence,1,310.1799929924227
164,67198_00000,164,0.9799919967987194,least_confidence,1,310.1799929924227
165,67198_00000,165,0.9903846153846154,least_confidence,1,310.1799929924227
166,67198_00000,166,0.9703525641025641,least_confidence,1,310.1799929924227
167,67198_00000,167,0.9811320754716981,least_confidence,1,310.1799929924227
168,67198_00000,168,0.9799919967987194,least_confidence,1,310.1799929924227
169,67198_00000,169,0.9799919967987194,least_confidence,1,310.1799929924227
170,67198_00000,170,0.9903846153846154,least_confidence,1,310.1799929924227
171,67198_00000,171,0.9703525641025641,least_confidence,1,310.1799929924227
172,67198_00000,172,0.9799919967987194,least_confidence,1,310.1799929924227
173,67198_00000,173,0.9903846153846154,least_confidence,1,310.1799929924227
174,67198_00000,174,0.9903846153846154,least_confidence,1,310.1799929924227
175,67198_00000,175,0.9799919967987194,least_confidence,1,310.1799929924227
176,67198_00000,176,0.9799919967987194,least_confidence,1,310.1799929924227
177,67198_00000,177,0.9811320754716981,least_confidence,1,310.1799929924227
178,67198_00000,178,1.0,least_confidence,1,310.1799929924227
179,67198_00000,179,0.9903846153846154,least_confidence,1,310.1799929924227
180,67198_00000,180,0.9799919967987194,least_confidence,1,310.1799929924227
181,67198_00000,181,0.9799919967987194,least_confidence,1,310.1799929924227
182,67198_00000,182,0.9903846153846154,least_confidence,1,310.1799929924227
183,67198_00000,183,0.9799919967987194,least_confidence,1,310.1799929924227
184,67198_00000,184,0.9703525641025641,least_confidence,1,310.1799929924227
185,67198_00000,185,0.9903846153846154,least_confidence,1,310.1799929924227
186,67198_00000,186,0.9799919967987194,least_confidence,1,310.1799929924227
187,67198_00000,187,0.9903846153846154,least_confidence,1,310.1799929924227
188,67198_00000,188,0.9799919967987194,least_confidence,1,310.1799929924227
189,67198_00000,189,0.9703525641025641,least_confidence,1,310.1799929924227
190,67198_00000,190,0.9799919967987194,least_confidence,1,310.1799929924227
191,67198_00000,191,0.9799919967987194,least_confidence,1,310.1799929924227
192,67198_00000,192,0.9799919967987194,least_confidence,1,310.1799929924227
193,67198_00000,193,0.9799919967987194,least_confidence,1,310.1799929924227
194,67198_00000,194,0.9903846153846154,least_confidence,1,310.1799929924227
195,67198_00000,195,0.9903846153846154,least_confidence,1,310.1799929924227
196,67198_00000,196,0.9903846153846154,least_confidence,1,310.1799929924227
197,67198_00000,197,0.9703525641025641,least_confidence,1,310.1799929924227
198,67198_00000,198,0.9703525641025641,least_confidence,1,310.1799929924227
199,67198_00000,199,0.9703525641025641,least_confidence,1,310.1799929924227
200,67198_00000,200,0.9799919967987194,least_confidence,1,310.1799929924227
201,67198_00000,201,0.9799919967987194,least_confidence,1,310.1799929924227
202,67198_00000,202,0.9799919967987194,least_confidence,1,310.1799929924227
203,67198_00000,203,0.9903846153846154,least_confidence,1,310.1799929924227
204,67198_00000,204,0.9703525641025641,least_confidence,1,310.1799929924227
205,67198_00000,205,0.9703525641025641,least_confidence,1,310.1799929924227
206,67198_00000,206,0.9703525641025641,least_confidence,1,310.1799929924227
207,67198_00000,207,0.9703525641025641,least_confidence,1,310.1799929924227
208,67198_00000,208,0.9799919967987194,least_confidence,1,310.1799929924227
209,67198_00000,209,0.9799919967987194,least_confidence,1,310.1799929924227
210,67198_00000,210,0.9703525641025641,least_confidence,1,310.1799929924227
211,67198_00000,211,0.9799919967987194,least_confidence,1,310.1799929924227
212,67198_00000,212,0.9811320754716981,least_confidence,1,310.1799929924227
213,67198_00000,213,0.9903846153846154,least_confidence,1,310.1799929924227
214,67198_00000,214,0.9799919967987194,least_confidence,1,310.1799929924227
215,67198_00000,215,0.9799919967987194,least_confidence,1,310.1799929924227
216,67198_00000,216,0.9903846153846154,least_confidence,1,310.1799929924227
217,67198_00000,217,0.9799919967987194,least_confidence,1,310.1799929924227
218,67198_00000,218,0.9799919967987194,least_confidence,1,310.1799929924227
219,67198_00000,219,0.9703525641025641,least_confidence,1,310.1799929924227
220,67198_00000,220,0.9811320754716981,least_confidence,1,310.1799929924227
221,67198_00000,221,0.9799919967987194,least_confidence,1,310.1799929924227
222,67198_00000,222,0.9799919967987194,least_confidence,1,310.1799929924227
223,67198_00000,223,0.9799919967987194,least_confidence,1,310.1799929924227
224,67198_00000,224,0.9799919967987194,least_confidence,1,310.1799929924227
225,67198_00000,225,0.9799919967987194,least_confidence,1,310.1799929924227
226,67198_00000,226,0.9903846153846154,least_confidence,1,310.1799929924227
227,67198_00000,227,0.9799919967987194,least_confidence,1,310.1799929924227
228,67198_00000,228,0.9903846153846154,least_confidence,1,310.1799929924227
229,67198_00000,229,0.9703525641025641,least_confidence,1,310.1799929924227
230,67198_00000,230,0.9811320754716981,least_confidence,1,310.1799929924227
231,67198_00000,231,0.9703525641025641,least_confidence,1,310.1799929924227
232,67198_00000,232,0.9799919967987194,least_confidence,1,310.1799929924227
233,67198_00000,233,0.9799919967987194,least_confidence,1,310.1799929924227
234,67198_00000,234,0.9799919967987194,least_confidence,1,310.1799929924227
235,67198_00000,235,0.9703525641025641,least_confidence,1,310.1799929924227
236,67198_00000,236,0.9903846153846154,least_confidence,1,310.1799929924227
237,67198_00000,237,0.9903846153846154,least_confidence,1,310.1799929924227
238,67198_00000,238,0.9799919967987194,least_confidence,1,310.1799929924227
239,67198_00000,239,0.9703525641025641,least_confidence,1,310.1799929924227
240,67198_00000,240,0.9703525641025641,least_confidence,1,310.1799929924227
241,67198_00000,241,0.9799919967987194,least_confidence,1,310.1799929924227
242,67198_00000,242,0.9703525641025641,least_confidence,1,310.1799929924227
243,67198_00000,243,0.9799919967987194,least_confidence,1,310.1799929924227
244,67198_00000,244,0.9799919967987194,least_confidence,1,310.1799929924227
245,67198_00000,245,0.9799919967987194,least_confidence,1,310.1799929924227
246,67198_00000,246,0.9799919967987194,least_confidence,1,310.1799929924227
247,67198_00000,247,0.9799919967987194,least_confidence,1,310.1799929924227
248,67198_00000,248,0.9811320754716981,least_confidence,1,310.1799929924227
249,67198_00000,249,0.9799919967987194,least_confidence,1,310.1799929924227
250,67198_00000,250,0.9799919967987194,least_confidence,1,310.1799929924227
251,67198_00000,251,0.9799919967987194,least_confidence,1,310.1799929924227
252,67198_00000,252,0.9811320754716981,least_confidence,1,310.1799929924227
253,67198_00000,253,0.9799919967987194,least_confidence,1,310.1799929924227
254,67198_00000,254,0.9799919967987194,least_confidence,1,310.1799929924227
255,67198_00000,255,0.9799919967987194,least_confidence,1,310.1799929924227
256,67198_00000,256,0.9799919967987194,least_confidence,1,310.1799929924227
257,67198_00000,257,0.9799919967987194,least_confidence,1,310.1799929924227
258,67198_00000,258,0.9799919967987194,least_confidence,1,310.1799929924227
259,67198_00000,259,0.9799919967987194,least_confidence,1,310.1799929924227
260,67198_00000,260,0.9703525641025641,least_confidence,1,310.1799929924227
261,67198_00000,261,0.9799919967987194,least_confidence,1,310.1799929924227
262,67198_00000,262,0.9799919967987194,least_confidence,1,310.1799929924227
263,67198_00000,263,0.9799919967987194,least_confidence,1,310.1799929924227
264,67198_00000,264,0.9799919967987194,least_confidence,1,310.1799929924227
265,67198_00000,265,0.9799919967987194,least_confidence,1,310.1799929924227
266,67198_00000,266,0.9903846153846154,least_confidence,1,310.1799929924227
267,67198_00000,267,0.9811320754716981,least_confidence,1,310.1799929924227
268,67198_00000,268,0.9799919967987194,least_confidence,1,310.1799929924227
269,67198_00000,269,0.9903846153846154,least_confidence,1,310.1799929924227
270,67198_00000,270,0.9799919967987194,least_confidence,1,310.1799929924227
271,67198_00000,271,0.9799919967987194,least_confidence,1,310.1799929924227
272,67198_00000,272,0.9903846153846154,least_confidence,1,310.1799929924227
273,67198_00000,273,0.9811320754716981,least_confidence,1,310.1799929924227
274,67198_00000,274,0.9703525641025641,least_confidence,1,310.1799929924227
275,67198_00000,275,0.9799919967987194,least_confidence,1,310.1799929924227
276,67198_00000,276,0.9799919967987194,least_confidence,1,310.1799929924227
277,67198_00000,277,0.9799919967987194,least_confidence,1,310.1799929924227
278,67198_00000,278,0.9799919967987194,least_confidence,1,310.1799929924227
279,67198_00000,279,0.9799919967987194,least_confidence,1,310.1799929924227
280,67198_00000,280,0.9903846153846154,least_confidence,1,310.1799929924227
281,67198_00000,281,0.9799919967987194,least_confidence,1,310.1799929924227
282,67198_00000,282,0.9903846153846154,least_confidence,1,310.1799929924227
283,67198_00000,283,0.9799919967987194,least_confidence,1,310.1799929924227
284,67198_00000,284,0.9703525641025641,least_confidence,1,310.1799929924227
285,67198_00000,285,0.9799919967987194,least_confidence,1,310.1799929924227
286,67198_00000,286,0.9799919967987194,least_confidence,1,310.1799929924227
287,67198_00000,287,0.9799919967987194,least_confidence,1,310.1799929924227
288,67198_00000,288,0.9799919967987194,least_confidence,1,310.1799929924227
289,67198_00000,289,0.9903846153846154,least_confidence,1,310.1799929924227
290,67198_00000,290,0.9799919967987194,least_confidence,1,310.1799929924227
291,67198_00000,291,0.9799919967987194,least_confidence,1,310.1799929924227
292,67198_00000,292,0.9799919967987194,least_confidence,1,310.1799929924227
293,67198_00000,293,0.9903846153846154,least_confidence,1,310.1799929924227
294,67198_00000,294,0.9703525641025641,least_confidence,1,310.1799929924227
295,67198_00000,295,0.9799919967987194,least_confidence,1,310.1799929924227
296,67198_00000,296,0.9799919967987194,least_confidence,1,310.1799929924227
297,67198_00000,297,0.9811320754716981,least_confidence,1,310.1799929924227
298,67198_00000,298,0.9799919967987194,least_confidence,1,310.1799929924227
299,67198_00000,299,0.9703525641025641,least_confidence,1,310.1799929924227
300,67198_00000,300,0.9799919967987194,least_confidence,1,310.1799929924227
301,67198_00000,301,0.9799919967987194,least_confidence,1,310.1799929924227
302,67198_00000,302,0.9799919967987194,least_confidence,1,310.1799929924227
303,67198_00000,303,0.9799919967987194,least_confidence,1,310.1799929924227
304,67198_00000,304,0.9799919967987194,least_confidence,1,310.1799929924227
305,67198_00000,305,0.9799919967987194,least_confidence,1,310.1799929924227
306,67198_00000,306,0.9799919967987194,least_confidence,1,310.1799929924227
307,67198_00000,307,0.9799919967987194,least_confidence,1,310.1799929924227
308,67198_00000,308,0.9799919967987194,least_confidence,1,310.1799929924227
309,67198_00000,309,0.9903846153846154,least_confidence,1,310.1799929924227
310,67198_00000,310,0.9799919967987194,least_confidence,1,310.1799929924227
311,67198_00000,311,0.9703525641025641,least_confidence,1,310.1799929924227
312,67198_00000,312,0.9811320754716981,least_confidence,1,310.1799929924227
313,67198_00000,313,0.9799919967987194,least_confidence,1,310.1799929924227
314,67198_00000,314,0.9799919967987194,least_confidence,1,310.1799929924227
315,67198_00000,315,0.9799919967987194,least_confidence,1,310.1799929924227
316,67198_00000,316,0.9703525641025641,least_confidence,1,310.1799929924227
317,67198_00000,317,0.9703525641025641,least_confidence,1,310.1799929924227
318,67198_00000,318,0.9703525641025641,least_confidence,1,310.1799929924227
319,67198_00001,0,0.42371323529411764,least_confidence,2,316.6379233010467
320,67198_00001,1,0.8642857142857143,least_confidence,2,316.6379233010467
321,67198_00001,2,0.7816091954022988,least_confidence,2,316.6379233010467
322,67198_00001,3,0.8430574400723654,least_confidence,2,316.6379233010467
323,67198_00001,4,1.0,least_confidence,2,316.6379233010467
324,67198_00001,5,1.0,least_confidence,2,316.6379233010467
325,67198_00001,6,0.9553571428571428,least_confidence,2,316.6379233010467
326,67198_00001,7,0.890224358974359,least_confidence,2,316.6379233010467
327,67198_00001,8,0.79,least_confidence,2,316.6379233010467
328,67198_00001,9,0.9319645732689211,least_confidence,2,316.6379233010467
329,67198_00001,10,0.9803921568627452,least_confidence,2,316.6379233010467
330,67198_00001,11,1.0,least_confidence,2,316.6379233010467
331,67198_00001,12,0.9434343434343434,least_confidence,2,316.6379233010467
332,67198_00001,13,1.0,least_confidence,2,316.6379233010467
333,67198_00001,14,1.0,least_confidence,2,316.6379233010467
334,67198_00001,15,1.0,least_confidence,2,316.6379233010467
335,67198_00001,16,1.0,least_confidence,2,316.6379233010467
336,67198_00001,17,0.9553571428571428,least_confidence,2,316.6379233010467
337,67198_00001,18,1.0,least_confidence,2,316.6379233010467
338,67198_00001,19,1.0,least_confidence,2,316.6379233010467
339,67198_00001,20,0.9903846153846154,least_confidence,2,316.6379233010467
340,67198_00001,21,1.0,least_confidence,2,316.6379233010467
341,67198_00001,22,1.0,least_confidence,2,316.6379233010467
342,67198_00001,23,1.0,least_confidence,2,316.6379233010467
343,67198_00001,24,1.0,least_confidence,2,316.6379233010467
344,67198_00001,25,1.0,least_confidence,2,316.6379233010467
345,67198_00001,26,1.0,least_confidence,2,316.6379233010467
346,67198_00001,27,1.0,least_confidence,2,316.6379233010467
347,67198_00001,28,1.0,least_confidence,2,316.6379233010467
348,67198_00001,29,1.0,least_confidence,2,316.6379233010467
349,67198_00001,30,1.0,least_confidence,2,316.6379233010467
350,67198_00001,31,1.0,least_confidence,2,316.6379233010467
351,67198_00001,32,1.0,least_confidence,2,316.6379233010467
352,67198_00001,33,1.0,least_confidence,2,316.6379233010467
353,67198_00001,34,1.0,least_confidence,2,316.6379233010467
354,67198_00001,35,1.0,least_confidence,2,316.6379233010467
355,67198_00001,36,1.0,least_confidence,2,316.6379233010467
356,67198_00001,37,1.0,least_confidence,2,316.6379233010467
357,67198_00001,38,1.0,least_confidence,2,316.6379233010467
358,67198_00001,39,1.0,least_confidence,2,316.6379233010467
359,67198_00001,40,1.0,least_confidence,2,316.6379233010467
360,67198_00001,41,1.0,least_confidence,2,316.6379233010467
361,67198_00001,42,1.0,least_confidence,2,316.6379233010467
362,67198_00001,43,1.0,least_confidence,2,316.6379233010467
363,67198_00001,44,1.0,least_confidence,2,316.6379233010467
364,67198_00001,45,1.0,least_confidence,2,316.6379233010467
365,67198_00001,46,1.0,least_confidence,2,316.6379233010467
366,67198_00001,47,1.0,least_confidence,2,316.6379233010467
367,67198_00001,48,1.0,least_confidence,2,316.6379233010467
368,67198_00001,49,1.0,least_confidence,2,316.6379233010467
369,67198_00001,50,1.0,least_confidence,2,316.6379233010467
370,67198_00001,51,1.0,least_confidence,2,316.6379233010467
371,67198_00001,52,1.0,least_confidence,2,316.6379233010467
372,67198_00001,53,1.0,least_confidence,2,316.6379233010467
373,67198_00001,54,1.0,least_confidence,2,316.6379233010467
374,67198_00001,55,1.0,least_confidence,2,316.6379233010467
375,67198_00001,56,1.0,least_confidence,2,316.6379233010467
376,67198_00001,57,1.0,least_confidence,2,316.6379233010467
377,67198_00001,58,1.0,least_confidence,2,316.6379233010467
378,67198_00001,59,1.0,least_confidence,2,316.6379233010467
379,67198_00001,60,1.0,least_confidence,2,316.6379233010467
380,67198_00001,61,1.0,least_confidence,2,316.6379233010467
381,67198_00001,62,1.0,least_confidence,2,316.6379233010467
382,67198_00001,63,1.0,least_confidence,2,316.6379233010467
383,67198_00001,64,1.0,least_confidence,2,316.6379233010467
384,67198_00001,65,1.0,least_confidence,2,316.6379233010467
385,67198_00001,66,1.0,least_confidence,2,316.6379233010467
386,67198_00001,67,1.0,least_confidence,2,316.6379233010467
387,67198_00001,68,1.0,least_confidence,2,316.6379233010467
388,67198_00001,69,1.0,least_confidence,2,316.6379233010467
389,67198_00001,70,1.0,least_confidence,2,316.6379233010467
390,67198_00001,71,1.0,least_confidence,2,316.6379233010467
391,67198_00001,72,1.0,least_confidence,2,316.6379233010467
392,67198_00001,73,1.0,least_confidence,2,316.6379233010467
393,67198_00001,74,1.0,least_confidence,2,316.6379233010467
394,67198_00001,75,1.0,least_confidence,2,316.6379233010467
395,67198_00001,76,1.0,least_confidence,2,316.6379233010467
396,67198_00001,77,1.0,least_confidence,2,316.6379233010467
397,67198_00001,78,1.0,least_confidence,2,316.6379233010467
398,67198_00001,79,1.0,least_confidence,2,316.6379233010467
399,67198_00001,80,1.0,least_confidence,2,316.6379233010467
400,67198_00001,81,1.0,least_confidence,2,316.6379233010467
401,67198_00001,82,1.0,least_confidence,2,316.6379233010467
402,67198_00001,83,1.0,least_confidence,2,316.6379233010467
403,67198_00001,84,1.0,least_confidence,2,316.6379233010467
404,67198_00001,85,1.0,least_confidence,2,316.6379233010467
405,67198_00001,86,1.0,least_confidence,2,316.6379233010467
406,67198_00001,87,1.0,least_confidence,2,316.6379233010467
407,67198_00001,88,1.0,least_confidence,2,316.6379233010467
408,67198_00001,89,1.0,least_confidence,2,316.6379233010467
409,67198_00001,90,1.0,least_confidence,2,316.6379233010467
410,67198_00001,91,1.0,least_confidence,2,316.6379233010467
411,67198_00001,92,1.0,least_confidence,2,316.6379233010467
412,67198_00001,93,1.0,least_confidence,2,316.6379233010467
413,67198_00001,94,1.0,least_confidence,2,316.6379233010467
414,67198_00001,95,1.0,least_confidence,2,316.6379233010467
415,67198_00001,96,1.0,least_confidence,2,316.6379233010467
416,67198_00001,97,1.0,least_confidence,2,316.6379233010467
417,67198_00001,98,1.0,least_confidence,2,316.6379233010467
418,67198_00001,99,1.0,least_confidence,2,316.6379233010467
419,67198_00001,100,1.0,least_confidence,2,316.6379233010467
420,67198_00001,101,1.0,least_confidence,2,316.6379233010467
421,67198_00001,102,1.0,least_confidence,2,316.6379233010467
422,67198_00001,103,1.0,least_confidence,2,316.6379233010467
423,67198_00001,104,1.0,least_confidence,2,316.6379233010467
424,67198_00001,105,1.0,least_confidence,2,316.6379233010467
425,67198_00001,106,1.0,least_confidence,2,316.6379233010467
426,67198_00001,107,1.0,least_confidence,2,316.6379233010467
427,67198_00001,108,1.0,least_confidence,2,316.6379233010467
428,67198_00001,109,1.0,least_confidence,2,316.6379233010467
429,67198_00001,110,1.0,least_confidence,2,316.6379233010467
430,67198_00001,111,1.0,least_confidence,2,316.6379233010467
431,67198_00001,112,1.0,least_confidence,2,316.6379233010467
432,67198_00001,113,1.0,least_confidence,2,316.6379233010467
433,67198_00001,114,1.0,least_confidence,2,316.6379233010467
434,67198_00001,115,1.0,least_confidence,2,316.6379233010467
435,67198_00001,116,1.0,least_confidence,2,316.6379233010467
436,67198_00001,117,1.0,least_confidence,2,316.6379233010467
437,67198_00001,118,1.0,least_confidence,2,316.6379233010467
438,67198_00001,119,1.0,least_confidence,2,316.6379233010467
439,67198_00001,120,1.0,least_confidence,2,316.6379233010467
440,67198_00001,121,1.0,least_confidence,2,316.6379233010467
441,67198_00001,122,1.0,least_confidence,2,316.6379233010467
442,67198_00001,123,1.0,least_confidence,2,316.6379233010467
443,67198_00001,124,1.0,least_confidence,2,316.6379233010467
444,67198_00001,125,1.0,least_confidence,2,316.6379233010467
445,67198_00001,126,1.0,least_confidence,2,316.6379233010467
446,67198_00001,127,1.0,least_confidence,2,316.6379233010467
447,67198_00001,128,1.0,least_confidence,2,316.6379233010467
448,67198_00001,129,1.0,least_confidence,2,316.6379233010467
449,67198_00001,130,1.0,least_confidence,2,316.6379233010467
450,67198_00001,131,1.0,least_confidence,2,316.6379233010467
451,67198_00001,132,1.0,least_confidence,2,316.6379233010467
452,67198_00001,133,1.0,least_confidence,2,316.6379233010467
453,67198_00001,134,1.0,least_confidence,2,316.6379233010467
454,67198_00001,135,1.0,least_confidence,2,316.6379233010467
455,67198_00001,136,1.0,least_confidence,2,316.6379233010467
456,67198_00001,137,1.0,least_confidence,2,316.6379233010467
457,67198_00001,138,1.0,least_confidence,2,316.6379233010467
458,67198_00001,139,1.0,least_confidence,2,316.6379233010467
459,67198_00001,140,1.0,least_confidence,2,316.6379233010467
460,67198_00001,141,1.0,least_confidence,2,316.6379233010467
461,67198_00001,142,1.0,least_confidence,2,316.6379233010467
462,67198_00001,143,1.0,least_confidence,2,316.6379233010467
463,67198_00001,144,1.0,least_confidence,2,316.6379233010467
464,67198_00001,145,1.0,least_confidence,2,316.6379233010467
465,67198_00001,146,1.0,least_confidence,2,316.6379233010467
466,67198_00001,147,1.0,least_confidence,2,316.6379233010467
467,67198_00001,148,1.0,least_confidence,2,316.6379233010467
468,67198_00001,149,1.0,least_confidence,2,316.6379233010467
469,67198_00001,150,1.0,least_confidence,2,316.6379233010467
470,67198_00001,151,1.0,least_confidence,2,316.6379233010467
471,67198_00001,152,1.0,least_confidence,2,316.6379233010467
472,67198_00001,153,1.0,least_confidence,2,316.6379233010467
473,67198_00001,154,1.0,least_confidence,2,316.6379233010467
474,67198_00001,155,1.0,least_confidence,2,316.6379233010467
475,67198_00001,156,1.0,least_confidence,2,316.6379233010467
476,67198_00001,157,1.0,least_confidence,2,316.6379233010467
477,67198_00001,158,1.0,least_confidence,2,316.6379233010467
478,67198_00001,159,1.0,least_confidence,2,316.6379233010467
479,67198_00001,160,1.0,least_confidence,2,316.6379233010467
480,67198_00001,161,1.0,least_confidence,2,316.6379233010467
481,67198_00001,162,1.0,least_confidence,2,316.6379233010467
482,67198_00001,163,1.0,least_confidence,2,316.6379233010467
483,67198_00001,164,1.0,least_confidence,2,316.6379233010467
484,67198_00001,165,1.0,least_confidence,2,316.6379233010467
485,67198_00001,166,1.0,least_confidence,2,316.6379233010467
486,67198_00001,167,1.0,least_confidence,2,316.6379233010467
487,67198_00001,168,1.0,least_confidence,2,316.6379233010467
488,67198_00001,169,1.0,least_confidence,2,316.6379233010467
489,67198_00001,170,1.0,least_confidence,2,316.6379233010467
490,67198_00001,171,1.0,least_confidence,2,316.6379233010467
491,67198_00001,172,1.0,least_confidence,2,316.6379233010467
492,67198_00001,173,1.0,least_confidence,2,316.6379233010467
493,67198_00001,174,1.0,least_confidence,2,316.6379233010467
494,67198_00001,175,1.0,least_confidence,2,316.6379233010467
495,67198_00001,176,1.0,least_confidence,2,316.6379233010467
496,67198_00001,177,1.0,least_confidence,2,316.6379233010467
497,67198_00001,178,1.0,least_confidence,2,316.6379233010467
498,67198_00001,179,1.0,least_confidence,2,316.6379233010467
499,67198_00001,180,1.0,least_confidence,2,316.6379233010467
500,67198_00001,181,1.0,least_confidence,2,316.6379233010467
501,67198_00001,182,1.0,least_confidence,2,316.6379233010467
502,67198_00001,183,1.0,least_confidence,2,316.6379233010467
503,67198_00001,184,1.0,least_confidence,2,316.6379233010467
504,67198_00001,185,1.0,least_confidence,2,316.6379233010467
505,67198_00001,186,1.0,least_confidence,2,316.6379233010467
506,67198_00001,187,1.0,least_confidence,2,316.6379233010467
507,67198_00001,188,1.0,least_confidence,2,316.6379233010467
508,67198_00001,189,1.0,least_confidence,2,316.6379233010467
509,67198_00001,190,1.0,least_confidence,2,316.6379233010467
510,67198_00001,191,1.0,least_confidence,2,316.6379233010467
511,67198_00001,192,1.0,least_confidence,2,316.6379233010467
512,67198_00001,193,1.0,least_confidence,2,316.6379233010467
513,67198_00001,194,1.0,least_confidence,2,316.6379233010467
514,67198_00001,195,1.0,least_confidence,2,316.6379233010467
515,67198_00001,196,1.0,least_confidence,2,316.6379233010467
516,67198_00001,197,1.0,least_confidence,2,316.6379233010467
517,67198_00001,198,1.0,least_confidence,2,316.6379233010467
518,67198_00001,199,1.0,least_confidence,2,316.6379233010467
519,67198_00001,200,1.0,least_confidence,2,316.6379233010467
520,67198_00001,201,1.0,least_confidence,2,316.6379233010467
521,67198_00001,202,1.0,least_confidence,2,316.6379233010467
522,67198_00001,203,1.0,least_confidence,2,316.6379233010467
523,67198_00001,204,1.0,least_confidence,2,316.6379233010467
524,67198_00001,205,1.0,least_confidence,2,316.6379233010467
525,67198_00001,206,1.0,least_confidence,2,316.6379233010467
526,67198_00001,207,1.0,least_confidence,2,316.6379233010467
527,67198_00001,208,1.0,least_confidence,2,316.6379233010467
528,67198_00001,209,1.0,least_confidence,2,316.6379233010467
529,67198_00001,210,1.0,least_confidence,2,316.6379233010467
530,67198_00001,211,1.0,least_confidence,2,316.6379233010467
531,67198_00001,212,1.0,least_confidence,2,316.6379233010467
532,67198_00001,213,1.0,least_confidence,2,316.6379233010467
533,67198_00001,214,1.0,least_confidence,2,316.6379233010467
534,67198_00001,215,1.0,least_confidence,2,316.6379233010467
535,67198_00001,216,1.0,least_confidence,2,316.6379233010467
536,67198_00001,217,1.0,least_confidence,2,316.6379233010467
537,67198_00001,218,1.0,least_confidence,2,316.6379233010467
538,67198_00001,219,1.0,least_confidence,2,316.6379233010467
539,67198_00001,220,1.0,least_confidence,2,316.6379233010467
540,67198_00001,221,1.0,least_confidence,2,316.6379233010467
541,67198_00001,222,1.0,least_confidence,2,316.6379233010467
542,67198_00001,223,1.0,least_confidence,2,316.6379233010467
543,67198_00001,224,1.0,least_confidence,2,316.6379233010467
544,67198_00001,225,1.0,least_confidence,2,316.6379233010467
545,67198_00001,226,1.0,least_confidence,2,316.6379233010467
546,67198_00001,227,1.0,least_confidence,2,316.6379233010467
547,67198_00001,228,1.0,least_confidence,2,316.6379233010467
548,67198_00001,229,1.0,least_confidence,2,316.6379233010467
549,67198_00001,230,1.0,least_confidence,2,316.6379233010467
550,67198_00001,231,1.0,least_confidence,2,316.6379233010467
551,67198_00001,232,1.0,least_confidence,2,316.6379233010467
552,67198_00001,233,1.0,least_confidence,2,316.6379233010467
553,67198_00001,234,1.0,least_confidence,2,316.6379233010467
554,67198_00001,235,1.0,least_confidence,2,316.6379233010467
555,67198_00001,236,1.0,least_confidence,2,316.6379233010467
556,67198_00001,237,1.0,least_confidence,2,316.6379233010467
557,67198_00001,238,1.0,least_confidence,2,316.6379233010467
558,67198_00001,239,1.0,least_confidence,2,316.6379233010467
559,67198_00001,240,1.0,least_confidence,2,316.6379233010467
560,67198_00001,241,1.0,least_confidence,2,316.6379233010467
561,67198_00001,242,1.0,least_confidence,2,316.6379233010467
562,67198_00001,243,1.0,least_confidence,2,316.6379233010467
563,67198_00001,244,1.0,least_confidence,2,316.6379233010467
564,67198_00001,245,1.0,least_confidence,2,316.6379233010467
565,67198_00001,246,1.0,least_confidence,2,316.6379233010467
566,67198_00001,247,1.0,least_confidence,2,316.6379233010467
567,67198_00001,248,1.0,least_confidence,2,316.6379233010467
568,67198_00001,249,1.0,least_confidence,2,316.6379233010467
569,67198_00001,250,1.0,least_confidence,2,316.6379233010467
570,67198_00001,251,1.0,least_confidence,2,316.6379233010467
571,67198_00001,252,1.0,least_confidence,2,316.6379233010467
572,67198_00001,253,1.0,least_confidence,2,316.6379233010467
573,67198_00001,254,1.0,least_confidence,2,316.6379233010467
574,67198_00001,255,1.0,least_confidence,2,316.6379233010467
575,67198_00001,256,1.0,least_confidence,2,316.6379233010467
576,67198_00001,257,1.0,least_confidence,2,316.6379233010467
577,67198_00001,258,1.0,least_confidence,2,316.6379233010467
578,67198_00001,259,1.0,least_confidence,2,316.6379233010467
579,67198_00001,260,1.0,least_confidence,2,316.6379233010467
580,67198_00001,261,1.0,least_confidence,2,316.6379233010467
581,67198_00001,262,1.0,least_confidence,2,316.6379233010467
582,67198_00001,263,1.0,least_confidence,2,316.6379233010467
583,67198_00001,264,1.0,least_confidence,2,316.6379233010467
584,67198_00001,265,1.0,least_confidence,2,316.6379233010467
585,67198_00001,266,1.0,least_confidence,2,316.6379233010467
586,67198_00001,267,1.0,least_confidence,2,316.6379233010467
587,67198_00001,268,1.0,least_confidence,2,316.6379233010467
588,67198_00001,269,1.0,least_confidence,2,316.6379233010467
589,67198_00001,270,1.0,least_confidence,2,316.6379233010467
590,67198_00001,271,1.0,least_confidence,2,316.6379233010467
591,67198_00001,272,1.0,least_confidence,2,316.6379233010467
592,67198_00001,273,1.0,least_confidence,2,316.6379233010467
593,67198_00001,274,1.0,least_confidence,2,316.6379233010467
594,67198_00001,275,1.0,least_confidence,2,316.6379233010467
595,67198_00001,276,1.0,least_confidence,2,316.6379233010467
596,67198_00001,277,1.0,least_confidence,2,316.6379233010467
597,67198_00001,278,1.0,least_confidence,2,316.6379233010467
598,67198_00001,279,1.0,least_confidence,2,316.6379233010467
599,67198_00001,280,1.0,least_confidence,2,316.6379233010467
600,67198_00001,281,1.0,least_confidence,2,316.6379233010467
601,67198_00001,282,1.0,least_confidence,2,316.6379233010467
602,67198_00001,283,1.0,least_confidence,2,316.6379233010467
603,67198_00001,284,1.0,least_confidence,2,316.6379233010467
604,67198_00001,285,1.0,least_confidence,2,316.6379233010467
605,67198_00001,286,1.0,least_confidence,2,316.6379233010467
606,67198_00001,287,1.0,least_confidence,2,316.6379233010467
607,67198_00001,288,1.0,least_confidence,2,316.6379233010467
608,67198_00001,289,1.0,least_confidence,2,316.6379233010467
609,67198_00001,290,1.0,least_confidence,2,316.6379233010467
610,67198_00001,291,1.0,least_confidence,2,316.6379233010467
611,67198_00001,292,1.0,least_confidence,2,316.6379233010467
612,67198_00001,293,1.0,least_confidence,2,316.6379233010467
613,67198_00001,294,1.0,least_confidence,2,316.6379233010467
614,67198_00001,295,1.0,least_confidence,2,316.6379233010467
615,67198_00001,296,1.0,least_confidence,2,316.6379233010467
616,67198_00001,297,1.0,least_confidence,2,316.6379233010467
617,67198_00001,298,1.0,least_confidence,2,316.6379233010467
618,67198_00001,299,1.0,least_confidence,2,316.6379233010467
619,67198_00001,300,1.0,least_confidence,2,316.6379233010467
620,67198_00001,301,1.0,least_confidence,2,316.6379233010467
621,67198_00001,302,1.0,least_confidence,2,316.6379233010467
622,67198_00001,303,1.0,least_confidence,2,316.6379233010467
623,67198_00001,304,1.0,least_confidence,2,316.6379233010467
624,67198_00001,305,1.0,least_confidence,2,316.6379233010467
625,67198_00001,306,1.0,least_confidence,2,316.6379233010467
626,67198_00001,307,1.0,least_confidence,2,316.6379233010467
627,67198_00001,308,1.0,least_confidence,2,316.6379233010467
628,67198_00001,309,1.0,least_confidence,2,316.6379233010467
629,67198_00001,310,1.0,least_confidence,2,316.6379233010467
630,67198_00001,311,1.0,least_confidence,2,316.6379233010467
631,67198_00001,312,1.0,least_confidence,2,316.6379233010467
632,67198_00001,313,1.0,least_confidence,2,316.6379233010467
633,67198_00001,314,1.0,least_confidence,2,316.6379233010467
634,67198_00001,315,1.0,least_confidence,2,316.6379233010467
635,67198_00001,316,1.0,least_confidence,2,316.6379233010467
636,67198_00001,317,1.0,least_confidence,2,316.6379233010467
637,67198_00001,318,1.0,least_confidence,2,316.6379233010467
638,67198_00002,0,0.7712765957446808,least_confidence,3,312.7235083575239
639,67198_00002,1,0.51,least_confidence,3,312.7235083575239
640,67198_00002,2,0.5311542390194075,least_confidence,3,312.7235083575239
641,67198_00002,3,0.8370279146141215,least_confidence,3,312.7235083575239
642,67198_00002,4,0.9047619047619048,least_confidence,3,312.7235083575239
643,67198_00002,5,0.8695652173913043,least_confidence,3,312.7235083575239
644,67198_00002,6,0.9047619047619048,least_confidence,3,312.7235083575239
645,67198_00002,7,0.9047619047619048,least_confidence,3,312.7235083575239
646,67198_00002,8,0.8984375,least_confidence,3,312.7235083575239
647,67198_00002,9,0.8370279146141215,least_confidence,3,312.7235083575239
648,67198_00002,10,0.9047619047619048,least_confidence,3,312.7235083575239
649,67198_00002,11,0.8984375,least_confidence,3,312.7235083575239
650,67198_00002,12,0.9047619047619048,least_confidence,3,312.7235083575239
651,67198_00002,13,0.8984375,least_confidence,3,312.7235083575239
652,67198_00002,14,0.9903846153846154,least_confidence,3,312.7235083575239
653,67198_00002,15,0.9903846153846154,least_confidence,3,312.7235083575239
654,67198_00002,16,0.9553571428571428,least_confidence,3,312.7235083575239
655,67198_00002,17,0.9903846153846154,least_confidence,3,312.7235083575239
656,67198_00002,18,0.9903846153846154,least_confidence,3,312.7235083575239
657,67198_00002,19,0.9903846153846154,least_confidence,3,312.7235083575239
658,67198_00002,20,0.9903846153846154,least_confidence,3,312.7235083575239
659,67198_00002,21,0.9903846153846154,least_confidence,3,312.7235083575239
660,67198_00002,22,0.9903846153846154,least_confidence,3,312.7235083575239
661,67198_00002,23,0.9903846153846154,least_confidence,3,312.7235083575239
662,67198_00002,24,0.9903846153846154,least_confidence,3,312.7235083575239
663,67198_00002,25,0.99,least_confidence,3,312.7235083575239
664,67198_00002,26,0.9903846153846154,least_confidence,3,312.7235083575239
665,67198_00002,27,0.9903846153846154,least_confidence,3,312.7235083575239
666,67198_00002,28,0.9903846153846154,least_confidence,3,312.7235083575239
667,67198_00002,29,0.9903846153846154,least_confidence,3,312.7235083575239
668,67198_00002,30,0.9903846153846154,least_confidence,3,312.7235083575239
669,67198_00002,31,0.9903846153846154,least_confidence,3,312.7235083575239
670,67198_00002,32,0.9803921568627452,least_confidence,3,312.7235083575239
671,67198_00002,33,0.9903846153846154,least_confidence,3,312.7235083575239
672,67198_00002,34,0.9903846153846154,least_confidence,3,312.7235083575239
673,67198_00002,35,0.9903846153846154,least_confidence,3,312.7235083575239
674,67198_00002,36,0.9903846153846154,least_confidence,3,312.7235083575239
675,67198_00002,37,0.9903846153846154,least_confidence,3,312.7235083575239
676,67198_00002,38,0.9903846153846154,least_confidence,3,312.7235083575239
677,67198_00002,39,0.9903846153846154,least_confidence,3,312.7235083575239
678,67198_00002,40,0.9903846153846154,least_confidence,3,312.7235083575239
679,67198_00002,41,0.9903846153846154,least_confidence,3,312.7235083575239
680,67198_00002,42,0.9903846153846154,least_confidence,3,312.7235083575239
681,67198_00002,43,0.9903846153846154,least_confidence,3,312.7235083575239
682,67198_00002,44,0.9903846153846154,least_confidence,3,312.7235083575239
683,67198_00002,45,0.9903846153846154,least_confidence,3,312.7235083575239
684,67198_00002,46,0.9903846153846154,least_confidence,3,312.7235083575239
685,67198_00002,47,1.0,least_confidence,3,312.7235083575239
686,67198_00002,48,0.9903846153846154,least_confidence,3,312.7235083575239
687,67198_00002,49,0.9903846153846154,least_confidence,3,312.7235083575239
688,67198_00002,50,0.9799919967987194,least_confidence,3,312.7235083575239
689,67198_00002,51,0.9903846153846154,least_confidence,3,312.7235083575239
690,67198_00002,52,0.9903846153846154,least_confidence,3,312.7235083575239
691,67198_00002,53,0.9903846153846154,least_confidence,3,312.7235083575239
692,67198_00002,54,0.9903846153846154,least_confidence,3,312.7235083575239
693,67198_00002,55,0.9903846153846154,least_confidence,3,312.7235083575239
694,67198_00002,56,0.9903846153846154,least_confidence,3,312.7235083575239
695,67198_00002,57,0.9903846153846154,least_confidence,3,312.7235083575239
696,67198_00002,58,0.9903846153846154,least_confidence,3,312.7235083575239
697,67198_00002,59,0.9903846153846154,least_confidence,3,312.7235083575239
698,67198_00002,60,0.9903846153846154,least_confidence,3,312.7235083575239
699,67198_00002,61,0.9903846153846154,least_confidence,3,312.7235083575239
700,67198_00002,62,0.9903846153846154,least_confidence,3,312.7235083575239
701,67198_00002,63,0.9903846153846154,least_confidence,3,312.7235083575239
702,67198_00002,64,0.9903846153846154,least_confidence,3,312.7235083575239
703,67198_00002,65,0.9903846153846154,least_confidence,3,312.7235083575239
704,67198_00002,66,0.9903846153846154,least_confidence,3,312.7235083575239
705,67198_00002,67,0.9903846153846154,least_confidence,3,312.7235083575239
706,67198_00002,68,0.9903846153846154,least_confidence,3,312.7235083575239
707,67198_00002,69,0.9903846153846154,least_confidence,3,312.7235083575239
708,67198_00002,70,0.9903846153846154,least_confidence,3,312.7235083575239
709,67198_00002,71,0.9903846153846154,least_confidence,3,312.7235083575239
710,67198_00002,72,0.9903846153846154,least_confidence,3,312.7235083575239
711,67198_00002,73,0.9903846153846154,least_confidence,3,312.7235083575239
712,67198_00002,74,0.9903846153846154,least_confidence,3,312.7235083575239
713,67198_00002,75,0.9903846153846154,least_confidence,3,312.7235083575239
714,67198_00002,76,0.9903846153846154,least_confidence,3,312.7235083575239
715,67198_00002,77,0.9903846153846154,least_confidence,3,312.7235083575239
716,67198_00002,78,0.9903846153846154,least_confidence,3,312.7235083575239
717,67198_00002,79,0.9903846153846154,least_confidence,3,312.7235083575239
718,67198_00002,80,0.9903846153846154,least_confidence,3,312.7235083575239
719,67198_00002,81,0.9903846153846154,least_confidence,3,312.7235083575239
720,67198_00002,82,0.9903846153846154,least_confidence,3,312.7235083575239
721,67198_00002,83,0.9903846153846154,least_confidence,3,312.7235083575239
722,67198_00002,84,0.9903846153846154,least_confidence,3,312.7235083575239
723,67198_00002,85,0.9903846153846154,least_confidence,3,312.7235083575239
724,67198_00002,86,0.9903846153846154,least_confidence,3,312.7235083575239
725,67198_00002,87,0.9903846153846154,least_confidence,3,312.7235083575239
726,67198_00002,88,0.9903846153846154,least_confidence,3,312.7235083575239
727,67198_00002,89,0.9903846153846154,least_confidence,3,312.7235083575239
728,67198_00002,90,0.9903846153846154,least_confidence,3,312.7235083575239
729,67198_00002,91,0.9903846153846154,least_confidence,3,312.7235083575239
730,67198_00002,92,0.9903846153846154,least_confidence,3,312.7235083575239
731,67198_00002,93,0.9903846153846154,least_confidence,3,312.7235083575239
732,67198_00002,94,0.9903846153846154,least_confidence,3,312.7235083575239
733,67198_00002,95,0.9903846153846154,least_confidence,3,312.7235083575239
734,67198_00002,96,0.9903846153846154,least_confidence,3,312.7235083575239
735,67198_00002,97,0.9903846153846154,least_confidence,3,312.7235083575239
736,67198_00002,98,0.9903846153846154,least_confidence,3,312.7235083575239
737,67198_00002,99,0.9903846153846154,least_confidence,3,312.7235083575239
738,67198_00002,100,0.9903846153846154,least_confidence,3,312.7235083575239
739,67198_00002,101,0.9903846153846154,least_confidence,3,312.7235083575239
740,67198_00002,102,0.9903846153846154,least_confidence,3,312.7235083575239
741,67198_00002,103,0.9903846153846154,least_confidence,3,312.7235083575239
742,67198_00002,104,0.9903846153846154,least_confidence,3,312.7235083575239
743,67198_00002,105,0.9903846153846154,least_confidence,3,312.7235083575239
744,67198_00002,106,0.9903846153846154,least_confidence,3,312.7235083575239
745,67198_00002,107,0.9811320754716981,least_confidence,3,312.7235083575239
746,67198_00002,108,0.9903846153846154,least_confidence,3,312.7235083575239
747,67198_00002,109,0.9903846153846154,least_confidence,3,312.7235083575239
748,67198_00002,110,0.9903846153846154,least_confidence,3,312.7235083575239
749,67198_00002,111,0.9903846153846154,least_confidence,3,312.7235083575239
750,67198_00002,112,0.9903846153846154,least_confidence,3,312.7235083575239
751,67198_00002,113,0.9903846153846154,least_confidence,3,312.7235083575239
752,67198_00002,114,0.9903846153846154,least_confidence,3,312.7235083575239
753,67198_00002,115,0.9903846153846154,least_confidence,3,312.7235083575239
754,67198_00002,116,0.9903846153846154,least_confidence,3,312.7235083575239
755,67198_00002,117,0.9903846153846154,least_confidence,3,312.7235083575239
756,67198_00002,118,0.9903846153846154,least_confidence,3,312.7235083575239
757,67198_00002,119,0.9903846153846154,least_confidence,3,312.7235083575239
758,67198_00002,120,0.9903846153846154,least_confidence,3,312.7235083575239
759,67198_00002,121,0.9903846153846154,least_confidence,3,312.7235083575239
760,67198_00002,122,0.9903846153846154,least_confidence,3,312.7235083575239
761,67198_00002,123,0.9903846153846154,least_confidence,3,312.7235083575239
762,67198_00002,124,0.9903846153846154,least_confidence,3,312.7235083575239
763,67198_00002,125,0.9903846153846154,least_confidence,3,312.7235083575239
764,67198_00002,126,0.9903846153846154,least_confidence,3,312.7235083575239
765,67198_00002,127,0.9903846153846154,least_confidence,3,312.7235083575239
766,67198_00002,128,0.9903846153846154,least_confidence,3,312.7235083575239
767,67198_00002,129,0.9903846153846154,least_confidence,3,312.7235083575239
768,67198_00002,130,0.9903846153846154,least_confidence,3,312.7235083575239
769,67198_00002,131,0.9903846153846154,least_confidence,3,312.7235083575239
770,67198_00002,132,0.9903846153846154,least_confidence,3,312.7235083575239
771,67198_00002,133,0.9903846153846154,least_confidence,3,312.7235083575239
772,67198_00002,134,0.9903846153846154,least_confidence,3,312.7235083575239
773,67198_00002,135,0.9903846153846154,least_confidence,3,312.7235083575239
774,67198_00002,136,0.9903846153846154,least_confidence,3,312.7235083575239
775,67198_00002,137,0.9903846153846154,least_confidence,3,312.7235083575239
776,67198_00002,138,0.9903846153846154,least_confidence,3,312.7235083575239
777,67198_00002,139,0.9903846153846154,least_confidence,3,312.7235083575239
778,67198_00002,140,0.9903846153846154,least_confidence,3,312.7235083575239
779,67198_00002,141,0.9903846153846154,least_confidence,3,312.7235083575239
780,67198_00002,142,0.9903846153846154,least_confidence,3,312.7235083575239
781,67198_00002,143,0.9903846153846154,least_confidence,3,312.7235083575239
782,67198_00002,144,0.9903846153846154,least_confidence,3,312.7235083575239
783,67198_00002,145,0.9903846153846154,least_confidence,3,312.7235083575239
784,67198_00002,146,0.9903846153846154,least_confidence,3,312.7235083575239
785,67198_00002,147,0.9903846153846154,least_confidence,3,312.7235083575239
786,67198_00002,148,0.9903846153846154,least_confidence,3,312.7235083575239
787,67198_00002,149,0.9903846153846154,least_confidence,3,312.7235083575239
788,67198_00002,150,0.9903846153846154,least_confidence,3,312.7235083575239
789,67198_00002,151,0.9903846153846154,least_confidence,3,312.7235083575239
790,67198_00002,152,0.9903846153846154,least_confidence,3,312.7235083575239
791,67198_00002,153,0.9903846153846154,least_confidence,3,312.7235083575239
792,67198_00002,154,0.9903846153846154,least_confidence,3,312.7235083575239
793,67198_00002,155,0.9903846153846154,least_confidence,3,312.7235083575239
794,67198_00002,156,0.9903846153846154,least_confidence,3,312.7235083575239
795,67198_00002,157,0.9903846153846154,least_confidence,3,312.7235083575239
796,67198_00002,158,0.9903846153846154,least_confidence,3,312.7235083575239
797,67198_00002,159,0.9903846153846154,least_confidence,3,312.7235083575239
798,67198_00002,160,0.9903846153846154,least_confidence,3,312.7235083575239
799,67198_00002,161,0.9903846153846154,least_confidence,3,312.7235083575239
800,67198_00002,162,0.9903846153846154,least_confidence,3,312.7235083575239
801,67198_00002,163,0.9903846153846154,least_confidence,3,312.7235083575239
802,67198_00002,164,0.9903846153846154,least_confidence,3,312.7235083575239
803,67198_00002,165,0.9903846153846154,least_confidence,3,312.7235083575239
804,67198_00002,166,0.9903846153846154,least_confidence,3,312.7235083575239
805,67198_00002,167,0.9903846153846154,least_confidence,3,312.7235083575239
806,67198_00002,168,0.9903846153846154,least_confidence,3,312.7235083575239
807,67198_00002,169,0.9903846153846154,least_confidence,3,312.7235083575239
808,67198_00002,170,0.9903846153846154,least_confidence,3,312.7235083575239
809,67198_00002,171,0.9903846153846154,least_confidence,3,312.7235083575239
810,67198_00002,172,0.9903846153846154,least_confidence,3,312.7235083575239
811,67198_00002,173,0.9903846153846154,least_confidence,3,312.7235083575239
812,67198_00002,174,0.9903846153846154,least_confidence,3,312.7235083575239
813,67198_00002,175,1.0,least_confidence,3,312.7235083575239
814,67198_00002,176,0.9903846153846154,least_confidence,3,312.7235083575239
815,67198_00002,177,0.9903846153846154,least_confidence,3,312.7235083575239
816,67198_00002,178,0.9903846153846154,least_confidence,3,312.7235083575239
817,67198_00002,179,0.9903846153846154,least_confidence,3,312.7235083575239
818,67198_00002,180,0.9903846153846154,least_confidence,3,312.7235083575239
819,67198_00002,181,0.9903846153846154,least_confidence,3,312.7235083575239
820,67198_00002,182,0.9903846153846154,least_confidence,3,312.7235083575239
821,67198_00002,183,0.9903846153846154,least_confidence,3,312.7235083575239
822,67198_00002,184,0.9903846153846154,least_confidence,3,312.7235083575239
823,67198_00002,185,0.9903846153846154,least_confidence,3,312.7235083575239
824,67198_00002,186,0.9903846153846154,least_confidence,3,312.7235083575239
825,67198_00002,187,0.9903846153846154,least_confidence,3,312.7235083575239
826,67198_00002,188,0.9903846153846154,least_confidence,3,312.7235083575239
827,67198_00002,189,0.9903846153846154,least_confidence,3,312.7235083575239
828,67198_00002,190,1.0,least_confidence,3,312.7235083575239
829,67198_00002,191,0.9903846153846154,least_confidence,3,312.7235083575239
830,67198_00002,192,0.9903846153846154,least_confidence,3,312.7235083575239
831,67198_00002,193,0.9903846153846154,least_confidence,3,312.7235083575239
832,67198_00002,194,0.9903846153846154,least_confidence,3,312.7235083575239
833,67198_00002,195,0.9903846153846154,least_confidence,3,312.7235083575239
834,67198_00002,196,0.9903846153846154,least_confidence,3,312.7235083575239
835,67198_00002,197,0.9903846153846154,least_confidence,3,312.7235083575239
836,67198_00002,198,0.9903846153846154,least_confidence,3,312.7235083575239
837,67198_00002,199,0.9903846153846154,least_confidence,3,312.7235083575239
838,67198_00002,200,0.9903846153846154,least_confidence,3,312.7235083575239
839,67198_00002,201,0.9903846153846154,least_confidence,3,312.7235083575239
840,67198_00002,202,0.9903846153846154,least_confidence,3,312.7235083575239
841,67198_00002,203,0.9903846153846154,least_confidence,3,312.7235083575239
842,67198_00002,204,0.9903846153846154,least_confidence,3,312.7235083575239
843,67198_00002,205,0.9903846153846154,least_confidence,3,312.7235083575239
844,67198_00002,206,0.9903846153846154,least_confidence,3,312.7235083575239
845,67198_00002,207,0.9903846153846154,least_confidence,3,312.7235083575239
846,67198_00002,208,0.9903846153846154,least_confidence,3,312.7235083575239
847,67198_00002,209,0.9903846153846154,least_confidence,3,312.7235083575239
848,67198_00002,210,0.9903846153846154,least_confidence,3,312.7235083575239
849,67198_00002,211,0.9903846153846154,least_confidence,3,312.7235083575239
850,67198_00002,212,0.9903846153846154,least_confidence,3,312.7235083575239
851,67198_00002,213,0.9903846153846154,least_confidence,3,312.7235083575239
852,67198_00002,214,0.9903846153846154,least_confidence,3,312.7235083575239
853,67198_00002,215,0.9903846153846154,least_confidence,3,312.7235083575239
854,67198_00002,216,0.9903846153846154,least_confidence,3,312.7235083575239
855,67198_00002,217,0.9903846153846154,least_confidence,3,312.7235083575239
856,67198_00002,218,0.9903846153846154,least_confidence,3,312.7235083575239
857,67198_00002,219,0.9903846153846154,least_confidence,3,312.7235083575239
858,67198_00002,220,0.9903846153846154,least_confidence,3,312.7235083575239
859,67198_00002,221,0.9903846153846154,least_confidence,3,312.7235083575239
860,67198_00002,222,0.9903846153846154,least_confidence,3,312.7235083575239
861,67198_00002,223,0.9903846153846154,least_confidence,3,312.7235083575239
862,67198_00002,224,0.9903846153846154,least_confidence,3,312.7235083575239
863,67198_00002,225,0.9903846153846154,least_confidence,3,312.7235083575239
864,67198_00002,226,0.9903846153846154,least_confidence,3,312.7235083575239
865,67198_00002,227,0.9903846153846154,least_confidence,3,312.7235083575239
866,67198_00002,228,0.9799919967987194,least_confidence,3,312.7235083575239
867,67198_00002,229,0.9903846153846154,least_confidence,3,312.7235083575239
868,67198_00002,230,0.9903846153846154,least_confidence,3,312.7235083575239
869,67198_00002,231,0.9903846153846154,least_confidence,3,312.7235083575239
870,67198_00002,232,0.9903846153846154,least_confidence,3,312.7235083575239
871,67198_00002,233,0.9903846153846154,least_confidence,3,312.7235083575239
872,67198_00002,234,0.9903846153846154,least_confidence,3,312.7235083575239
873,67198_00002,235,0.9903846153846154,least_confidence,3,312.7235083575239
874,67198_00002,236,0.99,least_confidence,3,312.7235083575239
875,67198_00002,237,0.9903846153846154,least_confidence,3,312.7235083575239
876,67198_00002,238,0.9903846153846154,least_confidence,3,312.7235083575239
877,67198_00002,239,0.9903846153846154,least_confidence,3,312.7235083575239
878,67198_00002,240,0.9903846153846154,least_confidence,3,312.7235083575239
879,67198_00002,241,0.9903846153846154,least_confidence,3,312.7235083575239
880,67198_00002,242,0.9903846153846154,least_confidence,3,312.7235083575239
881,67198_00002,243,0.9903846153846154,least_confidence,3,312.7235083575239
882,67198_00002,244,0.9903846153846154,least_confidence,3,312.7235083575239
883,67198_00002,245,0.9903846153846154,least_confidence,3,312.7235083575239
884,67198_00002,246,0.9903846153846154,least_confidence,3,312.7235083575239
885,67198_00002,247,0.9903846153846154,least_confidence,3,312.7235083575239
886,67198_00002,248,0.9903846153846154,least_confidence,3,312.7235083575239
887,67198_00002,249,0.9903846153846154,least_confidence,3,312.7235083575239
888,67198_00002,250,0.9903846153846154,least_confidence,3,312.7235083575239
889,67198_00002,251,0.9903846153846154,least_confidence,3,312.7235083575239
890,67198_00002,252,0.9903846153846154,least_confidence,3,312.7235083575239
891,67198_00002,253,0.9903846153846154,least_confidence,3,312.7235083575239
892,67198_00002,254,1.0,least_confidence,3,312.7235083575239
893,67198_00002,255,0.9903846153846154,least_confidence,3,312.7235083575239
894,67198_00002,256,0.9903846153846154,least_confidence,3,312.7235083575239
895,67198_00002,257,0.9903846153846154,least_confidence,3,312.7235083575239
896,67198_00002,258,0.9903846153846154,least_confidence,3,312.7235083575239
897,67198_00002,259,1.0,least_confidence,3,312.7235083575239
898,67198_00002,260,0.9903846153846154,least_confidence,3,312.7235083575239
899,67198_00002,261,0.9903846153846154,least_confidence,3,312.7235083575239
900,67198_00002,262,0.9903846153846154,least_confidence,3,312.7235083575239
901,67198_00002,263,0.9903846153846154,least_confidence,3,312.7235083575239
902,67198_00002,264,0.9903846153846154,least_confidence,3,312.7235083575239
903,67198_00002,265,0.9903846153846154,least_confidence,3,312.7235083575239
904,67198_00002,266,0.9903846153846154,least_confidence,3,312.7235083575239
905,67198_00002,267,0.9903846153846154,least_confidence,3,312.7235083575239
906,67198_00002,268,0.9903846153846154,least_confidence,3,312.7235083575239
907,67198_00002,269,0.9903846153846154,least_confidence,3,312.7235083575239
908,67198_00002,270,0.9903846153846154,least_confidence,3,312.7235083575239
909,67198_00002,271,0.9903846153846154,least_confidence,3,312.7235083575239
910,67198_00002,272,0.9903846153846154,least_confidence,3,312.7235083575239
911,67198_00002,273,0.9903846153846154,least_confidence,3,312.7235083575239
912,67198_00002,274,0.9903846153846154,least_confidence,3,312.7235083575239
913,67198_00002,275,0.9903846153846154,least_confidence,3,312.7235083575239
914,67198_00002,276,0.9903846153846154,least_confidence,3,312.7235083575239
915,67198_00002,277,0.9903846153846154,least_confidence,3,312.7235083575239
916,67198_00002,278,0.9903846153846154,least_confidence,3,312.7235083575239
917,67198_00002,279,0.9903846153846154,least_confidence,3,312.7235083575239
918,67198_00002,280,0.9903846153846154,least_confidence,3,312.7235083575239
919,67198_00002,281,0.9903846153846154,least_confidence,3,312.7235083575239
920,67198_00002,282,0.9903846153846154,least_confidence,3,312.7235083575239
921,67198_00002,283,0.9903846153846154,least_confidence,3,312.7235083575239
922,67198_00002,284,0.9903846153846154,least_confidence,3,312.7235083575239
923,67198_00002,285,0.9903846153846154,least_confidence,3,312.7235083575239
924,67198_00002,286,0.9903846153846154,least_confidence,3,312.7235083575239
925,67198_00002,287,0.9903846153846154,least_confidence,3,312.7235083575239
926,67198_00002,288,0.9903846153846154,least_confidence,3,312.7235083575239
927,67198_00002,289,0.9903846153846154,least_confidence,3,312.7235083575239
928,67198_00002,290,0.9903846153846154,least_confidence,3,312.7235083575239
929,67198_00002,291,0.9903846153846154,least_confidence,3,312.7235083575239
930,67198_00002,292,0.9903846153846154,least_confidence,3,312.7235083575239
931,67198_00002,293,0.9799919967987194,least_confidence,3,312.7235083575239
932,67198_00002,294,0.9903846153846154,least_confidence,3,312.7235083575239
933,67198_00002,295,0.9903846153846154,least_confidence,3,312.7235083575239
934,67198_00002,296,0.9903846153846154,least_confidence,3,312.7235083575239
935,67198_00002,297,0.9903846153846154,least_confidence,3,312.7235083575239
936,67198_00002,298,0.9903846153846154,least_confidence,3,312.7235083575239
937,67198_00002,299,0.9903846153846154,least_confidence,3,312.7235083575239
938,67198_00002,300,0.9903846153846154,least_confidence,3,312.7235083575239
939,67198_00002,301,0.9903846153846154,least_confidence,3,312.7235083575239
940,67198_00002,302,0.9903846153846154,least_confidence,3,312.7235083575239
941,67198_00002,303,0.9903846153846154,least_confidence,3,312.7235083575239
942,67198_00002,304,0.9903846153846154,least_confidence,3,312.7235083575239
943,67198_00002,305,0.9903846153846154,least_confidence,3,312.7235083575239
944,67198_00002,306,0.9903846153846154,least_confidence,3,312.7235083575239
945,67198_00002,307,0.9903846153846154,least_confidence,3,312.7235083575239
946,67198_00002,308,0.9903846153846154,least_confidence,3,312.7235083575239
947,67198_00002,309,0.9903846153846154,least_confidence,3,312.7235083575239
948,67198_00002,310,0.9903846153846154,least_confidence,3,312.7235083575239
949,67198_00002,311,0.9903846153846154,least_confidence,3,312.7235083575239
950,67198_00002,312,0.9903846153846154,least_confidence,3,312.7235083575239
951,67198_00002,313,0.9903846153846154,least_confidence,3,312.7235083575239
952,67198_00002,314,0.9903846153846154,least_confidence,3,312.7235083575239
953,67198_00002,315,0.9903846153846154,least_confidence,3,312.7235083575239
954,67198_00002,316,0.9903846153846154,least_confidence,3,312.7235083575239
955,67198_00002,317,0.9903846153846154,least_confidence,3,312.7235083575239
956,67198_00002,318,0.9903846153846154,least_confidence,3,312.7235083575239
957,67198_00003,0,0.8148148148148149,least_confidence,4,317.0213110735982
958,67198_00003,1,0.8984375,least_confidence,4,317.0213110735982
959,67198_00003,2,0.8984375,least_confidence,4,317.0213110735982
960,67198_00003,3,0.8416666666666667,least_confidence,4,317.0213110735982
961,67198_00003,4,0.8984375,least_confidence,4,317.0213110735982
962,67198_00003,5,0.8923076923076922,least_confidence,4,317.0213110735982
963,67198_00003,6,0.9636363636363636,least_confidence,4,317.0213110735982
964,67198_00003,7,0.9610598153352068,least_confidence,4,317.0213110735982
965,67198_00003,8,0.9152542372881356,least_confidence,4,317.0213110735982
966,67198_00003,9,1.0,least_confidence,4,317.0213110735982
967,67198_00003,10,1.0,least_confidence,4,317.0213110735982
968,67198_00003,11,0.9112903225806452,least_confidence,4,317.0213110735982
969,67198_00003,12,1.0,least_confidence,4,317.0213110735982
970,67198_00003,13,0.9903846153846154,least_confidence,4,317.0213110735982
971,67198_00003,14,1.0,least_confidence,4,317.0213110735982
972,67198_00003,15,1.0,least_confidence,4,317.0213110735982
973,67198_00003,16,1.0,least_confidence,4,317.0213110735982
974,67198_00003,17,1.0,least_confidence,4,317.0213110735982
975,67198_00003,18,1.0,least_confidence,4,317.0213110735982
976,67198_00003,19,1.0,least_confidence,4,317.0213110735982
977,67198_00003,20,1.0,least_confidence,4,317.0213110735982
978,67198_00003,21,0.99,least_confidence,4,317.0213110735982
979,67198_00003,22,1.0,least_confidence,4,317.0213110735982
980,67198_00003,23,1.0,least_confidence,4,317.0213110735982
981,67198_00003,24,1.0,least_confidence,4,317.0213110735982
982,67198_00003,25,1.0,least_confidence,4,317.0213110735982
983,67198_00003,26,1.0,least_confidence,4,317.0213110735982
984,67198_00003,27,1.0,least_confidence,4,317.0213110735982
985,67198_00003,28,1.0,least_confidence,4,317.0213110735982
986,67198_00003,29,1.0,least_confidence,4,317.0213110735982
987,67198_00003,30,1.0,least_confidence,4,317.0213110735982
988,67198_00003,31,1.0,least_confidence,4,317.0213110735982
989,67198_00003,32,1.0,least_confidence,4,317.0213110735982
990,67198_00003,33,1.0,least_confidence,4,317.0213110735982
991,67198_00003,34,1.0,least_confidence,4,317.0213110735982
992,67198_00003,35,1.0,least_confidence,4,317.0213110735982
993,67198_00003,36,1.0,least_confidence,4,317.0213110735982
994,67198_00003,37,0.9722222222222222,least_confidence,4,317.0213110735982
995,67198_00003,38,1.0,least_confidence,4,317.0213110735982
996,67198_00003,39,1.0,least_confidence,4,317.0213110735982
997,67198_00003,40,1.0,least_confidence,4,317.0213110735982
998,67198_00003,41,1.0,least_confidence,4,317.0213110735982
999,67198_00003,42,1.0,least_confidence,4,317.0213110735982
1000,67198_00003,43,1.0,least_confidence,4,317.0213110735982
1001,67198_00003,44,1.0,least_confidence,4,317.0213110735982
1002,67198_00003,45,1.0,least_confidence,4,317.0213110735982
1003,67198_00003,46,1.0,least_confidence,4,317.0213110735982
1004,67198_00003,47,1.0,least_confidence,4,317.0213110735982
1005,67198_00003,48,1.0,least_confidence,4,317.0213110735982
1006,67198_00003,49,1.0,least_confidence,4,317.0213110735982
1007,67198_00003,50,1.0,least_confidence,4,317.0213110735982
1008,67198_00003,51,1.0,least_confidence,4,317.0213110735982
1009,67198_00003,52,1.0,least_confidence,4,317.0213110735982
1010,67198_00003,53,1.0,least_confidence,4,317.0213110735982
1011,67198_00003,54,1.0,least_confidence,4,317.0213110735982
1012,67198_00003,55,1.0,least_confidence,4,317.0213110735982
1013,67198_00003,56,1.0,least_confidence,4,317.0213110735982
1014,67198_00003,57,1.0,least_confidence,4,317.0213110735982
1015,67198_00003,58,1.0,least_confidence,4,317.0213110735982
1016,67198_00003,59,1.0,least_confidence,4,317.0213110735982
1017,67198_00003,60,1.0,least_confidence,4,317.0213110735982
1018,67198_00003,61,1.0,least_confidence,4,317.0213110735982
1019,67198_00003,62,1.0,least_confidence,4,317.0213110735982
1020,67198_00003,63,1.0,least_confidence,4,317.0213110735982
1021,67198_00003,64,1.0,least_confidence,4,317.0213110735982
1022,67198_00003,65,1.0,least_confidence,4,317.0213110735982
1023,67198_00003,66,1.0,least_confidence,4,317.0213110735982
1024,67198_00003,67,1.0,least_confidence,4,317.0213110735982
1025,67198_00003,68,1.0,least_confidence,4,317.0213110735982
1026,67198_00003,69,1.0,least_confidence,4,317.0213110735982
1027,67198_00003,70,1.0,least_confidence,4,317.0213110735982
1028,67198_00003,71,1.0,least_confidence,4,317.0213110735982
1029,67198_00003,72,1.0,least_confidence,4,317.0213110735982
1030,67198_00003,73,1.0,least_confidence,4,317.0213110735982
1031,67198_00003,74,1.0,least_confidence,4,317.0213110735982
1032,67198_00003,75,1.0,least_confidence,4,317.0213110735982
1033,67198_00003,76,1.0,least_confidence,4,317.0213110735982
1034,67198_00003,77,1.0,least_confidence,4,317.0213110735982
1035,67198_00003,78,1.0,least_confidence,4,317.0213110735982
1036,67198_00003,79,1.0,least_confidence,4,317.0213110735982
1037,67198_00003,80,1.0,least_confidence,4,317.0213110735982
1038,67198_00003,81,1.0,least_confidence,4,317.0213110735982
1039,67198_00003,82,1.0,least_confidence,4,317.0213110735982
1040,67198_00003,83,1.0,least_confidence,4,317.0213110735982
1041,67198_00003,84,1.0,least_confidence,4,317.0213110735982
1042,67198_00003,85,1.0,least_confidence,4,317.0213110735982
1043,67198_00003,86,1.0,least_confidence,4,317.0213110735982
1044,67198_00003,87,1.0,least_confidence,4,317.0213110735982
1045,67198_00003,88,1.0,least_confidence,4,317.0213110735982
1046,67198_00003,89,1.0,least_confidence,4,317.0213110735982
1047,67198_00003,90,1.0,least_confidence,4,317.0213110735982
1048,67198_00003,91,1.0,least_confidence,4,317.0213110735982
1049,67198_00003,92,1.0,least_confidence,4,317.0213110735982
1050,67198_00003,93,1.0,least_confidence,4,317.0213110735982
1051,67198_00003,94,1.0,least_confidence,4,317.0213110735982
1052,67198_00003,95,1.0,least_confidence,4,317.0213110735982
1053,67198_00003,96,1.0,least_confidence,4,317.0213110735982
1054,67198_00003,97,1.0,least_confidence,4,317.0213110735982
1055,67198_00003,98,1.0,least_confidence,4,317.0213110735982
1056,67198_00003,99,1.0,least_confidence,4,317.0213110735982
1057,67198_00003,100,1.0,least_confidence,4,317.0213110735982
1058,67198_00003,101,1.0,least_confidence,4,317.0213110735982
1059,67198_00003,102,1.0,least_confidence,4,317.0213110735982
1060,67198_00003,103,1.0,least_confidence,4,317.0213110735982
1061,67198_00003,104,1.0,least_confidence,4,317.0213110735982
1062,67198_00003,105,1.0,least_confidence,4,317.0213110735982
1063,67198_00003,106,1.0,least_confidence,4,317.0213110735982
1064,67198_00003,107,1.0,least_confidence,4,317.0213110735982
1065,67198_00003,108,1.0,least_confidence,4,317.0213110735982
1066,67198_00003,109,1.0,least_confidence,4,317.0213110735982
1067,67198_00003,110,1.0,least_confidence,4,317.0213110735982
1068,67198_00003,111,1.0,least_confidence,4,317.0213110735982
1069,67198_00003,112,1.0,least_confidence,4,317.0213110735982
1070,67198_00003,113,1.0,least_confidence,4,317.0213110735982
1071,67198_00003,114,1.0,least_confidence,4,317.0213110735982
1072,67198_00003,115,1.0,least_confidence,4,317.0213110735982
1073,67198_00003,116,1.0,least_confidence,4,317.0213110735982
1074,67198_00003,117,1.0,least_confidence,4,317.0213110735982
1075,67198_00003,118,1.0,least_confidence,4,317.0213110735982
1076,67198_00003,119,1.0,least_confidence,4,317.0213110735982
1077,67198_00003,120,1.0,least_confidence,4,317.0213110735982
1078,67198_00003,121,1.0,least_confidence,4,317.0213110735982
1079,67198_00003,122,1.0,least_confidence,4,317.0213110735982
1080,67198_00003,123,1.0,least_confidence,4,317.0213110735982
1081,67198_00003,124,1.0,least_confidence,4,317.0213110735982
1082,67198_00003,125,1.0,least_confidence,4,317.0213110735982
1083,67198_00003,126,1.0,least_confidence,4,317.0213110735982
1084,67198_00003,127,1.0,least_confidence,4,317.0213110735982
1085,67198_00003,128,1.0,least_confidence,4,317.0213110735982
1086,67198_00003,129,1.0,least_confidence,4,317.0213110735982
1087,67198_00003,130,1.0,least_confidence,4,317.0213110735982
1088,67198_00003,131,1.0,least_confidence,4,317.0213110735982
1089,67198_00003,132,1.0,least_confidence,4,317.0213110735982
1090,67198_00003,133,1.0,least_confidence,4,317.0213110735982
1091,67198_00003,134,1.0,least_confidence,4,317.0213110735982
1092,67198_00003,135,1.0,least_confidence,4,317.0213110735982
1093,67198_00003,136,1.0,least_confidence,4,317.0213110735982
1094,67198_00003,137,1.0,least_confidence,4,317.0213110735982
1095,67198_00003,138,1.0,least_confidence,4,317.0213110735982
1096,67198_00003,139,1.0,least_confidence,4,317.0213110735982
1097,67198_00003,140,0.9903846153846154,least_confidence,4,317.0213110735982
1098,67198_00003,141,1.0,least_confidence,4,317.0213110735982
1099,67198_00003,142,1.0,least_confidence,4,317.0213110735982
1100,67198_00003,143,1.0,least_confidence,4,317.0213110735982
1101,67198_00003,144,1.0,least_confidence,4,317.0213110735982
1102,67198_00003,145,1.0,least_confidence,4,317.0213110735982
1103,67198_00003,146,1.0,least_confidence,4,317.0213110735982
1104,67198_00003,147,1.0,least_confidence,4,317.0213110735982
1105,67198_00003,148,1.0,least_confidence,4,317.0213110735982
1106,67198_00003,149,1.0,least_confidence,4,317.0213110735982
1107,67198_00003,150,1.0,least_confidence,4,317.0213110735982
1108,67198_00003,151,1.0,least_confidence,4,317.0213110735982
1109,67198_00003,152,1.0,least_confidence,4,317.0213110735982
1110,67198_00003,153,1.0,least_confidence,4,317.0213110735982
1111,67198_00003,154,1.0,least_confidence,4,317.0213110735982
1112,67198_00003,155,1.0,least_confidence,4,317.0213110735982
1113,67198_00003,156,1.0,least_confidence,4,317.0213110735982
1114,67198_00003,157,1.0,least_confidence,4,317.0213110735982
1115,67198_00003,158,1.0,least_confidence,4,317.0213110735982
1116,67198_00003,159,1.0,least_confidence,4,317.0213110735982
1117,67198_00003,160,1.0,least_confidence,4,317.0213110735982
1118,67198_00003,161,1.0,least_confidence,4,317.0213110735982
1119,67198_00003,162,1.0,least_confidence,4,317.0213110735982
1120,67198_00003,163,1.0,least_confidence,4,317.0213110735982
1121,67198_00003,164,1.0,least_confidence,4,317.0213110735982
1122,67198_00003,165,1.0,least_confidence,4,317.0213110735982
1123,67198_00003,166,1.0,least_confidence,4,317.0213110735982
1124,67198_00003,167,1.0,least_confidence,4,317.0213110735982
1125,67198_00003,168,1.0,least_confidence,4,317.0213110735982
1126,67198_00003,169,1.0,least_confidence,4,317.0213110735982
1127,67198_00003,170,1.0,least_confidence,4,317.0213110735982
1128,67198_00003,171,1.0,least_confidence,4,317.0213110735982
1129,67198_00003,172,1.0,least_confidence,4,317.0213110735982
1130,67198_00003,173,1.0,least_confidence,4,317.0213110735982
1131,67198_00003,174,1.0,least_confidence,4,317.0213110735982
1132,67198_00003,175,1.0,least_confidence,4,317.0213110735982
1133,67198_00003,176,1.0,least_confidence,4,317.0213110735982
1134,67198_00003,177,1.0,least_confidence,4,317.0213110735982
1135,67198_00003,178,1.0,least_confidence,4,317.0213110735982
1136,67198_00003,179,1.0,least_confidence,4,317.0213110735982
1137,67198_00003,180,1.0,least_confidence,4,317.0213110735982
1138,67198_00003,181,1.0,least_confidence,4,317.0213110735982
1139,67198_00003,182,1.0,least_confidence,4,317.0213110735982
1140,67198_00003,183,1.0,least_confidence,4,317.0213110735982
1141,67198_00003,184,1.0,least_confidence,4,317.0213110735982
1142,67198_00003,185,1.0,least_confidence,4,317.0213110735982
1143,67198_00003,186,1.0,least_confidence,4,317.0213110735982
1144,67198_00003,187,1.0,least_confidence,4,317.0213110735982
1145,67198_00003,188,1.0,least_confidence,4,317.0213110735982
1146,67198_00003,189,1.0,least_confidence,4,317.0213110735982
1147,67198_00003,190,1.0,least_confidence,4,317.0213110735982
1148,67198_00003,191,1.0,least_confidence,4,317.0213110735982
1149,67198_00003,192,1.0,least_confidence,4,317.0213110735982
1150,67198_00003,193,1.0,least_confidence,4,317.0213110735982
1151,67198_00003,194,1.0,least_confidence,4,317.0213110735982
1152,67198_00003,195,1.0,least_confidence,4,317.0213110735982
1153,67198_00003,196,1.0,least_confidence,4,317.0213110735982
1154,67198_00003,197,1.0,least_confidence,4,317.0213110735982
1155,67198_00003,198,1.0,least_confidence,4,317.0213110735982
1156,67198_00003,199,1.0,least_confidence,4,317.0213110735982
1157,67198_00003,200,1.0,least_confidence,4,317.0213110735982
1158,67198_00003,201,1.0,least_confidence,4,317.0213110735982
1159,67198_00003,202,1.0,least_confidence,4,317.0213110735982
1160,67198_00003,203,1.0,least_confidence,4,317.0213110735982
1161,67198_00003,204,1.0,least_confidence,4,317.0213110735982
1162,67198_00003,205,1.0,least_confidence,4,317.0213110735982
1163,67198_00003,206,1.0,least_confidence,4,317.0213110735982
1164,67198_00003,207,1.0,least_confidence,4,317.0213110735982
1165,67198_00003,208,1.0,least_confidence,4,317.0213110735982
1166,67198_00003,209,1.0,least_confidence,4,317.0213110735982
1167,67198_00003,210,1.0,least_confidence,4,317.0213110735982
1168,67198_00003,211,1.0,least_confidence,4,317.0213110735982
1169,67198_00003,212,1.0,least_confidence,4,317.0213110735982
1170,67198_00003,213,1.0,least_confidence,4,317.0213110735982
1171,67198_00003,214,1.0,least_confidence,4,317.0213110735982
1172,67198_00003,215,1.0,least_confidence,4,317.0213110735982
1173,67198_00003,216,1.0,least_confidence,4,317.0213110735982
1174,67198_00003,217,1.0,least_confidence,4,317.0213110735982
1175,67198_00003,218,1.0,least_confidence,4,317.0213110735982
1176,67198_00003,219,1.0,least_confidence,4,317.0213110735982
1177,67198_00003,220,1.0,least_confidence,4,317.0213110735982
1178,67198_00003,221,1.0,least_confidence,4,317.0213110735982
1179,67198_00003,222,1.0,least_confidence,4,317.0213110735982
1180,67198_00003,223,1.0,least_confidence,4,317.0213110735982
1181,67198_00003,224,1.0,least_confidence,4,317.0213110735982
1182,67198_00003,225,1.0,least_confidence,4,317.0213110735982
1183,67198_00003,226,1.0,least_confidence,4,317.0213110735982
1184,67198_00003,227,1.0,least_confidence,4,317.0213110735982
1185,67198_00003,228,1.0,least_confidence,4,317.0213110735982
1186,67198_00003,229,1.0,least_confidence,4,317.0213110735982
1187,67198_00003,230,1.0,least_confidence,4,317.0213110735982
1188,67198_00003,231,1.0,least_confidence,4,317.0213110735982
1189,67198_00003,232,1.0,least_confidence,4,317.0213110735982
1190,67198_00003,233,1.0,least_confidence,4,317.0213110735982
1191,67198_00003,234,1.0,least_confidence,4,317.0213110735982
1192,67198_00003,235,1.0,least_confidence,4,317.0213110735982
1193,67198_00003,236,1.0,least_confidence,4,317.0213110735982
1194,67198_00003,237,1.0,least_confidence,4,317.0213110735982
1195,67198_00003,238,1.0,least_confidence,4,317.0213110735982
1196,67198_00003,239,1.0,least_confidence,4,317.0213110735982
1197,67198_00003,240,1.0,least_confidence,4,317.0213110735982
1198,67198_00003,241,1.0,least_confidence,4,317.0213110735982
1199,67198_00003,242,1.0,least_confidence,4,317.0213110735982
1200,67198_00003,243,1.0,least_confidence,4,317.0213110735982
1201,67198_00003,244,1.0,least_confidence,4,317.0213110735982
1202,67198_00003,245,1.0,least_confidence,4,317.0213110735982
1203,67198_00003,246,1.0,least_confidence,4,317.0213110735982
1204,67198_00003,247,1.0,least_confidence,4,317.0213110735982
1205,67198_00003,248,1.0,least_confidence,4,317.0213110735982
1206,67198_00003,249,1.0,least_confidence,4,317.0213110735982
1207,67198_00003,250,1.0,least_confidence,4,317.0213110735982
1208,67198_00003,251,1.0,least_confidence,4,317.0213110735982
1209,67198_00003,252,1.0,least_confidence,4,317.0213110735982
1210,67198_00003,253,1.0,least_confidence,4,317.0213110735982
1211,67198_00003,254,1.0,least_confidence,4,317.0213110735982
1212,67198_00003,255,1.0,least_confidence,4,317.0213110735982
1213,67198_00003,256,1.0,least_confidence,4,317.0213110735982
1214,67198_00003,257,1.0,least_confidence,4,317.0213110735982
1215,67198_00003,258,1.0,least_confidence,4,317.0213110735982
1216,67198_00003,259,1.0,least_confidence,4,317.0213110735982
1217,67198_00003,260,1.0,least_confidence,4,317.0213110735982
1218,67198_00003,261,1.0,least_confidence,4,317.0213110735982
1219,67198_00003,262,1.0,least_confidence,4,317.0213110735982
1220,67198_00003,263,1.0,least_confidence,4,317.0213110735982
1221,67198_00003,264,1.0,least_confidence,4,317.0213110735982
1222,67198_00003,265,1.0,least_confidence,4,317.0213110735982
1223,67198_00003,266,1.0,least_confidence,4,317.0213110735982
1224,67198_00003,267,1.0,least_confidence,4,317.0213110735982
1225,67198_00003,268,1.0,least_confidence,4,317.0213110735982
1226,67198_00003,269,1.0,least_confidence,4,317.0213110735982
1227,67198_00003,270,1.0,least_confidence,4,317.0213110735982
1228,67198_00003,271,1.0,least_confidence,4,317.0213110735982
1229,67198_00003,272,1.0,least_confidence,4,317.0213110735982
1230,67198_00003,273,1.0,least_confidence,4,317.0213110735982
1231,67198_00003,274,1.0,least_confidence,4,317.0213110735982
1232,67198_00003,275,1.0,least_confidence,4,317.0213110735982
1233,67198_00003,276,1.0,least_confidence,4,317.0213110735982
1234,67198_00003,277,1.0,least_confidence,4,317.0213110735982
1235,67198_00003,278,1.0,least_confidence,4,317.0213110735982
1236,67198_00003,279,1.0,least_confidence,4,317.0213110735982
1237,67198_00003,280,1.0,least_confidence,4,317.0213110735982
1238,67198_00003,281,1.0,least_confidence,4,317.0213110735982
1239,67198_00003,282,0.9903846153846154,least_confidence,4,317.0213110735982
1240,67198_00003,283,1.0,least_confidence,4,317.0213110735982
1241,67198_00003,284,1.0,least_confidence,4,317.0213110735982
1242,67198_00003,285,1.0,least_confidence,4,317.0213110735982
1243,67198_00003,286,1.0,least_confidence,4,317.0213110735982
1244,67198_00003,287,1.0,least_confidence,4,317.0213110735982
1245,67198_00003,288,1.0,least_confidence,4,317.0213110735982
1246,67198_00003,289,1.0,least_confidence,4,317.0213110735982
1247,67198_00003,290,1.0,least_confidence,4,317.0213110735982
1248,67198_00003,291,1.0,least_confidence,4,317.0213110735982
1249,67198_00003,292,1.0,least_confidence,4,317.0213110735982
1250,67198_00003,293,1.0,least_confidence,4,317.0213110735982
1251,67198_00003,294,1.0,least_confidence,4,317.0213110735982
1252,67198_00003,295,1.0,least_confidence,4,317.0213110735982
1253,67198_00003,296,1.0,least_confidence,4,317.0213110735982
1254,67198_00003,297,1.0,least_confidence,4,317.0213110735982
1255,67198_00003,298,1.0,least_confidence,4,317.0213110735982
1256,67198_00003,299,1.0,least_confidence,4,317.0213110735982
1257,67198_00003,300,1.0,least_confidence,4,317.0213110735982
1258,67198_00003,301,1.0,least_confidence,4,317.0213110735982
1259,67198_00003,302,1.0,least_confidence,4,317.0213110735982
1260,67198_00003,303,1.0,least_confidence,4,317.0213110735982
1261,67198_00003,304,1.0,least_confidence,4,317.0213110735982
1262,67198_00003,305,1.0,least_confidence,4,317.0213110735982
1263,67198_00003,306,1.0,least_confidence,4,317.0213110735982
1264,67198_00003,307,1.0,least_confidence,4,317.0213110735982
1265,67198_00003,308,1.0,least_confidence,4,317.0213110735982
1266,67198_00003,309,1.0,least_confidence,4,317.0213110735982
1267,67198_00003,310,1.0,least_confidence,4,317.0213110735982
1268,67198_00003,311,1.0,least_confidence,4,317.0213110735982
1269,67198_00003,312,1.0,least_confidence,4,317.0213110735982
1270,67198_00003,313,1.0,least_confidence,4,317.0213110735982
1271,67198_00003,314,1.0,least_confidence,4,317.0213110735982
1272,67198_00003,315,1.0,least_confidence,4,317.0213110735982
1273,67198_00003,316,1.0,least_confidence,4,317.0213110735982
1274,67198_00003,317,1.0,least_confidence,4,317.0213110735982
1275,67198_00003,318,1.0,least_confidence,4,317.0213110735982
1276,67198_00004,0,0.8695652173913043,least_confidence,5,313.95642108321294
1277,67198_00004,1,0.9711538461538461,least_confidence,5,313.95642108321294
1278,67198_00004,2,0.7747035573122529,least_confidence,5,313.95642108321294
1279,67198_00004,3,0.8148148148148149,least_confidence,5,313.95642108321294
1280,67198_00004,4,0.9252525252525252,least_confidence,5,313.95642108321294
1281,67198_00004,5,0.9047619047619048,least_confidence,5,313.95642108321294
1282,67198_00004,6,0.8900679117147707,least_confidence,5,313.95642108321294
1283,67198_00004,7,0.8984375,least_confidence,5,313.95642108321294
1284,67198_00004,8,0.8803521408563426,least_confidence,5,313.95642108321294
1285,67198_00004,9,0.9636363636363636,least_confidence,5,313.95642108321294
1286,67198_00004,10,0.9903846153846154,least_confidence,5,313.95642108321294
1287,67198_00004,11,0.9903846153846154,least_confidence,5,313.95642108321294
1288,67198_00004,12,0.9811320754716981,least_confidence,5,313.95642108321294
1289,67198_00004,13,0.9903846153846154,least_confidence,5,313.95642108321294
1290,67198_00004,14,0.9811320754716981,least_confidence,5,313.95642108321294
1291,67198_00004,15,0.9811320754716981,least_confidence,5,313.95642108321294
1292,67198_00004,16,0.9811320754716981,least_confidence,5,313.95642108321294
1293,67198_00004,17,0.9903846153846154,least_confidence,5,313.95642108321294
1294,67198_00004,18,0.9903846153846154,least_confidence,5,313.95642108321294
1295,67198_00004,19,0.9903846153846154,least_confidence,5,313.95642108321294
1296,67198_00004,20,0.9903846153846154,least_confidence,5,313.95642108321294
1297,67198_00004,21,1.0,least_confidence,5,313.95642108321294
1298,67198_00004,22,0.9903846153846154,least_confidence,5,313.95642108321294
1299,67198_00004,23,0.9903846153846154,least_confidence,5,313.95642108321294
1300,67198_00004,24,0.9903846153846154,least_confidence,5,313.95642108321294
1301,67198_00004,25,0.9903846153846154,least_confidence,5,313.95642108321294
1302,67198_00004,26,0.9903846153846154,least_confidence,5,313.95642108321294
1303,67198_00004,27,0.9903846153846154,least_confidence,5,313.95642108321294
1304,67198_00004,28,0.9903846153846154,least_confidence,5,313.95642108321294
1305,67198_00004,29,0.9903846153846154,least_confidence,5,313.95642108321294
1306,67198_00004,30,0.9903846153846154,least_confidence,5,313.95642108321294
1307,67198_00004,31,0.9903846153846154,least_confidence,5,313.95642108321294
1308,67198_00004,32,0.9903846153846154,least_confidence,5,313.95642108321294
1309,67198_00004,33,0.9903846153846154,least_confidence,5,313.95642108321294
1310,67198_00004,34,0.9903846153846154,least_confidence,5,313.95642108321294
1311,67198_00004,35,0.9903846153846154,least_confidence,5,313.95642108321294
1312,67198_00004,36,0.9903846153846154,least_confidence,5,313.95642108321294
1313,67198_00004,37,0.9903846153846154,least_confidence,5,313.95642108321294
1314,67198_00004,38,0.9903846153846154,least_confidence,5,313.95642108321294
1315,67198_00004,39,0.9903846153846154,least_confidence,5,313.95642108321294
1316,67198_00004,40,0.9903846153846154,least_confidence,5,313.95642108321294
1317,67198_00004,41,0.9903846153846154,least_confidence,5,313.95642108321294
1318,67198_00004,42,0.9903846153846154,least_confidence,5,313.95642108321294
1319,67198_00004,43,0.9903846153846154,least_confidence,5,313.95642108321294
1320,67198_00004,44,0.9903846153846154,least_confidence,5,313.95642108321294
1321,67198_00004,45,0.9903846153846154,least_confidence,5,313.95642108321294
1322,67198_00004,46,0.9903846153846154,least_confidence,5,313.95642108321294
1323,67198_00004,47,0.9903846153846154,least_confidence,5,313.95642108321294
1324,67198_00004,48,0.9903846153846154,least_confidence,5,313.95642108321294
1325,67198_00004,49,0.9903846153846154,least_confidence,5,313.95642108321294
1326,67198_00004,50,0.9903846153846154,least_confidence,5,313.95642108321294
1327,67198_00004,51,0.9903846153846154,least_confidence,5,313.95642108321294
1328,67198_00004,52,0.9903846153846154,least_confidence,5,313.95642108321294
1329,67198_00004,53,0.9903846153846154,least_confidence,5,313.95642108321294
1330,67198_00004,54,0.9903846153846154,least_confidence,5,313.95642108321294
1331,67198_00004,55,0.9903846153846154,least_confidence,5,313.95642108321294
1332,67198_00004,56,0.9903846153846154,least_confidence,5,313.95642108321294
1333,67198_00004,57,0.9903846153846154,least_confidence,5,313.95642108321294
1334,67198_00004,58,0.9903846153846154,least_confidence,5,313.95642108321294
1335,67198_00004,59,0.9903846153846154,least_confidence,5,313.95642108321294
1336,67198_00004,60,0.9903846153846154,least_confidence,5,313.95642108321294
1337,67198_00004,61,0.9903846153846154,least_confidence,5,313.95642108321294
1338,67198_00004,62,0.9903846153846154,least_confidence,5,313.95642108321294
1339,67198_00004,63,0.9903846153846154,least_confidence,5,313.95642108321294
1340,67198_00004,64,0.9903846153846154,least_confidence,5,313.95642108321294
1341,67198_00004,65,0.9903846153846154,least_confidence,5,313.95642108321294
1342,67198_00004,66,0.9903846153846154,least_confidence,5,313.95642108321294
1343,67198_00004,67,0.9903846153846154,least_confidence,5,313.95642108321294
1344,67198_00004,68,0.9903846153846154,least_confidence,5,313.95642108321294
1345,67198_00004,69,0.9903846153846154,least_confidence,5,313.95642108321294
1346,67198_00004,70,0.9903846153846154,least_confidence,5,313.95642108321294
1347,67198_00004,71,0.9811320754716981,least_confidence,5,313.95642108321294
1348,67198_00004,72,0.9903846153846154,least_confidence,5,313.95642108321294
1349,67198_00004,73,0.9903846153846154,least_confidence,5,313.95642108321294
1350,67198_00004,74,0.9903846153846154,least_confidence,5,313.95642108321294
1351,67198_00004,75,0.9903846153846154,least_confidence,5,313.95642108321294
1352,67198_00004,76,0.9903846153846154,least_confidence,5,313.95642108321294
1353,67198_00004,77,0.9903846153846154,least_confidence,5,313.95642108321294
1354,67198_00004,78,0.9903846153846154,least_confidence,5,313.95642108321294
1355,67198_00004,79,0.9903846153846154,least_confidence,5,313.95642108321294
1356,67198_00004,80,0.9903846153846154,least_confidence,5,313.95642108321294
1357,67198_00004,81,1.0,least_confidence,5,313.95642108321294
1358,67198_00004,82,0.9903846153846154,least_confidence,5,313.95642108321294
1359,67198_00004,83,0.9903846153846154,least_confidence,5,313.95642108321294
1360,67198_00004,84,0.9903846153846154,least_confidence,5,313.95642108321294
1361,67198_00004,85,0.9903846153846154,least_confidence,5,313.95642108321294
1362,67198_00004,86,0.9903846153846154,least_confidence,5,313.95642108321294
1363,67198_00004,87,0.9903846153846154,least_confidence,5,313.95642108321294
1364,67198_00004,88,0.9903846153846154,least_confidence,5,313.95642108321294
1365,67198_00004,89,0.9903846153846154,least_confidence,5,313.95642108321294
1366,67198_00004,90,0.9903846153846154,least_confidence,5,313.95642108321294
1367,67198_00004,91,0.9903846153846154,least_confidence,5,313.95642108321294
1368,67198_00004,92,0.9903846153846154,least_confidence,5,313.95642108321294
1369,67198_00004,93,0.9903846153846154,least_confidence,5,313.95642108321294
1370,67198_00004,94,0.9903846153846154,least_confidence,5,313.95642108321294
1371,67198_00004,95,0.9903846153846154,least_confidence,5,313.95642108321294
1372,67198_00004,96,0.9903846153846154,least_confidence,5,313.95642108321294
1373,67198_00004,97,0.9903846153846154,least_confidence,5,313.95642108321294
1374,67198_00004,98,0.9903846153846154,least_confidence,5,313.95642108321294
1375,67198_00004,99,0.9903846153846154,least_confidence,5,313.95642108321294
1376,67198_00004,100,0.9903846153846154,least_confidence,5,313.95642108321294
1377,67198_00004,101,0.9903846153846154,least_confidence,5,313.95642108321294
1378,67198_00004,102,0.9903846153846154,least_confidence,5,313.95642108321294
1379,67198_00004,103,0.9903846153846154,least_confidence,5,313.95642108321294
1380,67198_00004,104,0.9903846153846154,least_confidence,5,313.95642108321294
1381,67198_00004,105,0.9903846153846154,least_confidence,5,313.95642108321294
1382,67198_00004,106,0.9903846153846154,least_confidence,5,313.95642108321294
1383,67198_00004,107,0.9903846153846154,least_confidence,5,313.95642108321294
1384,67198_00004,108,0.9903846153846154,least_confidence,5,313.95642108321294
1385,67198_00004,109,0.9903846153846154,least_confidence,5,313.95642108321294
1386,67198_00004,110,0.9903846153846154,least_confidence,5,313.95642108321294
1387,67198_00004,111,0.9903846153846154,least_confidence,5,313.95642108321294
1388,67198_00004,112,0.9903846153846154,least_confidence,5,313.95642108321294
1389,67198_00004,113,0.9903846153846154,least_confidence,5,313.95642108321294
1390,67198_00004,114,0.9903846153846154,least_confidence,5,313.95642108321294
1391,67198_00004,115,0.9903846153846154,least_confidence,5,313.95642108321294
1392,67198_00004,116,0.9903846153846154,least_confidence,5,313.95642108321294
1393,67198_00004,117,0.9903846153846154,least_confidence,5,313.95642108321294
1394,67198_00004,118,0.9903846153846154,least_confidence,5,313.95642108321294
1395,67198_00004,119,0.9903846153846154,least_confidence,5,313.95642108321294
1396,67198_00004,120,0.9903846153846154,least_confidence,5,313.95642108321294
1397,67198_00004,121,0.9903846153846154,least_confidence,5,313.95642108321294
1398,67198_00004,122,1.0,least_confidence,5,313.95642108321294
1399,67198_00004,123,0.9903846153846154,least_confidence,5,313.95642108321294
1400,67198_00004,124,0.9903846153846154,least_confidence,5,313.95642108321294
1401,67198_00004,125,0.9903846153846154,least_confidence,5,313.95642108321294
1402,67198_00004,126,0.9903846153846154,least_confidence,5,313.95642108321294
1403,67198_00004,127,0.9903846153846154,least_confidence,5,313.95642108321294
1404,67198_00004,128,0.9903846153846154,least_confidence,5,313.95642108321294
1405,67198_00004,129,0.9903846153846154,least_confidence,5,313.95642108321294
1406,67198_00004,130,0.9903846153846154,least_confidence,5,313.95642108321294
1407,67198_00004,131,0.9903846153846154,least_confidence,5,313.95642108321294
1408,67198_00004,132,0.9903846153846154,least_confidence,5,313.95642108321294
1409,67198_00004,133,0.9903846153846154,least_confidence,5,313.95642108321294
1410,67198_00004,134,0.9903846153846154,least_confidence,5,313.95642108321294
1411,67198_00004,135,0.9903846153846154,least_confidence,5,313.95642108321294
1412,67198_00004,136,0.9903846153846154,least_confidence,5,313.95642108321294
1413,67198_00004,137,0.9903846153846154,least_confidence,5,313.95642108321294
1414,67198_00004,138,0.9903846153846154,least_confidence,5,313.95642108321294
1415,67198_00004,139,0.9903846153846154,least_confidence,5,313.95642108321294
1416,67198_00004,140,0.9903846153846154,least_confidence,5,313.95642108321294
1417,67198_00004,141,0.9903846153846154,least_confidence,5,313.95642108321294
1418,67198_00004,142,0.9903846153846154,least_confidence,5,313.95642108321294
1419,67198_00004,143,0.9903846153846154,least_confidence,5,313.95642108321294
1420,67198_00004,144,0.9903846153846154,least_confidence,5,313.95642108321294
1421,67198_00004,145,0.9903846153846154,least_confidence,5,313.95642108321294
1422,67198_00004,146,0.9903846153846154,least_confidence,5,313.95642108321294
1423,67198_00004,147,0.9903846153846154,least_confidence,5,313.95642108321294
1424,67198_00004,148,0.9903846153846154,least_confidence,5,313.95642108321294
1425,67198_00004,149,0.9903846153846154,least_confidence,5,313.95642108321294
1426,67198_00004,150,0.9903846153846154,least_confidence,5,313.95642108321294
1427,67198_00004,151,0.9903846153846154,least_confidence,5,313.95642108321294
1428,67198_00004,152,0.9903846153846154,least_confidence,5,313.95642108321294
1429,67198_00004,153,0.9811320754716981,least_confidence,5,313.95642108321294
1430,67198_00004,154,0.9903846153846154,least_confidence,5,313.95642108321294
1431,67198_00004,155,0.9903846153846154,least_confidence,5,313.95642108321294
1432,67198_00004,156,0.9903846153846154,least_confidence,5,313.95642108321294
1433,67198_00004,157,0.9903846153846154,least_confidence,5,313.95642108321294
1434,67198_00004,158,0.9903846153846154,least_confidence,5,313.95642108321294
1435,67198_00004,159,0.9903846153846154,least_confidence,5,313.95642108321294
1436,67198_00004,160,0.9903846153846154,least_confidence,5,313.95642108321294
1437,67198_00004,161,0.9903846153846154,least_confidence,5,313.95642108321294
1438,67198_00004,162,0.9903846153846154,least_confidence,5,313.95642108321294
1439,67198_00004,163,0.9903846153846154,least_confidence,5,313.95642108321294
1440,67198_00004,164,0.9903846153846154,least_confidence,5,313.95642108321294
1441,67198_00004,165,0.9903846153846154,least_confidence,5,313.95642108321294
1442,67198_00004,166,0.9903846153846154,least_confidence,5,313.95642108321294
1443,67198_00004,167,0.9903846153846154,least_confidence,5,313.95642108321294
1444,67198_00004,168,0.9903846153846154,least_confidence,5,313.95642108321294
1445,67198_00004,169,0.9903846153846154,least_confidence,5,313.95642108321294
1446,67198_00004,170,0.9903846153846154,least_confidence,5,313.95642108321294
1447,67198_00004,171,0.9903846153846154,least_confidence,5,313.95642108321294
1448,67198_00004,172,0.9903846153846154,least_confidence,5,313.95642108321294
1449,67198_00004,173,0.9903846153846154,least_confidence,5,313.95642108321294
1450,67198_00004,174,0.9903846153846154,least_confidence,5,313.95642108321294
1451,67198_00004,175,0.9903846153846154,least_confidence,5,313.95642108321294
1452,67198_00004,176,0.9903846153846154,least_confidence,5,313.95642108321294
1453,67198_00004,177,0.9903846153846154,least_confidence,5,313.95642108321294
1454,67198_00004,178,0.9903846153846154,least_confidence,5,313.95642108321294
1455,67198_00004,179,0.9903846153846154,least_confidence,5,313.95642108321294
1456,67198_00004,180,0.9903846153846154,least_confidence,5,313.95642108321294
1457,67198_00004,181,0.9903846153846154,least_confidence,5,313.95642108321294
1458,67198_00004,182,0.9903846153846154,least_confidence,5,313.95642108321294
1459,67198_00004,183,0.9903846153846154,least_confidence,5,313.95642108321294
1460,67198_00004,184,0.9903846153846154,least_confidence,5,313.95642108321294
1461,67198_00004,185,0.9903846153846154,least_confidence,5,313.95642108321294
1462,67198_00004,186,0.9903846153846154,least_confidence,5,313.95642108321294
1463,67198_00004,187,0.9903846153846154,least_confidence,5,313.95642108321294
1464,67198_00004,188,0.9903846153846154,least_confidence,5,313.95642108321294
1465,67198_00004,189,0.9903846153846154,least_confidence,5,313.95642108321294
1466,67198_00004,190,0.9903846153846154,least_confidence,5,313.95642108321294
1467,67198_00004,191,1.0,least_confidence,5,313.95642108321294
1468,67198_00004,192,0.9903846153846154,least_confidence,5,313.95642108321294
1469,67198_00004,193,0.9903846153846154,least_confidence,5,313.95642108321294
1470,67198_00004,194,0.9903846153846154,least_confidence,5,313.95642108321294
1471,67198_00004,195,1.0,least_confidence,5,313.95642108321294
1472,67198_00004,196,0.9903846153846154,least_confidence,5,313.95642108321294
1473,67198_00004,197,0.9903846153846154,least_confidence,5,313.95642108321294
1474,67198_00004,198,0.9903846153846154,least_confidence,5,313.95642108321294
1475,67198_00004,199,0.9903846153846154,least_confidence,5,313.95642108321294
1476,67198_00004,200,0.9903846153846154,least_confidence,5,313.95642108321294
1477,67198_00004,201,0.9903846153846154,least_confidence,5,313.95642108321294
1478,67198_00004,202,0.9903846153846154,least_confidence,5,313.95642108321294
1479,67198_00004,203,0.9903846153846154,least_confidence,5,313.95642108321294
1480,67198_00004,204,0.9903846153846154,least_confidence,5,313.95642108321294
1481,67198_00004,205,0.9903846153846154,least_confidence,5,313.95642108321294
1482,67198_00004,206,0.9903846153846154,least_confidence,5,313.95642108321294
1483,67198_00004,207,0.9903846153846154,least_confidence,5,313.95642108321294
1484,67198_00004,208,0.9903846153846154,least_confidence,5,313.95642108321294
1485,67198_00004,209,0.9903846153846154,least_confidence,5,313.95642108321294
1486,67198_00004,210,0.9903846153846154,least_confidence,5,313.95642108321294
1487,67198_00004,211,0.9903846153846154,least_confidence,5,313.95642108321294
1488,67198_00004,212,0.9903846153846154,least_confidence,5,313.95642108321294
1489,67198_00004,213,0.9903846153846154,least_confidence,5,313.95642108321294
1490,67198_00004,214,0.9903846153846154,least_confidence,5,313.95642108321294
1491,67198_00004,215,0.9903846153846154,least_confidence,5,313.95642108321294
1492,67198_00004,216,0.9903846153846154,least_confidence,5,313.95642108321294
1493,67198_00004,217,0.9903846153846154,least_confidence,5,313.95642108321294
1494,67198_00004,218,0.9903846153846154,least_confidence,5,313.95642108321294
1495,67198_00004,219,0.9903846153846154,least_confidence,5,313.95642108321294
1496,67198_00004,220,0.9903846153846154,least_confidence,5,313.95642108321294
1497,67198_00004,221,0.9903846153846154,least_confidence,5,313.95642108321294
1498,67198_00004,222,0.9903846153846154,least_confidence,5,313.95642108321294
1499,67198_00004,223,0.9903846153846154,least_confidence,5,313.95642108321294
1500,67198_00004,224,0.9903846153846154,least_confidence,5,313.95642108321294
1501,67198_00004,225,0.9903846153846154,least_confidence,5,313.95642108321294
1502,67198_00004,226,0.9903846153846154,least_confidence,5,313.95642108321294
1503,67198_00004,227,0.9903846153846154,least_confidence,5,313.95642108321294
1504,67198_00004,228,0.9903846153846154,least_confidence,5,313.95642108321294
1505,67198_00004,229,0.9903846153846154,least_confidence,5,313.95642108321294
1506,67198_00004,230,0.9903846153846154,least_confidence,5,313.95642108321294
1507,67198_00004,231,0.9903846153846154,least_confidence,5,313.95642108321294
1508,67198_00004,232,0.9903846153846154,least_confidence,5,313.95642108321294
1509,67198_00004,233,0.9903846153846154,least_confidence,5,313.95642108321294
1510,67198_00004,234,0.9903846153846154,least_confidence,5,313.95642108321294
1511,67198_00004,235,0.9903846153846154,least_confidence,5,313.95642108321294
1512,67198_00004,236,0.9811320754716981,least_confidence,5,313.95642108321294
1513,67198_00004,237,0.9903846153846154,least_confidence,5,313.95642108321294
1514,67198_00004,238,0.9903846153846154,least_confidence,5,313.95642108321294
1515,67198_00004,239,0.9903846153846154,least_confidence,5,313.95642108321294
1516,67198_00004,240,0.9903846153846154,least_confidence,5,313.95642108321294
1517,67198_00004,241,0.9903846153846154,least_confidence,5,313.95642108321294
1518,67198_00004,242,0.9903846153846154,least_confidence,5,313.95642108321294
1519,67198_00004,243,0.9903846153846154,least_confidence,5,313.95642108321294
1520,67198_00004,244,0.9903846153846154,least_confidence,5,313.95642108321294
1521,67198_00004,245,0.9903846153846154,least_confidence,5,313.95642108321294
1522,67198_00004,246,0.9903846153846154,least_confidence,5,313.95642108321294
1523,67198_00004,247,0.9903846153846154,least_confidence,5,313.95642108321294
1524,67198_00004,248,0.9903846153846154,least_confidence,5,313.95642108321294
1525,67198_00004,249,0.9903846153846154,least_confidence,5,313.95642108321294
1526,67198_00004,250,0.9903846153846154,least_confidence,5,313.95642108321294
1527,67198_00004,251,0.9903846153846154,least_confidence,5,313.95642108321294
1528,67198_00004,252,0.9903846153846154,least_confidence,5,313.95642108321294
1529,67198_00004,253,0.9903846153846154,least_confidence,5,313.95642108321294
1530,67198_00004,254,0.9903846153846154,least_confidence,5,313.95642108321294
1531,67198_00004,255,0.9903846153846154,least_confidence,5,313.95642108321294
1532,67198_00004,256,0.9903846153846154,least_confidence,5,313.95642108321294
1533,67198_00004,257,0.9903846153846154,least_confidence,5,313.95642108321294
1534,67198_00004,258,0.9903846153846154,least_confidence,5,313.95642108321294
1535,67198_00004,259,0.9903846153846154,least_confidence,5,313.95642108321294
1536,67198_00004,260,0.9903846153846154,least_confidence,5,313.95642108321294
1537,67198_00004,261,0.9903846153846154,least_confidence,5,313.95642108321294
1538,67198_00004,262,0.9903846153846154,least_confidence,5,313.95642108321294
1539,67198_00004,263,0.9903846153846154,least_confidence,5,313.95642108321294
1540,67198_00004,264,0.9903846153846154,least_confidence,5,313.95642108321294
1541,67198_00004,265,0.9903846153846154,least_confidence,5,313.95642108321294
1542,67198_00004,266,0.9903846153846154,least_confidence,5,313.95642108321294
1543,67198_00004,267,0.9903846153846154,least_confidence,5,313.95642108321294
1544,67198_00004,268,0.9903846153846154,least_confidence,5,313.95642108321294
1545,67198_00004,269,0.9903846153846154,least_confidence,5,313.95642108321294
1546,67198_00004,270,0.9903846153846154,least_confidence,5,313.95642108321294
1547,67198_00004,271,0.9903846153846154,least_confidence,5,313.95642108321294
1548,67198_00004,272,0.9903846153846154,least_confidence,5,313.95642108321294
1549,67198_00004,273,0.9903846153846154,least_confidence,5,313.95642108321294
1550,67198_00004,274,0.9903846153846154,least_confidence,5,313.95642108321294
1551,67198_00004,275,0.9811320754716981,least_confidence,5,313.95642108321294
1552,67198_00004,276,0.9903846153846154,least_confidence,5,313.95642108321294
1553,67198_00004,277,0.9903846153846154,least_confidence,5,313.95642108321294
1554,67198_00004,278,0.9903846153846154,least_confidence,5,313.95642108321294
1555,67198_00004,279,0.9903846153846154,least_confidence,5,313.95642108321294
1556,67198_00004,280,0.9903846153846154,least_confidence,5,313.95642108321294
1557,67198_00004,281,0.9903846153846154,least_confidence,5,313.95642108321294
1558,67198_00004,282,0.9903846153846154,least_confidence,5,313.95642108321294
1559,67198_00004,283,0.9903846153846154,least_confidence,5,313.95642108321294
1560,67198_00004,284,0.9903846153846154,least_confidence,5,313.95642108321294
1561,67198_00004,285,0.9903846153846154,least_confidence,5,313.95642108321294
1562,67198_00004,286,0.9903846153846154,least_confidence,5,313.95642108321294
1563,67198_00004,287,0.9903846153846154,least_confidence,5,313.95642108321294
1564,67198_00004,288,0.9903846153846154,least_confidence,5,313.95642108321294
1565,67198_00004,289,0.9903846153846154,least_confidence,5,313.95642108321294
1566,67198_00004,290,0.9903846153846154,least_confidence,5,313.95642108321294
1567,67198_00004,291,0.9903846153846154,least_confidence,5,313.95642108321294
1568,67198_00004,292,0.9903846153846154,least_confidence,5,313.95642108321294
1569,67198_00004,293,0.9903846153846154,least_confidence,5,313.95642108321294
1570,67198_00004,294,0.9903846153846154,least_confidence,5,313.95642108321294
1571,67198_00004,295,0.9903846153846154,least_confidence,5,313.95642108321294
1572,67198_00004,296,0.9903846153846154,least_confidence,5,313.95642108321294
1573,67198_00004,297,0.9903846153846154,least_confidence,5,313.95642108321294
1574,67198_00004,298,0.9903846153846154,least_confidence,5,313.95642108321294
1575,67198_00004,299,0.9903846153846154,least_confidence,5,313.95642108321294
1576,67198_00004,300,0.9903846153846154,least_confidence,5,313.95642108321294
1577,67198_00004,301,0.9903846153846154,least_confidence,5,313.95642108321294
1578,67198_00004,302,0.9903846153846154,least_confidence,5,313.95642108321294
1579,67198_00004,303,0.9903846153846154,least_confidence,5,313.95642108321294
1580,67198_00004,304,0.9903846153846154,least_confidence,5,313.95642108321294
1581,67198_00004,305,0.9903846153846154,least_confidence,5,313.95642108321294
1582,67198_00004,306,0.9903846153846154,least_confidence,5,313.95642108321294
1583,67198_00004,307,0.9903846153846154,least_confidence,5,313.95642108321294
1584,67198_00004,308,0.9811320754716981,least_confidence,5,313.95642108321294
1585,67198_00004,309,0.9903846153846154,least_confidence,5,313.95642108321294
1586,67198_00004,310,0.9903846153846154,least_confidence,5,313.95642108321294
1587,67198_00004,311,0.9903846153846154,least_confidence,5,313.95642108321294
1588,67198_00004,312,0.9903846153846154,least_confidence,5,313.95642108321294
1589,67198_00004,313,0.9903846153846154,least_confidence,5,313.95642108321294
1590,67198_00004,314,0.9903846153846154,least_confidence,5,313.95642108321294
1591,67198_00004,315,0.9903846153846154,least_confidence,5,313.95642108321294
1592,67198_00004,316,0.9903846153846154,least_confidence,5,313.95642108321294
1593,67198_00004,317,0.9903846153846154,least_confidence,5,313.95642108321294
1594,67198_00004,318,0.9903846153846154,least_confidence,5,313.95642108321294
1595,67198_00005,0,0.6654854712969525,entropy,1,273.12408336287865
1596,67198_00005,1,0.7138752052545156,entropy,1,273.12408336287865
1597,67198_00005,2,0.6411079887595343,entropy,1,273.12408336287865
1598,67198_00005,3,0.7951807228915663,entropy,1,273.12408336287865
1599,67198_00005,4,0.7951807228915663,entropy,1,273.12408336287865
1600,67198_00005,5,0.5626274989800082,entropy,1,273.12408336287865
1601,67198_00005,6,0.810126582278481,entropy,1,273.12408336287865
1602,67198_00005,7,0.7951807228915663,entropy,1,273.12408336287865
1603,67198_00005,8,0.810126582278481,entropy,1,273.12408336287865
1604,67198_00005,9,0.5456885456885456,entropy,1,273.12408336287865
1605,67198_00005,10,0.810126582278481,entropy,1,273.12408336287865
1606,67198_00005,11,0.5456885456885456,entropy,1,273.12408336287865
1607,67198_00005,12,0.810126582278481,entropy,1,273.12408336287865
1608,67198_00005,13,0.7951807228915663,entropy,1,273.12408336287865
1609,67198_00005,14,0.5818181818181818,entropy,1,273.12408336287865
1610,67198_00005,15,0.810126582278481,entropy,1,273.12408336287865
1611,67198_00005,16,0.7951807228915663,entropy,1,273.12408336287865
1612,67198_00005,17,0.5653635981504834,entropy,1,273.12408336287865
1613,67198_00005,18,0.810126582278481,entropy,1,273.12408336287865
1614,67198_00005,19,0.5626274989800082,entropy,1,273.12408336287865
1615,67198_00005,20,0.810126582278481,entropy,1,273.12408336287865
1616,67198_00005,21,0.5626274989800082,entropy,1,273.12408336287865
1617,67198_00005,22,0.49,entropy,1,273.12408336287865
1618,67198_00005,23,0.7733333333333334,entropy,1,273.12408336287865
1619,67198_00005,24,0.7951807228915663,entropy,1,273.12408336287865
1620,67198_00005,25,0.7951807228915663,entropy,1,273.12408336287865
1621,67198_00005,26,0.7951807228915663,entropy,1,273.12408336287865
1622,67198_00005,27,0.7951807228915663,entropy,1,273.12408336287865
1623,67198_00005,28,0.5626274989800082,entropy,1,273.12408336287865
1624,67198_00005,29,0.7525773195876289,entropy,1,273.12408336287865
1625,67198_00005,30,0.7663043478260869,entropy,1,273.12408336287865
1626,67198_00005,31,0.7916666666666667,entropy,1,273.12408336287865
1627,67198_00005,32,0.7525773195876289,entropy,1,273.12408336287865
1628,67198_00005,33,0.7663043478260869,entropy,1,273.12408336287865
1629,67198_00005,34,0.7951807228915663,entropy,1,273.12408336287865
1630,67198_00005,35,0.7916666666666667,entropy,1,273.12408336287865
1631,67198_00005,36,0.810126582278481,entropy,1,273.12408336287865
1632,67198_00005,37,0.7951807228915663,entropy,1,273.12408336287865
1633,67198_00005,38,0.7525773195876289,entropy,1,273.12408336287865
1634,67198_00005,39,0.5626274989800082,entropy,1,273.12408336287865
1635,67198_00005,40,0.7916666666666667,entropy,1,273.12408336287865
1636,67198_00005,41,0.5626274989800082,entropy,1,273.12408336287865
1637,67198_00005,42,0.7916666666666667,entropy,1,273.12408336287865
1638,67198_00005,43,0.7525773195876289,entropy,1,273.12408336287865
1639,67198_00005,44,0.7525773195876289,entropy,1,273.12408336287865
1640,67198_00005,45,0.7525773195876289,entropy,1,273.12408336287865
1641,67198_00005,46,0.5233291298865069,entropy,1,273.12408336287865
1642,67198_00005,47,0.7525773195876289,entropy,1,273.12408336287865
1643,67198_00005,48,0.7525773195876289,entropy,1,273.12408336287865
1644,67198_00005,49,0.7916666666666667,entropy,1,273.12408336287865
1645,67198_00005,50,0.5233291298865069,entropy,1,273.12408336287865
1646,67198_00005,51,0.7848837209302326,entropy,1,273.12408336287865
1647,67198_00005,52,0.7474747474747475,entropy,1,273.12408336287865
1648,67198_00005,53,0.7474747474747475,entropy,1,273.12408336287865
1649,67198_00005,54,0.7848837209302326,entropy,1,273.12408336287865
1650,67198_00005,55,0.7916666666666667,entropy,1,273.12408336287865
1651,67198_00005,56,0.7916666666666667,entropy,1,273.12408336287865
1652,67198_00005,57,0.5233291298865069,entropy,1,273.12408336287865
1653,67198_00005,58,0.5233291298865069,entropy,1,273.12408336287865
1654,67198_00005,59,0.7951807228915663,entropy,1,273.12408336287865
1655,67198_00005,60,0.7474747474747475,entropy,1,273.12408336287865
1656,67198_00005,61,0.7525773195876289,entropy,1,273.12408336287865
1657,67198_00005,62,0.5233291298865069,entropy,1,273.12408336287865
1658,67198_00005,63,0.7951807228915663,entropy,1,273.12408336287865
1659,67198_00005,64,0.49,entropy,1,273.12408336287865
1660,67198_00005,65,0.7474747474747475,entropy,1,273.12408336287865
1661,67198_00005,66,0.5233291298865069,entropy,1,273.12408336287865
1662,67198_00005,67,0.7474747474747475,entropy,1,273.12408336287865
1663,67198_00005,68,0.7474747474747475,entropy,1,273.12408336287865
1664,67198_00005,69,0.7474747474747475,entropy,1,273.12408336287865
1665,67198_00005,70,0.7474747474747475,entropy,1,273.12408336287865
1666,67198_00005,71,0.49,entropy,1,273.12408336287865
1667,67198_00005,72,0.7848837209302326,entropy,1,273.12408336287865
1668,67198_00005,73,0.7474747474747475,entropy,1,273.12408336287865
1669,67198_00005,74,0.49,entropy,1,273.12408336287865
1670,67198_00005,75,0.7848837209302326,entropy,1,273.12408336287865
1671,67198_00005,76,0.7848837209302326,entropy,1,273.12408336287865
1672,67198_00005,77,0.7848837209302326,entropy,1,273.12408336287865
1673,67198_00005,78,0.7474747474747475,entropy,1,273.12408336287865
1674,67198_00005,79,0.49,entropy,1,273.12408336287865
1675,67198_00005,80,0.49,entropy,1,273.12408336287865
1676,67198_00005,81,0.7474747474747475,entropy,1,273.12408336287865
1677,67198_00005,82,0.5233291298865069,entropy,1,273.12408336287865
1678,67198_00005,83,0.7474747474747475,entropy,1,273.12408336287865
1679,67198_00005,84,0.7474747474747475,entropy,1,273.12408336287865
1680,67198_00005,85,0.7848837209302326,entropy,1,273.12408336287865
1681,67198_00005,86,0.7848837209302326,entropy,1,273.12408336287865
1682,67198_00005,87,0.7848837209302326,entropy,1,273.12408336287865
1683,67198_00005,88,0.7848837209302326,entropy,1,273.12408336287865
1684,67198_00005,89,0.5233291298865069,entropy,1,273.12408336287865
1685,67198_00005,90,0.7848837209302326,entropy,1,273.12408336287865
1686,67198_00005,91,0.7474747474747475,entropy,1,273.12408336287865
1687,67198_00005,92,0.5913848631239935,entropy,1,273.12408336287865
1688,67198_00005,93,0.5233291298865069,entropy,1,273.12408336287865
1689,67198_00005,94,0.9172077922077921,entropy,1,273.12408336287865
1690,67198_00005,95,0.8353686114880146,entropy,1,273.12408336287865
1691,67198_00005,96,0.97,entropy,1,273.12408336287865
1692,67198_00005,97,0.97,entropy,1,273.12408336287865
1693,67198_00005,98,0.8043956043956044,entropy,1,273.12408336287865
1694,67198_00005,99,0.8353686114880146,entropy,1,273.12408336287865
1695,67198_00005,100,0.8695652173913043,entropy,1,273.12408336287865
1696,67198_00005,101,0.97,entropy,1,273.12408336287865
1697,67198_00005,102,0.8043956043956044,entropy,1,273.12408336287865
1698,67198_00005,103,0.8043956043956044,entropy,1,273.12408336287865
1699,67198_00005,104,0.8353686114880146,entropy,1,273.12408336287865
1700,67198_00005,105,0.9603841536614646,entropy,1,273.12408336287865
1701,67198_00005,106,0.9421918908069049,entropy,1,273.12408336287865
1702,67198_00005,107,0.8695652173913043,entropy,1,273.12408336287865
1703,67198_00005,108,0.9603841536614646,entropy,1,273.12408336287865
1704,67198_00005,109,0.9603841536614646,entropy,1,273.12408336287865
1705,67198_00005,110,0.8373161764705883,entropy,1,273.12408336287865
1706,67198_00005,111,0.8353686114880146,entropy,1,273.12408336287865
1707,67198_00005,112,0.8353686114880146,entropy,1,273.12408336287865
1708,67198_00005,113,0.8043956043956044,entropy,1,273.12408336287865
1709,67198_00005,114,0.8875,entropy,1,273.12408336287865
1710,67198_00005,115,0.8043956043956044,entropy,1,273.12408336287865
1711,67198_00005,116,0.8043956043956044,entropy,1,273.12408336287865
1712,67198_00005,117,0.8353686114880146,entropy,1,273.12408336287865
1713,67198_00005,118,0.8043956043956044,entropy,1,273.12408336287865
1714,67198_00005,119,0.9603841536614646,entropy,1,273.12408336287865
1715,67198_00005,120,0.8520220588235294,entropy,1,273.12408336287865
1716,67198_00005,121,0.8195187165775402,entropy,1,273.12408336287865
1717,67198_00005,122,0.8695652173913043,entropy,1,273.12408336287865
1718,67198_00005,123,0.8353686114880146,entropy,1,273.12408336287865
1719,67198_00005,124,0.8695652173913043,entropy,1,273.12408336287865
1720,67198_00005,125,0.97,entropy,1,273.12408336287865
1721,67198_00005,126,0.8695652173913043,entropy,1,273.12408336287865
1722,67198_00005,127,0.8353686114880146,entropy,1,273.12408336287865
1723,67198_00005,128,0.9799919967987194,entropy,1,273.12408336287865
1724,67198_00005,129,0.8043956043956044,entropy,1,273.12408336287865
1725,67198_00005,130,0.8353686114880146,entropy,1,273.12408336287865
1726,67198_00005,131,0.9799919967987194,entropy,1,273.12408336287865
1727,67198_00005,132,0.8043956043956044,entropy,1,273.12408336287865
1728,67198_00005,133,0.8642857142857143,entropy,1,273.12408336287865
1729,67198_00005,134,0.8642857142857143,entropy,1,273.12408336287865
1730,67198_00005,135,0.8461898083216457,entropy,1,273.12408336287865
1731,67198_00005,136,0.9799919967987194,entropy,1,273.12408336287865
1732,67198_00005,137,0.9603841536614646,entropy,1,273.12408336287865
1733,67198_00005,138,0.7972370766488414,entropy,1,273.12408336287865
1734,67198_00005,139,0.8642857142857143,entropy,1,273.12408336287865
1735,67198_00005,140,0.8353686114880146,entropy,1,273.12408336287865
1736,67198_00005,141,0.9799919967987194,entropy,1,273.12408336287865
1737,67198_00005,142,0.8127544097693351,entropy,1,273.12408336287865
1738,67198_00005,143,0.9799919967987194,entropy,1,273.12408336287865
1739,67198_00005,144,0.9799919967987194,entropy,1,273.12408336287865
1740,67198_00005,145,0.8695652173913043,entropy,1,273.12408336287865
1741,67198_00005,146,0.97,entropy,1,273.12408336287865
1742,67198_00005,147,0.8642857142857143,entropy,1,273.12408336287865
1743,67198_00005,148,0.8642857142857143,entropy,1,273.12408336287865
1744,67198_00005,149,0.97,entropy,1,273.12408336287865
1745,67198_00005,150,0.7972370766488414,entropy,1,273.12408336287865
1746,67198_00005,151,0.8353686114880146,entropy,1,273.12408336287865
1747,67198_00005,152,0.8695652173913043,entropy,1,273.12408336287865
1748,67198_00005,153,0.8695652173913043,entropy,1,273.12408336287865
1749,67198_00005,154,0.9703525641025641,entropy,1,273.12408336287865
1750,67198_00005,155,0.8043956043956044,entropy,1,273.12408336287865
1751,67198_00005,156,0.8695652173913043,entropy,1,273.12408336287865
1752,67198_00005,157,0.9799919967987194,entropy,1,273.12408336287865
1753,67198_00005,158,0.9799919967987194,entropy,1,273.12408336287865
1754,67198_00005,159,0.8642857142857143,entropy,1,273.12408336287865
1755,67198_00005,160,0.8695652173913043,entropy,1,273.12408336287865
1756,67198_00005,161,0.9799919967987194,entropy,1,273.12408336287865
1757,67198_00005,162,0.8642857142857143,entropy,1,273.12408336287865
1758,67198_00005,163,0.9799919967987194,entropy,1,273.12408336287865
1759,67198_00005,164,0.9903846153846154,entropy,1,273.12408336287865
1760,67198_00005,165,0.8695652173913043,entropy,1,273.12408336287865
1761,67198_00005,166,0.8642857142857143,entropy,1,273.12408336287865
1762,67198_00005,167,0.8642857142857143,entropy,1,273.12408336287865
1763,67198_00005,168,0.9799919967987194,entropy,1,273.12408336287865
1764,67198_00005,169,0.9799919967987194,entropy,1,273.12408336287865
1765,67198_00005,170,0.8695652173913043,entropy,1,273.12408336287865
1766,67198_00005,171,0.9799919967987194,entropy,1,273.12408336287865
1767,67198_00005,172,0.9903846153846154,entropy,1,273.12408336287865
1768,67198_00005,173,0.8695652173913043,entropy,1,273.12408336287865
1769,67198_00005,174,0.8695652173913043,entropy,1,273.12408336287865
1770,67198_00005,175,0.8695652173913043,entropy,1,273.12408336287865
1771,67198_00005,176,0.9799919967987194,entropy,1,273.12408336287865
1772,67198_00005,177,0.8642857142857143,entropy,1,273.12408336287865
1773,67198_00005,178,0.8695652173913043,entropy,1,273.12408336287865
1774,67198_00005,179,0.8695652173913043,entropy,1,273.12408336287865
1775,67198_00005,180,0.9903846153846154,entropy,1,273.12408336287865
1776,67198_00005,181,0.9703525641025641,entropy,1,273.12408336287865
1777,67198_00005,182,0.8642857142857143,entropy,1,273.12408336287865
1778,67198_00005,183,0.9903846153846154,entropy,1,273.12408336287865
1779,67198_00005,184,0.9811320754716981,entropy,1,273.12408336287865
1780,67198_00005,185,0.8642857142857143,entropy,1,273.12408336287865
1781,67198_00005,186,0.8642857142857143,entropy,1,273.12408336287865
1782,67198_00005,187,0.8642857142857143,entropy,1,273.12408336287865
1783,67198_00005,188,0.8642857142857143,entropy,1,273.12408336287865
1784,67198_00005,189,0.8642857142857143,entropy,1,273.12408336287865
1785,67198_00005,190,0.9703525641025641,entropy,1,273.12408336287865
1786,67198_00005,191,0.8642857142857143,entropy,1,273.12408336287865
1787,67198_00005,192,0.9811320754716981,entropy,1,273.12408336287865
1788,67198_00005,193,0.9811320754716981,entropy,1,273.12408336287865
1789,67198_00005,194,0.8642857142857143,entropy,1,273.12408336287865
1790,67198_00005,195,0.8642857142857143,entropy,1,273.12408336287865
1791,67198_00005,196,0.8695652173913043,entropy,1,273.12408336287865
1792,67198_00005,197,0.9811320754716981,entropy,1,273.12408336287865
1793,67198_00005,198,0.9811320754716981,entropy,1,273.12408336287865
1794,67198_00005,199,0.8642857142857143,entropy,1,273.12408336287865
1795,67198_00005,200,0.9703525641025641,entropy,1,273.12408336287865
1796,67198_00005,201,0.9903846153846154,entropy,1,273.12408336287865
1797,67198_00005,202,0.9903846153846154,entropy,1,273.12408336287865
1798,67198_00005,203,0.8642857142857143,entropy,1,273.12408336287865
1799,67198_00005,204,0.9811320754716981,entropy,1,273.12408336287865
1800,67198_00005,205,0.9811320754716981,entropy,1,273.12408336287865
1801,67198_00005,206,0.9811320754716981,entropy,1,273.12408336287865
1802,67198_00005,207,0.8642857142857143,entropy,1,273.12408336287865
1803,67198_00005,208,0.8642857142857143,entropy,1,273.12408336287865
1804,67198_00005,209,0.8695652173913043,entropy,1,273.12408336287865
1805,67198_00005,210,0.8642857142857143,entropy,1,273.12408336287865
1806,67198_00005,211,0.8642857142857143,entropy,1,273.12408336287865
1807,67198_00005,212,0.8642857142857143,entropy,1,273.12408336287865
1808,67198_00005,213,0.8642857142857143,entropy,1,273.12408336287865
1809,67198_00005,214,0.9811320754716981,entropy,1,273.12408336287865
1810,67198_00005,215,0.9703525641025641,entropy,1,273.12408336287865
1811,67198_00005,216,0.8642857142857143,entropy,1,273.12408336287865
1812,67198_00005,217,0.9903846153846154,entropy,1,273.12408336287865
1813,67198_00005,218,0.8695652173913043,entropy,1,273.12408336287865
1814,67198_00005,219,0.8695652173913043,entropy,1,273.12408336287865
1815,67198_00005,220,0.8642857142857143,entropy,1,273.12408336287865
1816,67198_00005,221,0.8642857142857143,entropy,1,273.12408336287865
1817,67198_00005,222,0.9703525641025641,entropy,1,273.12408336287865
1818,67198_00005,223,0.8695652173913043,entropy,1,273.12408336287865
1819,67198_00005,224,0.9799919967987194,entropy,1,273.12408336287865
1820,67198_00005,225,0.9703525641025641,entropy,1,273.12408336287865
1821,67198_00005,226,0.8695652173913043,entropy,1,273.12408336287865
1822,67198_00005,227,0.8642857142857143,entropy,1,273.12408336287865
1823,67198_00005,228,0.8642857142857143,entropy,1,273.12408336287865
1824,67198_00005,229,0.8642857142857143,entropy,1,273.12408336287865
1825,67198_00005,230,0.8642857142857143,entropy,1,273.12408336287865
1826,67198_00005,231,0.9811320754716981,entropy,1,273.12408336287865
1827,67198_00005,232,0.9799919967987194,entropy,1,273.12408336287865
1828,67198_00005,233,0.9903846153846154,entropy,1,273.12408336287865
1829,67198_00005,234,0.8695652173913043,entropy,1,273.12408336287865
1830,67198_00005,235,0.8695652173913043,entropy,1,273.12408336287865
1831,67198_00005,236,0.8642857142857143,entropy,1,273.12408336287865
1832,67198_00005,237,0.8642857142857143,entropy,1,273.12408336287865
1833,67198_00005,238,0.9799919967987194,entropy,1,273.12408336287865
1834,67198_00005,239,0.8695652173913043,entropy,1,273.12408336287865
1835,67198_00005,240,0.8642857142857143,entropy,1,273.12408336287865
1836,67198_00005,241,0.8642857142857143,entropy,1,273.12408336287865
1837,67198_00005,242,0.8642857142857143,entropy,1,273.12408336287865
1838,67198_00005,243,0.8642857142857143,entropy,1,273.12408336287865
1839,67198_00005,244,0.8695652173913043,entropy,1,273.12408336287865
1840,67198_00005,245,0.8695652173913043,entropy,1,273.12408336287865
1841,67198_00005,246,0.9799919967987194,entropy,1,273.12408336287865
1842,67198_00005,247,0.8642857142857143,entropy,1,273.12408336287865
1843,67198_00005,248,0.8695652173913043,entropy,1,273.12408336287865
1844,67198_00005,249,0.8695652173913043,entropy,1,273.12408336287865
1845,67198_00005,250,0.9903846153846154,entropy,1,273.12408336287865
1846,67198_00005,251,0.9703525641025641,entropy,1,273.12408336287865
1847,67198_00005,252,0.8695652173913043,entropy,1,273.12408336287865
1848,67198_00005,253,0.9903846153846154,entropy,1,273.12408336287865
1849,67198_00005,254,0.9799919967987194,entropy,1,273.12408336287865
1850,67198_00005,255,0.9903846153846154,entropy,1,273.12408336287865
1851,67198_00005,256,0.9703525641025641,entropy,1,273.12408336287865
1852,67198_00005,257,0.9799919967987194,entropy,1,273.12408336287865
1853,67198_00005,258,0.9799919967987194,entropy,1,273.12408336287865
1854,67198_00005,259,0.9799919967987194,entropy,1,273.12408336287865
1855,67198_00005,260,0.9703525641025641,entropy,1,273.12408336287865
1856,67198_00005,261,0.9799919967987194,entropy,1,273.12408336287865
1857,67198_00005,262,0.9799919967987194,entropy,1,273.12408336287865
1858,67198_00005,263,0.9799919967987194,entropy,1,273.12408336287865
1859,67198_00005,264,0.9799919967987194,entropy,1,273.12408336287865
1860,67198_00005,265,0.9703525641025641,entropy,1,273.12408336287865
1861,67198_00005,266,0.9903846153846154,entropy,1,273.12408336287865
1862,67198_00005,267,0.9811320754716981,entropy,1,273.12408336287865
1863,67198_00005,268,0.9799919967987194,entropy,1,273.12408336287865
1864,67198_00005,269,0.9903846153846154,entropy,1,273.12408336287865
1865,67198_00005,270,0.9703525641025641,entropy,1,273.12408336287865
1866,67198_00005,271,0.9703525641025641,entropy,1,273.12408336287865
1867,67198_00005,272,0.9903846153846154,entropy,1,273.12408336287865
1868,67198_00005,273,0.9811320754716981,entropy,1,273.12408336287865
1869,67198_00005,274,0.9703525641025641,entropy,1,273.12408336287865
1870,67198_00005,275,0.9799919967987194,entropy,1,273.12408336287865
1871,67198_00005,276,0.9799919967987194,entropy,1,273.12408336287865
1872,67198_00005,277,0.9799919967987194,entropy,1,273.12408336287865
1873,67198_00005,278,0.9799919967987194,entropy,1,273.12408336287865
1874,67198_00005,279,0.9799919967987194,entropy,1,273.12408336287865
1875,67198_00005,280,0.9811320754716981,entropy,1,273.12408336287865
1876,67198_00005,281,0.9799919967987194,entropy,1,273.12408336287865
1877,67198_00005,282,0.9799919967987194,entropy,1,273.12408336287865
1878,67198_00005,283,0.9799919967987194,entropy,1,273.12408336287865
1879,67198_00005,284,0.9703525641025641,entropy,1,273.12408336287865
1880,67198_00005,285,0.9799919967987194,entropy,1,273.12408336287865
1881,67198_00005,286,0.9799919967987194,entropy,1,273.12408336287865
1882,67198_00005,287,0.9799919967987194,entropy,1,273.12408336287865
1883,67198_00005,288,0.9811320754716981,entropy,1,273.12408336287865
1884,67198_00005,289,0.9811320754716981,entropy,1,273.12408336287865
1885,67198_00005,290,0.9903846153846154,entropy,1,273.12408336287865
1886,67198_00005,291,0.9799919967987194,entropy,1,273.12408336287865
1887,67198_00005,292,0.9799919967987194,entropy,1,273.12408336287865
1888,67198_00005,293,0.9799919967987194,entropy,1,273.12408336287865
1889,67198_00005,294,0.9811320754716981,entropy,1,273.12408336287865
1890,67198_00005,295,0.9799919967987194,entropy,1,273.12408336287865
1891,67198_00005,296,0.9799919967987194,entropy,1,273.12408336287865
1892,67198_00005,297,0.9811320754716981,entropy,1,273.12408336287865
1893,67198_00005,298,0.9799919967987194,entropy,1,273.12408336287865
1894,67198_00005,299,0.9799919967987194,entropy,1,273.12408336287865
1895,67198_00005,300,0.9799919967987194,entropy,1,273.12408336287865
1896,67198_00005,301,0.9799919967987194,entropy,1,273.12408336287865
1897,67198_00005,302,0.9799919967987194,entropy,1,273.12408336287865
1898,67198_00005,303,0.9799919967987194,entropy,1,273.12408336287865
1899,67198_00005,304,0.9799919967987194,entropy,1,273.12408336287865
1900,67198_00005,305,0.9703525641025641,entropy,1,273.12408336287865
1901,67198_00005,306,0.9903846153846154,entropy,1,273.12408336287865
1902,67198_00005,307,0.9799919967987194,entropy,1,273.12408336287865
1903,67198_00005,308,0.9799919967987194,entropy,1,273.12408336287865
1904,67198_00005,309,0.9799919967987194,entropy,1,273.12408336287865
1905,67198_00005,310,0.9799919967987194,entropy,1,273.12408336287865
1906,67198_00005,311,0.9703525641025641,entropy,1,273.12408336287865
1907,67198_00005,312,0.9799919967987194,entropy,1,273.12408336287865
1908,67198_00005,313,0.9703525641025641,entropy,1,273.12408336287865
1909,67198_00005,314,0.9799919967987194,entropy,1,273.12408336287865
1910,67198_00005,315,0.9799919967987194,entropy,1,273.12408336287865
1911,67198_00005,316,0.9703525641025641,entropy,1,273.12408336287865
1912,67198_00005,317,0.9799919967987194,entropy,1,273.12408336287865
1913,67198_00005,318,0.9703525641025641,entropy,1,273.12408336287865
1914,67198_00006,0,0.42371323529411764,entropy,2,290.9344192480368
1915,67198_00006,1,0.8035714285714286,entropy,2,290.9344192480368
1916,67198_00006,2,0.42371323529411764,entropy,2,290.9344192480368
1917,67198_00006,3,0.8642857142857143,entropy,2,290.9344192480368
1918,67198_00006,4,0.6606060606060606,entropy,2,290.9344192480368
1919,67198_00006,5,0.8642857142857143,entropy,2,290.9344192480368
1920,67198_00006,6,0.8591549295774648,entropy,2,290.9344192480368
1921,67198_00006,7,0.8642857142857143,entropy,2,290.9344192480368
1922,67198_00006,8,0.8642857142857143,entropy,2,290.9344192480368
1923,67198_00006,9,0.8712121212121212,entropy,2,290.9344192480368
1924,67198_00006,10,0.8642857142857143,entropy,2,290.9344192480368
1925,67198_00006,11,0.8642857142857143,entropy,2,290.9344192480368
1926,67198_00006,12,0.8642857142857143,entropy,2,290.9344192480368
1927,67198_00006,13,0.8642857142857143,entropy,2,290.9344192480368
1928,67198_00006,14,0.8642857142857143,entropy,2,290.9344192480368
1929,67198_00006,15,0.8642857142857143,entropy,2,290.9344192480368
1930,67198_00006,16,0.8642857142857143,entropy,2,290.9344192480368
1931,67198_00006,17,0.8642857142857143,entropy,2,290.9344192480368
1932,67198_00006,18,0.44786096256684493,entropy,2,290.9344192480368
1933,67198_00006,19,0.8642857142857143,entropy,2,290.9344192480368
1934,67198_00006,20,0.6606060606060606,entropy,2,290.9344192480368
1935,67198_00006,21,0.8642857142857143,entropy,2,290.9344192480368
1936,67198_00006,22,0.8642857142857143,entropy,2,290.9344192480368
1937,67198_00006,23,0.8642857142857143,entropy,2,290.9344192480368
1938,67198_00006,24,0.8642857142857143,entropy,2,290.9344192480368
1939,67198_00006,25,0.8642857142857143,entropy,2,290.9344192480368
1940,67198_00006,26,0.8642857142857143,entropy,2,290.9344192480368
1941,67198_00006,27,0.8642857142857143,entropy,2,290.9344192480368
1942,67198_00006,28,0.8642857142857143,entropy,2,290.9344192480368
1943,67198_00006,29,0.8642857142857143,entropy,2,290.9344192480368
1944,67198_00006,30,0.8642857142857143,entropy,2,290.9344192480368
1945,67198_00006,31,0.8642857142857143,entropy,2,290.9344192480368
1946,67198_00006,32,0.7288776796973518,entropy,2,290.9344192480368
1947,67198_00006,33,0.8642857142857143,entropy,2,290.9344192480368
1948,67198_00006,34,0.8642857142857143,entropy,2,290.9344192480368
1949,67198_00006,35,0.8642857142857143,entropy,2,290.9344192480368
1950,67198_00006,36,0.8642857142857143,entropy,2,290.9344192480368
1951,67198_00006,37,0.7951807228915663,entropy,2,290.9344192480368
1952,67198_00006,38,0.8642857142857143,entropy,2,290.9344192480368
1953,67198_00006,39,0.8642857142857143,entropy,2,290.9344192480368
1954,67198_00006,40,0.8642857142857143,entropy,2,290.9344192480368
1955,67198_00006,41,0.8642857142857143,entropy,2,290.9344192480368
1956,67198_00006,42,0.8642857142857143,entropy,2,290.9344192480368
1957,67198_00006,43,0.8642857142857143,entropy,2,290.9344192480368
1958,67198_00006,44,0.8642857142857143,entropy,2,290.9344192480368
1959,67198_00006,45,0.8642857142857143,entropy,2,290.9344192480368
1960,67198_00006,46,0.7824175824175824,entropy,2,290.9344192480368
1961,67198_00006,47,0.8642857142857143,entropy,2,290.9344192480368
1962,67198_00006,48,0.8642857142857143,entropy,2,290.9344192480368
1963,67198_00006,49,0.8642857142857143,entropy,2,290.9344192480368
1964,67198_00006,50,0.8642857142857143,entropy,2,290.9344192480368
1965,67198_00006,51,0.8642857142857143,entropy,2,290.9344192480368
1966,67198_00006,52,0.8642857142857143,entropy,2,290.9344192480368
1967,67198_00006,53,0.8642857142857143,entropy,2,290.9344192480368
1968,67198_00006,54,0.8642857142857143,entropy,2,290.9344192480368
1969,67198_00006,55,0.8642857142857143,entropy,2,290.9344192480368
1970,67198_00006,56,0.6399036531513449,entropy,2,290.9344192480368
1971,67198_00006,57,0.8642857142857143,entropy,2,290.9344192480368
1972,67198_00006,58,0.8642857142857143,entropy,2,290.9344192480368
1973,67198_00006,59,0.8642857142857143,entropy,2,290.9344192480368
1974,67198_00006,60,0.8642857142857143,entropy,2,290.9344192480368
1975,67198_00006,61,0.8642857142857143,entropy,2,290.9344192480368
1976,67198_00006,62,0.8642857142857143,entropy,2,290.9344192480368
1977,67198_00006,63,0.8642857142857143,entropy,2,290.9344192480368
1978,67198_00006,64,0.8642857142857143,entropy,2,290.9344192480368
1979,67198_00006,65,0.8642857142857143,entropy,2,290.9344192480368
1980,67198_00006,66,0.8642857142857143,entropy,2,290.9344192480368
1981,67198_00006,67,0.8642857142857143,entropy,2,290.9344192480368
1982,67198_00006,68,0.6606060606060606,entropy,2,290.9344192480368
1983,67198_00006,69,0.8642857142857143,entropy,2,290.9344192480368
1984,67198_00006,70,1.0,entropy,2,290.9344192480368
1985,67198_00006,71,0.8642857142857143,entropy,2,290.9344192480368
1986,67198_00006,72,0.8642857142857143,entropy,2,290.9344192480368
1987,67198_00006,73,1.0,entropy,2,290.9344192480368
1988,67198_00006,74,0.8712121212121212,entropy,2,290.9344192480368
1989,67198_00006,75,0.8642857142857143,entropy,2,290.9344192480368
1990,67198_00006,76,0.8642857142857143,entropy,2,290.9344192480368
1991,67198_00006,77,1.0,entropy,2,290.9344192480368
1992,67198_00006,78,0.8642857142857143,entropy,2,290.9344192480368
1993,67198_00006,79,1.0,entropy,2,290.9344192480368
1994,67198_00006,80,0.8642857142857143,entropy,2,290.9344192480368
1995,67198_00006,81,0.8642857142857143,entropy,2,290.9344192480368
1996,67198_00006,82,0.8642857142857143,entropy,2,290.9344192480368
1997,67198_00006,83,0.8642857142857143,entropy,2,290.9344192480368
1998,67198_00006,84,0.8642857142857143,entropy,2,290.9344192480368
1999,67198_00006,85,1.0,entropy,2,290.9344192480368
2000,67198_00006,86,1.0,entropy,2,290.9344192480368
2001,67198_00006,87,1.0,entropy,2,290.9344192480368
2002,67198_00006,88,1.0,entropy,2,290.9344192480368
2003,67198_00006,89,1.0,entropy,2,290.9344192480368
2004,67198_00006,90,1.0,entropy,2,290.9344192480368
2005,67198_00006,91,1.0,entropy,2,290.9344192480368
2006,67198_00006,92,1.0,entropy,2,290.9344192480368
2007,67198_00006,93,0.8642857142857143,entropy,2,290.9344192480368
2008,67198_00006,94,0.8642857142857143,entropy,2,290.9344192480368
2009,67198_00006,95,1.0,entropy,2,290.9344192480368
2010,67198_00006,96,0.8642857142857143,entropy,2,290.9344192480368
2011,67198_00006,97,1.0,entropy,2,290.9344192480368
2012,67198_00006,98,0.8642857142857143,entropy,2,290.9344192480368
2013,67198_00006,99,0.8642857142857143,entropy,2,290.9344192480368
2014,67198_00006,100,0.8642857142857143,entropy,2,290.9344192480368
2015,67198_00006,101,0.8642857142857143,entropy,2,290.9344192480368
2016,67198_00006,102,0.8642857142857143,entropy,2,290.9344192480368
2017,67198_00006,103,0.8642857142857143,entropy,2,290.9344192480368
2018,67198_00006,104,0.8642857142857143,entropy,2,290.9344192480368
2019,67198_00006,105,1.0,entropy,2,290.9344192480368
2020,67198_00006,106,1.0,entropy,2,290.9344192480368
2021,67198_00006,107,1.0,entropy,2,290.9344192480368
2022,67198_00006,108,0.8642857142857143,entropy,2,290.9344192480368
2023,67198_00006,109,0.8642857142857143,entropy,2,290.9344192480368
2024,67198_00006,110,0.8642857142857143,entropy,2,290.9344192480368
2025,67198_00006,111,0.8642857142857143,entropy,2,290.9344192480368
2026,67198_00006,112,0.8642857142857143,entropy,2,290.9344192480368
2027,67198_00006,113,1.0,entropy,2,290.9344192480368
2028,67198_00006,114,0.8642857142857143,entropy,2,290.9344192480368
2029,67198_00006,115,0.8642857142857143,entropy,2,290.9344192480368
2030,67198_00006,116,0.8642857142857143,entropy,2,290.9344192480368
2031,67198_00006,117,1.0,entropy,2,290.9344192480368
2032,67198_00006,118,0.8642857142857143,entropy,2,290.9344192480368
2033,67198_00006,119,1.0,entropy,2,290.9344192480368
2034,67198_00006,120,0.8642857142857143,entropy,2,290.9344192480368
2035,67198_00006,121,0.8642857142857143,entropy,2,290.9344192480368
2036,67198_00006,122,1.0,entropy,2,290.9344192480368
2037,67198_00006,123,0.8642857142857143,entropy,2,290.9344192480368
2038,67198_00006,124,0.8642857142857143,entropy,2,290.9344192480368
2039,67198_00006,125,0.8642857142857143,entropy,2,290.9344192480368
2040,67198_00006,126,1.0,entropy,2,290.9344192480368
2041,67198_00006,127,0.8642857142857143,entropy,2,290.9344192480368
2042,67198_00006,128,0.8642857142857143,entropy,2,290.9344192480368
2043,67198_00006,129,0.8642857142857143,entropy,2,290.9344192480368
2044,67198_00006,130,0.8642857142857143,entropy,2,290.9344192480368
2045,67198_00006,131,1.0,entropy,2,290.9344192480368
2046,67198_00006,132,1.0,entropy,2,290.9344192480368
2047,67198_00006,133,1.0,entropy,2,290.9344192480368
2048,67198_00006,134,1.0,entropy,2,290.9344192480368
2049,67198_00006,135,1.0,entropy,2,290.9344192480368
2050,67198_00006,136,1.0,entropy,2,290.9344192480368
2051,67198_00006,137,0.8642857142857143,entropy,2,290.9344192480368
2052,67198_00006,138,0.8642857142857143,entropy,2,290.9344192480368
2053,67198_00006,139,1.0,entropy,2,290.9344192480368
2054,67198_00006,140,0.8642857142857143,entropy,2,290.9344192480368
2055,67198_00006,141,1.0,entropy,2,290.9344192480368
2056,67198_00006,142,0.8642857142857143,entropy,2,290.9344192480368
2057,67198_00006,143,0.8642857142857143,entropy,2,290.9344192480368
2058,67198_00006,144,0.8642857142857143,entropy,2,290.9344192480368
2059,67198_00006,145,0.8642857142857143,entropy,2,290.9344192480368
2060,67198_00006,146,1.0,entropy,2,290.9344192480368
2061,67198_00006,147,0.8642857142857143,entropy,2,290.9344192480368
2062,67198_00006,148,1.0,entropy,2,290.9344192480368
2063,67198_00006,149,0.8642857142857143,entropy,2,290.9344192480368
2064,67198_00006,150,0.8642857142857143,entropy,2,290.9344192480368
2065,67198_00006,151,1.0,entropy,2,290.9344192480368
2066,67198_00006,152,1.0,entropy,2,290.9344192480368
2067,67198_00006,153,0.8642857142857143,entropy,2,290.9344192480368
2068,67198_00006,154,0.8642857142857143,entropy,2,290.9344192480368
2069,67198_00006,155,0.8642857142857143,entropy,2,290.9344192480368
2070,67198_00006,156,1.0,entropy,2,290.9344192480368
2071,67198_00006,157,1.0,entropy,2,290.9344192480368
2072,67198_00006,158,0.8642857142857143,entropy,2,290.9344192480368
2073,67198_00006,159,0.8642857142857143,entropy,2,290.9344192480368
2074,67198_00006,160,1.0,entropy,2,290.9344192480368
2075,67198_00006,161,1.0,entropy,2,290.9344192480368
2076,67198_00006,162,1.0,entropy,2,290.9344192480368
2077,67198_00006,163,1.0,entropy,2,290.9344192480368
2078,67198_00006,164,0.8642857142857143,entropy,2,290.9344192480368
2079,67198_00006,165,0.8642857142857143,entropy,2,290.9344192480368
2080,67198_00006,166,1.0,entropy,2,290.9344192480368
2081,67198_00006,167,0.8642857142857143,entropy,2,290.9344192480368
2082,67198_00006,168,1.0,entropy,2,290.9344192480368
2083,67198_00006,169,1.0,entropy,2,290.9344192480368
2084,67198_00006,170,0.8642857142857143,entropy,2,290.9344192480368
2085,67198_00006,171,0.8642857142857143,entropy,2,290.9344192480368
2086,67198_00006,172,0.8642857142857143,entropy,2,290.9344192480368
2087,67198_00006,173,0.8642857142857143,entropy,2,290.9344192480368
2088,67198_00006,174,0.8642857142857143,entropy,2,290.9344192480368
2089,67198_00006,175,1.0,entropy,2,290.9344192480368
2090,67198_00006,176,1.0,entropy,2,290.9344192480368
2091,67198_00006,177,1.0,entropy,2,290.9344192480368
2092,67198_00006,178,0.8642857142857143,entropy,2,290.9344192480368
2093,67198_00006,179,0.8642857142857143,entropy,2,290.9344192480368
2094,67198_00006,180,0.8642857142857143,entropy,2,290.9344192480368
2095,67198_00006,181,0.8642857142857143,entropy,2,290.9344192480368
2096,67198_00006,182,0.8642857142857143,entropy,2,290.9344192480368
2097,67198_00006,183,0.8642857142857143,entropy,2,290.9344192480368
2098,67198_00006,184,1.0,entropy,2,290.9344192480368
2099,67198_00006,185,1.0,entropy,2,290.9344192480368
2100,67198_00006,186,0.8642857142857143,entropy,2,290.9344192480368
2101,67198_00006,187,1.0,entropy,2,290.9344192480368
2102,67198_00006,188,0.8642857142857143,entropy,2,290.9344192480368
2103,67198_00006,189,1.0,entropy,2,290.9344192480368
2104,67198_00006,190,1.0,entropy,2,290.9344192480368
2105,67198_00006,191,0.8642857142857143,entropy,2,290.9344192480368
2106,67198_00006,192,0.8642857142857143,entropy,2,290.9344192480368
2107,67198_00006,193,0.8642857142857143,entropy,2,290.9344192480368
2108,67198_00006,194,1.0,entropy,2,290.9344192480368
2109,67198_00006,195,1.0,entropy,2,290.9344192480368
2110,67198_00006,196,0.8642857142857143,entropy,2,290.9344192480368
2111,67198_00006,197,0.8642857142857143,entropy,2,290.9344192480368
2112,67198_00006,198,0.8642857142857143,entropy,2,290.9344192480368
2113,67198_00006,199,0.8642857142857143,entropy,2,290.9344192480368
2114,67198_00006,200,0.8642857142857143,entropy,2,290.9344192480368
2115,67198_00006,201,0.8642857142857143,entropy,2,290.9344192480368
2116,67198_00006,202,0.8642857142857143,entropy,2,290.9344192480368
2117,67198_00006,203,0.8642857142857143,entropy,2,290.9344192480368
2118,67198_00006,204,0.8642857142857143,entropy,2,290.9344192480368
2119,67198_00006,205,1.0,entropy,2,290.9344192480368
2120,67198_00006,206,1.0,entropy,2,290.9344192480368
2121,67198_00006,207,1.0,entropy,2,290.9344192480368
2122,67198_00006,208,0.8642857142857143,entropy,2,290.9344192480368
2123,67198_00006,209,1.0,entropy,2,290.9344192480368
2124,67198_00006,210,0.8642857142857143,entropy,2,290.9344192480368
2125,67198_00006,211,0.8642857142857143,entropy,2,290.9344192480368
2126,67198_00006,212,0.8642857142857143,entropy,2,290.9344192480368
2127,67198_00006,213,1.0,entropy,2,290.9344192480368
2128,67198_00006,214,0.8642857142857143,entropy,2,290.9344192480368
2129,67198_00006,215,0.8642857142857143,entropy,2,290.9344192480368
2130,67198_00006,216,0.8642857142857143,entropy,2,290.9344192480368
2131,67198_00006,217,1.0,entropy,2,290.9344192480368
2132,67198_00006,218,0.8642857142857143,entropy,2,290.9344192480368
2133,67198_00006,219,0.8642857142857143,entropy,2,290.9344192480368
2134,67198_00006,220,1.0,entropy,2,290.9344192480368
2135,67198_00006,221,1.0,entropy,2,290.9344192480368
2136,67198_00006,222,0.8642857142857143,entropy,2,290.9344192480368
2137,67198_00006,223,0.8642857142857143,entropy,2,290.9344192480368
2138,67198_00006,224,1.0,entropy,2,290.9344192480368
2139,67198_00006,225,0.8642857142857143,entropy,2,290.9344192480368
2140,67198_00006,226,0.8642857142857143,entropy,2,290.9344192480368
2141,67198_00006,227,1.0,entropy,2,290.9344192480368
2142,67198_00006,228,0.8642857142857143,entropy,2,290.9344192480368
2143,67198_00006,229,1.0,entropy,2,290.9344192480368
2144,67198_00006,230,0.8642857142857143,entropy,2,290.9344192480368
2145,67198_00006,231,0.8642857142857143,entropy,2,290.9344192480368
2146,67198_00006,232,1.0,entropy,2,290.9344192480368
2147,67198_00006,233,1.0,entropy,2,290.9344192480368
2148,67198_00006,234,0.8642857142857143,entropy,2,290.9344192480368
2149,67198_00006,235,0.8642857142857143,entropy,2,290.9344192480368
2150,67198_00006,236,0.8642857142857143,entropy,2,290.9344192480368
2151,67198_00006,237,0.8642857142857143,entropy,2,290.9344192480368
2152,67198_00006,238,0.8642857142857143,entropy,2,290.9344192480368
2153,67198_00006,239,1.0,entropy,2,290.9344192480368
2154,67198_00006,240,0.8642857142857143,entropy,2,290.9344192480368
2155,67198_00006,241,1.0,entropy,2,290.9344192480368
2156,67198_00006,242,0.8642857142857143,entropy,2,290.9344192480368
2157,67198_00006,243,0.8642857142857143,entropy,2,290.9344192480368
2158,67198_00006,244,1.0,entropy,2,290.9344192480368
2159,67198_00006,245,0.8642857142857143,entropy,2,290.9344192480368
2160,67198_00006,246,0.8642857142857143,entropy,2,290.9344192480368
2161,67198_00006,247,0.8642857142857143,entropy,2,290.9344192480368
2162,67198_00006,248,0.8642857142857143,entropy,2,290.9344192480368
2163,67198_00006,249,1.0,entropy,2,290.9344192480368
2164,67198_00006,250,1.0,entropy,2,290.9344192480368
2165,67198_00006,251,0.8642857142857143,entropy,2,290.9344192480368
2166,67198_00006,252,0.8642857142857143,entropy,2,290.9344192480368
2167,67198_00006,253,1.0,entropy,2,290.9344192480368
2168,67198_00006,254,0.8642857142857143,entropy,2,290.9344192480368
2169,67198_00006,255,0.9811320754716981,entropy,2,290.9344192480368
2170,67198_00006,256,1.0,entropy,2,290.9344192480368
2171,67198_00006,257,1.0,entropy,2,290.9344192480368
2172,67198_00006,258,1.0,entropy,2,290.9344192480368
2173,67198_00006,259,1.0,entropy,2,290.9344192480368
2174,67198_00006,260,1.0,entropy,2,290.9344192480368
2175,67198_00006,261,1.0,entropy,2,290.9344192480368
2176,67198_00006,262,1.0,entropy,2,290.9344192480368
2177,67198_00006,263,1.0,entropy,2,290.9344192480368
2178,67198_00006,264,1.0,entropy,2,290.9344192480368
2179,67198_00006,265,1.0,entropy,2,290.9344192480368
2180,67198_00006,266,0.9722222222222222,entropy,2,290.9344192480368
2181,67198_00006,267,1.0,entropy,2,290.9344192480368
2182,67198_00006,268,1.0,entropy,2,290.9344192480368
2183,67198_00006,269,1.0,entropy,2,290.9344192480368
2184,67198_00006,270,1.0,entropy,2,290.9344192480368
2185,67198_00006,271,1.0,entropy,2,290.9344192480368
2186,67198_00006,272,1.0,entropy,2,290.9344192480368
2187,67198_00006,273,1.0,entropy,2,290.9344192480368
2188,67198_00006,274,1.0,entropy,2,290.9344192480368
2189,67198_00006,275,1.0,entropy,2,290.9344192480368
2190,67198_00006,276,1.0,entropy,2,290.9344192480368
2191,67198_00006,277,1.0,entropy,2,290.9344192480368
2192,67198_00006,278,1.0,entropy,2,290.9344192480368
2193,67198_00006,279,1.0,entropy,2,290.9344192480368
2194,67198_00006,280,1.0,entropy,2,290.9344192480368
2195,67198_00006,281,1.0,entropy,2,290.9344192480368
2196,67198_00006,282,1.0,entropy,2,290.9344192480368
2197,67198_00006,283,1.0,entropy,2,290.9344192480368
2198,67198_00006,284,1.0,entropy,2,290.9344192480368
2199,67198_00006,285,1.0,entropy,2,290.9344192480368
2200,67198_00006,286,1.0,entropy,2,290.9344192480368
2201,67198_00006,287,1.0,entropy,2,290.9344192480368
2202,67198_00006,288,1.0,entropy,2,290.9344192480368
2203,67198_00006,289,1.0,entropy,2,290.9344192480368
2204,67198_00006,290,1.0,entropy,2,290.9344192480368
2205,67198_00006,291,1.0,entropy,2,290.9344192480368
2206,67198_00006,292,1.0,entropy,2,290.9344192480368
2207,67198_00006,293,1.0,entropy,2,290.9344192480368
2208,67198_00006,294,1.0,entropy,2,290.9344192480368
2209,67198_00006,295,1.0,entropy,2,290.9344192480368
2210,67198_00006,296,1.0,entropy,2,290.9344192480368
2211,67198_00006,297,1.0,entropy,2,290.9344192480368
2212,67198_00006,298,1.0,entropy,2,290.9344192480368
2213,67198_00006,299,1.0,entropy,2,290.9344192480368
2214,67198_00006,300,1.0,entropy,2,290.9344192480368
2215,67198_00006,301,1.0,entropy,2,290.9344192480368
2216,67198_00006,302,1.0,entropy,2,290.9344192480368
2217,67198_00006,303,1.0,entropy,2,290.9344192480368
2218,67198_00006,304,1.0,entropy,2,290.9344192480368
2219,67198_00006,305,1.0,entropy,2,290.9344192480368
2220,67198_00006,306,1.0,entropy,2,290.9344192480368
2221,67198_00006,307,1.0,entropy,2,290.9344192480368
2222,67198_00006,308,1.0,entropy,2,290.9344192480368
2223,67198_00006,309,1.0,entropy,2,290.9344192480368
2224,67198_00006,310,1.0,entropy,2,290.9344192480368
2225,67198_00006,311,1.0,entropy,2,290.9344192480368
2226,67198_00006,312,1.0,entropy,2,290.9344192480368
2227,67198_00006,313,1.0,entropy,2,290.9344192480368
2228,67198_00006,314,1.0,entropy,2,290.9344192480368
2229,67198_00006,315,1.0,entropy,2,290.9344192480368
2230,67198_00006,316,1.0,entropy,2,290.9344192480368
2231,67198_00006,317,1.0,entropy,2,290.9344192480368
2232,67198_00006,318,1.0,entropy,2,290.9344192480368
2233,67198_00007,0,0.7712765957446808,entropy,3,305.12035467020263
2234,67198_00007,1,0.51,entropy,3,305.12035467020263
2235,67198_00007,2,0.8165024630541872,entropy,3,305.12035467020263
2236,67198_00007,3,0.8923076923076922,entropy,3,305.12035467020263
2237,67198_00007,4,0.8767361111111112,entropy,3,305.12035467020263
2238,67198_00007,5,0.95,entropy,3,305.12035467020263
2239,67198_00007,6,0.9396551724137931,entropy,3,305.12035467020263
2240,67198_00007,7,0.9030303030303031,entropy,3,305.12035467020263
2241,67198_00007,8,0.925,entropy,3,305.12035467020263
2242,67198_00007,9,0.818961818961819,entropy,3,305.12035467020263
2243,67198_00007,10,0.8541666666666667,entropy,3,305.12035467020263
2244,67198_00007,11,0.7865168539325842,entropy,3,305.12035467020263
2245,67198_00007,12,0.9112903225806452,entropy,3,305.12035467020263
2246,67198_00007,13,0.765625,entropy,3,305.12035467020263
2247,67198_00007,14,0.9112903225806452,entropy,3,305.12035467020263
2248,67198_00007,15,0.8923076923076922,entropy,3,305.12035467020263
2249,67198_00007,16,0.7424242424242424,entropy,3,305.12035467020263
2250,67198_00007,17,0.63125,entropy,3,305.12035467020263
2251,67198_00007,18,0.8116319444444444,entropy,3,305.12035467020263
2252,67198_00007,19,0.6848602988953867,entropy,3,305.12035467020263
2253,67198_00007,20,0.6654854712969525,entropy,3,305.12035467020263
2254,67198_00007,21,0.7931034482758621,entropy,3,305.12035467020263
2255,67198_00007,22,0.9047619047619048,entropy,3,305.12035467020263
2256,67198_00007,23,0.9553571428571428,entropy,3,305.12035467020263
2257,67198_00007,24,0.7760635811126695,entropy,3,305.12035467020263
2258,67198_00007,25,0.8370279146141215,entropy,3,305.12035467020263
2259,67198_00007,26,0.8493150684931507,entropy,3,305.12035467020263
2260,67198_00007,27,0.9112903225806452,entropy,3,305.12035467020263
2261,67198_00007,28,0.8541666666666667,entropy,3,305.12035467020263
2262,67198_00007,29,0.9047619047619048,entropy,3,305.12035467020263
2263,67198_00007,30,0.8549810844892812,entropy,3,305.12035467020263
2264,67198_00007,31,0.8445945945945945,entropy,3,305.12035467020263
2265,67198_00007,32,0.875,entropy,3,305.12035467020263
2266,67198_00007,33,0.8493150684931507,entropy,3,305.12035467020263
2267,67198_00007,34,0.8863636363636364,entropy,3,305.12035467020263
2268,67198_00007,35,0.7607843137254902,entropy,3,305.12035467020263
2269,67198_00007,36,0.9047619047619048,entropy,3,305.12035467020263
2270,67198_00007,37,0.8060661764705883,entropy,3,305.12035467020263
2271,67198_00007,38,0.7865168539325842,entropy,3,305.12035467020263
2272,67198_00007,39,0.8290441176470589,entropy,3,305.12035467020263
2273,67198_00007,40,0.8984375,entropy,3,305.12035467020263
2274,67198_00007,41,0.9047619047619048,entropy,3,305.12035467020263
2275,67198_00007,42,0.7972370766488414,entropy,3,305.12035467020263
2276,67198_00007,43,0.6631578947368422,entropy,3,305.12035467020263
2277,67198_00007,44,0.543778801843318,entropy,3,305.12035467020263
2278,67198_00007,45,0.8461898083216457,entropy,3,305.12035467020263
2279,67198_00007,46,0.8541666666666667,entropy,3,305.12035467020263
2280,67198_00007,47,0.8445945945945945,entropy,3,305.12035467020263
2281,67198_00007,48,0.8116319444444444,entropy,3,305.12035467020263
2282,67198_00007,49,0.9112903225806452,entropy,3,305.12035467020263
2283,67198_00007,50,0.6604774535809019,entropy,3,305.12035467020263
2284,67198_00007,51,0.8642857142857143,entropy,3,305.12035467020263
2285,67198_00007,52,0.700921332388377,entropy,3,305.12035467020263
2286,67198_00007,53,0.8311688311688312,entropy,3,305.12035467020263
2287,67198_00007,54,0.8805970149253731,entropy,3,305.12035467020263
2288,67198_00007,55,0.926968584251326,entropy,3,305.12035467020263
2289,67198_00007,56,0.9903846153846154,entropy,3,305.12035467020263
2290,67198_00007,57,0.9903846153846154,entropy,3,305.12035467020263
2291,67198_00007,58,0.9903846153846154,entropy,3,305.12035467020263
2292,67198_00007,59,0.9421918908069049,entropy,3,305.12035467020263
2293,67198_00007,60,0.9903846153846154,entropy,3,305.12035467020263
2294,67198_00007,61,0.9903846153846154,entropy,3,305.12035467020263
2295,67198_00007,62,0.9811320754716981,entropy,3,305.12035467020263
2296,67198_00007,63,1.0,entropy,3,305.12035467020263
2297,67198_00007,64,0.9636363636363636,entropy,3,305.12035467020263
2298,67198_00007,65,0.9903846153846154,entropy,3,305.12035467020263
2299,67198_00007,66,0.9903846153846154,entropy,3,305.12035467020263
2300,67198_00007,67,0.9903846153846154,entropy,3,305.12035467020263
2301,67198_00007,68,0.9811320754716981,entropy,3,305.12035467020263
2302,67198_00007,69,0.9811320754716981,entropy,3,305.12035467020263
2303,67198_00007,70,0.9520933977455717,entropy,3,305.12035467020263
2304,67198_00007,71,1.0,entropy,3,305.12035467020263
2305,67198_00007,72,0.9636363636363636,entropy,3,305.12035467020263
2306,67198_00007,73,0.9903846153846154,entropy,3,305.12035467020263
2307,67198_00007,74,0.9803921568627452,entropy,3,305.12035467020263
2308,67198_00007,75,0.9903846153846154,entropy,3,305.12035467020263
2309,67198_00007,76,0.9903846153846154,entropy,3,305.12035467020263
2310,67198_00007,77,0.9903846153846154,entropy,3,305.12035467020263
2311,67198_00007,78,0.9520933977455717,entropy,3,305.12035467020263
2312,67198_00007,79,0.91,entropy,3,305.12035467020263
2313,67198_00007,80,0.9799919967987194,entropy,3,305.12035467020263
2314,67198_00007,81,1.0,entropy,3,305.12035467020263
2315,67198_00007,82,0.9903846153846154,entropy,3,305.12035467020263
2316,67198_00007,83,0.9903846153846154,entropy,3,305.12035467020263
2317,67198_00007,84,0.9903846153846154,entropy,3,305.12035467020263
2318,67198_00007,85,0.9903846153846154,entropy,3,305.12035467020263
2319,67198_00007,86,0.9811320754716981,entropy,3,305.12035467020263
2320,67198_00007,87,0.9799919967987194,entropy,3,305.12035467020263
2321,67198_00007,88,0.9703525641025641,entropy,3,305.12035467020263
2322,67198_00007,89,1.0,entropy,3,305.12035467020263
2323,67198_00007,90,0.9903846153846154,entropy,3,305.12035467020263
2324,67198_00007,91,1.0,entropy,3,305.12035467020263
2325,67198_00007,92,0.9903846153846154,entropy,3,305.12035467020263
2326,67198_00007,93,0.9903846153846154,entropy,3,305.12035467020263
2327,67198_00007,94,0.9199679871948779,entropy,3,305.12035467020263
2328,67198_00007,95,1.0,entropy,3,305.12035467020263
2329,67198_00007,96,0.9799919967987194,entropy,3,305.12035467020263
2330,67198_00007,97,0.9811320754716981,entropy,3,305.12035467020263
2331,67198_00007,98,0.9903846153846154,entropy,3,305.12035467020263
2332,67198_00007,99,0.9903846153846154,entropy,3,305.12035467020263
2333,67198_00007,100,0.9811320754716981,entropy,3,305.12035467020263
2334,67198_00007,101,1.0,entropy,3,305.12035467020263
2335,67198_00007,102,0.9903846153846154,entropy,3,305.12035467020263
2336,67198_00007,103,0.9903846153846154,entropy,3,305.12035467020263
2337,67198_00007,104,0.9511217948717949,entropy,3,305.12035467020263
2338,67198_00007,105,0.9903846153846154,entropy,3,305.12035467020263
2339,67198_00007,106,0.9903846153846154,entropy,3,305.12035467020263
2340,67198_00007,107,0.9903846153846154,entropy,3,305.12035467020263
2341,67198_00007,108,0.9903846153846154,entropy,3,305.12035467020263
2342,67198_00007,109,0.9636363636363636,entropy,3,305.12035467020263
2343,67198_00007,110,0.9903846153846154,entropy,3,305.12035467020263
2344,67198_00007,111,0.9903846153846154,entropy,3,305.12035467020263
2345,67198_00007,112,0.9903846153846154,entropy,3,305.12035467020263
2346,67198_00007,113,0.9903846153846154,entropy,3,305.12035467020263
2347,67198_00007,114,0.9903846153846154,entropy,3,305.12035467020263
2348,67198_00007,115,0.9903846153846154,entropy,3,305.12035467020263
2349,67198_00007,116,0.9903846153846154,entropy,3,305.12035467020263
2350,67198_00007,117,0.9903846153846154,entropy,3,305.12035467020263
2351,67198_00007,118,0.9903846153846154,entropy,3,305.12035467020263
2352,67198_00007,119,0.9636363636363636,entropy,3,305.12035467020263
2353,67198_00007,120,0.9811320754716981,entropy,3,305.12035467020263
2354,67198_00007,121,0.9811320754716981,entropy,3,305.12035467020263
2355,67198_00007,122,0.9903846153846154,entropy,3,305.12035467020263
2356,67198_00007,123,0.9903846153846154,entropy,3,305.12035467020263
2357,67198_00007,124,1.0,entropy,3,305.12035467020263
2358,67198_00007,125,0.9799919967987194,entropy,3,305.12035467020263
2359,67198_00007,126,0.9903846153846154,entropy,3,305.12035467020263
2360,67198_00007,127,0.9903846153846154,entropy,3,305.12035467020263
2361,67198_00007,128,0.9903846153846154,entropy,3,305.12035467020263
2362,67198_00007,129,0.9903846153846154,entropy,3,305.12035467020263
2363,67198_00007,130,0.9903846153846154,entropy,3,305.12035467020263
2364,67198_00007,131,0.9903846153846154,entropy,3,305.12035467020263
2365,67198_00007,132,0.9811320754716981,entropy,3,305.12035467020263
2366,67198_00007,133,0.9903846153846154,entropy,3,305.12035467020263
2367,67198_00007,134,0.9903846153846154,entropy,3,305.12035467020263
2368,67198_00007,135,1.0,entropy,3,305.12035467020263
2369,67198_00007,136,0.9903846153846154,entropy,3,305.12035467020263
2370,67198_00007,137,0.9903846153846154,entropy,3,305.12035467020263
2371,67198_00007,138,0.9903846153846154,entropy,3,305.12035467020263
2372,67198_00007,139,0.9811320754716981,entropy,3,305.12035467020263
2373,67198_00007,140,0.9903846153846154,entropy,3,305.12035467020263
2374,67198_00007,141,0.9473684210526316,entropy,3,305.12035467020263
2375,67198_00007,142,0.9903846153846154,entropy,3,305.12035467020263
2376,67198_00007,143,0.9903846153846154,entropy,3,305.12035467020263
2377,67198_00007,144,0.9903846153846154,entropy,3,305.12035467020263
2378,67198_00007,145,0.9903846153846154,entropy,3,305.12035467020263
2379,67198_00007,146,0.9903846153846154,entropy,3,305.12035467020263
2380,67198_00007,147,0.9903846153846154,entropy,3,305.12035467020263
2381,67198_00007,148,0.9903846153846154,entropy,3,305.12035467020263
2382,67198_00007,149,0.9903846153846154,entropy,3,305.12035467020263
2383,67198_00007,150,0.9903846153846154,entropy,3,305.12035467020263
2384,67198_00007,151,0.9903846153846154,entropy,3,305.12035467020263
2385,67198_00007,152,0.9903846153846154,entropy,3,305.12035467020263
2386,67198_00007,153,0.9903846153846154,entropy,3,305.12035467020263
2387,67198_00007,154,0.9903846153846154,entropy,3,305.12035467020263
2388,67198_00007,155,0.9903846153846154,entropy,3,305.12035467020263
2389,67198_00007,156,0.9903846153846154,entropy,3,305.12035467020263
2390,67198_00007,157,0.9903846153846154,entropy,3,305.12035467020263
2391,67198_00007,158,0.9903846153846154,entropy,3,305.12035467020263
2392,67198_00007,159,0.9903846153846154,entropy,3,305.12035467020263
2393,67198_00007,160,0.9903846153846154,entropy,3,305.12035467020263
2394,67198_00007,161,0.9903846153846154,entropy,3,305.12035467020263
2395,67198_00007,162,0.9903846153846154,entropy,3,305.12035467020263
2396,67198_00007,163,0.9903846153846154,entropy,3,305.12035467020263
2397,67198_00007,164,0.9903846153846154,entropy,3,305.12035467020263
2398,67198_00007,165,0.9903846153846154,entropy,3,305.12035467020263
2399,67198_00007,166,0.9903846153846154,entropy,3,305.12035467020263
2400,67198_00007,167,0.9903846153846154,entropy,3,305.12035467020263
2401,67198_00007,168,0.9903846153846154,entropy,3,305.12035467020263
2402,67198_00007,169,0.9903846153846154,entropy,3,305.12035467020263
2403,67198_00007,170,0.9903846153846154,entropy,3,305.12035467020263
2404,67198_00007,171,0.9903846153846154,entropy,3,305.12035467020263
2405,67198_00007,172,0.9903846153846154,entropy,3,305.12035467020263
2406,67198_00007,173,0.9636363636363636,entropy,3,305.12035467020263
2407,67198_00007,174,0.9903846153846154,entropy,3,305.12035467020263
2408,67198_00007,175,0.9903846153846154,entropy,3,305.12035467020263
2409,67198_00007,176,0.9903846153846154,entropy,3,305.12035467020263
2410,67198_00007,177,0.9903846153846154,entropy,3,305.12035467020263
2411,67198_00007,178,0.9811320754716981,entropy,3,305.12035467020263
2412,67198_00007,179,0.9903846153846154,entropy,3,305.12035467020263
2413,67198_00007,180,0.9811320754716981,entropy,3,305.12035467020263
2414,67198_00007,181,0.9903846153846154,entropy,3,305.12035467020263
2415,67198_00007,182,0.9903846153846154,entropy,3,305.12035467020263
2416,67198_00007,183,0.9903846153846154,entropy,3,305.12035467020263
2417,67198_00007,184,0.9903846153846154,entropy,3,305.12035467020263
2418,67198_00007,185,0.9903846153846154,entropy,3,305.12035467020263
2419,67198_00007,186,0.9903846153846154,entropy,3,305.12035467020263
2420,67198_00007,187,0.9903846153846154,entropy,3,305.12035467020263
2421,67198_00007,188,0.9903846153846154,entropy,3,305.12035467020263
2422,67198_00007,189,0.9903846153846154,entropy,3,305.12035467020263
2423,67198_00007,190,0.9811320754716981,entropy,3,305.12035467020263
2424,67198_00007,191,0.9903846153846154,entropy,3,305.12035467020263
2425,67198_00007,192,0.9903846153846154,entropy,3,305.12035467020263
2426,67198_00007,193,0.9903846153846154,entropy,3,305.12035467020263
2427,67198_00007,194,0.9903846153846154,entropy,3,305.12035467020263
2428,67198_00007,195,0.9903846153846154,entropy,3,305.12035467020263
2429,67198_00007,196,0.9903846153846154,entropy,3,305.12035467020263
2430,67198_00007,197,0.9903846153846154,entropy,3,305.12035467020263
2431,67198_00007,198,0.9903846153846154,entropy,3,305.12035467020263
2432,67198_00007,199,0.9903846153846154,entropy,3,305.12035467020263
2433,67198_00007,200,0.9903846153846154,entropy,3,305.12035467020263
2434,67198_00007,201,0.9903846153846154,entropy,3,305.12035467020263
2435,67198_00007,202,0.9811320754716981,entropy,3,305.12035467020263
2436,67198_00007,203,0.9903846153846154,entropy,3,305.12035467020263
2437,67198_00007,204,0.9903846153846154,entropy,3,305.12035467020263
2438,67198_00007,205,0.9903846153846154,entropy,3,305.12035467020263
2439,67198_00007,206,0.9903846153846154,entropy,3,305.12035467020263
2440,67198_00007,207,0.9903846153846154,entropy,3,305.12035467020263
2441,67198_00007,208,0.9903846153846154,entropy,3,305.12035467020263
2442,67198_00007,209,0.9903846153846154,entropy,3,305.12035467020263
2443,67198_00007,210,0.9903846153846154,entropy,3,305.12035467020263
2444,67198_00007,211,0.9903846153846154,entropy,3,305.12035467020263
2445,67198_00007,212,0.9903846153846154,entropy,3,305.12035467020263
2446,67198_00007,213,0.9903846153846154,entropy,3,305.12035467020263
2447,67198_00007,214,0.9903846153846154,entropy,3,305.12035467020263
2448,67198_00007,215,0.9903846153846154,entropy,3,305.12035467020263
2449,67198_00007,216,0.9903846153846154,entropy,3,305.12035467020263
2450,67198_00007,217,0.9903846153846154,entropy,3,305.12035467020263
2451,67198_00007,218,0.9903846153846154,entropy,3,305.12035467020263
2452,67198_00007,219,0.9903846153846154,entropy,3,305.12035467020263
2453,67198_00007,220,0.9903846153846154,entropy,3,305.12035467020263
2454,67198_00007,221,0.9903846153846154,entropy,3,305.12035467020263
2455,67198_00007,222,0.9903846153846154,entropy,3,305.12035467020263
2456,67198_00007,223,0.9903846153846154,entropy,3,305.12035467020263
2457,67198_00007,224,0.9903846153846154,entropy,3,305.12035467020263
2458,67198_00007,225,0.9903846153846154,entropy,3,305.12035467020263
2459,67198_00007,226,0.9903846153846154,entropy,3,305.12035467020263
2460,67198_00007,227,1.0,entropy,3,305.12035467020263
2461,67198_00007,228,0.9903846153846154,entropy,3,305.12035467020263
2462,67198_00007,229,0.9811320754716981,entropy,3,305.12035467020263
2463,67198_00007,230,0.9903846153846154,entropy,3,305.12035467020263
2464,67198_00007,231,0.9903846153846154,entropy,3,305.12035467020263
2465,67198_00007,232,0.9903846153846154,entropy,3,305.12035467020263
2466,67198_00007,233,0.9903846153846154,entropy,3,305.12035467020263
2467,67198_00007,234,0.9903846153846154,entropy,3,305.12035467020263
2468,67198_00007,235,0.9811320754716981,entropy,3,305.12035467020263
2469,67198_00007,236,0.9903846153846154,entropy,3,305.12035467020263
2470,67198_00007,237,0.9903846153846154,entropy,3,305.12035467020263
2471,67198_00007,238,0.9903846153846154,entropy,3,305.12035467020263
2472,67198_00007,239,0.9903846153846154,entropy,3,305.12035467020263
2473,67198_00007,240,0.9903846153846154,entropy,3,305.12035467020263
2474,67198_00007,241,0.9903846153846154,entropy,3,305.12035467020263
2475,67198_00007,242,0.9903846153846154,entropy,3,305.12035467020263
2476,67198_00007,243,0.9903846153846154,entropy,3,305.12035467020263
2477,67198_00007,244,0.9903846153846154,entropy,3,305.12035467020263
2478,67198_00007,245,0.9903846153846154,entropy,3,305.12035467020263
2479,67198_00007,246,0.9903846153846154,entropy,3,305.12035467020263
2480,67198_00007,247,0.9903846153846154,entropy,3,305.12035467020263
2481,67198_00007,248,0.9799919967987194,entropy,3,305.12035467020263
2482,67198_00007,249,0.9903846153846154,entropy,3,305.12035467020263
2483,67198_00007,250,0.9903846153846154,entropy,3,305.12035467020263
2484,67198_00007,251,0.9903846153846154,entropy,3,305.12035467020263
2485,67198_00007,252,0.9811320754716981,entropy,3,305.12035467020263
2486,67198_00007,253,0.9903846153846154,entropy,3,305.12035467020263
2487,67198_00007,254,0.9903846153846154,entropy,3,305.12035467020263
2488,67198_00007,255,0.9903846153846154,entropy,3,305.12035467020263
2489,67198_00007,256,0.9811320754716981,entropy,3,305.12035467020263
2490,67198_00007,257,0.9903846153846154,entropy,3,305.12035467020263
2491,67198_00007,258,0.9903846153846154,entropy,3,305.12035467020263
2492,67198_00007,259,0.9903846153846154,entropy,3,305.12035467020263
2493,67198_00007,260,0.9903846153846154,entropy,3,305.12035467020263
2494,67198_00007,261,0.9903846153846154,entropy,3,305.12035467020263
2495,67198_00007,262,0.9903846153846154,entropy,3,305.12035467020263
2496,67198_00007,263,0.9903846153846154,entropy,3,305.12035467020263
2497,67198_00007,264,0.9903846153846154,entropy,3,305.12035467020263
2498,67198_00007,265,0.9903846153846154,entropy,3,305.12035467020263
2499,67198_00007,266,0.9903846153846154,entropy,3,305.12035467020263
2500,67198_00007,267,0.9903846153846154,entropy,3,305.12035467020263
2501,67198_00007,268,0.9903846153846154,entropy,3,305.12035467020263
2502,67198_00007,269,0.9903846153846154,entropy,3,305.12035467020263
2503,67198_00007,270,0.9903846153846154,entropy,3,305.12035467020263
2504,67198_00007,271,0.9903846153846154,entropy,3,305.12035467020263
2505,67198_00007,272,0.9903846153846154,entropy,3,305.12035467020263
2506,67198_00007,273,0.9903846153846154,entropy,3,305.12035467020263
2507,67198_00007,274,0.9903846153846154,entropy,3,305.12035467020263
2508,67198_00007,275,0.9903846153846154,entropy,3,305.12035467020263
2509,67198_00007,276,0.9903846153846154,entropy,3,305.12035467020263
2510,67198_00007,277,0.9903846153846154,entropy,3,305.12035467020263
2511,67198_00007,278,0.9903846153846154,entropy,3,305.12035467020263
2512,67198_00007,279,0.9903846153846154,entropy,3,305.12035467020263
2513,67198_00007,280,0.9903846153846154,entropy,3,305.12035467020263
2514,67198_00007,281,0.9903846153846154,entropy,3,305.12035467020263
2515,67198_00007,282,0.9903846153846154,entropy,3,305.12035467020263
2516,67198_00007,283,0.9903846153846154,entropy,3,305.12035467020263
2517,67198_00007,284,0.9903846153846154,entropy,3,305.12035467020263
2518,67198_00007,285,0.9903846153846154,entropy,3,305.12035467020263
2519,67198_00007,286,0.9903846153846154,entropy,3,305.12035467020263
2520,67198_00007,287,0.9903846153846154,entropy,3,305.12035467020263
2521,67198_00007,288,0.9903846153846154,entropy,3,305.12035467020263
2522,67198_00007,289,0.9903846153846154,entropy,3,305.12035467020263
2523,67198_00007,290,0.9903846153846154,entropy,3,305.12035467020263
2524,67198_00007,291,0.9903846153846154,entropy,3,305.12035467020263
2525,67198_00007,292,0.9903846153846154,entropy,3,305.12035467020263
2526,67198_00007,293,0.9903846153846154,entropy,3,305.12035467020263
2527,67198_00007,294,0.9903846153846154,entropy,3,305.12035467020263
2528,67198_00007,295,0.9903846153846154,entropy,3,305.12035467020263
2529,67198_00007,296,0.9903846153846154,entropy,3,305.12035467020263
2530,67198_00007,297,0.9903846153846154,entropy,3,305.12035467020263
2531,67198_00007,298,0.9903846153846154,entropy,3,305.12035467020263
2532,67198_00007,299,0.9903846153846154,entropy,3,305.12035467020263
2533,67198_00007,300,0.9903846153846154,entropy,3,305.12035467020263
2534,67198_00007,301,0.9903846153846154,entropy,3,305.12035467020263
2535,67198_00007,302,0.9903846153846154,entropy,3,305.12035467020263
2536,67198_00007,303,0.9903846153846154,entropy,3,305.12035467020263
2537,67198_00007,304,0.9903846153846154,entropy,3,305.12035467020263
2538,67198_00007,305,0.9903846153846154,entropy,3,305.12035467020263
2539,67198_00007,306,0.9903846153846154,entropy,3,305.12035467020263
2540,67198_00007,307,0.9903846153846154,entropy,3,305.12035467020263
2541,67198_00007,308,0.9903846153846154,entropy,3,305.12035467020263
2542,67198_00007,309,0.9903846153846154,entropy,3,305.12035467020263
2543,67198_00007,310,0.9903846153846154,entropy,3,305.12035467020263
2544,67198_00007,311,0.9903846153846154,entropy,3,305.12035467020263
2545,67198_00007,312,0.9903846153846154,entropy,3,305.12035467020263
2546,67198_00007,313,0.9811320754716981,entropy,3,305.12035467020263
2547,67198_00007,314,0.9903846153846154,entropy,3,305.12035467020263
2548,67198_00007,315,0.9903846153846154,entropy,3,305.12035467020263
2549,67198_00007,316,0.9903846153846154,entropy,3,305.12035467020263
2550,67198_00007,317,0.9903846153846154,entropy,3,305.12035467020263
2551,67198_00007,318,0.9903846153846154,entropy,3,305.12035467020263
2552,67198_00008,0,0.8148148148148149,entropy,4,302.4598622609765
2553,67198_00008,1,0.8984375,entropy,4,302.4598622609765
2554,67198_00008,2,0.8984375,entropy,4,302.4598622609765
2555,67198_00008,3,0.8416666666666667,entropy,4,302.4598622609765
2556,67198_00008,4,0.8549810844892812,entropy,4,302.4598622609765
2557,67198_00008,5,1.0,entropy,4,302.4598622609765
2558,67198_00008,6,0.8984375,entropy,4,302.4598622609765
2559,67198_00008,7,0.9473684210526316,entropy,4,302.4598622609765
2560,67198_00008,8,0.8984375,entropy,4,302.4598622609765
2561,67198_00008,9,0.8984375,entropy,4,302.4598622609765
2562,67198_00008,10,0.875,entropy,4,302.4598622609765
2563,67198_00008,11,0.9811320754716981,entropy,4,302.4598622609765
2564,67198_00008,12,0.8984375,entropy,4,302.4598622609765
2565,67198_00008,13,0.9722222222222222,entropy,4,302.4598622609765
2566,67198_00008,14,0.9636363636363636,entropy,4,302.4598622609765
2567,67198_00008,15,0.875,entropy,4,302.4598622609765
2568,67198_00008,16,0.8863636363636364,entropy,4,302.4598622609765
2569,67198_00008,17,0.8984375,entropy,4,302.4598622609765
2570,67198_00008,18,0.9636363636363636,entropy,4,302.4598622609765
2571,67198_00008,19,0.8695652173913043,entropy,4,302.4598622609765
2572,67198_00008,20,0.9396551724137931,entropy,4,302.4598622609765
2573,67198_00008,21,1.0,entropy,4,302.4598622609765
2574,67198_00008,22,0.8984375,entropy,4,302.4598622609765
2575,67198_00008,23,1.0,entropy,4,302.4598622609765
2576,67198_00008,24,0.8984375,entropy,4,302.4598622609765
2577,67198_00008,25,0.8984375,entropy,4,302.4598622609765
2578,67198_00008,26,0.8984375,entropy,4,302.4598622609765
2579,67198_00008,27,0.8984375,entropy,4,302.4598622609765
2580,67198_00008,28,0.8984375,entropy,4,302.4598622609765
2581,67198_00008,29,0.8984375,entropy,4,302.4598622609765
2582,67198_00008,30,1.0,entropy,4,302.4598622609765
2583,67198_00008,31,1.0,entropy,4,302.4598622609765
2584,67198_00008,32,1.0,entropy,4,302.4598622609765
2585,67198_00008,33,1.0,entropy,4,302.4598622609765
2586,67198_00008,34,0.8984375,entropy,4,302.4598622609765
2587,67198_00008,35,1.0,entropy,4,302.4598622609765
2588,67198_00008,36,1.0,entropy,4,302.4598622609765
2589,67198_00008,37,1.0,entropy,4,302.4598622609765
2590,67198_00008,38,1.0,entropy,4,302.4598622609765
2591,67198_00008,39,0.8984375,entropy,4,302.4598622609765
2592,67198_00008,40,0.8984375,entropy,4,302.4598622609765
2593,67198_00008,41,0.8984375,entropy,4,302.4598622609765
2594,67198_00008,42,0.8984375,entropy,4,302.4598622609765
2595,67198_00008,43,0.8984375,entropy,4,302.4598622609765
2596,67198_00008,44,0.8984375,entropy,4,302.4598622609765
2597,67198_00008,45,1.0,entropy,4,302.4598622609765
2598,67198_00008,46,0.8984375,entropy,4,302.4598622609765
2599,67198_00008,47,0.8984375,entropy,4,302.4598622609765
2600,67198_00008,48,0.8984375,entropy,4,302.4598622609765
2601,67198_00008,49,0.8984375,entropy,4,302.4598622609765
2602,67198_00008,50,0.8984375,entropy,4,302.4598622609765
2603,67198_00008,51,1.0,entropy,4,302.4598622609765
2604,67198_00008,52,0.8416666666666667,entropy,4,302.4598622609765
2605,67198_00008,53,1.0,entropy,4,302.4598622609765
2606,67198_00008,54,0.8984375,entropy,4,302.4598622609765
2607,67198_00008,55,0.8984375,entropy,4,302.4598622609765
2608,67198_00008,56,0.8984375,entropy,4,302.4598622609765
2609,67198_00008,57,0.8984375,entropy,4,302.4598622609765
2610,67198_00008,58,0.8984375,entropy,4,302.4598622609765
2611,67198_00008,59,0.8984375,entropy,4,302.4598622609765
2612,67198_00008,60,1.0,entropy,4,302.4598622609765
2613,67198_00008,61,0.8984375,entropy,4,302.4598622609765
2614,67198_00008,62,0.8984375,entropy,4,302.4598622609765
2615,67198_00008,63,0.8984375,entropy,4,302.4598622609765
2616,67198_00008,64,1.0,entropy,4,302.4598622609765
2617,67198_00008,65,0.7107371794871795,entropy,4,302.4598622609765
2618,67198_00008,66,0.8984375,entropy,4,302.4598622609765
2619,67198_00008,67,0.8984375,entropy,4,302.4598622609765
2620,67198_00008,68,0.8984375,entropy,4,302.4598622609765
2621,67198_00008,69,1.0,entropy,4,302.4598622609765
2622,67198_00008,70,0.8984375,entropy,4,302.4598622609765
2623,67198_00008,71,0.8833118833118834,entropy,4,302.4598622609765
2624,67198_00008,72,0.8984375,entropy,4,302.4598622609765
2625,67198_00008,73,0.8984375,entropy,4,302.4598622609765
2626,67198_00008,74,0.8984375,entropy,4,302.4598622609765
2627,67198_00008,75,0.8984375,entropy,4,302.4598622609765
2628,67198_00008,76,0.8984375,entropy,4,302.4598622609765
2629,67198_00008,77,0.8984375,entropy,4,302.4598622609765
2630,67198_00008,78,0.7398959583833533,entropy,4,302.4598622609765
2631,67198_00008,79,0.8984375,entropy,4,302.4598622609765
2632,67198_00008,80,0.8984375,entropy,4,302.4598622609765
2633,67198_00008,81,0.8984375,entropy,4,302.4598622609765
2634,67198_00008,82,0.8984375,entropy,4,302.4598622609765
2635,67198_00008,83,0.8984375,entropy,4,302.4598622609765
2636,67198_00008,84,0.8984375,entropy,4,302.4598622609765
2637,67198_00008,85,0.8984375,entropy,4,302.4598622609765
2638,67198_00008,86,0.8984375,entropy,4,302.4598622609765
2639,67198_00008,87,0.8984375,entropy,4,302.4598622609765
2640,67198_00008,88,0.8984375,entropy,4,302.4598622609765
2641,67198_00008,89,0.8984375,entropy,4,302.4598622609765
2642,67198_00008,90,0.8984375,entropy,4,302.4598622609765
2643,67198_00008,91,0.8984375,entropy,4,302.4598622609765
2644,67198_00008,92,0.8984375,entropy,4,302.4598622609765
2645,67198_00008,93,0.8984375,entropy,4,302.4598622609765
2646,67198_00008,94,0.8984375,entropy,4,302.4598622609765
2647,67198_00008,95,0.7107371794871795,entropy,4,302.4598622609765
2648,67198_00008,96,0.7398959583833533,entropy,4,302.4598622609765
2649,67198_00008,97,0.8984375,entropy,4,302.4598622609765
2650,67198_00008,98,0.7107371794871795,entropy,4,302.4598622609765
2651,67198_00008,99,0.8984375,entropy,4,302.4598622609765
2652,67198_00008,100,0.8984375,entropy,4,302.4598622609765
2653,67198_00008,101,0.8984375,entropy,4,302.4598622609765
2654,67198_00008,102,0.7398959583833533,entropy,4,302.4598622609765
2655,67198_00008,103,0.7398959583833533,entropy,4,302.4598622609765
2656,67198_00008,104,0.8984375,entropy,4,302.4598622609765
2657,67198_00008,105,0.8984375,entropy,4,302.4598622609765
2658,67198_00008,106,0.8984375,entropy,4,302.4598622609765
2659,67198_00008,107,0.8984375,entropy,4,302.4598622609765
2660,67198_00008,108,0.8984375,entropy,4,302.4598622609765
2661,67198_00008,109,0.8984375,entropy,4,302.4598622609765
2662,67198_00008,110,0.7107371794871795,entropy,4,302.4598622609765
2663,67198_00008,111,0.8984375,entropy,4,302.4598622609765
2664,67198_00008,112,0.7398959583833533,entropy,4,302.4598622609765
2665,67198_00008,113,0.7107371794871795,entropy,4,302.4598622609765
2666,67198_00008,114,0.7603372139702931,entropy,4,302.4598622609765
2667,67198_00008,115,0.7107371794871795,entropy,4,302.4598622609765
2668,67198_00008,116,0.8984375,entropy,4,302.4598622609765
2669,67198_00008,117,0.7107371794871795,entropy,4,302.4598622609765
2670,67198_00008,118,0.7107371794871795,entropy,4,302.4598622609765
2671,67198_00008,119,0.8984375,entropy,4,302.4598622609765
2672,67198_00008,120,0.8984375,entropy,4,302.4598622609765
2673,67198_00008,121,0.8984375,entropy,4,302.4598622609765
2674,67198_00008,122,0.8984375,entropy,4,302.4598622609765
2675,67198_00008,123,0.7107371794871795,entropy,4,302.4598622609765
2676,67198_00008,124,0.7107371794871795,entropy,4,302.4598622609765
2677,67198_00008,125,0.8984375,entropy,4,302.4598622609765
2678,67198_00008,126,0.7107371794871795,entropy,4,302.4598622609765
2679,67198_00008,127,0.8984375,entropy,4,302.4598622609765
2680,67198_00008,128,0.8984375,entropy,4,302.4598622609765
2681,67198_00008,129,0.8984375,entropy,4,302.4598622609765
2682,67198_00008,130,0.8984375,entropy,4,302.4598622609765
2683,67198_00008,131,0.8984375,entropy,4,302.4598622609765
2684,67198_00008,132,0.8984375,entropy,4,302.4598622609765
2685,67198_00008,133,0.7818181818181819,entropy,4,302.4598622609765
2686,67198_00008,134,0.8848484848484848,entropy,4,302.4598622609765
2687,67198_00008,135,1.0,entropy,4,302.4598622609765
2688,67198_00008,136,1.0,entropy,4,302.4598622609765
2689,67198_00008,137,1.0,entropy,4,302.4598622609765
2690,67198_00008,138,0.9224137931034483,entropy,4,302.4598622609765
2691,67198_00008,139,0.9722222222222222,entropy,4,302.4598622609765
2692,67198_00008,140,0.8769230769230769,entropy,4,302.4598622609765
2693,67198_00008,141,1.0,entropy,4,302.4598622609765
2694,67198_00008,142,1.0,entropy,4,302.4598622609765
2695,67198_00008,143,1.0,entropy,4,302.4598622609765
2696,67198_00008,144,0.9224137931034483,entropy,4,302.4598622609765
2697,67198_00008,145,1.0,entropy,4,302.4598622609765
2698,67198_00008,146,1.0,entropy,4,302.4598622609765
2699,67198_00008,147,1.0,entropy,4,302.4598622609765
2700,67198_00008,148,0.95,entropy,4,302.4598622609765
2701,67198_00008,149,1.0,entropy,4,302.4598622609765
2702,67198_00008,150,0.9224137931034483,entropy,4,302.4598622609765
2703,67198_00008,151,1.0,entropy,4,302.4598622609765
2704,67198_00008,152,1.0,entropy,4,302.4598622609765
2705,67198_00008,153,1.0,entropy,4,302.4598622609765
2706,67198_00008,154,1.0,entropy,4,302.4598622609765
2707,67198_00008,155,1.0,entropy,4,302.4598622609765
2708,67198_00008,156,1.0,entropy,4,302.4598622609765
2709,67198_00008,157,0.9811320754716981,entropy,4,302.4598622609765
2710,67198_00008,158,1.0,entropy,4,302.4598622609765
2711,67198_00008,159,0.9811320754716981,entropy,4,302.4598622609765
2712,67198_00008,160,1.0,entropy,4,302.4598622609765
2713,67198_00008,161,1.0,entropy,4,302.4598622609765
2714,67198_00008,162,1.0,entropy,4,302.4598622609765
2715,67198_00008,163,0.9811320754716981,entropy,4,302.4598622609765
2716,67198_00008,164,1.0,entropy,4,302.4598622609765
2717,67198_00008,165,1.0,entropy,4,302.4598622609765
2718,67198_00008,166,1.0,entropy,4,302.4598622609765
2719,67198_00008,167,1.0,entropy,4,302.4598622609765
2720,67198_00008,168,0.9903846153846154,entropy,4,302.4598622609765
2721,67198_00008,169,1.0,entropy,4,302.4598622609765
2722,67198_00008,170,1.0,entropy,4,302.4598622609765
2723,67198_00008,171,1.0,entropy,4,302.4598622609765
2724,67198_00008,172,1.0,entropy,4,302.4598622609765
2725,67198_00008,173,0.9811320754716981,entropy,4,302.4598622609765
2726,67198_00008,174,1.0,entropy,4,302.4598622609765
2727,67198_00008,175,1.0,entropy,4,302.4598622609765
2728,67198_00008,176,1.0,entropy,4,302.4598622609765
2729,67198_00008,177,1.0,entropy,4,302.4598622609765
2730,67198_00008,178,1.0,entropy,4,302.4598622609765
2731,67198_00008,179,1.0,entropy,4,302.4598622609765
2732,67198_00008,180,1.0,entropy,4,302.4598622609765
2733,67198_00008,181,1.0,entropy,4,302.4598622609765
2734,67198_00008,182,1.0,entropy,4,302.4598622609765
2735,67198_00008,183,1.0,entropy,4,302.4598622609765
2736,67198_00008,184,1.0,entropy,4,302.4598622609765
2737,67198_00008,185,1.0,entropy,4,302.4598622609765
2738,67198_00008,186,1.0,entropy,4,302.4598622609765
2739,67198_00008,187,1.0,entropy,4,302.4598622609765
2740,67198_00008,188,1.0,entropy,4,302.4598622609765
2741,67198_00008,189,1.0,entropy,4,302.4598622609765
2742,67198_00008,190,1.0,entropy,4,302.4598622609765
2743,67198_00008,191,1.0,entropy,4,302.4598622609765
2744,67198_00008,192,1.0,entropy,4,302.4598622609765
2745,67198_00008,193,0.9722222222222222,entropy,4,302.4598622609765
2746,67198_00008,194,1.0,entropy,4,302.4598622609765
2747,67198_00008,195,1.0,entropy,4,302.4598622609765
2748,67198_00008,196,1.0,entropy,4,302.4598622609765
2749,67198_00008,197,1.0,entropy,4,302.4598622609765
2750,67198_00008,198,1.0,entropy,4,302.4598622609765
2751,67198_00008,199,1.0,entropy,4,302.4598622609765
2752,67198_00008,200,1.0,entropy,4,302.4598622609765
2753,67198_00008,201,1.0,entropy,4,302.4598622609765
2754,67198_00008,202,1.0,entropy,4,302.4598622609765
2755,67198_00008,203,1.0,entropy,4,302.4598622609765
2756,67198_00008,204,1.0,entropy,4,302.4598622609765
2757,67198_00008,205,1.0,entropy,4,302.4598622609765
2758,67198_00008,206,1.0,entropy,4,302.4598622609765
2759,67198_00008,207,1.0,entropy,4,302.4598622609765
2760,67198_00008,208,1.0,entropy,4,302.4598622609765
2761,67198_00008,209,1.0,entropy,4,302.4598622609765
2762,67198_00008,210,1.0,entropy,4,302.4598622609765
2763,67198_00008,211,1.0,entropy,4,302.4598622609765
2764,67198_00008,212,1.0,entropy,4,302.4598622609765
2765,67198_00008,213,1.0,entropy,4,302.4598622609765
2766,67198_00008,214,1.0,entropy,4,302.4598622609765
2767,67198_00008,215,1.0,entropy,4,302.4598622609765
2768,67198_00008,216,1.0,entropy,4,302.4598622609765
2769,67198_00008,217,1.0,entropy,4,302.4598622609765
2770,67198_00008,218,1.0,entropy,4,302.4598622609765
2771,67198_00008,219,1.0,entropy,4,302.4598622609765
2772,67198_00008,220,1.0,entropy,4,302.4598622609765
2773,67198_00008,221,1.0,entropy,4,302.4598622609765
2774,67198_00008,222,1.0,entropy,4,302.4598622609765
2775,67198_00008,223,1.0,entropy,4,302.4598622609765
2776,67198_00008,224,1.0,entropy,4,302.4598622609765
2777,67198_00008,225,1.0,entropy,4,302.4598622609765
2778,67198_00008,226,1.0,entropy,4,302.4598622609765
2779,67198_00008,227,1.0,entropy,4,302.4598622609765
2780,67198_00008,228,1.0,entropy,4,302.4598622609765
2781,67198_00008,229,1.0,entropy,4,302.4598622609765
2782,67198_00008,230,1.0,entropy,4,302.4598622609765
2783,67198_00008,231,1.0,entropy,4,302.4598622609765
2784,67198_00008,232,1.0,entropy,4,302.4598622609765
2785,67198_00008,233,1.0,entropy,4,302.4598622609765
2786,67198_00008,234,1.0,entropy,4,302.4598622609765
2787,67198_00008,235,1.0,entropy,4,302.4598622609765
2788,67198_00008,236,1.0,entropy,4,302.4598622609765
2789,67198_00008,237,1.0,entropy,4,302.4598622609765
2790,67198_00008,238,1.0,entropy,4,302.4598622609765
2791,67198_00008,239,1.0,entropy,4,302.4598622609765
2792,67198_00008,240,1.0,entropy,4,302.4598622609765
2793,67198_00008,241,1.0,entropy,4,302.4598622609765
2794,67198_00008,242,1.0,entropy,4,302.4598622609765
2795,67198_00008,243,1.0,entropy,4,302.4598622609765
2796,67198_00008,244,1.0,entropy,4,302.4598622609765
2797,67198_00008,245,1.0,entropy,4,302.4598622609765
2798,67198_00008,246,1.0,entropy,4,302.4598622609765
2799,67198_00008,247,1.0,entropy,4,302.4598622609765
2800,67198_00008,248,1.0,entropy,4,302.4598622609765
2801,67198_00008,249,1.0,entropy,4,302.4598622609765
2802,67198_00008,250,1.0,entropy,4,302.4598622609765
2803,67198_00008,251,1.0,entropy,4,302.4598622609765
2804,67198_00008,252,1.0,entropy,4,302.4598622609765
2805,67198_00008,253,1.0,entropy,4,302.4598622609765
2806,67198_00008,254,1.0,entropy,4,302.4598622609765
2807,67198_00008,255,1.0,entropy,4,302.4598622609765
2808,67198_00008,256,1.0,entropy,4,302.4598622609765
2809,67198_00008,257,1.0,entropy,4,302.4598622609765
2810,67198_00008,258,1.0,entropy,4,302.4598622609765
2811,67198_00008,259,1.0,entropy,4,302.4598622609765
2812,67198_00008,260,1.0,entropy,4,302.4598622609765
2813,67198_00008,261,1.0,entropy,4,302.4598622609765
2814,67198_00008,262,1.0,entropy,4,302.4598622609765
2815,67198_00008,263,1.0,entropy,4,302.4598622609765
2816,67198_00008,264,1.0,entropy,4,302.4598622609765
2817,67198_00008,265,1.0,entropy,4,302.4598622609765
2818,67198_00008,266,1.0,entropy,4,302.4598622609765
2819,67198_00008,267,1.0,entropy,4,302.4598622609765
2820,67198_00008,268,1.0,entropy,4,302.4598622609765
2821,67198_00008,269,1.0,entropy,4,302.4598622609765
2822,67198_00008,270,1.0,entropy,4,302.4598622609765
2823,67198_00008,271,1.0,entropy,4,302.4598622609765
2824,67198_00008,272,1.0,entropy,4,302.4598622609765
2825,67198_00008,273,1.0,entropy,4,302.4598622609765
2826,67198_00008,274,1.0,entropy,4,302.4598622609765
2827,67198_00008,275,1.0,entropy,4,302.4598622609765
2828,67198_00008,276,1.0,entropy,4,302.4598622609765
2829,67198_00008,277,1.0,entropy,4,302.4598622609765
2830,67198_00008,278,1.0,entropy,4,302.4598622609765
2831,67198_00008,279,1.0,entropy,4,302.4598622609765
2832,67198_00008,280,1.0,entropy,4,302.4598622609765
2833,67198_00008,281,1.0,entropy,4,302.4598622609765
2834,67198_00008,282,0.9903846153846154,entropy,4,302.4598622609765
2835,67198_00008,283,1.0,entropy,4,302.4598622609765
2836,67198_00008,284,1.0,entropy,4,302.4598622609765
2837,67198_00008,285,1.0,entropy,4,302.4598622609765
2838,67198_00008,286,1.0,entropy,4,302.4598622609765
2839,67198_00008,287,1.0,entropy,4,302.4598622609765
2840,67198_00008,288,1.0,entropy,4,302.4598622609765
2841,67198_00008,289,1.0,entropy,4,302.4598622609765
2842,67198_00008,290,1.0,entropy,4,302.4598622609765
2843,67198_00008,291,1.0,entropy,4,302.4598622609765
2844,67198_00008,292,1.0,entropy,4,302.4598622609765
2845,67198_00008,293,1.0,entropy,4,302.4598622609765
2846,67198_00008,294,1.0,entropy,4,302.4598622609765
2847,67198_00008,295,1.0,entropy,4,302.4598622609765
2848,67198_00008,296,1.0,entropy,4,302.4598622609765
2849,67198_00008,297,1.0,entropy,4,302.4598622609765
2850,67198_00008,298,1.0,entropy,4,302.4598622609765
2851,67198_00008,299,1.0,entropy,4,302.4598622609765
2852,67198_00008,300,1.0,entropy,4,302.4598622609765
2853,67198_00008,301,1.0,entropy,4,302.4598622609765
2854,67198_00008,302,1.0,entropy,4,302.4598622609765
2855,67198_00008,303,1.0,entropy,4,302.4598622609765
2856,67198_00008,304,1.0,entropy,4,302.4598622609765
2857,67198_00008,305,1.0,entropy,4,302.4598622609765
2858,67198_00008,306,1.0,entropy,4,302.4598622609765
2859,67198_00008,307,1.0,entropy,4,302.4598622609765
2860,67198_00008,308,1.0,entropy,4,302.4598622609765
2861,67198_00008,309,1.0,entropy,4,302.4598622609765
2862,67198_00008,310,1.0,entropy,4,302.4598622609765
2863,67198_00008,311,1.0,entropy,4,302.4598622609765
2864,67198_00008,312,1.0,entropy,4,302.4598622609765
2865,67198_00008,313,1.0,entropy,4,302.4598622609765
2866,67198_00008,314,1.0,entropy,4,302.4598622609765
2867,67198_00008,315,1.0,entropy,4,302.4598622609765
2868,67198_00008,316,1.0,entropy,4,302.4598622609765
2869,67198_00008,317,1.0,entropy,4,302.4598622609765
2870,67198_00008,318,1.0,entropy,4,302.4598622609765
2871,67198_00009,0,0.8695652173913043,entropy,5,298.2630850032673
2872,67198_00009,1,0.9711538461538461,entropy,5,298.2630850032673
2873,67198_00009,2,0.7747035573122529,entropy,5,298.2630850032673
2874,67198_00009,3,0.8483516483516483,entropy,5,298.2630850032673
2875,67198_00009,4,0.8712121212121212,entropy,5,298.2630850032673
2876,67198_00009,5,0.8549810844892812,entropy,5,298.2630850032673
2877,67198_00009,6,0.99,entropy,5,298.2630850032673
2878,67198_00009,7,0.9375,entropy,5,298.2630850032673
2879,67198_00009,8,0.8625,entropy,5,298.2630850032673
2880,67198_00009,9,0.7804094741067844,entropy,5,298.2630850032673
2881,67198_00009,10,0.9603841536614646,entropy,5,298.2630850032673
2882,67198_00009,11,0.8549810844892812,entropy,5,298.2630850032673
2883,67198_00009,12,0.9083333333333333,entropy,5,298.2630850032673
2884,67198_00009,13,0.9799919967987194,entropy,5,298.2630850032673
2885,67198_00009,14,0.8805970149253731,entropy,5,298.2630850032673
2886,67198_00009,15,0.9903846153846154,entropy,5,298.2630850032673
2887,67198_00009,16,0.8695652173913043,entropy,5,298.2630850032673
2888,67198_00009,17,0.8984375,entropy,5,298.2630850032673
2889,67198_00009,18,0.9903846153846154,entropy,5,298.2630850032673
2890,67198_00009,19,0.8984375,entropy,5,298.2630850032673
2891,67198_00009,20,0.8984375,entropy,5,298.2630850032673
2892,67198_00009,21,0.8805970149253731,entropy,5,298.2630850032673
2893,67198_00009,22,0.8984375,entropy,5,298.2630850032673
2894,67198_00009,23,0.8984375,entropy,5,298.2630850032673
2895,67198_00009,24,0.8984375,entropy,5,298.2630850032673
2896,67198_00009,25,0.9903846153846154,entropy,5,298.2630850032673
2897,67198_00009,26,0.8984375,entropy,5,298.2630850032673
2898,67198_00009,27,0.8984375,entropy,5,298.2630850032673
2899,67198_00009,28,0.9903846153846154,entropy,5,298.2630850032673
2900,67198_00009,29,0.8984375,entropy,5,298.2630850032673
2901,67198_00009,30,0.8984375,entropy,5,298.2630850032673
2902,67198_00009,31,0.8984375,entropy,5,298.2630850032673
2903,67198_00009,32,0.8984375,entropy,5,298.2630850032673
2904,67198_00009,33,0.9903846153846154,entropy,5,298.2630850032673
2905,67198_00009,34,0.8984375,entropy,5,298.2630850032673
2906,67198_00009,35,0.9903846153846154,entropy,5,298.2630850032673
2907,67198_00009,36,0.8984375,entropy,5,298.2630850032673
2908,67198_00009,37,0.8984375,entropy,5,298.2630850032673
2909,67198_00009,38,0.9903846153846154,entropy,5,298.2630850032673
2910,67198_00009,39,0.8984375,entropy,5,298.2630850032673
2911,67198_00009,40,0.8984375,entropy,5,298.2630850032673
2912,67198_00009,41,0.9903846153846154,entropy,5,298.2630850032673
2913,67198_00009,42,0.8923076923076922,entropy,5,298.2630850032673
2914,67198_00009,43,0.8984375,entropy,5,298.2630850032673
2915,67198_00009,44,0.8984375,entropy,5,298.2630850032673
2916,67198_00009,45,0.9903846153846154,entropy,5,298.2630850032673
2917,67198_00009,46,0.8984375,entropy,5,298.2630850032673
2918,67198_00009,47,0.9811320754716981,entropy,5,298.2630850032673
2919,67198_00009,48,0.8923076923076922,entropy,5,298.2630850032673
2920,67198_00009,49,0.9811320754716981,entropy,5,298.2630850032673
2921,67198_00009,50,0.9722222222222222,entropy,5,298.2630850032673
2922,67198_00009,51,0.8923076923076922,entropy,5,298.2630850032673
2923,67198_00009,52,0.8923076923076922,entropy,5,298.2630850032673
2924,67198_00009,53,0.8984375,entropy,5,298.2630850032673
2925,67198_00009,54,0.8923076923076922,entropy,5,298.2630850032673
2926,67198_00009,55,0.8923076923076922,entropy,5,298.2630850032673
2927,67198_00009,56,0.8923076923076922,entropy,5,298.2630850032673
2928,67198_00009,57,0.8923076923076922,entropy,5,298.2630850032673
2929,67198_00009,58,0.9811320754716981,entropy,5,298.2630850032673
2930,67198_00009,59,0.9811320754716981,entropy,5,298.2630850032673
2931,67198_00009,60,0.9811320754716981,entropy,5,298.2630850032673
2932,67198_00009,61,0.9811320754716981,entropy,5,298.2630850032673
2933,67198_00009,62,0.8923076923076922,entropy,5,298.2630850032673
2934,67198_00009,63,0.8923076923076922,entropy,5,298.2630850032673
2935,67198_00009,64,0.8984375,entropy,5,298.2630850032673
2936,67198_00009,65,0.8923076923076922,entropy,5,298.2630850032673
2937,67198_00009,66,0.8984375,entropy,5,298.2630850032673
2938,67198_00009,67,0.8984375,entropy,5,298.2630850032673
2939,67198_00009,68,0.8923076923076922,entropy,5,298.2630850032673
2940,67198_00009,69,0.8923076923076922,entropy,5,298.2630850032673
2941,67198_00009,70,0.8923076923076922,entropy,5,298.2630850032673
2942,67198_00009,71,0.8923076923076922,entropy,5,298.2630850032673
2943,67198_00009,72,0.9811320754716981,entropy,5,298.2630850032673
2944,67198_00009,73,0.8923076923076922,entropy,5,298.2630850032673
2945,67198_00009,74,0.8984375,entropy,5,298.2630850032673
2946,67198_00009,75,0.9811320754716981,entropy,5,298.2630850032673
2947,67198_00009,76,0.9811320754716981,entropy,5,298.2630850032673
2948,67198_00009,77,0.8923076923076922,entropy,5,298.2630850032673
2949,67198_00009,78,0.8923076923076922,entropy,5,298.2630850032673
2950,67198_00009,79,0.8923076923076922,entropy,5,298.2630850032673
2951,67198_00009,80,0.8984375,entropy,5,298.2630850032673
2952,67198_00009,81,0.9811320754716981,entropy,5,298.2630850032673
2953,67198_00009,82,0.8923076923076922,entropy,5,298.2630850032673
2954,67198_00009,83,0.8923076923076922,entropy,5,298.2630850032673
2955,67198_00009,84,0.8923076923076922,entropy,5,298.2630850032673
2956,67198_00009,85,0.8923076923076922,entropy,5,298.2630850032673
2957,67198_00009,86,0.8984375,entropy,5,298.2630850032673
2958,67198_00009,87,0.8923076923076922,entropy,5,298.2630850032673
2959,67198_00009,88,0.9811320754716981,entropy,5,298.2630850032673
2960,67198_00009,89,0.8923076923076922,entropy,5,298.2630850032673
2961,67198_00009,90,0.8923076923076922,entropy,5,298.2630850032673
2962,67198_00009,91,0.8923076923076922,entropy,5,298.2630850032673
2963,67198_00009,92,0.9811320754716981,entropy,5,298.2630850032673
2964,67198_00009,93,0.8923076923076922,entropy,5,298.2630850032673
2965,67198_00009,94,0.8923076923076922,entropy,5,298.2630850032673
2966,67198_00009,95,0.9811320754716981,entropy,5,298.2630850032673
2967,67198_00009,96,0.8923076923076922,entropy,5,298.2630850032673
2968,67198_00009,97,0.8984375,entropy,5,298.2630850032673
2969,67198_00009,98,0.9811320754716981,entropy,5,298.2630850032673
2970,67198_00009,99,0.9811320754716981,entropy,5,298.2630850032673
2971,67198_00009,100,0.8923076923076922,entropy,5,298.2630850032673
2972,67198_00009,101,0.8923076923076922,entropy,5,298.2630850032673
2973,67198_00009,102,0.8923076923076922,entropy,5,298.2630850032673
2974,67198_00009,103,0.8923076923076922,entropy,5,298.2630850032673
2975,67198_00009,104,0.9903846153846154,entropy,5,298.2630850032673
2976,67198_00009,105,0.8923076923076922,entropy,5,298.2630850032673
2977,67198_00009,106,0.9811320754716981,entropy,5,298.2630850032673
2978,67198_00009,107,0.8984375,entropy,5,298.2630850032673
2979,67198_00009,108,0.9811320754716981,entropy,5,298.2630850032673
2980,67198_00009,109,0.8923076923076922,entropy,5,298.2630850032673
2981,67198_00009,110,0.8923076923076922,entropy,5,298.2630850032673
2982,67198_00009,111,0.8923076923076922,entropy,5,298.2630850032673
2983,67198_00009,112,0.9811320754716981,entropy,5,298.2630850032673
2984,67198_00009,113,0.9903846153846154,entropy,5,298.2630850032673
2985,67198_00009,114,0.8923076923076922,entropy,5,298.2630850032673
2986,67198_00009,115,0.9811320754716981,entropy,5,298.2630850032673
2987,67198_00009,116,0.8923076923076922,entropy,5,298.2630850032673
2988,67198_00009,117,0.8923076923076922,entropy,5,298.2630850032673
2989,67198_00009,118,0.9811320754716981,entropy,5,298.2630850032673
2990,67198_00009,119,0.8984375,entropy,5,298.2630850032673
2991,67198_00009,120,0.8923076923076922,entropy,5,298.2630850032673
2992,67198_00009,121,0.8923076923076922,entropy,5,298.2630850032673
2993,67198_00009,122,0.9903846153846154,entropy,5,298.2630850032673
2994,67198_00009,123,0.8923076923076922,entropy,5,298.2630850032673
2995,67198_00009,124,0.8923076923076922,entropy,5,298.2630850032673
2996,67198_00009,125,0.8923076923076922,entropy,5,298.2630850032673
2997,67198_00009,126,0.8984375,entropy,5,298.2630850032673
2998,67198_00009,127,0.8923076923076922,entropy,5,298.2630850032673
2999,67198_00009,128,0.8923076923076922,entropy,5,298.2630850032673
3000,67198_00009,129,0.8923076923076922,entropy,5,298.2630850032673
3001,67198_00009,130,0.9811320754716981,entropy,5,298.2630850032673
3002,67198_00009,131,0.8984375,entropy,5,298.2630850032673
3003,67198_00009,132,0.8923076923076922,entropy,5,298.2630850032673
3004,67198_00009,133,0.8923076923076922,entropy,5,298.2630850032673
3005,67198_00009,134,0.8984375,entropy,5,298.2630850032673
3006,67198_00009,135,0.8984375,entropy,5,298.2630850032673
3007,67198_00009,136,0.8923076923076922,entropy,5,298.2630850032673
3008,67198_00009,137,0.9811320754716981,entropy,5,298.2630850032673
3009,67198_00009,138,0.9811320754716981,entropy,5,298.2630850032673
3010,67198_00009,139,0.9811320754716981,entropy,5,298.2630850032673
3011,67198_00009,140,0.9811320754716981,entropy,5,298.2630850032673
3012,67198_00009,141,0.8923076923076922,entropy,5,298.2630850032673
3013,67198_00009,142,0.8984375,entropy,5,298.2630850032673
3014,67198_00009,143,0.8923076923076922,entropy,5,298.2630850032673
3015,67198_00009,144,0.8923076923076922,entropy,5,298.2630850032673
3016,67198_00009,145,0.8923076923076922,entropy,5,298.2630850032673
3017,67198_00009,146,0.8923076923076922,entropy,5,298.2630850032673
3018,67198_00009,147,0.8984375,entropy,5,298.2630850032673
3019,67198_00009,148,0.8923076923076922,entropy,5,298.2630850032673
3020,67198_00009,149,0.9811320754716981,entropy,5,298.2630850032673
3021,67198_00009,150,0.9811320754716981,entropy,5,298.2630850032673
3022,67198_00009,151,0.9811320754716981,entropy,5,298.2630850032673
3023,67198_00009,152,0.8923076923076922,entropy,5,298.2630850032673
3024,67198_00009,153,0.8923076923076922,entropy,5,298.2630850032673
3025,67198_00009,154,0.8984375,entropy,5,298.2630850032673
3026,67198_00009,155,0.9811320754716981,entropy,5,298.2630850032673
3027,67198_00009,156,0.8923076923076922,entropy,5,298.2630850032673
3028,67198_00009,157,0.8923076923076922,entropy,5,298.2630850032673
3029,67198_00009,158,0.8923076923076922,entropy,5,298.2630850032673
3030,67198_00009,159,0.8923076923076922,entropy,5,298.2630850032673
3031,67198_00009,160,0.8923076923076922,entropy,5,298.2630850032673
3032,67198_00009,161,0.8923076923076922,entropy,5,298.2630850032673
3033,67198_00009,162,0.8923076923076922,entropy,5,298.2630850032673
3034,67198_00009,163,0.9811320754716981,entropy,5,298.2630850032673
3035,67198_00009,164,0.9811320754716981,entropy,5,298.2630850032673
3036,67198_00009,165,0.8923076923076922,entropy,5,298.2630850032673
3037,67198_00009,166,0.8923076923076922,entropy,5,298.2630850032673
3038,67198_00009,167,0.8923076923076922,entropy,5,298.2630850032673
3039,67198_00009,168,0.8923076923076922,entropy,5,298.2630850032673
3040,67198_00009,169,0.8984375,entropy,5,298.2630850032673
3041,67198_00009,170,0.8984375,entropy,5,298.2630850032673
3042,67198_00009,171,0.9903846153846154,entropy,5,298.2630850032673
3043,67198_00009,172,0.9811320754716981,entropy,5,298.2630850032673
3044,67198_00009,173,0.8923076923076922,entropy,5,298.2630850032673
3045,67198_00009,174,0.9811320754716981,entropy,5,298.2630850032673
3046,67198_00009,175,0.8923076923076922,entropy,5,298.2630850032673
3047,67198_00009,176,0.8923076923076922,entropy,5,298.2630850032673
3048,67198_00009,177,0.8923076923076922,entropy,5,298.2630850032673
3049,67198_00009,178,0.9903846153846154,entropy,5,298.2630850032673
3050,67198_00009,179,0.8923076923076922,entropy,5,298.2630850032673
3051,67198_00009,180,0.8923076923076922,entropy,5,298.2630850032673
3052,67198_00009,181,0.8984375,entropy,5,298.2630850032673
3053,67198_00009,182,0.8984375,entropy,5,298.2630850032673
3054,67198_00009,183,0.9811320754716981,entropy,5,298.2630850032673
3055,67198_00009,184,0.9811320754716981,entropy,5,298.2630850032673
3056,67198_00009,185,0.9903846153846154,entropy,5,298.2630850032673
3057,67198_00009,186,0.8923076923076922,entropy,5,298.2630850032673
3058,67198_00009,187,0.8923076923076922,entropy,5,298.2630850032673
3059,67198_00009,188,0.9811320754716981,entropy,5,298.2630850032673
3060,67198_00009,189,0.9811320754716981,entropy,5,298.2630850032673
3061,67198_00009,190,0.8984375,entropy,5,298.2630850032673
3062,67198_00009,191,1.0,entropy,5,298.2630850032673
3063,67198_00009,192,0.8923076923076922,entropy,5,298.2630850032673
3064,67198_00009,193,0.8923076923076922,entropy,5,298.2630850032673
3065,67198_00009,194,0.8923076923076922,entropy,5,298.2630850032673
3066,67198_00009,195,0.9811320754716981,entropy,5,298.2630850032673
3067,67198_00009,196,0.9903846153846154,entropy,5,298.2630850032673
3068,67198_00009,197,0.8923076923076922,entropy,5,298.2630850032673
3069,67198_00009,198,0.9811320754716981,entropy,5,298.2630850032673
3070,67198_00009,199,0.8923076923076922,entropy,5,298.2630850032673
3071,67198_00009,200,0.9903846153846154,entropy,5,298.2630850032673
3072,67198_00009,201,0.8984375,entropy,5,298.2630850032673
3073,67198_00009,202,0.9811320754716981,entropy,5,298.2630850032673
3074,67198_00009,203,0.9811320754716981,entropy,5,298.2630850032673
3075,67198_00009,204,0.8923076923076922,entropy,5,298.2630850032673
3076,67198_00009,205,0.8923076923076922,entropy,5,298.2630850032673
3077,67198_00009,206,0.9811320754716981,entropy,5,298.2630850032673
3078,67198_00009,207,0.8923076923076922,entropy,5,298.2630850032673
3079,67198_00009,208,0.8923076923076922,entropy,5,298.2630850032673
3080,67198_00009,209,0.8984375,entropy,5,298.2630850032673
3081,67198_00009,210,0.9811320754716981,entropy,5,298.2630850032673
3082,67198_00009,211,0.8923076923076922,entropy,5,298.2630850032673
3083,67198_00009,212,0.8923076923076922,entropy,5,298.2630850032673
3084,67198_00009,213,0.8984375,entropy,5,298.2630850032673
3085,67198_00009,214,0.9811320754716981,entropy,5,298.2630850032673
3086,67198_00009,215,0.8923076923076922,entropy,5,298.2630850032673
3087,67198_00009,216,0.8923076923076922,entropy,5,298.2630850032673
3088,67198_00009,217,0.9811320754716981,entropy,5,298.2630850032673
3089,67198_00009,218,0.9811320754716981,entropy,5,298.2630850032673
3090,67198_00009,219,0.8923076923076922,entropy,5,298.2630850032673
3091,67198_00009,220,0.9903846153846154,entropy,5,298.2630850032673
3092,67198_00009,221,0.8923076923076922,entropy,5,298.2630850032673
3093,67198_00009,222,0.8923076923076922,entropy,5,298.2630850032673
3094,67198_00009,223,0.8923076923076922,entropy,5,298.2630850032673
3095,67198_00009,224,0.9811320754716981,entropy,5,298.2630850032673
3096,67198_00009,225,0.9903846153846154,entropy,5,298.2630850032673
3097,67198_00009,226,0.8984375,entropy,5,298.2630850032673
3098,67198_00009,227,0.8923076923076922,entropy,5,298.2630850032673
3099,67198_00009,228,0.9811320754716981,entropy,5,298.2630850032673
3100,67198_00009,229,0.9811320754716981,entropy,5,298.2630850032673
3101,67198_00009,230,0.9903846153846154,entropy,5,298.2630850032673
3102,67198_00009,231,0.9903846153846154,entropy,5,298.2630850032673
3103,67198_00009,232,0.9811320754716981,entropy,5,298.2630850032673
3104,67198_00009,233,0.9811320754716981,entropy,5,298.2630850032673
3105,67198_00009,234,0.8923076923076922,entropy,5,298.2630850032673
3106,67198_00009,235,0.9811320754716981,entropy,5,298.2630850032673
3107,67198_00009,236,0.9811320754716981,entropy,5,298.2630850032673
3108,67198_00009,237,0.9811320754716981,entropy,5,298.2630850032673
3109,67198_00009,238,0.9811320754716981,entropy,5,298.2630850032673
3110,67198_00009,239,0.9811320754716981,entropy,5,298.2630850032673
3111,67198_00009,240,0.8923076923076922,entropy,5,298.2630850032673
3112,67198_00009,241,0.9811320754716981,entropy,5,298.2630850032673
3113,67198_00009,242,0.9811320754716981,entropy,5,298.2630850032673
3114,67198_00009,243,0.9903846153846154,entropy,5,298.2630850032673
3115,67198_00009,244,0.9473684210526316,entropy,5,298.2630850032673
3116,67198_00009,245,0.9903846153846154,entropy,5,298.2630850032673
3117,67198_00009,246,0.9811320754716981,entropy,5,298.2630850032673
3118,67198_00009,247,0.9811320754716981,entropy,5,298.2630850032673
3119,67198_00009,248,0.9811320754716981,entropy,5,298.2630850032673
3120,67198_00009,249,0.9811320754716981,entropy,5,298.2630850032673
3121,67198_00009,250,0.9811320754716981,entropy,5,298.2630850032673
3122,67198_00009,251,0.9811320754716981,entropy,5,298.2630850032673
3123,67198_00009,252,0.9811320754716981,entropy,5,298.2630850032673
3124,67198_00009,253,0.9811320754716981,entropy,5,298.2630850032673
3125,67198_00009,254,0.9903846153846154,entropy,5,298.2630850032673
3126,67198_00009,255,0.9811320754716981,entropy,5,298.2630850032673
3127,67198_00009,256,0.9811320754716981,entropy,5,298.2630850032673
3128,67198_00009,257,0.9811320754716981,entropy,5,298.2630850032673
3129,67198_00009,258,0.9903846153846154,entropy,5,298.2630850032673
3130,67198_00009,259,0.9811320754716981,entropy,5,298.2630850032673
3131,67198_00009,260,0.9903846153846154,entropy,5,298.2630850032673
3132,67198_00009,261,0.9811320754716981,entropy,5,298.2630850032673
3133,67198_00009,262,0.9811320754716981,entropy,5,298.2630850032673
3134,67198_00009,263,0.9811320754716981,entropy,5,298.2630850032673
3135,67198_00009,264,0.9811320754716981,entropy,5,298.2630850032673
3136,67198_00009,265,0.9903846153846154,entropy,5,298.2630850032673
3137,67198_00009,266,0.9903846153846154,entropy,5,298.2630850032673
3138,67198_00009,267,0.9811320754716981,entropy,5,298.2630850032673
3139,67198_00009,268,0.9811320754716981,entropy,5,298.2630850032673
3140,67198_00009,269,0.9903846153846154,entropy,5,298.2630850032673
3141,67198_00009,270,0.9903846153846154,entropy,5,298.2630850032673
3142,67198_00009,271,0.9811320754716981,entropy,5,298.2630850032673
3143,67198_00009,272,0.9811320754716981,entropy,5,298.2630850032673
3144,67198_00009,273,0.9811320754716981,entropy,5,298.2630850032673
3145,67198_00009,274,0.9811320754716981,entropy,5,298.2630850032673
3146,67198_00009,275,0.9811320754716981,entropy,5,298.2630850032673
3147,67198_00009,276,0.9811320754716981,entropy,5,298.2630850032673
3148,67198_00009,277,0.9811320754716981,entropy,5,298.2630850032673
3149,67198_00009,278,0.9903846153846154,entropy,5,298.2630850032673
3150,67198_00009,279,0.9811320754716981,entropy,5,298.2630850032673
3151,67198_00009,280,0.9811320754716981,entropy,5,298.2630850032673
3152,67198_00009,281,0.9811320754716981,entropy,5,298.2630850032673
3153,67198_00009,282,0.9811320754716981,entropy,5,298.2630850032673
3154,67198_00009,283,0.9811320754716981,entropy,5,298.2630850032673
3155,67198_00009,284,0.9811320754716981,entropy,5,298.2630850032673
3156,67198_00009,285,0.9903846153846154,entropy,5,298.2630850032673
3157,67198_00009,286,0.9636363636363636,entropy,5,298.2630850032673
3158,67198_00009,287,0.9811320754716981,entropy,5,298.2630850032673
3159,67198_00009,288,0.9811320754716981,entropy,5,298.2630850032673
3160,67198_00009,289,0.9903846153846154,entropy,5,298.2630850032673
3161,67198_00009,290,0.9811320754716981,entropy,5,298.2630850032673
3162,67198_00009,291,0.9811320754716981,entropy,5,298.2630850032673
3163,67198_00009,292,0.9811320754716981,entropy,5,298.2630850032673
3164,67198_00009,293,0.9811320754716981,entropy,5,298.2630850032673
3165,67198_00009,294,0.9811320754716981,entropy,5,298.2630850032673
3166,67198_00009,295,0.9811320754716981,entropy,5,298.2630850032673
3167,67198_00009,296,0.9811320754716981,entropy,5,298.2630850032673
3168,67198_00009,297,0.9903846153846154,entropy,5,298.2630850032673
3169,67198_00009,298,0.9903846153846154,entropy,5,298.2630850032673
3170,67198_00009,299,0.9903846153846154,entropy,5,298.2630850032673
3171,67198_00009,300,0.9811320754716981,entropy,5,298.2630850032673
3172,67198_00009,301,0.9811320754716981,entropy,5,298.2630850032673
3173,67198_00009,302,0.9903846153846154,entropy,5,298.2630850032673
3174,67198_00009,303,0.9811320754716981,entropy,5,298.2630850032673
3175,67198_00009,304,0.9903846153846154,entropy,5,298.2630850032673
3176,67198_00009,305,0.9811320754716981,entropy,5,298.2630850032673
3177,67198_00009,306,0.9722222222222222,entropy,5,298.2630850032673
3178,67198_00009,307,0.9811320754716981,entropy,5,298.2630850032673
3179,67198_00009,308,0.9903846153846154,entropy,5,298.2630850032673
3180,67198_00009,309,0.9811320754716981,entropy,5,298.2630850032673
3181,67198_00009,310,0.9903846153846154,entropy,5,298.2630850032673
3182,67198_00009,311,0.9903846153846154,entropy,5,298.2630850032673
3183,67198_00009,312,0.9903846153846154,entropy,5,298.2630850032673
3184,67198_00009,313,0.9903846153846154,entropy,5,298.2630850032673
3185,67198_00009,314,0.9903846153846154,entropy,5,298.2630850032673
3186,67198_00009,315,0.9903846153846154,entropy,5,298.2630850032673
3187,67198_00009,316,0.9903846153846154,entropy,5,298.2630850032673
3188,67198_00009,317,0.9903846153846154,entropy,5,298.2630850032673
3189,67198_00009,318,0.9903846153846154,entropy,5,298.2630850032673
3190,67198_00010,0,0.6654854712969525,marginal_confidence,1,310.1799929924227
3191,67198_00010,1,0.7138752052545156,marginal_confidence,1,310.1799929924227
3192,67198_00010,2,0.7229702162382701,marginal_confidence,1,310.1799929924227
3193,67198_00010,3,0.8195187165775402,marginal_confidence,1,310.1799929924227
3194,67198_00010,4,0.8195187165775402,marginal_confidence,1,310.1799929924227
3195,67198_00010,5,0.75,marginal_confidence,1,310.1799929924227
3196,67198_00010,6,0.8888888888888888,marginal_confidence,1,310.1799929924227
3197,67198_00010,7,0.8596048759983186,marginal_confidence,1,310.1799929924227
3198,67198_00010,8,0.9811320754716981,marginal_confidence,1,310.1799929924227
3199,67198_00010,9,0.9903846153846154,marginal_confidence,1,310.1799929924227
3200,67198_00010,10,0.95,marginal_confidence,1,310.1799929924227
3201,67198_00010,11,0.9799919967987194,marginal_confidence,1,310.1799929924227
3202,67198_00010,12,0.8611111111111112,marginal_confidence,1,310.1799929924227
3203,67198_00010,13,0.9903846153846154,marginal_confidence,1,310.1799929924227
3204,67198_00010,14,0.9811320754716981,marginal_confidence,1,310.1799929924227
3205,67198_00010,15,0.9903846153846154,marginal_confidence,1,310.1799929924227
3206,67198_00010,16,0.9799919967987194,marginal_confidence,1,310.1799929924227
3207,67198_00010,17,0.9811320754716981,marginal_confidence,1,310.1799929924227
3208,67198_00010,18,0.9811320754716981,marginal_confidence,1,310.1799929924227
3209,67198_00010,19,0.9811320754716981,marginal_confidence,1,310.1799929924227
3210,67198_00010,20,0.9811320754716981,marginal_confidence,1,310.1799929924227
3211,67198_00010,21,0.9903846153846154,marginal_confidence,1,310.1799929924227
3212,67198_00010,22,0.9811320754716981,marginal_confidence,1,310.1799929924227
3213,67198_00010,23,0.9703525641025641,marginal_confidence,1,310.1799929924227
3214,67198_00010,24,0.9703525641025641,marginal_confidence,1,310.1799929924227
3215,67198_00010,25,0.9903846153846154,marginal_confidence,1,310.1799929924227
3216,67198_00010,26,0.9799919967987194,marginal_confidence,1,310.1799929924227
3217,67198_00010,27,0.9799919967987194,marginal_confidence,1,310.1799929924227
3218,67198_00010,28,0.9903846153846154,marginal_confidence,1,310.1799929924227
3219,67198_00010,29,0.9799919967987194,marginal_confidence,1,310.1799929924227
3220,67198_00010,30,0.9703525641025641,marginal_confidence,1,310.1799929924227
3221,67198_00010,31,0.9703525641025641,marginal_confidence,1,310.1799929924227
3222,67198_00010,32,0.9903846153846154,marginal_confidence,1,310.1799929924227
3223,67198_00010,33,0.9799919967987194,marginal_confidence,1,310.1799929924227
3224,67198_00010,34,0.9703525641025641,marginal_confidence,1,310.1799929924227
3225,67198_00010,35,0.9799919967987194,marginal_confidence,1,310.1799929924227
3226,67198_00010,36,0.9799919967987194,marginal_confidence,1,310.1799929924227
3227,67198_00010,37,0.9903846153846154,marginal_confidence,1,310.1799929924227
3228,67198_00010,38,0.9799919967987194,marginal_confidence,1,310.1799929924227
3229,67198_00010,39,0.9799919967987194,marginal_confidence,1,310.1799929924227
3230,67198_00010,40,0.9903846153846154,marginal_confidence,1,310.1799929924227
3231,67198_00010,41,0.9903846153846154,marginal_confidence,1,310.1799929924227
3232,67198_00010,42,0.9903846153846154,marginal_confidence,1,310.1799929924227
3233,67198_00010,43,0.9799919967987194,marginal_confidence,1,310.1799929924227
3234,67198_00010,44,0.9811320754716981,marginal_confidence,1,310.1799929924227
3235,67198_00010,45,0.9799919967987194,marginal_confidence,1,310.1799929924227
3236,67198_00010,46,0.9799919967987194,marginal_confidence,1,310.1799929924227
3237,67198_00010,47,0.9903846153846154,marginal_confidence,1,310.1799929924227
3238,67198_00010,48,0.9799919967987194,marginal_confidence,1,310.1799929924227
3239,67198_00010,49,0.9799919967987194,marginal_confidence,1,310.1799929924227
3240,67198_00010,50,0.9903846153846154,marginal_confidence,1,310.1799929924227
3241,67198_00010,51,0.9903846153846154,marginal_confidence,1,310.1799929924227
3242,67198_00010,52,0.9903846153846154,marginal_confidence,1,310.1799929924227
3243,67198_00010,53,0.9811320754716981,marginal_confidence,1,310.1799929924227
3244,67198_00010,54,0.9799919967987194,marginal_confidence,1,310.1799929924227
3245,67198_00010,55,0.9799919967987194,marginal_confidence,1,310.1799929924227
3246,67198_00010,56,0.9811320754716981,marginal_confidence,1,310.1799929924227
3247,67198_00010,57,0.9903846153846154,marginal_confidence,1,310.1799929924227
3248,67198_00010,58,0.9903846153846154,marginal_confidence,1,310.1799929924227
3249,67198_00010,59,0.9903846153846154,marginal_confidence,1,310.1799929924227
3250,67198_00010,60,0.9799919967987194,marginal_confidence,1,310.1799929924227
3251,67198_00010,61,0.9703525641025641,marginal_confidence,1,310.1799929924227
3252,67198_00010,62,0.9903846153846154,marginal_confidence,1,310.1799929924227
3253,67198_00010,63,0.9703525641025641,marginal_confidence,1,310.1799929924227
3254,67198_00010,64,1.0,marginal_confidence,1,310.1799929924227
3255,67198_00010,65,0.9903846153846154,marginal_confidence,1,310.1799929924227
3256,67198_00010,66,0.9903846153846154,marginal_confidence,1,310.1799929924227
3257,67198_00010,67,0.9799919967987194,marginal_confidence,1,310.1799929924227
3258,67198_00010,68,0.9799919967987194,marginal_confidence,1,310.1799929924227
3259,67198_00010,69,0.9799919967987194,marginal_confidence,1,310.1799929924227
3260,67198_00010,70,0.9703525641025641,marginal_confidence,1,310.1799929924227
3261,67198_00010,71,0.9811320754716981,marginal_confidence,1,310.1799929924227
3262,67198_00010,72,0.9703525641025641,marginal_confidence,1,310.1799929924227
3263,67198_00010,73,0.9799919967987194,marginal_confidence,1,310.1799929924227
3264,67198_00010,74,0.9799919967987194,marginal_confidence,1,310.1799929924227
3265,67198_00010,75,0.9799919967987194,marginal_confidence,1,310.1799929924227
3266,67198_00010,76,0.9703525641025641,marginal_confidence,1,310.1799929924227
3267,67198_00010,77,0.9703525641025641,marginal_confidence,1,310.1799929924227
3268,67198_00010,78,0.9799919967987194,marginal_confidence,1,310.1799929924227
3269,67198_00010,79,0.9903846153846154,marginal_confidence,1,310.1799929924227
3270,67198_00010,80,0.9703525641025641,marginal_confidence,1,310.1799929924227
3271,67198_00010,81,0.9799919967987194,marginal_confidence,1,310.1799929924227
3272,67198_00010,82,0.9799919967987194,marginal_confidence,1,310.1799929924227
3273,67198_00010,83,0.9703525641025641,marginal_confidence,1,310.1799929924227
3274,67198_00010,84,0.9703525641025641,marginal_confidence,1,310.1799929924227
3275,67198_00010,85,0.9799919967987194,marginal_confidence,1,310.1799929924227
3276,67198_00010,86,0.9903846153846154,marginal_confidence,1,310.1799929924227
3277,67198_00010,87,0.9799919967987194,marginal_confidence,1,310.1799929924227
3278,67198_00010,88,0.9903846153846154,marginal_confidence,1,310.1799929924227
3279,67198_00010,89,0.9811320754716981,marginal_confidence,1,310.1799929924227
3280,67198_00010,90,0.9799919967987194,marginal_confidence,1,310.1799929924227
3281,67198_00010,91,0.9799919967987194,marginal_confidence,1,310.1799929924227
3282,67198_00010,92,0.9703525641025641,marginal_confidence,1,310.1799929924227
3283,67198_00010,93,1.0,marginal_confidence,1,310.1799929924227
3284,67198_00010,94,0.9799919967987194,marginal_confidence,1,310.1799929924227
3285,67198_00010,95,0.9799919967987194,marginal_confidence,1,310.1799929924227
3286,67198_00010,96,0.9799919967987194,marginal_confidence,1,310.1799929924227
3287,67198_00010,97,0.9903846153846154,marginal_confidence,1,310.1799929924227
3288,67198_00010,98,0.9703525641025641,marginal_confidence,1,310.1799929924227
3289,67198_00010,99,0.9903846153846154,marginal_confidence,1,310.1799929924227
3290,67198_00010,100,0.9703525641025641,marginal_confidence,1,310.1799929924227
3291,67198_00010,101,0.9703525641025641,marginal_confidence,1,310.1799929924227
3292,67198_00010,102,0.9799919967987194,marginal_confidence,1,310.1799929924227
3293,67198_00010,103,0.9799919967987194,marginal_confidence,1,310.1799929924227
3294,67198_00010,104,0.9903846153846154,marginal_confidence,1,310.1799929924227
3295,67198_00010,105,0.9799919967987194,marginal_confidence,1,310.1799929924227
3296,67198_00010,106,0.9703525641025641,marginal_confidence,1,310.1799929924227
3297,67198_00010,107,0.9811320754716981,marginal_confidence,1,310.1799929924227
3298,67198_00010,108,0.9799919967987194,marginal_confidence,1,310.1799929924227
3299,67198_00010,109,0.9799919967987194,marginal_confidence,1,310.1799929924227
3300,67198_00010,110,0.9799919967987194,marginal_confidence,1,310.1799929924227
3301,67198_00010,111,0.9903846153846154,marginal_confidence,1,310.1799929924227
3302,67198_00010,112,0.9703525641025641,marginal_confidence,1,310.1799929924227
3303,67198_00010,113,0.9799919967987194,marginal_confidence,1,310.1799929924227
3304,67198_00010,114,0.9799919967987194,marginal_confidence,1,310.1799929924227
3305,67198_00010,115,0.9799919967987194,marginal_confidence,1,310.1799929924227
3306,67198_00010,116,0.9799919967987194,marginal_confidence,1,310.1799929924227
3307,67198_00010,117,0.9799919967987194,marginal_confidence,1,310.1799929924227
3308,67198_00010,118,0.9903846153846154,marginal_confidence,1,310.1799929924227
3309,67198_00010,119,0.9799919967987194,marginal_confidence,1,310.1799929924227
3310,67198_00010,120,0.9811320754716981,marginal_confidence,1,310.1799929924227
3311,67198_00010,121,0.9799919967987194,marginal_confidence,1,310.1799929924227
3312,67198_00010,122,0.9799919967987194,marginal_confidence,1,310.1799929924227
3313,67198_00010,123,0.9799919967987194,marginal_confidence,1,310.1799929924227
3314,67198_00010,124,0.9799919967987194,marginal_confidence,1,310.1799929924227
3315,67198_00010,125,0.9703525641025641,marginal_confidence,1,310.1799929924227
3316,67198_00010,126,0.9799919967987194,marginal_confidence,1,310.1799929924227
3317,67198_00010,127,0.9799919967987194,marginal_confidence,1,310.1799929924227
3318,67198_00010,128,0.9799919967987194,marginal_confidence,1,310.1799929924227
3319,67198_00010,129,0.9799919967987194,marginal_confidence,1,310.1799929924227
3320,67198_00010,130,0.9703525641025641,marginal_confidence,1,310.1799929924227
3321,67198_00010,131,0.9799919967987194,marginal_confidence,1,310.1799929924227
3322,67198_00010,132,0.9799919967987194,marginal_confidence,1,310.1799929924227
3323,67198_00010,133,0.9811320754716981,marginal_confidence,1,310.1799929924227
3324,67198_00010,134,0.9799919967987194,marginal_confidence,1,310.1799929924227
3325,67198_00010,135,0.9703525641025641,marginal_confidence,1,310.1799929924227
3326,67198_00010,136,0.9903846153846154,marginal_confidence,1,310.1799929924227
3327,67198_00010,137,0.9799919967987194,marginal_confidence,1,310.1799929924227
3328,67198_00010,138,0.9703525641025641,marginal_confidence,1,310.1799929924227
3329,67198_00010,139,0.9811320754716981,marginal_confidence,1,310.1799929924227
3330,67198_00010,140,0.9703525641025641,marginal_confidence,1,310.1799929924227
3331,67198_00010,141,0.9799919967987194,marginal_confidence,1,310.1799929924227
3332,67198_00010,142,0.9799919967987194,marginal_confidence,1,310.1799929924227
3333,67198_00010,143,0.9703525641025641,marginal_confidence,1,310.1799929924227
3334,67198_00010,144,0.9799919967987194,marginal_confidence,1,310.1799929924227
3335,67198_00010,145,0.9799919967987194,marginal_confidence,1,310.1799929924227
3336,67198_00010,146,0.9799919967987194,marginal_confidence,1,310.1799929924227
3337,67198_00010,147,0.9703525641025641,marginal_confidence,1,310.1799929924227
3338,67198_00010,148,0.9799919967987194,marginal_confidence,1,310.1799929924227
3339,67198_00010,149,0.9799919967987194,marginal_confidence,1,310.1799929924227
3340,67198_00010,150,0.9703525641025641,marginal_confidence,1,310.1799929924227
3341,67198_00010,151,0.9811320754716981,marginal_confidence,1,310.1799929924227
3342,67198_00010,152,0.9903846153846154,marginal_confidence,1,310.1799929924227
3343,67198_00010,153,0.9703525641025641,marginal_confidence,1,310.1799929924227
3344,67198_00010,154,0.9703525641025641,marginal_confidence,1,310.1799929924227
3345,67198_00010,155,0.9703525641025641,marginal_confidence,1,310.1799929924227
3346,67198_00010,156,0.9903846153846154,marginal_confidence,1,310.1799929924227
3347,67198_00010,157,0.9799919967987194,marginal_confidence,1,310.1799929924227
3348,67198_00010,158,0.9799919967987194,marginal_confidence,1,310.1799929924227
3349,67198_00010,159,0.9811320754716981,marginal_confidence,1,310.1799929924227
3350,67198_00010,160,0.9811320754716981,marginal_confidence,1,310.1799929924227
3351,67198_00010,161,0.9799919967987194,marginal_confidence,1,310.1799929924227
3352,67198_00010,162,0.9811320754716981,marginal_confidence,1,310.1799929924227
3353,67198_00010,163,0.9799919967987194,marginal_confidence,1,310.1799929924227
3354,67198_00010,164,0.9799919967987194,marginal_confidence,1,310.1799929924227
3355,67198_00010,165,0.9903846153846154,marginal_confidence,1,310.1799929924227
3356,67198_00010,166,0.9703525641025641,marginal_confidence,1,310.1799929924227
3357,67198_00010,167,0.9811320754716981,marginal_confidence,1,310.1799929924227
3358,67198_00010,168,0.9799919967987194,marginal_confidence,1,310.1799929924227
3359,67198_00010,169,0.9799919967987194,marginal_confidence,1,310.1799929924227
3360,67198_00010,170,0.9903846153846154,marginal_confidence,1,310.1799929924227
3361,67198_00010,171,0.9703525641025641,marginal_confidence,1,310.1799929924227
3362,67198_00010,172,0.9799919967987194,marginal_confidence,1,310.1799929924227
3363,67198_00010,173,0.9903846153846154,marginal_confidence,1,310.1799929924227
3364,67198_00010,174,0.9903846153846154,marginal_confidence,1,310.1799929924227
3365,67198_00010,175,0.9799919967987194,marginal_confidence,1,310.1799929924227
3366,67198_00010,176,0.9799919967987194,marginal_confidence,1,310.1799929924227
3367,67198_00010,177,0.9811320754716981,marginal_confidence,1,310.1799929924227
3368,67198_00010,178,1.0,marginal_confidence,1,310.1799929924227
3369,67198_00010,179,0.9903846153846154,marginal_confidence,1,310.1799929924227
3370,67198_00010,180,0.9799919967987194,marginal_confidence,1,310.1799929924227
3371,67198_00010,181,0.9799919967987194,marginal_confidence,1,310.1799929924227
3372,67198_00010,182,0.9903846153846154,marginal_confidence,1,310.1799929924227
3373,67198_00010,183,0.9799919967987194,marginal_confidence,1,310.1799929924227
3374,67198_00010,184,0.9703525641025641,marginal_confidence,1,310.1799929924227
3375,67198_00010,185,0.9903846153846154,marginal_confidence,1,310.1799929924227
3376,67198_00010,186,0.9799919967987194,marginal_confidence,1,310.1799929924227
3377,67198_00010,187,0.9903846153846154,marginal_confidence,1,310.1799929924227
3378,67198_00010,188,0.9799919967987194,marginal_confidence,1,310.1799929924227
3379,67198_00010,189,0.9703525641025641,marginal_confidence,1,310.1799929924227
3380,67198_00010,190,0.9799919967987194,marginal_confidence,1,310.1799929924227
3381,67198_00010,191,0.9799919967987194,marginal_confidence,1,310.1799929924227
3382,67198_00010,192,0.9799919967987194,marginal_confidence,1,310.1799929924227
3383,67198_00010,193,0.9799919967987194,marginal_confidence,1,310.1799929924227
3384,67198_00010,194,0.9903846153846154,marginal_confidence,1,310.1799929924227
3385,67198_00010,195,0.9903846153846154,marginal_confidence,1,310.1799929924227
3386,67198_00010,196,0.9903846153846154,marginal_confidence,1,310.1799929924227
3387,67198_00010,197,0.9703525641025641,marginal_confidence,1,310.1799929924227
3388,67198_00010,198,0.9703525641025641,marginal_confidence,1,310.1799929924227
3389,67198_00010,199,0.9703525641025641,marginal_confidence,1,310.1799929924227
3390,67198_00010,200,0.9799919967987194,marginal_confidence,1,310.1799929924227
3391,67198_00010,201,0.9799919967987194,marginal_confidence,1,310.1799929924227
3392,67198_00010,202,0.9799919967987194,marginal_confidence,1,310.1799929924227
3393,67198_00010,203,0.9903846153846154,marginal_confidence,1,310.1799929924227
3394,67198_00010,204,0.9703525641025641,marginal_confidence,1,310.1799929924227
3395,67198_00010,205,0.9703525641025641,marginal_confidence,1,310.1799929924227
3396,67198_00010,206,0.9703525641025641,marginal_confidence,1,310.1799929924227
3397,67198_00010,207,0.9703525641025641,marginal_confidence,1,310.1799929924227
3398,67198_00010,208,0.9799919967987194,marginal_confidence,1,310.1799929924227
3399,67198_00010,209,0.9799919967987194,marginal_confidence,1,310.1799929924227
3400,67198_00010,210,0.9703525641025641,marginal_confidence,1,310.1799929924227
3401,67198_00010,211,0.9799919967987194,marginal_confidence,1,310.1799929924227
3402,67198_00010,212,0.9811320754716981,marginal_confidence,1,310.1799929924227
3403,67198_00010,213,0.9903846153846154,marginal_confidence,1,310.1799929924227
3404,67198_00010,214,0.9799919967987194,marginal_confidence,1,310.1799929924227
3405,67198_00010,215,0.9799919967987194,marginal_confidence,1,310.1799929924227
3406,67198_00010,216,0.9903846153846154,marginal_confidence,1,310.1799929924227
3407,67198_00010,217,0.9799919967987194,marginal_confidence,1,310.1799929924227
3408,67198_00010,218,0.9799919967987194,marginal_confidence,1,310.1799929924227
3409,67198_00010,219,0.9703525641025641,marginal_confidence,1,310.1799929924227
3410,67198_00010,220,0.9811320754716981,marginal_confidence,1,310.1799929924227
3411,67198_00010,221,0.9799919967987194,marginal_confidence,1,310.1799929924227
3412,67198_00010,222,0.9799919967987194,marginal_confidence,1,310.1799929924227
3413,67198_00010,223,0.9799919967987194,marginal_confidence,1,310.1799929924227
3414,67198_00010,224,0.9799919967987194,marginal_confidence,1,310.1799929924227
3415,67198_00010,225,0.9799919967987194,marginal_confidence,1,310.1799929924227
3416,67198_00010,226,0.9903846153846154,marginal_confidence,1,310.1799929924227
3417,67198_00010,227,0.9799919967987194,marginal_confidence,1,310.1799929924227
3418,67198_00010,228,0.9903846153846154,marginal_confidence,1,310.1799929924227
3419,67198_00010,229,0.9703525641025641,marginal_confidence,1,310.1799929924227
3420,67198_00010,230,0.9811320754716981,marginal_confidence,1,310.1799929924227
3421,67198_00010,231,0.9703525641025641,marginal_confidence,1,310.1799929924227
3422,67198_00010,232,0.9799919967987194,marginal_confidence,1,310.1799929924227
3423,67198_00010,233,0.9799919967987194,marginal_confidence,1,310.1799929924227
3424,67198_00010,234,0.9799919967987194,marginal_confidence,1,310.1799929924227
3425,67198_00010,235,0.9703525641025641,marginal_confidence,1,310.1799929924227
3426,67198_00010,236,0.9903846153846154,marginal_confidence,1,310.1799929924227
3427,67198_00010,237,0.9903846153846154,marginal_confidence,1,310.1799929924227
3428,67198_00010,238,0.9799919967987194,marginal_confidence,1,310.1799929924227
3429,67198_00010,239,0.9703525641025641,marginal_confidence,1,310.1799929924227
3430,67198_00010,240,0.9703525641025641,marginal_confidence,1,310.1799929924227
3431,67198_00010,241,0.9799919967987194,marginal_confidence,1,310.1799929924227
3432,67198_00010,242,0.9703525641025641,marginal_confidence,1,310.1799929924227
3433,67198_00010,243,0.9799919967987194,marginal_confidence,1,310.1799929924227
3434,67198_00010,244,0.9799919967987194,marginal_confidence,1,310.1799929924227
3435,67198_00010,245,0.9799919967987194,marginal_confidence,1,310.1799929924227
3436,67198_00010,246,0.9799919967987194,marginal_confidence,1,310.1799929924227
3437,67198_00010,247,0.9799919967987194,marginal_confidence,1,310.1799929924227
3438,67198_00010,248,0.9811320754716981,marginal_confidence,1,310.1799929924227
3439,67198_00010,249,0.9799919967987194,marginal_confidence,1,310.1799929924227
3440,67198_00010,250,0.9799919967987194,marginal_confidence,1,310.1799929924227
3441,67198_00010,251,0.9799919967987194,marginal_confidence,1,310.1799929924227
3442,67198_00010,252,0.9811320754716981,marginal_confidence,1,310.1799929924227
3443,67198_00010,253,0.9799919967987194,marginal_confidence,1,310.1799929924227
3444,67198_00010,254,0.9799919967987194,marginal_confidence,1,310.1799929924227
3445,67198_00010,255,0.9799919967987194,marginal_confidence,1,310.1799929924227
3446,67198_00010,256,0.9799919967987194,marginal_confidence,1,310.1799929924227
3447,67198_00010,257,0.9799919967987194,marginal_confidence,1,310.1799929924227
3448,67198_00010,258,0.9799919967987194,marginal_confidence,1,310.1799929924227
3449,67198_00010,259,0.9799919967987194,marginal_confidence,1,310.1799929924227
3450,67198_00010,260,0.9703525641025641,marginal_confidence,1,310.1799929924227
3451,67198_00010,261,0.9799919967987194,marginal_confidence,1,310.1799929924227
3452,67198_00010,262,0.9799919967987194,marginal_confidence,1,310.1799929924227
3453,67198_00010,263,0.9799919967987194,marginal_confidence,1,310.1799929924227
3454,67198_00010,264,0.9799919967987194,marginal_confidence,1,310.1799929924227
3455,67198_00010,265,0.9799919967987194,marginal_confidence,1,310.1799929924227
3456,67198_00010,266,0.9903846153846154,marginal_confidence,1,310.1799929924227
3457,67198_00010,267,0.9811320754716981,marginal_confidence,1,310.1799929924227
3458,67198_00010,268,0.9799919967987194,marginal_confidence,1,310.1799929924227
3459,67198_00010,269,0.9903846153846154,marginal_confidence,1,310.1799929924227
3460,67198_00010,270,0.9799919967987194,marginal_confidence,1,310.1799929924227
3461,67198_00010,271,0.9799919967987194,marginal_confidence,1,310.1799929924227
3462,67198_00010,272,0.9903846153846154,marginal_confidence,1,310.1799929924227
3463,67198_00010,273,0.9811320754716981,marginal_confidence,1,310.1799929924227
3464,67198_00010,274,0.9703525641025641,marginal_confidence,1,310.1799929924227
3465,67198_00010,275,0.9799919967987194,marginal_confidence,1,310.1799929924227
3466,67198_00010,276,0.9799919967987194,marginal_confidence,1,310.1799929924227
3467,67198_00010,277,0.9799919967987194,marginal_confidence,1,310.1799929924227
3468,67198_00010,278,0.9799919967987194,marginal_confidence,1,310.1799929924227
3469,67198_00010,279,0.9799919967987194,marginal_confidence,1,310.1799929924227
3470,67198_00010,280,0.9903846153846154,marginal_confidence,1,310.1799929924227
3471,67198_00010,281,0.9799919967987194,marginal_confidence,1,310.1799929924227
3472,67198_00010,282,0.9903846153846154,marginal_confidence,1,310.1799929924227
3473,67198_00010,283,0.9799919967987194,marginal_confidence,1,310.1799929924227
3474,67198_00010,284,0.9703525641025641,marginal_confidence,1,310.1799929924227
3475,67198_00010,285,0.9799919967987194,marginal_confidence,1,310.1799929924227
3476,67198_00010,286,0.9799919967987194,marginal_confidence,1,310.1799929924227
3477,67198_00010,287,0.9799919967987194,marginal_confidence,1,310.1799929924227
3478,67198_00010,288,0.9799919967987194,marginal_confidence,1,310.1799929924227
3479,67198_00010,289,0.9903846153846154,marginal_confidence,1,310.1799929924227
3480,67198_00010,290,0.9799919967987194,marginal_confidence,1,310.1799929924227
3481,67198_00010,291,0.9799919967987194,marginal_confidence,1,310.1799929924227
3482,67198_00010,292,0.9799919967987194,marginal_confidence,1,310.1799929924227
3483,67198_00010,293,0.9903846153846154,marginal_confidence,1,310.1799929924227
3484,67198_00010,294,0.9703525641025641,marginal_confidence,1,310.1799929924227
3485,67198_00010,295,0.9799919967987194,marginal_confidence,1,310.1799929924227
3486,67198_00010,296,0.9799919967987194,marginal_confidence,1,310.1799929924227
3487,67198_00010,297,0.9811320754716981,marginal_confidence,1,310.1799929924227
3488,67198_00010,298,0.9799919967987194,marginal_confidence,1,310.1799929924227
3489,67198_00010,299,0.9703525641025641,marginal_confidence,1,310.1799929924227
3490,67198_00010,300,0.9799919967987194,marginal_confidence,1,310.1799929924227
3491,67198_00010,301,0.9799919967987194,marginal_confidence,1,310.1799929924227
3492,67198_00010,302,0.9799919967987194,marginal_confidence,1,310.1799929924227
3493,67198_00010,303,0.9799919967987194,marginal_confidence,1,310.1799929924227
3494,67198_00010,304,0.9799919967987194,marginal_confidence,1,310.1799929924227
3495,67198_00010,305,0.9799919967987194,marginal_confidence,1,310.1799929924227
3496,67198_00010,306,0.9799919967987194,marginal_confidence,1,310.1799929924227
3497,67198_00010,307,0.9799919967987194,marginal_confidence,1,310.1799929924227
3498,67198_00010,308,0.9799919967987194,marginal_confidence,1,310.1799929924227
3499,67198_00010,309,0.9903846153846154,marginal_confidence,1,310.1799929924227
3500,67198_00010,310,0.9799919967987194,marginal_confidence,1,310.1799929924227
3501,67198_00010,311,0.9703525641025641,marginal_confidence,1,310.1799929924227
3502,67198_00010,312,0.9811320754716981,marginal_confidence,1,310.1799929924227
3503,67198_00010,313,0.9799919967987194,marginal_confidence,1,310.1799929924227
3504,67198_00010,314,0.9799919967987194,marginal_confidence,1,310.1799929924227
3505,67198_00010,315,0.9799919967987194,marginal_confidence,1,310.1799929924227
3506,67198_00010,316,0.9703525641025641,marginal_confidence,1,310.1799929924227
3507,67198_00010,317,0.9703525641025641,marginal_confidence,1,310.1799929924227
3508,67198_00010,318,0.9703525641025641,marginal_confidence,1,310.1799929924227
3509,67198_00011,0,0.42371323529411764,marginal_confidence,2,316.6379233010467
3510,67198_00011,1,0.8642857142857143,marginal_confidence,2,316.6379233010467
3511,67198_00011,2,0.7816091954022988,marginal_confidence,2,316.6379233010467
3512,67198_00011,3,0.8430574400723654,marginal_confidence,2,316.6379233010467
3513,67198_00011,4,1.0,marginal_confidence,2,316.6379233010467
3514,67198_00011,5,1.0,marginal_confidence,2,316.6379233010467
3515,67198_00011,6,0.9553571428571428,marginal_confidence,2,316.6379233010467
3516,67198_00011,7,0.890224358974359,marginal_confidence,2,316.6379233010467
3517,67198_00011,8,0.79,marginal_confidence,2,316.6379233010467
3518,67198_00011,9,0.9319645732689211,marginal_confidence,2,316.6379233010467
3519,67198_00011,10,0.9803921568627452,marginal_confidence,2,316.6379233010467
3520,67198_00011,11,1.0,marginal_confidence,2,316.6379233010467
3521,67198_00011,12,0.9434343434343434,marginal_confidence,2,316.6379233010467
3522,67198_00011,13,1.0,marginal_confidence,2,316.6379233010467
3523,67198_00011,14,1.0,marginal_confidence,2,316.6379233010467
3524,67198_00011,15,1.0,marginal_confidence,2,316.6379233010467
3525,67198_00011,16,1.0,marginal_confidence,2,316.6379233010467
3526,67198_00011,17,0.9553571428571428,marginal_confidence,2,316.6379233010467
3527,67198_00011,18,1.0,marginal_confidence,2,316.6379233010467
3528,67198_00011,19,1.0,marginal_confidence,2,316.6379233010467
3529,67198_00011,20,0.9903846153846154,marginal_confidence,2,316.6379233010467
3530,67198_00011,21,1.0,marginal_confidence,2,316.6379233010467
3531,67198_00011,22,1.0,marginal_confidence,2,316.6379233010467
3532,67198_00011,23,1.0,marginal_confidence,2,316.6379233010467
3533,67198_00011,24,1.0,marginal_confidence,2,316.6379233010467
3534,67198_00011,25,1.0,marginal_confidence,2,316.6379233010467
3535,67198_00011,26,1.0,marginal_confidence,2,316.6379233010467
3536,67198_00011,27,1.0,marginal_confidence,2,316.6379233010467
3537,67198_00011,28,1.0,marginal_confidence,2,316.6379233010467
3538,67198_00011,29,1.0,marginal_confidence,2,316.6379233010467
3539,67198_00011,30,1.0,marginal_confidence,2,316.6379233010467
3540,67198_00011,31,1.0,marginal_confidence,2,316.6379233010467
3541,67198_00011,32,1.0,marginal_confidence,2,316.6379233010467
3542,67198_00011,33,1.0,marginal_confidence,2,316.6379233010467
3543,67198_00011,34,1.0,marginal_confidence,2,316.6379233010467
3544,67198_00011,35,1.0,marginal_confidence,2,316.6379233010467
3545,67198_00011,36,1.0,marginal_confidence,2,316.6379233010467
3546,67198_00011,37,1.0,marginal_confidence,2,316.6379233010467
3547,67198_00011,38,1.0,marginal_confidence,2,316.6379233010467
3548,67198_00011,39,1.0,marginal_confidence,2,316.6379233010467
3549,67198_00011,40,1.0,marginal_confidence,2,316.6379233010467
3550,67198_00011,41,1.0,marginal_confidence,2,316.6379233010467
3551,67198_00011,42,1.0,marginal_confidence,2,316.6379233010467
3552,67198_00011,43,1.0,marginal_confidence,2,316.6379233010467
3553,67198_00011,44,1.0,marginal_confidence,2,316.6379233010467
3554,67198_00011,45,1.0,marginal_confidence,2,316.6379233010467
3555,67198_00011,46,1.0,marginal_confidence,2,316.6379233010467
3556,67198_00011,47,1.0,marginal_confidence,2,316.6379233010467
3557,67198_00011,48,1.0,marginal_confidence,2,316.6379233010467
3558,67198_00011,49,1.0,marginal_confidence,2,316.6379233010467
3559,67198_00011,50,1.0,marginal_confidence,2,316.6379233010467
3560,67198_00011,51,1.0,marginal_confidence,2,316.6379233010467
3561,67198_00011,52,1.0,marginal_confidence,2,316.6379233010467
3562,67198_00011,53,1.0,marginal_confidence,2,316.6379233010467
3563,67198_00011,54,1.0,marginal_confidence,2,316.6379233010467
3564,67198_00011,55,1.0,marginal_confidence,2,316.6379233010467
3565,67198_00011,56,1.0,marginal_confidence,2,316.6379233010467
3566,67198_00011,57,1.0,marginal_confidence,2,316.6379233010467
3567,67198_00011,58,1.0,marginal_confidence,2,316.6379233010467
3568,67198_00011,59,1.0,marginal_confidence,2,316.6379233010467
3569,67198_00011,60,1.0,marginal_confidence,2,316.6379233010467
3570,67198_00011,61,1.0,marginal_confidence,2,316.6379233010467
3571,67198_00011,62,1.0,marginal_confidence,2,316.6379233010467
3572,67198_00011,63,1.0,marginal_confidence,2,316.6379233010467
3573,67198_00011,64,1.0,marginal_confidence,2,316.6379233010467
3574,67198_00011,65,1.0,marginal_confidence,2,316.6379233010467
3575,67198_00011,66,1.0,marginal_confidence,2,316.6379233010467
3576,67198_00011,67,1.0,marginal_confidence,2,316.6379233010467
3577,67198_00011,68,1.0,marginal_confidence,2,316.6379233010467
3578,67198_00011,69,1.0,marginal_confidence,2,316.6379233010467
3579,67198_00011,70,1.0,marginal_confidence,2,316.6379233010467
3580,67198_00011,71,1.0,marginal_confidence,2,316.6379233010467
3581,67198_00011,72,1.0,marginal_confidence,2,316.6379233010467
3582,67198_00011,73,1.0,marginal_confidence,2,316.6379233010467
3583,67198_00011,74,1.0,marginal_confidence,2,316.6379233010467
3584,67198_00011,75,1.0,marginal_confidence,2,316.6379233010467
3585,67198_00011,76,1.0,marginal_confidence,2,316.6379233010467
3586,67198_00011,77,1.0,marginal_confidence,2,316.6379233010467
3587,67198_00011,78,1.0,marginal_confidence,2,316.6379233010467
3588,67198_00011,79,1.0,marginal_confidence,2,316.6379233010467
3589,67198_00011,80,1.0,marginal_confidence,2,316.6379233010467
3590,67198_00011,81,1.0,marginal_confidence,2,316.6379233010467
3591,67198_00011,82,1.0,marginal_confidence,2,316.6379233010467
3592,67198_00011,83,1.0,marginal_confidence,2,316.6379233010467
3593,67198_00011,84,1.0,marginal_confidence,2,316.6379233010467
3594,67198_00011,85,1.0,marginal_confidence,2,316.6379233010467
3595,67198_00011,86,1.0,marginal_confidence,2,316.6379233010467
3596,67198_00011,87,1.0,marginal_confidence,2,316.6379233010467
3597,67198_00011,88,1.0,marginal_confidence,2,316.6379233010467
3598,67198_00011,89,1.0,marginal_confidence,2,316.6379233010467
3599,67198_00011,90,1.0,marginal_confidence,2,316.6379233010467
3600,67198_00011,91,1.0,marginal_confidence,2,316.6379233010467
3601,67198_00011,92,1.0,marginal_confidence,2,316.6379233010467
3602,67198_00011,93,1.0,marginal_confidence,2,316.6379233010467
3603,67198_00011,94,1.0,marginal_confidence,2,316.6379233010467
3604,67198_00011,95,1.0,marginal_confidence,2,316.6379233010467
3605,67198_00011,96,1.0,marginal_confidence,2,316.6379233010467
3606,67198_00011,97,1.0,marginal_confidence,2,316.6379233010467
3607,67198_00011,98,1.0,marginal_confidence,2,316.6379233010467
3608,67198_00011,99,1.0,marginal_confidence,2,316.6379233010467
3609,67198_00011,100,1.0,marginal_confidence,2,316.6379233010467
3610,67198_00011,101,1.0,marginal_confidence,2,316.6379233010467
3611,67198_00011,102,1.0,marginal_confidence,2,316.6379233010467
3612,67198_00011,103,1.0,marginal_confidence,2,316.6379233010467
3613,67198_00011,104,1.0,marginal_confidence,2,316.6379233010467
3614,67198_00011,105,1.0,marginal_confidence,2,316.6379233010467
3615,67198_00011,106,1.0,marginal_confidence,2,316.6379233010467
3616,67198_00011,107,1.0,marginal_confidence,2,316.6379233010467
3617,67198_00011,108,1.0,marginal_confidence,2,316.6379233010467
3618,67198_00011,109,1.0,marginal_confidence,2,316.6379233010467
3619,67198_00011,110,1.0,marginal_confidence,2,316.6379233010467
3620,67198_00011,111,1.0,marginal_confidence,2,316.6379233010467
3621,67198_00011,112,1.0,marginal_confidence,2,316.6379233010467
3622,67198_00011,113,1.0,marginal_confidence,2,316.6379233010467
3623,67198_00011,114,1.0,marginal_confidence,2,316.6379233010467
3624,67198_00011,115,1.0,marginal_confidence,2,316.6379233010467
3625,67198_00011,116,1.0,marginal_confidence,2,316.6379233010467
3626,67198_00011,117,1.0,marginal_confidence,2,316.6379233010467
3627,67198_00011,118,1.0,marginal_confidence,2,316.6379233010467
3628,67198_00011,119,1.0,marginal_confidence,2,316.6379233010467
3629,67198_00011,120,1.0,marginal_confidence,2,316.6379233010467
3630,67198_00011,121,1.0,marginal_confidence,2,316.6379233010467
3631,67198_00011,122,1.0,marginal_confidence,2,316.6379233010467
3632,67198_00011,123,1.0,marginal_confidence,2,316.6379233010467
3633,67198_00011,124,1.0,marginal_confidence,2,316.6379233010467
3634,67198_00011,125,1.0,marginal_confidence,2,316.6379233010467
3635,67198_00011,126,1.0,marginal_confidence,2,316.6379233010467
3636,67198_00011,127,1.0,marginal_confidence,2,316.6379233010467
3637,67198_00011,128,1.0,marginal_confidence,2,316.6379233010467
3638,67198_00011,129,1.0,marginal_confidence,2,316.6379233010467
3639,67198_00011,130,1.0,marginal_confidence,2,316.6379233010467
3640,67198_00011,131,1.0,marginal_confidence,2,316.6379233010467
3641,67198_00011,132,1.0,marginal_confidence,2,316.6379233010467
3642,67198_00011,133,1.0,marginal_confidence,2,316.6379233010467
3643,67198_00011,134,1.0,marginal_confidence,2,316.6379233010467
3644,67198_00011,135,1.0,marginal_confidence,2,316.6379233010467
3645,67198_00011,136,1.0,marginal_confidence,2,316.6379233010467
3646,67198_00011,137,1.0,marginal_confidence,2,316.6379233010467
3647,67198_00011,138,1.0,marginal_confidence,2,316.6379233010467
3648,67198_00011,139,1.0,marginal_confidence,2,316.6379233010467
3649,67198_00011,140,1.0,marginal_confidence,2,316.6379233010467
3650,67198_00011,141,1.0,marginal_confidence,2,316.6379233010467
3651,67198_00011,142,1.0,marginal_confidence,2,316.6379233010467
3652,67198_00011,143,1.0,marginal_confidence,2,316.6379233010467
3653,67198_00011,144,1.0,marginal_confidence,2,316.6379233010467
3654,67198_00011,145,1.0,marginal_confidence,2,316.6379233010467
3655,67198_00011,146,1.0,marginal_confidence,2,316.6379233010467
3656,67198_00011,147,1.0,marginal_confidence,2,316.6379233010467
3657,67198_00011,148,1.0,marginal_confidence,2,316.6379233010467
3658,67198_00011,149,1.0,marginal_confidence,2,316.6379233010467
3659,67198_00011,150,1.0,marginal_confidence,2,316.6379233010467
3660,67198_00011,151,1.0,marginal_confidence,2,316.6379233010467
3661,67198_00011,152,1.0,marginal_confidence,2,316.6379233010467
3662,67198_00011,153,1.0,marginal_confidence,2,316.6379233010467
3663,67198_00011,154,1.0,marginal_confidence,2,316.6379233010467
3664,67198_00011,155,1.0,marginal_confidence,2,316.6379233010467
3665,67198_00011,156,1.0,marginal_confidence,2,316.6379233010467
3666,67198_00011,157,1.0,marginal_confidence,2,316.6379233010467
3667,67198_00011,158,1.0,marginal_confidence,2,316.6379233010467
3668,67198_00011,159,1.0,marginal_confidence,2,316.6379233010467
3669,67198_00011,160,1.0,marginal_confidence,2,316.6379233010467
3670,67198_00011,161,1.0,marginal_confidence,2,316.6379233010467
3671,67198_00011,162,1.0,marginal_confidence,2,316.6379233010467
3672,67198_00011,163,1.0,marginal_confidence,2,316.6379233010467
3673,67198_00011,164,1.0,marginal_confidence,2,316.6379233010467
3674,67198_00011,165,1.0,marginal_confidence,2,316.6379233010467
3675,67198_00011,166,1.0,marginal_confidence,2,316.6379233010467
3676,67198_00011,167,1.0,marginal_confidence,2,316.6379233010467
3677,67198_00011,168,1.0,marginal_confidence,2,316.6379233010467
3678,67198_00011,169,1.0,marginal_confidence,2,316.6379233010467
3679,67198_00011,170,1.0,marginal_confidence,2,316.6379233010467
3680,67198_00011,171,1.0,marginal_confidence,2,316.6379233010467
3681,67198_00011,172,1.0,marginal_confidence,2,316.6379233010467
3682,67198_00011,173,1.0,marginal_confidence,2,316.6379233010467
3683,67198_00011,174,1.0,marginal_confidence,2,316.6379233010467
3684,67198_00011,175,1.0,marginal_confidence,2,316.6379233010467
3685,67198_00011,176,1.0,marginal_confidence,2,316.6379233010467
3686,67198_00011,177,1.0,marginal_confidence,2,316.6379233010467
3687,67198_00011,178,1.0,marginal_confidence,2,316.6379233010467
3688,67198_00011,179,1.0,marginal_confidence,2,316.6379233010467
3689,67198_00011,180,1.0,marginal_confidence,2,316.6379233010467
3690,67198_00011,181,1.0,marginal_confidence,2,316.6379233010467
3691,67198_00011,182,1.0,marginal_confidence,2,316.6379233010467
3692,67198_00011,183,1.0,marginal_confidence,2,316.6379233010467
3693,67198_00011,184,1.0,marginal_confidence,2,316.6379233010467
3694,67198_00011,185,1.0,marginal_confidence,2,316.6379233010467
3695,67198_00011,186,1.0,marginal_confidence,2,316.6379233010467
3696,67198_00011,187,1.0,marginal_confidence,2,316.6379233010467
3697,67198_00011,188,1.0,marginal_confidence,2,316.6379233010467
3698,67198_00011,189,1.0,marginal_confidence,2,316.6379233010467
3699,67198_00011,190,1.0,marginal_confidence,2,316.6379233010467
3700,67198_00011,191,1.0,marginal_confidence,2,316.6379233010467
3701,67198_00011,192,1.0,marginal_confidence,2,316.6379233010467
3702,67198_00011,193,1.0,marginal_confidence,2,316.6379233010467
3703,67198_00011,194,1.0,marginal_confidence,2,316.6379233010467
3704,67198_00011,195,1.0,marginal_confidence,2,316.6379233010467
3705,67198_00011,196,1.0,marginal_confidence,2,316.6379233010467
3706,67198_00011,197,1.0,marginal_confidence,2,316.6379233010467
3707,67198_00011,198,1.0,marginal_confidence,2,316.6379233010467
3708,67198_00011,199,1.0,marginal_confidence,2,316.6379233010467
3709,67198_00011,200,1.0,marginal_confidence,2,316.6379233010467
3710,67198_00011,201,1.0,marginal_confidence,2,316.6379233010467
3711,67198_00011,202,1.0,marginal_confidence,2,316.6379233010467
3712,67198_00011,203,1.0,marginal_confidence,2,316.6379233010467
3713,67198_00011,204,1.0,marginal_confidence,2,316.6379233010467
3714,67198_00011,205,1.0,marginal_confidence,2,316.6379233010467
3715,67198_00011,206,1.0,marginal_confidence,2,316.6379233010467
3716,67198_00011,207,1.0,marginal_confidence,2,316.6379233010467
3717,67198_00011,208,1.0,marginal_confidence,2,316.6379233010467
3718,67198_00011,209,1.0,marginal_confidence,2,316.6379233010467
3719,67198_00011,210,1.0,marginal_confidence,2,316.6379233010467
3720,67198_00011,211,1.0,marginal_confidence,2,316.6379233010467
3721,67198_00011,212,1.0,marginal_confidence,2,316.6379233010467
3722,67198_00011,213,1.0,marginal_confidence,2,316.6379233010467
3723,67198_00011,214,1.0,marginal_confidence,2,316.6379233010467
3724,67198_00011,215,1.0,marginal_confidence,2,316.6379233010467
3725,67198_00011,216,1.0,marginal_confidence,2,316.6379233010467
3726,67198_00011,217,1.0,marginal_confidence,2,316.6379233010467
3727,67198_00011,218,1.0,marginal_confidence,2,316.6379233010467
3728,67198_00011,219,1.0,marginal_confidence,2,316.6379233010467
3729,67198_00011,220,1.0,marginal_confidence,2,316.6379233010467
3730,67198_00011,221,1.0,marginal_confidence,2,316.6379233010467
3731,67198_00011,222,1.0,marginal_confidence,2,316.6379233010467
3732,67198_00011,223,1.0,marginal_confidence,2,316.6379233010467
3733,67198_00011,224,1.0,marginal_confidence,2,316.6379233010467
3734,67198_00011,225,1.0,marginal_confidence,2,316.6379233010467
3735,67198_00011,226,1.0,marginal_confidence,2,316.6379233010467
3736,67198_00011,227,1.0,marginal_confidence,2,316.6379233010467
3737,67198_00011,228,1.0,marginal_confidence,2,316.6379233010467
3738,67198_00011,229,1.0,marginal_confidence,2,316.6379233010467
3739,67198_00011,230,1.0,marginal_confidence,2,316.6379233010467
3740,67198_00011,231,1.0,marginal_confidence,2,316.6379233010467
3741,67198_00011,232,1.0,marginal_confidence,2,316.6379233010467
3742,67198_00011,233,1.0,marginal_confidence,2,316.6379233010467
3743,67198_00011,234,1.0,marginal_confidence,2,316.6379233010467
3744,67198_00011,235,1.0,marginal_confidence,2,316.6379233010467
3745,67198_00011,236,1.0,marginal_confidence,2,316.6379233010467
3746,67198_00011,237,1.0,marginal_confidence,2,316.6379233010467
3747,67198_00011,238,1.0,marginal_confidence,2,316.6379233010467
3748,67198_00011,239,1.0,marginal_confidence,2,316.6379233010467
3749,67198_00011,240,1.0,marginal_confidence,2,316.6379233010467
3750,67198_00011,241,1.0,marginal_confidence,2,316.6379233010467
3751,67198_00011,242,1.0,marginal_confidence,2,316.6379233010467
3752,67198_00011,243,1.0,marginal_confidence,2,316.6379233010467
3753,67198_00011,244,1.0,marginal_confidence,2,316.6379233010467
3754,67198_00011,245,1.0,marginal_confidence,2,316.6379233010467
3755,67198_00011,246,1.0,marginal_confidence,2,316.6379233010467
3756,67198_00011,247,1.0,marginal_confidence,2,316.6379233010467
3757,67198_00011,248,1.0,marginal_confidence,2,316.6379233010467
3758,67198_00011,249,1.0,marginal_confidence,2,316.6379233010467
3759,67198_00011,250,1.0,marginal_confidence,2,316.6379233010467
3760,67198_00011,251,1.0,marginal_confidence,2,316.6379233010467
3761,67198_00011,252,1.0,marginal_confidence,2,316.6379233010467
3762,67198_00011,253,1.0,marginal_confidence,2,316.6379233010467
3763,67198_00011,254,1.0,marginal_confidence,2,316.6379233010467
3764,67198_00011,255,1.0,marginal_confidence,2,316.6379233010467
3765,67198_00011,256,1.0,marginal_confidence,2,316.6379233010467
3766,67198_00011,257,1.0,marginal_confidence,2,316.6379233010467
3767,67198_00011,258,1.0,marginal_confidence,2,316.6379233010467
3768,67198_00011,259,1.0,marginal_confidence,2,316.6379233010467
3769,67198_00011,260,1.0,marginal_confidence,2,316.6379233010467
3770,67198_00011,261,1.0,marginal_confidence,2,316.6379233010467
3771,67198_00011,262,1.0,marginal_confidence,2,316.6379233010467
3772,67198_00011,263,1.0,marginal_confidence,2,316.6379233010467
3773,67198_00011,264,1.0,marginal_confidence,2,316.6379233010467
3774,67198_00011,265,1.0,marginal_confidence,2,316.6379233010467
3775,67198_00011,266,1.0,marginal_confidence,2,316.6379233010467
3776,67198_00011,267,1.0,marginal_confidence,2,316.6379233010467
3777,67198_00011,268,1.0,marginal_confidence,2,316.6379233010467
3778,67198_00011,269,1.0,marginal_confidence,2,316.6379233010467
3779,67198_00011,270,1.0,marginal_confidence,2,316.6379233010467
3780,67198_00011,271,1.0,marginal_confidence,2,316.6379233010467
3781,67198_00011,272,1.0,marginal_confidence,2,316.6379233010467
3782,67198_00011,273,1.0,marginal_confidence,2,316.6379233010467
3783,67198_00011,274,1.0,marginal_confidence,2,316.6379233010467
3784,67198_00011,275,1.0,marginal_confidence,2,316.6379233010467
3785,67198_00011,276,1.0,marginal_confidence,2,316.6379233010467
3786,67198_00011,277,1.0,marginal_confidence,2,316.6379233010467
3787,67198_00011,278,1.0,marginal_confidence,2,316.6379233010467
3788,67198_00011,279,1.0,marginal_confidence,2,316.6379233010467
3789,67198_00011,280,1.0,marginal_confidence,2,316.6379233010467
3790,67198_00011,281,1.0,marginal_confidence,2,316.6379233010467
3791,67198_00011,282,1.0,marginal_confidence,2,316.6379233010467
3792,67198_00011,283,1.0,marginal_confidence,2,316.6379233010467
3793,67198_00011,284,1.0,marginal_confidence,2,316.6379233010467
3794,67198_00011,285,1.0,marginal_confidence,2,316.6379233010467
3795,67198_00011,286,1.0,marginal_confidence,2,316.6379233010467
3796,67198_00011,287,1.0,marginal_confidence,2,316.6379233010467
3797,67198_00011,288,1.0,marginal_confidence,2,316.6379233010467
3798,67198_00011,289,1.0,marginal_confidence,2,316.6379233010467
3799,67198_00011,290,1.0,marginal_confidence,2,316.6379233010467
3800,67198_00011,291,1.0,marginal_confidence,2,316.6379233010467
3801,67198_00011,292,1.0,marginal_confidence,2,316.6379233010467
3802,67198_00011,293,1.0,marginal_confidence,2,316.6379233010467
3803,67198_00011,294,1.0,marginal_confidence,2,316.6379233010467
3804,67198_00011,295,1.0,marginal_confidence,2,316.6379233010467
3805,67198_00011,296,1.0,marginal_confidence,2,316.6379233010467
3806,67198_00011,297,1.0,marginal_confidence,2,316.6379233010467
3807,67198_00011,298,1.0,marginal_confidence,2,316.6379233010467
3808,67198_00011,299,1.0,marginal_confidence,2,316.6379233010467
3809,67198_00011,300,1.0,marginal_confidence,2,316.6379233010467
3810,67198_00011,301,1.0,marginal_confidence,2,316.6379233010467
3811,67198_00011,302,1.0,marginal_confidence,2,316.6379233010467
3812,67198_00011,303,1.0,marginal_confidence,2,316.6379233010467
3813,67198_00011,304,1.0,marginal_confidence,2,316.6379233010467
3814,67198_00011,305,1.0,marginal_confidence,2,316.6379233010467
3815,67198_00011,306,1.0,marginal_confidence,2,316.6379233010467
3816,67198_00011,307,1.0,marginal_confidence,2,316.6379233010467
3817,67198_00011,308,1.0,marginal_confidence,2,316.6379233010467
3818,67198_00011,309,1.0,marginal_confidence,2,316.6379233010467
3819,67198_00011,310,1.0,marginal_confidence,2,316.6379233010467
3820,67198_00011,311,1.0,marginal_confidence,2,316.6379233010467
3821,67198_00011,312,1.0,marginal_confidence,2,316.6379233010467
3822,67198_00011,313,1.0,marginal_confidence,2,316.6379233010467
3823,67198_00011,314,1.0,marginal_confidence,2,316.6379233010467
3824,67198_00011,315,1.0,marginal_confidence,2,316.6379233010467
3825,67198_00011,316,1.0,marginal_confidence,2,316.6379233010467
3826,67198_00011,317,1.0,marginal_confidence,2,316.6379233010467
3827,67198_00011,318,1.0,marginal_confidence,2,316.6379233010467
3828,67198_00012,0,0.7712765957446808,marginal_confidence,3,312.7235083575239
3829,67198_00012,1,0.51,marginal_confidence,3,312.7235083575239
3830,67198_00012,2,0.5311542390194075,marginal_confidence,3,312.7235083575239
3831,67198_00012,3,0.8370279146141215,marginal_confidence,3,312.7235083575239
3832,67198_00012,4,0.9047619047619048,marginal_confidence,3,312.7235083575239
3833,67198_00012,5,0.8695652173913043,marginal_confidence,3,312.7235083575239
3834,67198_00012,6,0.9047619047619048,marginal_confidence,3,312.7235083575239
3835,67198_00012,7,0.9047619047619048,marginal_confidence,3,312.7235083575239
3836,67198_00012,8,0.8984375,marginal_confidence,3,312.7235083575239
3837,67198_00012,9,0.8370279146141215,marginal_confidence,3,312.7235083575239
3838,67198_00012,10,0.9047619047619048,marginal_confidence,3,312.7235083575239
3839,67198_00012,11,0.8984375,marginal_confidence,3,312.7235083575239
3840,67198_00012,12,0.9047619047619048,marginal_confidence,3,312.7235083575239
3841,67198_00012,13,0.8984375,marginal_confidence,3,312.7235083575239
3842,67198_00012,14,0.9903846153846154,marginal_confidence,3,312.7235083575239
3843,67198_00012,15,0.9903846153846154,marginal_confidence,3,312.7235083575239
3844,67198_00012,16,0.9553571428571428,marginal_confidence,3,312.7235083575239
3845,67198_00012,17,0.9903846153846154,marginal_confidence,3,312.7235083575239
3846,67198_00012,18,0.9903846153846154,marginal_confidence,3,312.7235083575239
3847,67198_00012,19,0.9903846153846154,marginal_confidence,3,312.7235083575239
3848,67198_00012,20,0.9903846153846154,marginal_confidence,3,312.7235083575239
3849,67198_00012,21,0.9903846153846154,marginal_confidence,3,312.7235083575239
3850,67198_00012,22,0.9903846153846154,marginal_confidence,3,312.7235083575239
3851,67198_00012,23,0.9903846153846154,marginal_confidence,3,312.7235083575239
3852,67198_00012,24,0.9903846153846154,marginal_confidence,3,312.7235083575239
3853,67198_00012,25,0.99,marginal_confidence,3,312.7235083575239
3854,67198_00012,26,0.9903846153846154,marginal_confidence,3,312.7235083575239
3855,67198_00012,27,0.9903846153846154,marginal_confidence,3,312.7235083575239
3856,67198_00012,28,0.9903846153846154,marginal_confidence,3,312.7235083575239
3857,67198_00012,29,0.9903846153846154,marginal_confidence,3,312.7235083575239
3858,67198_00012,30,0.9903846153846154,marginal_confidence,3,312.7235083575239
3859,67198_00012,31,0.9903846153846154,marginal_confidence,3,312.7235083575239
3860,67198_00012,32,0.9803921568627452,marginal_confidence,3,312.7235083575239
3861,67198_00012,33,0.9903846153846154,marginal_confidence,3,312.7235083575239
3862,67198_00012,34,0.9903846153846154,marginal_confidence,3,312.7235083575239
3863,67198_00012,35,0.9903846153846154,marginal_confidence,3,312.7235083575239
3864,67198_00012,36,0.9903846153846154,marginal_confidence,3,312.7235083575239
3865,67198_00012,37,0.9903846153846154,marginal_confidence,3,312.7235083575239
3866,67198_00012,38,0.9903846153846154,marginal_confidence,3,312.7235083575239
3867,67198_00012,39,0.9903846153846154,marginal_confidence,3,312.7235083575239
3868,67198_00012,40,0.9903846153846154,marginal_confidence,3,312.7235083575239
3869,67198_00012,41,0.9903846153846154,marginal_confidence,3,312.7235083575239
3870,67198_00012,42,0.9903846153846154,marginal_confidence,3,312.7235083575239
3871,67198_00012,43,0.9903846153846154,marginal_confidence,3,312.7235083575239
3872,67198_00012,44,0.9903846153846154,marginal_confidence,3,312.7235083575239
3873,67198_00012,45,0.9903846153846154,marginal_confidence,3,312.7235083575239
3874,67198_00012,46,0.9903846153846154,marginal_confidence,3,312.7235083575239
3875,67198_00012,47,1.0,marginal_confidence,3,312.7235083575239
3876,67198_00012,48,0.9903846153846154,marginal_confidence,3,312.7235083575239
3877,67198_00012,49,0.9903846153846154,marginal_confidence,3,312.7235083575239
3878,67198_00012,50,0.9799919967987194,marginal_confidence,3,312.7235083575239
3879,67198_00012,51,0.9903846153846154,marginal_confidence,3,312.7235083575239
3880,67198_00012,52,0.9903846153846154,marginal_confidence,3,312.7235083575239
3881,67198_00012,53,0.9903846153846154,marginal_confidence,3,312.7235083575239
3882,67198_00012,54,0.9903846153846154,marginal_confidence,3,312.7235083575239
3883,67198_00012,55,0.9903846153846154,marginal_confidence,3,312.7235083575239
3884,67198_00012,56,0.9903846153846154,marginal_confidence,3,312.7235083575239
3885,67198_00012,57,0.9903846153846154,marginal_confidence,3,312.7235083575239
3886,67198_00012,58,0.9903846153846154,marginal_confidence,3,312.7235083575239
3887,67198_00012,59,0.9903846153846154,marginal_confidence,3,312.7235083575239
3888,67198_00012,60,0.9903846153846154,marginal_confidence,3,312.7235083575239
3889,67198_00012,61,0.9903846153846154,marginal_confidence,3,312.7235083575239
3890,67198_00012,62,0.9903846153846154,marginal_confidence,3,312.7235083575239
3891,67198_00012,63,0.9903846153846154,marginal_confidence,3,312.7235083575239
3892,67198_00012,64,0.9903846153846154,marginal_confidence,3,312.7235083575239
3893,67198_00012,65,0.9903846153846154,marginal_confidence,3,312.7235083575239
3894,67198_00012,66,0.9903846153846154,marginal_confidence,3,312.7235083575239
3895,67198_00012,67,0.9903846153846154,marginal_confidence,3,312.7235083575239
3896,67198_00012,68,0.9903846153846154,marginal_confidence,3,312.7235083575239
3897,67198_00012,69,0.9903846153846154,marginal_confidence,3,312.7235083575239
3898,67198_00012,70,0.9903846153846154,marginal_confidence,3,312.7235083575239
3899,67198_00012,71,0.9903846153846154,marginal_confidence,3,312.7235083575239
3900,67198_00012,72,0.9903846153846154,marginal_confidence,3,312.7235083575239
3901,67198_00012,73,0.9903846153846154,marginal_confidence,3,312.7235083575239
3902,67198_00012,74,0.9903846153846154,marginal_confidence,3,312.7235083575239
3903,67198_00012,75,0.9903846153846154,marginal_confidence,3,312.7235083575239
3904,67198_00012,76,0.9903846153846154,marginal_confidence,3,312.7235083575239
3905,67198_00012,77,0.9903846153846154,marginal_confidence,3,312.7235083575239
3906,67198_00012,78,0.9903846153846154,marginal_confidence,3,312.7235083575239
3907,67198_00012,79,0.9903846153846154,marginal_confidence,3,312.7235083575239
3908,67198_00012,80,0.9903846153846154,marginal_confidence,3,312.7235083575239
3909,67198_00012,81,0.9903846153846154,marginal_confidence,3,312.7235083575239
3910,67198_00012,82,0.9903846153846154,marginal_confidence,3,312.7235083575239
3911,67198_00012,83,0.9903846153846154,marginal_confidence,3,312.7235083575239
3912,67198_00012,84,0.9903846153846154,marginal_confidence,3,312.7235083575239
3913,67198_00012,85,0.9903846153846154,marginal_confidence,3,312.7235083575239
3914,67198_00012,86,0.9903846153846154,marginal_confidence,3,312.7235083575239
3915,67198_00012,87,0.9903846153846154,marginal_confidence,3,312.7235083575239
3916,67198_00012,88,0.9903846153846154,marginal_confidence,3,312.7235083575239
3917,67198_00012,89,0.9903846153846154,marginal_confidence,3,312.7235083575239
3918,67198_00012,90,0.9903846153846154,marginal_confidence,3,312.7235083575239
3919,67198_00012,91,0.9903846153846154,marginal_confidence,3,312.7235083575239
3920,67198_00012,92,0.9903846153846154,marginal_confidence,3,312.7235083575239
3921,67198_00012,93,0.9903846153846154,marginal_confidence,3,312.7235083575239
3922,67198_00012,94,0.9903846153846154,marginal_confidence,3,312.7235083575239
3923,67198_00012,95,0.9903846153846154,marginal_confidence,3,312.7235083575239
3924,67198_00012,96,0.9903846153846154,marginal_confidence,3,312.7235083575239
3925,67198_00012,97,0.9903846153846154,marginal_confidence,3,312.7235083575239
3926,67198_00012,98,0.9903846153846154,marginal_confidence,3,312.7235083575239
3927,67198_00012,99,0.9903846153846154,marginal_confidence,3,312.7235083575239
3928,67198_00012,100,0.9903846153846154,marginal_confidence,3,312.7235083575239
3929,67198_00012,101,0.9903846153846154,marginal_confidence,3,312.7235083575239
3930,67198_00012,102,0.9903846153846154,marginal_confidence,3,312.7235083575239
3931,67198_00012,103,0.9903846153846154,marginal_confidence,3,312.7235083575239
3932,67198_00012,104,0.9903846153846154,marginal_confidence,3,312.7235083575239
3933,67198_00012,105,0.9903846153846154,marginal_confidence,3,312.7235083575239
3934,67198_00012,106,0.9903846153846154,marginal_confidence,3,312.7235083575239
3935,67198_00012,107,0.9811320754716981,marginal_confidence,3,312.7235083575239
3936,67198_00012,108,0.9903846153846154,marginal_confidence,3,312.7235083575239
3937,67198_00012,109,0.9903846153846154,marginal_confidence,3,312.7235083575239
3938,67198_00012,110,0.9903846153846154,marginal_confidence,3,312.7235083575239
3939,67198_00012,111,0.9903846153846154,marginal_confidence,3,312.7235083575239
3940,67198_00012,112,0.9903846153846154,marginal_confidence,3,312.7235083575239
3941,67198_00012,113,0.9903846153846154,marginal_confidence,3,312.7235083575239
3942,67198_00012,114,0.9903846153846154,marginal_confidence,3,312.7235083575239
3943,67198_00012,115,0.9903846153846154,marginal_confidence,3,312.7235083575239
3944,67198_00012,116,0.9903846153846154,marginal_confidence,3,312.7235083575239
3945,67198_00012,117,0.9903846153846154,marginal_confidence,3,312.7235083575239
3946,67198_00012,118,0.9903846153846154,marginal_confidence,3,312.7235083575239
3947,67198_00012,119,0.9903846153846154,marginal_confidence,3,312.7235083575239
3948,67198_00012,120,0.9903846153846154,marginal_confidence,3,312.7235083575239
3949,67198_00012,121,0.9903846153846154,marginal_confidence,3,312.7235083575239
3950,67198_00012,122,0.9903846153846154,marginal_confidence,3,312.7235083575239
3951,67198_00012,123,0.9903846153846154,marginal_confidence,3,312.7235083575239
3952,67198_00012,124,0.9903846153846154,marginal_confidence,3,312.7235083575239
3953,67198_00012,125,0.9903846153846154,marginal_confidence,3,312.7235083575239
3954,67198_00012,126,0.9903846153846154,marginal_confidence,3,312.7235083575239
3955,67198_00012,127,0.9903846153846154,marginal_confidence,3,312.7235083575239
3956,67198_00012,128,0.9903846153846154,marginal_confidence,3,312.7235083575239
3957,67198_00012,129,0.9903846153846154,marginal_confidence,3,312.7235083575239
3958,67198_00012,130,0.9903846153846154,marginal_confidence,3,312.7235083575239
3959,67198_00012,131,0.9903846153846154,marginal_confidence,3,312.7235083575239
3960,67198_00012,132,0.9903846153846154,marginal_confidence,3,312.7235083575239
3961,67198_00012,133,0.9903846153846154,marginal_confidence,3,312.7235083575239
3962,67198_00012,134,0.9903846153846154,marginal_confidence,3,312.7235083575239
3963,67198_00012,135,0.9903846153846154,marginal_confidence,3,312.7235083575239
3964,67198_00012,136,0.9903846153846154,marginal_confidence,3,312.7235083575239
3965,67198_00012,137,0.9903846153846154,marginal_confidence,3,312.7235083575239
3966,67198_00012,138,0.9903846153846154,marginal_confidence,3,312.7235083575239
3967,67198_00012,139,0.9903846153846154,marginal_confidence,3,312.7235083575239
3968,67198_00012,140,0.9903846153846154,marginal_confidence,3,312.7235083575239
3969,67198_00012,141,0.9903846153846154,marginal_confidence,3,312.7235083575239
3970,67198_00012,142,0.9903846153846154,marginal_confidence,3,312.7235083575239
3971,67198_00012,143,0.9903846153846154,marginal_confidence,3,312.7235083575239
3972,67198_00012,144,0.9903846153846154,marginal_confidence,3,312.7235083575239
3973,67198_00012,145,0.9903846153846154,marginal_confidence,3,312.7235083575239
3974,67198_00012,146,0.9903846153846154,marginal_confidence,3,312.7235083575239
3975,67198_00012,147,0.9903846153846154,marginal_confidence,3,312.7235083575239
3976,67198_00012,148,0.9903846153846154,marginal_confidence,3,312.7235083575239
3977,67198_00012,149,0.9903846153846154,marginal_confidence,3,312.7235083575239
3978,67198_00012,150,0.9903846153846154,marginal_confidence,3,312.7235083575239
3979,67198_00012,151,0.9903846153846154,marginal_confidence,3,312.7235083575239
3980,67198_00012,152,0.9903846153846154,marginal_confidence,3,312.7235083575239
3981,67198_00012,153,0.9903846153846154,marginal_confidence,3,312.7235083575239
3982,67198_00012,154,0.9903846153846154,marginal_confidence,3,312.7235083575239
3983,67198_00012,155,0.9903846153846154,marginal_confidence,3,312.7235083575239
3984,67198_00012,156,0.9903846153846154,marginal_confidence,3,312.7235083575239
3985,67198_00012,157,0.9903846153846154,marginal_confidence,3,312.7235083575239
3986,67198_00012,158,0.9903846153846154,marginal_confidence,3,312.7235083575239
3987,67198_00012,159,0.9903846153846154,marginal_confidence,3,312.7235083575239
3988,67198_00012,160,0.9903846153846154,marginal_confidence,3,312.7235083575239
3989,67198_00012,161,0.9903846153846154,marginal_confidence,3,312.7235083575239
3990,67198_00012,162,0.9903846153846154,marginal_confidence,3,312.7235083575239
3991,67198_00012,163,0.9903846153846154,marginal_confidence,3,312.7235083575239
3992,67198_00012,164,0.9903846153846154,marginal_confidence,3,312.7235083575239
3993,67198_00012,165,0.9903846153846154,marginal_confidence,3,312.7235083575239
3994,67198_00012,166,0.9903846153846154,marginal_confidence,3,312.7235083575239
3995,67198_00012,167,0.9903846153846154,marginal_confidence,3,312.7235083575239
3996,67198_00012,168,0.9903846153846154,marginal_confidence,3,312.7235083575239
3997,67198_00012,169,0.9903846153846154,marginal_confidence,3,312.7235083575239
3998,67198_00012,170,0.9903846153846154,marginal_confidence,3,312.7235083575239
3999,67198_00012,171,0.9903846153846154,marginal_confidence,3,312.7235083575239
4000,67198_00012,172,0.9903846153846154,marginal_confidence,3,312.7235083575239
4001,67198_00012,173,0.9903846153846154,marginal_confidence,3,312.7235083575239
4002,67198_00012,174,0.9903846153846154,marginal_confidence,3,312.7235083575239
4003,67198_00012,175,1.0,marginal_confidence,3,312.7235083575239
4004,67198_00012,176,0.9903846153846154,marginal_confidence,3,312.7235083575239
4005,67198_00012,177,0.9903846153846154,marginal_confidence,3,312.7235083575239
4006,67198_00012,178,0.9903846153846154,marginal_confidence,3,312.7235083575239
4007,67198_00012,179,0.9903846153846154,marginal_confidence,3,312.7235083575239
4008,67198_00012,180,0.9903846153846154,marginal_confidence,3,312.7235083575239
4009,67198_00012,181,0.9903846153846154,marginal_confidence,3,312.7235083575239
4010,67198_00012,182,0.9903846153846154,marginal_confidence,3,312.7235083575239
4011,67198_00012,183,0.9903846153846154,marginal_confidence,3,312.7235083575239
4012,67198_00012,184,0.9903846153846154,marginal_confidence,3,312.7235083575239
4013,67198_00012,185,0.9903846153846154,marginal_confidence,3,312.7235083575239
4014,67198_00012,186,0.9903846153846154,marginal_confidence,3,312.7235083575239
4015,67198_00012,187,0.9903846153846154,marginal_confidence,3,312.7235083575239
4016,67198_00012,188,0.9903846153846154,marginal_confidence,3,312.7235083575239
4017,67198_00012,189,0.9903846153846154,marginal_confidence,3,312.7235083575239
4018,67198_00012,190,1.0,marginal_confidence,3,312.7235083575239
4019,67198_00012,191,0.9903846153846154,marginal_confidence,3,312.7235083575239
4020,67198_00012,192,0.9903846153846154,marginal_confidence,3,312.7235083575239
4021,67198_00012,193,0.9903846153846154,marginal_confidence,3,312.7235083575239
4022,67198_00012,194,0.9903846153846154,marginal_confidence,3,312.7235083575239
4023,67198_00012,195,0.9903846153846154,marginal_confidence,3,312.7235083575239
4024,67198_00012,196,0.9903846153846154,marginal_confidence,3,312.7235083575239
4025,67198_00012,197,0.9903846153846154,marginal_confidence,3,312.7235083575239
4026,67198_00012,198,0.9903846153846154,marginal_confidence,3,312.7235083575239
4027,67198_00012,199,0.9903846153846154,marginal_confidence,3,312.7235083575239
4028,67198_00012,200,0.9903846153846154,marginal_confidence,3,312.7235083575239
4029,67198_00012,201,0.9903846153846154,marginal_confidence,3,312.7235083575239
4030,67198_00012,202,0.9903846153846154,marginal_confidence,3,312.7235083575239
4031,67198_00012,203,0.9903846153846154,marginal_confidence,3,312.7235083575239
4032,67198_00012,204,0.9903846153846154,marginal_confidence,3,312.7235083575239
4033,67198_00012,205,0.9903846153846154,marginal_confidence,3,312.7235083575239
4034,67198_00012,206,0.9903846153846154,marginal_confidence,3,312.7235083575239
4035,67198_00012,207,0.9903846153846154,marginal_confidence,3,312.7235083575239
4036,67198_00012,208,0.9903846153846154,marginal_confidence,3,312.7235083575239
4037,67198_00012,209,0.9903846153846154,marginal_confidence,3,312.7235083575239
4038,67198_00012,210,0.9903846153846154,marginal_confidence,3,312.7235083575239
4039,67198_00012,211,0.9903846153846154,marginal_confidence,3,312.7235083575239
4040,67198_00012,212,0.9903846153846154,marginal_confidence,3,312.7235083575239
4041,67198_00012,213,0.9903846153846154,marginal_confidence,3,312.7235083575239
4042,67198_00012,214,0.9903846153846154,marginal_confidence,3,312.7235083575239
4043,67198_00012,215,0.9903846153846154,marginal_confidence,3,312.7235083575239
4044,67198_00012,216,0.9903846153846154,marginal_confidence,3,312.7235083575239
4045,67198_00012,217,0.9903846153846154,marginal_confidence,3,312.7235083575239
4046,67198_00012,218,0.9903846153846154,marginal_confidence,3,312.7235083575239
4047,67198_00012,219,0.9903846153846154,marginal_confidence,3,312.7235083575239
4048,67198_00012,220,0.9903846153846154,marginal_confidence,3,312.7235083575239
4049,67198_00012,221,0.9903846153846154,marginal_confidence,3,312.7235083575239
4050,67198_00012,222,0.9903846153846154,marginal_confidence,3,312.7235083575239
4051,67198_00012,223,0.9903846153846154,marginal_confidence,3,312.7235083575239
4052,67198_00012,224,0.9903846153846154,marginal_confidence,3,312.7235083575239
4053,67198_00012,225,0.9903846153846154,marginal_confidence,3,312.7235083575239
4054,67198_00012,226,0.9903846153846154,marginal_confidence,3,312.7235083575239
4055,67198_00012,227,0.9903846153846154,marginal_confidence,3,312.7235083575239
4056,67198_00012,228,0.9799919967987194,marginal_confidence,3,312.7235083575239
4057,67198_00012,229,0.9903846153846154,marginal_confidence,3,312.7235083575239
4058,67198_00012,230,0.9903846153846154,marginal_confidence,3,312.7235083575239
4059,67198_00012,231,0.9903846153846154,marginal_confidence,3,312.7235083575239
4060,67198_00012,232,0.9903846153846154,marginal_confidence,3,312.7235083575239
4061,67198_00012,233,0.9903846153846154,marginal_confidence,3,312.7235083575239
4062,67198_00012,234,0.9903846153846154,marginal_confidence,3,312.7235083575239
4063,67198_00012,235,0.9903846153846154,marginal_confidence,3,312.7235083575239
4064,67198_00012,236,0.99,marginal_confidence,3,312.7235083575239
4065,67198_00012,237,0.9903846153846154,marginal_confidence,3,312.7235083575239
4066,67198_00012,238,0.9903846153846154,marginal_confidence,3,312.7235083575239
4067,67198_00012,239,0.9903846153846154,marginal_confidence,3,312.7235083575239
4068,67198_00012,240,0.9903846153846154,marginal_confidence,3,312.7235083575239
4069,67198_00012,241,0.9903846153846154,marginal_confidence,3,312.7235083575239
4070,67198_00012,242,0.9903846153846154,marginal_confidence,3,312.7235083575239
4071,67198_00012,243,0.9903846153846154,marginal_confidence,3,312.7235083575239
4072,67198_00012,244,0.9903846153846154,marginal_confidence,3,312.7235083575239
4073,67198_00012,245,0.9903846153846154,marginal_confidence,3,312.7235083575239
4074,67198_00012,246,0.9903846153846154,marginal_confidence,3,312.7235083575239
4075,67198_00012,247,0.9903846153846154,marginal_confidence,3,312.7235083575239
4076,67198_00012,248,0.9903846153846154,marginal_confidence,3,312.7235083575239
4077,67198_00012,249,0.9903846153846154,marginal_confidence,3,312.7235083575239
4078,67198_00012,250,0.9903846153846154,marginal_confidence,3,312.7235083575239
4079,67198_00012,251,0.9903846153846154,marginal_confidence,3,312.7235083575239
4080,67198_00012,252,0.9903846153846154,marginal_confidence,3,312.7235083575239
4081,67198_00012,253,0.9903846153846154,marginal_confidence,3,312.7235083575239
4082,67198_00012,254,1.0,marginal_confidence,3,312.7235083575239
4083,67198_00012,255,0.9903846153846154,marginal_confidence,3,312.7235083575239
4084,67198_00012,256,0.9903846153846154,marginal_confidence,3,312.7235083575239
4085,67198_00012,257,0.9903846153846154,marginal_confidence,3,312.7235083575239
4086,67198_00012,258,0.9903846153846154,marginal_confidence,3,312.7235083575239
4087,67198_00012,259,1.0,marginal_confidence,3,312.7235083575239
4088,67198_00012,260,0.9903846153846154,marginal_confidence,3,312.7235083575239
4089,67198_00012,261,0.9903846153846154,marginal_confidence,3,312.7235083575239
4090,67198_00012,262,0.9903846153846154,marginal_confidence,3,312.7235083575239
4091,67198_00012,263,0.9903846153846154,marginal_confidence,3,312.7235083575239
4092,67198_00012,264,0.9903846153846154,marginal_confidence,3,312.7235083575239
4093,67198_00012,265,0.9903846153846154,marginal_confidence,3,312.7235083575239
4094,67198_00012,266,0.9903846153846154,marginal_confidence,3,312.7235083575239
4095,67198_00012,267,0.9903846153846154,marginal_confidence,3,312.7235083575239
4096,67198_00012,268,0.9903846153846154,marginal_confidence,3,312.7235083575239
4097,67198_00012,269,0.9903846153846154,marginal_confidence,3,312.7235083575239
4098,67198_00012,270,0.9903846153846154,marginal_confidence,3,312.7235083575239
4099,67198_00012,271,0.9903846153846154,marginal_confidence,3,312.7235083575239
4100,67198_00012,272,0.9903846153846154,marginal_confidence,3,312.7235083575239
4101,67198_00012,273,0.9903846153846154,marginal_confidence,3,312.7235083575239
4102,67198_00012,274,0.9903846153846154,marginal_confidence,3,312.7235083575239
4103,67198_00012,275,0.9903846153846154,marginal_confidence,3,312.7235083575239
4104,67198_00012,276,0.9903846153846154,marginal_confidence,3,312.7235083575239
4105,67198_00012,277,0.9903846153846154,marginal_confidence,3,312.7235083575239
4106,67198_00012,278,0.9903846153846154,marginal_confidence,3,312.7235083575239
4107,67198_00012,279,0.9903846153846154,marginal_confidence,3,312.7235083575239
4108,67198_00012,280,0.9903846153846154,marginal_confidence,3,312.7235083575239
4109,67198_00012,281,0.9903846153846154,marginal_confidence,3,312.7235083575239
4110,67198_00012,282,0.9903846153846154,marginal_confidence,3,312.7235083575239
4111,67198_00012,283,0.9903846153846154,marginal_confidence,3,312.7235083575239
4112,67198_00012,284,0.9903846153846154,marginal_confidence,3,312.7235083575239
4113,67198_00012,285,0.9903846153846154,marginal_confidence,3,312.7235083575239
4114,67198_00012,286,0.9903846153846154,marginal_confidence,3,312.7235083575239
4115,67198_00012,287,0.9903846153846154,marginal_confidence,3,312.7235083575239
4116,67198_00012,288,0.9903846153846154,marginal_confidence,3,312.7235083575239
4117,67198_00012,289,0.9903846153846154,marginal_confidence,3,312.7235083575239
4118,67198_00012,290,0.9903846153846154,marginal_confidence,3,312.7235083575239
4119,67198_00012,291,0.9903846153846154,marginal_confidence,3,312.7235083575239
4120,67198_00012,292,0.9903846153846154,marginal_confidence,3,312.7235083575239
4121,67198_00012,293,0.9799919967987194,marginal_confidence,3,312.7235083575239
4122,67198_00012,294,0.9903846153846154,marginal_confidence,3,312.7235083575239
4123,67198_00012,295,0.9903846153846154,marginal_confidence,3,312.7235083575239
4124,67198_00012,296,0.9903846153846154,marginal_confidence,3,312.7235083575239
4125,67198_00012,297,0.9903846153846154,marginal_confidence,3,312.7235083575239
4126,67198_00012,298,0.9903846153846154,marginal_confidence,3,312.7235083575239
4127,67198_00012,299,0.9903846153846154,marginal_confidence,3,312.7235083575239
4128,67198_00012,300,0.9903846153846154,marginal_confidence,3,312.7235083575239
4129,67198_00012,301,0.9903846153846154,marginal_confidence,3,312.7235083575239
4130,67198_00012,302,0.9903846153846154,marginal_confidence,3,312.7235083575239
4131,67198_00012,303,0.9903846153846154,marginal_confidence,3,312.7235083575239
4132,67198_00012,304,0.9903846153846154,marginal_confidence,3,312.7235083575239
4133,67198_00012,305,0.9903846153846154,marginal_confidence,3,312.7235083575239
4134,67198_00012,306,0.9903846153846154,marginal_confidence,3,312.7235083575239
4135,67198_00012,307,0.9903846153846154,marginal_confidence,3,312.7235083575239
4136,67198_00012,308,0.9903846153846154,marginal_confidence,3,312.7235083575239
4137,67198_00012,309,0.9903846153846154,marginal_confidence,3,312.7235083575239
4138,67198_00012,310,0.9903846153846154,marginal_confidence,3,312.7235083575239
4139,67198_00012,311,0.9903846153846154,marginal_confidence,3,312.7235083575239
4140,67198_00012,312,0.9903846153846154,marginal_confidence,3,312.7235083575239
4141,67198_00012,313,0.9903846153846154,marginal_confidence,3,312.7235083575239
4142,67198_00012,314,0.9903846153846154,marginal_confidence,3,312.7235083575239
4143,67198_00012,315,0.9903846153846154,marginal_confidence,3,312.7235083575239
4144,67198_00012,316,0.9903846153846154,marginal_confidence,3,312.7235083575239
4145,67198_00012,317,0.9903846153846154,marginal_confidence,3,312.7235083575239
4146,67198_00012,318,0.9903846153846154,marginal_confidence,3,312.7235083575239
4147,67198_00013,0,0.8148148148148149,marginal_confidence,4,317.0213110735982
4148,67198_00013,1,0.8984375,marginal_confidence,4,317.0213110735982
4149,67198_00013,2,0.8984375,marginal_confidence,4,317.0213110735982
4150,67198_00013,3,0.8416666666666667,marginal_confidence,4,317.0213110735982
4151,67198_00013,4,0.8984375,marginal_confidence,4,317.0213110735982
4152,67198_00013,5,0.8923076923076922,marginal_confidence,4,317.0213110735982
4153,67198_00013,6,0.9636363636363636,marginal_confidence,4,317.0213110735982
4154,67198_00013,7,0.9610598153352068,marginal_confidence,4,317.0213110735982
4155,67198_00013,8,0.9152542372881356,marginal_confidence,4,317.0213110735982
4156,67198_00013,9,1.0,marginal_confidence,4,317.0213110735982
4157,67198_00013,10,1.0,marginal_confidence,4,317.0213110735982
4158,67198_00013,11,0.9112903225806452,marginal_confidence,4,317.0213110735982
4159,67198_00013,12,1.0,marginal_confidence,4,317.0213110735982
4160,67198_00013,13,0.9903846153846154,marginal_confidence,4,317.0213110735982
4161,67198_00013,14,1.0,marginal_confidence,4,317.0213110735982
4162,67198_00013,15,1.0,marginal_confidence,4,317.0213110735982
4163,67198_00013,16,1.0,marginal_confidence,4,317.0213110735982
4164,67198_00013,17,1.0,marginal_confidence,4,317.0213110735982
4165,67198_00013,18,1.0,marginal_confidence,4,317.0213110735982
4166,67198_00013,19,1.0,marginal_confidence,4,317.0213110735982
4167,67198_00013,20,1.0,marginal_confidence,4,317.0213110735982
4168,67198_00013,21,0.99,marginal_confidence,4,317.0213110735982
4169,67198_00013,22,1.0,marginal_confidence,4,317.0213110735982
4170,67198_00013,23,1.0,marginal_confidence,4,317.0213110735982
4171,67198_00013,24,1.0,marginal_confidence,4,317.0213110735982
4172,67198_00013,25,1.0,marginal_confidence,4,317.0213110735982
4173,67198_00013,26,1.0,marginal_confidence,4,317.0213110735982
4174,67198_00013,27,1.0,marginal_confidence,4,317.0213110735982
4175,67198_00013,28,1.0,marginal_confidence,4,317.0213110735982
4176,67198_00013,29,1.0,marginal_confidence,4,317.0213110735982
4177,67198_00013,30,1.0,marginal_confidence,4,317.0213110735982
4178,67198_00013,31,1.0,marginal_confidence,4,317.0213110735982
4179,67198_00013,32,1.0,marginal_confidence,4,317.0213110735982
4180,67198_00013,33,1.0,marginal_confidence,4,317.0213110735982
4181,67198_00013,34,1.0,marginal_confidence,4,317.0213110735982
4182,67198_00013,35,1.0,marginal_confidence,4,317.0213110735982
4183,67198_00013,36,1.0,marginal_confidence,4,317.0213110735982
4184,67198_00013,37,0.9722222222222222,marginal_confidence,4,317.0213110735982
4185,67198_00013,38,1.0,marginal_confidence,4,317.0213110735982
4186,67198_00013,39,1.0,marginal_confidence,4,317.0213110735982
4187,67198_00013,40,1.0,marginal_confidence,4,317.0213110735982
4188,67198_00013,41,1.0,marginal_confidence,4,317.0213110735982
4189,67198_00013,42,1.0,marginal_confidence,4,317.0213110735982
4190,67198_00013,43,1.0,marginal_confidence,4,317.0213110735982
4191,67198_00013,44,1.0,marginal_confidence,4,317.0213110735982
4192,67198_00013,45,1.0,marginal_confidence,4,317.0213110735982
4193,67198_00013,46,1.0,marginal_confidence,4,317.0213110735982
4194,67198_00013,47,1.0,marginal_confidence,4,317.0213110735982
4195,67198_00013,48,1.0,marginal_confidence,4,317.0213110735982
4196,67198_00013,49,1.0,marginal_confidence,4,317.0213110735982
4197,67198_00013,50,1.0,marginal_confidence,4,317.0213110735982
4198,67198_00013,51,1.0,marginal_confidence,4,317.0213110735982
4199,67198_00013,52,1.0,marginal_confidence,4,317.0213110735982
4200,67198_00013,53,1.0,marginal_confidence,4,317.0213110735982
4201,67198_00013,54,1.0,marginal_confidence,4,317.0213110735982
4202,67198_00013,55,1.0,marginal_confidence,4,317.0213110735982
4203,67198_00013,56,1.0,marginal_confidence,4,317.0213110735982
4204,67198_00013,57,1.0,marginal_confidence,4,317.0213110735982
4205,67198_00013,58,1.0,marginal_confidence,4,317.0213110735982
4206,67198_00013,59,1.0,marginal_confidence,4,317.0213110735982
4207,67198_00013,60,1.0,marginal_confidence,4,317.0213110735982
4208,67198_00013,61,1.0,marginal_confidence,4,317.0213110735982
4209,67198_00013,62,1.0,marginal_confidence,4,317.0213110735982
4210,67198_00013,63,1.0,marginal_confidence,4,317.0213110735982
4211,67198_00013,64,1.0,marginal_confidence,4,317.0213110735982
4212,67198_00013,65,1.0,marginal_confidence,4,317.0213110735982
4213,67198_00013,66,1.0,marginal_confidence,4,317.0213110735982
4214,67198_00013,67,1.0,marginal_confidence,4,317.0213110735982
4215,67198_00013,68,1.0,marginal_confidence,4,317.0213110735982
4216,67198_00013,69,1.0,marginal_confidence,4,317.0213110735982
4217,67198_00013,70,1.0,marginal_confidence,4,317.0213110735982
4218,67198_00013,71,1.0,marginal_confidence,4,317.0213110735982
4219,67198_00013,72,1.0,marginal_confidence,4,317.0213110735982
4220,67198_00013,73,1.0,marginal_confidence,4,317.0213110735982
4221,67198_00013,74,1.0,marginal_confidence,4,317.0213110735982
4222,67198_00013,75,1.0,marginal_confidence,4,317.0213110735982
4223,67198_00013,76,1.0,marginal_confidence,4,317.0213110735982
4224,67198_00013,77,1.0,marginal_confidence,4,317.0213110735982
4225,67198_00013,78,1.0,marginal_confidence,4,317.0213110735982
4226,67198_00013,79,1.0,marginal_confidence,4,317.0213110735982
4227,67198_00013,80,1.0,marginal_confidence,4,317.0213110735982
4228,67198_00013,81,1.0,marginal_confidence,4,317.0213110735982
4229,67198_00013,82,1.0,marginal_confidence,4,317.0213110735982
4230,67198_00013,83,1.0,marginal_confidence,4,317.0213110735982
4231,67198_00013,84,1.0,marginal_confidence,4,317.0213110735982
4232,67198_00013,85,1.0,marginal_confidence,4,317.0213110735982
4233,67198_00013,86,1.0,marginal_confidence,4,317.0213110735982
4234,67198_00013,87,1.0,marginal_confidence,4,317.0213110735982
4235,67198_00013,88,1.0,marginal_confidence,4,317.0213110735982
4236,67198_00013,89,1.0,marginal_confidence,4,317.0213110735982
4237,67198_00013,90,1.0,marginal_confidence,4,317.0213110735982
4238,67198_00013,91,1.0,marginal_confidence,4,317.0213110735982
4239,67198_00013,92,1.0,marginal_confidence,4,317.0213110735982
4240,67198_00013,93,1.0,marginal_confidence,4,317.0213110735982
4241,67198_00013,94,1.0,marginal_confidence,4,317.0213110735982
4242,67198_00013,95,1.0,marginal_confidence,4,317.0213110735982
4243,67198_00013,96,1.0,marginal_confidence,4,317.0213110735982
4244,67198_00013,97,1.0,marginal_confidence,4,317.0213110735982
4245,67198_00013,98,1.0,marginal_confidence,4,317.0213110735982
4246,67198_00013,99,1.0,marginal_confidence,4,317.0213110735982
4247,67198_00013,100,1.0,marginal_confidence,4,317.0213110735982
4248,67198_00013,101,1.0,marginal_confidence,4,317.0213110735982
4249,67198_00013,102,1.0,marginal_confidence,4,317.0213110735982
4250,67198_00013,103,1.0,marginal_confidence,4,317.0213110735982
4251,67198_00013,104,1.0,marginal_confidence,4,317.0213110735982
4252,67198_00013,105,1.0,marginal_confidence,4,317.0213110735982
4253,67198_00013,106,1.0,marginal_confidence,4,317.0213110735982
4254,67198_00013,107,1.0,marginal_confidence,4,317.0213110735982
4255,67198_00013,108,1.0,marginal_confidence,4,317.0213110735982
4256,67198_00013,109,1.0,marginal_confidence,4,317.0213110735982
4257,67198_00013,110,1.0,marginal_confidence,4,317.0213110735982
4258,67198_00013,111,1.0,marginal_confidence,4,317.0213110735982
4259,67198_00013,112,1.0,marginal_confidence,4,317.0213110735982
4260,67198_00013,113,1.0,marginal_confidence,4,317.0213110735982
4261,67198_00013,114,1.0,marginal_confidence,4,317.0213110735982
4262,67198_00013,115,1.0,marginal_confidence,4,317.0213110735982
4263,67198_00013,116,1.0,marginal_confidence,4,317.0213110735982
4264,67198_00013,117,1.0,marginal_confidence,4,317.0213110735982
4265,67198_00013,118,1.0,marginal_confidence,4,317.0213110735982
4266,67198_00013,119,1.0,marginal_confidence,4,317.0213110735982
4267,67198_00013,120,1.0,marginal_confidence,4,317.0213110735982
4268,67198_00013,121,1.0,marginal_confidence,4,317.0213110735982
4269,67198_00013,122,1.0,marginal_confidence,4,317.0213110735982
4270,67198_00013,123,1.0,marginal_confidence,4,317.0213110735982
4271,67198_00013,124,1.0,marginal_confidence,4,317.0213110735982
4272,67198_00013,125,1.0,marginal_confidence,4,317.0213110735982
4273,67198_00013,126,1.0,marginal_confidence,4,317.0213110735982
4274,67198_00013,127,1.0,marginal_confidence,4,317.0213110735982
4275,67198_00013,128,1.0,marginal_confidence,4,317.0213110735982
4276,67198_00013,129,1.0,marginal_confidence,4,317.0213110735982
4277,67198_00013,130,1.0,marginal_confidence,4,317.0213110735982
4278,67198_00013,131,1.0,marginal_confidence,4,317.0213110735982
4279,67198_00013,132,1.0,marginal_confidence,4,317.0213110735982
4280,67198_00013,133,1.0,marginal_confidence,4,317.0213110735982
4281,67198_00013,134,1.0,marginal_confidence,4,317.0213110735982
4282,67198_00013,135,1.0,marginal_confidence,4,317.0213110735982
4283,67198_00013,136,1.0,marginal_confidence,4,317.0213110735982
4284,67198_00013,137,1.0,marginal_confidence,4,317.0213110735982
4285,67198_00013,138,1.0,marginal_confidence,4,317.0213110735982
4286,67198_00013,139,1.0,marginal_confidence,4,317.0213110735982
4287,67198_00013,140,0.9903846153846154,marginal_confidence,4,317.0213110735982
4288,67198_00013,141,1.0,marginal_confidence,4,317.0213110735982
4289,67198_00013,142,1.0,marginal_confidence,4,317.0213110735982
4290,67198_00013,143,1.0,marginal_confidence,4,317.0213110735982
4291,67198_00013,144,1.0,marginal_confidence,4,317.0213110735982
4292,67198_00013,145,1.0,marginal_confidence,4,317.0213110735982
4293,67198_00013,146,1.0,marginal_confidence,4,317.0213110735982
4294,67198_00013,147,1.0,marginal_confidence,4,317.0213110735982
4295,67198_00013,148,1.0,marginal_confidence,4,317.0213110735982
4296,67198_00013,149,1.0,marginal_confidence,4,317.0213110735982
4297,67198_00013,150,1.0,marginal_confidence,4,317.0213110735982
4298,67198_00013,151,1.0,marginal_confidence,4,317.0213110735982
4299,67198_00013,152,1.0,marginal_confidence,4,317.0213110735982
4300,67198_00013,153,1.0,marginal_confidence,4,317.0213110735982
4301,67198_00013,154,1.0,marginal_confidence,4,317.0213110735982
4302,67198_00013,155,1.0,marginal_confidence,4,317.0213110735982
4303,67198_00013,156,1.0,marginal_confidence,4,317.0213110735982
4304,67198_00013,157,1.0,marginal_confidence,4,317.0213110735982
4305,67198_00013,158,1.0,marginal_confidence,4,317.0213110735982
4306,67198_00013,159,1.0,marginal_confidence,4,317.0213110735982
4307,67198_00013,160,1.0,marginal_confidence,4,317.0213110735982
4308,67198_00013,161,1.0,marginal_confidence,4,317.0213110735982
4309,67198_00013,162,1.0,marginal_confidence,4,317.0213110735982
4310,67198_00013,163,1.0,marginal_confidence,4,317.0213110735982
4311,67198_00013,164,1.0,marginal_confidence,4,317.0213110735982
4312,67198_00013,165,1.0,marginal_confidence,4,317.0213110735982
4313,67198_00013,166,1.0,marginal_confidence,4,317.0213110735982
4314,67198_00013,167,1.0,marginal_confidence,4,317.0213110735982
4315,67198_00013,168,1.0,marginal_confidence,4,317.0213110735982
4316,67198_00013,169,1.0,marginal_confidence,4,317.0213110735982
4317,67198_00013,170,1.0,marginal_confidence,4,317.0213110735982
4318,67198_00013,171,1.0,marginal_confidence,4,317.0213110735982
4319,67198_00013,172,1.0,marginal_confidence,4,317.0213110735982
4320,67198_00013,173,1.0,marginal_confidence,4,317.0213110735982
4321,67198_00013,174,1.0,marginal_confidence,4,317.0213110735982
4322,67198_00013,175,1.0,marginal_confidence,4,317.0213110735982
4323,67198_00013,176,1.0,marginal_confidence,4,317.0213110735982
4324,67198_00013,177,1.0,marginal_confidence,4,317.0213110735982
4325,67198_00013,178,1.0,marginal_confidence,4,317.0213110735982
4326,67198_00013,179,1.0,marginal_confidence,4,317.0213110735982
4327,67198_00013,180,1.0,marginal_confidence,4,317.0213110735982
4328,67198_00013,181,1.0,marginal_confidence,4,317.0213110735982
4329,67198_00013,182,1.0,marginal_confidence,4,317.0213110735982
4330,67198_00013,183,1.0,marginal_confidence,4,317.0213110735982
4331,67198_00013,184,1.0,marginal_confidence,4,317.0213110735982
4332,67198_00013,185,1.0,marginal_confidence,4,317.0213110735982
4333,67198_00013,186,1.0,marginal_confidence,4,317.0213110735982
4334,67198_00013,187,1.0,marginal_confidence,4,317.0213110735982
4335,67198_00013,188,1.0,marginal_confidence,4,317.0213110735982
4336,67198_00013,189,1.0,marginal_confidence,4,317.0213110735982
4337,67198_00013,190,1.0,marginal_confidence,4,317.0213110735982
4338,67198_00013,191,1.0,marginal_confidence,4,317.0213110735982
4339,67198_00013,192,1.0,marginal_confidence,4,317.0213110735982
4340,67198_00013,193,1.0,marginal_confidence,4,317.0213110735982
4341,67198_00013,194,1.0,marginal_confidence,4,317.0213110735982
4342,67198_00013,195,1.0,marginal_confidence,4,317.0213110735982
4343,67198_00013,196,1.0,marginal_confidence,4,317.0213110735982
4344,67198_00013,197,1.0,marginal_confidence,4,317.0213110735982
4345,67198_00013,198,1.0,marginal_confidence,4,317.0213110735982
4346,67198_00013,199,1.0,marginal_confidence,4,317.0213110735982
4347,67198_00013,200,1.0,marginal_confidence,4,317.0213110735982
4348,67198_00013,201,1.0,marginal_confidence,4,317.0213110735982
4349,67198_00013,202,1.0,marginal_confidence,4,317.0213110735982
4350,67198_00013,203,1.0,marginal_confidence,4,317.0213110735982
4351,67198_00013,204,1.0,marginal_confidence,4,317.0213110735982
4352,67198_00013,205,1.0,marginal_confidence,4,317.0213110735982
4353,67198_00013,206,1.0,marginal_confidence,4,317.0213110735982
4354,67198_00013,207,1.0,marginal_confidence,4,317.0213110735982
4355,67198_00013,208,1.0,marginal_confidence,4,317.0213110735982
4356,67198_00013,209,1.0,marginal_confidence,4,317.0213110735982
4357,67198_00013,210,1.0,marginal_confidence,4,317.0213110735982
4358,67198_00013,211,1.0,marginal_confidence,4,317.0213110735982
4359,67198_00013,212,1.0,marginal_confidence,4,317.0213110735982
4360,67198_00013,213,1.0,marginal_confidence,4,317.0213110735982
4361,67198_00013,214,1.0,marginal_confidence,4,317.0213110735982
4362,67198_00013,215,1.0,marginal_confidence,4,317.0213110735982
4363,67198_00013,216,1.0,marginal_confidence,4,317.0213110735982
4364,67198_00013,217,1.0,marginal_confidence,4,317.0213110735982
4365,67198_00013,218,1.0,marginal_confidence,4,317.0213110735982
4366,67198_00013,219,1.0,marginal_confidence,4,317.0213110735982
4367,67198_00013,220,1.0,marginal_confidence,4,317.0213110735982
4368,67198_00013,221,1.0,marginal_confidence,4,317.0213110735982
4369,67198_00013,222,1.0,marginal_confidence,4,317.0213110735982
4370,67198_00013,223,1.0,marginal_confidence,4,317.0213110735982
4371,67198_00013,224,1.0,marginal_confidence,4,317.0213110735982
4372,67198_00013,225,1.0,marginal_confidence,4,317.0213110735982
4373,67198_00013,226,1.0,marginal_confidence,4,317.0213110735982
4374,67198_00013,227,1.0,marginal_confidence,4,317.0213110735982
4375,67198_00013,228,1.0,marginal_confidence,4,317.0213110735982
4376,67198_00013,229,1.0,marginal_confidence,4,317.0213110735982
4377,67198_00013,230,1.0,marginal_confidence,4,317.0213110735982
4378,67198_00013,231,1.0,marginal_confidence,4,317.0213110735982
4379,67198_00013,232,1.0,marginal_confidence,4,317.0213110735982
4380,67198_00013,233,1.0,marginal_confidence,4,317.0213110735982
4381,67198_00013,234,1.0,marginal_confidence,4,317.0213110735982
4382,67198_00013,235,1.0,marginal_confidence,4,317.0213110735982
4383,67198_00013,236,1.0,marginal_confidence,4,317.0213110735982
4384,67198_00013,237,1.0,marginal_confidence,4,317.0213110735982
4385,67198_00013,238,1.0,marginal_confidence,4,317.0213110735982
4386,67198_00013,239,1.0,marginal_confidence,4,317.0213110735982
4387,67198_00013,240,1.0,marginal_confidence,4,317.0213110735982
4388,67198_00013,241,1.0,marginal_confidence,4,317.0213110735982
4389,67198_00013,242,1.0,marginal_confidence,4,317.0213110735982
4390,67198_00013,243,1.0,marginal_confidence,4,317.0213110735982
4391,67198_00013,244,1.0,marginal_confidence,4,317.0213110735982
4392,67198_00013,245,1.0,marginal_confidence,4,317.0213110735982
4393,67198_00013,246,1.0,marginal_confidence,4,317.0213110735982
4394,67198_00013,247,1.0,marginal_confidence,4,317.0213110735982
4395,67198_00013,248,1.0,marginal_confidence,4,317.0213110735982
4396,67198_00013,249,1.0,marginal_confidence,4,317.0213110735982
4397,67198_00013,250,1.0,marginal_confidence,4,317.0213110735982
4398,67198_00013,251,1.0,marginal_confidence,4,317.0213110735982
4399,67198_00013,252,1.0,marginal_confidence,4,317.0213110735982
4400,67198_00013,253,1.0,marginal_confidence,4,317.0213110735982
4401,67198_00013,254,1.0,marginal_confidence,4,317.0213110735982
4402,67198_00013,255,1.0,marginal_confidence,4,317.0213110735982
4403,67198_00013,256,1.0,marginal_confidence,4,317.0213110735982
4404,67198_00013,257,1.0,marginal_confidence,4,317.0213110735982
4405,67198_00013,258,1.0,marginal_confidence,4,317.0213110735982
4406,67198_00013,259,1.0,marginal_confidence,4,317.0213110735982
4407,67198_00013,260,1.0,marginal_confidence,4,317.0213110735982
4408,67198_00013,261,1.0,marginal_confidence,4,317.0213110735982
4409,67198_00013,262,1.0,marginal_confidence,4,317.0213110735982
4410,67198_00013,263,1.0,marginal_confidence,4,317.0213110735982
4411,67198_00013,264,1.0,marginal_confidence,4,317.0213110735982
4412,67198_00013,265,1.0,marginal_confidence,4,317.0213110735982
4413,67198_00013,266,1.0,marginal_confidence,4,317.0213110735982
4414,67198_00013,267,1.0,marginal_confidence,4,317.0213110735982
4415,67198_00013,268,1.0,marginal_confidence,4,317.0213110735982
4416,67198_00013,269,1.0,marginal_confidence,4,317.0213110735982
4417,67198_00013,270,1.0,marginal_confidence,4,317.0213110735982
4418,67198_00013,271,1.0,marginal_confidence,4,317.0213110735982
4419,67198_00013,272,1.0,marginal_confidence,4,317.0213110735982
4420,67198_00013,273,1.0,marginal_confidence,4,317.0213110735982
4421,67198_00013,274,1.0,marginal_confidence,4,317.0213110735982
4422,67198_00013,275,1.0,marginal_confidence,4,317.0213110735982
4423,67198_00013,276,1.0,marginal_confidence,4,317.0213110735982
4424,67198_00013,277,1.0,marginal_confidence,4,317.0213110735982
4425,67198_00013,278,1.0,marginal_confidence,4,317.0213110735982
4426,67198_00013,279,1.0,marginal_confidence,4,317.0213110735982
4427,67198_00013,280,1.0,marginal_confidence,4,317.0213110735982
4428,67198_00013,281,1.0,marginal_confidence,4,317.0213110735982
4429,67198_00013,282,0.9903846153846154,marginal_confidence,4,317.0213110735982
4430,67198_00013,283,1.0,marginal_confidence,4,317.0213110735982
4431,67198_00013,284,1.0,marginal_confidence,4,317.0213110735982
4432,67198_00013,285,1.0,marginal_confidence,4,317.0213110735982
4433,67198_00013,286,1.0,marginal_confidence,4,317.0213110735982
4434,67198_00013,287,1.0,marginal_confidence,4,317.0213110735982
4435,67198_00013,288,1.0,marginal_confidence,4,317.0213110735982
4436,67198_00013,289,1.0,marginal_confidence,4,317.0213110735982
4437,67198_00013,290,1.0,marginal_confidence,4,317.0213110735982
4438,67198_00013,291,1.0,marginal_confidence,4,317.0213110735982
4439,67198_00013,292,1.0,marginal_confidence,4,317.0213110735982
4440,67198_00013,293,1.0,marginal_confidence,4,317.0213110735982
4441,67198_00013,294,1.0,marginal_confidence,4,317.0213110735982
4442,67198_00013,295,1.0,marginal_confidence,4,317.0213110735982
4443,67198_00013,296,1.0,marginal_confidence,4,317.0213110735982
4444,67198_00013,297,1.0,marginal_confidence,4,317.0213110735982
4445,67198_00013,298,1.0,marginal_confidence,4,317.0213110735982
4446,67198_00013,299,1.0,marginal_confidence,4,317.0213110735982
4447,67198_00013,300,1.0,marginal_confidence,4,317.0213110735982
4448,67198_00013,301,1.0,marginal_confidence,4,317.0213110735982
4449,67198_00013,302,1.0,marginal_confidence,4,317.0213110735982
4450,67198_00013,303,1.0,marginal_confidence,4,317.0213110735982
4451,67198_00013,304,1.0,marginal_confidence,4,317.0213110735982
4452,67198_00013,305,1.0,marginal_confidence,4,317.0213110735982
4453,67198_00013,306,1.0,marginal_confidence,4,317.0213110735982
4454,67198_00013,307,1.0,marginal_confidence,4,317.0213110735982
4455,67198_00013,308,1.0,marginal_confidence,4,317.0213110735982
4456,67198_00013,309,1.0,marginal_confidence,4,317.0213110735982
4457,67198_00013,310,1.0,marginal_confidence,4,317.0213110735982
4458,67198_00013,311,1.0,marginal_confidence,4,317.0213110735982
4459,67198_00013,312,1.0,marginal_confidence,4,317.0213110735982
4460,67198_00013,313,1.0,marginal_confidence,4,317.0213110735982
4461,67198_00013,314,1.0,marginal_confidence,4,317.0213110735982
4462,67198_00013,315,1.0,marginal_confidence,4,317.0213110735982
4463,67198_00013,316,1.0,marginal_confidence,4,317.0213110735982
4464,67198_00013,317,1.0,marginal_confidence,4,317.0213110735982
4465,67198_00013,318,1.0,marginal_confidence,4,317.0213110735982
4466,67198_00014,0,0.8695652173913043,marginal_confidence,5,313.95642108321294
4467,67198_00014,1,0.9711538461538461,marginal_confidence,5,313.95642108321294
4468,67198_00014,2,0.7747035573122529,marginal_confidence,5,313.95642108321294
4469,67198_00014,3,0.8148148148148149,marginal_confidence,5,313.95642108321294
4470,67198_00014,4,0.9252525252525252,marginal_confidence,5,313.95642108321294
4471,67198_00014,5,0.9047619047619048,marginal_confidence,5,313.95642108321294
4472,67198_00014,6,0.8900679117147707,marginal_confidence,5,313.95642108321294
4473,67198_00014,7,0.8984375,marginal_confidence,5,313.95642108321294
4474,67198_00014,8,0.8803521408563426,marginal_confidence,5,313.95642108321294
4475,67198_00014,9,0.9636363636363636,marginal_confidence,5,313.95642108321294
4476,67198_00014,10,0.9903846153846154,marginal_confidence,5,313.95642108321294
4477,67198_00014,11,0.9903846153846154,marginal_confidence,5,313.95642108321294
4478,67198_00014,12,0.9811320754716981,marginal_confidence,5,313.95642108321294
4479,67198_00014,13,0.9903846153846154,marginal_confidence,5,313.95642108321294
4480,67198_00014,14,0.9811320754716981,marginal_confidence,5,313.95642108321294
4481,67198_00014,15,0.9811320754716981,marginal_confidence,5,313.95642108321294
4482,67198_00014,16,0.9811320754716981,marginal_confidence,5,313.95642108321294
4483,67198_00014,17,0.9903846153846154,marginal_confidence,5,313.95642108321294
4484,67198_00014,18,0.9903846153846154,marginal_confidence,5,313.95642108321294
4485,67198_00014,19,0.9903846153846154,marginal_confidence,5,313.95642108321294
4486,67198_00014,20,0.9903846153846154,marginal_confidence,5,313.95642108321294
4487,67198_00014,21,1.0,marginal_confidence,5,313.95642108321294
4488,67198_00014,22,0.9903846153846154,marginal_confidence,5,313.95642108321294
4489,67198_00014,23,0.9903846153846154,marginal_confidence,5,313.95642108321294
4490,67198_00014,24,0.9903846153846154,marginal_confidence,5,313.95642108321294
4491,67198_00014,25,0.9903846153846154,marginal_confidence,5,313.95642108321294
4492,67198_00014,26,0.9903846153846154,marginal_confidence,5,313.95642108321294
4493,67198_00014,27,0.9903846153846154,marginal_confidence,5,313.95642108321294
4494,67198_00014,28,0.9903846153846154,marginal_confidence,5,313.95642108321294
4495,67198_00014,29,0.9903846153846154,marginal_confidence,5,313.95642108321294
4496,67198_00014,30,0.9903846153846154,marginal_confidence,5,313.95642108321294
4497,67198_00014,31,0.9903846153846154,marginal_confidence,5,313.95642108321294
4498,67198_00014,32,0.9903846153846154,marginal_confidence,5,313.95642108321294
4499,67198_00014,33,0.9903846153846154,marginal_confidence,5,313.95642108321294
4500,67198_00014,34,0.9903846153846154,marginal_confidence,5,313.95642108321294
4501,67198_00014,35,0.9903846153846154,marginal_confidence,5,313.95642108321294
4502,67198_00014,36,0.9903846153846154,marginal_confidence,5,313.95642108321294
4503,67198_00014,37,0.9903846153846154,marginal_confidence,5,313.95642108321294
4504,67198_00014,38,0.9903846153846154,marginal_confidence,5,313.95642108321294
4505,67198_00014,39,0.9903846153846154,marginal_confidence,5,313.95642108321294
4506,67198_00014,40,0.9903846153846154,marginal_confidence,5,313.95642108321294
4507,67198_00014,41,0.9903846153846154,marginal_confidence,5,313.95642108321294
4508,67198_00014,42,0.9903846153846154,marginal_confidence,5,313.95642108321294
4509,67198_00014,43,0.9903846153846154,marginal_confidence,5,313.95642108321294
4510,67198_00014,44,0.9903846153846154,marginal_confidence,5,313.95642108321294
4511,67198_00014,45,0.9903846153846154,marginal_confidence,5,313.95642108321294
4512,67198_00014,46,0.9903846153846154,marginal_confidence,5,313.95642108321294
4513,67198_00014,47,0.9903846153846154,marginal_confidence,5,313.95642108321294
4514,67198_00014,48,0.9903846153846154,marginal_confidence,5,313.95642108321294
4515,67198_00014,49,0.9903846153846154,marginal_confidence,5,313.95642108321294
4516,67198_00014,50,0.9903846153846154,marginal_confidence,5,313.95642108321294
4517,67198_00014,51,0.9903846153846154,marginal_confidence,5,313.95642108321294
4518,67198_00014,52,0.9903846153846154,marginal_confidence,5,313.95642108321294
4519,67198_00014,53,0.9903846153846154,marginal_confidence,5,313.95642108321294
4520,67198_00014,54,0.9903846153846154,marginal_confidence,5,313.95642108321294
4521,67198_00014,55,0.9903846153846154,marginal_confidence,5,313.95642108321294
4522,67198_00014,56,0.9903846153846154,marginal_confidence,5,313.95642108321294
4523,67198_00014,57,0.9903846153846154,marginal_confidence,5,313.95642108321294
4524,67198_00014,58,0.9903846153846154,marginal_confidence,5,313.95642108321294
4525,67198_00014,59,0.9903846153846154,marginal_confidence,5,313.95642108321294
4526,67198_00014,60,0.9903846153846154,marginal_confidence,5,313.95642108321294
4527,67198_00014,61,0.9903846153846154,marginal_confidence,5,313.95642108321294
4528,67198_00014,62,0.9903846153846154,marginal_confidence,5,313.95642108321294
4529,67198_00014,63,0.9903846153846154,marginal_confidence,5,313.95642108321294
4530,67198_00014,64,0.9903846153846154,marginal_confidence,5,313.95642108321294
4531,67198_00014,65,0.9903846153846154,marginal_confidence,5,313.95642108321294
4532,67198_00014,66,0.9903846153846154,marginal_confidence,5,313.95642108321294
4533,67198_00014,67,0.9903846153846154,marginal_confidence,5,313.95642108321294
4534,67198_00014,68,0.9903846153846154,marginal_confidence,5,313.95642108321294
4535,67198_00014,69,0.9903846153846154,marginal_confidence,5,313.95642108321294
4536,67198_00014,70,0.9903846153846154,marginal_confidence,5,313.95642108321294
4537,67198_00014,71,0.9811320754716981,marginal_confidence,5,313.95642108321294
4538,67198_00014,72,0.9903846153846154,marginal_confidence,5,313.95642108321294
4539,67198_00014,73,0.9903846153846154,marginal_confidence,5,313.95642108321294
4540,67198_00014,74,0.9903846153846154,marginal_confidence,5,313.95642108321294
4541,67198_00014,75,0.9903846153846154,marginal_confidence,5,313.95642108321294
4542,67198_00014,76,0.9903846153846154,marginal_confidence,5,313.95642108321294
4543,67198_00014,77,0.9903846153846154,marginal_confidence,5,313.95642108321294
4544,67198_00014,78,0.9903846153846154,marginal_confidence,5,313.95642108321294
4545,67198_00014,79,0.9903846153846154,marginal_confidence,5,313.95642108321294
4546,67198_00014,80,0.9903846153846154,marginal_confidence,5,313.95642108321294
4547,67198_00014,81,1.0,marginal_confidence,5,313.95642108321294
4548,67198_00014,82,0.9903846153846154,marginal_confidence,5,313.95642108321294
4549,67198_00014,83,0.9903846153846154,marginal_confidence,5,313.95642108321294
4550,67198_00014,84,0.9903846153846154,marginal_confidence,5,313.95642108321294
4551,67198_00014,85,0.9903846153846154,marginal_confidence,5,313.95642108321294
4552,67198_00014,86,0.9903846153846154,marginal_confidence,5,313.95642108321294
4553,67198_00014,87,0.9903846153846154,marginal_confidence,5,313.95642108321294
4554,67198_00014,88,0.9903846153846154,marginal_confidence,5,313.95642108321294
4555,67198_00014,89,0.9903846153846154,marginal_confidence,5,313.95642108321294
4556,67198_00014,90,0.9903846153846154,marginal_confidence,5,313.95642108321294
4557,67198_00014,91,0.9903846153846154,marginal_confidence,5,313.95642108321294
4558,67198_00014,92,0.9903846153846154,marginal_confidence,5,313.95642108321294
4559,67198_00014,93,0.9903846153846154,marginal_confidence,5,313.95642108321294
4560,67198_00014,94,0.9903846153846154,marginal_confidence,5,313.95642108321294
4561,67198_00014,95,0.9903846153846154,marginal_confidence,5,313.95642108321294
4562,67198_00014,96,0.9903846153846154,marginal_confidence,5,313.95642108321294
4563,67198_00014,97,0.9903846153846154,marginal_confidence,5,313.95642108321294
4564,67198_00014,98,0.9903846153846154,marginal_confidence,5,313.95642108321294
4565,67198_00014,99,0.9903846153846154,marginal_confidence,5,313.95642108321294
4566,67198_00014,100,0.9903846153846154,marginal_confidence,5,313.95642108321294
4567,67198_00014,101,0.9903846153846154,marginal_confidence,5,313.95642108321294
4568,67198_00014,102,0.9903846153846154,marginal_confidence,5,313.95642108321294
4569,67198_00014,103,0.9903846153846154,marginal_confidence,5,313.95642108321294
4570,67198_00014,104,0.9903846153846154,marginal_confidence,5,313.95642108321294
4571,67198_00014,105,0.9903846153846154,marginal_confidence,5,313.95642108321294
4572,67198_00014,106,0.9903846153846154,marginal_confidence,5,313.95642108321294
4573,67198_00014,107,0.9903846153846154,marginal_confidence,5,313.95642108321294
4574,67198_00014,108,0.9903846153846154,marginal_confidence,5,313.95642108321294
4575,67198_00014,109,0.9903846153846154,marginal_confidence,5,313.95642108321294
4576,67198_00014,110,0.9903846153846154,marginal_confidence,5,313.95642108321294
4577,67198_00014,111,0.9903846153846154,marginal_confidence,5,313.95642108321294
4578,67198_00014,112,0.9903846153846154,marginal_confidence,5,313.95642108321294
4579,67198_00014,113,0.9903846153846154,marginal_confidence,5,313.95642108321294
4580,67198_00014,114,0.9903846153846154,marginal_confidence,5,313.95642108321294
4581,67198_00014,115,0.9903846153846154,marginal_confidence,5,313.95642108321294
4582,67198_00014,116,0.9903846153846154,marginal_confidence,5,313.95642108321294
4583,67198_00014,117,0.9903846153846154,marginal_confidence,5,313.95642108321294
4584,67198_00014,118,0.9903846153846154,marginal_confidence,5,313.95642108321294
4585,67198_00014,119,0.9903846153846154,marginal_confidence,5,313.95642108321294
4586,67198_00014,120,0.9903846153846154,marginal_confidence,5,313.95642108321294
4587,67198_00014,121,0.9903846153846154,marginal_confidence,5,313.95642108321294
4588,67198_00014,122,1.0,marginal_confidence,5,313.95642108321294
4589,67198_00014,123,0.9903846153846154,marginal_confidence,5,313.95642108321294
4590,67198_00014,124,0.9903846153846154,marginal_confidence,5,313.95642108321294
4591,67198_00014,125,0.9903846153846154,marginal_confidence,5,313.95642108321294
4592,67198_00014,126,0.9903846153846154,marginal_confidence,5,313.95642108321294
4593,67198_00014,127,0.9903846153846154,marginal_confidence,5,313.95642108321294
4594,67198_00014,128,0.9903846153846154,marginal_confidence,5,313.95642108321294
4595,67198_00014,129,0.9903846153846154,marginal_confidence,5,313.95642108321294
4596,67198_00014,130,0.9903846153846154,marginal_confidence,5,313.95642108321294
4597,67198_00014,131,0.9903846153846154,marginal_confidence,5,313.95642108321294
4598,67198_00014,132,0.9903846153846154,marginal_confidence,5,313.95642108321294
4599,67198_00014,133,0.9903846153846154,marginal_confidence,5,313.95642108321294
4600,67198_00014,134,0.9903846153846154,marginal_confidence,5,313.95642108321294
4601,67198_00014,135,0.9903846153846154,marginal_confidence,5,313.95642108321294
4602,67198_00014,136,0.9903846153846154,marginal_confidence,5,313.95642108321294
4603,67198_00014,137,0.9903846153846154,marginal_confidence,5,313.95642108321294
4604,67198_00014,138,0.9903846153846154,marginal_confidence,5,313.95642108321294
4605,67198_00014,139,0.9903846153846154,marginal_confidence,5,313.95642108321294
4606,67198_00014,140,0.9903846153846154,marginal_confidence,5,313.95642108321294
4607,67198_00014,141,0.9903846153846154,marginal_confidence,5,313.95642108321294
4608,67198_00014,142,0.9903846153846154,marginal_confidence,5,313.95642108321294
4609,67198_00014,143,0.9903846153846154,marginal_confidence,5,313.95642108321294
4610,67198_00014,144,0.9903846153846154,marginal_confidence,5,313.95642108321294
4611,67198_00014,145,0.9903846153846154,marginal_confidence,5,313.95642108321294
4612,67198_00014,146,0.9903846153846154,marginal_confidence,5,313.95642108321294
4613,67198_00014,147,0.9903846153846154,marginal_confidence,5,313.95642108321294
4614,67198_00014,148,0.9903846153846154,marginal_confidence,5,313.95642108321294
4615,67198_00014,149,0.9903846153846154,marginal_confidence,5,313.95642108321294
4616,67198_00014,150,0.9903846153846154,marginal_confidence,5,313.95642108321294
4617,67198_00014,151,0.9903846153846154,marginal_confidence,5,313.95642108321294
4618,67198_00014,152,0.9903846153846154,marginal_confidence,5,313.95642108321294
4619,67198_00014,153,0.9811320754716981,marginal_confidence,5,313.95642108321294
4620,67198_00014,154,0.9903846153846154,marginal_confidence,5,313.95642108321294
4621,67198_00014,155,0.9903846153846154,marginal_confidence,5,313.95642108321294
4622,67198_00014,156,0.9903846153846154,marginal_confidence,5,313.95642108321294
4623,67198_00014,157,0.9903846153846154,marginal_confidence,5,313.95642108321294
4624,67198_00014,158,0.9903846153846154,marginal_confidence,5,313.95642108321294
4625,67198_00014,159,0.9903846153846154,marginal_confidence,5,313.95642108321294
4626,67198_00014,160,0.9903846153846154,marginal_confidence,5,313.95642108321294
4627,67198_00014,161,0.9903846153846154,marginal_confidence,5,313.95642108321294
4628,67198_00014,162,0.9903846153846154,marginal_confidence,5,313.95642108321294
4629,67198_00014,163,0.9903846153846154,marginal_confidence,5,313.95642108321294
4630,67198_00014,164,0.9903846153846154,marginal_confidence,5,313.95642108321294
4631,67198_00014,165,0.9903846153846154,marginal_confidence,5,313.95642108321294
4632,67198_00014,166,0.9903846153846154,marginal_confidence,5,313.95642108321294
4633,67198_00014,167,0.9903846153846154,marginal_confidence,5,313.95642108321294
4634,67198_00014,168,0.9903846153846154,marginal_confidence,5,313.95642108321294
4635,67198_00014,169,0.9903846153846154,marginal_confidence,5,313.95642108321294
4636,67198_00014,170,0.9903846153846154,marginal_confidence,5,313.95642108321294
4637,67198_00014,171,0.9903846153846154,marginal_confidence,5,313.95642108321294
4638,67198_00014,172,0.9903846153846154,marginal_confidence,5,313.95642108321294
4639,67198_00014,173,0.9903846153846154,marginal_confidence,5,313.95642108321294
4640,67198_00014,174,0.9903846153846154,marginal_confidence,5,313.95642108321294
4641,67198_00014,175,0.9903846153846154,marginal_confidence,5,313.95642108321294
4642,67198_00014,176,0.9903846153846154,marginal_confidence,5,313.95642108321294
4643,67198_00014,177,0.9903846153846154,marginal_confidence,5,313.95642108321294
4644,67198_00014,178,0.9903846153846154,marginal_confidence,5,313.95642108321294
4645,67198_00014,179,0.9903846153846154,marginal_confidence,5,313.95642108321294
4646,67198_00014,180,0.9903846153846154,marginal_confidence,5,313.95642108321294
4647,67198_00014,181,0.9903846153846154,marginal_confidence,5,313.95642108321294
4648,67198_00014,182,0.9903846153846154,marginal_confidence,5,313.95642108321294
4649,67198_00014,183,0.9903846153846154,marginal_confidence,5,313.95642108321294
4650,67198_00014,184,0.9903846153846154,marginal_confidence,5,313.95642108321294
4651,67198_00014,185,0.9903846153846154,marginal_confidence,5,313.95642108321294
4652,67198_00014,186,0.9903846153846154,marginal_confidence,5,313.95642108321294
4653,67198_00014,187,0.9903846153846154,marginal_confidence,5,313.95642108321294
4654,67198_00014,188,0.9903846153846154,marginal_confidence,5,313.95642108321294
4655,67198_00014,189,0.9903846153846154,marginal_confidence,5,313.95642108321294
4656,67198_00014,190,0.9903846153846154,marginal_confidence,5,313.95642108321294
4657,67198_00014,191,1.0,marginal_confidence,5,313.95642108321294
4658,67198_00014,192,0.9903846153846154,marginal_confidence,5,313.95642108321294
4659,67198_00014,193,0.9903846153846154,marginal_confidence,5,313.95642108321294
4660,67198_00014,194,0.9903846153846154,marginal_confidence,5,313.95642108321294
4661,67198_00014,195,1.0,marginal_confidence,5,313.95642108321294
4662,67198_00014,196,0.9903846153846154,marginal_confidence,5,313.95642108321294
4663,67198_00014,197,0.9903846153846154,marginal_confidence,5,313.95642108321294
4664,67198_00014,198,0.9903846153846154,marginal_confidence,5,313.95642108321294
4665,67198_00014,199,0.9903846153846154,marginal_confidence,5,313.95642108321294
4666,67198_00014,200,0.9903846153846154,marginal_confidence,5,313.95642108321294
4667,67198_00014,201,0.9903846153846154,marginal_confidence,5,313.95642108321294
4668,67198_00014,202,0.9903846153846154,marginal_confidence,5,313.95642108321294
4669,67198_00014,203,0.9903846153846154,marginal_confidence,5,313.95642108321294
4670,67198_00014,204,0.9903846153846154,marginal_confidence,5,313.95642108321294
4671,67198_00014,205,0.9903846153846154,marginal_confidence,5,313.95642108321294
4672,67198_00014,206,0.9903846153846154,marginal_confidence,5,313.95642108321294
4673,67198_00014,207,0.9903846153846154,marginal_confidence,5,313.95642108321294
4674,67198_00014,208,0.9903846153846154,marginal_confidence,5,313.95642108321294
4675,67198_00014,209,0.9903846153846154,marginal_confidence,5,313.95642108321294
4676,67198_00014,210,0.9903846153846154,marginal_confidence,5,313.95642108321294
4677,67198_00014,211,0.9903846153846154,marginal_confidence,5,313.95642108321294
4678,67198_00014,212,0.9903846153846154,marginal_confidence,5,313.95642108321294
4679,67198_00014,213,0.9903846153846154,marginal_confidence,5,313.95642108321294
4680,67198_00014,214,0.9903846153846154,marginal_confidence,5,313.95642108321294
4681,67198_00014,215,0.9903846153846154,marginal_confidence,5,313.95642108321294
4682,67198_00014,216,0.9903846153846154,marginal_confidence,5,313.95642108321294
4683,67198_00014,217,0.9903846153846154,marginal_confidence,5,313.95642108321294
4684,67198_00014,218,0.9903846153846154,marginal_confidence,5,313.95642108321294
4685,67198_00014,219,0.9903846153846154,marginal_confidence,5,313.95642108321294
4686,67198_00014,220,0.9903846153846154,marginal_confidence,5,313.95642108321294
4687,67198_00014,221,0.9903846153846154,marginal_confidence,5,313.95642108321294
4688,67198_00014,222,0.9903846153846154,marginal_confidence,5,313.95642108321294
4689,67198_00014,223,0.9903846153846154,marginal_confidence,5,313.95642108321294
4690,67198_00014,224,0.9903846153846154,marginal_confidence,5,313.95642108321294
4691,67198_00014,225,0.9903846153846154,marginal_confidence,5,313.95642108321294
4692,67198_00014,226,0.9903846153846154,marginal_confidence,5,313.95642108321294
4693,67198_00014,227,0.9903846153846154,marginal_confidence,5,313.95642108321294
4694,67198_00014,228,0.9903846153846154,marginal_confidence,5,313.95642108321294
4695,67198_00014,229,0.9903846153846154,marginal_confidence,5,313.95642108321294
4696,67198_00014,230,0.9903846153846154,marginal_confidence,5,313.95642108321294
4697,67198_00014,231,0.9903846153846154,marginal_confidence,5,313.95642108321294
4698,67198_00014,232,0.9903846153846154,marginal_confidence,5,313.95642108321294
4699,67198_00014,233,0.9903846153846154,marginal_confidence,5,313.95642108321294
4700,67198_00014,234,0.9903846153846154,marginal_confidence,5,313.95642108321294
4701,67198_00014,235,0.9903846153846154,marginal_confidence,5,313.95642108321294
4702,67198_00014,236,0.9811320754716981,marginal_confidence,5,313.95642108321294
4703,67198_00014,237,0.9903846153846154,marginal_confidence,5,313.95642108321294
4704,67198_00014,238,0.9903846153846154,marginal_confidence,5,313.95642108321294
4705,67198_00014,239,0.9903846153846154,marginal_confidence,5,313.95642108321294
4706,67198_00014,240,0.9903846153846154,marginal_confidence,5,313.95642108321294
4707,67198_00014,241,0.9903846153846154,marginal_confidence,5,313.95642108321294
4708,67198_00014,242,0.9903846153846154,marginal_confidence,5,313.95642108321294
4709,67198_00014,243,0.9903846153846154,marginal_confidence,5,313.95642108321294
4710,67198_00014,244,0.9903846153846154,marginal_confidence,5,313.95642108321294
4711,67198_00014,245,0.9903846153846154,marginal_confidence,5,313.95642108321294
4712,67198_00014,246,0.9903846153846154,marginal_confidence,5,313.95642108321294
4713,67198_00014,247,0.9903846153846154,marginal_confidence,5,313.95642108321294
4714,67198_00014,248,0.9903846153846154,marginal_confidence,5,313.95642108321294
4715,67198_00014,249,0.9903846153846154,marginal_confidence,5,313.95642108321294
4716,67198_00014,250,0.9903846153846154,marginal_confidence,5,313.95642108321294
4717,67198_00014,251,0.9903846153846154,marginal_confidence,5,313.95642108321294
4718,67198_00014,252,0.9903846153846154,marginal_confidence,5,313.95642108321294
4719,67198_00014,253,0.9903846153846154,marginal_confidence,5,313.95642108321294
4720,67198_00014,254,0.9903846153846154,marginal_confidence,5,313.95642108321294
4721,67198_00014,255,0.9903846153846154,marginal_confidence,5,313.95642108321294
4722,67198_00014,256,0.9903846153846154,marginal_confidence,5,313.95642108321294
4723,67198_00014,257,0.9903846153846154,marginal_confidence,5,313.95642108321294
4724,67198_00014,258,0.9903846153846154,marginal_confidence,5,313.95642108321294
4725,67198_00014,259,0.9903846153846154,marginal_confidence,5,313.95642108321294
4726,67198_00014,260,0.9903846153846154,marginal_confidence,5,313.95642108321294
4727,67198_00014,261,0.9903846153846154,marginal_confidence,5,313.95642108321294
4728,67198_00014,262,0.9903846153846154,marginal_confidence,5,313.95642108321294
4729,67198_00014,263,0.9903846153846154,marginal_confidence,5,313.95642108321294
4730,67198_00014,264,0.9903846153846154,marginal_confidence,5,313.95642108321294
4731,67198_00014,265,0.9903846153846154,marginal_confidence,5,313.95642108321294
4732,67198_00014,266,0.9903846153846154,marginal_confidence,5,313.95642108321294
4733,67198_00014,267,0.9903846153846154,marginal_confidence,5,313.95642108321294
4734,67198_00014,268,0.9903846153846154,marginal_confidence,5,313.95642108321294
4735,67198_00014,269,0.9903846153846154,marginal_confidence,5,313.95642108321294
4736,67198_00014,270,0.9903846153846154,marginal_confidence,5,313.95642108321294
4737,67198_00014,271,0.9903846153846154,marginal_confidence,5,313.95642108321294
4738,67198_00014,272,0.9903846153846154,marginal_confidence,5,313.95642108321294
4739,67198_00014,273,0.9903846153846154,marginal_confidence,5,313.95642108321294
4740,67198_00014,274,0.9903846153846154,marginal_confidence,5,313.95642108321294
4741,67198_00014,275,0.9811320754716981,marginal_confidence,5,313.95642108321294
4742,67198_00014,276,0.9903846153846154,marginal_confidence,5,313.95642108321294
4743,67198_00014,277,0.9903846153846154,marginal_confidence,5,313.95642108321294
4744,67198_00014,278,0.9903846153846154,marginal_confidence,5,313.95642108321294
4745,67198_00014,279,0.9903846153846154,marginal_confidence,5,313.95642108321294
4746,67198_00014,280,0.9903846153846154,marginal_confidence,5,313.95642108321294
4747,67198_00014,281,0.9903846153846154,marginal_confidence,5,313.95642108321294
4748,67198_00014,282,0.9903846153846154,marginal_confidence,5,313.95642108321294
4749,67198_00014,283,0.9903846153846154,marginal_confidence,5,313.95642108321294
4750,67198_00014,284,0.9903846153846154,marginal_confidence,5,313.95642108321294
4751,67198_00014,285,0.9903846153846154,marginal_confidence,5,313.95642108321294
4752,67198_00014,286,0.9903846153846154,marginal_confidence,5,313.95642108321294
4753,67198_00014,287,0.9903846153846154,marginal_confidence,5,313.95642108321294
4754,67198_00014,288,0.9903846153846154,marginal_confidence,5,313.95642108321294
4755,67198_00014,289,0.9903846153846154,marginal_confidence,5,313.95642108321294
4756,67198_00014,290,0.9903846153846154,marginal_confidence,5,313.95642108321294
4757,67198_00014,291,0.9903846153846154,marginal_confidence,5,313.95642108321294
4758,67198_00014,292,0.9903846153846154,marginal_confidence,5,313.95642108321294
4759,67198_00014,293,0.9903846153846154,marginal_confidence,5,313.95642108321294
4760,67198_00014,294,0.9903846153846154,marginal_confidence,5,313.95642108321294
4761,67198_00014,295,0.9903846153846154,marginal_confidence,5,313.95642108321294
4762,67198_00014,296,0.9903846153846154,marginal_confidence,5,313.95642108321294
4763,67198_00014,297,0.9903846153846154,marginal_confidence,5,313.95642108321294
4764,67198_00014,298,0.9903846153846154,marginal_confidence,5,313.95642108321294
4765,67198_00014,299,0.9903846153846154,marginal_confidence,5,313.95642108321294
4766,67198_00014,300,0.9903846153846154,marginal_confidence,5,313.95642108321294
4767,67198_00014,301,0.9903846153846154,marginal_confidence,5,313.95642108321294
4768,67198_00014,302,0.9903846153846154,marginal_confidence,5,313.95642108321294
4769,67198_00014,303,0.9903846153846154,marginal_confidence,5,313.95642108321294
4770,67198_00014,304,0.9903846153846154,marginal_confidence,5,313.95642108321294
4771,67198_00014,305,0.9903846153846154,marginal_confidence,5,313.95642108321294
4772,67198_00014,306,0.9903846153846154,marginal_confidence,5,313.95642108321294
4773,67198_00014,307,0.9903846153846154,marginal_confidence,5,313.95642108321294
4774,67198_00014,308,0.9811320754716981,marginal_confidence,5,313.95642108321294
4775,67198_00014,309,0.9903846153846154,marginal_confidence,5,313.95642108321294
4776,67198_00014,310,0.9903846153846154,marginal_confidence,5,313.95642108321294
4777,67198_00014,311,0.9903846153846154,marginal_confidence,5,313.95642108321294
4778,67198_00014,312,0.9903846153846154,marginal_confidence,5,313.95642108321294
4779,67198_00014,313,0.9903846153846154,marginal_confidence,5,313.95642108321294
4780,67198_00014,314,0.9903846153846154,marginal_confidence,5,313.95642108321294
4781,67198_00014,315,0.9903846153846154,marginal_confidence,5,313.95642108321294
4782,67198_00014,316,0.9903846153846154,marginal_confidence,5,313.95642108321294
4783,67198_00014,317,0.9903846153846154,marginal_confidence,5,313.95642108321294
4784,67198_00014,318,0.9903846153846154,marginal_confidence,5,313.95642108321294
4785,67198_00015,0,0.6654854712969525,ratio_confidence,1,310.1799929924227
4786,67198_00015,1,0.7138752052545156,ratio_confidence,1,310.1799929924227
4787,67198_00015,2,0.7229702162382701,ratio_confidence,1,310.1799929924227
4788,67198_00015,3,0.8195187165775402,ratio_confidence,1,310.1799929924227
4789,67198_00015,4,0.8195187165775402,ratio_confidence,1,310.1799929924227
4790,67198_00015,5,0.75,ratio_confidence,1,310.1799929924227
4791,67198_00015,6,0.8888888888888888,ratio_confidence,1,310.1799929924227
4792,67198_00015,7,0.8596048759983186,ratio_confidence,1,310.1799929924227
4793,67198_00015,8,0.9811320754716981,ratio_confidence,1,310.1799929924227
4794,67198_00015,9,0.9903846153846154,ratio_confidence,1,310.1799929924227
4795,67198_00015,10,0.95,ratio_confidence,1,310.1799929924227
4796,67198_00015,11,0.9799919967987194,ratio_confidence,1,310.1799929924227
4797,67198_00015,12,0.8611111111111112,ratio_confidence,1,310.1799929924227
4798,67198_00015,13,0.9903846153846154,ratio_confidence,1,310.1799929924227
4799,67198_00015,14,0.9811320754716981,ratio_confidence,1,310.1799929924227
4800,67198_00015,15,0.9903846153846154,ratio_confidence,1,310.1799929924227
4801,67198_00015,16,0.9799919967987194,ratio_confidence,1,310.1799929924227
4802,67198_00015,17,0.9811320754716981,ratio_confidence,1,310.1799929924227
4803,67198_00015,18,0.9811320754716981,ratio_confidence,1,310.1799929924227
4804,67198_00015,19,0.9811320754716981,ratio_confidence,1,310.1799929924227
4805,67198_00015,20,0.9811320754716981,ratio_confidence,1,310.1799929924227
4806,67198_00015,21,0.9903846153846154,ratio_confidence,1,310.1799929924227
4807,67198_00015,22,0.9811320754716981,ratio_confidence,1,310.1799929924227
4808,67198_00015,23,0.9703525641025641,ratio_confidence,1,310.1799929924227
4809,67198_00015,24,0.9703525641025641,ratio_confidence,1,310.1799929924227
4810,67198_00015,25,0.9903846153846154,ratio_confidence,1,310.1799929924227
4811,67198_00015,26,0.9799919967987194,ratio_confidence,1,310.1799929924227
4812,67198_00015,27,0.9799919967987194,ratio_confidence,1,310.1799929924227
4813,67198_00015,28,0.9903846153846154,ratio_confidence,1,310.1799929924227
4814,67198_00015,29,0.9799919967987194,ratio_confidence,1,310.1799929924227
4815,67198_00015,30,0.9703525641025641,ratio_confidence,1,310.1799929924227
4816,67198_00015,31,0.9703525641025641,ratio_confidence,1,310.1799929924227
4817,67198_00015,32,0.9903846153846154,ratio_confidence,1,310.1799929924227
4818,67198_00015,33,0.9799919967987194,ratio_confidence,1,310.1799929924227
4819,67198_00015,34,0.9703525641025641,ratio_confidence,1,310.1799929924227
4820,67198_00015,35,0.9799919967987194,ratio_confidence,1,310.1799929924227
4821,67198_00015,36,0.9799919967987194,ratio_confidence,1,310.1799929924227
4822,67198_00015,37,0.9903846153846154,ratio_confidence,1,310.1799929924227
4823,67198_00015,38,0.9799919967987194,ratio_confidence,1,310.1799929924227
4824,67198_00015,39,0.9799919967987194,ratio_confidence,1,310.1799929924227
4825,67198_00015,40,0.9903846153846154,ratio_confidence,1,310.1799929924227
4826,67198_00015,41,0.9903846153846154,ratio_confidence,1,310.1799929924227
4827,67198_00015,42,0.9903846153846154,ratio_confidence,1,310.1799929924227
4828,67198_00015,43,0.9799919967987194,ratio_confidence,1,310.1799929924227
4829,67198_00015,44,0.9811320754716981,ratio_confidence,1,310.1799929924227
4830,67198_00015,45,0.9799919967987194,ratio_confidence,1,310.1799929924227
4831,67198_00015,46,0.9799919967987194,ratio_confidence,1,310.1799929924227
4832,67198_00015,47,0.9903846153846154,ratio_confidence,1,310.1799929924227
4833,67198_00015,48,0.9799919967987194,ratio_confidence,1,310.1799929924227
4834,67198_00015,49,0.9799919967987194,ratio_confidence,1,310.1799929924227
4835,67198_00015,50,0.9903846153846154,ratio_confidence,1,310.1799929924227
4836,67198_00015,51,0.9903846153846154,ratio_confidence,1,310.1799929924227
4837,67198_00015,52,0.9903846153846154,ratio_confidence,1,310.1799929924227
4838,67198_00015,53,0.9811320754716981,ratio_confidence,1,310.1799929924227
4839,67198_00015,54,0.9799919967987194,ratio_confidence,1,310.1799929924227
4840,67198_00015,55,0.9799919967987194,ratio_confidence,1,310.1799929924227
4841,67198_00015,56,0.9811320754716981,ratio_confidence,1,310.1799929924227
4842,67198_00015,57,0.9903846153846154,ratio_confidence,1,310.1799929924227
4843,67198_00015,58,0.9903846153846154,ratio_confidence,1,310.1799929924227
4844,67198_00015,59,0.9903846153846154,ratio_confidence,1,310.1799929924227
4845,67198_00015,60,0.9799919967987194,ratio_confidence,1,310.1799929924227
4846,67198_00015,61,0.9703525641025641,ratio_confidence,1,310.1799929924227
4847,67198_00015,62,0.9903846153846154,ratio_confidence,1,310.1799929924227
4848,67198_00015,63,0.9703525641025641,ratio_confidence,1,310.1799929924227
4849,67198_00015,64,1.0,ratio_confidence,1,310.1799929924227
4850,67198_00015,65,0.9903846153846154,ratio_confidence,1,310.1799929924227
4851,67198_00015,66,0.9903846153846154,ratio_confidence,1,310.1799929924227
4852,67198_00015,67,0.9799919967987194,ratio_confidence,1,310.1799929924227
4853,67198_00015,68,0.9799919967987194,ratio_confidence,1,310.1799929924227
4854,67198_00015,69,0.9799919967987194,ratio_confidence,1,310.1799929924227
4855,67198_00015,70,0.9703525641025641,ratio_confidence,1,310.1799929924227
4856,67198_00015,71,0.9811320754716981,ratio_confidence,1,310.1799929924227
4857,67198_00015,72,0.9703525641025641,ratio_confidence,1,310.1799929924227
4858,67198_00015,73,0.9799919967987194,ratio_confidence,1,310.1799929924227
4859,67198_00015,74,0.9799919967987194,ratio_confidence,1,310.1799929924227
4860,67198_00015,75,0.9799919967987194,ratio_confidence,1,310.1799929924227
4861,67198_00015,76,0.9703525641025641,ratio_confidence,1,310.1799929924227
4862,67198_00015,77,0.9703525641025641,ratio_confidence,1,310.1799929924227
4863,67198_00015,78,0.9799919967987194,ratio_confidence,1,310.1799929924227
4864,67198_00015,79,0.9903846153846154,ratio_confidence,1,310.1799929924227
4865,67198_00015,80,0.9703525641025641,ratio_confidence,1,310.1799929924227
4866,67198_00015,81,0.9799919967987194,ratio_confidence,1,310.1799929924227
4867,67198_00015,82,0.9799919967987194,ratio_confidence,1,310.1799929924227
4868,67198_00015,83,0.9703525641025641,ratio_confidence,1,310.1799929924227
4869,67198_00015,84,0.9703525641025641,ratio_confidence,1,310.1799929924227
4870,67198_00015,85,0.9799919967987194,ratio_confidence,1,310.1799929924227
4871,67198_00015,86,0.9903846153846154,ratio_confidence,1,310.1799929924227
4872,67198_00015,87,0.9799919967987194,ratio_confidence,1,310.1799929924227
4873,67198_00015,88,0.9903846153846154,ratio_confidence,1,310.1799929924227
4874,67198_00015,89,0.9811320754716981,ratio_confidence,1,310.1799929924227
4875,67198_00015,90,0.9799919967987194,ratio_confidence,1,310.1799929924227
4876,67198_00015,91,0.9799919967987194,ratio_confidence,1,310.1799929924227
4877,67198_00015,92,0.9703525641025641,ratio_confidence,1,310.1799929924227
4878,67198_00015,93,1.0,ratio_confidence,1,310.1799929924227
4879,67198_00015,94,0.9799919967987194,ratio_confidence,1,310.1799929924227
4880,67198_00015,95,0.9799919967987194,ratio_confidence,1,310.1799929924227
4881,67198_00015,96,0.9799919967987194,ratio_confidence,1,310.1799929924227
4882,67198_00015,97,0.9903846153846154,ratio_confidence,1,310.1799929924227
4883,67198_00015,98,0.9703525641025641,ratio_confidence,1,310.1799929924227
4884,67198_00015,99,0.9903846153846154,ratio_confidence,1,310.1799929924227
4885,67198_00015,100,0.9703525641025641,ratio_confidence,1,310.1799929924227
4886,67198_00015,101,0.9703525641025641,ratio_confidence,1,310.1799929924227
4887,67198_00015,102,0.9799919967987194,ratio_confidence,1,310.1799929924227
4888,67198_00015,103,0.9799919967987194,ratio_confidence,1,310.1799929924227
4889,67198_00015,104,0.9903846153846154,ratio_confidence,1,310.1799929924227
4890,67198_00015,105,0.9799919967987194,ratio_confidence,1,310.1799929924227
4891,67198_00015,106,0.9703525641025641,ratio_confidence,1,310.1799929924227
4892,67198_00015,107,0.9811320754716981,ratio_confidence,1,310.1799929924227
4893,67198_00015,108,0.9799919967987194,ratio_confidence,1,310.1799929924227
4894,67198_00015,109,0.9799919967987194,ratio_confidence,1,310.1799929924227
4895,67198_00015,110,0.9799919967987194,ratio_confidence,1,310.1799929924227
4896,67198_00015,111,0.9903846153846154,ratio_confidence,1,310.1799929924227
4897,67198_00015,112,0.9703525641025641,ratio_confidence,1,310.1799929924227
4898,67198_00015,113,0.9799919967987194,ratio_confidence,1,310.1799929924227
4899,67198_00015,114,0.9799919967987194,ratio_confidence,1,310.1799929924227
4900,67198_00015,115,0.9799919967987194,ratio_confidence,1,310.1799929924227
4901,67198_00015,116,0.9799919967987194,ratio_confidence,1,310.1799929924227
4902,67198_00015,117,0.9799919967987194,ratio_confidence,1,310.1799929924227
4903,67198_00015,118,0.9903846153846154,ratio_confidence,1,310.1799929924227
4904,67198_00015,119,0.9799919967987194,ratio_confidence,1,310.1799929924227
4905,67198_00015,120,0.9811320754716981,ratio_confidence,1,310.1799929924227
4906,67198_00015,121,0.9799919967987194,ratio_confidence,1,310.1799929924227
4907,67198_00015,122,0.9799919967987194,ratio_confidence,1,310.1799929924227
4908,67198_00015,123,0.9799919967987194,ratio_confidence,1,310.1799929924227
4909,67198_00015,124,0.9799919967987194,ratio_confidence,1,310.1799929924227
4910,67198_00015,125,0.9703525641025641,ratio_confidence,1,310.1799929924227
4911,67198_00015,126,0.9799919967987194,ratio_confidence,1,310.1799929924227
4912,67198_00015,127,0.9799919967987194,ratio_confidence,1,310.1799929924227
4913,67198_00015,128,0.9799919967987194,ratio_confidence,1,310.1799929924227
4914,67198_00015,129,0.9799919967987194,ratio_confidence,1,310.1799929924227
4915,67198_00015,130,0.9703525641025641,ratio_confidence,1,310.1799929924227
4916,67198_00015,131,0.9799919967987194,ratio_confidence,1,310.1799929924227
4917,67198_00015,132,0.9799919967987194,ratio_confidence,1,310.1799929924227
4918,67198_00015,133,0.9811320754716981,ratio_confidence,1,310.1799929924227
4919,67198_00015,134,0.9799919967987194,ratio_confidence,1,310.1799929924227
4920,67198_00015,135,0.9703525641025641,ratio_confidence,1,310.1799929924227
4921,67198_00015,136,0.9903846153846154,ratio_confidence,1,310.1799929924227
4922,67198_00015,137,0.9799919967987194,ratio_confidence,1,310.1799929924227
4923,67198_00015,138,0.9703525641025641,ratio_confidence,1,310.1799929924227
4924,67198_00015,139,0.9811320754716981,ratio_confidence,1,310.1799929924227
4925,67198_00015,140,0.9703525641025641,ratio_confidence,1,310.1799929924227
4926,67198_00015,141,0.9799919967987194,ratio_confidence,1,310.1799929924227
4927,67198_00015,142,0.9799919967987194,ratio_confidence,1,310.1799929924227
4928,67198_00015,143,0.9703525641025641,ratio_confidence,1,310.1799929924227
4929,67198_00015,144,0.9799919967987194,ratio_confidence,1,310.1799929924227
4930,67198_00015,145,0.9799919967987194,ratio_confidence,1,310.1799929924227
4931,67198_00015,146,0.9799919967987194,ratio_confidence,1,310.1799929924227
4932,67198_00015,147,0.9703525641025641,ratio_confidence,1,310.1799929924227
4933,67198_00015,148,0.9799919967987194,ratio_confidence,1,310.1799929924227
4934,67198_00015,149,0.9799919967987194,ratio_confidence,1,310.1799929924227
4935,67198_00015,150,0.9703525641025641,ratio_confidence,1,310.1799929924227
4936,67198_00015,151,0.9811320754716981,ratio_confidence,1,310.1799929924227
4937,67198_00015,152,0.9903846153846154,ratio_confidence,1,310.1799929924227
4938,67198_00015,153,0.9703525641025641,ratio_confidence,1,310.1799929924227
4939,67198_00015,154,0.9703525641025641,ratio_confidence,1,310.1799929924227
4940,67198_00015,155,0.9703525641025641,ratio_confidence,1,310.1799929924227
4941,67198_00015,156,0.9903846153846154,ratio_confidence,1,310.1799929924227
4942,67198_00015,157,0.9799919967987194,ratio_confidence,1,310.1799929924227
4943,67198_00015,158,0.9799919967987194,ratio_confidence,1,310.1799929924227
4944,67198_00015,159,0.9811320754716981,ratio_confidence,1,310.1799929924227
4945,67198_00015,160,0.9811320754716981,ratio_confidence,1,310.1799929924227
4946,67198_00015,161,0.9799919967987194,ratio_confidence,1,310.1799929924227
4947,67198_00015,162,0.9811320754716981,ratio_confidence,1,310.1799929924227
4948,67198_00015,163,0.9799919967987194,ratio_confidence,1,310.1799929924227
4949,67198_00015,164,0.9799919967987194,ratio_confidence,1,310.1799929924227
4950,67198_00015,165,0.9903846153846154,ratio_confidence,1,310.1799929924227
4951,67198_00015,166,0.9703525641025641,ratio_confidence,1,310.1799929924227
4952,67198_00015,167,0.9811320754716981,ratio_confidence,1,310.1799929924227
4953,67198_00015,168,0.9799919967987194,ratio_confidence,1,310.1799929924227
4954,67198_00015,169,0.9799919967987194,ratio_confidence,1,310.1799929924227
4955,67198_00015,170,0.9903846153846154,ratio_confidence,1,310.1799929924227
4956,67198_00015,171,0.9703525641025641,ratio_confidence,1,310.1799929924227
4957,67198_00015,172,0.9799919967987194,ratio_confidence,1,310.1799929924227
4958,67198_00015,173,0.9903846153846154,ratio_confidence,1,310.1799929924227
4959,67198_00015,174,0.9903846153846154,ratio_confidence,1,310.1799929924227
4960,67198_00015,175,0.9799919967987194,ratio_confidence,1,310.1799929924227
4961,67198_00015,176,0.9799919967987194,ratio_confidence,1,310.1799929924227
4962,67198_00015,177,0.9811320754716981,ratio_confidence,1,310.1799929924227
4963,67198_00015,178,1.0,ratio_confidence,1,310.1799929924227
4964,67198_00015,179,0.9903846153846154,ratio_confidence,1,310.1799929924227
4965,67198_00015,180,0.9799919967987194,ratio_confidence,1,310.1799929924227
4966,67198_00015,181,0.9799919967987194,ratio_confidence,1,310.1799929924227
4967,67198_00015,182,0.9903846153846154,ratio_confidence,1,310.1799929924227
4968,67198_00015,183,0.9799919967987194,ratio_confidence,1,310.1799929924227
4969,67198_00015,184,0.9703525641025641,ratio_confidence,1,310.1799929924227
4970,67198_00015,185,0.9903846153846154,ratio_confidence,1,310.1799929924227
4971,67198_00015,186,0.9799919967987194,ratio_confidence,1,310.1799929924227
4972,67198_00015,187,0.9903846153846154,ratio_confidence,1,310.1799929924227
4973,67198_00015,188,0.9799919967987194,ratio_confidence,1,310.1799929924227
4974,67198_00015,189,0.9703525641025641,ratio_confidence,1,310.1799929924227
4975,67198_00015,190,0.9799919967987194,ratio_confidence,1,310.1799929924227
4976,67198_00015,191,0.9799919967987194,ratio_confidence,1,310.1799929924227
4977,67198_00015,192,0.9799919967987194,ratio_confidence,1,310.1799929924227
4978,67198_00015,193,0.9799919967987194,ratio_confidence,1,310.1799929924227
4979,67198_00015,194,0.9903846153846154,ratio_confidence,1,310.1799929924227
4980,67198_00015,195,0.9903846153846154,ratio_confidence,1,310.1799929924227
4981,67198_00015,196,0.9903846153846154,ratio_confidence,1,310.1799929924227
4982,67198_00015,197,0.9703525641025641,ratio_confidence,1,310.1799929924227
4983,67198_00015,198,0.9703525641025641,ratio_confidence,1,310.1799929924227
4984,67198_00015,199,0.9703525641025641,ratio_confidence,1,310.1799929924227
4985,67198_00015,200,0.9799919967987194,ratio_confidence,1,310.1799929924227
4986,67198_00015,201,0.9799919967987194,ratio_confidence,1,310.1799929924227
4987,67198_00015,202,0.9799919967987194,ratio_confidence,1,310.1799929924227
4988,67198_00015,203,0.9903846153846154,ratio_confidence,1,310.1799929924227
4989,67198_00015,204,0.9703525641025641,ratio_confidence,1,310.1799929924227
4990,67198_00015,205,0.9703525641025641,ratio_confidence,1,310.1799929924227
4991,67198_00015,206,0.9703525641025641,ratio_confidence,1,310.1799929924227
4992,67198_00015,207,0.9703525641025641,ratio_confidence,1,310.1799929924227
4993,67198_00015,208,0.9799919967987194,ratio_confidence,1,310.1799929924227
4994,67198_00015,209,0.9799919967987194,ratio_confidence,1,310.1799929924227
4995,67198_00015,210,0.9703525641025641,ratio_confidence,1,310.1799929924227
4996,67198_00015,211,0.9799919967987194,ratio_confidence,1,310.1799929924227
4997,67198_00015,212,0.9811320754716981,ratio_confidence,1,310.1799929924227
4998,67198_00015,213,0.9903846153846154,ratio_confidence,1,310.1799929924227
4999,67198_00015,214,0.9799919967987194,ratio_confidence,1,310.1799929924227
5000,67198_00015,215,0.9799919967987194,ratio_confidence,1,310.1799929924227
5001,67198_00015,216,0.9903846153846154,ratio_confidence,1,310.1799929924227
5002,67198_00015,217,0.9799919967987194,ratio_confidence,1,310.1799929924227
5003,67198_00015,218,0.9799919967987194,ratio_confidence,1,310.1799929924227
5004,67198_00015,219,0.9703525641025641,ratio_confidence,1,310.1799929924227
5005,67198_00015,220,0.9811320754716981,ratio_confidence,1,310.1799929924227
5006,67198_00015,221,0.9799919967987194,ratio_confidence,1,310.1799929924227
5007,67198_00015,222,0.9799919967987194,ratio_confidence,1,310.1799929924227
5008,67198_00015,223,0.9799919967987194,ratio_confidence,1,310.1799929924227
5009,67198_00015,224,0.9799919967987194,ratio_confidence,1,310.1799929924227
5010,67198_00015,225,0.9799919967987194,ratio_confidence,1,310.1799929924227
5011,67198_00015,226,0.9903846153846154,ratio_confidence,1,310.1799929924227
5012,67198_00015,227,0.9799919967987194,ratio_confidence,1,310.1799929924227
5013,67198_00015,228,0.9903846153846154,ratio_confidence,1,310.1799929924227
5014,67198_00015,229,0.9703525641025641,ratio_confidence,1,310.1799929924227
5015,67198_00015,230,0.9811320754716981,ratio_confidence,1,310.1799929924227
5016,67198_00015,231,0.9703525641025641,ratio_confidence,1,310.1799929924227
5017,67198_00015,232,0.9799919967987194,ratio_confidence,1,310.1799929924227
5018,67198_00015,233,0.9799919967987194,ratio_confidence,1,310.1799929924227
5019,67198_00015,234,0.9799919967987194,ratio_confidence,1,310.1799929924227
5020,67198_00015,235,0.9703525641025641,ratio_confidence,1,310.1799929924227
5021,67198_00015,236,0.9903846153846154,ratio_confidence,1,310.1799929924227
5022,67198_00015,237,0.9903846153846154,ratio_confidence,1,310.1799929924227
5023,67198_00015,238,0.9799919967987194,ratio_confidence,1,310.1799929924227
5024,67198_00015,239,0.9703525641025641,ratio_confidence,1,310.1799929924227
5025,67198_00015,240,0.9703525641025641,ratio_confidence,1,310.1799929924227
5026,67198_00015,241,0.9799919967987194,ratio_confidence,1,310.1799929924227
5027,67198_00015,242,0.9703525641025641,ratio_confidence,1,310.1799929924227
5028,67198_00015,243,0.9799919967987194,ratio_confidence,1,310.1799929924227
5029,67198_00015,244,0.9799919967987194,ratio_confidence,1,310.1799929924227
5030,67198_00015,245,0.9799919967987194,ratio_confidence,1,310.1799929924227
5031,67198_00015,246,0.9799919967987194,ratio_confidence,1,310.1799929924227
5032,67198_00015,247,0.9799919967987194,ratio_confidence,1,310.1799929924227
5033,67198_00015,248,0.9811320754716981,ratio_confidence,1,310.1799929924227
5034,67198_00015,249,0.9799919967987194,ratio_confidence,1,310.1799929924227
5035,67198_00015,250,0.9799919967987194,ratio_confidence,1,310.1799929924227
5036,67198_00015,251,0.9799919967987194,ratio_confidence,1,310.1799929924227
5037,67198_00015,252,0.9811320754716981,ratio_confidence,1,310.1799929924227
5038,67198_00015,253,0.9799919967987194,ratio_confidence,1,310.1799929924227
5039,67198_00015,254,0.9799919967987194,ratio_confidence,1,310.1799929924227
5040,67198_00015,255,0.9799919967987194,ratio_confidence,1,310.1799929924227
5041,67198_00015,256,0.9799919967987194,ratio_confidence,1,310.1799929924227
5042,67198_00015,257,0.9799919967987194,ratio_confidence,1,310.1799929924227
5043,67198_00015,258,0.9799919967987194,ratio_confidence,1,310.1799929924227
5044,67198_00015,259,0.9799919967987194,ratio_confidence,1,310.1799929924227
5045,67198_00015,260,0.9703525641025641,ratio_confidence,1,310.1799929924227
5046,67198_00015,261,0.9799919967987194,ratio_confidence,1,310.1799929924227
5047,67198_00015,262,0.9799919967987194,ratio_confidence,1,310.1799929924227
5048,67198_00015,263,0.9799919967987194,ratio_confidence,1,310.1799929924227
5049,67198_00015,264,0.9799919967987194,ratio_confidence,1,310.1799929924227
5050,67198_00015,265,0.9799919967987194,ratio_confidence,1,310.1799929924227
5051,67198_00015,266,0.9903846153846154,ratio_confidence,1,310.1799929924227
5052,67198_00015,267,0.9811320754716981,ratio_confidence,1,310.1799929924227
5053,67198_00015,268,0.9799919967987194,ratio_confidence,1,310.1799929924227
5054,67198_00015,269,0.9903846153846154,ratio_confidence,1,310.1799929924227
5055,67198_00015,270,0.9799919967987194,ratio_confidence,1,310.1799929924227
5056,67198_00015,271,0.9799919967987194,ratio_confidence,1,310.1799929924227
5057,67198_00015,272,0.9903846153846154,ratio_confidence,1,310.1799929924227
5058,67198_00015,273,0.9811320754716981,ratio_confidence,1,310.1799929924227
5059,67198_00015,274,0.9703525641025641,ratio_confidence,1,310.1799929924227
5060,67198_00015,275,0.9799919967987194,ratio_confidence,1,310.1799929924227
5061,67198_00015,276,0.9799919967987194,ratio_confidence,1,310.1799929924227
5062,67198_00015,277,0.9799919967987194,ratio_confidence,1,310.1799929924227
5063,67198_00015,278,0.9799919967987194,ratio_confidence,1,310.1799929924227
5064,67198_00015,279,0.9799919967987194,ratio_confidence,1,310.1799929924227
5065,67198_00015,280,0.9903846153846154,ratio_confidence,1,310.1799929924227
5066,67198_00015,281,0.9799919967987194,ratio_confidence,1,310.1799929924227
5067,67198_00015,282,0.9903846153846154,ratio_confidence,1,310.1799929924227
5068,67198_00015,283,0.9799919967987194,ratio_confidence,1,310.1799929924227
5069,67198_00015,284,0.9703525641025641,ratio_confidence,1,310.1799929924227
5070,67198_00015,285,0.9799919967987194,ratio_confidence,1,310.1799929924227
5071,67198_00015,286,0.9799919967987194,ratio_confidence,1,310.1799929924227
5072,67198_00015,287,0.9799919967987194,ratio_confidence,1,310.1799929924227
5073,67198_00015,288,0.9799919967987194,ratio_confidence,1,310.1799929924227
5074,67198_00015,289,0.9903846153846154,ratio_confidence,1,310.1799929924227
5075,67198_00015,290,0.9799919967987194,ratio_confidence,1,310.1799929924227
5076,67198_00015,291,0.9799919967987194,ratio_confidence,1,310.1799929924227
5077,67198_00015,292,0.9799919967987194,ratio_confidence,1,310.1799929924227
5078,67198_00015,293,0.9903846153846154,ratio_confidence,1,310.1799929924227
5079,67198_00015,294,0.9703525641025641,ratio_confidence,1,310.1799929924227
5080,67198_00015,295,0.9799919967987194,ratio_confidence,1,310.1799929924227
5081,67198_00015,296,0.9799919967987194,ratio_confidence,1,310.1799929924227
5082,67198_00015,297,0.9811320754716981,ratio_confidence,1,310.1799929924227
5083,67198_00015,298,0.9799919967987194,ratio_confidence,1,310.1799929924227
5084,67198_00015,299,0.9703525641025641,ratio_confidence,1,310.1799929924227
5085,67198_00015,300,0.9799919967987194,ratio_confidence,1,310.1799929924227
5086,67198_00015,301,0.9799919967987194,ratio_confidence,1,310.1799929924227
5087,67198_00015,302,0.9799919967987194,ratio_confidence,1,310.1799929924227
5088,67198_00015,303,0.9799919967987194,ratio_confidence,1,310.1799929924227
5089,67198_00015,304,0.9799919967987194,ratio_confidence,1,310.1799929924227
5090,67198_00015,305,0.9799919967987194,ratio_confidence,1,310.1799929924227
5091,67198_00015,306,0.9799919967987194,ratio_confidence,1,310.1799929924227
5092,67198_00015,307,0.9799919967987194,ratio_confidence,1,310.1799929924227
5093,67198_00015,308,0.9799919967987194,ratio_confidence,1,310.1799929924227
5094,67198_00015,309,0.9903846153846154,ratio_confidence,1,310.1799929924227
5095,67198_00015,310,0.9799919967987194,ratio_confidence,1,310.1799929924227
5096,67198_00015,311,0.9703525641025641,ratio_confidence,1,310.1799929924227
5097,67198_00015,312,0.9811320754716981,ratio_confidence,1,310.1799929924227
5098,67198_00015,313,0.9799919967987194,ratio_confidence,1,310.1799929924227
5099,67198_00015,314,0.9799919967987194,ratio_confidence,1,310.1799929924227
5100,67198_00015,315,0.9799919967987194,ratio_confidence,1,310.1799929924227
5101,67198_00015,316,0.9703525641025641,ratio_confidence,1,310.1799929924227
5102,67198_00015,317,0.9703525641025641,ratio_confidence,1,310.1799929924227
5103,67198_00015,318,0.9703525641025641,ratio_confidence,1,310.1799929924227
5104,67198_00016,0,0.42371323529411764,ratio_confidence,2,316.6379233010467
5105,67198_00016,1,0.8642857142857143,ratio_confidence,2,316.6379233010467
5106,67198_00016,2,0.7816091954022988,ratio_confidence,2,316.6379233010467
5107,67198_00016,3,0.8430574400723654,ratio_confidence,2,316.6379233010467
5108,67198_00016,4,1.0,ratio_confidence,2,316.6379233010467
5109,67198_00016,5,1.0,ratio_confidence,2,316.6379233010467
5110,67198_00016,6,0.9553571428571428,ratio_confidence,2,316.6379233010467
5111,67198_00016,7,0.890224358974359,ratio_confidence,2,316.6379233010467
5112,67198_00016,8,0.79,ratio_confidence,2,316.6379233010467
5113,67198_00016,9,0.9319645732689211,ratio_confidence,2,316.6379233010467
5114,67198_00016,10,0.9803921568627452,ratio_confidence,2,316.6379233010467
5115,67198_00016,11,1.0,ratio_confidence,2,316.6379233010467
5116,67198_00016,12,0.9434343434343434,ratio_confidence,2,316.6379233010467
5117,67198_00016,13,1.0,ratio_confidence,2,316.6379233010467
5118,67198_00016,14,1.0,ratio_confidence,2,316.6379233010467
5119,67198_00016,15,1.0,ratio_confidence,2,316.6379233010467
5120,67198_00016,16,1.0,ratio_confidence,2,316.6379233010467
5121,67198_00016,17,0.9553571428571428,ratio_confidence,2,316.6379233010467
5122,67198_00016,18,1.0,ratio_confidence,2,316.6379233010467
5123,67198_00016,19,1.0,ratio_confidence,2,316.6379233010467
5124,67198_00016,20,0.9903846153846154,ratio_confidence,2,316.6379233010467
5125,67198_00016,21,1.0,ratio_confidence,2,316.6379233010467
5126,67198_00016,22,1.0,ratio_confidence,2,316.6379233010467
5127,67198_00016,23,1.0,ratio_confidence,2,316.6379233010467
5128,67198_00016,24,1.0,ratio_confidence,2,316.6379233010467
5129,67198_00016,25,1.0,ratio_confidence,2,316.6379233010467
5130,67198_00016,26,1.0,ratio_confidence,2,316.6379233010467
5131,67198_00016,27,1.0,ratio_confidence,2,316.6379233010467
5132,67198_00016,28,1.0,ratio_confidence,2,316.6379233010467
5133,67198_00016,29,1.0,ratio_confidence,2,316.6379233010467
5134,67198_00016,30,1.0,ratio_confidence,2,316.6379233010467
5135,67198_00016,31,1.0,ratio_confidence,2,316.6379233010467
5136,67198_00016,32,1.0,ratio_confidence,2,316.6379233010467
5137,67198_00016,33,1.0,ratio_confidence,2,316.6379233010467
5138,67198_00016,34,1.0,ratio_confidence,2,316.6379233010467
5139,67198_00016,35,1.0,ratio_confidence,2,316.6379233010467
5140,67198_00016,36,1.0,ratio_confidence,2,316.6379233010467
5141,67198_00016,37,1.0,ratio_confidence,2,316.6379233010467
5142,67198_00016,38,1.0,ratio_confidence,2,316.6379233010467
5143,67198_00016,39,1.0,ratio_confidence,2,316.6379233010467
5144,67198_00016,40,1.0,ratio_confidence,2,316.6379233010467
5145,67198_00016,41,1.0,ratio_confidence,2,316.6379233010467
5146,67198_00016,42,1.0,ratio_confidence,2,316.6379233010467
5147,67198_00016,43,1.0,ratio_confidence,2,316.6379233010467
5148,67198_00016,44,1.0,ratio_confidence,2,316.6379233010467
5149,67198_00016,45,1.0,ratio_confidence,2,316.6379233010467
5150,67198_00016,46,1.0,ratio_confidence,2,316.6379233010467
5151,67198_00016,47,1.0,ratio_confidence,2,316.6379233010467
5152,67198_00016,48,1.0,ratio_confidence,2,316.6379233010467
5153,67198_00016,49,1.0,ratio_confidence,2,316.6379233010467
5154,67198_00016,50,1.0,ratio_confidence,2,316.6379233010467
5155,67198_00016,51,1.0,ratio_confidence,2,316.6379233010467
5156,67198_00016,52,1.0,ratio_confidence,2,316.6379233010467
5157,67198_00016,53,1.0,ratio_confidence,2,316.6379233010467
5158,67198_00016,54,1.0,ratio_confidence,2,316.6379233010467
5159,67198_00016,55,1.0,ratio_confidence,2,316.6379233010467
5160,67198_00016,56,1.0,ratio_confidence,2,316.6379233010467
5161,67198_00016,57,1.0,ratio_confidence,2,316.6379233010467
5162,67198_00016,58,1.0,ratio_confidence,2,316.6379233010467
5163,67198_00016,59,1.0,ratio_confidence,2,316.6379233010467
5164,67198_00016,60,1.0,ratio_confidence,2,316.6379233010467
5165,67198_00016,61,1.0,ratio_confidence,2,316.6379233010467
5166,67198_00016,62,1.0,ratio_confidence,2,316.6379233010467
5167,67198_00016,63,1.0,ratio_confidence,2,316.6379233010467
5168,67198_00016,64,1.0,ratio_confidence,2,316.6379233010467
5169,67198_00016,65,1.0,ratio_confidence,2,316.6379233010467
5170,67198_00016,66,1.0,ratio_confidence,2,316.6379233010467
5171,67198_00016,67,1.0,ratio_confidence,2,316.6379233010467
5172,67198_00016,68,1.0,ratio_confidence,2,316.6379233010467
5173,67198_00016,69,1.0,ratio_confidence,2,316.6379233010467
5174,67198_00016,70,1.0,ratio_confidence,2,316.6379233010467
5175,67198_00016,71,1.0,ratio_confidence,2,316.6379233010467
5176,67198_00016,72,1.0,ratio_confidence,2,316.6379233010467
5177,67198_00016,73,1.0,ratio_confidence,2,316.6379233010467
5178,67198_00016,74,1.0,ratio_confidence,2,316.6379233010467
5179,67198_00016,75,1.0,ratio_confidence,2,316.6379233010467
5180,67198_00016,76,1.0,ratio_confidence,2,316.6379233010467
5181,67198_00016,77,1.0,ratio_confidence,2,316.6379233010467
5182,67198_00016,78,1.0,ratio_confidence,2,316.6379233010467
5183,67198_00016,79,1.0,ratio_confidence,2,316.6379233010467
5184,67198_00016,80,1.0,ratio_confidence,2,316.6379233010467
5185,67198_00016,81,1.0,ratio_confidence,2,316.6379233010467
5186,67198_00016,82,1.0,ratio_confidence,2,316.6379233010467
5187,67198_00016,83,1.0,ratio_confidence,2,316.6379233010467
5188,67198_00016,84,1.0,ratio_confidence,2,316.6379233010467
5189,67198_00016,85,1.0,ratio_confidence,2,316.6379233010467
5190,67198_00016,86,1.0,ratio_confidence,2,316.6379233010467
5191,67198_00016,87,1.0,ratio_confidence,2,316.6379233010467
5192,67198_00016,88,1.0,ratio_confidence,2,316.6379233010467
5193,67198_00016,89,1.0,ratio_confidence,2,316.6379233010467
5194,67198_00016,90,1.0,ratio_confidence,2,316.6379233010467
5195,67198_00016,91,1.0,ratio_confidence,2,316.6379233010467
5196,67198_00016,92,1.0,ratio_confidence,2,316.6379233010467
5197,67198_00016,93,1.0,ratio_confidence,2,316.6379233010467
5198,67198_00016,94,1.0,ratio_confidence,2,316.6379233010467
5199,67198_00016,95,1.0,ratio_confidence,2,316.6379233010467
5200,67198_00016,96,1.0,ratio_confidence,2,316.6379233010467
5201,67198_00016,97,1.0,ratio_confidence,2,316.6379233010467
5202,67198_00016,98,1.0,ratio_confidence,2,316.6379233010467
5203,67198_00016,99,1.0,ratio_confidence,2,316.6379233010467
5204,67198_00016,100,1.0,ratio_confidence,2,316.6379233010467
5205,67198_00016,101,1.0,ratio_confidence,2,316.6379233010467
5206,67198_00016,102,1.0,ratio_confidence,2,316.6379233010467
5207,67198_00016,103,1.0,ratio_confidence,2,316.6379233010467
5208,67198_00016,104,1.0,ratio_confidence,2,316.6379233010467
5209,67198_00016,105,1.0,ratio_confidence,2,316.6379233010467
5210,67198_00016,106,1.0,ratio_confidence,2,316.6379233010467
5211,67198_00016,107,1.0,ratio_confidence,2,316.6379233010467
5212,67198_00016,108,1.0,ratio_confidence,2,316.6379233010467
5213,67198_00016,109,1.0,ratio_confidence,2,316.6379233010467
5214,67198_00016,110,1.0,ratio_confidence,2,316.6379233010467
5215,67198_00016,111,1.0,ratio_confidence,2,316.6379233010467
5216,67198_00016,112,1.0,ratio_confidence,2,316.6379233010467
5217,67198_00016,113,1.0,ratio_confidence,2,316.6379233010467
5218,67198_00016,114,1.0,ratio_confidence,2,316.6379233010467
5219,67198_00016,115,1.0,ratio_confidence,2,316.6379233010467
5220,67198_00016,116,1.0,ratio_confidence,2,316.6379233010467
5221,67198_00016,117,1.0,ratio_confidence,2,316.6379233010467
5222,67198_00016,118,1.0,ratio_confidence,2,316.6379233010467
5223,67198_00016,119,1.0,ratio_confidence,2,316.6379233010467
5224,67198_00016,120,1.0,ratio_confidence,2,316.6379233010467
5225,67198_00016,121,1.0,ratio_confidence,2,316.6379233010467
5226,67198_00016,122,1.0,ratio_confidence,2,316.6379233010467
5227,67198_00016,123,1.0,ratio_confidence,2,316.6379233010467
5228,67198_00016,124,1.0,ratio_confidence,2,316.6379233010467
5229,67198_00016,125,1.0,ratio_confidence,2,316.6379233010467
5230,67198_00016,126,1.0,ratio_confidence,2,316.6379233010467
5231,67198_00016,127,1.0,ratio_confidence,2,316.6379233010467
5232,67198_00016,128,1.0,ratio_confidence,2,316.6379233010467
5233,67198_00016,129,1.0,ratio_confidence,2,316.6379233010467
5234,67198_00016,130,1.0,ratio_confidence,2,316.6379233010467
5235,67198_00016,131,1.0,ratio_confidence,2,316.6379233010467
5236,67198_00016,132,1.0,ratio_confidence,2,316.6379233010467
5237,67198_00016,133,1.0,ratio_confidence,2,316.6379233010467
5238,67198_00016,134,1.0,ratio_confidence,2,316.6379233010467
5239,67198_00016,135,1.0,ratio_confidence,2,316.6379233010467
5240,67198_00016,136,1.0,ratio_confidence,2,316.6379233010467
5241,67198_00016,137,1.0,ratio_confidence,2,316.6379233010467
5242,67198_00016,138,1.0,ratio_confidence,2,316.6379233010467
5243,67198_00016,139,1.0,ratio_confidence,2,316.6379233010467
5244,67198_00016,140,1.0,ratio_confidence,2,316.6379233010467
5245,67198_00016,141,1.0,ratio_confidence,2,316.6379233010467
5246,67198_00016,142,1.0,ratio_confidence,2,316.6379233010467
5247,67198_00016,143,1.0,ratio_confidence,2,316.6379233010467
5248,67198_00016,144,1.0,ratio_confidence,2,316.6379233010467
5249,67198_00016,145,1.0,ratio_confidence,2,316.6379233010467
5250,67198_00016,146,1.0,ratio_confidence,2,316.6379233010467
5251,67198_00016,147,1.0,ratio_confidence,2,316.6379233010467
5252,67198_00016,148,1.0,ratio_confidence,2,316.6379233010467
5253,67198_00016,149,1.0,ratio_confidence,2,316.6379233010467
5254,67198_00016,150,1.0,ratio_confidence,2,316.6379233010467
5255,67198_00016,151,1.0,ratio_confidence,2,316.6379233010467
5256,67198_00016,152,1.0,ratio_confidence,2,316.6379233010467
5257,67198_00016,153,1.0,ratio_confidence,2,316.6379233010467
5258,67198_00016,154,1.0,ratio_confidence,2,316.6379233010467
5259,67198_00016,155,1.0,ratio_confidence,2,316.6379233010467
5260,67198_00016,156,1.0,ratio_confidence,2,316.6379233010467
5261,67198_00016,157,1.0,ratio_confidence,2,316.6379233010467
5262,67198_00016,158,1.0,ratio_confidence,2,316.6379233010467
5263,67198_00016,159,1.0,ratio_confidence,2,316.6379233010467
5264,67198_00016,160,1.0,ratio_confidence,2,316.6379233010467
5265,67198_00016,161,1.0,ratio_confidence,2,316.6379233010467
5266,67198_00016,162,1.0,ratio_confidence,2,316.6379233010467
5267,67198_00016,163,1.0,ratio_confidence,2,316.6379233010467
5268,67198_00016,164,1.0,ratio_confidence,2,316.6379233010467
5269,67198_00016,165,1.0,ratio_confidence,2,316.6379233010467
5270,67198_00016,166,1.0,ratio_confidence,2,316.6379233010467
5271,67198_00016,167,1.0,ratio_confidence,2,316.6379233010467
5272,67198_00016,168,1.0,ratio_confidence,2,316.6379233010467
5273,67198_00016,169,1.0,ratio_confidence,2,316.6379233010467
5274,67198_00016,170,1.0,ratio_confidence,2,316.6379233010467
5275,67198_00016,171,1.0,ratio_confidence,2,316.6379233010467
5276,67198_00016,172,1.0,ratio_confidence,2,316.6379233010467
5277,67198_00016,173,1.0,ratio_confidence,2,316.6379233010467
5278,67198_00016,174,1.0,ratio_confidence,2,316.6379233010467
5279,67198_00016,175,1.0,ratio_confidence,2,316.6379233010467
5280,67198_00016,176,1.0,ratio_confidence,2,316.6379233010467
5281,67198_00016,177,1.0,ratio_confidence,2,316.6379233010467
5282,67198_00016,178,1.0,ratio_confidence,2,316.6379233010467
5283,67198_00016,179,1.0,ratio_confidence,2,316.6379233010467
5284,67198_00016,180,1.0,ratio_confidence,2,316.6379233010467
5285,67198_00016,181,1.0,ratio_confidence,2,316.6379233010467
5286,67198_00016,182,1.0,ratio_confidence,2,316.6379233010467
5287,67198_00016,183,1.0,ratio_confidence,2,316.6379233010467
5288,67198_00016,184,1.0,ratio_confidence,2,316.6379233010467
5289,67198_00016,185,1.0,ratio_confidence,2,316.6379233010467
5290,67198_00016,186,1.0,ratio_confidence,2,316.6379233010467
5291,67198_00016,187,1.0,ratio_confidence,2,316.6379233010467
5292,67198_00016,188,1.0,ratio_confidence,2,316.6379233010467
5293,67198_00016,189,1.0,ratio_confidence,2,316.6379233010467
5294,67198_00016,190,1.0,ratio_confidence,2,316.6379233010467
5295,67198_00016,191,1.0,ratio_confidence,2,316.6379233010467
5296,67198_00016,192,1.0,ratio_confidence,2,316.6379233010467
5297,67198_00016,193,1.0,ratio_confidence,2,316.6379233010467
5298,67198_00016,194,1.0,ratio_confidence,2,316.6379233010467
5299,67198_00016,195,1.0,ratio_confidence,2,316.6379233010467
5300,67198_00016,196,1.0,ratio_confidence,2,316.6379233010467
5301,67198_00016,197,1.0,ratio_confidence,2,316.6379233010467
5302,67198_00016,198,1.0,ratio_confidence,2,316.6379233010467
5303,67198_00016,199,1.0,ratio_confidence,2,316.6379233010467
5304,67198_00016,200,1.0,ratio_confidence,2,316.6379233010467
5305,67198_00016,201,1.0,ratio_confidence,2,316.6379233010467
5306,67198_00016,202,1.0,ratio_confidence,2,316.6379233010467
5307,67198_00016,203,1.0,ratio_confidence,2,316.6379233010467
5308,67198_00016,204,1.0,ratio_confidence,2,316.6379233010467
5309,67198_00016,205,1.0,ratio_confidence,2,316.6379233010467
5310,67198_00016,206,1.0,ratio_confidence,2,316.6379233010467
5311,67198_00016,207,1.0,ratio_confidence,2,316.6379233010467
5312,67198_00016,208,1.0,ratio_confidence,2,316.6379233010467
5313,67198_00016,209,1.0,ratio_confidence,2,316.6379233010467
5314,67198_00016,210,1.0,ratio_confidence,2,316.6379233010467
5315,67198_00016,211,1.0,ratio_confidence,2,316.6379233010467
5316,67198_00016,212,1.0,ratio_confidence,2,316.6379233010467
5317,67198_00016,213,1.0,ratio_confidence,2,316.6379233010467
5318,67198_00016,214,1.0,ratio_confidence,2,316.6379233010467
5319,67198_00016,215,1.0,ratio_confidence,2,316.6379233010467
5320,67198_00016,216,1.0,ratio_confidence,2,316.6379233010467
5321,67198_00016,217,1.0,ratio_confidence,2,316.6379233010467
5322,67198_00016,218,1.0,ratio_confidence,2,316.6379233010467
5323,67198_00016,219,1.0,ratio_confidence,2,316.6379233010467
5324,67198_00016,220,1.0,ratio_confidence,2,316.6379233010467
5325,67198_00016,221,1.0,ratio_confidence,2,316.6379233010467
5326,67198_00016,222,1.0,ratio_confidence,2,316.6379233010467
5327,67198_00016,223,1.0,ratio_confidence,2,316.6379233010467
5328,67198_00016,224,1.0,ratio_confidence,2,316.6379233010467
5329,67198_00016,225,1.0,ratio_confidence,2,316.6379233010467
5330,67198_00016,226,1.0,ratio_confidence,2,316.6379233010467
5331,67198_00016,227,1.0,ratio_confidence,2,316.6379233010467
5332,67198_00016,228,1.0,ratio_confidence,2,316.6379233010467
5333,67198_00016,229,1.0,ratio_confidence,2,316.6379233010467
5334,67198_00016,230,1.0,ratio_confidence,2,316.6379233010467
5335,67198_00016,231,1.0,ratio_confidence,2,316.6379233010467
5336,67198_00016,232,1.0,ratio_confidence,2,316.6379233010467
5337,67198_00016,233,1.0,ratio_confidence,2,316.6379233010467
5338,67198_00016,234,1.0,ratio_confidence,2,316.6379233010467
5339,67198_00016,235,1.0,ratio_confidence,2,316.6379233010467
5340,67198_00016,236,1.0,ratio_confidence,2,316.6379233010467
5341,67198_00016,237,1.0,ratio_confidence,2,316.6379233010467
5342,67198_00016,238,1.0,ratio_confidence,2,316.6379233010467
5343,67198_00016,239,1.0,ratio_confidence,2,316.6379233010467
5344,67198_00016,240,1.0,ratio_confidence,2,316.6379233010467
5345,67198_00016,241,1.0,ratio_confidence,2,316.6379233010467
5346,67198_00016,242,1.0,ratio_confidence,2,316.6379233010467
5347,67198_00016,243,1.0,ratio_confidence,2,316.6379233010467
5348,67198_00016,244,1.0,ratio_confidence,2,316.6379233010467
5349,67198_00016,245,1.0,ratio_confidence,2,316.6379233010467
5350,67198_00016,246,1.0,ratio_confidence,2,316.6379233010467
5351,67198_00016,247,1.0,ratio_confidence,2,316.6379233010467
5352,67198_00016,248,1.0,ratio_confidence,2,316.6379233010467
5353,67198_00016,249,1.0,ratio_confidence,2,316.6379233010467
5354,67198_00016,250,1.0,ratio_confidence,2,316.6379233010467
5355,67198_00016,251,1.0,ratio_confidence,2,316.6379233010467
5356,67198_00016,252,1.0,ratio_confidence,2,316.6379233010467
5357,67198_00016,253,1.0,ratio_confidence,2,316.6379233010467
5358,67198_00016,254,1.0,ratio_confidence,2,316.6379233010467
5359,67198_00016,255,1.0,ratio_confidence,2,316.6379233010467
5360,67198_00016,256,1.0,ratio_confidence,2,316.6379233010467
5361,67198_00016,257,1.0,ratio_confidence,2,316.6379233010467
5362,67198_00016,258,1.0,ratio_confidence,2,316.6379233010467
5363,67198_00016,259,1.0,ratio_confidence,2,316.6379233010467
5364,67198_00016,260,1.0,ratio_confidence,2,316.6379233010467
5365,67198_00016,261,1.0,ratio_confidence,2,316.6379233010467
5366,67198_00016,262,1.0,ratio_confidence,2,316.6379233010467
5367,67198_00016,263,1.0,ratio_confidence,2,316.6379233010467
5368,67198_00016,264,1.0,ratio_confidence,2,316.6379233010467
5369,67198_00016,265,1.0,ratio_confidence,2,316.6379233010467
5370,67198_00016,266,1.0,ratio_confidence,2,316.6379233010467
5371,67198_00016,267,1.0,ratio_confidence,2,316.6379233010467
5372,67198_00016,268,1.0,ratio_confidence,2,316.6379233010467
5373,67198_00016,269,1.0,ratio_confidence,2,316.6379233010467
5374,67198_00016,270,1.0,ratio_confidence,2,316.6379233010467
5375,67198_00016,271,1.0,ratio_confidence,2,316.6379233010467
5376,67198_00016,272,1.0,ratio_confidence,2,316.6379233010467
5377,67198_00016,273,1.0,ratio_confidence,2,316.6379233010467
5378,67198_00016,274,1.0,ratio_confidence,2,316.6379233010467
5379,67198_00016,275,1.0,ratio_confidence,2,316.6379233010467
5380,67198_00016,276,1.0,ratio_confidence,2,316.6379233010467
5381,67198_00016,277,1.0,ratio_confidence,2,316.6379233010467
5382,67198_00016,278,1.0,ratio_confidence,2,316.6379233010467
5383,67198_00016,279,1.0,ratio_confidence,2,316.6379233010467
5384,67198_00016,280,1.0,ratio_confidence,2,316.6379233010467
5385,67198_00016,281,1.0,ratio_confidence,2,316.6379233010467
5386,67198_00016,282,1.0,ratio_confidence,2,316.6379233010467
5387,67198_00016,283,1.0,ratio_confidence,2,316.6379233010467
5388,67198_00016,284,1.0,ratio_confidence,2,316.6379233010467
5389,67198_00016,285,1.0,ratio_confidence,2,316.6379233010467
5390,67198_00016,286,1.0,ratio_confidence,2,316.6379233010467
5391,67198_00016,287,1.0,ratio_confidence,2,316.6379233010467
5392,67198_00016,288,1.0,ratio_confidence,2,316.6379233010467
5393,67198_00016,289,1.0,ratio_confidence,2,316.6379233010467
5394,67198_00016,290,1.0,ratio_confidence,2,316.6379233010467
5395,67198_00016,291,1.0,ratio_confidence,2,316.6379233010467
5396,67198_00016,292,1.0,ratio_confidence,2,316.6379233010467
5397,67198_00016,293,1.0,ratio_confidence,2,316.6379233010467
5398,67198_00016,294,1.0,ratio_confidence,2,316.6379233010467
5399,67198_00016,295,1.0,ratio_confidence,2,316.6379233010467
5400,67198_00016,296,1.0,ratio_confidence,2,316.6379233010467
5401,67198_00016,297,1.0,ratio_confidence,2,316.6379233010467
5402,67198_00016,298,1.0,ratio_confidence,2,316.6379233010467
5403,67198_00016,299,1.0,ratio_confidence,2,316.6379233010467
5404,67198_00016,300,1.0,ratio_confidence,2,316.6379233010467
5405,67198_00016,301,1.0,ratio_confidence,2,316.6379233010467
5406,67198_00016,302,1.0,ratio_confidence,2,316.6379233010467
5407,67198_00016,303,1.0,ratio_confidence,2,316.6379233010467
5408,67198_00016,304,1.0,ratio_confidence,2,316.6379233010467
5409,67198_00016,305,1.0,ratio_confidence,2,316.6379233010467
5410,67198_00016,306,1.0,ratio_confidence,2,316.6379233010467
5411,67198_00016,307,1.0,ratio_confidence,2,316.6379233010467
5412,67198_00016,308,1.0,ratio_confidence,2,316.6379233010467
5413,67198_00016,309,1.0,ratio_confidence,2,316.6379233010467
5414,67198_00016,310,1.0,ratio_confidence,2,316.6379233010467
5415,67198_00016,311,1.0,ratio_confidence,2,316.6379233010467
5416,67198_00016,312,1.0,ratio_confidence,2,316.6379233010467
5417,67198_00016,313,1.0,ratio_confidence,2,316.6379233010467
5418,67198_00016,314,1.0,ratio_confidence,2,316.6379233010467
5419,67198_00016,315,1.0,ratio_confidence,2,316.6379233010467
5420,67198_00016,316,1.0,ratio_confidence,2,316.6379233010467
5421,67198_00016,317,1.0,ratio_confidence,2,316.6379233010467
5422,67198_00016,318,1.0,ratio_confidence,2,316.6379233010467
5423,67198_00017,0,0.7712765957446808,ratio_confidence,3,312.7235083575239
5424,67198_00017,1,0.51,ratio_confidence,3,312.7235083575239
5425,67198_00017,2,0.5311542390194075,ratio_confidence,3,312.7235083575239
5426,67198_00017,3,0.8370279146141215,ratio_confidence,3,312.7235083575239
5427,67198_00017,4,0.9047619047619048,ratio_confidence,3,312.7235083575239
5428,67198_00017,5,0.8695652173913043,ratio_confidence,3,312.7235083575239
5429,67198_00017,6,0.9047619047619048,ratio_confidence,3,312.7235083575239
5430,67198_00017,7,0.9047619047619048,ratio_confidence,3,312.7235083575239
5431,67198_00017,8,0.8984375,ratio_confidence,3,312.7235083575239
5432,67198_00017,9,0.8370279146141215,ratio_confidence,3,312.7235083575239
5433,67198_00017,10,0.9047619047619048,ratio_confidence,3,312.7235083575239
5434,67198_00017,11,0.8984375,ratio_confidence,3,312.7235083575239
5435,67198_00017,12,0.9047619047619048,ratio_confidence,3,312.7235083575239
5436,67198_00017,13,0.8984375,ratio_confidence,3,312.7235083575239
5437,67198_00017,14,0.9903846153846154,ratio_confidence,3,312.7235083575239
5438,67198_00017,15,0.9903846153846154,ratio_confidence,3,312.7235083575239
5439,67198_00017,16,0.9553571428571428,ratio_confidence,3,312.7235083575239
5440,67198_00017,17,0.9903846153846154,ratio_confidence,3,312.7235083575239
5441,67198_00017,18,0.9903846153846154,ratio_confidence,3,312.7235083575239
5442,67198_00017,19,0.9903846153846154,ratio_confidence,3,312.7235083575239
5443,67198_00017,20,0.9903846153846154,ratio_confidence,3,312.7235083575239
5444,67198_00017,21,0.9903846153846154,ratio_confidence,3,312.7235083575239
5445,67198_00017,22,0.9903846153846154,ratio_confidence,3,312.7235083575239
5446,67198_00017,23,0.9903846153846154,ratio_confidence,3,312.7235083575239
5447,67198_00017,24,0.9903846153846154,ratio_confidence,3,312.7235083575239
5448,67198_00017,25,0.99,ratio_confidence,3,312.7235083575239
5449,67198_00017,26,0.9903846153846154,ratio_confidence,3,312.7235083575239
5450,67198_00017,27,0.9903846153846154,ratio_confidence,3,312.7235083575239
5451,67198_00017,28,0.9903846153846154,ratio_confidence,3,312.7235083575239
5452,67198_00017,29,0.9903846153846154,ratio_confidence,3,312.7235083575239
5453,67198_00017,30,0.9903846153846154,ratio_confidence,3,312.7235083575239
5454,67198_00017,31,0.9903846153846154,ratio_confidence,3,312.7235083575239
5455,67198_00017,32,0.9803921568627452,ratio_confidence,3,312.7235083575239
5456,67198_00017,33,0.9903846153846154,ratio_confidence,3,312.7235083575239
5457,67198_00017,34,0.9903846153846154,ratio_confidence,3,312.7235083575239
5458,67198_00017,35,0.9903846153846154,ratio_confidence,3,312.7235083575239
5459,67198_00017,36,0.9903846153846154,ratio_confidence,3,312.7235083575239
5460,67198_00017,37,0.9903846153846154,ratio_confidence,3,312.7235083575239
5461,67198_00017,38,0.9903846153846154,ratio_confidence,3,312.7235083575239
5462,67198_00017,39,0.9903846153846154,ratio_confidence,3,312.7235083575239
5463,67198_00017,40,0.9903846153846154,ratio_confidence,3,312.7235083575239
5464,67198_00017,41,0.9903846153846154,ratio_confidence,3,312.7235083575239
5465,67198_00017,42,0.9903846153846154,ratio_confidence,3,312.7235083575239
5466,67198_00017,43,0.9903846153846154,ratio_confidence,3,312.7235083575239
5467,67198_00017,44,0.9903846153846154,ratio_confidence,3,312.7235083575239
5468,67198_00017,45,0.9903846153846154,ratio_confidence,3,312.7235083575239
5469,67198_00017,46,0.9903846153846154,ratio_confidence,3,312.7235083575239
5470,67198_00017,47,1.0,ratio_confidence,3,312.7235083575239
5471,67198_00017,48,0.9903846153846154,ratio_confidence,3,312.7235083575239
5472,67198_00017,49,0.9903846153846154,ratio_confidence,3,312.7235083575239
5473,67198_00017,50,0.9799919967987194,ratio_confidence,3,312.7235083575239
5474,67198_00017,51,0.9903846153846154,ratio_confidence,3,312.7235083575239
5475,67198_00017,52,0.9903846153846154,ratio_confidence,3,312.7235083575239
5476,67198_00017,53,0.9903846153846154,ratio_confidence,3,312.7235083575239
5477,67198_00017,54,0.9903846153846154,ratio_confidence,3,312.7235083575239
5478,67198_00017,55,0.9903846153846154,ratio_confidence,3,312.7235083575239
5479,67198_00017,56,0.9903846153846154,ratio_confidence,3,312.7235083575239
5480,67198_00017,57,0.9903846153846154,ratio_confidence,3,312.7235083575239
5481,67198_00017,58,0.9903846153846154,ratio_confidence,3,312.7235083575239
5482,67198_00017,59,0.9903846153846154,ratio_confidence,3,312.7235083575239
5483,67198_00017,60,0.9903846153846154,ratio_confidence,3,312.7235083575239
5484,67198_00017,61,0.9903846153846154,ratio_confidence,3,312.7235083575239
5485,67198_00017,62,0.9903846153846154,ratio_confidence,3,312.7235083575239
5486,67198_00017,63,0.9903846153846154,ratio_confidence,3,312.7235083575239
5487,67198_00017,64,0.9903846153846154,ratio_confidence,3,312.7235083575239
5488,67198_00017,65,0.9903846153846154,ratio_confidence,3,312.7235083575239
5489,67198_00017,66,0.9903846153846154,ratio_confidence,3,312.7235083575239
5490,67198_00017,67,0.9903846153846154,ratio_confidence,3,312.7235083575239
5491,67198_00017,68,0.9903846153846154,ratio_confidence,3,312.7235083575239
5492,67198_00017,69,0.9903846153846154,ratio_confidence,3,312.7235083575239
5493,67198_00017,70,0.9903846153846154,ratio_confidence,3,312.7235083575239
5494,67198_00017,71,0.9903846153846154,ratio_confidence,3,312.7235083575239
5495,67198_00017,72,0.9903846153846154,ratio_confidence,3,312.7235083575239
5496,67198_00017,73,0.9903846153846154,ratio_confidence,3,312.7235083575239
5497,67198_00017,74,0.9903846153846154,ratio_confidence,3,312.7235083575239
5498,67198_00017,75,0.9903846153846154,ratio_confidence,3,312.7235083575239
5499,67198_00017,76,0.9903846153846154,ratio_confidence,3,312.7235083575239
5500,67198_00017,77,0.9903846153846154,ratio_confidence,3,312.7235083575239
5501,67198_00017,78,0.9903846153846154,ratio_confidence,3,312.7235083575239
5502,67198_00017,79,0.9903846153846154,ratio_confidence,3,312.7235083575239
5503,67198_00017,80,0.9903846153846154,ratio_confidence,3,312.7235083575239
5504,67198_00017,81,0.9903846153846154,ratio_confidence,3,312.7235083575239
5505,67198_00017,82,0.9903846153846154,ratio_confidence,3,312.7235083575239
5506,67198_00017,83,0.9903846153846154,ratio_confidence,3,312.7235083575239
5507,67198_00017,84,0.9903846153846154,ratio_confidence,3,312.7235083575239
5508,67198_00017,85,0.9903846153846154,ratio_confidence,3,312.7235083575239
5509,67198_00017,86,0.9903846153846154,ratio_confidence,3,312.7235083575239
5510,67198_00017,87,0.9903846153846154,ratio_confidence,3,312.7235083575239
5511,67198_00017,88,0.9903846153846154,ratio_confidence,3,312.7235083575239
5512,67198_00017,89,0.9903846153846154,ratio_confidence,3,312.7235083575239
5513,67198_00017,90,0.9903846153846154,ratio_confidence,3,312.7235083575239
5514,67198_00017,91,0.9903846153846154,ratio_confidence,3,312.7235083575239
5515,67198_00017,92,0.9903846153846154,ratio_confidence,3,312.7235083575239
5516,67198_00017,93,0.9903846153846154,ratio_confidence,3,312.7235083575239
5517,67198_00017,94,0.9903846153846154,ratio_confidence,3,312.7235083575239
5518,67198_00017,95,0.9903846153846154,ratio_confidence,3,312.7235083575239
5519,67198_00017,96,0.9903846153846154,ratio_confidence,3,312.7235083575239
5520,67198_00017,97,0.9903846153846154,ratio_confidence,3,312.7235083575239
5521,67198_00017,98,0.9903846153846154,ratio_confidence,3,312.7235083575239
5522,67198_00017,99,0.9903846153846154,ratio_confidence,3,312.7235083575239
5523,67198_00017,100,0.9903846153846154,ratio_confidence,3,312.7235083575239
5524,67198_00017,101,0.9903846153846154,ratio_confidence,3,312.7235083575239
5525,67198_00017,102,0.9903846153846154,ratio_confidence,3,312.7235083575239
5526,67198_00017,103,0.9903846153846154,ratio_confidence,3,312.7235083575239
5527,67198_00017,104,0.9903846153846154,ratio_confidence,3,312.7235083575239
5528,67198_00017,105,0.9903846153846154,ratio_confidence,3,312.7235083575239
5529,67198_00017,106,0.9903846153846154,ratio_confidence,3,312.7235083575239
5530,67198_00017,107,0.9811320754716981,ratio_confidence,3,312.7235083575239
5531,67198_00017,108,0.9903846153846154,ratio_confidence,3,312.7235083575239
5532,67198_00017,109,0.9903846153846154,ratio_confidence,3,312.7235083575239
5533,67198_00017,110,0.9903846153846154,ratio_confidence,3,312.7235083575239
5534,67198_00017,111,0.9903846153846154,ratio_confidence,3,312.7235083575239
5535,67198_00017,112,0.9903846153846154,ratio_confidence,3,312.7235083575239
5536,67198_00017,113,0.9903846153846154,ratio_confidence,3,312.7235083575239
5537,67198_00017,114,0.9903846153846154,ratio_confidence,3,312.7235083575239
5538,67198_00017,115,0.9903846153846154,ratio_confidence,3,312.7235083575239
5539,67198_00017,116,0.9903846153846154,ratio_confidence,3,312.7235083575239
5540,67198_00017,117,0.9903846153846154,ratio_confidence,3,312.7235083575239
5541,67198_00017,118,0.9903846153846154,ratio_confidence,3,312.7235083575239
5542,67198_00017,119,0.9903846153846154,ratio_confidence,3,312.7235083575239
5543,67198_00017,120,0.9903846153846154,ratio_confidence,3,312.7235083575239
5544,67198_00017,121,0.9903846153846154,ratio_confidence,3,312.7235083575239
5545,67198_00017,122,0.9903846153846154,ratio_confidence,3,312.7235083575239
5546,67198_00017,123,0.9903846153846154,ratio_confidence,3,312.7235083575239
5547,67198_00017,124,0.9903846153846154,ratio_confidence,3,312.7235083575239
5548,67198_00017,125,0.9903846153846154,ratio_confidence,3,312.7235083575239
5549,67198_00017,126,0.9903846153846154,ratio_confidence,3,312.7235083575239
5550,67198_00017,127,0.9903846153846154,ratio_confidence,3,312.7235083575239
5551,67198_00017,128,0.9903846153846154,ratio_confidence,3,312.7235083575239
5552,67198_00017,129,0.9903846153846154,ratio_confidence,3,312.7235083575239
5553,67198_00017,130,0.9903846153846154,ratio_confidence,3,312.7235083575239
5554,67198_00017,131,0.9903846153846154,ratio_confidence,3,312.7235083575239
5555,67198_00017,132,0.9903846153846154,ratio_confidence,3,312.7235083575239
5556,67198_00017,133,0.9903846153846154,ratio_confidence,3,312.7235083575239
5557,67198_00017,134,0.9903846153846154,ratio_confidence,3,312.7235083575239
5558,67198_00017,135,0.9903846153846154,ratio_confidence,3,312.7235083575239
5559,67198_00017,136,0.9903846153846154,ratio_confidence,3,312.7235083575239
5560,67198_00017,137,0.9903846153846154,ratio_confidence,3,312.7235083575239
5561,67198_00017,138,0.9903846153846154,ratio_confidence,3,312.7235083575239
5562,67198_00017,139,0.9903846153846154,ratio_confidence,3,312.7235083575239
5563,67198_00017,140,0.9903846153846154,ratio_confidence,3,312.7235083575239
5564,67198_00017,141,0.9903846153846154,ratio_confidence,3,312.7235083575239
5565,67198_00017,142,0.9903846153846154,ratio_confidence,3,312.7235083575239
5566,67198_00017,143,0.9903846153846154,ratio_confidence,3,312.7235083575239
5567,67198_00017,144,0.9903846153846154,ratio_confidence,3,312.7235083575239
5568,67198_00017,145,0.9903846153846154,ratio_confidence,3,312.7235083575239
5569,67198_00017,146,0.9903846153846154,ratio_confidence,3,312.7235083575239
5570,67198_00017,147,0.9903846153846154,ratio_confidence,3,312.7235083575239
5571,67198_00017,148,0.9903846153846154,ratio_confidence,3,312.7235083575239
5572,67198_00017,149,0.9903846153846154,ratio_confidence,3,312.7235083575239
5573,67198_00017,150,0.9903846153846154,ratio_confidence,3,312.7235083575239
5574,67198_00017,151,0.9903846153846154,ratio_confidence,3,312.7235083575239
5575,67198_00017,152,0.9903846153846154,ratio_confidence,3,312.7235083575239
5576,67198_00017,153,0.9903846153846154,ratio_confidence,3,312.7235083575239
5577,67198_00017,154,0.9903846153846154,ratio_confidence,3,312.7235083575239
5578,67198_00017,155,0.9903846153846154,ratio_confidence,3,312.7235083575239
5579,67198_00017,156,0.9903846153846154,ratio_confidence,3,312.7235083575239
5580,67198_00017,157,0.9903846153846154,ratio_confidence,3,312.7235083575239
5581,67198_00017,158,0.9903846153846154,ratio_confidence,3,312.7235083575239
5582,67198_00017,159,0.9903846153846154,ratio_confidence,3,312.7235083575239
5583,67198_00017,160,0.9903846153846154,ratio_confidence,3,312.7235083575239
5584,67198_00017,161,0.9903846153846154,ratio_confidence,3,312.7235083575239
5585,67198_00017,162,0.9903846153846154,ratio_confidence,3,312.7235083575239
5586,67198_00017,163,0.9903846153846154,ratio_confidence,3,312.7235083575239
5587,67198_00017,164,0.9903846153846154,ratio_confidence,3,312.7235083575239
5588,67198_00017,165,0.9903846153846154,ratio_confidence,3,312.7235083575239
5589,67198_00017,166,0.9903846153846154,ratio_confidence,3,312.7235083575239
5590,67198_00017,167,0.9903846153846154,ratio_confidence,3,312.7235083575239
5591,67198_00017,168,0.9903846153846154,ratio_confidence,3,312.7235083575239
5592,67198_00017,169,0.9903846153846154,ratio_confidence,3,312.7235083575239
5593,67198_00017,170,0.9903846153846154,ratio_confidence,3,312.7235083575239
5594,67198_00017,171,0.9903846153846154,ratio_confidence,3,312.7235083575239
5595,67198_00017,172,0.9903846153846154,ratio_confidence,3,312.7235083575239
5596,67198_00017,173,0.9903846153846154,ratio_confidence,3,312.7235083575239
5597,67198_00017,174,0.9903846153846154,ratio_confidence,3,312.7235083575239
5598,67198_00017,175,1.0,ratio_confidence,3,312.7235083575239
5599,67198_00017,176,0.9903846153846154,ratio_confidence,3,312.7235083575239
5600,67198_00017,177,0.9903846153846154,ratio_confidence,3,312.7235083575239
5601,67198_00017,178,0.9903846153846154,ratio_confidence,3,312.7235083575239
5602,67198_00017,179,0.9903846153846154,ratio_confidence,3,312.7235083575239
5603,67198_00017,180,0.9903846153846154,ratio_confidence,3,312.7235083575239
5604,67198_00017,181,0.9903846153846154,ratio_confidence,3,312.7235083575239
5605,67198_00017,182,0.9903846153846154,ratio_confidence,3,312.7235083575239
5606,67198_00017,183,0.9903846153846154,ratio_confidence,3,312.7235083575239
5607,67198_00017,184,0.9903846153846154,ratio_confidence,3,312.7235083575239
5608,67198_00017,185,0.9903846153846154,ratio_confidence,3,312.7235083575239
5609,67198_00017,186,0.9903846153846154,ratio_confidence,3,312.7235083575239
5610,67198_00017,187,0.9903846153846154,ratio_confidence,3,312.7235083575239
5611,67198_00017,188,0.9903846153846154,ratio_confidence,3,312.7235083575239
5612,67198_00017,189,0.9903846153846154,ratio_confidence,3,312.7235083575239
5613,67198_00017,190,1.0,ratio_confidence,3,312.7235083575239
5614,67198_00017,191,0.9903846153846154,ratio_confidence,3,312.7235083575239
5615,67198_00017,192,0.9903846153846154,ratio_confidence,3,312.7235083575239
5616,67198_00017,193,0.9903846153846154,ratio_confidence,3,312.7235083575239
5617,67198_00017,194,0.9903846153846154,ratio_confidence,3,312.7235083575239
5618,67198_00017,195,0.9903846153846154,ratio_confidence,3,312.7235083575239
5619,67198_00017,196,0.9903846153846154,ratio_confidence,3,312.7235083575239
5620,67198_00017,197,0.9903846153846154,ratio_confidence,3,312.7235083575239
5621,67198_00017,198,0.9903846153846154,ratio_confidence,3,312.7235083575239
5622,67198_00017,199,0.9903846153846154,ratio_confidence,3,312.7235083575239
5623,67198_00017,200,0.9903846153846154,ratio_confidence,3,312.7235083575239
5624,67198_00017,201,0.9903846153846154,ratio_confidence,3,312.7235083575239
5625,67198_00017,202,0.9903846153846154,ratio_confidence,3,312.7235083575239
5626,67198_00017,203,0.9903846153846154,ratio_confidence,3,312.7235083575239
5627,67198_00017,204,0.9903846153846154,ratio_confidence,3,312.7235083575239
5628,67198_00017,205,0.9903846153846154,ratio_confidence,3,312.7235083575239
5629,67198_00017,206,0.9903846153846154,ratio_confidence,3,312.7235083575239
5630,67198_00017,207,0.9903846153846154,ratio_confidence,3,312.7235083575239
5631,67198_00017,208,0.9903846153846154,ratio_confidence,3,312.7235083575239
5632,67198_00017,209,0.9903846153846154,ratio_confidence,3,312.7235083575239
5633,67198_00017,210,0.9903846153846154,ratio_confidence,3,312.7235083575239
5634,67198_00017,211,0.9903846153846154,ratio_confidence,3,312.7235083575239
5635,67198_00017,212,0.9903846153846154,ratio_confidence,3,312.7235083575239
5636,67198_00017,213,0.9903846153846154,ratio_confidence,3,312.7235083575239
5637,67198_00017,214,0.9903846153846154,ratio_confidence,3,312.7235083575239
5638,67198_00017,215,0.9903846153846154,ratio_confidence,3,312.7235083575239
5639,67198_00017,216,0.9903846153846154,ratio_confidence,3,312.7235083575239
5640,67198_00017,217,0.9903846153846154,ratio_confidence,3,312.7235083575239
5641,67198_00017,218,0.9903846153846154,ratio_confidence,3,312.7235083575239
5642,67198_00017,219,0.9903846153846154,ratio_confidence,3,312.7235083575239
5643,67198_00017,220,0.9903846153846154,ratio_confidence,3,312.7235083575239
5644,67198_00017,221,0.9903846153846154,ratio_confidence,3,312.7235083575239
5645,67198_00017,222,0.9903846153846154,ratio_confidence,3,312.7235083575239
5646,67198_00017,223,0.9903846153846154,ratio_confidence,3,312.7235083575239
5647,67198_00017,224,0.9903846153846154,ratio_confidence,3,312.7235083575239
5648,67198_00017,225,0.9903846153846154,ratio_confidence,3,312.7235083575239
5649,67198_00017,226,0.9903846153846154,ratio_confidence,3,312.7235083575239
5650,67198_00017,227,0.9903846153846154,ratio_confidence,3,312.7235083575239
5651,67198_00017,228,0.9799919967987194,ratio_confidence,3,312.7235083575239
5652,67198_00017,229,0.9903846153846154,ratio_confidence,3,312.7235083575239
5653,67198_00017,230,0.9903846153846154,ratio_confidence,3,312.7235083575239
5654,67198_00017,231,0.9903846153846154,ratio_confidence,3,312.7235083575239
5655,67198_00017,232,0.9903846153846154,ratio_confidence,3,312.7235083575239
5656,67198_00017,233,0.9903846153846154,ratio_confidence,3,312.7235083575239
5657,67198_00017,234,0.9903846153846154,ratio_confidence,3,312.7235083575239
5658,67198_00017,235,0.9903846153846154,ratio_confidence,3,312.7235083575239
5659,67198_00017,236,0.99,ratio_confidence,3,312.7235083575239
5660,67198_00017,237,0.9903846153846154,ratio_confidence,3,312.7235083575239
5661,67198_00017,238,0.9903846153846154,ratio_confidence,3,312.7235083575239
5662,67198_00017,239,0.9903846153846154,ratio_confidence,3,312.7235083575239
5663,67198_00017,240,0.9903846153846154,ratio_confidence,3,312.7235083575239
5664,67198_00017,241,0.9903846153846154,ratio_confidence,3,312.7235083575239
5665,67198_00017,242,0.9903846153846154,ratio_confidence,3,312.7235083575239
5666,67198_00017,243,0.9903846153846154,ratio_confidence,3,312.7235083575239
5667,67198_00017,244,0.9903846153846154,ratio_confidence,3,312.7235083575239
5668,67198_00017,245,0.9903846153846154,ratio_confidence,3,312.7235083575239
5669,67198_00017,246,0.9903846153846154,ratio_confidence,3,312.7235083575239
5670,67198_00017,247,0.9903846153846154,ratio_confidence,3,312.7235083575239
5671,67198_00017,248,0.9903846153846154,ratio_confidence,3,312.7235083575239
5672,67198_00017,249,0.9903846153846154,ratio_confidence,3,312.7235083575239
5673,67198_00017,250,0.9903846153846154,ratio_confidence,3,312.7235083575239
5674,67198_00017,251,0.9903846153846154,ratio_confidence,3,312.7235083575239
5675,67198_00017,252,0.9903846153846154,ratio_confidence,3,312.7235083575239
5676,67198_00017,253,0.9903846153846154,ratio_confidence,3,312.7235083575239
5677,67198_00017,254,1.0,ratio_confidence,3,312.7235083575239
5678,67198_00017,255,0.9903846153846154,ratio_confidence,3,312.7235083575239
5679,67198_00017,256,0.9903846153846154,ratio_confidence,3,312.7235083575239
5680,67198_00017,257,0.9903846153846154,ratio_confidence,3,312.7235083575239
5681,67198_00017,258,0.9903846153846154,ratio_confidence,3,312.7235083575239
5682,67198_00017,259,1.0,ratio_confidence,3,312.7235083575239
5683,67198_00017,260,0.9903846153846154,ratio_confidence,3,312.7235083575239
5684,67198_00017,261,0.9903846153846154,ratio_confidence,3,312.7235083575239
5685,67198_00017,262,0.9903846153846154,ratio_confidence,3,312.7235083575239
5686,67198_00017,263,0.9903846153846154,ratio_confidence,3,312.7235083575239
5687,67198_00017,264,0.9903846153846154,ratio_confidence,3,312.7235083575239
5688,67198_00017,265,0.9903846153846154,ratio_confidence,3,312.7235083575239
5689,67198_00017,266,0.9903846153846154,ratio_confidence,3,312.7235083575239
5690,67198_00017,267,0.9903846153846154,ratio_confidence,3,312.7235083575239
5691,67198_00017,268,0.9903846153846154,ratio_confidence,3,312.7235083575239
5692,67198_00017,269,0.9903846153846154,ratio_confidence,3,312.7235083575239
5693,67198_00017,270,0.9903846153846154,ratio_confidence,3,312.7235083575239
5694,67198_00017,271,0.9903846153846154,ratio_confidence,3,312.7235083575239
5695,67198_00017,272,0.9903846153846154,ratio_confidence,3,312.7235083575239
5696,67198_00017,273,0.9903846153846154,ratio_confidence,3,312.7235083575239
5697,67198_00017,274,0.9903846153846154,ratio_confidence,3,312.7235083575239
5698,67198_00017,275,0.9903846153846154,ratio_confidence,3,312.7235083575239
5699,67198_00017,276,0.9903846153846154,ratio_confidence,3,312.7235083575239
5700,67198_00017,277,0.9903846153846154,ratio_confidence,3,312.7235083575239
5701,67198_00017,278,0.9903846153846154,ratio_confidence,3,312.7235083575239
5702,67198_00017,279,0.9903846153846154,ratio_confidence,3,312.7235083575239
5703,67198_00017,280,0.9903846153846154,ratio_confidence,3,312.7235083575239
5704,67198_00017,281,0.9903846153846154,ratio_confidence,3,312.7235083575239
5705,67198_00017,282,0.9903846153846154,ratio_confidence,3,312.7235083575239
5706,67198_00017,283,0.9903846153846154,ratio_confidence,3,312.7235083575239
5707,67198_00017,284,0.9903846153846154,ratio_confidence,3,312.7235083575239
5708,67198_00017,285,0.9903846153846154,ratio_confidence,3,312.7235083575239
5709,67198_00017,286,0.9903846153846154,ratio_confidence,3,312.7235083575239
5710,67198_00017,287,0.9903846153846154,ratio_confidence,3,312.7235083575239
5711,67198_00017,288,0.9903846153846154,ratio_confidence,3,312.7235083575239
5712,67198_00017,289,0.9903846153846154,ratio_confidence,3,312.7235083575239
5713,67198_00017,290,0.9903846153846154,ratio_confidence,3,312.7235083575239
5714,67198_00017,291,0.9903846153846154,ratio_confidence,3,312.7235083575239
5715,67198_00017,292,0.9903846153846154,ratio_confidence,3,312.7235083575239
5716,67198_00017,293,0.9799919967987194,ratio_confidence,3,312.7235083575239
5717,67198_00017,294,0.9903846153846154,ratio_confidence,3,312.7235083575239
5718,67198_00017,295,0.9903846153846154,ratio_confidence,3,312.7235083575239
5719,67198_00017,296,0.9903846153846154,ratio_confidence,3,312.7235083575239
5720,67198_00017,297,0.9903846153846154,ratio_confidence,3,312.7235083575239
5721,67198_00017,298,0.9903846153846154,ratio_confidence,3,312.7235083575239
5722,67198_00017,299,0.9903846153846154,ratio_confidence,3,312.7235083575239
5723,67198_00017,300,0.9903846153846154,ratio_confidence,3,312.7235083575239
5724,67198_00017,301,0.9903846153846154,ratio_confidence,3,312.7235083575239
5725,67198_00017,302,0.9903846153846154,ratio_confidence,3,312.7235083575239
5726,67198_00017,303,0.9903846153846154,ratio_confidence,3,312.7235083575239
5727,67198_00017,304,0.9903846153846154,ratio_confidence,3,312.7235083575239
5728,67198_00017,305,0.9903846153846154,ratio_confidence,3,312.7235083575239
5729,67198_00017,306,0.9903846153846154,ratio_confidence,3,312.7235083575239
5730,67198_00017,307,0.9903846153846154,ratio_confidence,3,312.7235083575239
5731,67198_00017,308,0.9903846153846154,ratio_confidence,3,312.7235083575239
5732,67198_00017,309,0.9903846153846154,ratio_confidence,3,312.7235083575239
5733,67198_00017,310,0.9903846153846154,ratio_confidence,3,312.7235083575239
5734,67198_00017,311,0.9903846153846154,ratio_confidence,3,312.7235083575239
5735,67198_00017,312,0.9903846153846154,ratio_confidence,3,312.7235083575239
5736,67198_00017,313,0.9903846153846154,ratio_confidence,3,312.7235083575239
5737,67198_00017,314,0.9903846153846154,ratio_confidence,3,312.7235083575239
5738,67198_00017,315,0.9903846153846154,ratio_confidence,3,312.7235083575239
5739,67198_00017,316,0.9903846153846154,ratio_confidence,3,312.7235083575239
5740,67198_00017,317,0.9903846153846154,ratio_confidence,3,312.7235083575239
5741,67198_00017,318,0.9903846153846154,ratio_confidence,3,312.7235083575239
5742,67198_00018,0,0.8148148148148149,ratio_confidence,4,317.0213110735982
5743,67198_00018,1,0.8984375,ratio_confidence,4,317.0213110735982
5744,67198_00018,2,0.8984375,ratio_confidence,4,317.0213110735982
5745,67198_00018,3,0.8416666666666667,ratio_confidence,4,317.0213110735982
5746,67198_00018,4,0.8984375,ratio_confidence,4,317.0213110735982
5747,67198_00018,5,0.8923076923076922,ratio_confidence,4,317.0213110735982
5748,67198_00018,6,0.9636363636363636,ratio_confidence,4,317.0213110735982
5749,67198_00018,7,0.9610598153352068,ratio_confidence,4,317.0213110735982
5750,67198_00018,8,0.9152542372881356,ratio_confidence,4,317.0213110735982
5751,67198_00018,9,1.0,ratio_confidence,4,317.0213110735982
5752,67198_00018,10,1.0,ratio_confidence,4,317.0213110735982
5753,67198_00018,11,0.9112903225806452,ratio_confidence,4,317.0213110735982
5754,67198_00018,12,1.0,ratio_confidence,4,317.0213110735982
5755,67198_00018,13,0.9903846153846154,ratio_confidence,4,317.0213110735982
5756,67198_00018,14,1.0,ratio_confidence,4,317.0213110735982
5757,67198_00018,15,1.0,ratio_confidence,4,317.0213110735982
5758,67198_00018,16,1.0,ratio_confidence,4,317.0213110735982
5759,67198_00018,17,1.0,ratio_confidence,4,317.0213110735982
5760,67198_00018,18,1.0,ratio_confidence,4,317.0213110735982
5761,67198_00018,19,1.0,ratio_confidence,4,317.0213110735982
5762,67198_00018,20,1.0,ratio_confidence,4,317.0213110735982
5763,67198_00018,21,0.99,ratio_confidence,4,317.0213110735982
5764,67198_00018,22,1.0,ratio_confidence,4,317.0213110735982
5765,67198_00018,23,1.0,ratio_confidence,4,317.0213110735982
5766,67198_00018,24,1.0,ratio_confidence,4,317.0213110735982
5767,67198_00018,25,1.0,ratio_confidence,4,317.0213110735982
5768,67198_00018,26,1.0,ratio_confidence,4,317.0213110735982
5769,67198_00018,27,1.0,ratio_confidence,4,317.0213110735982
5770,67198_00018,28,1.0,ratio_confidence,4,317.0213110735982
5771,67198_00018,29,1.0,ratio_confidence,4,317.0213110735982
5772,67198_00018,30,1.0,ratio_confidence,4,317.0213110735982
5773,67198_00018,31,1.0,ratio_confidence,4,317.0213110735982
5774,67198_00018,32,1.0,ratio_confidence,4,317.0213110735982
5775,67198_00018,33,1.0,ratio_confidence,4,317.0213110735982
5776,67198_00018,34,1.0,ratio_confidence,4,317.0213110735982
5777,67198_00018,35,1.0,ratio_confidence,4,317.0213110735982
5778,67198_00018,36,1.0,ratio_confidence,4,317.0213110735982
5779,67198_00018,37,0.9722222222222222,ratio_confidence,4,317.0213110735982
5780,67198_00018,38,1.0,ratio_confidence,4,317.0213110735982
5781,67198_00018,39,1.0,ratio_confidence,4,317.0213110735982
5782,67198_00018,40,1.0,ratio_confidence,4,317.0213110735982
5783,67198_00018,41,1.0,ratio_confidence,4,317.0213110735982
5784,67198_00018,42,1.0,ratio_confidence,4,317.0213110735982
5785,67198_00018,43,1.0,ratio_confidence,4,317.0213110735982
5786,67198_00018,44,1.0,ratio_confidence,4,317.0213110735982
5787,67198_00018,45,1.0,ratio_confidence,4,317.0213110735982
5788,67198_00018,46,1.0,ratio_confidence,4,317.0213110735982
5789,67198_00018,47,1.0,ratio_confidence,4,317.0213110735982
5790,67198_00018,48,1.0,ratio_confidence,4,317.0213110735982
5791,67198_00018,49,1.0,ratio_confidence,4,317.0213110735982
5792,67198_00018,50,1.0,ratio_confidence,4,317.0213110735982
5793,67198_00018,51,1.0,ratio_confidence,4,317.0213110735982
5794,67198_00018,52,1.0,ratio_confidence,4,317.0213110735982
5795,67198_00018,53,1.0,ratio_confidence,4,317.0213110735982
5796,67198_00018,54,1.0,ratio_confidence,4,317.0213110735982
5797,67198_00018,55,1.0,ratio_confidence,4,317.0213110735982
5798,67198_00018,56,1.0,ratio_confidence,4,317.0213110735982
5799,67198_00018,57,1.0,ratio_confidence,4,317.0213110735982
5800,67198_00018,58,1.0,ratio_confidence,4,317.0213110735982
5801,67198_00018,59,1.0,ratio_confidence,4,317.0213110735982
5802,67198_00018,60,1.0,ratio_confidence,4,317.0213110735982
5803,67198_00018,61,1.0,ratio_confidence,4,317.0213110735982
5804,67198_00018,62,1.0,ratio_confidence,4,317.0213110735982
5805,67198_00018,63,1.0,ratio_confidence,4,317.0213110735982
5806,67198_00018,64,1.0,ratio_confidence,4,317.0213110735982
5807,67198_00018,65,1.0,ratio_confidence,4,317.0213110735982
5808,67198_00018,66,1.0,ratio_confidence,4,317.0213110735982
5809,67198_00018,67,1.0,ratio_confidence,4,317.0213110735982
5810,67198_00018,68,1.0,ratio_confidence,4,317.0213110735982
5811,67198_00018,69,1.0,ratio_confidence,4,317.0213110735982
5812,67198_00018,70,1.0,ratio_confidence,4,317.0213110735982
5813,67198_00018,71,1.0,ratio_confidence,4,317.0213110735982
5814,67198_00018,72,1.0,ratio_confidence,4,317.0213110735982
5815,67198_00018,73,1.0,ratio_confidence,4,317.0213110735982
5816,67198_00018,74,1.0,ratio_confidence,4,317.0213110735982
5817,67198_00018,75,1.0,ratio_confidence,4,317.0213110735982
5818,67198_00018,76,1.0,ratio_confidence,4,317.0213110735982
5819,67198_00018,77,1.0,ratio_confidence,4,317.0213110735982
5820,67198_00018,78,1.0,ratio_confidence,4,317.0213110735982
5821,67198_00018,79,1.0,ratio_confidence,4,317.0213110735982
5822,67198_00018,80,1.0,ratio_confidence,4,317.0213110735982
5823,67198_00018,81,1.0,ratio_confidence,4,317.0213110735982
5824,67198_00018,82,1.0,ratio_confidence,4,317.0213110735982
5825,67198_00018,83,1.0,ratio_confidence,4,317.0213110735982
5826,67198_00018,84,1.0,ratio_confidence,4,317.0213110735982
5827,67198_00018,85,1.0,ratio_confidence,4,317.0213110735982
5828,67198_00018,86,1.0,ratio_confidence,4,317.0213110735982
5829,67198_00018,87,1.0,ratio_confidence,4,317.0213110735982
5830,67198_00018,88,1.0,ratio_confidence,4,317.0213110735982
5831,67198_00018,89,1.0,ratio_confidence,4,317.0213110735982
5832,67198_00018,90,1.0,ratio_confidence,4,317.0213110735982
5833,67198_00018,91,1.0,ratio_confidence,4,317.0213110735982
5834,67198_00018,92,1.0,ratio_confidence,4,317.0213110735982
5835,67198_00018,93,1.0,ratio_confidence,4,317.0213110735982
5836,67198_00018,94,1.0,ratio_confidence,4,317.0213110735982
5837,67198_00018,95,1.0,ratio_confidence,4,317.0213110735982
5838,67198_00018,96,1.0,ratio_confidence,4,317.0213110735982
5839,67198_00018,97,1.0,ratio_confidence,4,317.0213110735982
5840,67198_00018,98,1.0,ratio_confidence,4,317.0213110735982
5841,67198_00018,99,1.0,ratio_confidence,4,317.0213110735982
5842,67198_00018,100,1.0,ratio_confidence,4,317.0213110735982
5843,67198_00018,101,1.0,ratio_confidence,4,317.0213110735982
5844,67198_00018,102,1.0,ratio_confidence,4,317.0213110735982
5845,67198_00018,103,1.0,ratio_confidence,4,317.0213110735982
5846,67198_00018,104,1.0,ratio_confidence,4,317.0213110735982
5847,67198_00018,105,1.0,ratio_confidence,4,317.0213110735982
5848,67198_00018,106,1.0,ratio_confidence,4,317.0213110735982
5849,67198_00018,107,1.0,ratio_confidence,4,317.0213110735982
5850,67198_00018,108,1.0,ratio_confidence,4,317.0213110735982
5851,67198_00018,109,1.0,ratio_confidence,4,317.0213110735982
5852,67198_00018,110,1.0,ratio_confidence,4,317.0213110735982
5853,67198_00018,111,1.0,ratio_confidence,4,317.0213110735982
5854,67198_00018,112,1.0,ratio_confidence,4,317.0213110735982
5855,67198_00018,113,1.0,ratio_confidence,4,317.0213110735982
5856,67198_00018,114,1.0,ratio_confidence,4,317.0213110735982
5857,67198_00018,115,1.0,ratio_confidence,4,317.0213110735982
5858,67198_00018,116,1.0,ratio_confidence,4,317.0213110735982
5859,67198_00018,117,1.0,ratio_confidence,4,317.0213110735982
5860,67198_00018,118,1.0,ratio_confidence,4,317.0213110735982
5861,67198_00018,119,1.0,ratio_confidence,4,317.0213110735982
5862,67198_00018,120,1.0,ratio_confidence,4,317.0213110735982
5863,67198_00018,121,1.0,ratio_confidence,4,317.0213110735982
5864,67198_00018,122,1.0,ratio_confidence,4,317.0213110735982
5865,67198_00018,123,1.0,ratio_confidence,4,317.0213110735982
5866,67198_00018,124,1.0,ratio_confidence,4,317.0213110735982
5867,67198_00018,125,1.0,ratio_confidence,4,317.0213110735982
5868,67198_00018,126,1.0,ratio_confidence,4,317.0213110735982
5869,67198_00018,127,1.0,ratio_confidence,4,317.0213110735982
5870,67198_00018,128,1.0,ratio_confidence,4,317.0213110735982
5871,67198_00018,129,1.0,ratio_confidence,4,317.0213110735982
5872,67198_00018,130,1.0,ratio_confidence,4,317.0213110735982
5873,67198_00018,131,1.0,ratio_confidence,4,317.0213110735982
5874,67198_00018,132,1.0,ratio_confidence,4,317.0213110735982
5875,67198_00018,133,1.0,ratio_confidence,4,317.0213110735982
5876,67198_00018,134,1.0,ratio_confidence,4,317.0213110735982
5877,67198_00018,135,1.0,ratio_confidence,4,317.0213110735982
5878,67198_00018,136,1.0,ratio_confidence,4,317.0213110735982
5879,67198_00018,137,1.0,ratio_confidence,4,317.0213110735982
5880,67198_00018,138,1.0,ratio_confidence,4,317.0213110735982
5881,67198_00018,139,1.0,ratio_confidence,4,317.0213110735982
5882,67198_00018,140,0.9903846153846154,ratio_confidence,4,317.0213110735982
5883,67198_00018,141,1.0,ratio_confidence,4,317.0213110735982
5884,67198_00018,142,1.0,ratio_confidence,4,317.0213110735982
5885,67198_00018,143,1.0,ratio_confidence,4,317.0213110735982
5886,67198_00018,144,1.0,ratio_confidence,4,317.0213110735982
5887,67198_00018,145,1.0,ratio_confidence,4,317.0213110735982
5888,67198_00018,146,1.0,ratio_confidence,4,317.0213110735982
5889,67198_00018,147,1.0,ratio_confidence,4,317.0213110735982
5890,67198_00018,148,1.0,ratio_confidence,4,317.0213110735982
5891,67198_00018,149,1.0,ratio_confidence,4,317.0213110735982
5892,67198_00018,150,1.0,ratio_confidence,4,317.0213110735982
5893,67198_00018,151,1.0,ratio_confidence,4,317.0213110735982
5894,67198_00018,152,1.0,ratio_confidence,4,317.0213110735982
5895,67198_00018,153,1.0,ratio_confidence,4,317.0213110735982
5896,67198_00018,154,1.0,ratio_confidence,4,317.0213110735982
5897,67198_00018,155,1.0,ratio_confidence,4,317.0213110735982
5898,67198_00018,156,1.0,ratio_confidence,4,317.0213110735982
5899,67198_00018,157,1.0,ratio_confidence,4,317.0213110735982
5900,67198_00018,158,1.0,ratio_confidence,4,317.0213110735982
5901,67198_00018,159,1.0,ratio_confidence,4,317.0213110735982
5902,67198_00018,160,1.0,ratio_confidence,4,317.0213110735982
5903,67198_00018,161,1.0,ratio_confidence,4,317.0213110735982
5904,67198_00018,162,1.0,ratio_confidence,4,317.0213110735982
5905,67198_00018,163,1.0,ratio_confidence,4,317.0213110735982
5906,67198_00018,164,1.0,ratio_confidence,4,317.0213110735982
5907,67198_00018,165,1.0,ratio_confidence,4,317.0213110735982
5908,67198_00018,166,1.0,ratio_confidence,4,317.0213110735982
5909,67198_00018,167,1.0,ratio_confidence,4,317.0213110735982
5910,67198_00018,168,1.0,ratio_confidence,4,317.0213110735982
5911,67198_00018,169,1.0,ratio_confidence,4,317.0213110735982
5912,67198_00018,170,1.0,ratio_confidence,4,317.0213110735982
5913,67198_00018,171,1.0,ratio_confidence,4,317.0213110735982
5914,67198_00018,172,1.0,ratio_confidence,4,317.0213110735982
5915,67198_00018,173,1.0,ratio_confidence,4,317.0213110735982
5916,67198_00018,174,1.0,ratio_confidence,4,317.0213110735982
5917,67198_00018,175,1.0,ratio_confidence,4,317.0213110735982
5918,67198_00018,176,1.0,ratio_confidence,4,317.0213110735982
5919,67198_00018,177,1.0,ratio_confidence,4,317.0213110735982
5920,67198_00018,178,1.0,ratio_confidence,4,317.0213110735982
5921,67198_00018,179,1.0,ratio_confidence,4,317.0213110735982
5922,67198_00018,180,1.0,ratio_confidence,4,317.0213110735982
5923,67198_00018,181,1.0,ratio_confidence,4,317.0213110735982
5924,67198_00018,182,1.0,ratio_confidence,4,317.0213110735982
5925,67198_00018,183,1.0,ratio_confidence,4,317.0213110735982
5926,67198_00018,184,1.0,ratio_confidence,4,317.0213110735982
5927,67198_00018,185,1.0,ratio_confidence,4,317.0213110735982
5928,67198_00018,186,1.0,ratio_confidence,4,317.0213110735982
5929,67198_00018,187,1.0,ratio_confidence,4,317.0213110735982
5930,67198_00018,188,1.0,ratio_confidence,4,317.0213110735982
5931,67198_00018,189,1.0,ratio_confidence,4,317.0213110735982
5932,67198_00018,190,1.0,ratio_confidence,4,317.0213110735982
5933,67198_00018,191,1.0,ratio_confidence,4,317.0213110735982
5934,67198_00018,192,1.0,ratio_confidence,4,317.0213110735982
5935,67198_00018,193,1.0,ratio_confidence,4,317.0213110735982
5936,67198_00018,194,1.0,ratio_confidence,4,317.0213110735982
5937,67198_00018,195,1.0,ratio_confidence,4,317.0213110735982
5938,67198_00018,196,1.0,ratio_confidence,4,317.0213110735982
5939,67198_00018,197,1.0,ratio_confidence,4,317.0213110735982
5940,67198_00018,198,1.0,ratio_confidence,4,317.0213110735982
5941,67198_00018,199,1.0,ratio_confidence,4,317.0213110735982
5942,67198_00018,200,1.0,ratio_confidence,4,317.0213110735982
5943,67198_00018,201,1.0,ratio_confidence,4,317.0213110735982
5944,67198_00018,202,1.0,ratio_confidence,4,317.0213110735982
5945,67198_00018,203,1.0,ratio_confidence,4,317.0213110735982
5946,67198_00018,204,1.0,ratio_confidence,4,317.0213110735982
5947,67198_00018,205,1.0,ratio_confidence,4,317.0213110735982
5948,67198_00018,206,1.0,ratio_confidence,4,317.0213110735982
5949,67198_00018,207,1.0,ratio_confidence,4,317.0213110735982
5950,67198_00018,208,1.0,ratio_confidence,4,317.0213110735982
5951,67198_00018,209,1.0,ratio_confidence,4,317.0213110735982
5952,67198_00018,210,1.0,ratio_confidence,4,317.0213110735982
5953,67198_00018,211,1.0,ratio_confidence,4,317.0213110735982
5954,67198_00018,212,1.0,ratio_confidence,4,317.0213110735982
5955,67198_00018,213,1.0,ratio_confidence,4,317.0213110735982
5956,67198_00018,214,1.0,ratio_confidence,4,317.0213110735982
5957,67198_00018,215,1.0,ratio_confidence,4,317.0213110735982
5958,67198_00018,216,1.0,ratio_confidence,4,317.0213110735982
5959,67198_00018,217,1.0,ratio_confidence,4,317.0213110735982
5960,67198_00018,218,1.0,ratio_confidence,4,317.0213110735982
5961,67198_00018,219,1.0,ratio_confidence,4,317.0213110735982
5962,67198_00018,220,1.0,ratio_confidence,4,317.0213110735982
5963,67198_00018,221,1.0,ratio_confidence,4,317.0213110735982
5964,67198_00018,222,1.0,ratio_confidence,4,317.0213110735982
5965,67198_00018,223,1.0,ratio_confidence,4,317.0213110735982
5966,67198_00018,224,1.0,ratio_confidence,4,317.0213110735982
5967,67198_00018,225,1.0,ratio_confidence,4,317.0213110735982
5968,67198_00018,226,1.0,ratio_confidence,4,317.0213110735982
5969,67198_00018,227,1.0,ratio_confidence,4,317.0213110735982
5970,67198_00018,228,1.0,ratio_confidence,4,317.0213110735982
5971,67198_00018,229,1.0,ratio_confidence,4,317.0213110735982
5972,67198_00018,230,1.0,ratio_confidence,4,317.0213110735982
5973,67198_00018,231,1.0,ratio_confidence,4,317.0213110735982
5974,67198_00018,232,1.0,ratio_confidence,4,317.0213110735982
5975,67198_00018,233,1.0,ratio_confidence,4,317.0213110735982
5976,67198_00018,234,1.0,ratio_confidence,4,317.0213110735982
5977,67198_00018,235,1.0,ratio_confidence,4,317.0213110735982
5978,67198_00018,236,1.0,ratio_confidence,4,317.0213110735982
5979,67198_00018,237,1.0,ratio_confidence,4,317.0213110735982
5980,67198_00018,238,1.0,ratio_confidence,4,317.0213110735982
5981,67198_00018,239,1.0,ratio_confidence,4,317.0213110735982
5982,67198_00018,240,1.0,ratio_confidence,4,317.0213110735982
5983,67198_00018,241,1.0,ratio_confidence,4,317.0213110735982
5984,67198_00018,242,1.0,ratio_confidence,4,317.0213110735982
5985,67198_00018,243,1.0,ratio_confidence,4,317.0213110735982
5986,67198_00018,244,1.0,ratio_confidence,4,317.0213110735982
5987,67198_00018,245,1.0,ratio_confidence,4,317.0213110735982
5988,67198_00018,246,1.0,ratio_confidence,4,317.0213110735982
5989,67198_00018,247,1.0,ratio_confidence,4,317.0213110735982
5990,67198_00018,248,1.0,ratio_confidence,4,317.0213110735982
5991,67198_00018,249,1.0,ratio_confidence,4,317.0213110735982
5992,67198_00018,250,1.0,ratio_confidence,4,317.0213110735982
5993,67198_00018,251,1.0,ratio_confidence,4,317.0213110735982
5994,67198_00018,252,1.0,ratio_confidence,4,317.0213110735982
5995,67198_00018,253,1.0,ratio_confidence,4,317.0213110735982
5996,67198_00018,254,1.0,ratio_confidence,4,317.0213110735982
5997,67198_00018,255,1.0,ratio_confidence,4,317.0213110735982
5998,67198_00018,256,1.0,ratio_confidence,4,317.0213110735982
5999,67198_00018,257,1.0,ratio_confidence,4,317.0213110735982
6000,67198_00018,258,1.0,ratio_confidence,4,317.0213110735982
6001,67198_00018,259,1.0,ratio_confidence,4,317.0213110735982
6002,67198_00018,260,1.0,ratio_confidence,4,317.0213110735982
6003,67198_00018,261,1.0,ratio_confidence,4,317.0213110735982
6004,67198_00018,262,1.0,ratio_confidence,4,317.0213110735982
6005,67198_00018,263,1.0,ratio_confidence,4,317.0213110735982
6006,67198_00018,264,1.0,ratio_confidence,4,317.0213110735982
6007,67198_00018,265,1.0,ratio_confidence,4,317.0213110735982
6008,67198_00018,266,1.0,ratio_confidence,4,317.0213110735982
6009,67198_00018,267,1.0,ratio_confidence,4,317.0213110735982
6010,67198_00018,268,1.0,ratio_confidence,4,317.0213110735982
6011,67198_00018,269,1.0,ratio_confidence,4,317.0213110735982
6012,67198_00018,270,1.0,ratio_confidence,4,317.0213110735982
6013,67198_00018,271,1.0,ratio_confidence,4,317.0213110735982
6014,67198_00018,272,1.0,ratio_confidence,4,317.0213110735982
6015,67198_00018,273,1.0,ratio_confidence,4,317.0213110735982
6016,67198_00018,274,1.0,ratio_confidence,4,317.0213110735982
6017,67198_00018,275,1.0,ratio_confidence,4,317.0213110735982
6018,67198_00018,276,1.0,ratio_confidence,4,317.0213110735982
6019,67198_00018,277,1.0,ratio_confidence,4,317.0213110735982
6020,67198_00018,278,1.0,ratio_confidence,4,317.0213110735982
6021,67198_00018,279,1.0,ratio_confidence,4,317.0213110735982
6022,67198_00018,280,1.0,ratio_confidence,4,317.0213110735982
6023,67198_00018,281,1.0,ratio_confidence,4,317.0213110735982
6024,67198_00018,282,0.9903846153846154,ratio_confidence,4,317.0213110735982
6025,67198_00018,283,1.0,ratio_confidence,4,317.0213110735982
6026,67198_00018,284,1.0,ratio_confidence,4,317.0213110735982
6027,67198_00018,285,1.0,ratio_confidence,4,317.0213110735982
6028,67198_00018,286,1.0,ratio_confidence,4,317.0213110735982
6029,67198_00018,287,1.0,ratio_confidence,4,317.0213110735982
6030,67198_00018,288,1.0,ratio_confidence,4,317.0213110735982
6031,67198_00018,289,1.0,ratio_confidence,4,317.0213110735982
6032,67198_00018,290,1.0,ratio_confidence,4,317.0213110735982
6033,67198_00018,291,1.0,ratio_confidence,4,317.0213110735982
6034,67198_00018,292,1.0,ratio_confidence,4,317.0213110735982
6035,67198_00018,293,1.0,ratio_confidence,4,317.0213110735982
6036,67198_00018,294,1.0,ratio_confidence,4,317.0213110735982
6037,67198_00018,295,1.0,ratio_confidence,4,317.0213110735982
6038,67198_00018,296,1.0,ratio_confidence,4,317.0213110735982
6039,67198_00018,297,1.0,ratio_confidence,4,317.0213110735982
6040,67198_00018,298,1.0,ratio_confidence,4,317.0213110735982
6041,67198_00018,299,1.0,ratio_confidence,4,317.0213110735982
6042,67198_00018,300,1.0,ratio_confidence,4,317.0213110735982
6043,67198_00018,301,1.0,ratio_confidence,4,317.0213110735982
6044,67198_00018,302,1.0,ratio_confidence,4,317.0213110735982
6045,67198_00018,303,1.0,ratio_confidence,4,317.0213110735982
6046,67198_00018,304,1.0,ratio_confidence,4,317.0213110735982
6047,67198_00018,305,1.0,ratio_confidence,4,317.0213110735982
6048,67198_00018,306,1.0,ratio_confidence,4,317.0213110735982
6049,67198_00018,307,1.0,ratio_confidence,4,317.0213110735982
6050,67198_00018,308,1.0,ratio_confidence,4,317.0213110735982
6051,67198_00018,309,1.0,ratio_confidence,4,317.0213110735982
6052,67198_00018,310,1.0,ratio_confidence,4,317.0213110735982
6053,67198_00018,311,1.0,ratio_confidence,4,317.0213110735982
6054,67198_00018,312,1.0,ratio_confidence,4,317.0213110735982
6055,67198_00018,313,1.0,ratio_confidence,4,317.0213110735982
6056,67198_00018,314,1.0,ratio_confidence,4,317.0213110735982
6057,67198_00018,315,1.0,ratio_confidence,4,317.0213110735982
6058,67198_00018,316,1.0,ratio_confidence,4,317.0213110735982
6059,67198_00018,317,1.0,ratio_confidence,4,317.0213110735982
6060,67198_00018,318,1.0,ratio_confidence,4,317.0213110735982
6061,67198_00019,0,0.8695652173913043,ratio_confidence,5,313.95642108321294
6062,67198_00019,1,0.9711538461538461,ratio_confidence,5,313.95642108321294
6063,67198_00019,2,0.7747035573122529,ratio_confidence,5,313.95642108321294
6064,67198_00019,3,0.8148148148148149,ratio_confidence,5,313.95642108321294
6065,67198_00019,4,0.9252525252525252,ratio_confidence,5,313.95642108321294
6066,67198_00019,5,0.9047619047619048,ratio_confidence,5,313.95642108321294
6067,67198_00019,6,0.8900679117147707,ratio_confidence,5,313.95642108321294
6068,67198_00019,7,0.8984375,ratio_confidence,5,313.95642108321294
6069,67198_00019,8,0.8803521408563426,ratio_confidence,5,313.95642108321294
6070,67198_00019,9,0.9636363636363636,ratio_confidence,5,313.95642108321294
6071,67198_00019,10,0.9903846153846154,ratio_confidence,5,313.95642108321294
6072,67198_00019,11,0.9903846153846154,ratio_confidence,5,313.95642108321294
6073,67198_00019,12,0.9811320754716981,ratio_confidence,5,313.95642108321294
6074,67198_00019,13,0.9903846153846154,ratio_confidence,5,313.95642108321294
6075,67198_00019,14,0.9811320754716981,ratio_confidence,5,313.95642108321294
6076,67198_00019,15,0.9811320754716981,ratio_confidence,5,313.95642108321294
6077,67198_00019,16,0.9811320754716981,ratio_confidence,5,313.95642108321294
6078,67198_00019,17,0.9903846153846154,ratio_confidence,5,313.95642108321294
6079,67198_00019,18,0.9903846153846154,ratio_confidence,5,313.95642108321294
6080,67198_00019,19,0.9903846153846154,ratio_confidence,5,313.95642108321294
6081,67198_00019,20,0.9903846153846154,ratio_confidence,5,313.95642108321294
6082,67198_00019,21,1.0,ratio_confidence,5,313.95642108321294
6083,67198_00019,22,0.9903846153846154,ratio_confidence,5,313.95642108321294
6084,67198_00019,23,0.9903846153846154,ratio_confidence,5,313.95642108321294
6085,67198_00019,24,0.9903846153846154,ratio_confidence,5,313.95642108321294
6086,67198_00019,25,0.9903846153846154,ratio_confidence,5,313.95642108321294
6087,67198_00019,26,0.9903846153846154,ratio_confidence,5,313.95642108321294
6088,67198_00019,27,0.9903846153846154,ratio_confidence,5,313.95642108321294
6089,67198_00019,28,0.9903846153846154,ratio_confidence,5,313.95642108321294
6090,67198_00019,29,0.9903846153846154,ratio_confidence,5,313.95642108321294
6091,67198_00019,30,0.9903846153846154,ratio_confidence,5,313.95642108321294
6092,67198_00019,31,0.9903846153846154,ratio_confidence,5,313.95642108321294
6093,67198_00019,32,0.9903846153846154,ratio_confidence,5,313.95642108321294
6094,67198_00019,33,0.9903846153846154,ratio_confidence,5,313.95642108321294
6095,67198_00019,34,0.9903846153846154,ratio_confidence,5,313.95642108321294
6096,67198_00019,35,0.9903846153846154,ratio_confidence,5,313.95642108321294
6097,67198_00019,36,0.9903846153846154,ratio_confidence,5,313.95642108321294
6098,67198_00019,37,0.9903846153846154,ratio_confidence,5,313.95642108321294
6099,67198_00019,38,0.9903846153846154,ratio_confidence,5,313.95642108321294
6100,67198_00019,39,0.9903846153846154,ratio_confidence,5,313.95642108321294
6101,67198_00019,40,0.9903846153846154,ratio_confidence,5,313.95642108321294
6102,67198_00019,41,0.9903846153846154,ratio_confidence,5,313.95642108321294
6103,67198_00019,42,0.9903846153846154,ratio_confidence,5,313.95642108321294
6104,67198_00019,43,0.9903846153846154,ratio_confidence,5,313.95642108321294
6105,67198_00019,44,0.9903846153846154,ratio_confidence,5,313.95642108321294
6106,67198_00019,45,0.9903846153846154,ratio_confidence,5,313.95642108321294
6107,67198_00019,46,0.9903846153846154,ratio_confidence,5,313.95642108321294
6108,67198_00019,47,0.9903846153846154,ratio_confidence,5,313.95642108321294
6109,67198_00019,48,0.9903846153846154,ratio_confidence,5,313.95642108321294
6110,67198_00019,49,0.9903846153846154,ratio_confidence,5,313.95642108321294
6111,67198_00019,50,0.9903846153846154,ratio_confidence,5,313.95642108321294
6112,67198_00019,51,0.9903846153846154,ratio_confidence,5,313.95642108321294
6113,67198_00019,52,0.9903846153846154,ratio_confidence,5,313.95642108321294
6114,67198_00019,53,0.9903846153846154,ratio_confidence,5,313.95642108321294
6115,67198_00019,54,0.9903846153846154,ratio_confidence,5,313.95642108321294
6116,67198_00019,55,0.9903846153846154,ratio_confidence,5,313.95642108321294
6117,67198_00019,56,0.9903846153846154,ratio_confidence,5,313.95642108321294
6118,67198_00019,57,0.9903846153846154,ratio_confidence,5,313.95642108321294
6119,67198_00019,58,0.9903846153846154,ratio_confidence,5,313.95642108321294
6120,67198_00019,59,0.9903846153846154,ratio_confidence,5,313.95642108321294
6121,67198_00019,60,0.9903846153846154,ratio_confidence,5,313.95642108321294
6122,67198_00019,61,0.9903846153846154,ratio_confidence,5,313.95642108321294
6123,67198_00019,62,0.9903846153846154,ratio_confidence,5,313.95642108321294
6124,67198_00019,63,0.9903846153846154,ratio_confidence,5,313.95642108321294
6125,67198_00019,64,0.9903846153846154,ratio_confidence,5,313.95642108321294
6126,67198_00019,65,0.9903846153846154,ratio_confidence,5,313.95642108321294
6127,67198_00019,66,0.9903846153846154,ratio_confidence,5,313.95642108321294
6128,67198_00019,67,0.9903846153846154,ratio_confidence,5,313.95642108321294
6129,67198_00019,68,0.9903846153846154,ratio_confidence,5,313.95642108321294
6130,67198_00019,69,0.9903846153846154,ratio_confidence,5,313.95642108321294
6131,67198_00019,70,0.9903846153846154,ratio_confidence,5,313.95642108321294
6132,67198_00019,71,0.9811320754716981,ratio_confidence,5,313.95642108321294
6133,67198_00019,72,0.9903846153846154,ratio_confidence,5,313.95642108321294
6134,67198_00019,73,0.9903846153846154,ratio_confidence,5,313.95642108321294
6135,67198_00019,74,0.9903846153846154,ratio_confidence,5,313.95642108321294
6136,67198_00019,75,0.9903846153846154,ratio_confidence,5,313.95642108321294
6137,67198_00019,76,0.9903846153846154,ratio_confidence,5,313.95642108321294
6138,67198_00019,77,0.9903846153846154,ratio_confidence,5,313.95642108321294
6139,67198_00019,78,0.9903846153846154,ratio_confidence,5,313.95642108321294
6140,67198_00019,79,0.9903846153846154,ratio_confidence,5,313.95642108321294
6141,67198_00019,80,0.9903846153846154,ratio_confidence,5,313.95642108321294
6142,67198_00019,81,1.0,ratio_confidence,5,313.95642108321294
6143,67198_00019,82,0.9903846153846154,ratio_confidence,5,313.95642108321294
6144,67198_00019,83,0.9903846153846154,ratio_confidence,5,313.95642108321294
6145,67198_00019,84,0.9903846153846154,ratio_confidence,5,313.95642108321294
6146,67198_00019,85,0.9903846153846154,ratio_confidence,5,313.95642108321294
6147,67198_00019,86,0.9903846153846154,ratio_confidence,5,313.95642108321294
6148,67198_00019,87,0.9903846153846154,ratio_confidence,5,313.95642108321294
6149,67198_00019,88,0.9903846153846154,ratio_confidence,5,313.95642108321294
6150,67198_00019,89,0.9903846153846154,ratio_confidence,5,313.95642108321294
6151,67198_00019,90,0.9903846153846154,ratio_confidence,5,313.95642108321294
6152,67198_00019,91,0.9903846153846154,ratio_confidence,5,313.95642108321294
6153,67198_00019,92,0.9903846153846154,ratio_confidence,5,313.95642108321294
6154,67198_00019,93,0.9903846153846154,ratio_confidence,5,313.95642108321294
6155,67198_00019,94,0.9903846153846154,ratio_confidence,5,313.95642108321294
6156,67198_00019,95,0.9903846153846154,ratio_confidence,5,313.95642108321294
6157,67198_00019,96,0.9903846153846154,ratio_confidence,5,313.95642108321294
6158,67198_00019,97,0.9903846153846154,ratio_confidence,5,313.95642108321294
6159,67198_00019,98,0.9903846153846154,ratio_confidence,5,313.95642108321294
6160,67198_00019,99,0.9903846153846154,ratio_confidence,5,313.95642108321294
6161,67198_00019,100,0.9903846153846154,ratio_confidence,5,313.95642108321294
6162,67198_00019,101,0.9903846153846154,ratio_confidence,5,313.95642108321294
6163,67198_00019,102,0.9903846153846154,ratio_confidence,5,313.95642108321294
6164,67198_00019,103,0.9903846153846154,ratio_confidence,5,313.95642108321294
6165,67198_00019,104,0.9903846153846154,ratio_confidence,5,313.95642108321294
6166,67198_00019,105,0.9903846153846154,ratio_confidence,5,313.95642108321294
6167,67198_00019,106,0.9903846153846154,ratio_confidence,5,313.95642108321294
6168,67198_00019,107,0.9903846153846154,ratio_confidence,5,313.95642108321294
6169,67198_00019,108,0.9903846153846154,ratio_confidence,5,313.95642108321294
6170,67198_00019,109,0.9903846153846154,ratio_confidence,5,313.95642108321294
6171,67198_00019,110,0.9903846153846154,ratio_confidence,5,313.95642108321294
6172,67198_00019,111,0.9903846153846154,ratio_confidence,5,313.95642108321294
6173,67198_00019,112,0.9903846153846154,ratio_confidence,5,313.95642108321294
6174,67198_00019,113,0.9903846153846154,ratio_confidence,5,313.95642108321294
6175,67198_00019,114,0.9903846153846154,ratio_confidence,5,313.95642108321294
6176,67198_00019,115,0.9903846153846154,ratio_confidence,5,313.95642108321294
6177,67198_00019,116,0.9903846153846154,ratio_confidence,5,313.95642108321294
6178,67198_00019,117,0.9903846153846154,ratio_confidence,5,313.95642108321294
6179,67198_00019,118,0.9903846153846154,ratio_confidence,5,313.95642108321294
6180,67198_00019,119,0.9903846153846154,ratio_confidence,5,313.95642108321294
6181,67198_00019,120,0.9903846153846154,ratio_confidence,5,313.95642108321294
6182,67198_00019,121,0.9903846153846154,ratio_confidence,5,313.95642108321294
6183,67198_00019,122,1.0,ratio_confidence,5,313.95642108321294
6184,67198_00019,123,0.9903846153846154,ratio_confidence,5,313.95642108321294
6185,67198_00019,124,0.9903846153846154,ratio_confidence,5,313.95642108321294
6186,67198_00019,125,0.9903846153846154,ratio_confidence,5,313.95642108321294
6187,67198_00019,126,0.9903846153846154,ratio_confidence,5,313.95642108321294
6188,67198_00019,127,0.9903846153846154,ratio_confidence,5,313.95642108321294
6189,67198_00019,128,0.9903846153846154,ratio_confidence,5,313.95642108321294
6190,67198_00019,129,0.9903846153846154,ratio_confidence,5,313.95642108321294
6191,67198_00019,130,0.9903846153846154,ratio_confidence,5,313.95642108321294
6192,67198_00019,131,0.9903846153846154,ratio_confidence,5,313.95642108321294
6193,67198_00019,132,0.9903846153846154,ratio_confidence,5,313.95642108321294
6194,67198_00019,133,0.9903846153846154,ratio_confidence,5,313.95642108321294
6195,67198_00019,134,0.9903846153846154,ratio_confidence,5,313.95642108321294
6196,67198_00019,135,0.9903846153846154,ratio_confidence,5,313.95642108321294
6197,67198_00019,136,0.9903846153846154,ratio_confidence,5,313.95642108321294
6198,67198_00019,137,0.9903846153846154,ratio_confidence,5,313.95642108321294
6199,67198_00019,138,0.9903846153846154,ratio_confidence,5,313.95642108321294
6200,67198_00019,139,0.9903846153846154,ratio_confidence,5,313.95642108321294
6201,67198_00019,140,0.9903846153846154,ratio_confidence,5,313.95642108321294
6202,67198_00019,141,0.9903846153846154,ratio_confidence,5,313.95642108321294
6203,67198_00019,142,0.9903846153846154,ratio_confidence,5,313.95642108321294
6204,67198_00019,143,0.9903846153846154,ratio_confidence,5,313.95642108321294
6205,67198_00019,144,0.9903846153846154,ratio_confidence,5,313.95642108321294
6206,67198_00019,145,0.9903846153846154,ratio_confidence,5,313.95642108321294
6207,67198_00019,146,0.9903846153846154,ratio_confidence,5,313.95642108321294
6208,67198_00019,147,0.9903846153846154,ratio_confidence,5,313.95642108321294
6209,67198_00019,148,0.9903846153846154,ratio_confidence,5,313.95642108321294
6210,67198_00019,149,0.9903846153846154,ratio_confidence,5,313.95642108321294
6211,67198_00019,150,0.9903846153846154,ratio_confidence,5,313.95642108321294
6212,67198_00019,151,0.9903846153846154,ratio_confidence,5,313.95642108321294
6213,67198_00019,152,0.9903846153846154,ratio_confidence,5,313.95642108321294
6214,67198_00019,153,0.9811320754716981,ratio_confidence,5,313.95642108321294
6215,67198_00019,154,0.9903846153846154,ratio_confidence,5,313.95642108321294
6216,67198_00019,155,0.9903846153846154,ratio_confidence,5,313.95642108321294
6217,67198_00019,156,0.9903846153846154,ratio_confidence,5,313.95642108321294
6218,67198_00019,157,0.9903846153846154,ratio_confidence,5,313.95642108321294
6219,67198_00019,158,0.9903846153846154,ratio_confidence,5,313.95642108321294
6220,67198_00019,159,0.9903846153846154,ratio_confidence,5,313.95642108321294
6221,67198_00019,160,0.9903846153846154,ratio_confidence,5,313.95642108321294
6222,67198_00019,161,0.9903846153846154,ratio_confidence,5,313.95642108321294
6223,67198_00019,162,0.9903846153846154,ratio_confidence,5,313.95642108321294
6224,67198_00019,163,0.9903846153846154,ratio_confidence,5,313.95642108321294
6225,67198_00019,164,0.9903846153846154,ratio_confidence,5,313.95642108321294
6226,67198_00019,165,0.9903846153846154,ratio_confidence,5,313.95642108321294
6227,67198_00019,166,0.9903846153846154,ratio_confidence,5,313.95642108321294
6228,67198_00019,167,0.9903846153846154,ratio_confidence,5,313.95642108321294
6229,67198_00019,168,0.9903846153846154,ratio_confidence,5,313.95642108321294
6230,67198_00019,169,0.9903846153846154,ratio_confidence,5,313.95642108321294
6231,67198_00019,170,0.9903846153846154,ratio_confidence,5,313.95642108321294
6232,67198_00019,171,0.9903846153846154,ratio_confidence,5,313.95642108321294
6233,67198_00019,172,0.9903846153846154,ratio_confidence,5,313.95642108321294
6234,67198_00019,173,0.9903846153846154,ratio_confidence,5,313.95642108321294
6235,67198_00019,174,0.9903846153846154,ratio_confidence,5,313.95642108321294
6236,67198_00019,175,0.9903846153846154,ratio_confidence,5,313.95642108321294
6237,67198_00019,176,0.9903846153846154,ratio_confidence,5,313.95642108321294
6238,67198_00019,177,0.9903846153846154,ratio_confidence,5,313.95642108321294
6239,67198_00019,178,0.9903846153846154,ratio_confidence,5,313.95642108321294
6240,67198_00019,179,0.9903846153846154,ratio_confidence,5,313.95642108321294
6241,67198_00019,180,0.9903846153846154,ratio_confidence,5,313.95642108321294
6242,67198_00019,181,0.9903846153846154,ratio_confidence,5,313.95642108321294
6243,67198_00019,182,0.9903846153846154,ratio_confidence,5,313.95642108321294
6244,67198_00019,183,0.9903846153846154,ratio_confidence,5,313.95642108321294
6245,67198_00019,184,0.9903846153846154,ratio_confidence,5,313.95642108321294
6246,67198_00019,185,0.9903846153846154,ratio_confidence,5,313.95642108321294
6247,67198_00019,186,0.9903846153846154,ratio_confidence,5,313.95642108321294
6248,67198_00019,187,0.9903846153846154,ratio_confidence,5,313.95642108321294
6249,67198_00019,188,0.9903846153846154,ratio_confidence,5,313.95642108321294
6250,67198_00019,189,0.9903846153846154,ratio_confidence,5,313.95642108321294
6251,67198_00019,190,0.9903846153846154,ratio_confidence,5,313.95642108321294
6252,67198_00019,191,1.0,ratio_confidence,5,313.95642108321294
6253,67198_00019,192,0.9903846153846154,ratio_confidence,5,313.95642108321294
6254,67198_00019,193,0.9903846153846154,ratio_confidence,5,313.95642108321294
6255,67198_00019,194,0.9903846153846154,ratio_confidence,5,313.95642108321294
6256,67198_00019,195,1.0,ratio_confidence,5,313.95642108321294
6257,67198_00019,196,0.9903846153846154,ratio_confidence,5,313.95642108321294
6258,67198_00019,197,0.9903846153846154,ratio_confidence,5,313.95642108321294
6259,67198_00019,198,0.9903846153846154,ratio_confidence,5,313.95642108321294
6260,67198_00019,199,0.9903846153846154,ratio_confidence,5,313.95642108321294
6261,67198_00019,200,0.9903846153846154,ratio_confidence,5,313.95642108321294
6262,67198_00019,201,0.9903846153846154,ratio_confidence,5,313.95642108321294
6263,67198_00019,202,0.9903846153846154,ratio_confidence,5,313.95642108321294
6264,67198_00019,203,0.9903846153846154,ratio_confidence,5,313.95642108321294
6265,67198_00019,204,0.9903846153846154,ratio_confidence,5,313.95642108321294
6266,67198_00019,205,0.9903846153846154,ratio_confidence,5,313.95642108321294
6267,67198_00019,206,0.9903846153846154,ratio_confidence,5,313.95642108321294
6268,67198_00019,207,0.9903846153846154,ratio_confidence,5,313.95642108321294
6269,67198_00019,208,0.9903846153846154,ratio_confidence,5,313.95642108321294
6270,67198_00019,209,0.9903846153846154,ratio_confidence,5,313.95642108321294
6271,67198_00019,210,0.9903846153846154,ratio_confidence,5,313.95642108321294
6272,67198_00019,211,0.9903846153846154,ratio_confidence,5,313.95642108321294
6273,67198_00019,212,0.9903846153846154,ratio_confidence,5,313.95642108321294
6274,67198_00019,213,0.9903846153846154,ratio_confidence,5,313.95642108321294
6275,67198_00019,214,0.9903846153846154,ratio_confidence,5,313.95642108321294
6276,67198_00019,215,0.9903846153846154,ratio_confidence,5,313.95642108321294
6277,67198_00019,216,0.9903846153846154,ratio_confidence,5,313.95642108321294
6278,67198_00019,217,0.9903846153846154,ratio_confidence,5,313.95642108321294
6279,67198_00019,218,0.9903846153846154,ratio_confidence,5,313.95642108321294
6280,67198_00019,219,0.9903846153846154,ratio_confidence,5,313.95642108321294
6281,67198_00019,220,0.9903846153846154,ratio_confidence,5,313.95642108321294
6282,67198_00019,221,0.9903846153846154,ratio_confidence,5,313.95642108321294
6283,67198_00019,222,0.9903846153846154,ratio_confidence,5,313.95642108321294
6284,67198_00019,223,0.9903846153846154,ratio_confidence,5,313.95642108321294
6285,67198_00019,224,0.9903846153846154,ratio_confidence,5,313.95642108321294
6286,67198_00019,225,0.9903846153846154,ratio_confidence,5,313.95642108321294
6287,67198_00019,226,0.9903846153846154,ratio_confidence,5,313.95642108321294
6288,67198_00019,227,0.9903846153846154,ratio_confidence,5,313.95642108321294
6289,67198_00019,228,0.9903846153846154,ratio_confidence,5,313.95642108321294
6290,67198_00019,229,0.9903846153846154,ratio_confidence,5,313.95642108321294
6291,67198_00019,230,0.9903846153846154,ratio_confidence,5,313.95642108321294
6292,67198_00019,231,0.9903846153846154,ratio_confidence,5,313.95642108321294
6293,67198_00019,232,0.9903846153846154,ratio_confidence,5,313.95642108321294
6294,67198_00019,233,0.9903846153846154,ratio_confidence,5,313.95642108321294
6295,67198_00019,234,0.9903846153846154,ratio_confidence,5,313.95642108321294
6296,67198_00019,235,0.9903846153846154,ratio_confidence,5,313.95642108321294
6297,67198_00019,236,0.9811320754716981,ratio_confidence,5,313.95642108321294
6298,67198_00019,237,0.9903846153846154,ratio_confidence,5,313.95642108321294
6299,67198_00019,238,0.9903846153846154,ratio_confidence,5,313.95642108321294
6300,67198_00019,239,0.9903846153846154,ratio_confidence,5,313.95642108321294
6301,67198_00019,240,0.9903846153846154,ratio_confidence,5,313.95642108321294
6302,67198_00019,241,0.9903846153846154,ratio_confidence,5,313.95642108321294
6303,67198_00019,242,0.9903846153846154,ratio_confidence,5,313.95642108321294
6304,67198_00019,243,0.9903846153846154,ratio_confidence,5,313.95642108321294
6305,67198_00019,244,0.9903846153846154,ratio_confidence,5,313.95642108321294
6306,67198_00019,245,0.9903846153846154,ratio_confidence,5,313.95642108321294
6307,67198_00019,246,0.9903846153846154,ratio_confidence,5,313.95642108321294
6308,67198_00019,247,0.9903846153846154,ratio_confidence,5,313.95642108321294
6309,67198_00019,248,0.9903846153846154,ratio_confidence,5,313.95642108321294
6310,67198_00019,249,0.9903846153846154,ratio_confidence,5,313.95642108321294
6311,67198_00019,250,0.9903846153846154,ratio_confidence,5,313.95642108321294
6312,67198_00019,251,0.9903846153846154,ratio_confidence,5,313.95642108321294
6313,67198_00019,252,0.9903846153846154,ratio_confidence,5,313.95642108321294
6314,67198_00019,253,0.9903846153846154,ratio_confidence,5,313.95642108321294
6315,67198_00019,254,0.9903846153846154,ratio_confidence,5,313.95642108321294
6316,67198_00019,255,0.9903846153846154,ratio_confidence,5,313.95642108321294
6317,67198_00019,256,0.9903846153846154,ratio_confidence,5,313.95642108321294
6318,67198_00019,257,0.9903846153846154,ratio_confidence,5,313.95642108321294
6319,67198_00019,258,0.9903846153846154,ratio_confidence,5,313.95642108321294
6320,67198_00019,259,0.9903846153846154,ratio_confidence,5,313.95642108321294
6321,67198_00019,260,0.9903846153846154,ratio_confidence,5,313.95642108321294
6322,67198_00019,261,0.9903846153846154,ratio_confidence,5,313.95642108321294
6323,67198_00019,262,0.9903846153846154,ratio_confidence,5,313.95642108321294
6324,67198_00019,263,0.9903846153846154,ratio_confidence,5,313.95642108321294
6325,67198_00019,264,0.9903846153846154,ratio_confidence,5,313.95642108321294
6326,67198_00019,265,0.9903846153846154,ratio_confidence,5,313.95642108321294
6327,67198_00019,266,0.9903846153846154,ratio_confidence,5,313.95642108321294
6328,67198_00019,267,0.9903846153846154,ratio_confidence,5,313.95642108321294
6329,67198_00019,268,0.9903846153846154,ratio_confidence,5,313.95642108321294
6330,67198_00019,269,0.9903846153846154,ratio_confidence,5,313.95642108321294
6331,67198_00019,270,0.9903846153846154,ratio_confidence,5,313.95642108321294
6332,67198_00019,271,0.9903846153846154,ratio_confidence,5,313.95642108321294
6333,67198_00019,272,0.9903846153846154,ratio_confidence,5,313.95642108321294
6334,67198_00019,273,0.9903846153846154,ratio_confidence,5,313.95642108321294
6335,67198_00019,274,0.9903846153846154,ratio_confidence,5,313.95642108321294
6336,67198_00019,275,0.9811320754716981,ratio_confidence,5,313.95642108321294
6337,67198_00019,276,0.9903846153846154,ratio_confidence,5,313.95642108321294
6338,67198_00019,277,0.9903846153846154,ratio_confidence,5,313.95642108321294
6339,67198_00019,278,0.9903846153846154,ratio_confidence,5,313.95642108321294
6340,67198_00019,279,0.9903846153846154,ratio_confidence,5,313.95642108321294
6341,67198_00019,280,0.9903846153846154,ratio_confidence,5,313.95642108321294
6342,67198_00019,281,0.9903846153846154,ratio_confidence,5,313.95642108321294
6343,67198_00019,282,0.9903846153846154,ratio_confidence,5,313.95642108321294
6344,67198_00019,283,0.9903846153846154,ratio_confidence,5,313.95642108321294
6345,67198_00019,284,0.9903846153846154,ratio_confidence,5,313.95642108321294
6346,67198_00019,285,0.9903846153846154,ratio_confidence,5,313.95642108321294
6347,67198_00019,286,0.9903846153846154,ratio_confidence,5,313.95642108321294
6348,67198_00019,287,0.9903846153846154,ratio_confidence,5,313.95642108321294
6349,67198_00019,288,0.9903846153846154,ratio_confidence,5,313.95642108321294
6350,67198_00019,289,0.9903846153846154,ratio_confidence,5,313.95642108321294
6351,67198_00019,290,0.9903846153846154,ratio_confidence,5,313.95642108321294
6352,67198_00019,291,0.9903846153846154,ratio_confidence,5,313.95642108321294
6353,67198_00019,292,0.9903846153846154,ratio_confidence,5,313.95642108321294
6354,67198_00019,293,0.9903846153846154,ratio_confidence,5,313.95642108321294
6355,67198_00019,294,0.9903846153846154,ratio_confidence,5,313.95642108321294
6356,67198_00019,295,0.9903846153846154,ratio_confidence,5,313.95642108321294
6357,67198_00019,296,0.9903846153846154,ratio_confidence,5,313.95642108321294
6358,67198_00019,297,0.9903846153846154,ratio_confidence,5,313.95642108321294
6359,67198_00019,298,0.9903846153846154,ratio_confidence,5,313.95642108321294
6360,67198_00019,299,0.9903846153846154,ratio_confidence,5,313.95642108321294
6361,67198_00019,300,0.9903846153846154,ratio_confidence,5,313.95642108321294
6362,67198_00019,301,0.9903846153846154,ratio_confidence,5,313.95642108321294
6363,67198_00019,302,0.9903846153846154,ratio_confidence,5,313.95642108321294
6364,67198_00019,303,0.9903846153846154,ratio_confidence,5,313.95642108321294
6365,67198_00019,304,0.9903846153846154,ratio_confidence,5,313.95642108321294
6366,67198_00019,305,0.9903846153846154,ratio_confidence,5,313.95642108321294
6367,67198_00019,306,0.9903846153846154,ratio_confidence,5,313.95642108321294
6368,67198_00019,307,0.9903846153846154,ratio_confidence,5,313.95642108321294
6369,67198_00019,308,0.9811320754716981,ratio_confidence,5,313.95642108321294
6370,67198_00019,309,0.9903846153846154,ratio_confidence,5,313.95642108321294
6371,67198_00019,310,0.9903846153846154,ratio_confidence,5,313.95642108321294
6372,67198_00019,311,0.9903846153846154,ratio_confidence,5,313.95642108321294
6373,67198_00019,312,0.9903846153846154,ratio_confidence,5,313.95642108321294
6374,67198_00019,313,0.9903846153846154,ratio_confidence,5,313.95642108321294
6375,67198_00019,314,0.9903846153846154,ratio_confidence,5,313.95642108321294
6376,67198_00019,315,0.9903846153846154,ratio_confidence,5,313.95642108321294
6377,67198_00019,316,0.9903846153846154,ratio_confidence,5,313.95642108321294
6378,67198_00019,317,0.9903846153846154,ratio_confidence,5,313.95642108321294
6379,67198_00019,318,0.9903846153846154,ratio_confidence,5,313.95642108321294
6380,67198_00020,0,0.855072463768116,random,1,311.23549418902456
6381,67198_00020,1,0.49,random,1,311.23549418902456
6382,67198_00020,2,0.7375,random,1,311.23549418902456
6383,67198_00020,3,0.6198830409356726,random,1,311.23549418902456
6384,67198_00020,4,0.8353686114880146,random,1,311.23549418902456
6385,67198_00020,5,0.8290441176470589,random,1,311.23549418902456
6386,67198_00020,6,0.8461898083216457,random,1,311.23549418902456
6387,67198_00020,7,0.9252525252525252,random,1,311.23549418902456
6388,67198_00020,8,0.9703525641025641,random,1,311.23549418902456
6389,67198_00020,9,0.9799919967987194,random,1,311.23549418902456
6390,67198_00020,10,0.8863636363636364,random,1,311.23549418902456
6391,67198_00020,11,0.8640819964349375,random,1,311.23549418902456
6392,67198_00020,12,0.8833118833118834,random,1,311.23549418902456
6393,67198_00020,13,0.9434343434343434,random,1,311.23549418902456
6394,67198_00020,14,0.9811320754716981,random,1,311.23549418902456
6395,67198_00020,15,0.9112903225806452,random,1,311.23549418902456
6396,67198_00020,16,0.8642857142857143,random,1,311.23549418902456
6397,67198_00020,17,0.9903846153846154,random,1,311.23549418902456
6398,67198_00020,18,0.9811320754716981,random,1,311.23549418902456
6399,67198_00020,19,0.99,random,1,311.23549418902456
6400,67198_00020,20,0.9811320754716981,random,1,311.23549418902456
6401,67198_00020,21,0.9903846153846154,random,1,311.23549418902456
6402,67198_00020,22,0.99,random,1,311.23549418902456
6403,67198_00020,23,1.0,random,1,311.23549418902456
6404,67198_00020,24,0.8984375,random,1,311.23549418902456
6405,67198_00020,25,0.9903846153846154,random,1,311.23549418902456
6406,67198_00020,26,0.9903846153846154,random,1,311.23549418902456
6407,67198_00020,27,0.9903846153846154,random,1,311.23549418902456
6408,67198_00020,28,0.9903846153846154,random,1,311.23549418902456
6409,67198_00020,29,0.9903846153846154,random,1,311.23549418902456
6410,67198_00020,30,0.9903846153846154,random,1,311.23549418902456
6411,67198_00020,31,0.8833118833118834,random,1,311.23549418902456
6412,67198_00020,32,0.9903846153846154,random,1,311.23549418902456
6413,67198_00020,33,0.99,random,1,311.23549418902456
6414,67198_00020,34,0.9903846153846154,random,1,311.23549418902456
6415,67198_00020,35,1.0,random,1,311.23549418902456
6416,67198_00020,36,0.9799919967987194,random,1,311.23549418902456
6417,67198_00020,37,0.9903846153846154,random,1,311.23549418902456
6418,67198_00020,38,0.9903846153846154,random,1,311.23549418902456
6419,67198_00020,39,0.99,random,1,311.23549418902456
6420,67198_00020,40,0.9903846153846154,random,1,311.23549418902456
6421,67198_00020,41,1.0,random,1,311.23549418902456
6422,67198_00020,42,1.0,random,1,311.23549418902456
6423,67198_00020,43,0.9903846153846154,random,1,311.23549418902456
6424,67198_00020,44,0.9903846153846154,random,1,311.23549418902456
6425,67198_00020,45,0.99,random,1,311.23549418902456
6426,67198_00020,46,1.0,random,1,311.23549418902456
6427,67198_00020,47,1.0,random,1,311.23549418902456
6428,67198_00020,48,0.9903846153846154,random,1,311.23549418902456
6429,67198_00020,49,0.9903846153846154,random,1,311.23549418902456
6430,67198_00020,50,1.0,random,1,311.23549418902456
6431,67198_00020,51,0.99,random,1,311.23549418902456
6432,67198_00020,52,0.9903846153846154,random,1,311.23549418902456
6433,67198_00020,53,0.9903846153846154,random,1,311.23549418902456
6434,67198_00020,54,0.99,random,1,311.23549418902456
6435,67198_00020,55,1.0,random,1,311.23549418902456
6436,67198_00020,56,0.9903846153846154,random,1,311.23549418902456
6437,67198_00020,57,0.9903846153846154,random,1,311.23549418902456
6438,67198_00020,58,0.9903846153846154,random,1,311.23549418902456
6439,67198_00020,59,0.9903846153846154,random,1,311.23549418902456
6440,67198_00020,60,0.9903846153846154,random,1,311.23549418902456
6441,67198_00020,61,1.0,random,1,311.23549418902456
6442,67198_00020,62,1.0,random,1,311.23549418902456
6443,67198_00020,63,0.9799919967987194,random,1,311.23549418902456
6444,67198_00020,64,0.9903846153846154,random,1,311.23549418902456
6445,67198_00020,65,0.9903846153846154,random,1,311.23549418902456
6446,67198_00020,66,1.0,random,1,311.23549418902456
6447,67198_00020,67,0.99,random,1,311.23549418902456
6448,67198_00020,68,0.9903846153846154,random,1,311.23549418902456
6449,67198_00020,69,0.9903846153846154,random,1,311.23549418902456
6450,67198_00020,70,0.9903846153846154,random,1,311.23549418902456
6451,67198_00020,71,0.9903846153846154,random,1,311.23549418902456
6452,67198_00020,72,0.99,random,1,311.23549418902456
6453,67198_00020,73,0.9811320754716981,random,1,311.23549418902456
6454,67198_00020,74,0.99,random,1,311.23549418902456
6455,67198_00020,75,1.0,random,1,311.23549418902456
6456,67198_00020,76,0.99,random,1,311.23549418902456
6457,67198_00020,77,0.9903846153846154,random,1,311.23549418902456
6458,67198_00020,78,1.0,random,1,311.23549418902456
6459,67198_00020,79,0.99,random,1,311.23549418902456
6460,67198_00020,80,1.0,random,1,311.23549418902456
6461,67198_00020,81,0.9903846153846154,random,1,311.23549418902456
6462,67198_00020,82,0.9903846153846154,random,1,311.23549418902456
6463,67198_00020,83,0.9799919967987194,random,1,311.23549418902456
6464,67198_00020,84,0.9903846153846154,random,1,311.23549418902456
6465,67198_00020,85,0.9903846153846154,random,1,311.23549418902456
6466,67198_00020,86,0.9799919967987194,random,1,311.23549418902456
6467,67198_00020,87,0.9799919967987194,random,1,311.23549418902456
6468,67198_00020,88,0.99,random,1,311.23549418902456
6469,67198_00020,89,0.9903846153846154,random,1,311.23549418902456
6470,67198_00020,90,0.9811320754716981,random,1,311.23549418902456
6471,67198_00020,91,0.99,random,1,311.23549418902456
6472,67198_00020,92,0.9811320754716981,random,1,311.23549418902456
6473,67198_00020,93,0.9799919967987194,random,1,311.23549418902456
6474,67198_00020,94,0.9903846153846154,random,1,311.23549418902456
6475,67198_00020,95,0.9799919967987194,random,1,311.23549418902456
6476,67198_00020,96,0.9903846153846154,random,1,311.23549418902456
6477,67198_00020,97,0.9903846153846154,random,1,311.23549418902456
6478,67198_00020,98,0.9903846153846154,random,1,311.23549418902456
6479,67198_00020,99,0.9811320754716981,random,1,311.23549418902456
6480,67198_00020,100,0.9903846153846154,random,1,311.23549418902456
6481,67198_00020,101,0.9903846153846154,random,1,311.23549418902456
6482,67198_00020,102,0.9903846153846154,random,1,311.23549418902456
6483,67198_00020,103,0.9903846153846154,random,1,311.23549418902456
6484,67198_00020,104,0.9903846153846154,random,1,311.23549418902456
6485,67198_00020,105,0.9903846153846154,random,1,311.23549418902456
6486,67198_00020,106,0.9903846153846154,random,1,311.23549418902456
6487,67198_00020,107,0.9903846153846154,random,1,311.23549418902456
6488,67198_00020,108,0.9903846153846154,random,1,311.23549418902456
6489,67198_00020,109,0.9811320754716981,random,1,311.23549418902456
6490,67198_00020,110,0.9903846153846154,random,1,311.23549418902456
6491,67198_00020,111,0.9903846153846154,random,1,311.23549418902456
6492,67198_00020,112,0.9903846153846154,random,1,311.23549418902456
6493,67198_00020,113,0.99,random,1,311.23549418902456
6494,67198_00020,114,0.9903846153846154,random,1,311.23549418902456
6495,67198_00020,115,0.9903846153846154,random,1,311.23549418902456
6496,67198_00020,116,0.9799919967987194,random,1,311.23549418902456
6497,67198_00020,117,0.9811320754716981,random,1,311.23549418902456
6498,67198_00020,118,0.9811320754716981,random,1,311.23549418902456
6499,67198_00020,119,0.9903846153846154,random,1,311.23549418902456
6500,67198_00020,120,0.9799919967987194,random,1,311.23549418902456
6501,67198_00020,121,0.9903846153846154,random,1,311.23549418902456
6502,67198_00020,122,0.9903846153846154,random,1,311.23549418902456
6503,67198_00020,123,0.9799919967987194,random,1,311.23549418902456
6504,67198_00020,124,0.9811320754716981,random,1,311.23549418902456
6505,67198_00020,125,0.9903846153846154,random,1,311.23549418902456
6506,67198_00020,126,1.0,random,1,311.23549418902456
6507,67198_00020,127,0.9903846153846154,random,1,311.23549418902456
6508,67198_00020,128,0.9903846153846154,random,1,311.23549418902456
6509,67198_00020,129,0.9811320754716981,random,1,311.23549418902456
6510,67198_00020,130,0.9799919967987194,random,1,311.23549418902456
6511,67198_00020,131,0.9903846153846154,random,1,311.23549418902456
6512,67198_00020,132,0.9903846153846154,random,1,311.23549418902456
6513,67198_00020,133,0.9903846153846154,random,1,311.23549418902456
6514,67198_00020,134,0.9811320754716981,random,1,311.23549418902456
6515,67198_00020,135,0.9903846153846154,random,1,311.23549418902456
6516,67198_00020,136,0.9811320754716981,random,1,311.23549418902456
6517,67198_00020,137,0.9903846153846154,random,1,311.23549418902456
6518,67198_00020,138,0.9811320754716981,random,1,311.23549418902456
6519,67198_00020,139,0.9903846153846154,random,1,311.23549418902456
6520,67198_00020,140,0.9903846153846154,random,1,311.23549418902456
6521,67198_00020,141,0.9903846153846154,random,1,311.23549418902456
6522,67198_00020,142,0.9811320754716981,random,1,311.23549418902456
6523,67198_00020,143,0.9799919967987194,random,1,311.23549418902456
6524,67198_00020,144,0.9903846153846154,random,1,311.23549418902456
6525,67198_00020,145,0.9903846153846154,random,1,311.23549418902456
6526,67198_00020,146,0.9903846153846154,random,1,311.23549418902456
6527,67198_00020,147,0.9903846153846154,random,1,311.23549418902456
6528,67198_00020,148,0.9903846153846154,random,1,311.23549418902456
6529,67198_00020,149,0.9903846153846154,random,1,311.23549418902456
6530,67198_00020,150,0.9903846153846154,random,1,311.23549418902456
6531,67198_00020,151,0.9903846153846154,random,1,311.23549418902456
6532,67198_00020,152,0.9799919967987194,random,1,311.23549418902456
6533,67198_00020,153,0.9799919967987194,random,1,311.23549418902456
6534,67198_00020,154,0.9811320754716981,random,1,311.23549418902456
6535,67198_00020,155,0.9903846153846154,random,1,311.23549418902456
6536,67198_00020,156,1.0,random,1,311.23549418902456
6537,67198_00020,157,0.9903846153846154,random,1,311.23549418902456
6538,67198_00020,158,0.9811320754716981,random,1,311.23549418902456
6539,67198_00020,159,0.9799919967987194,random,1,311.23549418902456
6540,67198_00020,160,0.9903846153846154,random,1,311.23549418902456
6541,67198_00020,161,0.9903846153846154,random,1,311.23549418902456
6542,67198_00020,162,1.0,random,1,311.23549418902456
6543,67198_00020,163,0.9799919967987194,random,1,311.23549418902456
6544,67198_00020,164,0.9799919967987194,random,1,311.23549418902456
6545,67198_00020,165,0.9903846153846154,random,1,311.23549418902456
6546,67198_00020,166,0.9903846153846154,random,1,311.23549418902456
6547,67198_00020,167,0.9903846153846154,random,1,311.23549418902456
6548,67198_00020,168,0.9811320754716981,random,1,311.23549418902456
6549,67198_00020,169,0.9903846153846154,random,1,311.23549418902456
6550,67198_00020,170,0.9799919967987194,random,1,311.23549418902456
6551,67198_00020,171,0.9903846153846154,random,1,311.23549418902456
6552,67198_00020,172,0.9703525641025641,random,1,311.23549418902456
6553,67198_00020,173,0.99,random,1,311.23549418902456
6554,67198_00020,174,0.9903846153846154,random,1,311.23549418902456
6555,67198_00020,175,0.9799919967987194,random,1,311.23549418902456
6556,67198_00020,176,1.0,random,1,311.23549418902456
6557,67198_00020,177,0.9799919967987194,random,1,311.23549418902456
6558,67198_00020,178,0.9703525641025641,random,1,311.23549418902456
6559,67198_00020,179,0.9799919967987194,random,1,311.23549418902456
6560,67198_00020,180,0.9799919967987194,random,1,311.23549418902456
6561,67198_00020,181,0.9903846153846154,random,1,311.23549418902456
6562,67198_00020,182,0.9811320754716981,random,1,311.23549418902456
6563,67198_00020,183,0.9703525641025641,random,1,311.23549418902456
6564,67198_00020,184,0.9903846153846154,random,1,311.23549418902456
6565,67198_00020,185,0.9903846153846154,random,1,311.23549418902456
6566,67198_00020,186,0.9811320754716981,random,1,311.23549418902456
6567,67198_00020,187,0.9811320754716981,random,1,311.23549418902456
6568,67198_00020,188,0.9811320754716981,random,1,311.23549418902456
6569,67198_00020,189,0.9903846153846154,random,1,311.23549418902456
6570,67198_00020,190,0.9799919967987194,random,1,311.23549418902456
6571,67198_00020,191,0.9703525641025641,random,1,311.23549418902456
6572,67198_00020,192,0.9811320754716981,random,1,311.23549418902456
6573,67198_00020,193,0.9903846153846154,random,1,311.23549418902456
6574,67198_00020,194,0.9811320754716981,random,1,311.23549418902456
6575,67198_00020,195,0.9703525641025641,random,1,311.23549418902456
6576,67198_00020,196,0.9799919967987194,random,1,311.23549418902456
6577,67198_00020,197,0.9703525641025641,random,1,311.23549418902456
6578,67198_00020,198,0.9811320754716981,random,1,311.23549418902456
6579,67198_00020,199,0.9903846153846154,random,1,311.23549418902456
6580,67198_00020,200,0.9903846153846154,random,1,311.23549418902456
6581,67198_00020,201,0.9903846153846154,random,1,311.23549418902456
6582,67198_00020,202,0.9799919967987194,random,1,311.23549418902456
6583,67198_00020,203,0.9903846153846154,random,1,311.23549418902456
6584,67198_00020,204,0.9703525641025641,random,1,311.23549418902456
6585,67198_00020,205,0.9799919967987194,random,1,311.23549418902456
6586,67198_00020,206,0.9903846153846154,random,1,311.23549418902456
6587,67198_00020,207,1.0,random,1,311.23549418902456
6588,67198_00020,208,0.9799919967987194,random,1,311.23549418902456
6589,67198_00020,209,0.9903846153846154,random,1,311.23549418902456
6590,67198_00020,210,0.9811320754716981,random,1,311.23549418902456
6591,67198_00020,211,0.9799919967987194,random,1,311.23549418902456
6592,67198_00020,212,0.9903846153846154,random,1,311.23549418902456
6593,67198_00020,213,0.9903846153846154,random,1,311.23549418902456
6594,67198_00020,214,0.9799919967987194,random,1,311.23549418902456
6595,67198_00020,215,0.9903846153846154,random,1,311.23549418902456
6596,67198_00020,216,0.9903846153846154,random,1,311.23549418902456
6597,67198_00020,217,0.9903846153846154,random,1,311.23549418902456
6598,67198_00020,218,0.9703525641025641,random,1,311.23549418902456
6599,67198_00020,219,0.9799919967987194,random,1,311.23549418902456
6600,67198_00020,220,0.9903846153846154,random,1,311.23549418902456
6601,67198_00020,221,0.9799919967987194,random,1,311.23549418902456
6602,67198_00020,222,0.9799919967987194,random,1,311.23549418902456
6603,67198_00020,223,0.9799919967987194,random,1,311.23549418902456
6604,67198_00020,224,0.9799919967987194,random,1,311.23549418902456
6605,67198_00020,225,0.9811320754716981,random,1,311.23549418902456
6606,67198_00020,226,0.9799919967987194,random,1,311.23549418902456
6607,67198_00020,227,0.9903846153846154,random,1,311.23549418902456
6608,67198_00020,228,0.9903846153846154,random,1,311.23549418902456
6609,67198_00020,229,0.9703525641025641,random,1,311.23549418902456
6610,67198_00020,230,0.9799919967987194,random,1,311.23549418902456
6611,67198_00020,231,0.9903846153846154,random,1,311.23549418902456
6612,67198_00020,232,0.9799919967987194,random,1,311.23549418902456
6613,67198_00020,233,0.9903846153846154,random,1,311.23549418902456
6614,67198_00020,234,0.9811320754716981,random,1,311.23549418902456
6615,67198_00020,235,0.9703525641025641,random,1,311.23549418902456
6616,67198_00020,236,0.9903846153846154,random,1,311.23549418902456
6617,67198_00020,237,0.9903846153846154,random,1,311.23549418902456
6618,67198_00020,238,0.9799919967987194,random,1,311.23549418902456
6619,67198_00020,239,0.9903846153846154,random,1,311.23549418902456
6620,67198_00020,240,0.9799919967987194,random,1,311.23549418902456
6621,67198_00020,241,0.9903846153846154,random,1,311.23549418902456
6622,67198_00020,242,0.9799919967987194,random,1,311.23549418902456
6623,67198_00020,243,0.9703525641025641,random,1,311.23549418902456
6624,67198_00020,244,0.9811320754716981,random,1,311.23549418902456
6625,67198_00020,245,0.9811320754716981,random,1,311.23549418902456
6626,67198_00020,246,0.9903846153846154,random,1,311.23549418902456
6627,67198_00020,247,0.9903846153846154,random,1,311.23549418902456
6628,67198_00020,248,0.9811320754716981,random,1,311.23549418902456
6629,67198_00020,249,0.9903846153846154,random,1,311.23549418902456
6630,67198_00020,250,0.9799919967987194,random,1,311.23549418902456
6631,67198_00020,251,0.9799919967987194,random,1,311.23549418902456
6632,67198_00020,252,0.9811320754716981,random,1,311.23549418902456
6633,67198_00020,253,0.9799919967987194,random,1,311.23549418902456
6634,67198_00020,254,0.9703525641025641,random,1,311.23549418902456
6635,67198_00020,255,0.9811320754716981,random,1,311.23549418902456
6636,67198_00020,256,0.9703525641025641,random,1,311.23549418902456
6637,67198_00020,257,0.9903846153846154,random,1,311.23549418902456
6638,67198_00020,258,0.9903846153846154,random,1,311.23549418902456
6639,67198_00020,259,0.9811320754716981,random,1,311.23549418902456
6640,67198_00020,260,0.9903846153846154,random,1,311.23549418902456
6641,67198_00020,261,0.9799919967987194,random,1,311.23549418902456
6642,67198_00020,262,0.9799919967987194,random,1,311.23549418902456
6643,67198_00020,263,0.9811320754716981,random,1,311.23549418902456
6644,67198_00020,264,0.9799919967987194,random,1,311.23549418902456
6645,67198_00020,265,0.9903846153846154,random,1,311.23549418902456
6646,67198_00020,266,0.9903846153846154,random,1,311.23549418902456
6647,67198_00020,267,0.9903846153846154,random,1,311.23549418902456
6648,67198_00020,268,0.9903846153846154,random,1,311.23549418902456
6649,67198_00020,269,0.9811320754716981,random,1,311.23549418902456
6650,67198_00020,270,0.9903846153846154,random,1,311.23549418902456
6651,67198_00020,271,0.9811320754716981,random,1,311.23549418902456
6652,67198_00020,272,0.9903846153846154,random,1,311.23549418902456
6653,67198_00020,273,0.9799919967987194,random,1,311.23549418902456
6654,67198_00020,274,0.9903846153846154,random,1,311.23549418902456
6655,67198_00020,275,0.9799919967987194,random,1,311.23549418902456
6656,67198_00020,276,0.9811320754716981,random,1,311.23549418902456
6657,67198_00020,277,0.9811320754716981,random,1,311.23549418902456
6658,67198_00020,278,0.9903846153846154,random,1,311.23549418902456
6659,67198_00020,279,0.9703525641025641,random,1,311.23549418902456
6660,67198_00020,280,0.9903846153846154,random,1,311.23549418902456
6661,67198_00020,281,0.9799919967987194,random,1,311.23549418902456
6662,67198_00020,282,0.9903846153846154,random,1,311.23549418902456
6663,67198_00020,283,0.9903846153846154,random,1,311.23549418902456
6664,67198_00020,284,0.9903846153846154,random,1,311.23549418902456
6665,67198_00020,285,0.9811320754716981,random,1,311.23549418902456
6666,67198_00020,286,0.9811320754716981,random,1,311.23549418902456
6667,67198_00020,287,0.9811320754716981,random,1,311.23549418902456
6668,67198_00020,288,0.9811320754716981,random,1,311.23549418902456
6669,67198_00020,289,0.9903846153846154,random,1,311.23549418902456
6670,67198_00020,290,0.9903846153846154,random,1,311.23549418902456
6671,67198_00020,291,0.9903846153846154,random,1,311.23549418902456
6672,67198_00020,292,0.9703525641025641,random,1,311.23549418902456
6673,67198_00020,293,0.9811320754716981,random,1,311.23549418902456
6674,67198_00020,294,0.9903846153846154,random,1,311.23549418902456
6675,67198_00020,295,0.9903846153846154,random,1,311.23549418902456
6676,67198_00020,296,0.9799919967987194,random,1,311.23549418902456
6677,67198_00020,297,0.9799919967987194,random,1,311.23549418902456
6678,67198_00020,298,0.9799919967987194,random,1,311.23549418902456
6679,67198_00020,299,0.9811320754716981,random,1,311.23549418902456
6680,67198_00020,300,0.9903846153846154,random,1,311.23549418902456
6681,67198_00020,301,0.9811320754716981,random,1,311.23549418902456
6682,67198_00020,302,0.9903846153846154,random,1,311.23549418902456
6683,67198_00020,303,0.9903846153846154,random,1,311.23549418902456
6684,67198_00020,304,0.9811320754716981,random,1,311.23549418902456
6685,67198_00020,305,0.9811320754716981,random,1,311.23549418902456
6686,67198_00020,306,0.9903846153846154,random,1,311.23549418902456
6687,67198_00020,307,0.9903846153846154,random,1,311.23549418902456
6688,67198_00020,308,0.9811320754716981,random,1,311.23549418902456
6689,67198_00020,309,0.9811320754716981,random,1,311.23549418902456
6690,67198_00020,310,0.9903846153846154,random,1,311.23549418902456
6691,67198_00020,311,0.9811320754716981,random,1,311.23549418902456
6692,67198_00020,312,0.9903846153846154,random,1,311.23549418902456
6693,67198_00020,313,0.9903846153846154,random,1,311.23549418902456
6694,67198_00020,314,0.9903846153846154,random,1,311.23549418902456
6695,67198_00020,315,0.9903846153846154,random,1,311.23549418902456
6696,67198_00020,316,0.9903846153846154,random,1,311.23549418902456
6697,67198_00020,317,0.9703525641025641,random,1,311.23549418902456
6698,67198_00020,318,0.9799919967987194,random,1,311.23549418902456
6699,67198_00021,0,0.8035714285714286,random,2,313.5432972348668
6700,67198_00021,1,0.4109396914446003,random,2,313.5432972348668
6701,67198_00021,2,0.4109396914446003,random,2,313.5432972348668
6702,67198_00021,3,0.7784090909090908,random,2,313.5432972348668
6703,67198_00021,4,0.7752808988764045,random,2,313.5432972348668
6704,67198_00021,5,0.7752808988764045,random,2,313.5432972348668
6705,67198_00021,6,0.7752808988764045,random,2,313.5432972348668
6706,67198_00021,7,1.0,random,2,313.5432972348668
6707,67198_00021,8,1.0,random,2,313.5432972348668
6708,67198_00021,9,0.7752808988764045,random,2,313.5432972348668
6709,67198_00021,10,0.8602941176470589,random,2,313.5432972348668
6710,67198_00021,11,0.855072463768116,random,2,313.5432972348668
6711,67198_00021,12,0.7752808988764045,random,2,313.5432972348668
6712,67198_00021,13,0.7752808988764045,random,2,313.5432972348668
6713,67198_00021,14,0.8602941176470589,random,2,313.5432972348668
6714,67198_00021,15,0.7752808988764045,random,2,313.5432972348668
6715,67198_00021,16,0.855072463768116,random,2,313.5432972348668
6716,67198_00021,17,1.0,random,2,313.5432972348668
6717,67198_00021,18,1.0,random,2,313.5432972348668
6718,67198_00021,19,0.8642857142857143,random,2,313.5432972348668
6719,67198_00021,20,0.9622641509433962,random,2,313.5432972348668
6720,67198_00021,21,0.8923076923076922,random,2,313.5432972348668
6721,67198_00021,22,0.925,random,2,313.5432972348668
6722,67198_00021,23,1.0,random,2,313.5432972348668
6723,67198_00021,24,0.9722222222222222,random,2,313.5432972348668
6724,67198_00021,25,1.0,random,2,313.5432972348668
6725,67198_00021,26,1.0,random,2,313.5432972348668
6726,67198_00021,27,1.0,random,2,313.5432972348668
6727,67198_00021,28,1.0,random,2,313.5432972348668
6728,67198_00021,29,1.0,random,2,313.5432972348668
6729,67198_00021,30,1.0,random,2,313.5432972348668
6730,67198_00021,31,1.0,random,2,313.5432972348668
6731,67198_00021,32,1.0,random,2,313.5432972348668
6732,67198_00021,33,1.0,random,2,313.5432972348668
6733,67198_00021,34,1.0,random,2,313.5432972348668
6734,67198_00021,35,1.0,random,2,313.5432972348668
6735,67198_00021,36,1.0,random,2,313.5432972348668
6736,67198_00021,37,1.0,random,2,313.5432972348668
6737,67198_00021,38,1.0,random,2,313.5432972348668
6738,67198_00021,39,1.0,random,2,313.5432972348668
6739,67198_00021,40,1.0,random,2,313.5432972348668
6740,67198_00021,41,1.0,random,2,313.5432972348668
6741,67198_00021,42,1.0,random,2,313.5432972348668
6742,67198_00021,43,1.0,random,2,313.5432972348668
6743,67198_00021,44,1.0,random,2,313.5432972348668
6744,67198_00021,45,1.0,random,2,313.5432972348668
6745,67198_00021,46,1.0,random,2,313.5432972348668
6746,67198_00021,47,0.9811320754716981,random,2,313.5432972348668
6747,67198_00021,48,1.0,random,2,313.5432972348668
6748,67198_00021,49,1.0,random,2,313.5432972348668
6749,67198_00021,50,1.0,random,2,313.5432972348668
6750,67198_00021,51,1.0,random,2,313.5432972348668
6751,67198_00021,52,1.0,random,2,313.5432972348668
6752,67198_00021,53,1.0,random,2,313.5432972348668
6753,67198_00021,54,1.0,random,2,313.5432972348668
6754,67198_00021,55,1.0,random,2,313.5432972348668
6755,67198_00021,56,1.0,random,2,313.5432972348668
6756,67198_00021,57,1.0,random,2,313.5432972348668
6757,67198_00021,58,1.0,random,2,313.5432972348668
6758,67198_00021,59,1.0,random,2,313.5432972348668
6759,67198_00021,60,1.0,random,2,313.5432972348668
6760,67198_00021,61,1.0,random,2,313.5432972348668
6761,67198_00021,62,1.0,random,2,313.5432972348668
6762,67198_00021,63,1.0,random,2,313.5432972348668
6763,67198_00021,64,1.0,random,2,313.5432972348668
6764,67198_00021,65,1.0,random,2,313.5432972348668
6765,67198_00021,66,0.9903846153846154,random,2,313.5432972348668
6766,67198_00021,67,1.0,random,2,313.5432972348668
6767,67198_00021,68,1.0,random,2,313.5432972348668
6768,67198_00021,69,1.0,random,2,313.5432972348668
6769,67198_00021,70,1.0,random,2,313.5432972348668
6770,67198_00021,71,1.0,random,2,313.5432972348668
6771,67198_00021,72,1.0,random,2,313.5432972348668
6772,67198_00021,73,1.0,random,2,313.5432972348668
6773,67198_00021,74,1.0,random,2,313.5432972348668
6774,67198_00021,75,1.0,random,2,313.5432972348668
6775,67198_00021,76,1.0,random,2,313.5432972348668
6776,67198_00021,77,1.0,random,2,313.5432972348668
6777,67198_00021,78,1.0,random,2,313.5432972348668
6778,67198_00021,79,1.0,random,2,313.5432972348668
6779,67198_00021,80,1.0,random,2,313.5432972348668
6780,67198_00021,81,1.0,random,2,313.5432972348668
6781,67198_00021,82,1.0,random,2,313.5432972348668
6782,67198_00021,83,1.0,random,2,313.5432972348668
6783,67198_00021,84,1.0,random,2,313.5432972348668
6784,67198_00021,85,1.0,random,2,313.5432972348668
6785,67198_00021,86,1.0,random,2,313.5432972348668
6786,67198_00021,87,1.0,random,2,313.5432972348668
6787,67198_00021,88,1.0,random,2,313.5432972348668
6788,67198_00021,89,1.0,random,2,313.5432972348668
6789,67198_00021,90,1.0,random,2,313.5432972348668
6790,67198_00021,91,1.0,random,2,313.5432972348668
6791,67198_00021,92,1.0,random,2,313.5432972348668
6792,67198_00021,93,1.0,random,2,313.5432972348668
6793,67198_00021,94,1.0,random,2,313.5432972348668
6794,67198_00021,95,1.0,random,2,313.5432972348668
6795,67198_00021,96,1.0,random,2,313.5432972348668
6796,67198_00021,97,1.0,random,2,313.5432972348668
6797,67198_00021,98,1.0,random,2,313.5432972348668
6798,67198_00021,99,1.0,random,2,313.5432972348668
6799,67198_00021,100,1.0,random,2,313.5432972348668
6800,67198_00021,101,1.0,random,2,313.5432972348668
6801,67198_00021,102,0.9016393442622951,random,2,313.5432972348668
6802,67198_00021,103,1.0,random,2,313.5432972348668
6803,67198_00021,104,1.0,random,2,313.5432972348668
6804,67198_00021,105,1.0,random,2,313.5432972348668
6805,67198_00021,106,1.0,random,2,313.5432972348668
6806,67198_00021,107,1.0,random,2,313.5432972348668
6807,67198_00021,108,1.0,random,2,313.5432972348668
6808,67198_00021,109,1.0,random,2,313.5432972348668
6809,67198_00021,110,1.0,random,2,313.5432972348668
6810,67198_00021,111,1.0,random,2,313.5432972348668
6811,67198_00021,112,1.0,random,2,313.5432972348668
6812,67198_00021,113,1.0,random,2,313.5432972348668
6813,67198_00021,114,1.0,random,2,313.5432972348668
6814,67198_00021,115,1.0,random,2,313.5432972348668
6815,67198_00021,116,1.0,random,2,313.5432972348668
6816,67198_00021,117,1.0,random,2,313.5432972348668
6817,67198_00021,118,0.9083333333333333,random,2,313.5432972348668
6818,67198_00021,119,1.0,random,2,313.5432972348668
6819,67198_00021,120,1.0,random,2,313.5432972348668
6820,67198_00021,121,1.0,random,2,313.5432972348668
6821,67198_00021,122,1.0,random,2,313.5432972348668
6822,67198_00021,123,1.0,random,2,313.5432972348668
6823,67198_00021,124,1.0,random,2,313.5432972348668
6824,67198_00021,125,1.0,random,2,313.5432972348668
6825,67198_00021,126,1.0,random,2,313.5432972348668
6826,67198_00021,127,1.0,random,2,313.5432972348668
6827,67198_00021,128,1.0,random,2,313.5432972348668
6828,67198_00021,129,1.0,random,2,313.5432972348668
6829,67198_00021,130,1.0,random,2,313.5432972348668
6830,67198_00021,131,1.0,random,2,313.5432972348668
6831,67198_00021,132,1.0,random,2,313.5432972348668
6832,67198_00021,133,1.0,random,2,313.5432972348668
6833,67198_00021,134,1.0,random,2,313.5432972348668
6834,67198_00021,135,1.0,random,2,313.5432972348668
6835,67198_00021,136,0.9224137931034483,random,2,313.5432972348668
6836,67198_00021,137,1.0,random,2,313.5432972348668
6837,67198_00021,138,1.0,random,2,313.5432972348668
6838,67198_00021,139,1.0,random,2,313.5432972348668
6839,67198_00021,140,1.0,random,2,313.5432972348668
6840,67198_00021,141,1.0,random,2,313.5432972348668
6841,67198_00021,142,1.0,random,2,313.5432972348668
6842,67198_00021,143,1.0,random,2,313.5432972348668
6843,67198_00021,144,1.0,random,2,313.5432972348668
6844,67198_00021,145,1.0,random,2,313.5432972348668
6845,67198_00021,146,1.0,random,2,313.5432972348668
6846,67198_00021,147,1.0,random,2,313.5432972348668
6847,67198_00021,148,0.9903846153846154,random,2,313.5432972348668
6848,67198_00021,149,1.0,random,2,313.5432972348668
6849,67198_00021,150,1.0,random,2,313.5432972348668
6850,67198_00021,151,1.0,random,2,313.5432972348668
6851,67198_00021,152,1.0,random,2,313.5432972348668
6852,67198_00021,153,1.0,random,2,313.5432972348668
6853,67198_00021,154,1.0,random,2,313.5432972348668
6854,67198_00021,155,1.0,random,2,313.5432972348668
6855,67198_00021,156,1.0,random,2,313.5432972348668
6856,67198_00021,157,1.0,random,2,313.5432972348668
6857,67198_00021,158,1.0,random,2,313.5432972348668
6858,67198_00021,159,1.0,random,2,313.5432972348668
6859,67198_00021,160,1.0,random,2,313.5432972348668
6860,67198_00021,161,0.9016393442622951,random,2,313.5432972348668
6861,67198_00021,162,1.0,random,2,313.5432972348668
6862,67198_00021,163,0.9811320754716981,random,2,313.5432972348668
6863,67198_00021,164,1.0,random,2,313.5432972348668
6864,67198_00021,165,1.0,random,2,313.5432972348668
6865,67198_00021,166,1.0,random,2,313.5432972348668
6866,67198_00021,167,1.0,random,2,313.5432972348668
6867,67198_00021,168,1.0,random,2,313.5432972348668
6868,67198_00021,169,1.0,random,2,313.5432972348668
6869,67198_00021,170,1.0,random,2,313.5432972348668
6870,67198_00021,171,1.0,random,2,313.5432972348668
6871,67198_00021,172,1.0,random,2,313.5432972348668
6872,67198_00021,173,1.0,random,2,313.5432972348668
6873,67198_00021,174,1.0,random,2,313.5432972348668
6874,67198_00021,175,1.0,random,2,313.5432972348668
6875,67198_00021,176,1.0,random,2,313.5432972348668
6876,67198_00021,177,1.0,random,2,313.5432972348668
6877,67198_00021,178,1.0,random,2,313.5432972348668
6878,67198_00021,179,1.0,random,2,313.5432972348668
6879,67198_00021,180,1.0,random,2,313.5432972348668
6880,67198_00021,181,1.0,random,2,313.5432972348668
6881,67198_00021,182,1.0,random,2,313.5432972348668
6882,67198_00021,183,1.0,random,2,313.5432972348668
6883,67198_00021,184,1.0,random,2,313.5432972348668
6884,67198_00021,185,1.0,random,2,313.5432972348668
6885,67198_00021,186,1.0,random,2,313.5432972348668
6886,67198_00021,187,1.0,random,2,313.5432972348668
6887,67198_00021,188,1.0,random,2,313.5432972348668
6888,67198_00021,189,1.0,random,2,313.5432972348668
6889,67198_00021,190,1.0,random,2,313.5432972348668
6890,67198_00021,191,1.0,random,2,313.5432972348668
6891,67198_00021,192,1.0,random,2,313.5432972348668
6892,67198_00021,193,1.0,random,2,313.5432972348668
6893,67198_00021,194,1.0,random,2,313.5432972348668
6894,67198_00021,195,1.0,random,2,313.5432972348668
6895,67198_00021,196,1.0,random,2,313.5432972348668
6896,67198_00021,197,1.0,random,2,313.5432972348668
6897,67198_00021,198,1.0,random,2,313.5432972348668
6898,67198_00021,199,1.0,random,2,313.5432972348668
6899,67198_00021,200,1.0,random,2,313.5432972348668
6900,67198_00021,201,1.0,random,2,313.5432972348668
6901,67198_00021,202,1.0,random,2,313.5432972348668
6902,67198_00021,203,1.0,random,2,313.5432972348668
6903,67198_00021,204,1.0,random,2,313.5432972348668
6904,67198_00021,205,1.0,random,2,313.5432972348668
6905,67198_00021,206,1.0,random,2,313.5432972348668
6906,67198_00021,207,1.0,random,2,313.5432972348668
6907,67198_00021,208,1.0,random,2,313.5432972348668
6908,67198_00021,209,1.0,random,2,313.5432972348668
6909,67198_00021,210,1.0,random,2,313.5432972348668
6910,67198_00021,211,1.0,random,2,313.5432972348668
6911,67198_00021,212,1.0,random,2,313.5432972348668
6912,67198_00021,213,1.0,random,2,313.5432972348668
6913,67198_00021,214,1.0,random,2,313.5432972348668
6914,67198_00021,215,0.9903846153846154,random,2,313.5432972348668
6915,67198_00021,216,1.0,random,2,313.5432972348668
6916,67198_00021,217,1.0,random,2,313.5432972348668
6917,67198_00021,218,1.0,random,2,313.5432972348668
6918,67198_00021,219,1.0,random,2,313.5432972348668
6919,67198_00021,220,1.0,random,2,313.5432972348668
6920,67198_00021,221,1.0,random,2,313.5432972348668
6921,67198_00021,222,1.0,random,2,313.5432972348668
6922,67198_00021,223,1.0,random,2,313.5432972348668
6923,67198_00021,224,1.0,random,2,313.5432972348668
6924,67198_00021,225,1.0,random,2,313.5432972348668
6925,67198_00021,226,1.0,random,2,313.5432972348668
6926,67198_00021,227,1.0,random,2,313.5432972348668
6927,67198_00021,228,1.0,random,2,313.5432972348668
6928,67198_00021,229,1.0,random,2,313.5432972348668
6929,67198_00021,230,1.0,random,2,313.5432972348668
6930,67198_00021,231,1.0,random,2,313.5432972348668
6931,67198_00021,232,1.0,random,2,313.5432972348668
6932,67198_00021,233,1.0,random,2,313.5432972348668
6933,67198_00021,234,1.0,random,2,313.5432972348668
6934,67198_00021,235,1.0,random,2,313.5432972348668
6935,67198_00021,236,1.0,random,2,313.5432972348668
6936,67198_00021,237,1.0,random,2,313.5432972348668
6937,67198_00021,238,1.0,random,2,313.5432972348668
6938,67198_00021,239,1.0,random,2,313.5432972348668
6939,67198_00021,240,1.0,random,2,313.5432972348668
6940,67198_00021,241,1.0,random,2,313.5432972348668
6941,67198_00021,242,1.0,random,2,313.5432972348668
6942,67198_00021,243,1.0,random,2,313.5432972348668
6943,67198_00021,244,1.0,random,2,313.5432972348668
6944,67198_00021,245,1.0,random,2,313.5432972348668
6945,67198_00021,246,1.0,random,2,313.5432972348668
6946,67198_00021,247,1.0,random,2,313.5432972348668
6947,67198_00021,248,1.0,random,2,313.5432972348668
6948,67198_00021,249,1.0,random,2,313.5432972348668
6949,67198_00021,250,1.0,random,2,313.5432972348668
6950,67198_00021,251,1.0,random,2,313.5432972348668
6951,67198_00021,252,1.0,random,2,313.5432972348668
6952,67198_00021,253,1.0,random,2,313.5432972348668
6953,67198_00021,254,1.0,random,2,313.5432972348668
6954,67198_00021,255,1.0,random,2,313.5432972348668
6955,67198_00021,256,1.0,random,2,313.5432972348668
6956,67198_00021,257,1.0,random,2,313.5432972348668
6957,67198_00021,258,1.0,random,2,313.5432972348668
6958,67198_00021,259,1.0,random,2,313.5432972348668
6959,67198_00021,260,1.0,random,2,313.5432972348668
6960,67198_00021,261,1.0,random,2,313.5432972348668
6961,67198_00021,262,1.0,random,2,313.5432972348668
6962,67198_00021,263,1.0,random,2,313.5432972348668
6963,67198_00021,264,1.0,random,2,313.5432972348668
6964,67198_00021,265,1.0,random,2,313.5432972348668
6965,67198_00021,266,1.0,random,2,313.5432972348668
6966,67198_00021,267,1.0,random,2,313.5432972348668
6967,67198_00021,268,1.0,random,2,313.5432972348668
6968,67198_00021,269,1.0,random,2,313.5432972348668
6969,67198_00021,270,1.0,random,2,313.5432972348668
6970,67198_00021,271,1.0,random,2,313.5432972348668
6971,67198_00021,272,1.0,random,2,313.5432972348668
6972,67198_00021,273,1.0,random,2,313.5432972348668
6973,67198_00021,274,1.0,random,2,313.5432972348668
6974,67198_00021,275,1.0,random,2,313.5432972348668
6975,67198_00021,276,1.0,random,2,313.5432972348668
6976,67198_00021,277,1.0,random,2,313.5432972348668
6977,67198_00021,278,1.0,random,2,313.5432972348668
6978,67198_00021,279,1.0,random,2,313.5432972348668
6979,67198_00021,280,1.0,random,2,313.5432972348668
6980,67198_00021,281,1.0,random,2,313.5432972348668
6981,67198_00021,282,1.0,random,2,313.5432972348668
6982,67198_00021,283,1.0,random,2,313.5432972348668
6983,67198_00021,284,1.0,random,2,313.5432972348668
6984,67198_00021,285,1.0,random,2,313.5432972348668
6985,67198_00021,286,1.0,random,2,313.5432972348668
6986,67198_00021,287,1.0,random,2,313.5432972348668
6987,67198_00021,288,1.0,random,2,313.5432972348668
6988,67198_00021,289,1.0,random,2,313.5432972348668
6989,67198_00021,290,1.0,random,2,313.5432972348668
6990,67198_00021,291,1.0,random,2,313.5432972348668
6991,67198_00021,292,1.0,random,2,313.5432972348668
6992,67198_00021,293,1.0,random,2,313.5432972348668
6993,67198_00021,294,1.0,random,2,313.5432972348668
6994,67198_00021,295,1.0,random,2,313.5432972348668
6995,67198_00021,296,1.0,random,2,313.5432972348668
6996,67198_00021,297,1.0,random,2,313.5432972348668
6997,67198_00021,298,1.0,random,2,313.5432972348668
6998,67198_00021,299,1.0,random,2,313.5432972348668
6999,67198_00021,300,1.0,random,2,313.5432972348668
7000,67198_00021,301,1.0,random,2,313.5432972348668
7001,67198_00021,302,1.0,random,2,313.5432972348668
7002,67198_00021,303,1.0,random,2,313.5432972348668
7003,67198_00021,304,1.0,random,2,313.5432972348668
7004,67198_00021,305,1.0,random,2,313.5432972348668
7005,67198_00021,306,1.0,random,2,313.5432972348668
7006,67198_00021,307,1.0,random,2,313.5432972348668
7007,67198_00021,308,1.0,random,2,313.5432972348668
7008,67198_00021,309,1.0,random,2,313.5432972348668
7009,67198_00021,310,1.0,random,2,313.5432972348668
7010,67198_00021,311,1.0,random,2,313.5432972348668
7011,67198_00021,312,1.0,random,2,313.5432972348668
7012,67198_00021,313,1.0,random,2,313.5432972348668
7013,67198_00021,314,1.0,random,2,313.5432972348668
7014,67198_00021,315,1.0,random,2,313.5432972348668
7015,67198_00021,316,1.0,random,2,313.5432972348668
7016,67198_00021,317,1.0,random,2,313.5432972348668
7017,67198_00021,318,1.0,random,2,313.5432972348668
7018,67198_00022,0,0.6850265197878417,random,3,309.92654146229137
7019,67198_00022,1,0.7712765957446808,random,3,309.92654146229137
7020,67198_00022,2,0.7712765957446808,random,3,309.92654146229137
7021,67198_00022,3,0.7712765957446808,random,3,309.92654146229137
7022,67198_00022,4,0.25252525252525254,random,3,309.92654146229137
7023,67198_00022,5,0.6162687886825817,random,3,309.92654146229137
7024,67198_00022,6,0.8461898083216457,random,3,309.92654146229137
7025,67198_00022,7,0.6850265197878417,random,3,309.92654146229137
7026,67198_00022,8,0.7875155022736668,random,3,309.92654146229137
7027,67198_00022,9,0.8040404040404041,random,3,309.92654146229137
7028,67198_00022,10,0.8356164383561644,random,3,309.92654146229137
7029,67198_00022,11,0.8356164383561644,random,3,309.92654146229137
7030,67198_00022,12,0.8128019323671498,random,3,309.92654146229137
7031,67198_00022,13,0.9030303030303031,random,3,309.92654146229137
7032,67198_00022,14,0.9711538461538461,random,3,309.92654146229137
7033,67198_00022,15,0.9711538461538461,random,3,309.92654146229137
7034,67198_00022,16,0.9803921568627452,random,3,309.92654146229137
7035,67198_00022,17,0.9711538461538461,random,3,309.92654146229137
7036,67198_00022,18,0.9803921568627452,random,3,309.92654146229137
7037,67198_00022,19,0.9803921568627452,random,3,309.92654146229137
7038,67198_00022,20,0.9803921568627452,random,3,309.92654146229137
7039,67198_00022,21,0.9298245614035088,random,3,309.92654146229137
7040,67198_00022,22,0.85,random,3,309.92654146229137
7041,67198_00022,23,0.9454545454545454,random,3,309.92654146229137
7042,67198_00022,24,0.9711538461538461,random,3,309.92654146229137
7043,67198_00022,25,0.9803921568627452,random,3,309.92654146229137
7044,67198_00022,26,0.9711538461538461,random,3,309.92654146229137
7045,67198_00022,27,0.9711538461538461,random,3,309.92654146229137
7046,67198_00022,28,0.9711538461538461,random,3,309.92654146229137
7047,67198_00022,29,0.9803921568627452,random,3,309.92654146229137
7048,67198_00022,30,0.8356164383561644,random,3,309.92654146229137
7049,67198_00022,31,0.9711538461538461,random,3,309.92654146229137
7050,67198_00022,32,0.9711538461538461,random,3,309.92654146229137
7051,67198_00022,33,0.9711538461538461,random,3,309.92654146229137
7052,67198_00022,34,0.9711538461538461,random,3,309.92654146229137
7053,67198_00022,35,0.9610598153352068,random,3,309.92654146229137
7054,67198_00022,36,0.9711538461538461,random,3,309.92654146229137
7055,67198_00022,37,0.9803921568627452,random,3,309.92654146229137
7056,67198_00022,38,0.9903846153846154,random,3,309.92654146229137
7057,67198_00022,39,0.9903846153846154,random,3,309.92654146229137
7058,67198_00022,40,0.9903846153846154,random,3,309.92654146229137
7059,67198_00022,41,0.99,random,3,309.92654146229137
7060,67198_00022,42,0.9799919967987194,random,3,309.92654146229137
7061,67198_00022,43,0.9903846153846154,random,3,309.92654146229137
7062,67198_00022,44,0.99,random,3,309.92654146229137
7063,67198_00022,45,0.9799919967987194,random,3,309.92654146229137
7064,67198_00022,46,0.9799919967987194,random,3,309.92654146229137
7065,67198_00022,47,0.9903846153846154,random,3,309.92654146229137
7066,67198_00022,48,0.9799919967987194,random,3,309.92654146229137
7067,67198_00022,49,0.9799919967987194,random,3,309.92654146229137
7068,67198_00022,50,0.9903846153846154,random,3,309.92654146229137
7069,67198_00022,51,0.9903846153846154,random,3,309.92654146229137
7070,67198_00022,52,0.9903846153846154,random,3,309.92654146229137
7071,67198_00022,53,0.9799919967987194,random,3,309.92654146229137
7072,67198_00022,54,0.9799919967987194,random,3,309.92654146229137
7073,67198_00022,55,0.9799919967987194,random,3,309.92654146229137
7074,67198_00022,56,0.9799919967987194,random,3,309.92654146229137
7075,67198_00022,57,0.9803921568627452,random,3,309.92654146229137
7076,67198_00022,58,0.9803921568627452,random,3,309.92654146229137
7077,67198_00022,59,0.9803921568627452,random,3,309.92654146229137
7078,67198_00022,60,0.9799919967987194,random,3,309.92654146229137
7079,67198_00022,61,0.9803921568627452,random,3,309.92654146229137
7080,67198_00022,62,0.9803921568627452,random,3,309.92654146229137
7081,67198_00022,63,0.9803921568627452,random,3,309.92654146229137
7082,67198_00022,64,0.99,random,3,309.92654146229137
7083,67198_00022,65,0.9803921568627452,random,3,309.92654146229137
7084,67198_00022,66,0.9803921568627452,random,3,309.92654146229137
7085,67198_00022,67,0.99,random,3,309.92654146229137
7086,67198_00022,68,0.9803921568627452,random,3,309.92654146229137
7087,67198_00022,69,0.9799919967987194,random,3,309.92654146229137
7088,67198_00022,70,0.9803921568627452,random,3,309.92654146229137
7089,67198_00022,71,0.9803921568627452,random,3,309.92654146229137
7090,67198_00022,72,0.9799919967987194,random,3,309.92654146229137
7091,67198_00022,73,0.9803921568627452,random,3,309.92654146229137
7092,67198_00022,74,0.9799919967987194,random,3,309.92654146229137
7093,67198_00022,75,0.9803921568627452,random,3,309.92654146229137
7094,67198_00022,76,0.9803921568627452,random,3,309.92654146229137
7095,67198_00022,77,0.9803921568627452,random,3,309.92654146229137
7096,67198_00022,78,0.9803921568627452,random,3,309.92654146229137
7097,67198_00022,79,0.99,random,3,309.92654146229137
7098,67198_00022,80,0.9803921568627452,random,3,309.92654146229137
7099,67198_00022,81,0.9803921568627452,random,3,309.92654146229137
7100,67198_00022,82,0.9803921568627452,random,3,309.92654146229137
7101,67198_00022,83,0.9803921568627452,random,3,309.92654146229137
7102,67198_00022,84,0.9803921568627452,random,3,309.92654146229137
7103,67198_00022,85,0.9803921568627452,random,3,309.92654146229137
7104,67198_00022,86,0.9803921568627452,random,3,309.92654146229137
7105,67198_00022,87,0.9803921568627452,random,3,309.92654146229137
7106,67198_00022,88,0.99,random,3,309.92654146229137
7107,67198_00022,89,0.9803921568627452,random,3,309.92654146229137
7108,67198_00022,90,0.9803921568627452,random,3,309.92654146229137
7109,67198_00022,91,0.9803921568627452,random,3,309.92654146229137
7110,67198_00022,92,0.9803921568627452,random,3,309.92654146229137
7111,67198_00022,93,0.9799919967987194,random,3,309.92654146229137
7112,67198_00022,94,0.9803921568627452,random,3,309.92654146229137
7113,67198_00022,95,0.99,random,3,309.92654146229137
7114,67198_00022,96,0.9803921568627452,random,3,309.92654146229137
7115,67198_00022,97,0.9803921568627452,random,3,309.92654146229137
7116,67198_00022,98,0.9803921568627452,random,3,309.92654146229137
7117,67198_00022,99,0.9803921568627452,random,3,309.92654146229137
7118,67198_00022,100,0.9799919967987194,random,3,309.92654146229137
7119,67198_00022,101,0.9803921568627452,random,3,309.92654146229137
7120,67198_00022,102,0.9803921568627452,random,3,309.92654146229137
7121,67198_00022,103,0.9803921568627452,random,3,309.92654146229137
7122,67198_00022,104,0.9803921568627452,random,3,309.92654146229137
7123,67198_00022,105,0.9803921568627452,random,3,309.92654146229137
7124,67198_00022,106,0.9803921568627452,random,3,309.92654146229137
7125,67198_00022,107,0.9803921568627452,random,3,309.92654146229137
7126,67198_00022,108,0.9803921568627452,random,3,309.92654146229137
7127,67198_00022,109,0.99,random,3,309.92654146229137
7128,67198_00022,110,0.9803921568627452,random,3,309.92654146229137
7129,67198_00022,111,0.99,random,3,309.92654146229137
7130,67198_00022,112,0.9803921568627452,random,3,309.92654146229137
7131,67198_00022,113,0.9803921568627452,random,3,309.92654146229137
7132,67198_00022,114,0.9803921568627452,random,3,309.92654146229137
7133,67198_00022,115,0.9803921568627452,random,3,309.92654146229137
7134,67198_00022,116,0.9803921568627452,random,3,309.92654146229137
7135,67198_00022,117,0.9799919967987194,random,3,309.92654146229137
7136,67198_00022,118,0.9803921568627452,random,3,309.92654146229137
7137,67198_00022,119,0.9803921568627452,random,3,309.92654146229137
7138,67198_00022,120,0.9803921568627452,random,3,309.92654146229137
7139,67198_00022,121,0.9803921568627452,random,3,309.92654146229137
7140,67198_00022,122,0.99,random,3,309.92654146229137
7141,67198_00022,123,0.9803921568627452,random,3,309.92654146229137
7142,67198_00022,124,0.9803921568627452,random,3,309.92654146229137
7143,67198_00022,125,0.99,random,3,309.92654146229137
7144,67198_00022,126,0.9799919967987194,random,3,309.92654146229137
7145,67198_00022,127,0.9803921568627452,random,3,309.92654146229137
7146,67198_00022,128,0.9803921568627452,random,3,309.92654146229137
7147,67198_00022,129,0.9803921568627452,random,3,309.92654146229137
7148,67198_00022,130,0.9803921568627452,random,3,309.92654146229137
7149,67198_00022,131,0.9803921568627452,random,3,309.92654146229137
7150,67198_00022,132,0.9803921568627452,random,3,309.92654146229137
7151,67198_00022,133,0.9799919967987194,random,3,309.92654146229137
7152,67198_00022,134,0.9803921568627452,random,3,309.92654146229137
7153,67198_00022,135,0.99,random,3,309.92654146229137
7154,67198_00022,136,0.9803921568627452,random,3,309.92654146229137
7155,67198_00022,137,0.9803921568627452,random,3,309.92654146229137
7156,67198_00022,138,0.99,random,3,309.92654146229137
7157,67198_00022,139,0.9803921568627452,random,3,309.92654146229137
7158,67198_00022,140,0.99,random,3,309.92654146229137
7159,67198_00022,141,0.9803921568627452,random,3,309.92654146229137
7160,67198_00022,142,0.9803921568627452,random,3,309.92654146229137
7161,67198_00022,143,0.9803921568627452,random,3,309.92654146229137
7162,67198_00022,144,0.99,random,3,309.92654146229137
7163,67198_00022,145,1.0,random,3,309.92654146229137
7164,67198_00022,146,0.9803921568627452,random,3,309.92654146229137
7165,67198_00022,147,1.0,random,3,309.92654146229137
7166,67198_00022,148,1.0,random,3,309.92654146229137
7167,67198_00022,149,1.0,random,3,309.92654146229137
7168,67198_00022,150,0.9799919967987194,random,3,309.92654146229137
7169,67198_00022,151,0.99,random,3,309.92654146229137
7170,67198_00022,152,0.9803921568627452,random,3,309.92654146229137
7171,67198_00022,153,1.0,random,3,309.92654146229137
7172,67198_00022,154,0.9803921568627452,random,3,309.92654146229137
7173,67198_00022,155,0.9803921568627452,random,3,309.92654146229137
7174,67198_00022,156,0.9803921568627452,random,3,309.92654146229137
7175,67198_00022,157,0.9803921568627452,random,3,309.92654146229137
7176,67198_00022,158,0.9803921568627452,random,3,309.92654146229137
7177,67198_00022,159,1.0,random,3,309.92654146229137
7178,67198_00022,160,0.9803921568627452,random,3,309.92654146229137
7179,67198_00022,161,0.99,random,3,309.92654146229137
7180,67198_00022,162,0.99,random,3,309.92654146229137
7181,67198_00022,163,0.99,random,3,309.92654146229137
7182,67198_00022,164,0.99,random,3,309.92654146229137
7183,67198_00022,165,1.0,random,3,309.92654146229137
7184,67198_00022,166,0.9799919967987194,random,3,309.92654146229137
7185,67198_00022,167,0.9803921568627452,random,3,309.92654146229137
7186,67198_00022,168,0.9803921568627452,random,3,309.92654146229137
7187,67198_00022,169,0.9903846153846154,random,3,309.92654146229137
7188,67198_00022,170,0.99,random,3,309.92654146229137
7189,67198_00022,171,0.99,random,3,309.92654146229137
7190,67198_00022,172,0.9903846153846154,random,3,309.92654146229137
7191,67198_00022,173,0.9803921568627452,random,3,309.92654146229137
7192,67198_00022,174,1.0,random,3,309.92654146229137
7193,67198_00022,175,0.99,random,3,309.92654146229137
7194,67198_00022,176,0.99,random,3,309.92654146229137
7195,67198_00022,177,0.9903846153846154,random,3,309.92654146229137
7196,67198_00022,178,0.9903846153846154,random,3,309.92654146229137
7197,67198_00022,179,1.0,random,3,309.92654146229137
7198,67198_00022,180,0.99,random,3,309.92654146229137
7199,67198_00022,181,0.9903846153846154,random,3,309.92654146229137
7200,67198_00022,182,0.9903846153846154,random,3,309.92654146229137
7201,67198_00022,183,0.9903846153846154,random,3,309.92654146229137
7202,67198_00022,184,1.0,random,3,309.92654146229137
7203,67198_00022,185,0.9903846153846154,random,3,309.92654146229137
7204,67198_00022,186,0.9903846153846154,random,3,309.92654146229137
7205,67198_00022,187,0.9903846153846154,random,3,309.92654146229137
7206,67198_00022,188,0.9903846153846154,random,3,309.92654146229137
7207,67198_00022,189,0.9903846153846154,random,3,309.92654146229137
7208,67198_00022,190,0.9903846153846154,random,3,309.92654146229137
7209,67198_00022,191,0.9903846153846154,random,3,309.92654146229137
7210,67198_00022,192,0.9903846153846154,random,3,309.92654146229137
7211,67198_00022,193,0.9903846153846154,random,3,309.92654146229137
7212,67198_00022,194,1.0,random,3,309.92654146229137
7213,67198_00022,195,0.9903846153846154,random,3,309.92654146229137
7214,67198_00022,196,0.9903846153846154,random,3,309.92654146229137
7215,67198_00022,197,0.9903846153846154,random,3,309.92654146229137
7216,67198_00022,198,0.9903846153846154,random,3,309.92654146229137
7217,67198_00022,199,0.9903846153846154,random,3,309.92654146229137
7218,67198_00022,200,0.9903846153846154,random,3,309.92654146229137
7219,67198_00022,201,0.9903846153846154,random,3,309.92654146229137
7220,67198_00022,202,0.9903846153846154,random,3,309.92654146229137
7221,67198_00022,203,0.9903846153846154,random,3,309.92654146229137
7222,67198_00022,204,0.9903846153846154,random,3,309.92654146229137
7223,67198_00022,205,0.99,random,3,309.92654146229137
7224,67198_00022,206,0.9803921568627452,random,3,309.92654146229137
7225,67198_00022,207,1.0,random,3,309.92654146229137
7226,67198_00022,208,0.9903846153846154,random,3,309.92654146229137
7227,67198_00022,209,0.9903846153846154,random,3,309.92654146229137
7228,67198_00022,210,0.9903846153846154,random,3,309.92654146229137
7229,67198_00022,211,0.9903846153846154,random,3,309.92654146229137
7230,67198_00022,212,0.9903846153846154,random,3,309.92654146229137
7231,67198_00022,213,0.9903846153846154,random,3,309.92654146229137
7232,67198_00022,214,0.9903846153846154,random,3,309.92654146229137
7233,67198_00022,215,0.99,random,3,309.92654146229137
7234,67198_00022,216,0.9903846153846154,random,3,309.92654146229137
7235,67198_00022,217,0.99,random,3,309.92654146229137
7236,67198_00022,218,0.9903846153846154,random,3,309.92654146229137
7237,67198_00022,219,0.9903846153846154,random,3,309.92654146229137
7238,67198_00022,220,0.9903846153846154,random,3,309.92654146229137
7239,67198_00022,221,0.9903846153846154,random,3,309.92654146229137
7240,67198_00022,222,0.9903846153846154,random,3,309.92654146229137
7241,67198_00022,223,0.9903846153846154,random,3,309.92654146229137
7242,67198_00022,224,0.9511217948717949,random,3,309.92654146229137
7243,67198_00022,225,0.9903846153846154,random,3,309.92654146229137
7244,67198_00022,226,0.9803921568627452,random,3,309.92654146229137
7245,67198_00022,227,0.9903846153846154,random,3,309.92654146229137
7246,67198_00022,228,0.9903846153846154,random,3,309.92654146229137
7247,67198_00022,229,0.9903846153846154,random,3,309.92654146229137
7248,67198_00022,230,0.9903846153846154,random,3,309.92654146229137
7249,67198_00022,231,0.9903846153846154,random,3,309.92654146229137
7250,67198_00022,232,0.9903846153846154,random,3,309.92654146229137
7251,67198_00022,233,1.0,random,3,309.92654146229137
7252,67198_00022,234,0.9903846153846154,random,3,309.92654146229137
7253,67198_00022,235,0.9903846153846154,random,3,309.92654146229137
7254,67198_00022,236,0.9903846153846154,random,3,309.92654146229137
7255,67198_00022,237,0.9903846153846154,random,3,309.92654146229137
7256,67198_00022,238,0.9903846153846154,random,3,309.92654146229137
7257,67198_00022,239,0.9903846153846154,random,3,309.92654146229137
7258,67198_00022,240,0.9903846153846154,random,3,309.92654146229137
7259,67198_00022,241,0.9903846153846154,random,3,309.92654146229137
7260,67198_00022,242,0.9903846153846154,random,3,309.92654146229137
7261,67198_00022,243,1.0,random,3,309.92654146229137
7262,67198_00022,244,0.9903846153846154,random,3,309.92654146229137
7263,67198_00022,245,0.9903846153846154,random,3,309.92654146229137
7264,67198_00022,246,0.9903846153846154,random,3,309.92654146229137
7265,67198_00022,247,0.9799919967987194,random,3,309.92654146229137
7266,67198_00022,248,0.9903846153846154,random,3,309.92654146229137
7267,67198_00022,249,0.9903846153846154,random,3,309.92654146229137
7268,67198_00022,250,0.9799919967987194,random,3,309.92654146229137
7269,67198_00022,251,0.9903846153846154,random,3,309.92654146229137
7270,67198_00022,252,0.9903846153846154,random,3,309.92654146229137
7271,67198_00022,253,0.9903846153846154,random,3,309.92654146229137
7272,67198_00022,254,0.9903846153846154,random,3,309.92654146229137
7273,67198_00022,255,0.9903846153846154,random,3,309.92654146229137
7274,67198_00022,256,0.9903846153846154,random,3,309.92654146229137
7275,67198_00022,257,1.0,random,3,309.92654146229137
7276,67198_00022,258,0.9903846153846154,random,3,309.92654146229137
7277,67198_00022,259,0.9903846153846154,random,3,309.92654146229137
7278,67198_00022,260,0.9903846153846154,random,3,309.92654146229137
7279,67198_00022,261,0.9903846153846154,random,3,309.92654146229137
7280,67198_00022,262,0.9903846153846154,random,3,309.92654146229137
7281,67198_00022,263,1.0,random,3,309.92654146229137
7282,67198_00022,264,0.9903846153846154,random,3,309.92654146229137
7283,67198_00022,265,0.9903846153846154,random,3,309.92654146229137
7284,67198_00022,266,0.9903846153846154,random,3,309.92654146229137
7285,67198_00022,267,0.9903846153846154,random,3,309.92654146229137
7286,67198_00022,268,0.9903846153846154,random,3,309.92654146229137
7287,67198_00022,269,0.9903846153846154,random,3,309.92654146229137
7288,67198_00022,270,0.9903846153846154,random,3,309.92654146229137
7289,67198_00022,271,0.9903846153846154,random,3,309.92654146229137
7290,67198_00022,272,0.9903846153846154,random,3,309.92654146229137
7291,67198_00022,273,0.9903846153846154,random,3,309.92654146229137
7292,67198_00022,274,0.9903846153846154,random,3,309.92654146229137
7293,67198_00022,275,0.9903846153846154,random,3,309.92654146229137
7294,67198_00022,276,0.9903846153846154,random,3,309.92654146229137
7295,67198_00022,277,0.9903846153846154,random,3,309.92654146229137
7296,67198_00022,278,0.9903846153846154,random,3,309.92654146229137
7297,67198_00022,279,0.9903846153846154,random,3,309.92654146229137
7298,67198_00022,280,0.9903846153846154,random,3,309.92654146229137
7299,67198_00022,281,1.0,random,3,309.92654146229137
7300,67198_00022,282,0.9903846153846154,random,3,309.92654146229137
7301,67198_00022,283,0.9903846153846154,random,3,309.92654146229137
7302,67198_00022,284,0.9903846153846154,random,3,309.92654146229137
7303,67198_00022,285,0.9903846153846154,random,3,309.92654146229137
7304,67198_00022,286,0.9903846153846154,random,3,309.92654146229137
7305,67198_00022,287,0.9903846153846154,random,3,309.92654146229137
7306,67198_00022,288,1.0,random,3,309.92654146229137
7307,67198_00022,289,0.9903846153846154,random,3,309.92654146229137
7308,67198_00022,290,0.9799919967987194,random,3,309.92654146229137
7309,67198_00022,291,0.9903846153846154,random,3,309.92654146229137
7310,67198_00022,292,0.9903846153846154,random,3,309.92654146229137
7311,67198_00022,293,0.9903846153846154,random,3,309.92654146229137
7312,67198_00022,294,0.9903846153846154,random,3,309.92654146229137
7313,67198_00022,295,0.9903846153846154,random,3,309.92654146229137
7314,67198_00022,296,0.9903846153846154,random,3,309.92654146229137
7315,67198_00022,297,0.9811320754716981,random,3,309.92654146229137
7316,67198_00022,298,0.9903846153846154,random,3,309.92654146229137
7317,67198_00022,299,0.9903846153846154,random,3,309.92654146229137
7318,67198_00022,300,0.9903846153846154,random,3,309.92654146229137
7319,67198_00022,301,0.9903846153846154,random,3,309.92654146229137
7320,67198_00022,302,0.9903846153846154,random,3,309.92654146229137
7321,67198_00022,303,0.9903846153846154,random,3,309.92654146229137
7322,67198_00022,304,0.9903846153846154,random,3,309.92654146229137
7323,67198_00022,305,0.9903846153846154,random,3,309.92654146229137
7324,67198_00022,306,0.9903846153846154,random,3,309.92654146229137
7325,67198_00022,307,0.9799919967987194,random,3,309.92654146229137
7326,67198_00022,308,0.9903846153846154,random,3,309.92654146229137
7327,67198_00022,309,0.9903846153846154,random,3,309.92654146229137
7328,67198_00022,310,0.9903846153846154,random,3,309.92654146229137
7329,67198_00022,311,0.9903846153846154,random,3,309.92654146229137
7330,67198_00022,312,0.9811320754716981,random,3,309.92654146229137
7331,67198_00022,313,0.9903846153846154,random,3,309.92654146229137
7332,67198_00022,314,0.97,random,3,309.92654146229137
7333,67198_00022,315,0.9903846153846154,random,3,309.92654146229137
7334,67198_00022,316,0.9903846153846154,random,3,309.92654146229137
7335,67198_00022,317,0.9903846153846154,random,3,309.92654146229137
7336,67198_00022,318,1.0,random,3,309.92654146229137
7337,67198_00023,0,0.51,random,4,316.2207085321295
7338,67198_00023,1,0.8984375,random,4,316.2207085321295
7339,67198_00023,2,0.8984375,random,4,316.2207085321295
7340,67198_00023,3,0.8833118833118834,random,4,316.2207085321295
7341,67198_00023,4,0.8984375,random,4,316.2207085321295
7342,67198_00023,5,0.8923076923076922,random,4,316.2207085321295
7343,67198_00023,6,0.8984375,random,4,316.2207085321295
7344,67198_00023,7,0.8984375,random,4,316.2207085321295
7345,67198_00023,8,0.8923076923076922,random,4,316.2207085321295
7346,67198_00023,9,0.8984375,random,4,316.2207085321295
7347,67198_00023,10,0.8984375,random,4,316.2207085321295
7348,67198_00023,11,1.0,random,4,316.2207085321295
7349,67198_00023,12,1.0,random,4,316.2207085321295
7350,67198_00023,13,0.8984375,random,4,316.2207085321295
7351,67198_00023,14,0.8984375,random,4,316.2207085321295
7352,67198_00023,15,0.9903846153846154,random,4,316.2207085321295
7353,67198_00023,16,1.0,random,4,316.2207085321295
7354,67198_00023,17,1.0,random,4,316.2207085321295
7355,67198_00023,18,1.0,random,4,316.2207085321295
7356,67198_00023,19,0.9903846153846154,random,4,316.2207085321295
7357,67198_00023,20,1.0,random,4,316.2207085321295
7358,67198_00023,21,1.0,random,4,316.2207085321295
7359,67198_00023,22,1.0,random,4,316.2207085321295
7360,67198_00023,23,1.0,random,4,316.2207085321295
7361,67198_00023,24,1.0,random,4,316.2207085321295
7362,67198_00023,25,1.0,random,4,316.2207085321295
7363,67198_00023,26,1.0,random,4,316.2207085321295
7364,67198_00023,27,1.0,random,4,316.2207085321295
7365,67198_00023,28,1.0,random,4,316.2207085321295
7366,67198_00023,29,1.0,random,4,316.2207085321295
7367,67198_00023,30,1.0,random,4,316.2207085321295
7368,67198_00023,31,1.0,random,4,316.2207085321295
7369,67198_00023,32,1.0,random,4,316.2207085321295
7370,67198_00023,33,1.0,random,4,316.2207085321295
7371,67198_00023,34,1.0,random,4,316.2207085321295
7372,67198_00023,35,1.0,random,4,316.2207085321295
7373,67198_00023,36,1.0,random,4,316.2207085321295
7374,67198_00023,37,1.0,random,4,316.2207085321295
7375,67198_00023,38,1.0,random,4,316.2207085321295
7376,67198_00023,39,1.0,random,4,316.2207085321295
7377,67198_00023,40,1.0,random,4,316.2207085321295
7378,67198_00023,41,1.0,random,4,316.2207085321295
7379,67198_00023,42,1.0,random,4,316.2207085321295
7380,67198_00023,43,1.0,random,4,316.2207085321295
7381,67198_00023,44,1.0,random,4,316.2207085321295
7382,67198_00023,45,1.0,random,4,316.2207085321295
7383,67198_00023,46,0.9903846153846154,random,4,316.2207085321295
7384,67198_00023,47,1.0,random,4,316.2207085321295
7385,67198_00023,48,1.0,random,4,316.2207085321295
7386,67198_00023,49,1.0,random,4,316.2207085321295
7387,67198_00023,50,0.9636363636363636,random,4,316.2207085321295
7388,67198_00023,51,1.0,random,4,316.2207085321295
7389,67198_00023,52,1.0,random,4,316.2207085321295
7390,67198_00023,53,1.0,random,4,316.2207085321295
7391,67198_00023,54,1.0,random,4,316.2207085321295
7392,67198_00023,55,1.0,random,4,316.2207085321295
7393,67198_00023,56,0.9636363636363636,random,4,316.2207085321295
7394,67198_00023,57,1.0,random,4,316.2207085321295
7395,67198_00023,58,1.0,random,4,316.2207085321295
7396,67198_00023,59,1.0,random,4,316.2207085321295
7397,67198_00023,60,1.0,random,4,316.2207085321295
7398,67198_00023,61,1.0,random,4,316.2207085321295
7399,67198_00023,62,1.0,random,4,316.2207085321295
7400,67198_00023,63,1.0,random,4,316.2207085321295
7401,67198_00023,64,1.0,random,4,316.2207085321295
7402,67198_00023,65,1.0,random,4,316.2207085321295
7403,67198_00023,66,0.9722222222222222,random,4,316.2207085321295
7404,67198_00023,67,1.0,random,4,316.2207085321295
7405,67198_00023,68,1.0,random,4,316.2207085321295
7406,67198_00023,69,1.0,random,4,316.2207085321295
7407,67198_00023,70,1.0,random,4,316.2207085321295
7408,67198_00023,71,1.0,random,4,316.2207085321295
7409,67198_00023,72,1.0,random,4,316.2207085321295
7410,67198_00023,73,1.0,random,4,316.2207085321295
7411,67198_00023,74,1.0,random,4,316.2207085321295
7412,67198_00023,75,1.0,random,4,316.2207085321295
7413,67198_00023,76,1.0,random,4,316.2207085321295
7414,67198_00023,77,1.0,random,4,316.2207085321295
7415,67198_00023,78,1.0,random,4,316.2207085321295
7416,67198_00023,79,0.9722222222222222,random,4,316.2207085321295
7417,67198_00023,80,1.0,random,4,316.2207085321295
7418,67198_00023,81,1.0,random,4,316.2207085321295
7419,67198_00023,82,1.0,random,4,316.2207085321295
7420,67198_00023,83,1.0,random,4,316.2207085321295
7421,67198_00023,84,1.0,random,4,316.2207085321295
7422,67198_00023,85,1.0,random,4,316.2207085321295
7423,67198_00023,86,0.9722222222222222,random,4,316.2207085321295
7424,67198_00023,87,1.0,random,4,316.2207085321295
7425,67198_00023,88,0.9722222222222222,random,4,316.2207085321295
7426,67198_00023,89,1.0,random,4,316.2207085321295
7427,67198_00023,90,1.0,random,4,316.2207085321295
7428,67198_00023,91,1.0,random,4,316.2207085321295
7429,67198_00023,92,1.0,random,4,316.2207085321295
7430,67198_00023,93,1.0,random,4,316.2207085321295
7431,67198_00023,94,1.0,random,4,316.2207085321295
7432,67198_00023,95,1.0,random,4,316.2207085321295
7433,67198_00023,96,1.0,random,4,316.2207085321295
7434,67198_00023,97,1.0,random,4,316.2207085321295
7435,67198_00023,98,1.0,random,4,316.2207085321295
7436,67198_00023,99,1.0,random,4,316.2207085321295
7437,67198_00023,100,1.0,random,4,316.2207085321295
7438,67198_00023,101,1.0,random,4,316.2207085321295
7439,67198_00023,102,1.0,random,4,316.2207085321295
7440,67198_00023,103,1.0,random,4,316.2207085321295
7441,67198_00023,104,1.0,random,4,316.2207085321295
7442,67198_00023,105,1.0,random,4,316.2207085321295
7443,67198_00023,106,1.0,random,4,316.2207085321295
7444,67198_00023,107,1.0,random,4,316.2207085321295
7445,67198_00023,108,1.0,random,4,316.2207085321295
7446,67198_00023,109,1.0,random,4,316.2207085321295
7447,67198_00023,110,1.0,random,4,316.2207085321295
7448,67198_00023,111,1.0,random,4,316.2207085321295
7449,67198_00023,112,1.0,random,4,316.2207085321295
7450,67198_00023,113,1.0,random,4,316.2207085321295
7451,67198_00023,114,1.0,random,4,316.2207085321295
7452,67198_00023,115,1.0,random,4,316.2207085321295
7453,67198_00023,116,1.0,random,4,316.2207085321295
7454,67198_00023,117,1.0,random,4,316.2207085321295
7455,67198_00023,118,1.0,random,4,316.2207085321295
7456,67198_00023,119,1.0,random,4,316.2207085321295
7457,67198_00023,120,1.0,random,4,316.2207085321295
7458,67198_00023,121,1.0,random,4,316.2207085321295
7459,67198_00023,122,1.0,random,4,316.2207085321295
7460,67198_00023,123,1.0,random,4,316.2207085321295
7461,67198_00023,124,1.0,random,4,316.2207085321295
7462,67198_00023,125,1.0,random,4,316.2207085321295
7463,67198_00023,126,1.0,random,4,316.2207085321295
7464,67198_00023,127,1.0,random,4,316.2207085321295
7465,67198_00023,128,1.0,random,4,316.2207085321295
7466,67198_00023,129,1.0,random,4,316.2207085321295
7467,67198_00023,130,1.0,random,4,316.2207085321295
7468,67198_00023,131,1.0,random,4,316.2207085321295
7469,67198_00023,132,1.0,random,4,316.2207085321295
7470,67198_00023,133,0.9811320754716981,random,4,316.2207085321295
7471,67198_00023,134,1.0,random,4,316.2207085321295
7472,67198_00023,135,1.0,random,4,316.2207085321295
7473,67198_00023,136,1.0,random,4,316.2207085321295
7474,67198_00023,137,1.0,random,4,316.2207085321295
7475,67198_00023,138,1.0,random,4,316.2207085321295
7476,67198_00023,139,1.0,random,4,316.2207085321295
7477,67198_00023,140,1.0,random,4,316.2207085321295
7478,67198_00023,141,1.0,random,4,316.2207085321295
7479,67198_00023,142,1.0,random,4,316.2207085321295
7480,67198_00023,143,1.0,random,4,316.2207085321295
7481,67198_00023,144,1.0,random,4,316.2207085321295
7482,67198_00023,145,1.0,random,4,316.2207085321295
7483,67198_00023,146,1.0,random,4,316.2207085321295
7484,67198_00023,147,1.0,random,4,316.2207085321295
7485,67198_00023,148,1.0,random,4,316.2207085321295
7486,67198_00023,149,1.0,random,4,316.2207085321295
7487,67198_00023,150,1.0,random,4,316.2207085321295
7488,67198_00023,151,1.0,random,4,316.2207085321295
7489,67198_00023,152,1.0,random,4,316.2207085321295
7490,67198_00023,153,1.0,random,4,316.2207085321295
7491,67198_00023,154,1.0,random,4,316.2207085321295
7492,67198_00023,155,0.9811320754716981,random,4,316.2207085321295
7493,67198_00023,156,1.0,random,4,316.2207085321295
7494,67198_00023,157,0.9811320754716981,random,4,316.2207085321295
7495,67198_00023,158,1.0,random,4,316.2207085321295
7496,67198_00023,159,1.0,random,4,316.2207085321295
7497,67198_00023,160,1.0,random,4,316.2207085321295
7498,67198_00023,161,1.0,random,4,316.2207085321295
7499,67198_00023,162,1.0,random,4,316.2207085321295
7500,67198_00023,163,1.0,random,4,316.2207085321295
7501,67198_00023,164,1.0,random,4,316.2207085321295
7502,67198_00023,165,1.0,random,4,316.2207085321295
7503,67198_00023,166,1.0,random,4,316.2207085321295
7504,67198_00023,167,1.0,random,4,316.2207085321295
7505,67198_00023,168,1.0,random,4,316.2207085321295
7506,67198_00023,169,1.0,random,4,316.2207085321295
7507,67198_00023,170,1.0,random,4,316.2207085321295
7508,67198_00023,171,1.0,random,4,316.2207085321295
7509,67198_00023,172,0.9811320754716981,random,4,316.2207085321295
7510,67198_00023,173,1.0,random,4,316.2207085321295
7511,67198_00023,174,1.0,random,4,316.2207085321295
7512,67198_00023,175,1.0,random,4,316.2207085321295
7513,67198_00023,176,1.0,random,4,316.2207085321295
7514,67198_00023,177,1.0,random,4,316.2207085321295
7515,67198_00023,178,1.0,random,4,316.2207085321295
7516,67198_00023,179,1.0,random,4,316.2207085321295
7517,67198_00023,180,1.0,random,4,316.2207085321295
7518,67198_00023,181,1.0,random,4,316.2207085321295
7519,67198_00023,182,1.0,random,4,316.2207085321295
7520,67198_00023,183,1.0,random,4,316.2207085321295
7521,67198_00023,184,1.0,random,4,316.2207085321295
7522,67198_00023,185,1.0,random,4,316.2207085321295
7523,67198_00023,186,1.0,random,4,316.2207085321295
7524,67198_00023,187,1.0,random,4,316.2207085321295
7525,67198_00023,188,1.0,random,4,316.2207085321295
7526,67198_00023,189,1.0,random,4,316.2207085321295
7527,67198_00023,190,1.0,random,4,316.2207085321295
7528,67198_00023,191,1.0,random,4,316.2207085321295
7529,67198_00023,192,1.0,random,4,316.2207085321295
7530,67198_00023,193,1.0,random,4,316.2207085321295
7531,67198_00023,194,1.0,random,4,316.2207085321295
7532,67198_00023,195,1.0,random,4,316.2207085321295
7533,67198_00023,196,1.0,random,4,316.2207085321295
7534,67198_00023,197,1.0,random,4,316.2207085321295
7535,67198_00023,198,1.0,random,4,316.2207085321295
7536,67198_00023,199,1.0,random,4,316.2207085321295
7537,67198_00023,200,1.0,random,4,316.2207085321295
7538,67198_00023,201,1.0,random,4,316.2207085321295
7539,67198_00023,202,1.0,random,4,316.2207085321295
7540,67198_00023,203,1.0,random,4,316.2207085321295
7541,67198_00023,204,1.0,random,4,316.2207085321295
7542,67198_00023,205,1.0,random,4,316.2207085321295
7543,67198_00023,206,1.0,random,4,316.2207085321295
7544,67198_00023,207,1.0,random,4,316.2207085321295
7545,67198_00023,208,1.0,random,4,316.2207085321295
7546,67198_00023,209,1.0,random,4,316.2207085321295
7547,67198_00023,210,1.0,random,4,316.2207085321295
7548,67198_00023,211,1.0,random,4,316.2207085321295
7549,67198_00023,212,1.0,random,4,316.2207085321295
7550,67198_00023,213,1.0,random,4,316.2207085321295
7551,67198_00023,214,1.0,random,4,316.2207085321295
7552,67198_00023,215,1.0,random,4,316.2207085321295
7553,67198_00023,216,1.0,random,4,316.2207085321295
7554,67198_00023,217,1.0,random,4,316.2207085321295
7555,67198_00023,218,1.0,random,4,316.2207085321295
7556,67198_00023,219,1.0,random,4,316.2207085321295
7557,67198_00023,220,1.0,random,4,316.2207085321295
7558,67198_00023,221,1.0,random,4,316.2207085321295
7559,67198_00023,222,1.0,random,4,316.2207085321295
7560,67198_00023,223,1.0,random,4,316.2207085321295
7561,67198_00023,224,1.0,random,4,316.2207085321295
7562,67198_00023,225,1.0,random,4,316.2207085321295
7563,67198_00023,226,1.0,random,4,316.2207085321295
7564,67198_00023,227,1.0,random,4,316.2207085321295
7565,67198_00023,228,1.0,random,4,316.2207085321295
7566,67198_00023,229,1.0,random,4,316.2207085321295
7567,67198_00023,230,1.0,random,4,316.2207085321295
7568,67198_00023,231,1.0,random,4,316.2207085321295
7569,67198_00023,232,1.0,random,4,316.2207085321295
7570,67198_00023,233,1.0,random,4,316.2207085321295
7571,67198_00023,234,1.0,random,4,316.2207085321295
7572,67198_00023,235,1.0,random,4,316.2207085321295
7573,67198_00023,236,1.0,random,4,316.2207085321295
7574,67198_00023,237,1.0,random,4,316.2207085321295
7575,67198_00023,238,1.0,random,4,316.2207085321295
7576,67198_00023,239,1.0,random,4,316.2207085321295
7577,67198_00023,240,1.0,random,4,316.2207085321295
7578,67198_00023,241,1.0,random,4,316.2207085321295
7579,67198_00023,242,1.0,random,4,316.2207085321295
7580,67198_00023,243,1.0,random,4,316.2207085321295
7581,67198_00023,244,1.0,random,4,316.2207085321295
7582,67198_00023,245,1.0,random,4,316.2207085321295
7583,67198_00023,246,1.0,random,4,316.2207085321295
7584,67198_00023,247,1.0,random,4,316.2207085321295
7585,67198_00023,248,1.0,random,4,316.2207085321295
7586,67198_00023,249,1.0,random,4,316.2207085321295
7587,67198_00023,250,1.0,random,4,316.2207085321295
7588,67198_00023,251,1.0,random,4,316.2207085321295
7589,67198_00023,252,1.0,random,4,316.2207085321295
7590,67198_00023,253,1.0,random,4,316.2207085321295
7591,67198_00023,254,1.0,random,4,316.2207085321295
7592,67198_00023,255,1.0,random,4,316.2207085321295
7593,67198_00023,256,1.0,random,4,316.2207085321295
7594,67198_00023,257,1.0,random,4,316.2207085321295
7595,67198_00023,258,1.0,random,4,316.2207085321295
7596,67198_00023,259,1.0,random,4,316.2207085321295
7597,67198_00023,260,1.0,random,4,316.2207085321295
7598,67198_00023,261,1.0,random,4,316.2207085321295
7599,67198_00023,262,1.0,random,4,316.2207085321295
7600,67198_00023,263,1.0,random,4,316.2207085321295
7601,67198_00023,264,1.0,random,4,316.2207085321295
7602,67198_00023,265,1.0,random,4,316.2207085321295
7603,67198_00023,266,1.0,random,4,316.2207085321295
7604,67198_00023,267,1.0,random,4,316.2207085321295
7605,67198_00023,268,1.0,random,4,316.2207085321295
7606,67198_00023,269,1.0,random,4,316.2207085321295
7607,67198_00023,270,1.0,random,4,316.2207085321295
7608,67198_00023,271,1.0,random,4,316.2207085321295
7609,67198_00023,272,1.0,random,4,316.2207085321295
7610,67198_00023,273,1.0,random,4,316.2207085321295
7611,67198_00023,274,1.0,random,4,316.2207085321295
7612,67198_00023,275,1.0,random,4,316.2207085321295
7613,67198_00023,276,1.0,random,4,316.2207085321295
7614,67198_00023,277,1.0,random,4,316.2207085321295
7615,67198_00023,278,1.0,random,4,316.2207085321295
7616,67198_00023,279,1.0,random,4,316.2207085321295
7617,67198_00023,280,1.0,random,4,316.2207085321295
7618,67198_00023,281,1.0,random,4,316.2207085321295
7619,67198_00023,282,1.0,random,4,316.2207085321295
7620,67198_00023,283,1.0,random,4,316.2207085321295
7621,67198_00023,284,1.0,random,4,316.2207085321295
7622,67198_00023,285,1.0,random,4,316.2207085321295
7623,67198_00023,286,1.0,random,4,316.2207085321295
7624,67198_00023,287,1.0,random,4,316.2207085321295
7625,67198_00023,288,1.0,random,4,316.2207085321295
7626,67198_00023,289,1.0,random,4,316.2207085321295
7627,67198_00023,290,1.0,random,4,316.2207085321295
7628,67198_00023,291,1.0,random,4,316.2207085321295
7629,67198_00023,292,1.0,random,4,316.2207085321295
7630,67198_00023,293,1.0,random,4,316.2207085321295
7631,67198_00023,294,1.0,random,4,316.2207085321295
7632,67198_00023,295,1.0,random,4,316.2207085321295
7633,67198_00023,296,1.0,random,4,316.2207085321295
7634,67198_00023,297,1.0,random,4,316.2207085321295
7635,67198_00023,298,1.0,random,4,316.2207085321295
7636,67198_00023,299,1.0,random,4,316.2207085321295
7637,67198_00023,300,1.0,random,4,316.2207085321295
7638,67198_00023,301,1.0,random,4,316.2207085321295
7639,67198_00023,302,1.0,random,4,316.2207085321295
7640,67198_00023,303,1.0,random,4,316.2207085321295
7641,67198_00023,304,1.0,random,4,316.2207085321295
7642,67198_00023,305,1.0,random,4,316.2207085321295
7643,67198_00023,306,1.0,random,4,316.2207085321295
7644,67198_00023,307,1.0,random,4,316.2207085321295
7645,67198_00023,308,1.0,random,4,316.2207085321295
7646,67198_00023,309,1.0,random,4,316.2207085321295
7647,67198_00023,310,1.0,random,4,316.2207085321295
7648,67198_00023,311,1.0,random,4,316.2207085321295
7649,67198_00023,312,1.0,random,4,316.2207085321295
7650,67198_00023,313,1.0,random,4,316.2207085321295
7651,67198_00023,314,1.0,random,4,316.2207085321295
7652,67198_00023,315,1.0,random,4,316.2207085321295
7653,67198_00023,316,1.0,random,4,316.2207085321295
7654,67198_00023,317,1.0,random,4,316.2207085321295
7655,67198_00023,318,1.0,random,4,316.2207085321295
7656,67198_00024,0,0.8695652173913043,random,5,311.50117880602943
7657,67198_00024,1,0.8695652173913043,random,5,311.50117880602943
7658,67198_00024,2,0.8695652173913043,random,5,311.50117880602943
7659,67198_00024,3,0.9711538461538461,random,5,311.50117880602943
7660,67198_00024,4,0.9811320754716981,random,5,311.50117880602943
7661,67198_00024,5,0.959983993597439,random,5,311.50117880602943
7662,67198_00024,6,0.8520220588235294,random,5,311.50117880602943
7663,67198_00024,7,0.8695652173913043,random,5,311.50117880602943
7664,67198_00024,8,0.8695652173913043,random,5,311.50117880602943
7665,67198_00024,9,0.8353686114880146,random,5,311.50117880602943
7666,67198_00024,10,0.8695652173913043,random,5,311.50117880602943
7667,67198_00024,11,0.8695652173913043,random,5,311.50117880602943
7668,67198_00024,12,0.8695652173913043,random,5,311.50117880602943
7669,67198_00024,13,0.8353686114880146,random,5,311.50117880602943
7670,67198_00024,14,0.9811320754716981,random,5,311.50117880602943
7671,67198_00024,15,0.9811320754716981,random,5,311.50117880602943
7672,67198_00024,16,0.9811320754716981,random,5,311.50117880602943
7673,67198_00024,17,0.8550347222222222,random,5,311.50117880602943
7674,67198_00024,18,0.9722222222222222,random,5,311.50117880602943
7675,67198_00024,19,0.959983993597439,random,5,311.50117880602943
7676,67198_00024,20,0.9503205128205128,random,5,311.50117880602943
7677,67198_00024,21,0.9811320754716981,random,5,311.50117880602943
7678,67198_00024,22,0.9811320754716981,random,5,311.50117880602943
7679,67198_00024,23,0.9811320754716981,random,5,311.50117880602943
7680,67198_00024,24,0.959983993597439,random,5,311.50117880602943
7681,67198_00024,25,0.9903846153846154,random,5,311.50117880602943
7682,67198_00024,26,0.9811320754716981,random,5,311.50117880602943
7683,67198_00024,27,0.959983993597439,random,5,311.50117880602943
7684,67198_00024,28,0.9811320754716981,random,5,311.50117880602943
7685,67198_00024,29,0.9811320754716981,random,5,311.50117880602943
7686,67198_00024,30,0.9811320754716981,random,5,311.50117880602943
7687,67198_00024,31,0.959983993597439,random,5,311.50117880602943
7688,67198_00024,32,0.959983993597439,random,5,311.50117880602943
7689,67198_00024,33,0.9811320754716981,random,5,311.50117880602943
7690,67198_00024,34,0.9811320754716981,random,5,311.50117880602943
7691,67198_00024,35,0.9903846153846154,random,5,311.50117880602943
7692,67198_00024,36,0.9811320754716981,random,5,311.50117880602943
7693,67198_00024,37,0.9811320754716981,random,5,311.50117880602943
7694,67198_00024,38,0.9811320754716981,random,5,311.50117880602943
7695,67198_00024,39,0.9811320754716981,random,5,311.50117880602943
7696,67198_00024,40,0.9903846153846154,random,5,311.50117880602943
7697,67198_00024,41,0.9811320754716981,random,5,311.50117880602943
7698,67198_00024,42,0.9903846153846154,random,5,311.50117880602943
7699,67198_00024,43,0.9811320754716981,random,5,311.50117880602943
7700,67198_00024,44,0.9903846153846154,random,5,311.50117880602943
7701,67198_00024,45,0.9903846153846154,random,5,311.50117880602943
7702,67198_00024,46,0.9811320754716981,random,5,311.50117880602943
7703,67198_00024,47,0.9903846153846154,random,5,311.50117880602943
7704,67198_00024,48,0.9811320754716981,random,5,311.50117880602943
7705,67198_00024,49,0.9811320754716981,random,5,311.50117880602943
7706,67198_00024,50,0.9811320754716981,random,5,311.50117880602943
7707,67198_00024,51,0.9903846153846154,random,5,311.50117880602943
7708,67198_00024,52,0.9811320754716981,random,5,311.50117880602943
7709,67198_00024,53,0.9811320754716981,random,5,311.50117880602943
7710,67198_00024,54,0.9703525641025641,random,5,311.50117880602943
7711,67198_00024,55,0.9703525641025641,random,5,311.50117880602943
7712,67198_00024,56,0.9811320754716981,random,5,311.50117880602943
7713,67198_00024,57,0.9799919967987194,random,5,311.50117880602943
7714,67198_00024,58,0.9811320754716981,random,5,311.50117880602943
7715,67198_00024,59,0.9811320754716981,random,5,311.50117880602943
7716,67198_00024,60,0.9703525641025641,random,5,311.50117880602943
7717,67198_00024,61,0.9703525641025641,random,5,311.50117880602943
7718,67198_00024,62,0.9703525641025641,random,5,311.50117880602943
7719,67198_00024,63,0.9811320754716981,random,5,311.50117880602943
7720,67198_00024,64,0.9811320754716981,random,5,311.50117880602943
7721,67198_00024,65,0.9811320754716981,random,5,311.50117880602943
7722,67198_00024,66,0.9703525641025641,random,5,311.50117880602943
7723,67198_00024,67,0.9811320754716981,random,5,311.50117880602943
7724,67198_00024,68,0.9811320754716981,random,5,311.50117880602943
7725,67198_00024,69,0.9903846153846154,random,5,311.50117880602943
7726,67198_00024,70,0.9811320754716981,random,5,311.50117880602943
7727,67198_00024,71,0.9703525641025641,random,5,311.50117880602943
7728,67198_00024,72,0.9811320754716981,random,5,311.50117880602943
7729,67198_00024,73,0.9703525641025641,random,5,311.50117880602943
7730,67198_00024,74,0.9811320754716981,random,5,311.50117880602943
7731,67198_00024,75,0.9811320754716981,random,5,311.50117880602943
7732,67198_00024,76,0.9811320754716981,random,5,311.50117880602943
7733,67198_00024,77,0.9811320754716981,random,5,311.50117880602943
7734,67198_00024,78,0.9811320754716981,random,5,311.50117880602943
7735,67198_00024,79,0.9903846153846154,random,5,311.50117880602943
7736,67198_00024,80,0.9811320754716981,random,5,311.50117880602943
7737,67198_00024,81,0.9799919967987194,random,5,311.50117880602943
7738,67198_00024,82,0.9811320754716981,random,5,311.50117880602943
7739,67198_00024,83,0.9811320754716981,random,5,311.50117880602943
7740,67198_00024,84,0.9811320754716981,random,5,311.50117880602943
7741,67198_00024,85,0.9903846153846154,random,5,311.50117880602943
7742,67198_00024,86,0.9811320754716981,random,5,311.50117880602943
7743,67198_00024,87,0.9811320754716981,random,5,311.50117880602943
7744,67198_00024,88,0.9811320754716981,random,5,311.50117880602943
7745,67198_00024,89,0.9811320754716981,random,5,311.50117880602943
7746,67198_00024,90,0.9903846153846154,random,5,311.50117880602943
7747,67198_00024,91,0.9811320754716981,random,5,311.50117880602943
7748,67198_00024,92,0.9811320754716981,random,5,311.50117880602943
7749,67198_00024,93,0.9811320754716981,random,5,311.50117880602943
7750,67198_00024,94,0.9811320754716981,random,5,311.50117880602943
7751,67198_00024,95,0.9811320754716981,random,5,311.50117880602943
7752,67198_00024,96,0.9903846153846154,random,5,311.50117880602943
7753,67198_00024,97,0.9799919967987194,random,5,311.50117880602943
7754,67198_00024,98,0.9903846153846154,random,5,311.50117880602943
7755,67198_00024,99,0.9811320754716981,random,5,311.50117880602943
7756,67198_00024,100,0.9811320754716981,random,5,311.50117880602943
7757,67198_00024,101,0.9811320754716981,random,5,311.50117880602943
7758,67198_00024,102,0.9903846153846154,random,5,311.50117880602943
7759,67198_00024,103,0.9811320754716981,random,5,311.50117880602943
7760,67198_00024,104,0.9811320754716981,random,5,311.50117880602943
7761,67198_00024,105,0.9811320754716981,random,5,311.50117880602943
7762,67198_00024,106,0.9811320754716981,random,5,311.50117880602943
7763,67198_00024,107,0.9811320754716981,random,5,311.50117880602943
7764,67198_00024,108,0.9811320754716981,random,5,311.50117880602943
7765,67198_00024,109,0.9799919967987194,random,5,311.50117880602943
7766,67198_00024,110,0.9811320754716981,random,5,311.50117880602943
7767,67198_00024,111,0.9799919967987194,random,5,311.50117880602943
7768,67198_00024,112,0.9811320754716981,random,5,311.50117880602943
7769,67198_00024,113,0.9903846153846154,random,5,311.50117880602943
7770,67198_00024,114,0.9811320754716981,random,5,311.50117880602943
7771,67198_00024,115,0.9799919967987194,random,5,311.50117880602943
7772,67198_00024,116,0.9903846153846154,random,5,311.50117880602943
7773,67198_00024,117,0.9811320754716981,random,5,311.50117880602943
7774,67198_00024,118,0.9903846153846154,random,5,311.50117880602943
7775,67198_00024,119,0.9811320754716981,random,5,311.50117880602943
7776,67198_00024,120,0.9811320754716981,random,5,311.50117880602943
7777,67198_00024,121,0.9903846153846154,random,5,311.50117880602943
7778,67198_00024,122,0.9903846153846154,random,5,311.50117880602943
7779,67198_00024,123,0.9811320754716981,random,5,311.50117880602943
7780,67198_00024,124,0.9811320754716981,random,5,311.50117880602943
7781,67198_00024,125,0.9811320754716981,random,5,311.50117880602943
7782,67198_00024,126,0.9799919967987194,random,5,311.50117880602943
7783,67198_00024,127,0.9903846153846154,random,5,311.50117880602943
7784,67198_00024,128,0.9799919967987194,random,5,311.50117880602943
7785,67198_00024,129,0.9703525641025641,random,5,311.50117880602943
7786,67198_00024,130,0.9811320754716981,random,5,311.50117880602943
7787,67198_00024,131,0.9799919967987194,random,5,311.50117880602943
7788,67198_00024,132,0.9903846153846154,random,5,311.50117880602943
7789,67198_00024,133,0.9903846153846154,random,5,311.50117880602943
7790,67198_00024,134,0.9903846153846154,random,5,311.50117880602943
7791,67198_00024,135,0.9811320754716981,random,5,311.50117880602943
7792,67198_00024,136,0.9811320754716981,random,5,311.50117880602943
7793,67198_00024,137,0.9903846153846154,random,5,311.50117880602943
7794,67198_00024,138,0.9811320754716981,random,5,311.50117880602943
7795,67198_00024,139,0.9903846153846154,random,5,311.50117880602943
7796,67198_00024,140,0.9811320754716981,random,5,311.50117880602943
7797,67198_00024,141,0.9811320754716981,random,5,311.50117880602943
7798,67198_00024,142,0.9811320754716981,random,5,311.50117880602943
7799,67198_00024,143,0.9903846153846154,random,5,311.50117880602943
7800,67198_00024,144,0.9799919967987194,random,5,311.50117880602943
7801,67198_00024,145,0.9811320754716981,random,5,311.50117880602943
7802,67198_00024,146,0.9811320754716981,random,5,311.50117880602943
7803,67198_00024,147,0.9811320754716981,random,5,311.50117880602943
7804,67198_00024,148,0.9799919967987194,random,5,311.50117880602943
7805,67198_00024,149,0.9903846153846154,random,5,311.50117880602943
7806,67198_00024,150,0.9811320754716981,random,5,311.50117880602943
7807,67198_00024,151,0.9811320754716981,random,5,311.50117880602943
7808,67198_00024,152,0.9811320754716981,random,5,311.50117880602943
7809,67198_00024,153,0.9811320754716981,random,5,311.50117880602943
7810,67198_00024,154,0.9811320754716981,random,5,311.50117880602943
7811,67198_00024,155,0.9903846153846154,random,5,311.50117880602943
7812,67198_00024,156,0.9811320754716981,random,5,311.50117880602943
7813,67198_00024,157,0.9811320754716981,random,5,311.50117880602943
7814,67198_00024,158,0.9811320754716981,random,5,311.50117880602943
7815,67198_00024,159,0.9811320754716981,random,5,311.50117880602943
7816,67198_00024,160,0.9903846153846154,random,5,311.50117880602943
7817,67198_00024,161,0.9811320754716981,random,5,311.50117880602943
7818,67198_00024,162,0.9811320754716981,random,5,311.50117880602943
7819,67198_00024,163,0.9903846153846154,random,5,311.50117880602943
7820,67198_00024,164,0.9811320754716981,random,5,311.50117880602943
7821,67198_00024,165,0.9903846153846154,random,5,311.50117880602943
7822,67198_00024,166,0.9811320754716981,random,5,311.50117880602943
7823,67198_00024,167,0.9903846153846154,random,5,311.50117880602943
7824,67198_00024,168,0.9903846153846154,random,5,311.50117880602943
7825,67198_00024,169,0.9811320754716981,random,5,311.50117880602943
7826,67198_00024,170,0.9811320754716981,random,5,311.50117880602943
7827,67198_00024,171,0.9903846153846154,random,5,311.50117880602943
7828,67198_00024,172,0.9811320754716981,random,5,311.50117880602943
7829,67198_00024,173,0.9811320754716981,random,5,311.50117880602943
7830,67198_00024,174,0.9811320754716981,random,5,311.50117880602943
7831,67198_00024,175,0.9903846153846154,random,5,311.50117880602943
7832,67198_00024,176,0.9903846153846154,random,5,311.50117880602943
7833,67198_00024,177,0.9811320754716981,random,5,311.50117880602943
7834,67198_00024,178,0.9903846153846154,random,5,311.50117880602943
7835,67198_00024,179,0.9811320754716981,random,5,311.50117880602943
7836,67198_00024,180,0.9811320754716981,random,5,311.50117880602943
7837,67198_00024,181,0.9811320754716981,random,5,311.50117880602943
7838,67198_00024,182,0.9903846153846154,random,5,311.50117880602943
7839,67198_00024,183,0.9811320754716981,random,5,311.50117880602943
7840,67198_00024,184,0.9811320754716981,random,5,311.50117880602943
7841,67198_00024,185,0.9903846153846154,random,5,311.50117880602943
7842,67198_00024,186,0.9811320754716981,random,5,311.50117880602943
7843,67198_00024,187,0.9811320754716981,random,5,311.50117880602943
7844,67198_00024,188,0.9811320754716981,random,5,311.50117880602943
7845,67198_00024,189,0.9903846153846154,random,5,311.50117880602943
7846,67198_00024,190,0.9811320754716981,random,5,311.50117880602943
7847,67198_00024,191,0.9811320754716981,random,5,311.50117880602943
7848,67198_00024,192,0.9811320754716981,random,5,311.50117880602943
7849,67198_00024,193,0.9811320754716981,random,5,311.50117880602943
7850,67198_00024,194,0.9811320754716981,random,5,311.50117880602943
7851,67198_00024,195,0.9811320754716981,random,5,311.50117880602943
7852,67198_00024,196,0.9903846153846154,random,5,311.50117880602943
7853,67198_00024,197,0.9811320754716981,random,5,311.50117880602943
7854,67198_00024,198,0.9903846153846154,random,5,311.50117880602943
7855,67198_00024,199,0.9811320754716981,random,5,311.50117880602943
7856,67198_00024,200,0.9811320754716981,random,5,311.50117880602943
7857,67198_00024,201,0.9811320754716981,random,5,311.50117880602943
7858,67198_00024,202,0.9903846153846154,random,5,311.50117880602943
7859,67198_00024,203,0.9811320754716981,random,5,311.50117880602943
7860,67198_00024,204,0.9811320754716981,random,5,311.50117880602943
7861,67198_00024,205,0.9811320754716981,random,5,311.50117880602943
7862,67198_00024,206,0.9903846153846154,random,5,311.50117880602943
7863,67198_00024,207,0.9811320754716981,random,5,311.50117880602943
7864,67198_00024,208,0.9903846153846154,random,5,311.50117880602943
7865,67198_00024,209,0.9811320754716981,random,5,311.50117880602943
7866,67198_00024,210,0.9903846153846154,random,5,311.50117880602943
7867,67198_00024,211,0.9811320754716981,random,5,311.50117880602943
7868,67198_00024,212,0.9903846153846154,random,5,311.50117880602943
7869,67198_00024,213,0.9903846153846154,random,5,311.50117880602943
7870,67198_00024,214,0.9903846153846154,random,5,311.50117880602943
7871,67198_00024,215,0.9811320754716981,random,5,311.50117880602943
7872,67198_00024,216,0.9903846153846154,random,5,311.50117880602943
7873,67198_00024,217,0.9811320754716981,random,5,311.50117880602943
7874,67198_00024,218,0.9811320754716981,random,5,311.50117880602943
7875,67198_00024,219,0.9811320754716981,random,5,311.50117880602943
7876,67198_00024,220,0.9903846153846154,random,5,311.50117880602943
7877,67198_00024,221,0.9811320754716981,random,5,311.50117880602943
7878,67198_00024,222,0.9811320754716981,random,5,311.50117880602943
7879,67198_00024,223,0.9811320754716981,random,5,311.50117880602943
7880,67198_00024,224,0.9811320754716981,random,5,311.50117880602943
7881,67198_00024,225,0.9903846153846154,random,5,311.50117880602943
7882,67198_00024,226,0.9903846153846154,random,5,311.50117880602943
7883,67198_00024,227,0.9811320754716981,random,5,311.50117880602943
7884,67198_00024,228,0.9903846153846154,random,5,311.50117880602943
7885,67198_00024,229,0.9811320754716981,random,5,311.50117880602943
7886,67198_00024,230,0.9811320754716981,random,5,311.50117880602943
7887,67198_00024,231,0.9903846153846154,random,5,311.50117880602943
7888,67198_00024,232,0.9903846153846154,random,5,311.50117880602943
7889,67198_00024,233,0.9811320754716981,random,5,311.50117880602943
7890,67198_00024,234,0.9811320754716981,random,5,311.50117880602943
7891,67198_00024,235,0.9811320754716981,random,5,311.50117880602943
7892,67198_00024,236,0.9811320754716981,random,5,311.50117880602943
7893,67198_00024,237,0.9811320754716981,random,5,311.50117880602943
7894,67198_00024,238,0.9903846153846154,random,5,311.50117880602943
7895,67198_00024,239,0.9811320754716981,random,5,311.50117880602943
7896,67198_00024,240,0.9811320754716981,random,5,311.50117880602943
7897,67198_00024,241,0.9903846153846154,random,5,311.50117880602943
7898,67198_00024,242,0.9903846153846154,random,5,311.50117880602943
7899,67198_00024,243,0.9811320754716981,random,5,311.50117880602943
7900,67198_00024,244,0.9903846153846154,random,5,311.50117880602943
7901,67198_00024,245,0.9811320754716981,random,5,311.50117880602943
7902,67198_00024,246,0.9811320754716981,random,5,311.50117880602943
7903,67198_00024,247,0.9811320754716981,random,5,311.50117880602943
7904,67198_00024,248,0.9811320754716981,random,5,311.50117880602943
7905,67198_00024,249,0.9811320754716981,random,5,311.50117880602943
7906,67198_00024,250,0.9903846153846154,random,5,311.50117880602943
7907,67198_00024,251,0.9903846153846154,random,5,311.50117880602943
7908,67198_00024,252,0.9903846153846154,random,5,311.50117880602943
7909,67198_00024,253,0.9903846153846154,random,5,311.50117880602943
7910,67198_00024,254,0.9903846153846154,random,5,311.50117880602943
7911,67198_00024,255,0.9903846153846154,random,5,311.50117880602943
7912,67198_00024,256,0.9903846153846154,random,5,311.50117880602943
7913,67198_00024,257,0.9903846153846154,random,5,311.50117880602943
7914,67198_00024,258,0.9903846153846154,random,5,311.50117880602943
7915,67198_00024,259,0.9903846153846154,random,5,311.50117880602943
7916,67198_00024,260,0.9903846153846154,random,5,311.50117880602943
7917,67198_00024,261,0.9903846153846154,random,5,311.50117880602943
7918,67198_00024,262,0.9903846153846154,random,5,311.50117880602943
7919,67198_00024,263,0.9903846153846154,random,5,311.50117880602943
7920,67198_00024,264,0.9903846153846154,random,5,311.50117880602943
7921,67198_00024,265,0.9903846153846154,random,5,311.50117880602943
7922,67198_00024,266,0.9903846153846154,random,5,311.50117880602943
7923,67198_00024,267,0.9903846153846154,random,5,311.50117880602943
7924,67198_00024,268,0.9903846153846154,random,5,311.50117880602943
7925,67198_00024,269,0.9903846153846154,random,5,311.50117880602943
7926,67198_00024,270,0.9903846153846154,random,5,311.50117880602943
7927,67198_00024,271,0.9903846153846154,random,5,311.50117880602943
7928,67198_00024,272,0.9903846153846154,random,5,311.50117880602943
7929,67198_00024,273,0.9903846153846154,random,5,311.50117880602943
7930,67198_00024,274,0.9903846153846154,random,5,311.50117880602943
7931,67198_00024,275,0.9903846153846154,random,5,311.50117880602943
7932,67198_00024,276,0.9903846153846154,random,5,311.50117880602943
7933,67198_00024,277,0.9903846153846154,random,5,311.50117880602943
7934,67198_00024,278,0.9903846153846154,random,5,311.50117880602943
7935,67198_00024,279,1.0,random,5,311.50117880602943
7936,67198_00024,280,0.9903846153846154,random,5,311.50117880602943
7937,67198_00024,281,0.9811320754716981,random,5,311.50117880602943
7938,67198_00024,282,0.9903846153846154,random,5,311.50117880602943
7939,67198_00024,283,0.9903846153846154,random,5,311.50117880602943
7940,67198_00024,284,0.9903846153846154,random,5,311.50117880602943
7941,67198_00024,285,0.9903846153846154,random,5,311.50117880602943
7942,67198_00024,286,0.9903846153846154,random,5,311.50117880602943
7943,67198_00024,287,0.9903846153846154,random,5,311.50117880602943
7944,67198_00024,288,0.9903846153846154,random,5,311.50117880602943
7945,67198_00024,289,0.9903846153846154,random,5,311.50117880602943
7946,67198_00024,290,0.9903846153846154,random,5,311.50117880602943
7947,67198_00024,291,0.9903846153846154,random,5,311.50117880602943
7948,67198_00024,292,0.9903846153846154,random,5,311.50117880602943
7949,67198_00024,293,0.9903846153846154,random,5,311.50117880602943
7950,67198_00024,294,0.9903846153846154,random,5,311.50117880602943
7951,67198_00024,295,0.9903846153846154,random,5,311.50117880602943
7952,67198_00024,296,0.9903846153846154,random,5,311.50117880602943
7953,67198_00024,297,0.9903846153846154,random,5,311.50117880602943
7954,67198_00024,298,0.9903846153846154,random,5,311.50117880602943
7955,67198_00024,299,0.9903846153846154,random,5,311.50117880602943
7956,67198_00024,300,0.9903846153846154,random,5,311.50117880602943
7957,67198_00024,301,0.9903846153846154,random,5,311.50117880602943
7958,67198_00024,302,0.9903846153846154,random,5,311.50117880602943
7959,67198_00024,303,0.9903846153846154,random,5,311.50117880602943
7960,67198_00024,304,0.9903846153846154,random,5,311.50117880602943
7961,67198_00024,305,0.9903846153846154,random,5,311.50117880602943
7962,67198_00024,306,0.9811320754716981,random,5,311.50117880602943
7963,67198_00024,307,0.9903846153846154,random,5,311.50117880602943
7964,67198_00024,308,0.9903846153846154,random,5,311.50117880602943
7965,67198_00024,309,0.9811320754716981,random,5,311.50117880602943
7966,67198_00024,310,0.9903846153846154,random,5,311.50117880602943
7967,67198_00024,311,0.9903846153846154,random,5,311.50117880602943
7968,67198_00024,312,0.9903846153846154,random,5,311.50117880602943
7969,67198_00024,313,0.9903846153846154,random,5,311.50117880602943
7970,67198_00024,314,0.9903846153846154,random,5,311.50117880602943
7971,67198_00024,315,0.9903846153846154,random,5,311.50117880602943
7972,67198_00024,316,0.9811320754716981,random,5,311.50117880602943
7973,67198_00024,317,0.9903846153846154,random,5,311.50117880602943
7974,67198_00024,318,0.9903846153846154,random,5,311.50117880602943
