{"score": 263.5371347726677, "iteration_metrics": [0.9131476489967056, 0.8646622015142691, 0.9115025466893039, 0.8714515657009072, 0.9181517677493534, 0.8934042553191489, 0.875974025974026, 0.8819169960474309, 0.9247474747474748, 0.8993598862019914, 0.9131476489967056, 0.8535598705501618, 0.8995472552348613, 0.8934042553191489, 0.8149341351660939, 0.8702898550724638, 0.7946608946608946, 0.9332748024582967, 0.8934042553191489, 0.8813498858447488, 0.8938631790744467, 0.9070289855072464, 0.8646622015142691, 0.9125541125541126, 0.9015725101921956, 0.9138759464181713, 0.8039049235993209, 0.8934075342465753, 0.8702898550724638, 0.815007215007215, 0.8391323024054982, 0.8692922374429224, 0.8934075342465753, 0.9192753623188405, 0.8523587652882936, 0.9530008826125331, 0.8334751773049645, 0.8580434782608696, 0.8813498858447488, 0.9175228310502284, 0.8702898550724638, 0.9138759464181713, 0.8730769230769231, 0.8590869183494293, 0.8525641025641026, 0.8692922374429224, 0.8633001422475106, 0.9117268041237113, 0.872334455667789, 0.9281406295969403, 0.8838162130523851, 0.9181517677493534, 0.8512802275960171, 0.8512313860252005, 0.8908502500735511, 0.9070289855072464, 0.8980769230769231, 0.8694326241134751, 0.8838162130523851, 0.9105769230769231, 0.8714515657009072, 0.8784201235657547, 0.9034608378870674, 0.9085455077553409, 0.857234589041096, 0.8929315476190476, 0.8714515657009072, 0.8756366723259762, 0.8331192922374429, 0.8714515657009072, 0.8881673881673882, 0.9003607503607504, 0.8947826086956522, 0.8149341351660939, 0.8486251402918069, 0.8838162130523851, 0.8277518928363424, 0.8590869183494293, 0.9105769230769231, 0.827815506508206, 0.8512313860252005, 0.8580604178430266, 0.8784201235657547, 0.8452860017246335, 0.8406593406593407, 0.8580434782608696, 0.8335507246376812, 0.8515873015873016, 0.857234589041096, 0.9157105030891439, 0.8457971014492753, 0.8646622015142691, 0.8908502500735511, 0.9162871888281725, 0.8637806637806638, 0.9082755501959602, 0.8803571428571428, 0.9131476489967056, 0.9034608378870674, 0.8400553290623181, 0.8334751773049645, 0.8929315476190476, 0.8980769230769231, 0.9116207951070336, 0.8929315476190476, 0.8838162130523851, 0.9180803571428571, 0.9055059523809523, 0.8535598705501618, 0.9055059523809523, 0.9355769230769231, 0.8730769230769231, 0.9032803765813475, 0.9245412844036698, 0.8784201235657547, 0.9287045666356011, 0.9082755501959602, 0.9291135397692775, 0.8929315476190476, 0.875974025974026, 0.9162871888281725, 0.9374617737003058, 0.9162871888281725, 0.8929315476190476, 0.8987003058103975, 0.9055059523809523, 0.8803571428571428, 0.8929315476190476, 0.9082755501959602, 0.9332748024582967, 0.8875286368843069, 0.9157105030891439, 0.9181517677493534, 0.9405707561047367, 0.9355769230769231, 0.8825362318840579, 0.9138759464181713, 0.9230769230769231, 0.9306547619047619, 0.9281406295969403, 0.948076923076923, 0.9125541125541126, 0.9291135397692775, 0.9209101551068188, 0.9261793826441467, 0.9105769230769231, 0.9125541125541126, 0.896180860403863, 0.9456394498097747, 0.9306547619047619, 0.9261793826441467, 0.9432291666666667, 0.9105769230769231, 0.9281406295969403, 0.948076923076923, 0.9384546271338724, 0.9332748024582967, 0.9580040971612526, 0.9419398907103824, 0.9315217391304347, 0.9315217391304347, 0.9281406295969403, 0.9209101551068188, 0.9281406295969403, 0.9332748024582967, 0.936940836940837, 0.9117268041237113, 0.9332748024582967, 0.9315217391304347, 0.9230769230769231, 0.9138759464181713, 0.9209101551068188, 0.9131476489967056, 0.9456394498097747, 0.9192753623188405, 0.9032803765813475, 0.896180860403863, 0.9332748024582967, 0.9230769230769231, 0.9332748024582967, 0.9384828188701223, 0.9247474747474748, 0.9230769230769231, 0.9209101551068188, 0.9209101551068188, 0.9209101551068188, 0.9070289855072464, 0.9315217391304347, 0.9085455077553409, 0.9355769230769231, 0.8947826086956522, 0.9306547619047619, 0.9157105030891439, 0.9261793826441467, 0.9032803765813475, 0.9157105030891439, 0.9384828188701223, 0.9181517677493534, 0.9230769230769231, 0.9070289855072464, 0.9054651826484018, 0.9359249713631157, 0.9157105030891439, 0.9315217391304347, 0.9332748024582967, 0.9070289855072464, 0.9261793826441467, 0.9085455077553409, 0.9261793826441467, 0.9511081162024558, 0.9507862550960978, 0.9281406295969403, 0.9138759464181713, 0.8875286368843069, 0.9355769230769231, 0.9558035714285714, 0.9281406295969403, 0.9332748024582967, 0.9261793826441467, 0.9384828188701223, 0.9261793826441467, 0.9157105030891439, 0.9405707561047367, 0.9405707561047367, 0.9261793826441467, 0.9405707561047367, 0.9432291666666667, 0.9315217391304347, 0.9355769230769231, 0.9432291666666667, 0.9281406295969403, 0.9209101551068188, 0.9261793826441467, 0.9315217391304347, 0.9355769230769231, 0.9261793826441467, 0.9192753623188405, 0.9355769230769231, 0.9355769230769231, 0.9192753623188405, 0.9384828188701223, 0.9332748024582967, 0.9281406295969403, 0.9456394498097747, 0.9281406295969403, 0.9332748024582967, 0.9209101551068188, 0.9332748024582967, 0.9192753623188405, 0.9332748024582967, 0.9405707561047367, 0.9456394498097747, 0.9261793826441467, 0.9384828188701223, 0.9302960620868066, 0.9580040971612526, 0.933750376846548, 0.9355769230769231, 0.948076923076923, 0.9332748024582967, 0.9432291666666667, 0.9405707561047367, 0.9355769230769231, 0.9405707561047367, 0.9332748024582967, 0.9258011380652891, 0.9355769230769231, 0.948076923076923, 0.9306547619047619, 0.9405707561047367, 0.9332748024582967, 0.9261793826441467, 0.9456394498097747, 0.9192753623188405, 0.9332748024582967, 0.9384828188701223, 0.9355769230769231, 0.9306547619047619, 0.9281406295969403, 0.9315217391304347, 0.9530008826125331, 0.9258011380652891, 0.9384546271338724, 0.9630896913220734, 0.948076923076923, 0.9306547619047619, 0.960576923076923, 0.9511081162024558, 0.9511081162024558, 0.9432291666666667, 0.959225203497136], "timestamp": 1725215466, "checkpoint_dir_name": null, "done": false, "training_iteration": 1, "trial_id": "43393_00006", "date": "2024-09-01_19-31-06", "time_this_iter_s": 22.74184489250183, "time_total_s": 22.74184489250183, "pid": 19899, "hostname": "nemo.cl.cam.ac.uk", "node_ip": "128.232.64.154", "config": {"seed": 2, "strategy": "entropy"}, "time_since_restore": 22.74184489250183, "iterations_since_restore": 1}
