{"score": 262.64068428298856, "iteration_metrics": [0.8948717948717948, 0.9022556390977443, 0.9053030303030303, 0.8669590643274854, 0.8707002457002457, 0.8962962962962964, 0.8905109489051095, 0.8962962962962964, 0.8962962962962964, 0.9170918367346939, 0.8366261398176291, 0.8778867102396515, 0.9022556390977443, 0.8962962962962964, 0.8962962962962964, 0.8846073517126148, 0.8962962962962964, 0.8992537313432836, 0.8962962962962964, 0.9053030303030303, 0.9053030303030303, 0.8962962962962964, 0.8767605633802817, 0.8962962962962964, 0.8767605633802817, 0.9022556390977443, 0.9083969465648856, 0.8905109489051095, 0.9083969465648856, 0.8933823529411764, 0.9115384615384615, 0.8962962962962964, 0.8876811594202898, 0.8962962962962964, 0.9115384615384615, 0.8876811594202898, 0.8962962962962964, 0.888001638001638, 0.8948717948717948, 0.8933823529411764, 0.8933823529411764, 0.8992537313432836, 0.9314625850340136, 0.8992537313432836, 0.9022556390977443, 0.8983527131782946, 0.8992537313432836, 0.9170918367346939, 0.8933823529411764, 0.8876811594202898, 0.9314625850340136, 0.8983527131782946, 0.8767605633802817, 0.8846073517126148, 0.8905109489051095, 0.9022556390977443, 0.8846073517126148, 0.8778867102396515, 0.8876811594202898, 0.8962962962962964, 0.8962962962962964, 0.9053030303030303, 0.9053030303030303, 0.8962962962962964, 0.8933823529411764, 0.8962962962962964, 0.9022556390977443, 0.9022556390977443, 0.9115384615384615, 0.9022556390977443, 0.9083969465648856, 0.9126363636363637, 0.9054180727409074, 0.8927731092436975, 0.9288676236044657, 0.9090512731077782, 0.9200247437256981, 0.9184122647237402, 0.9069747899159664, 0.8943146145797001, 0.9090512731077782, 0.9050901378579004, 0.9082434514637905, 0.9170918367346939, 0.8985020661157025, 0.9090512731077782, 0.9262232415902141, 0.8924853610930383, 0.8927731092436975, 0.9130509641873279, 0.9027210884353742, 0.9163082437275986, 0.9211764705882353, 0.8985020661157025, 0.9155982905982906, 0.9069747899159664, 0.9211764705882353, 0.8972249916915919, 0.9130509641873279, 0.9130509641873279, 0.9211764705882353, 0.9170918367346939, 0.9027210884353742, 0.8972249916915919, 0.9017094017094017, 0.9027210884353742, 0.8985020661157025, 0.9237879316358563, 0.9130509641873279, 0.8972249916915919, 0.9288676236044657, 0.8927731092436975, 0.8927731092436975, 0.9069747899159664, 0.9027210884353742, 0.8972249916915919, 0.9069747899159664, 0.9170918367346939, 0.9082434514637905, 0.8927731092436975, 0.9130509641873279, 0.8878205128205128, 0.8952234206471494, 0.8799778761061947, 0.8799778761061947, 0.9211764705882353, 0.8831837819873712, 0.8972249916915919, 0.8787410540013012, 0.8933312262958281, 0.8717888471177945, 0.8884370015948964, 0.8924853610930383, 0.8933312262958281, 0.9062296681847756, 0.8878205128205128, 0.8835748792270531, 0.9153907496012759, 0.9066845764854614, 0.9019138755980861, 0.9062296681847756, 0.8972249916915919, 0.8924853610930383, 0.8835748792270531, 0.8884370015948964, 0.9055859137826351, 0.8878205128205128, 0.9153907496012759, 0.9108381067229424, 0.8933312262958281, 0.8831837819873712, 0.8878205128205128, 0.8972249916915919, 0.9170918367346939, 0.9114974937343359, 0.8924853610930383, 0.8924853610930383, 0.8972249916915919, 0.8787410540013012, 0.9069747899159664, 0.8972249916915919, 0.9107890499194847, 0.9211764705882353, 0.9155982905982906, 0.8924853610930383, 0.8835748792270531, 0.9069747899159664, 0.8972249916915919, 0.9062296681847756, 0.9019138755980861, 0.9211764705882353, 0.9017094017094017, 0.9019138755980861, 0.8924853610930383, 0.9069747899159664, 0.9069747899159664, 0.8972249916915919, 0.8927731092436975, 0.9069747899159664, 0.8749601275917065, 0.8878205128205128, 0.9066845764854614, 0.9019138755980861, 0.8901056228642436, 0.9017094017094017, 0.9017094017094017, 0.9107890499194847, 0.9112662013958126, 0.9069747899159664, 0.9069747899159664, 0.8927731092436975, 0.9069747899159664, 0.8878205128205128, 0.9069747899159664, 0.8884370015948964, 0.9199739752765127, 0.8901056228642436, 0.9253074111000332, 0.9069747899159664, 0.9112662013958126, 0.9170918367346939, 0.9069747899159664, 0.9027210884353742, 0.9017094017094017, 0.9019138755980861, 0.9253074111000332, 0.9062296681847756, 0.9333912768647281, 0.9314625850340136, 0.9155982905982906, 0.9017094017094017, 0.9062296681847756, 0.9017094017094017, 0.9211764705882353, 0.9153907496012759, 0.9170918367346939, 0.8924853610930383, 0.9062296681847756, 0.8850250626566416, 0.9155982905982906, 0.8933312262958281, 0.9112662013958126, 0.9062296681847756, 0.8924853610930383, 0.9062296681847756, 0.9112662013958126, 0.9019138755980861, 0.9062296681847756, 0.9112662013958126, 0.8884370015948964, 0.8924853610930383, 0.9112662013958126, 0.9155982905982906, 0.8850250626566416, 0.8972249916915919, 0.8971819645732689, 0.8924853610930383, 0.9112662013958126, 0.9062296681847756, 0.9017094017094017, 0.9199739752765127, 0.9107890499194847, 0.8972249916915919, 0.9253074111000332, 0.8927731092436975, 0.9019138755980861, 0.9211764705882353, 0.9211764705882353, 0.9155982905982906, 0.9155982905982906, 0.9199739752765127, 0.9069747899159664, 0.9337182823682498, 0.9253074111000332, 0.9200379266750949, 0.9069747899159664, 0.9294871794871795, 0.9243961352657004, 0.9170918367346939, 0.9211764705882353, 0.9380032206119162, 0.9112662013958126, 0.9114974937343359, 0.9342835130970724, 0.9153907496012759, 0.9380032206119162, 0.9288676236044657, 0.9342835130970724, 0.9379699248120301, 0.9467446270543616, 0.9467446270543616, 0.9440649666059502, 0.9212634822804314, 0.9247337092731829, 0.9184122647237402, 0.9342835130970724, 0.9247337092731829, 0.9426063995029512, 0.9161425576519916, 0.9342835130970724, 0.9426063995029512, 0.9379699248120301, 0.9342835130970724, 0.9520642201834862, 0.9391437308868502, 0.9294812053432743, 0.9391437308868502, 0.9473035439137134, 0.9426063995029512, 0.9490503466988243, 0.9473035439137134], "timestamp": 1725204386, "checkpoint_dir_name": null, "done": false, "training_iteration": 1, "trial_id": "805f1_00006", "date": "2024-09-01_16-26-26", "time_this_iter_s": 13.853882789611816, "time_total_s": 13.853882789611816, "pid": 31220, "hostname": "nemo.cl.cam.ac.uk", "node_ip": "128.232.64.154", "config": {"seed": 2, "strategy": "entropy"}, "time_since_restore": 13.853882789611816, "iterations_since_restore": 1}
