{"score": 273.9227254396498, "iteration_metrics": [0.9121665582303188, 0.9228422619047619, 0.9434333139196273, 0.9120289855072463, 0.9278846153846154, 0.9354166666666667, 0.9384232740428098, 0.9047823596792669, 0.9168814432989691, 0.9365217391304348, 0.9381767632426105, 0.9419913419913419, 0.9068820224719101, 0.9168814432989691, 0.9120289855072463, 0.9106735159817352, 0.9227311643835616, 0.9106735159817352, 0.9528846153846153, 0.89570461900559, 0.9684785864031147, 0.9479910714285714, 0.9256858607175158, 0.9454251250367756, 0.9278846153846154, 0.9311298776936516, 0.9134474685396547, 0.9311298776936516, 0.9081347455133864, 0.9153846153846155, 0.9353981029031331, 0.9106735159817352, 0.9347888127853881, 0.9434333139196273, 0.9353981029031331, 0.9702853780523684, 0.9419913419913419, 0.9505414105940884, 0.9232538085656798, 0.9242753623188406, 0.9176046176046175, 0.9419913419913419, 0.9505414105940884, 0.9680401863715784, 0.9811320754716981, 0.9557367501456028, 0.9487681159420289, 0.9381767632426105, 0.9454251250367756, 0.9242753623188406, 0.9487681159420289, 0.9528846153846153, 0.9752707052970442, 0.9468464611872146, 0.9557367501456028, 0.9629060579455663, 0.973139880952381, 0.9475423972405863, 0.9653846153846154, 0.9528846153846153, 0.9702853780523684, 0.9629060579455663, 0.957855251544572, 0.9629060579455663, 0.9684785864031147, 0.9653846153846154, 0.9702853780523684, 0.9479910714285714, 0.9505414105940884, 0.9454251250367756, 0.9311298776936516, 0.9610144927536232, 0.957855251544572, 0.9680401863715784, 0.9702853780523684, 0.9610144927536232, 0.9684785864031147, 0.9778846153846155, 0.9419913419913419, 0.9381767632426105, 0.9653846153846154, 0.9610144927536232, 0.9541847041847042, 0.9505414105940884, 0.9505414105940884, 0.9297979797979798, 0.9680401863715784, 0.9653846153846154, 0.9528846153846153, 0.9487681159420289, 0.9434333139196273, 0.9365217391304348, 0.9605654761904762, 0.9557367501456028, 0.9541847041847042, 0.9702853780523684, 0.9242753623188406, 0.9365217391304348, 0.957855251544572, 0.9365217391304348, 0.9353981029031331, 0.9381767632426105, 0.9454251250367756, 0.9557367501456028, 0.9487681159420289, 0.9365217391304348, 0.9381767632426105, 0.9419913419913419, 0.957855251544572, 0.957855251544572, 0.9454251250367756, 0.9297979797979798, 0.973139880952381, 0.9419913419913419, 0.9629060579455663, 0.9487681159420289, 0.9365217391304348, 0.9528846153846153, 0.9653846153846154, 0.9487681159420289, 0.9434333139196273, 0.9528846153846153, 0.9454251250367756, 0.9505414105940884, 0.9311298776936516, 0.9419913419913419, 0.9505414105940884, 0.9454251250367756, 0.9454251250367756, 0.9434333139196273, 0.9365217391304348, 0.9557367501456028, 0.9297979797979798, 0.9381767632426105, 0.9311298776936516, 0.957855251544572, 0.9557367501456028, 0.957855251544572, 0.9557367501456028, 0.9258121158911325, 0.9188264414676761, 0.9638981006933977, 0.9419913419913419, 0.9381767632426105, 0.9434333139196273, 0.9419913419913419, 0.9419913419913419, 0.9528846153846153, 0.9454251250367756, 0.9454251250367756, 0.9434333139196273, 0.9557367501456028, 0.9365217391304348, 0.9653846153846154, 0.9381767632426105, 0.9365217391304348, 0.9454251250367756, 0.9297979797979798, 0.9278846153846154, 0.9311298776936516, 0.9365217391304348, 0.9505414105940884, 0.973139880952381, 0.9629060579455663, 0.9311298776936516, 0.9752707052970442, 0.9487681159420289, 0.9419913419913419, 0.9434333139196273, 0.9629060579455663, 0.9505414105940884, 0.9653846153846154, 0.9297979797979798, 0.9629060579455663, 0.9329949985289792, 0.9454251250367756, 0.9541847041847042, 0.9381767632426105, 0.9434333139196273, 0.9505414105940884, 0.9365217391304348, 0.9434333139196273, 0.9365217391304348, 0.9475423972405863, 0.9557367501456028, 0.9557367501456028, 0.9505414105940884, 0.9365217391304348, 0.9505414105940884, 0.957855251544572, 0.9419913419913419, 0.9479910714285714, 0.9434333139196273, 0.957855251544572, 0.9454251250367756, 0.9434333139196273, 0.9505414105940884, 0.9629060579455663, 0.9403846153846154, 0.9381767632426105, 0.9289805269186713, 0.9487681159420289, 0.9168814432989691, 0.9434333139196273, 0.9311298776936516, 0.9365217391304348, 0.9505414105940884, 0.9403846153846154, 0.9347888127853881, 0.9297979797979798, 0.9297979797979798, 0.9434333139196273, 0.9557367501456028, 0.9557367501456028, 0.9454251250367756, 0.9528846153846153, 0.9434333139196273, 0.9557367501456028, 0.9329949985289792, 0.9365217391304348, 0.9410796105383734, 0.9353981029031331, 0.973139880952381, 0.9242753623188406, 0.957855251544572, 0.9434333139196273, 0.9454251250367756, 0.9232538085656798, 0.9454251250367756, 0.9278846153846154, 0.9505414105940884, 0.9311298776936516, 0.9475423972405863, 0.9381767632426105, 0.9557367501456028, 0.9381767632426105, 0.9353981029031331, 0.9434333139196273, 0.9557367501456028, 0.9311298776936516, 0.9365217391304348, 0.9528846153846153, 0.9297979797979798, 0.9487681159420289, 0.9505414105940884, 0.9311298776936516, 0.9311298776936516, 0.9557367501456028, 0.9653846153846154, 0.9297979797979798, 0.9205648720211828, 0.957855251544572, 0.9419913419913419, 0.9629060579455663, 0.9557367501456028, 0.9629060579455663, 0.9557367501456028, 0.9541847041847042, 0.9434333139196273, 0.9479910714285714, 0.9176046176046175, 0.9653846153846154, 0.9419913419913419, 0.9702853780523684, 0.9610144927536232, 0.9475423972405863, 0.9487681159420289, 0.9381767632426105, 0.9475423972405863, 0.9410796105383734, 0.9487681159420289, 0.9403846153846154, 0.9258121158911325, 0.9381767632426105, 0.9381767632426105, 0.9311298776936516, 0.9487681159420289, 0.9419913419913419, 0.9365217391304348, 0.9365217391304348, 0.9311298776936516, 0.9434333139196273, 0.9702853780523684, 0.9381767632426105, 0.9610144927536232, 0.9419913419913419, 0.9434333139196273, 0.9297979797979798, 0.8989652198907732, 0.9541847041847042, 0.9365217391304348], "timestamp": 1725215475, "checkpoint_dir_name": null, "done": false, "training_iteration": 1, "trial_id": "43393_00000", "date": "2024-09-01_19-31-15", "time_this_iter_s": 31.392128944396973, "time_total_s": 31.392128944396973, "pid": 19823, "hostname": "nemo.cl.cam.ac.uk", "node_ip": "128.232.64.154", "config": {"seed": 1, "strategy": "least_confidence"}, "time_since_restore": 31.392128944396973, "iterations_since_restore": 1}
