{"score": 264.57818911775286, "iteration_metrics": [0.8263274336283186, 0.9402210884353741, 0.8325501253132832, 0.9332364341085271, 0.8189522342064715, 0.9311998604813394, 0.8263274336283186, 0.8968017057569296, 0.8722587719298245, 0.8846153846153846, 0.8350683148991542, 0.8774965564738292, 0.8601398601398602, 0.8879831932773109, 0.9072781655034895, 0.9402210884353741, 0.8722532263690268, 0.8793055555555556, 0.9459365190094176, 0.8985042735042735, 0.9294871794871795, 0.9250093738282714, 0.8932369557992689, 0.9076426024955437, 0.9175341574495771, 0.8335725677830941, 0.86373228821224, 0.8573674752920035, 0.8573674752920035, 0.916860465116279, 0.9211432506887052, 0.916860465116279, 0.8968017057569296, 0.8447139862234202, 0.9213193752077102, 0.9163865546218488, 0.9258503401360545, 0.9223118279569893, 0.950241046831956, 0.863764880952381, 0.9211432506887052, 0.86373228821224, 0.863764880952381, 0.9258503401360545, 0.9393939393939394, 0.8574681238615665, 0.8574681238615665, 0.86373228821224, 0.9258503401360545, 0.8574681238615665, 0.9257734029730815, 0.9311998604813394, 0.8574681238615665, 0.9353605849119309, 0.850994874886946, 0.9393939393939394, 0.9211432506887052, 0.900484496124031, 0.8580123266563945, 0.8701923076923077, 0.8574681238615665, 0.870020964360587, 0.8702944748026715, 0.870020964360587, 0.850994874886946, 0.8701923076923077, 0.8512232415902141, 0.8642247719917623, 0.870020964360587, 0.870020964360587, 0.9257734029730815, 0.8766548984995587, 0.8701923076923077, 0.8766548984995587, 0.8826744534291704, 0.920922256097561, 0.8840579710144927, 0.9175341574495771, 0.8701923076923077, 0.8766548984995587, 0.8890850250073551, 0.870020964360587, 0.863764880952381, 0.8701923076923077, 0.9123931623931624, 0.8642247719917623, 0.8831577407082236, 0.8826923076923077, 0.86373228821224, 0.9566101095793567, 0.863764880952381, 0.8574681238615665, 0.8473188405797101, 0.8890850250073551, 0.870020964360587, 0.8766548984995587, 0.8473188405797101, 0.8707930933567456, 0.8774024461269656, 0.8650990099009901, 0.8763392857142858, 0.8701923076923077, 0.9447899159663865, 0.8642247719917623, 0.8650990099009901, 0.8595652173913043, 0.833699151302312, 0.8707930933567456, 0.8831577407082236, 0.863764880952381, 0.8517946454839659, 0.8527955736750146, 0.8281887012230635, 0.8517946454839659, 0.8595652173913043, 0.8763392857142858, 0.8701923076923077, 0.9499194847020934, 0.8650990099009901, 0.863764880952381, 0.8527955736750146, 0.8642247719917623, 0.8701923076923077, 0.9494017946161515, 0.9175341574495771, 0.9331542351453856, 0.9019445281881218, 0.8770642201834863, 0.900956937799043, 0.8987312030075187, 0.9043957750854303, 0.909098228663446, 0.9634430043203722, 0.930646163404784, 0.9545918367346938, 0.9635265700483091, 0.9447899159663865, 0.9087735276259867, 0.9123931623931624, 0.86373228821224, 0.9499194847020934, 0.8930941845764855, 0.911967418546366, 0.930646163404784, 0.911967418546366, 0.911967418546366, 0.9589915966386555, 0.8987312030075187, 0.9312784645413142, 0.9311998604813394, 0.9363123993558776, 0.9401709401709402, 0.8987312030075187, 0.9144338118022328, 0.8574681238615665, 0.911967418546366, 0.9258503401360545, 0.9164632019532613, 0.954059829059829, 0.954059829059829, 0.9634430043203722, 0.954059829059829, 0.9064475347661188, 0.911967418546366, 0.8954911433172303, 0.9227053140096618, 0.9363123993558776, 0.9725113858165257, 0.9587670787247886, 0.9312784645413142, 0.9262820512820513, 0.930646163404784, 0.9072781655034895, 0.8840523882896765, 0.909098228663446, 0.9450227716330515, 0.9312784645413142, 0.9587670787247886, 0.9353605849119309, 0.9353605849119309, 0.9262820512820513, 0.9258503401360545, 0.9494017946161515, 0.9175341574495771, 0.9353605849119309, 0.9279106858054227, 0.9213193752077102, 0.9262820512820513, 0.9213193752077102, 0.9353605849119309, 0.9213193752077102, 0.9227053140096618, 0.909098228663446, 0.9175341574495771, 0.9353605849119309, 0.9401709401709402, 0.9198008849557522, 0.9213193752077102, 0.909098228663446, 0.9227053140096618, 0.9064475347661188, 0.9262820512820513, 0.909098228663446, 0.9312784645413142, 0.9163865546218488, 0.9494017946161515, 0.9353605849119309, 0.9043957750854303, 0.8954911433172303, 0.954059829059829, 0.8930941845764855, 0.9494017946161515, 0.9312784645413142, 0.9175341574495771, 0.9402210884353741, 0.9402210884353741, 0.9689625850340136, 0.9305882352941177, 0.9353605849119309, 0.9305882352941177, 0.9494017946161515, 0.950241046831956, 0.9213193752077102, 0.9402210884353741, 0.9545918367346938, 0.9353605849119309, 0.9447899159663865, 0.9545918367346938, 0.9402210884353741, 0.9401709401709402, 0.9305882352941177, 0.9211432506887052, 0.9545918367346938, 0.9647899449035813, 0.9589915966386555, 0.9545918367346938, 0.9689625850340136, 0.9589915966386555, 0.9459365190094176, 0.9606731775374957, 0.9402210884353741, 0.9402210884353741, 0.9402210884353741, 0.9402210884353741, 0.9213193752077102, 0.9447899159663865, 0.9356921487603306, 0.9545918367346938, 0.9494017946161515, 0.9494017946161515, 0.9450227716330515, 0.9413875598086124, 0.9647899449035813, 0.9589915966386555, 0.9163865546218488, 0.9356921487603306, 0.9305882352941177, 0.9401709401709402, 0.9566101095793567, 0.950241046831956, 0.950241046831956, 0.9447899159663865, 0.9311998604813394, 0.9402210884353741, 0.9305882352941177, 0.9213193752077102, 0.9312784645413142, 0.9545918367346938, 0.9635265700483091, 0.9634430043203722, 0.9262820512820513, 0.9548644338118022, 0.9545918367346938, 0.9227053140096618, 0.9353605849119309, 0.9413875598086124, 0.9401709401709402, 0.9447899159663865, 0.9450227716330515, 0.9401709401709402, 0.9725113858165257, 0.954059829059829, 0.9401709401709402, 0.9363123993558776, 0.9494017946161515, 0.9548644338118022, 0.9450227716330515, 0.9818376068376068, 0.9494017946161515, 0.9494017946161515, 0.9725113858165257], "timestamp": 1725204386, "checkpoint_dir_name": null, "done": false, "training_iteration": 1, "trial_id": "805f1_00008", "date": "2024-09-01_16-26-26", "time_this_iter_s": 13.500072240829468, "time_total_s": 13.500072240829468, "pid": 31222, "hostname": "nemo.cl.cam.ac.uk", "node_ip": "128.232.64.154", "config": {"seed": 4, "strategy": "entropy"}, "time_since_restore": 13.500072240829468, "iterations_since_restore": 1}
