{"score": 273.58430136564874, "iteration_metrics": [0.9478231970754403, 0.880717418546366, 0.9337819873712196, 0.9095565749235475, 0.9194847020933977, 0.9511164274322169, 0.880717418546366, 0.9102564102564104, 0.9555941845764855, 0.9337819873712196, 0.9478231970754403, 0.9337819873712196, 0.9155341340075853, 0.9698275862068966, 0.9504132231404958, 0.9194847020933977, 0.9155341340075853, 0.9011060507482108, 0.9603059581320451, 0.9478231970754403, 0.9541666666666666, 0.9011060507482108, 0.9504132231404958, 0.9478231970754403, 0.9478231970754403, 0.929579831932773, 0.943781512605042, 0.9153781512605041, 0.929579831932773, 0.9478231970754403, 0.929579831932773, 0.9478231970754403, 0.905877616747182, 0.9511164274322169, 0.9337819873712196, 0.9194847020933977, 0.938034188034188, 0.880717418546366, 0.880717418546366, 0.9254251700680272, 0.929579831932773, 0.9337819873712196, 0.9194847020933977, 0.9337819873712196, 0.9253650201926065, 0.9254251700680272, 0.9467213114754098, 0.929579831932773, 0.9285946649316852, 0.9511164274322169, 0.9102564102564104, 0.9358643250688705, 0.943781512605042, 0.9254251700680272, 0.9478231970754403, 0.9110544217687075, 0.939795918367347, 0.9056995679627783, 0.943781512605042, 0.9337819873712196, 0.943781512605042, 0.919740777666999, 0.938034188034188, 0.943781512605042, 0.943781512605042, 0.943781512605042, 0.943781512605042, 0.929579831932773, 0.943781512605042, 0.9504132231404958, 0.943781512605042, 0.9603059581320451, 0.9337819873712196, 0.943089430894309, 0.943781512605042, 0.9467213114754098, 0.939795918367347, 0.9478231970754403, 0.9467213114754098, 0.9504132231404958, 0.9254251700680272, 0.9358643250688705, 0.943781512605042, 0.9478231970754403, 0.9337819873712196, 0.9504132231404958, 0.9478231970754403, 0.9478231970754403, 0.9504132231404958, 0.9478231970754403, 0.9478231970754403, 0.943089430894309, 0.9478231970754403, 0.9579831932773109, 0.9467213114754098, 0.9467213114754098, 0.9467213114754098, 0.943781512605042, 0.9254251700680272, 0.9358643250688705, 0.943781512605042, 0.9478231970754403, 0.943781512605042, 0.9467213114754098, 0.943781512605042, 0.9467213114754098, 0.9467213114754098, 0.9358643250688705, 0.9254251700680272, 0.9358643250688705, 0.9153781512605041, 0.9478231970754403, 0.9478231970754403, 0.9153781512605041, 0.9478231970754403, 0.9689475347661188, 0.9376395534290272, 0.9601347117794486, 0.942240834386852, 0.9555941845764855, 0.9689475347661188, 0.9603059581320451, 0.9601347117794486, 0.942240834386852, 0.9601347117794486, 0.9555941845764855, 0.9511164274322169, 0.942240834386852, 0.942240834386852, 0.9516154085119602, 0.942240834386852, 0.9516154085119602, 0.9516154085119602, 0.9468984962406015, 0.9516154085119602, 0.9433744221879815, 0.9516154085119602, 0.9468984962406015, 0.9516154085119602, 0.9433744221879815, 0.9516154085119602, 0.9516154085119602, 0.9516154085119602, 0.9601347117794486, 0.9516154085119602, 0.9384902143522833, 0.9303543913713406, 0.9288874841972188, 0.942240834386852, 0.9516154085119602, 0.9336622807017544, 0.9433744221879815, 0.9516154085119602, 0.9516154085119602, 0.9533242258652095, 0.9433744221879815, 0.9516154085119602, 0.9384902143522833, 0.9516154085119602, 0.9433744221879815, 0.9353975535168195, 0.9468984962406015, 0.9433744221879815, 0.9516154085119602, 0.9516154085119602, 0.9433744221879815, 0.9433744221879815, 0.9516154085119602, 0.9466988727858292, 0.9433744221879815, 0.9511164274322169, 0.9433744221879815, 0.9468984962406015, 0.9603059581320451, 0.914850357839948, 0.9516154085119602, 0.9433744221879815, 0.9433744221879815, 0.9601347117794486, 0.9433744221879815, 0.9353975535168195, 0.9384902143522833, 0.9330917874396135, 0.9466988727858292, 0.9516154085119602, 0.9647406026716372, 0.9468984962406015, 0.9336622807017544, 0.9555941845764855, 0.9276715239829993, 0.9533242258652095, 0.9563944530046224, 0.9601347117794486, 0.9404978749241044, 0.9516154085119602, 0.9516154085119602, 0.9433744221879815, 0.942240834386852, 0.9601347117794486, 0.9433744221879815, 0.9384902143522833, 0.9204260651629073, 0.9376395534290272, 0.9433744221879815, 0.9376395534290272, 0.9483180428134557, 0.9483180428134557, 0.9384902143522833, 0.9433744221879815, 0.9645933014354067, 0.9384902143522833, 0.9336622807017544, 0.9601347117794486, 0.9468984962406015, 0.9376395534290272, 0.9336622807017544, 0.9433744221879815, 0.9483180428134557, 0.9433744221879815, 0.9353975535168195, 0.9404978749241044, 0.9404978749241044, 0.9384902143522833, 0.9433744221879815, 0.9353975535168195, 0.9516154085119602, 0.9612385321100918, 0.9433744221879815, 0.9533242258652095, 0.9483180428134557, 0.938230008984726, 0.9563944530046224, 0.9241626794258373, 0.9516154085119602, 0.9433744221879815, 0.9612385321100918, 0.9483180428134557, 0.9433744221879815, 0.9483180428134557, 0.9533242258652095, 0.9533242258652095, 0.9483180428134557, 0.9516154085119602, 0.9583961410913475, 0.9483180428134557, 0.9647406026716372, 0.9563944530046224, 0.9533242258652095, 0.9483180428134557, 0.9516154085119602, 0.9483180428134557, 0.9516154085119602, 0.9433744221879815, 0.9533242258652095, 0.9483180428134557, 0.9612385321100918, 0.9483180428134557, 0.9353975535168195, 0.9516154085119602, 0.9533242258652095, 0.9516154085119602, 0.9384902143522833, 0.9404978749241044, 0.9533242258652095, 0.9612385321100918, 0.9612385321100918, 0.9483180428134557, 0.9516154085119602, 0.9601347117794486, 0.9483180428134557, 0.9433744221879815, 0.9612385321100918, 0.9483180428134557, 0.9433744221879815, 0.9516154085119602, 0.9563944530046224, 0.9601347117794486, 0.9483180428134557, 0.9563944530046224, 0.9601347117794486, 0.9647406026716372, 0.9612385321100918, 0.9733709273182958, 0.9563944530046224, 0.9533242258652095, 0.9647406026716372, 0.9516154085119602, 0.9601347117794486, 0.9601347117794486, 0.9433744221879815, 0.9433744221879815], "timestamp": 1725215468, "checkpoint_dir_name": null, "done": false, "training_iteration": 1, "trial_id": "43393_00007", "date": "2024-09-01_19-31-08", "time_this_iter_s": 23.847121000289917, "time_total_s": 23.847121000289917, "pid": 19909, "hostname": "nemo.cl.cam.ac.uk", "node_ip": "128.232.64.154", "config": {"seed": 3, "strategy": "entropy"}, "time_since_restore": 23.847121000289917, "iterations_since_restore": 1}
