{"score": 279.07990939212806, "iteration_metrics": [0.8310142238713667, 0.9388418998048146, 0.9428899082568807, 0.9250975927130775, 0.9308740445330674, 0.9293075684380032, 0.947632058287796, 0.9147826086956521, 0.9298076923076923, 0.9121725731895223, 0.9651793789568888, 0.9351279788172993, 0.9423076923076923, 0.8963266545233759, 0.9173076923076924, 0.944669062593591, 0.9528826455955517, 0.9524419656315948, 0.9090710541642399, 0.9213744903902155, 0.944669062593591, 0.9193620844564241, 0.949702380952381, 0.9467225846536191, 0.9732847601700061, 0.947632058287796, 0.9573225516621743, 0.959847778813296, 0.9351279788172993, 0.947632058287796, 0.9371279761904762, 0.9423076923076923, 0.9599882318328921, 0.949702380952381, 0.9573225516621743, 0.9459813628421665, 0.9548076923076922, 0.9405179982440737, 0.9459813628421665, 0.9622767857142858, 0.9599882318328921, 0.9582847990681421, 0.9622767857142858, 0.9622767857142858, 0.9599882318328921, 0.944949494949495, 0.9848484848484849, 0.9459813628421665, 0.9475581053250957, 0.9548076923076922, 0.9582847990681421, 0.9548076923076922, 0.9599882318328921, 0.9599882318328921, 0.9515217391304347, 0.9622767857142858, 0.9651793789568888, 0.9622767857142858, 0.9528826455955517, 0.9673076923076923, 0.9699760407307577, 0.9573225516621743, 0.9599882318328921, 0.9622767857142858, 0.9622767857142858, 0.9599882318328921, 0.9622767857142858, 0.9475581053250957, 0.9673076923076923, 0.9423076923076923, 0.9699760407307577, 0.982629529799341, 0.9673076923076923, 0.9779167922821828, 0.9673076923076923, 0.9748511904761905, 0.9548076923076922, 0.944669062593591, 0.949702380952381, 0.9651793789568888, 0.9651793789568888, 0.9573225516621743, 0.9622767857142858, 0.9651793789568888, 0.9651793789568888, 0.944669062593591, 0.9699760407307577, 0.968730886850153, 0.9732847601700061, 0.9699760407307577, 0.9573225516621743, 0.9622767857142858, 0.9405179982440737, 0.9622767857142858, 0.9673076923076923, 0.9622767857142858, 0.9699760407307577, 0.9699760407307577, 0.9573225516621743, 0.9622767857142858, 0.9699760407307577, 0.9651793789568888, 0.9699760407307577, 0.9699760407307577, 0.9699760407307577, 0.9779167922821828, 0.9651793789568888, 0.9651793789568888, 0.9732847601700061, 0.9651793789568888, 0.982629529799341, 0.9524419656315948, 0.9622767857142858, 0.9622767857142858, 0.9573225516621743, 0.9573225516621743, 0.9699760407307577, 0.9699760407307577, 0.9699760407307577, 0.9573225516621743, 0.9699760407307577, 0.9732847601700061, 0.9573225516621743, 0.9651793789568888, 0.9548076923076922, 0.9548076923076922, 0.9651793789568888, 0.9548076923076922, 0.9779167922821828, 0.9699760407307577, 0.9699760407307577, 0.9779167922821828, 0.9732847601700061, 0.9622767857142858, 0.9699760407307577, 0.9548076923076922, 0.9548076923076922, 0.9732847601700061, 0.9622767857142858, 0.9651793789568888, 0.9651793789568888, 0.9622767857142858, 0.9699760407307577, 0.9779167922821828, 0.9651793789568888, 0.960458409228901, 0.9622767857142858, 0.9699760407307577, 0.9651793789568888, 0.9699760407307577, 0.9779167922821828, 0.9548076923076922, 0.9651793789568888, 0.9622767857142858, 0.9779167922821828, 0.9548076923076922, 0.9732847601700061, 0.9779167922821828, 0.9651793789568888, 0.9651793789568888, 0.9622767857142858, 0.9699760407307577, 0.9651793789568888, 0.9699760407307577, 0.9524419656315948, 0.9573225516621743, 0.9573225516621743, 0.9622767857142858, 0.9651793789568888, 0.9622767857142858, 0.9651793789568888, 0.9699760407307577, 0.9651793789568888, 0.9622767857142858, 0.9699760407307577, 0.960458409228901, 0.9699760407307577, 0.9651793789568888, 0.9699760407307577, 0.9699760407307577, 0.9622767857142858, 0.982629529799341, 0.9622767857142858, 0.9732847601700061, 0.9699760407307577, 0.9779167922821828, 0.9699760407307577, 0.9673076923076923, 0.9622767857142858, 0.9779167922821828, 0.9699760407307577, 0.9699760407307577, 0.9548076923076922, 0.9573225516621743, 0.9779167922821828, 0.9699760407307577, 0.9699760407307577, 0.9651793789568888, 0.9699760407307577, 0.9548076923076922, 0.9651793789568888, 0.9732847601700061, 0.9622767857142858, 0.9699760407307577, 0.9651793789568888, 0.9732847601700061, 0.9651793789568888, 0.960458409228901, 0.9651793789568888, 0.9699760407307577, 0.9779167922821828, 0.9699760407307577, 0.9651793789568888, 0.9748511904761905, 0.9732847601700061, 0.9779167922821828, 0.9779167922821828, 0.9699760407307577, 0.9699760407307577, 0.982629529799341, 0.9622767857142858, 0.9622767857142858, 0.9573225516621743, 0.9779167922821828, 0.9622767857142858, 0.9651793789568888, 0.949702380952381, 0.9779167922821828, 0.9573225516621743, 0.9651793789568888, 0.9699760407307577, 0.9651793789568888, 0.9699760407307577, 0.9622767857142858, 0.9699760407307577, 0.9699760407307577, 0.9622767857142858, 0.9699760407307577, 0.9699760407307577, 0.9651793789568888, 0.9699760407307577, 0.9622767857142858, 0.9699760407307577, 0.9699760407307577, 0.9732847601700061, 0.9622767857142858, 0.9699760407307577, 0.9699760407307577, 0.9779167922821828, 0.9673076923076923, 0.9699760407307577, 0.9732847601700061, 0.9622767857142858, 0.9573225516621743, 0.9622767857142858, 0.9699760407307577, 0.9699760407307577, 0.9779167922821828, 0.9651793789568888, 0.9651793789568888, 0.9651793789568888, 0.9779167922821828, 0.9622767857142858, 0.9699760407307577, 0.9699760407307577, 0.9748511904761905, 0.9599882318328921, 0.9622767857142858, 0.9732847601700061, 0.9732847601700061, 0.9651793789568888, 0.9599882318328921, 0.9732847601700061, 0.9573225516621743, 0.9732847601700061, 0.9779167922821828, 0.9548076923076922, 0.9779167922821828, 0.9699760407307577, 0.9779167922821828, 0.960458409228901, 0.9779167922821828, 0.9699760407307577, 0.9573225516621743, 0.9748511904761905, 0.9732847601700061, 0.9779167922821828, 0.9699760407307577, 0.9779167922821828, 0.9699760407307577, 0.9779167922821828], "timestamp": 1725204410, "checkpoint_dir_name": null, "done": false, "training_iteration": 1, "trial_id": "805f1_00017", "date": "2024-09-01_16-26-50", "time_this_iter_s": 14.056148052215576, "time_total_s": 14.056148052215576, "pid": 32257, "hostname": "nemo.cl.cam.ac.uk", "node_ip": "128.232.64.154", "config": {"seed": 3, "strategy": "ratio_confidence"}, "time_since_restore": 14.056148052215576, "iterations_since_restore": 1}
