{"score": 275.5622289264633, "iteration_metrics": [0.8805531038540748, 0.8503417210313762, 0.9166666666666667, 0.7935995814440181, 0.85, 0.8569196428571428, 0.9159676918297608, 0.8995412844036698, 0.9146451033243486, 0.9125000000000001, 0.93561603745976, 0.928727431566686, 0.9333333333333333, 0.9150916380297824, 0.9220289855072463, 0.9232513901082822, 0.9197916666666667, 0.925, 0.9108867427568041, 0.9232513901082822, 0.925, 0.9164239953407105, 0.927298592392932, 0.9449404761904762, 0.9197916666666667, 0.9625, 0.93561603745976, 0.927298592392932, 0.927298592392932, 0.9033189033189033, 0.947980684811238, 0.9090325342465753, 0.9526055705300989, 0.9410308677926615, 0.9520923520923521, 0.9427037363930568, 0.9656377402446127, 0.9323660714285714, 0.9427037363930568, 0.9526055705300989, 0.9551338629008532, 0.9603453321627158, 0.957514880952381, 0.9533343040186372, 0.9164239953407105, 0.9427037363930568, 0.947980684811238, 0.9675639894086496, 0.9410308677926615, 0.9520923520923521, 0.9427037363930568, 0.9520923520923521, 0.9465217391304348, 0.9342753623188406, 0.9656377402446127, 0.95, 0.9533343040186372, 0.9410308677926615, 0.9427037363930568, 0.9449404761904762, 0.9520923520923521, 0.9603453321627158, 0.9587681159420289, 0.947980684811238, 0.9656377402446127, 0.9533343040186372, 0.9587681159420289, 0.957514880952381, 0.9603453321627158, 0.9587681159420289, 0.947980684811238, 0.9551338629008532, 0.9410308677926615, 0.9551338629008532, 0.9587681159420289, 0.9456021845357861, 0.9551338629008532, 0.9427037363930568, 0.9625, 0.9520923520923521, 0.9603453321627158, 0.95, 0.95, 0.9551338629008532, 0.9675639894086496, 0.9642857142857143, 0.960506481760627, 0.947980684811238, 0.95, 0.9449404761904762, 0.947980684811238, 0.95, 0.9526055705300989, 0.957514880952381, 0.95, 0.947980684811238, 0.9551338629008532, 0.9375, 0.9427037363930568, 0.957514880952381, 0.9526055705300989, 0.960506481760627, 0.9477690684353332, 0.957514880952381, 0.947980684811238, 0.9551338629008532, 0.9652590595986823, 0.9449404761904762, 0.9625, 0.9533343040186372, 0.9625, 0.95, 0.9675639894086496, 0.9533343040186372, 0.9449404761904762, 0.9587681159420289, 0.9625, 0.9551338629008532, 0.9477690684353332, 0.9625, 0.9652590595986823, 0.9625, 0.9625, 0.9477690684353332, 0.95, 0.9533343040186372, 0.95, 0.9675639894086496, 0.9533343040186372, 0.9700892857142858, 0.9427037363930568, 0.9526055705300989, 0.9603453321627158, 0.957514880952381, 0.957514880952381, 0.947980684811238, 0.957514880952381, 0.9551338629008532, 0.9625, 0.9375, 0.9700892857142858, 0.9551338629008532, 0.9449404761904762, 0.960506481760627, 0.9430024286581664, 0.9533343040186372, 0.9427037363930568, 0.9675639894086496, 0.957514880952381, 0.9625, 0.9551338629008532, 0.9700892857142858, 0.9533343040186372, 0.9427037363930568, 0.947980684811238, 0.9700892857142858, 0.9427037363930568, 0.9551338629008532, 0.9700892857142858, 0.9551338629008532, 0.9700892857142858, 0.9551338629008532, 0.95, 0.9533343040186372, 0.9625, 0.9625, 0.9656377402446127, 0.9603453321627158, 0.9700892857142858, 0.95, 0.9427037363930568, 0.9375, 0.9625, 0.9551338629008532, 0.95, 0.947980684811238, 0.95, 0.9700892857142858, 0.9625, 0.95, 0.9625, 0.9533343040186372, 0.9526055705300989, 0.9625, 0.9427037363930568, 0.9410308677926615, 0.9675639894086496, 0.975, 0.9551338629008532, 0.9449404761904762, 0.9410308677926615, 0.9656377402446127, 0.957514880952381, 0.975, 0.9520923520923521, 0.95, 0.9727099795141938, 0.9323660714285714, 0.9427037363930568, 0.9558287795992714, 0.9427037363930568, 0.957514880952381, 0.93561603745976, 0.9551338629008532, 0.947980684811238, 0.9551338629008532, 0.957514880952381, 0.9533343040186372, 0.9533343040186372, 0.9625, 0.9652590595986823, 0.9700892857142858, 0.9675639894086496, 0.9656377402446127, 0.9427037363930568, 0.9427037363930568, 0.9551338629008532, 0.95, 0.957514880952381, 0.9675639894086496, 0.9625, 0.9551338629008532, 0.95, 0.95, 0.9375, 0.9526055705300989, 0.957514880952381, 0.9477690684353332, 0.947980684811238, 0.9700892857142858, 0.9533343040186372, 0.9551338629008532, 0.9675639894086496, 0.9526055705300989, 0.9675639894086496, 0.9625, 0.9533343040186372, 0.9427037363930568, 0.9675639894086496, 0.947980684811238, 0.9625, 0.957514880952381, 0.9551338629008532, 0.9603453321627158, 0.9551338629008532, 0.9533343040186372, 0.957514880952381, 0.9625, 0.9727099795141938, 0.9727099795141938, 0.960506481760627, 0.9533343040186372, 0.9603453321627158, 0.9652590595986823, 0.957514880952381, 0.9727099795141938, 0.9675639894086496, 0.9410308677926615, 0.9449404761904762, 0.9427037363930568, 0.9551338629008532, 0.95, 0.9427037363930568, 0.9533343040186372, 0.9675639894086496, 0.9603453321627158, 0.9652590595986823, 0.9551338629008532, 0.95, 0.957514880952381, 0.9625, 0.9625, 0.9449404761904762, 0.9700892857142858, 0.9551338629008532, 0.9533343040186372, 0.9603453321627158, 0.9675639894086496, 0.9656377402446127, 0.957514880952381, 0.9477690684353332, 0.9675639894086496, 0.9587681159420289, 0.9427037363930568, 0.9656377402446127, 0.9375, 0.9551338629008532, 0.9526055705300989, 0.9587681159420289, 0.9603453321627158, 0.957514880952381], "timestamp": 1725204410, "checkpoint_dir_name": null, "done": false, "training_iteration": 1, "trial_id": "805f1_00016", "date": "2024-09-01_16-26-50", "time_this_iter_s": 14.199660539627075, "time_total_s": 14.199660539627075, "pid": 32256, "hostname": "nemo.cl.cam.ac.uk", "node_ip": "128.232.64.154", "config": {"seed": 2, "strategy": "ratio_confidence"}, "time_since_restore": 14.199660539627075, "iterations_since_restore": 1}
