,trial_id,iteration,test_metric,strategy,seed,score
0,f9aca_00000,0,0.8059259259259259,least_confidence,1,93.1116475137852
1,f9aca_00000,1,0.8848148148148148,least_confidence,1,93.1116475137852
2,f9aca_00000,2,0.8142424242424243,least_confidence,1,93.1116475137852
3,f9aca_00000,3,0.8574074074074075,least_confidence,1,93.1116475137852
4,f9aca_00000,4,0.8680769230769231,least_confidence,1,93.1116475137852
5,f9aca_00000,5,0.8574074074074075,least_confidence,1,93.1116475137852
6,f9aca_00000,6,0.8560606060606061,least_confidence,1,93.1116475137852
7,f9aca_00000,7,0.8725845410628019,least_confidence,1,93.1116475137852
8,f9aca_00000,8,0.8893745143745143,least_confidence,1,93.1116475137852
9,f9aca_00000,9,0.8571717171717173,least_confidence,1,93.1116475137852
10,f9aca_00000,10,0.8725845410628019,least_confidence,1,93.1116475137852
11,f9aca_00000,11,0.8856565656565657,least_confidence,1,93.1116475137852
12,f9aca_00000,12,0.8725845410628019,least_confidence,1,93.1116475137852
13,f9aca_00000,13,0.8560606060606061,least_confidence,1,93.1116475137852
14,f9aca_00000,14,0.8394444444444445,least_confidence,1,93.1116475137852
15,f9aca_00000,15,0.8725845410628019,least_confidence,1,93.1116475137852
16,f9aca_00000,16,0.8560606060606061,least_confidence,1,93.1116475137852
17,f9aca_00000,17,0.8725845410628019,least_confidence,1,93.1116475137852
18,f9aca_00000,18,0.8560606060606061,least_confidence,1,93.1116475137852
19,f9aca_00000,19,0.8222934472934473,least_confidence,1,93.1116475137852
20,f9aca_00000,20,0.8725845410628019,least_confidence,1,93.1116475137852
21,f9aca_00000,21,0.8560606060606061,least_confidence,1,93.1116475137852
22,f9aca_00000,22,0.8402635046113307,least_confidence,1,93.1116475137852
23,f9aca_00000,23,0.8560606060606061,least_confidence,1,93.1116475137852
24,f9aca_00000,24,0.8222934472934473,least_confidence,1,93.1116475137852
25,f9aca_00000,25,0.8560606060606061,least_confidence,1,93.1116475137852
26,f9aca_00000,26,0.8394444444444445,least_confidence,1,93.1116475137852
27,f9aca_00000,27,0.8560606060606061,least_confidence,1,93.1116475137852
28,f9aca_00000,28,0.8394444444444445,least_confidence,1,93.1116475137852
29,f9aca_00000,29,0.8560606060606061,least_confidence,1,93.1116475137852
30,f9aca_00000,30,0.8893745143745143,least_confidence,1,93.1116475137852
31,f9aca_00000,31,0.8861111111111111,least_confidence,1,93.1116475137852
32,f9aca_00000,32,0.8721509971509972,least_confidence,1,93.1116475137852
33,f9aca_00000,33,0.9327777777777778,least_confidence,1,93.1116475137852
34,f9aca_00000,34,0.9002525252525252,least_confidence,1,93.1116475137852
35,f9aca_00000,35,0.9120370370370371,least_confidence,1,93.1116475137852
36,f9aca_00000,36,0.9120370370370371,least_confidence,1,93.1116475137852
37,f9aca_00000,37,0.9002525252525252,least_confidence,1,93.1116475137852
38,f9aca_00000,38,0.8861111111111111,least_confidence,1,93.1116475137852
39,f9aca_00000,39,0.9120370370370371,least_confidence,1,93.1116475137852
40,f9aca_00000,40,0.9027777777777778,least_confidence,1,93.1116475137852
41,f9aca_00000,41,0.922008547008547,least_confidence,1,93.1116475137852
42,f9aca_00000,42,0.922008547008547,least_confidence,1,93.1116475137852
43,f9aca_00000,43,0.9571256038647343,least_confidence,1,93.1116475137852
44,f9aca_00000,44,0.922008547008547,least_confidence,1,93.1116475137852
45,f9aca_00000,45,0.8721509971509972,least_confidence,1,93.1116475137852
46,f9aca_00000,46,0.8705555555555556,least_confidence,1,93.1116475137852
47,f9aca_00000,47,0.8721509971509972,least_confidence,1,93.1116475137852
48,f9aca_00000,48,0.8861111111111111,least_confidence,1,93.1116475137852
49,f9aca_00000,49,0.8861111111111111,least_confidence,1,93.1116475137852
50,f9aca_00000,50,0.9148550724637681,least_confidence,1,93.1116475137852
51,f9aca_00000,51,0.8721509971509972,least_confidence,1,93.1116475137852
52,f9aca_00000,52,0.9002525252525252,least_confidence,1,93.1116475137852
53,f9aca_00000,53,0.9120370370370371,least_confidence,1,93.1116475137852
54,f9aca_00000,54,0.922008547008547,least_confidence,1,93.1116475137852
55,f9aca_00000,55,0.8721509971509972,least_confidence,1,93.1116475137852
56,f9aca_00000,56,0.8394444444444445,least_confidence,1,93.1116475137852
57,f9aca_00000,57,0.8560606060606061,least_confidence,1,93.1116475137852
58,f9aca_00000,58,0.9002525252525252,least_confidence,1,93.1116475137852
59,f9aca_00000,59,0.9327777777777778,least_confidence,1,93.1116475137852
60,f9aca_00000,60,0.922008547008547,least_confidence,1,93.1116475137852
61,f9aca_00000,61,0.9027777777777778,least_confidence,1,93.1116475137852
62,f9aca_00000,62,0.8725845410628019,least_confidence,1,93.1116475137852
63,f9aca_00000,63,0.9327777777777778,least_confidence,1,93.1116475137852
64,f9aca_00000,64,0.9444444444444445,least_confidence,1,93.1116475137852
65,f9aca_00000,65,0.8725845410628019,least_confidence,1,93.1116475137852
66,f9aca_00000,66,0.9327777777777778,least_confidence,1,93.1116475137852
67,f9aca_00000,67,0.9002525252525252,least_confidence,1,93.1116475137852
68,f9aca_00000,68,0.8415263748597082,least_confidence,1,93.1116475137852
69,f9aca_00000,69,0.8394444444444445,least_confidence,1,93.1116475137852
70,f9aca_00000,70,0.9177777777777778,least_confidence,1,93.1116475137852
71,f9aca_00000,71,0.922008547008547,least_confidence,1,93.1116475137852
72,f9aca_00000,72,0.8560606060606061,least_confidence,1,93.1116475137852
73,f9aca_00000,73,0.8721509971509972,least_confidence,1,93.1116475137852
74,f9aca_00000,74,0.9120370370370371,least_confidence,1,93.1116475137852
75,f9aca_00000,75,0.9327777777777778,least_confidence,1,93.1116475137852
76,f9aca_00000,76,0.9002525252525252,least_confidence,1,93.1116475137852
77,f9aca_00000,77,0.8861111111111111,least_confidence,1,93.1116475137852
78,f9aca_00000,78,0.8861111111111111,least_confidence,1,93.1116475137852
79,f9aca_00000,79,0.8725845410628019,least_confidence,1,93.1116475137852
80,f9aca_00000,80,0.8721509971509972,least_confidence,1,93.1116475137852
81,f9aca_00000,81,0.9327777777777778,least_confidence,1,93.1116475137852
82,f9aca_00000,82,0.8861111111111111,least_confidence,1,93.1116475137852
83,f9aca_00000,83,0.8721509971509972,least_confidence,1,93.1116475137852
84,f9aca_00000,84,0.922008547008547,least_confidence,1,93.1116475137852
85,f9aca_00000,85,0.9444444444444445,least_confidence,1,93.1116475137852
86,f9aca_00000,86,0.8861111111111111,least_confidence,1,93.1116475137852
87,f9aca_00000,87,0.922008547008547,least_confidence,1,93.1116475137852
88,f9aca_00000,88,0.9120370370370371,least_confidence,1,93.1116475137852
89,f9aca_00000,89,0.922008547008547,least_confidence,1,93.1116475137852
90,f9aca_00000,90,0.9327777777777778,least_confidence,1,93.1116475137852
91,f9aca_00000,91,0.8861111111111111,least_confidence,1,93.1116475137852
92,f9aca_00000,92,0.9120370370370371,least_confidence,1,93.1116475137852
93,f9aca_00000,93,0.9002525252525252,least_confidence,1,93.1116475137852
94,f9aca_00000,94,0.9327777777777778,least_confidence,1,93.1116475137852
95,f9aca_00000,95,0.8222934472934473,least_confidence,1,93.1116475137852
96,f9aca_00000,96,0.8861111111111111,least_confidence,1,93.1116475137852
97,f9aca_00000,97,0.8861111111111111,least_confidence,1,93.1116475137852
98,f9aca_00000,98,0.922008547008547,least_confidence,1,93.1116475137852
99,f9aca_00000,99,0.922008547008547,least_confidence,1,93.1116475137852
100,f9aca_00000,100,0.9120370370370371,least_confidence,1,93.1116475137852
101,f9aca_00000,101,0.8394444444444445,least_confidence,1,93.1116475137852
102,f9aca_00000,102,0.922008547008547,least_confidence,1,93.1116475137852
103,f9aca_00000,103,0.8861111111111111,least_confidence,1,93.1116475137852
104,f9aca_00000,104,0.9027777777777778,least_confidence,1,93.1116475137852
105,f9aca_00000,105,0.9148550724637681,least_confidence,1,93.1116475137852
106,f9aca_00001,0,0.7837301587301587,least_confidence,2,89.963161135025
107,f9aca_00001,1,0.7102390363259928,least_confidence,2,89.963161135025
108,f9aca_00001,2,0.787502352719744,least_confidence,2,89.963161135025
109,f9aca_00001,3,0.8067226890756302,least_confidence,2,89.963161135025
110,f9aca_00001,4,0.7059178743961353,least_confidence,2,89.963161135025
111,f9aca_00001,5,0.7961111111111111,least_confidence,2,89.963161135025
112,f9aca_00001,6,0.7875757575757576,least_confidence,2,89.963161135025
113,f9aca_00001,7,0.7672771672771672,least_confidence,2,89.963161135025
114,f9aca_00001,8,0.8436507936507937,least_confidence,2,89.963161135025
115,f9aca_00001,9,0.8296703296703297,least_confidence,2,89.963161135025
116,f9aca_00001,10,0.8296703296703297,least_confidence,2,89.963161135025
117,f9aca_00001,11,0.8623809523809524,least_confidence,2,89.963161135025
118,f9aca_00001,12,0.8055555555555555,least_confidence,2,89.963161135025
119,f9aca_00001,13,0.7874779541446207,least_confidence,2,89.963161135025
120,f9aca_00001,14,0.8474358974358974,least_confidence,2,89.963161135025
121,f9aca_00001,15,0.9082892416225748,least_confidence,2,89.963161135025
122,f9aca_00001,16,0.8660111818006554,least_confidence,2,89.963161135025
123,f9aca_00001,17,0.8857549857549857,least_confidence,2,89.963161135025
124,f9aca_00001,18,0.8474358974358974,least_confidence,2,89.963161135025
125,f9aca_00001,19,0.9207977207977208,least_confidence,2,89.963161135025
126,f9aca_00001,20,0.9026412184306921,least_confidence,2,89.963161135025
127,f9aca_00001,21,0.8623809523809524,least_confidence,2,89.963161135025
128,f9aca_00001,22,0.9026412184306921,least_confidence,2,89.963161135025
129,f9aca_00001,23,0.88046783625731,least_confidence,2,89.963161135025
130,f9aca_00001,24,0.9207843137254902,least_confidence,2,89.963161135025
131,f9aca_00001,25,0.8607456140350878,least_confidence,2,89.963161135025
132,f9aca_00001,26,0.8656481481481482,least_confidence,2,89.963161135025
133,f9aca_00001,27,0.8449122807017543,least_confidence,2,89.963161135025
134,f9aca_00001,28,0.8252380952380952,least_confidence,2,89.963161135025
135,f9aca_00001,29,0.88099128540305,least_confidence,2,89.963161135025
136,f9aca_00001,30,0.8863463005339436,least_confidence,2,89.963161135025
137,f9aca_00001,31,0.8639291465378421,least_confidence,2,89.963161135025
138,f9aca_00001,32,0.8252380952380952,least_confidence,2,89.963161135025
139,f9aca_00001,33,0.9027777777777778,least_confidence,2,89.963161135025
140,f9aca_00001,34,0.8969404186795491,least_confidence,2,89.963161135025
141,f9aca_00001,35,0.8656481481481482,least_confidence,2,89.963161135025
142,f9aca_00001,36,0.8998148148148148,least_confidence,2,89.963161135025
143,f9aca_00001,37,0.8474945533769063,least_confidence,2,89.963161135025
144,f9aca_00001,38,0.8430026472831695,least_confidence,2,89.963161135025
145,f9aca_00001,39,0.8474945533769063,least_confidence,2,89.963161135025
146,f9aca_00001,40,0.8771032440436128,least_confidence,2,89.963161135025
147,f9aca_00001,41,0.8998148148148148,least_confidence,2,89.963161135025
148,f9aca_00001,42,0.88099128540305,least_confidence,2,89.963161135025
149,f9aca_00001,43,0.8703703703703703,least_confidence,2,89.963161135025
150,f9aca_00001,44,0.8607456140350878,least_confidence,2,89.963161135025
151,f9aca_00001,45,0.8474945533769063,least_confidence,2,89.963161135025
152,f9aca_00001,46,0.8639291465378421,least_confidence,2,89.963161135025
153,f9aca_00001,47,0.8474945533769063,least_confidence,2,89.963161135025
154,f9aca_00001,48,0.8474945533769063,least_confidence,2,89.963161135025
155,f9aca_00001,49,0.8857549857549857,least_confidence,2,89.963161135025
156,f9aca_00001,50,0.8474945533769063,least_confidence,2,89.963161135025
157,f9aca_00001,51,0.8474945533769063,least_confidence,2,89.963161135025
158,f9aca_00001,52,0.8474945533769063,least_confidence,2,89.963161135025
159,f9aca_00001,53,0.8656481481481482,least_confidence,2,89.963161135025
160,f9aca_00001,54,0.8474945533769063,least_confidence,2,89.963161135025
161,f9aca_00001,55,0.8055555555555555,least_confidence,2,89.963161135025
162,f9aca_00001,56,0.8231884057971014,least_confidence,2,89.963161135025
163,f9aca_00001,57,0.8474945533769063,least_confidence,2,89.963161135025
164,f9aca_00001,58,0.8474945533769063,least_confidence,2,89.963161135025
165,f9aca_00001,59,0.8998148148148148,least_confidence,2,89.963161135025
166,f9aca_00001,60,0.88100301258196,least_confidence,2,89.963161135025
167,f9aca_00001,61,0.8474945533769063,least_confidence,2,89.963161135025
168,f9aca_00001,62,0.88099128540305,least_confidence,2,89.963161135025
169,f9aca_00001,63,0.8474945533769063,least_confidence,2,89.963161135025
170,f9aca_00001,64,0.8231884057971014,least_confidence,2,89.963161135025
171,f9aca_00001,65,0.88099128540305,least_confidence,2,89.963161135025
172,f9aca_00001,66,0.8607456140350878,least_confidence,2,89.963161135025
173,f9aca_00001,67,0.8760249554367201,least_confidence,2,89.963161135025
174,f9aca_00001,68,0.8649122807017543,least_confidence,2,89.963161135025
175,f9aca_00001,69,0.8863463005339436,least_confidence,2,89.963161135025
176,f9aca_00001,70,0.8231884057971014,least_confidence,2,89.963161135025
177,f9aca_00001,71,0.8252380952380952,least_confidence,2,89.963161135025
178,f9aca_00001,72,0.8703703703703703,least_confidence,2,89.963161135025
179,f9aca_00001,73,0.8639291465378421,least_confidence,2,89.963161135025
180,f9aca_00001,74,0.8474945533769063,least_confidence,2,89.963161135025
181,f9aca_00001,75,0.9027777777777778,least_confidence,2,89.963161135025
182,f9aca_00001,76,0.8857549857549857,least_confidence,2,89.963161135025
183,f9aca_00001,77,0.8998148148148148,least_confidence,2,89.963161135025
184,f9aca_00001,78,0.8474945533769063,least_confidence,2,89.963161135025
185,f9aca_00001,79,0.8260233918128655,least_confidence,2,89.963161135025
186,f9aca_00001,80,0.8656481481481482,least_confidence,2,89.963161135025
187,f9aca_00001,81,0.8639291465378421,least_confidence,2,89.963161135025
188,f9aca_00001,82,0.8639291465378421,least_confidence,2,89.963161135025
189,f9aca_00001,83,0.8260233918128655,least_confidence,2,89.963161135025
190,f9aca_00001,84,0.8656481481481482,least_confidence,2,89.963161135025
191,f9aca_00001,85,0.8231884057971014,least_confidence,2,89.963161135025
192,f9aca_00001,86,0.8721340388007054,least_confidence,2,89.963161135025
193,f9aca_00001,87,0.86005291005291,least_confidence,2,89.963161135025
194,f9aca_00001,88,0.8252380952380952,least_confidence,2,89.963161135025
195,f9aca_00001,89,0.8969404186795491,least_confidence,2,89.963161135025
196,f9aca_00001,90,0.9112038408040561,least_confidence,2,89.963161135025
197,f9aca_00001,91,0.8656481481481482,least_confidence,2,89.963161135025
198,f9aca_00001,92,0.9027777777777778,least_confidence,2,89.963161135025
199,f9aca_00001,93,0.8639291465378421,least_confidence,2,89.963161135025
200,f9aca_00001,94,0.8788638262322473,least_confidence,2,89.963161135025
201,f9aca_00001,95,0.88099128540305,least_confidence,2,89.963161135025
202,f9aca_00001,96,0.914488017429194,least_confidence,2,89.963161135025
203,f9aca_00001,97,0.8416666666666667,least_confidence,2,89.963161135025
204,f9aca_00001,98,0.8430026472831695,least_confidence,2,89.963161135025
205,f9aca_00001,99,0.8474945533769063,least_confidence,2,89.963161135025
206,f9aca_00001,100,0.88099128540305,least_confidence,2,89.963161135025
207,f9aca_00001,101,0.88099128540305,least_confidence,2,89.963161135025
208,f9aca_00001,102,0.88046783625731,least_confidence,2,89.963161135025
209,f9aca_00001,103,0.8507122507122507,least_confidence,2,89.963161135025
210,f9aca_00001,104,0.9314814814814815,least_confidence,2,89.963161135025
211,f9aca_00001,105,0.8231884057971014,least_confidence,2,89.963161135025
212,f9aca_00002,0,0.9114331723027376,least_confidence,3,92.59175518372685
213,f9aca_00002,1,0.8743961352657005,least_confidence,3,92.59175518372685
214,f9aca_00002,2,0.8554314174182259,least_confidence,3,92.59175518372685
215,f9aca_00002,3,0.9114331723027376,least_confidence,3,92.59175518372685
216,f9aca_00002,4,0.8977879481311976,least_confidence,3,92.59175518372685
217,f9aca_00002,5,0.8848484848484848,least_confidence,3,92.59175518372685
218,f9aca_00002,6,0.8895320141786692,least_confidence,3,92.59175518372685
219,f9aca_00002,7,0.8895320141786692,least_confidence,3,92.59175518372685
220,f9aca_00002,8,0.8743961352657005,least_confidence,3,92.59175518372685
221,f9aca_00002,9,0.8870945479641131,least_confidence,3,92.59175518372685
222,f9aca_00002,10,0.8686241294936948,least_confidence,3,92.59175518372685
223,f9aca_00002,11,0.8122843340234644,least_confidence,3,92.59175518372685
224,f9aca_00002,12,0.8313405797101449,least_confidence,3,92.59175518372685
225,f9aca_00002,13,0.8489993098688751,least_confidence,3,92.59175518372685
226,f9aca_00002,14,0.868840579710145,least_confidence,3,92.59175518372685
227,f9aca_00002,15,0.8131313131313131,least_confidence,3,92.59175518372685
228,f9aca_00002,16,0.8697691197691197,least_confidence,3,92.59175518372685
229,f9aca_00002,17,0.8296630905326557,least_confidence,3,92.59175518372685
230,f9aca_00002,18,0.8498445998445998,least_confidence,3,92.59175518372685
231,f9aca_00002,19,0.8506131549609811,least_confidence,3,92.59175518372685
232,f9aca_00002,20,0.8131313131313131,least_confidence,3,92.59175518372685
233,f9aca_00002,21,0.8505050505050505,least_confidence,3,92.59175518372685
234,f9aca_00002,22,0.8489993098688751,least_confidence,3,92.59175518372685
235,f9aca_00002,23,0.8870945479641131,least_confidence,3,92.59175518372685
236,f9aca_00002,24,0.810479375696767,least_confidence,3,92.59175518372685
237,f9aca_00002,25,0.8506131549609811,least_confidence,3,92.59175518372685
238,f9aca_00002,26,0.810479375696767,least_confidence,3,92.59175518372685
239,f9aca_00002,27,0.8316393751176361,least_confidence,3,92.59175518372685
240,f9aca_00002,28,0.8296630905326557,least_confidence,3,92.59175518372685
241,f9aca_00002,29,0.7913608130999435,least_confidence,3,92.59175518372685
242,f9aca_00002,30,0.8316393751176361,least_confidence,3,92.59175518372685
243,f9aca_00002,31,0.8321256038647343,least_confidence,3,92.59175518372685
244,f9aca_00002,32,0.8330627705627706,least_confidence,3,92.59175518372685
245,f9aca_00002,33,0.8330627705627706,least_confidence,3,92.59175518372685
246,f9aca_00002,34,0.8505050505050505,least_confidence,3,92.59175518372685
247,f9aca_00002,35,0.868840579710145,least_confidence,3,92.59175518372685
248,f9aca_00002,36,0.8505050505050505,least_confidence,3,92.59175518372685
249,f9aca_00002,37,0.890746934225195,least_confidence,3,92.59175518372685
250,f9aca_00002,38,0.8686241294936948,least_confidence,3,92.59175518372685
251,f9aca_00002,39,0.8895320141786692,least_confidence,3,92.59175518372685
252,f9aca_00002,40,0.868840579710145,least_confidence,3,92.59175518372685
253,f9aca_00002,41,0.9063405797101449,least_confidence,3,92.59175518372685
254,f9aca_00002,42,0.9063405797101449,least_confidence,3,92.59175518372685
255,f9aca_00002,43,0.9251897860593513,least_confidence,3,92.59175518372685
256,f9aca_00002,44,0.9063405797101449,least_confidence,3,92.59175518372685
257,f9aca_00002,45,0.8870945479641131,least_confidence,3,92.59175518372685
258,f9aca_00002,46,0.8897504456327985,least_confidence,3,92.59175518372685
259,f9aca_00002,47,0.9063405797101449,least_confidence,3,92.59175518372685
260,f9aca_00002,48,0.8870945479641131,least_confidence,3,92.59175518372685
261,f9aca_00002,49,0.9064754689754689,least_confidence,3,92.59175518372685
262,f9aca_00002,50,0.9063405797101449,least_confidence,3,92.59175518372685
263,f9aca_00002,51,0.9063405797101449,least_confidence,3,92.59175518372685
264,f9aca_00002,52,0.9063405797101449,least_confidence,3,92.59175518372685
265,f9aca_00002,53,0.9251897860593513,least_confidence,3,92.59175518372685
266,f9aca_00002,54,0.888888888888889,least_confidence,3,92.59175518372685
267,f9aca_00002,55,0.8895320141786692,least_confidence,3,92.59175518372685
268,f9aca_00002,56,0.9087301587301587,least_confidence,3,92.59175518372685
269,f9aca_00002,57,0.8697691197691197,least_confidence,3,92.59175518372685
270,f9aca_00002,58,0.9082439299830605,least_confidence,3,92.59175518372685
271,f9aca_00002,59,0.9251897860593513,least_confidence,3,92.59175518372685
272,f9aca_00002,60,0.890746934225195,least_confidence,3,92.59175518372685
273,f9aca_00002,61,0.8906371406371406,least_confidence,3,92.59175518372685
274,f9aca_00002,62,0.8870945479641131,least_confidence,3,92.59175518372685
275,f9aca_00002,63,0.9465462074157727,least_confidence,3,92.59175518372685
276,f9aca_00002,64,0.9087301587301587,least_confidence,3,92.59175518372685
277,f9aca_00002,65,0.8513308913308913,least_confidence,3,92.59175518372685
278,f9aca_00002,66,0.871031746031746,least_confidence,3,92.59175518372685
279,f9aca_00002,67,0.888888888888889,least_confidence,3,92.59175518372685
280,f9aca_00002,68,0.8686241294936948,least_confidence,3,92.59175518372685
281,f9aca_00002,69,0.9308807134894092,least_confidence,3,92.59175518372685
282,f9aca_00002,70,0.888888888888889,least_confidence,3,92.59175518372685
283,f9aca_00002,71,0.8303218520609824,least_confidence,3,92.59175518372685
284,f9aca_00002,72,0.8505050505050505,least_confidence,3,92.59175518372685
285,f9aca_00002,73,0.9154589371980676,least_confidence,3,92.59175518372685
286,f9aca_00002,74,0.9063405797101449,least_confidence,3,92.59175518372685
287,f9aca_00002,75,0.9314296814296815,least_confidence,3,92.59175518372685
288,f9aca_00002,76,0.8906371406371406,least_confidence,3,92.59175518372685
289,f9aca_00002,77,0.8731884057971014,least_confidence,3,92.59175518372685
290,f9aca_00002,78,0.9063405797101449,least_confidence,3,92.59175518372685
291,f9aca_00002,79,0.8731884057971014,least_confidence,3,92.59175518372685
292,f9aca_00002,80,0.9064754689754689,least_confidence,3,92.59175518372685
293,f9aca_00002,81,0.888888888888889,least_confidence,3,92.59175518372685
294,f9aca_00002,82,0.890746934225195,least_confidence,3,92.59175518372685
295,f9aca_00002,83,0.890746934225195,least_confidence,3,92.59175518372685
296,f9aca_00002,84,0.8870945479641131,least_confidence,3,92.59175518372685
297,f9aca_00002,85,0.9087301587301587,least_confidence,3,92.59175518372685
298,f9aca_00002,86,0.9087301587301587,least_confidence,3,92.59175518372685
299,f9aca_00002,87,0.9251897860593513,least_confidence,3,92.59175518372685
300,f9aca_00002,88,0.9266837169650469,least_confidence,3,92.59175518372685
301,f9aca_00002,89,0.85,least_confidence,3,92.59175518372685
302,f9aca_00002,90,0.9251897860593513,least_confidence,3,92.59175518372685
303,f9aca_00002,91,0.9251897860593513,least_confidence,3,92.59175518372685
304,f9aca_00002,92,0.9251897860593513,least_confidence,3,92.59175518372685
305,f9aca_00002,93,0.8906371406371406,least_confidence,3,92.59175518372685
306,f9aca_00002,94,0.9087301587301587,least_confidence,3,92.59175518372685
307,f9aca_00002,95,0.9251897860593513,least_confidence,3,92.59175518372685
308,f9aca_00002,96,0.8498445998445998,least_confidence,3,92.59175518372685
309,f9aca_00002,97,0.917070707070707,least_confidence,3,92.59175518372685
310,f9aca_00002,98,0.9063405797101449,least_confidence,3,92.59175518372685
311,f9aca_00002,99,0.888888888888889,least_confidence,3,92.59175518372685
312,f9aca_00002,100,0.9308807134894092,least_confidence,3,92.59175518372685
313,f9aca_00002,101,0.8870945479641131,least_confidence,3,92.59175518372685
314,f9aca_00002,102,0.8870945479641131,least_confidence,3,92.59175518372685
315,f9aca_00002,103,0.9087301587301587,least_confidence,3,92.59175518372685
316,f9aca_00002,104,0.9087301587301587,least_confidence,3,92.59175518372685
317,f9aca_00002,105,0.9251897860593513,least_confidence,3,92.59175518372685
318,f9aca_00003,0,0.857495400906358,least_confidence,4,93.19863537973703
319,f9aca_00003,1,0.8044662309368191,least_confidence,4,93.19863537973703
320,f9aca_00003,2,0.8692810457516339,least_confidence,4,93.19863537973703
321,f9aca_00003,3,0.8258467023172905,least_confidence,4,93.19863537973703
322,f9aca_00003,4,0.8619607843137255,least_confidence,4,93.19863537973703
323,f9aca_00003,5,0.8619607843137255,least_confidence,4,93.19863537973703
324,f9aca_00003,6,0.831650738098443,least_confidence,4,93.19863537973703
325,f9aca_00003,7,0.8461328976034858,least_confidence,4,93.19863537973703
326,f9aca_00003,8,0.8500891265597148,least_confidence,4,93.19863537973703
327,f9aca_00003,9,0.8500891265597148,least_confidence,4,93.19863537973703
328,f9aca_00003,10,0.8636873513707543,least_confidence,4,93.19863537973703
329,f9aca_00003,11,0.8461328976034858,least_confidence,4,93.19863537973703
330,f9aca_00003,12,0.8500891265597148,least_confidence,4,93.19863537973703
331,f9aca_00003,13,0.8619607843137255,least_confidence,4,93.19863537973703
332,f9aca_00003,14,0.8297748729121278,least_confidence,4,93.19863537973703
333,f9aca_00003,15,0.8290196078431372,least_confidence,4,93.19863537973703
334,f9aca_00003,16,0.8461328976034858,least_confidence,4,93.19863537973703
335,f9aca_00003,17,0.8461328976034858,least_confidence,4,93.19863537973703
336,f9aca_00003,18,0.8702865761689291,least_confidence,4,93.19863537973703
337,f9aca_00003,19,0.8378582202111614,least_confidence,4,93.19863537973703
338,f9aca_00003,20,0.8876811594202899,least_confidence,4,93.19863537973703
339,f9aca_00003,21,0.9054834054834054,least_confidence,4,93.19863537973703
340,f9aca_00003,22,0.8876811594202899,least_confidence,4,93.19863537973703
341,f9aca_00003,23,0.902046783625731,least_confidence,4,93.19863537973703
342,f9aca_00003,24,0.902046783625731,least_confidence,4,93.19863537973703
343,f9aca_00003,25,0.8636695906432749,least_confidence,4,93.19863537973703
344,f9aca_00003,26,0.8876811594202899,least_confidence,4,93.19863537973703
345,f9aca_00003,27,0.9177777777777778,least_confidence,4,93.19863537973703
346,f9aca_00003,28,0.8636873513707543,least_confidence,4,93.19863537973703
347,f9aca_00003,29,0.902046783625731,least_confidence,4,93.19863537973703
348,f9aca_00003,30,0.8636363636363636,least_confidence,4,93.19863537973703
349,f9aca_00003,31,0.902046783625731,least_confidence,4,93.19863537973703
350,f9aca_00003,32,0.902046783625731,least_confidence,4,93.19863537973703
351,f9aca_00003,33,0.902046783625731,least_confidence,4,93.19863537973703
352,f9aca_00003,34,0.9177777777777778,least_confidence,4,93.19863537973703
353,f9aca_00003,35,0.902046783625731,least_confidence,4,93.19863537973703
354,f9aca_00003,36,0.8876811594202899,least_confidence,4,93.19863537973703
355,f9aca_00003,37,0.8859259259259259,least_confidence,4,93.19863537973703
356,f9aca_00003,38,0.9177777777777778,least_confidence,4,93.19863537973703
357,f9aca_00003,39,0.9177777777777778,least_confidence,4,93.19863537973703
358,f9aca_00003,40,0.8859259259259259,least_confidence,4,93.19863537973703
359,f9aca_00003,41,0.902046783625731,least_confidence,4,93.19863537973703
360,f9aca_00003,42,0.8876811594202899,least_confidence,4,93.19863537973703
361,f9aca_00003,43,0.8859259259259259,least_confidence,4,93.19863537973703
362,f9aca_00003,44,0.902046783625731,least_confidence,4,93.19863537973703
363,f9aca_00003,45,0.902046783625731,least_confidence,4,93.19863537973703
364,f9aca_00003,46,0.902046783625731,least_confidence,4,93.19863537973703
365,f9aca_00003,47,0.902046783625731,least_confidence,4,93.19863537973703
366,f9aca_00003,48,0.8876811594202899,least_confidence,4,93.19863537973703
367,f9aca_00003,49,0.8744588744588745,least_confidence,4,93.19863537973703
368,f9aca_00003,50,0.8859259259259259,least_confidence,4,93.19863537973703
369,f9aca_00003,51,0.9177777777777778,least_confidence,4,93.19863537973703
370,f9aca_00003,52,0.902046783625731,least_confidence,4,93.19863537973703
371,f9aca_00003,53,0.9365079365079364,least_confidence,4,93.19863537973703
372,f9aca_00003,54,0.902046783625731,least_confidence,4,93.19863537973703
373,f9aca_00003,55,0.9027149321266968,least_confidence,4,93.19863537973703
374,f9aca_00003,56,0.8744588744588745,least_confidence,4,93.19863537973703
375,f9aca_00003,57,0.8876811594202899,least_confidence,4,93.19863537973703
376,f9aca_00003,58,0.9177777777777778,least_confidence,4,93.19863537973703
377,f9aca_00003,59,0.902046783625731,least_confidence,4,93.19863537973703
378,f9aca_00003,60,0.902046783625731,least_confidence,4,93.19863537973703
379,f9aca_00003,61,0.9027149321266968,least_confidence,4,93.19863537973703
380,f9aca_00003,62,0.8706140350877193,least_confidence,4,93.19863537973703
381,f9aca_00003,63,0.902046783625731,least_confidence,4,93.19863537973703
382,f9aca_00003,64,0.9177777777777778,least_confidence,4,93.19863537973703
383,f9aca_00003,65,0.9334795321637427,least_confidence,4,93.19863537973703
384,f9aca_00003,66,0.8876811594202899,least_confidence,4,93.19863537973703
385,f9aca_00003,67,0.8859259259259259,least_confidence,4,93.19863537973703
386,f9aca_00003,68,0.8565217391304348,least_confidence,4,93.19863537973703
387,f9aca_00003,69,0.902046783625731,least_confidence,4,93.19863537973703
388,f9aca_00003,70,0.9177777777777778,least_confidence,4,93.19863537973703
389,f9aca_00003,71,0.902046783625731,least_confidence,4,93.19863537973703
390,f9aca_00003,72,0.9177777777777778,least_confidence,4,93.19863537973703
391,f9aca_00003,73,0.8706140350877193,least_confidence,4,93.19863537973703
392,f9aca_00003,74,0.8859259259259259,least_confidence,4,93.19863537973703
393,f9aca_00003,75,0.902046783625731,least_confidence,4,93.19863537973703
394,f9aca_00003,76,0.902046783625731,least_confidence,4,93.19863537973703
395,f9aca_00003,77,0.8876811594202899,least_confidence,4,93.19863537973703
396,f9aca_00003,78,0.902046783625731,least_confidence,4,93.19863537973703
397,f9aca_00003,79,0.9027149321266968,least_confidence,4,93.19863537973703
398,f9aca_00003,80,0.8706140350877193,least_confidence,4,93.19863537973703
399,f9aca_00003,81,0.8876811594202899,least_confidence,4,93.19863537973703
400,f9aca_00003,82,0.8876811594202899,least_confidence,4,93.19863537973703
401,f9aca_00003,83,0.8859259259259259,least_confidence,4,93.19863537973703
402,f9aca_00003,84,0.8876811594202899,least_confidence,4,93.19863537973703
403,f9aca_00003,85,0.9177777777777778,least_confidence,4,93.19863537973703
404,f9aca_00003,86,0.902046783625731,least_confidence,4,93.19863537973703
405,f9aca_00003,87,0.8859259259259259,least_confidence,4,93.19863537973703
406,f9aca_00003,88,0.9334795321637427,least_confidence,4,93.19863537973703
407,f9aca_00003,89,0.918840579710145,least_confidence,4,93.19863537973703
408,f9aca_00003,90,0.902046783625731,least_confidence,4,93.19863537973703
409,f9aca_00003,91,0.8876811594202899,least_confidence,4,93.19863537973703
410,f9aca_00003,92,0.902046783625731,least_confidence,4,93.19863537973703
411,f9aca_00003,93,0.902046783625731,least_confidence,4,93.19863537973703
412,f9aca_00003,94,0.8706140350877193,least_confidence,4,93.19863537973703
413,f9aca_00003,95,0.918840579710145,least_confidence,4,93.19863537973703
414,f9aca_00003,96,0.9054834054834054,least_confidence,4,93.19863537973703
415,f9aca_00003,97,0.8744588744588745,least_confidence,4,93.19863537973703
416,f9aca_00003,98,0.8876811594202899,least_confidence,4,93.19863537973703
417,f9aca_00003,99,0.8859259259259259,least_confidence,4,93.19863537973703
418,f9aca_00003,100,0.918840579710145,least_confidence,4,93.19863537973703
419,f9aca_00003,101,0.8876811594202899,least_confidence,4,93.19863537973703
420,f9aca_00003,102,0.902046783625731,least_confidence,4,93.19863537973703
421,f9aca_00003,103,0.8706140350877193,least_confidence,4,93.19863537973703
422,f9aca_00003,104,0.918840579710145,least_confidence,4,93.19863537973703
423,f9aca_00003,105,0.8876811594202899,least_confidence,4,93.19863537973703
424,f9aca_00004,0,0.8170940170940172,least_confidence,5,96.260389371982
425,f9aca_00004,1,0.8844797178130511,least_confidence,5,96.260389371982
426,f9aca_00004,2,0.8527777777777779,least_confidence,5,96.260389371982
427,f9aca_00004,3,0.920185078079815,least_confidence,5,96.260389371982
428,f9aca_00004,4,0.859071484071484,least_confidence,5,96.260389371982
429,f9aca_00004,5,0.8835550414497783,least_confidence,5,96.260389371982
430,f9aca_00004,6,0.8641025641025641,least_confidence,5,96.260389371982
431,f9aca_00004,7,0.8396296296296296,least_confidence,5,96.260389371982
432,f9aca_00004,8,0.8422016579911317,least_confidence,5,96.260389371982
433,f9aca_00004,9,0.8895061728395062,least_confidence,5,96.260389371982
434,f9aca_00004,10,0.9051627384960718,least_confidence,5,96.260389371982
435,f9aca_00004,11,0.8421516754850088,least_confidence,5,96.260389371982
436,f9aca_00004,12,0.9074323986604688,least_confidence,5,96.260389371982
437,f9aca_00004,13,0.9628482972136223,least_confidence,5,96.260389371982
438,f9aca_00004,14,0.9545454545454546,least_confidence,5,96.260389371982
439,f9aca_00004,15,0.7895061728395061,least_confidence,5,96.260389371982
440,f9aca_00004,16,0.9278787878787879,least_confidence,5,96.260389371982
441,f9aca_00004,17,0.9160839160839161,least_confidence,5,96.260389371982
442,f9aca_00004,18,0.8861416361416361,least_confidence,5,96.260389371982
443,f9aca_00004,19,0.9682539682539683,least_confidence,5,96.260389371982
444,f9aca_00004,20,0.8450617283950618,least_confidence,5,96.260389371982
445,f9aca_00004,21,0.9051627384960718,least_confidence,5,96.260389371982
446,f9aca_00004,22,0.9297924297924297,least_confidence,5,96.260389371982
447,f9aca_00004,23,0.9281400966183576,least_confidence,5,96.260389371982
448,f9aca_00004,24,0.9051627384960718,least_confidence,5,96.260389371982
449,f9aca_00004,25,0.9051627384960718,least_confidence,5,96.260389371982
450,f9aca_00004,26,0.9545454545454546,least_confidence,5,96.260389371982
451,f9aca_00004,27,0.9682539682539683,least_confidence,5,96.260389371982
452,f9aca_00004,28,0.9160839160839161,least_confidence,5,96.260389371982
453,f9aca_00004,29,0.9301587301587301,least_confidence,5,96.260389371982
454,f9aca_00004,30,0.9278787878787879,least_confidence,5,96.260389371982
455,f9aca_00004,31,0.9545454545454546,least_confidence,5,96.260389371982
456,f9aca_00004,32,0.9545454545454546,least_confidence,5,96.260389371982
457,f9aca_00004,33,0.9278787878787879,least_confidence,5,96.260389371982
458,f9aca_00004,34,0.9051627384960718,least_confidence,5,96.260389371982
459,f9aca_00004,35,0.9278787878787879,least_confidence,5,96.260389371982
460,f9aca_00004,36,0.9160839160839161,least_confidence,5,96.260389371982
461,f9aca_00004,37,0.9153623188405797,least_confidence,5,96.260389371982
462,f9aca_00004,38,0.9188712522045855,least_confidence,5,96.260389371982
463,f9aca_00004,39,0.9051627384960718,least_confidence,5,96.260389371982
464,f9aca_00004,40,0.8926462694578636,least_confidence,5,96.260389371982
465,f9aca_00004,41,0.9051627384960718,least_confidence,5,96.260389371982
466,f9aca_00004,42,0.9278787878787879,least_confidence,5,96.260389371982
467,f9aca_00004,43,0.9051627384960718,least_confidence,5,96.260389371982
468,f9aca_00004,44,0.9051627384960718,least_confidence,5,96.260389371982
469,f9aca_00004,45,0.9545454545454546,least_confidence,5,96.260389371982
470,f9aca_00004,46,0.9278787878787879,least_confidence,5,96.260389371982
471,f9aca_00004,47,0.9406565656565657,least_confidence,5,96.260389371982
472,f9aca_00004,48,0.9035674470457079,least_confidence,5,96.260389371982
473,f9aca_00004,49,0.9160839160839161,least_confidence,5,96.260389371982
474,f9aca_00004,50,0.9415873015873015,least_confidence,5,96.260389371982
475,f9aca_00004,51,0.9051627384960718,least_confidence,5,96.260389371982
476,f9aca_00004,52,0.9051627384960718,least_confidence,5,96.260389371982
477,f9aca_00004,53,0.9153623188405797,least_confidence,5,96.260389371982
478,f9aca_00004,54,0.9406565656565657,least_confidence,5,96.260389371982
479,f9aca_00004,55,0.9051627384960718,least_confidence,5,96.260389371982
480,f9aca_00004,56,0.9051627384960718,least_confidence,5,96.260389371982
481,f9aca_00004,57,0.8729603729603729,least_confidence,5,96.260389371982
482,f9aca_00004,58,0.9051627384960718,least_confidence,5,96.260389371982
483,f9aca_00004,59,0.9281400966183576,least_confidence,5,96.260389371982
484,f9aca_00004,60,0.8926462694578636,least_confidence,5,96.260389371982
485,f9aca_00004,61,0.9051627384960718,least_confidence,5,96.260389371982
486,f9aca_00004,62,0.9415873015873015,least_confidence,5,96.260389371982
487,f9aca_00004,63,0.9406565656565657,least_confidence,5,96.260389371982
488,f9aca_00004,64,0.9160839160839161,least_confidence,5,96.260389371982
489,f9aca_00004,65,0.9281400966183576,least_confidence,5,96.260389371982
490,f9aca_00004,66,0.9281400966183576,least_confidence,5,96.260389371982
491,f9aca_00004,67,0.9406565656565657,least_confidence,5,96.260389371982
492,f9aca_00004,68,0.9406565656565657,least_confidence,5,96.260389371982
493,f9aca_00004,69,0.8926462694578636,least_confidence,5,96.260389371982
494,f9aca_00004,70,0.9281400966183576,least_confidence,5,96.260389371982
495,f9aca_00004,71,0.9160839160839161,least_confidence,5,96.260389371982
496,f9aca_00004,72,0.9051627384960718,least_confidence,5,96.260389371982
497,f9aca_00004,73,0.9543650793650794,least_confidence,5,96.260389371982
498,f9aca_00004,74,0.9406565656565657,least_confidence,5,96.260389371982
499,f9aca_00004,75,0.9278787878787879,least_confidence,5,96.260389371982
500,f9aca_00004,76,0.8574136008918618,least_confidence,5,96.260389371982
501,f9aca_00004,77,0.9278787878787879,least_confidence,5,96.260389371982
502,f9aca_00004,78,0.9278787878787879,least_confidence,5,96.260389371982
503,f9aca_00004,79,0.9278787878787879,least_confidence,5,96.260389371982
504,f9aca_00004,80,0.9011266511266512,least_confidence,5,96.260389371982
505,f9aca_00004,81,0.9333333333333332,least_confidence,5,96.260389371982
506,f9aca_00004,82,0.9406565656565657,least_confidence,5,96.260389371982
507,f9aca_00004,83,0.9162431771127424,least_confidence,5,96.260389371982
508,f9aca_00004,84,0.9278787878787879,least_confidence,5,96.260389371982
509,f9aca_00004,85,0.9833333333333334,least_confidence,5,96.260389371982
510,f9aca_00004,86,0.9406565656565657,least_confidence,5,96.260389371982
511,f9aca_00004,87,0.9545454545454546,least_confidence,5,96.260389371982
512,f9aca_00004,88,0.9415873015873015,least_confidence,5,96.260389371982
513,f9aca_00004,89,0.9278787878787879,least_confidence,5,96.260389371982
514,f9aca_00004,90,0.9278787878787879,least_confidence,5,96.260389371982
515,f9aca_00004,91,0.9278787878787879,least_confidence,5,96.260389371982
516,f9aca_00004,92,0.9011266511266512,least_confidence,5,96.260389371982
517,f9aca_00004,93,0.9406565656565657,least_confidence,5,96.260389371982
518,f9aca_00004,94,0.9406565656565657,least_confidence,5,96.260389371982
519,f9aca_00004,95,0.9545454545454546,least_confidence,5,96.260389371982
520,f9aca_00004,96,0.9406565656565657,least_confidence,5,96.260389371982
521,f9aca_00004,97,0.9406565656565657,least_confidence,5,96.260389371982
522,f9aca_00004,98,0.8864734299516908,least_confidence,5,96.260389371982
523,f9aca_00004,99,0.9406565656565657,least_confidence,5,96.260389371982
524,f9aca_00004,100,0.9543650793650794,least_confidence,5,96.260389371982
525,f9aca_00004,101,0.9011266511266512,least_confidence,5,96.260389371982
526,f9aca_00004,102,0.9301587301587301,least_confidence,5,96.260389371982
527,f9aca_00004,103,0.9000732600732602,least_confidence,5,96.260389371982
528,f9aca_00004,104,0.9543650793650794,least_confidence,5,96.260389371982
529,f9aca_00004,105,0.9278787878787879,least_confidence,5,96.260389371982
530,f9aca_00005,0,0.8059259259259259,entropy,1,91.68006926142168
531,f9aca_00005,1,0.8715789473684211,entropy,1,91.68006926142168
532,f9aca_00005,2,0.7955840455840456,entropy,1,91.68006926142168
533,f9aca_00005,3,0.8247554914221581,entropy,1,91.68006926142168
534,f9aca_00005,4,0.8605072463768116,entropy,1,91.68006926142168
535,f9aca_00005,5,0.8715789473684211,entropy,1,91.68006926142168
536,f9aca_00005,6,0.8359456635318705,entropy,1,91.68006926142168
537,f9aca_00005,7,0.8193473193473193,entropy,1,91.68006926142168
538,f9aca_00005,8,0.8572222222222222,entropy,1,91.68006926142168
539,f9aca_00005,9,0.8850592885375494,entropy,1,91.68006926142168
540,f9aca_00005,10,0.8721509971509972,entropy,1,91.68006926142168
541,f9aca_00005,11,0.8265191598524932,entropy,1,91.68006926142168
542,f9aca_00005,12,0.8850592885375494,entropy,1,91.68006926142168
543,f9aca_00005,13,0.8580246913580246,entropy,1,91.68006926142168
544,f9aca_00005,14,0.8560606060606061,entropy,1,91.68006926142168
545,f9aca_00005,15,0.9163636363636364,entropy,1,91.68006926142168
546,f9aca_00005,16,0.8624708624708625,entropy,1,91.68006926142168
547,f9aca_00005,17,0.8208080808080808,entropy,1,91.68006926142168
548,f9aca_00005,18,0.8243114909781576,entropy,1,91.68006926142168
549,f9aca_00005,19,0.8578347578347577,entropy,1,91.68006926142168
550,f9aca_00005,20,0.8744322344322345,entropy,1,91.68006926142168
551,f9aca_00005,21,0.9128853754940711,entropy,1,91.68006926142168
552,f9aca_00005,22,0.8571717171717173,entropy,1,91.68006926142168
553,f9aca_00005,23,0.8322890559732664,entropy,1,91.68006926142168
554,f9aca_00005,24,0.8725845410628019,entropy,1,91.68006926142168
555,f9aca_00005,25,0.8142424242424243,entropy,1,91.68006926142168
556,f9aca_00005,26,0.9067460317460317,entropy,1,91.68006926142168
557,f9aca_00005,27,0.8485819735819736,entropy,1,91.68006926142168
558,f9aca_00005,28,0.8578347578347577,entropy,1,91.68006926142168
559,f9aca_00005,29,0.8560606060606061,entropy,1,91.68006926142168
560,f9aca_00005,30,0.8485819735819736,entropy,1,91.68006926142168
561,f9aca_00005,31,0.8424908424908425,entropy,1,91.68006926142168
562,f9aca_00005,32,0.8726952060285393,entropy,1,91.68006926142168
563,f9aca_00005,33,0.8322890559732664,entropy,1,91.68006926142168
564,f9aca_00005,34,0.8602564102564103,entropy,1,91.68006926142168
565,f9aca_00005,35,0.8725845410628019,entropy,1,91.68006926142168
566,f9aca_00005,36,0.8485819735819736,entropy,1,91.68006926142168
567,f9aca_00005,37,0.8560606060606061,entropy,1,91.68006926142168
568,f9aca_00005,38,0.8861111111111111,entropy,1,91.68006926142168
569,f9aca_00005,39,0.7927777777777777,entropy,1,91.68006926142168
570,f9aca_00005,40,0.8721509971509972,entropy,1,91.68006926142168
571,f9aca_00005,41,0.8394444444444445,entropy,1,91.68006926142168
572,f9aca_00005,42,0.8059259259259259,entropy,1,91.68006926142168
573,f9aca_00005,43,0.8394444444444445,entropy,1,91.68006926142168
574,f9aca_00005,44,0.8394444444444445,entropy,1,91.68006926142168
575,f9aca_00005,45,0.8233333333333333,entropy,1,91.68006926142168
576,f9aca_00005,46,0.8224080267558529,entropy,1,91.68006926142168
577,f9aca_00005,47,0.8861111111111111,entropy,1,91.68006926142168
578,f9aca_00005,48,0.8547562582345192,entropy,1,91.68006926142168
579,f9aca_00005,49,0.8222934472934473,entropy,1,91.68006926142168
580,f9aca_00005,50,0.8222934472934473,entropy,1,91.68006926142168
581,f9aca_00005,51,0.8560606060606061,entropy,1,91.68006926142168
582,f9aca_00005,52,0.8192592592592592,entropy,1,91.68006926142168
583,f9aca_00005,53,0.8560606060606061,entropy,1,91.68006926142168
584,f9aca_00005,54,0.8402635046113307,entropy,1,91.68006926142168
585,f9aca_00005,55,0.9002525252525252,entropy,1,91.68006926142168
586,f9aca_00005,56,0.8725845410628019,entropy,1,91.68006926142168
587,f9aca_00005,57,0.8251748251748251,entropy,1,91.68006926142168
588,f9aca_00005,58,0.9002525252525252,entropy,1,91.68006926142168
589,f9aca_00005,59,0.9327777777777778,entropy,1,91.68006926142168
590,f9aca_00005,60,0.922008547008547,entropy,1,91.68006926142168
591,f9aca_00005,61,0.8861111111111111,entropy,1,91.68006926142168
592,f9aca_00005,62,0.8721509971509972,entropy,1,91.68006926142168
593,f9aca_00005,63,0.8721509971509972,entropy,1,91.68006926142168
594,f9aca_00005,64,0.9002525252525252,entropy,1,91.68006926142168
595,f9aca_00005,65,0.9002525252525252,entropy,1,91.68006926142168
596,f9aca_00005,66,0.9444444444444445,entropy,1,91.68006926142168
597,f9aca_00005,67,0.9027777777777778,entropy,1,91.68006926142168
598,f9aca_00005,68,0.9002525252525252,entropy,1,91.68006926142168
599,f9aca_00005,69,0.8560606060606061,entropy,1,91.68006926142168
600,f9aca_00005,70,0.9298550724637682,entropy,1,91.68006926142168
601,f9aca_00005,71,0.9148550724637681,entropy,1,91.68006926142168
602,f9aca_00005,72,0.8721509971509972,entropy,1,91.68006926142168
603,f9aca_00005,73,0.8861111111111111,entropy,1,91.68006926142168
604,f9aca_00005,74,0.922008547008547,entropy,1,91.68006926142168
605,f9aca_00005,75,0.922008547008547,entropy,1,91.68006926142168
606,f9aca_00005,76,0.9002525252525252,entropy,1,91.68006926142168
607,f9aca_00005,77,0.8580246913580246,entropy,1,91.68006926142168
608,f9aca_00005,78,0.9148550724637681,entropy,1,91.68006926142168
609,f9aca_00005,79,0.8725845410628019,entropy,1,91.68006926142168
610,f9aca_00005,80,0.922008547008547,entropy,1,91.68006926142168
611,f9aca_00005,81,0.9444444444444445,entropy,1,91.68006926142168
612,f9aca_00005,82,0.8861111111111111,entropy,1,91.68006926142168
613,f9aca_00005,83,0.9002525252525252,entropy,1,91.68006926142168
614,f9aca_00005,84,0.9027777777777778,entropy,1,91.68006926142168
615,f9aca_00005,85,0.922008547008547,entropy,1,91.68006926142168
616,f9aca_00005,86,0.9120370370370371,entropy,1,91.68006926142168
617,f9aca_00005,87,0.8721509971509972,entropy,1,91.68006926142168
618,f9aca_00005,88,0.922008547008547,entropy,1,91.68006926142168
619,f9aca_00005,89,0.8861111111111111,entropy,1,91.68006926142168
620,f9aca_00005,90,0.9120370370370371,entropy,1,91.68006926142168
621,f9aca_00005,91,0.8721509971509972,entropy,1,91.68006926142168
622,f9aca_00005,92,0.922008547008547,entropy,1,91.68006926142168
623,f9aca_00005,93,0.8721509971509972,entropy,1,91.68006926142168
624,f9aca_00005,94,0.9120370370370371,entropy,1,91.68006926142168
625,f9aca_00005,95,0.8721509971509972,entropy,1,91.68006926142168
626,f9aca_00005,96,0.8861111111111111,entropy,1,91.68006926142168
627,f9aca_00005,97,0.8721509971509972,entropy,1,91.68006926142168
628,f9aca_00005,98,0.9120370370370371,entropy,1,91.68006926142168
629,f9aca_00005,99,0.9120370370370371,entropy,1,91.68006926142168
630,f9aca_00005,100,0.9120370370370371,entropy,1,91.68006926142168
631,f9aca_00005,101,0.8560606060606061,entropy,1,91.68006926142168
632,f9aca_00005,102,0.922008547008547,entropy,1,91.68006926142168
633,f9aca_00005,103,0.8861111111111111,entropy,1,91.68006926142168
634,f9aca_00005,104,0.9027777777777778,entropy,1,91.68006926142168
635,f9aca_00005,105,0.9148550724637681,entropy,1,91.68006926142168
636,f9aca_00006,0,0.7837301587301587,entropy,2,87.81404832687858
637,f9aca_00006,1,0.7481884057971014,entropy,2,87.81404832687858
638,f9aca_00006,2,0.7661227661227662,entropy,2,87.81404832687858
639,f9aca_00006,3,0.7855260681347637,entropy,2,87.81404832687858
640,f9aca_00006,4,0.7857142857142857,entropy,2,87.81404832687858
641,f9aca_00006,5,0.8041407867494823,entropy,2,87.81404832687858
642,f9aca_00006,6,0.8041407867494823,entropy,2,87.81404832687858
643,f9aca_00006,7,0.7660455486542442,entropy,2,87.81404832687858
644,f9aca_00006,8,0.7481884057971014,entropy,2,87.81404832687858
645,f9aca_00006,9,0.8041407867494823,entropy,2,87.81404832687858
646,f9aca_00006,10,0.8623809523809524,entropy,2,87.81404832687858
647,f9aca_00006,11,0.7880434782608695,entropy,2,87.81404832687858
648,f9aca_00006,12,0.7833044148833622,entropy,2,87.81404832687858
649,f9aca_00006,13,0.840701754385965,entropy,2,87.81404832687858
650,f9aca_00006,14,0.8124374176548089,entropy,2,87.81404832687858
651,f9aca_00006,15,0.8106461439794774,entropy,2,87.81404832687858
652,f9aca_00006,16,0.8568221901555235,entropy,2,87.81404832687858
653,f9aca_00006,17,0.8123543123543123,entropy,2,87.81404832687858
654,f9aca_00006,18,0.7847619047619047,entropy,2,87.81404832687858
655,f9aca_00006,19,0.8815686274509803,entropy,2,87.81404832687858
656,f9aca_00006,20,0.8888888888888888,entropy,2,87.81404832687858
657,f9aca_00006,21,0.8234126984126985,entropy,2,87.81404832687858
658,f9aca_00006,22,0.789072039072039,entropy,2,87.81404832687858
659,f9aca_00006,23,0.8062515262515263,entropy,2,87.81404832687858
660,f9aca_00006,24,0.8296703296703297,entropy,2,87.81404832687858
661,f9aca_00006,25,0.786019536019536,entropy,2,87.81404832687858
662,f9aca_00006,26,0.8062515262515263,entropy,2,87.81404832687858
663,f9aca_00006,27,0.8056526806526807,entropy,2,87.81404832687858
664,f9aca_00006,28,0.8452258852258852,entropy,2,87.81404832687858
665,f9aca_00006,29,0.8056526806526807,entropy,2,87.81404832687858
666,f9aca_00006,30,0.8062515262515263,entropy,2,87.81404832687858
667,f9aca_00006,31,0.8296703296703297,entropy,2,87.81404832687858
668,f9aca_00006,32,0.8296703296703297,entropy,2,87.81404832687858
669,f9aca_00006,33,0.8568221901555235,entropy,2,87.81404832687858
670,f9aca_00006,34,0.8296703296703297,entropy,2,87.81404832687858
671,f9aca_00006,35,0.8296703296703297,entropy,2,87.81404832687858
672,f9aca_00006,36,0.8062515262515263,entropy,2,87.81404832687858
673,f9aca_00006,37,0.7875757575757576,entropy,2,87.81404832687858
674,f9aca_00006,38,0.8296703296703297,entropy,2,87.81404832687858
675,f9aca_00006,39,0.8286868686868686,entropy,2,87.81404832687858
676,f9aca_00006,40,0.8123543123543123,entropy,2,87.81404832687858
677,f9aca_00006,41,0.8554778554778554,entropy,2,87.81404832687858
678,f9aca_00006,42,0.8296703296703297,entropy,2,87.81404832687858
679,f9aca_00006,43,0.8141734808401475,entropy,2,87.81404832687858
680,f9aca_00006,44,0.8568221901555235,entropy,2,87.81404832687858
681,f9aca_00006,45,0.8062515262515263,entropy,2,87.81404832687858
682,f9aca_00006,46,0.8452258852258852,entropy,2,87.81404832687858
683,f9aca_00006,47,0.8452258852258852,entropy,2,87.81404832687858
684,f9aca_00006,48,0.8452258852258852,entropy,2,87.81404832687858
685,f9aca_00006,49,0.8296703296703297,entropy,2,87.81404832687858
686,f9aca_00006,50,0.8293811451706189,entropy,2,87.81404832687858
687,f9aca_00006,51,0.8062515262515263,entropy,2,87.81404832687858
688,f9aca_00006,52,0.832716049382716,entropy,2,87.81404832687858
689,f9aca_00006,53,0.8452258852258852,entropy,2,87.81404832687858
690,f9aca_00006,54,0.7672771672771672,entropy,2,87.81404832687858
691,f9aca_00006,55,0.832716049382716,entropy,2,87.81404832687858
692,f9aca_00006,56,0.8568221901555235,entropy,2,87.81404832687858
693,f9aca_00006,57,0.7857142857142857,entropy,2,87.81404832687858
694,f9aca_00006,58,0.8474358974358974,entropy,2,87.81404832687858
695,f9aca_00006,59,0.8721340388007054,entropy,2,87.81404832687858
696,f9aca_00006,60,0.8260233918128655,entropy,2,87.81404832687858
697,f9aca_00006,61,0.8660111818006554,entropy,2,87.81404832687858
698,f9aca_00006,62,0.8474358974358974,entropy,2,87.81404832687858
699,f9aca_00006,63,0.8858974358974359,entropy,2,87.81404832687858
700,f9aca_00006,64,0.88046783625731,entropy,2,87.81404832687858
701,f9aca_00006,65,0.8623809523809524,entropy,2,87.81404832687858
702,f9aca_00006,66,0.9207977207977208,entropy,2,87.81404832687858
703,f9aca_00006,67,0.8231884057971014,entropy,2,87.81404832687858
704,f9aca_00006,68,0.8252380952380952,entropy,2,87.81404832687858
705,f9aca_00006,69,0.8607456140350878,entropy,2,87.81404832687858
706,f9aca_00006,70,0.8062515262515263,entropy,2,87.81404832687858
707,f9aca_00006,71,0.8051461988304093,entropy,2,87.81404832687858
708,f9aca_00006,72,0.8639291465378421,entropy,2,87.81404832687858
709,f9aca_00006,73,0.88046783625731,entropy,2,87.81404832687858
710,f9aca_00006,74,0.8223684210526315,entropy,2,87.81404832687858
711,f9aca_00006,75,0.8777777777777778,entropy,2,87.81404832687858
712,f9aca_00006,76,0.8998148148148148,entropy,2,87.81404832687858
713,f9aca_00006,77,0.8607456140350878,entropy,2,87.81404832687858
714,f9aca_00006,78,0.8430026472831695,entropy,2,87.81404832687858
715,f9aca_00006,79,0.8607456140350878,entropy,2,87.81404832687858
716,f9aca_00006,80,0.8416666666666667,entropy,2,87.81404832687858
717,f9aca_00006,81,0.8231884057971014,entropy,2,87.81404832687858
718,f9aca_00006,82,0.88099128540305,entropy,2,87.81404832687858
719,f9aca_00006,83,0.8430026472831695,entropy,2,87.81404832687858
720,f9aca_00006,84,0.88099128540305,entropy,2,87.81404832687858
721,f9aca_00006,85,0.8416666666666667,entropy,2,87.81404832687858
722,f9aca_00006,86,0.8607456140350878,entropy,2,87.81404832687858
723,f9aca_00006,87,0.8285714285714286,entropy,2,87.81404832687858
724,f9aca_00006,88,0.8998148148148148,entropy,2,87.81404832687858
725,f9aca_00006,89,0.88100301258196,entropy,2,87.81404832687858
726,f9aca_00006,90,0.8449122807017543,entropy,2,87.81404832687858
727,f9aca_00006,91,0.8660111818006554,entropy,2,87.81404832687858
728,f9aca_00006,92,0.88099128540305,entropy,2,87.81404832687858
729,f9aca_00006,93,0.8771032440436128,entropy,2,87.81404832687858
730,f9aca_00006,94,0.8416666666666667,entropy,2,87.81404832687858
731,f9aca_00006,95,0.9136983873825978,entropy,2,87.81404832687858
732,f9aca_00006,96,0.8430026472831695,entropy,2,87.81404832687858
733,f9aca_00006,97,0.8607456140350878,entropy,2,87.81404832687858
734,f9aca_00006,98,0.8639291465378421,entropy,2,87.81404832687858
735,f9aca_00006,99,0.8474945533769063,entropy,2,87.81404832687858
736,f9aca_00006,100,0.88099128540305,entropy,2,87.81404832687858
737,f9aca_00006,101,0.8416666666666667,entropy,2,87.81404832687858
738,f9aca_00006,102,0.8623809523809524,entropy,2,87.81404832687858
739,f9aca_00006,103,0.8733974358974358,entropy,2,87.81404832687858
740,f9aca_00006,104,0.9314814814814815,entropy,2,87.81404832687858
741,f9aca_00006,105,0.8231884057971014,entropy,2,87.81404832687858
742,f9aca_00007,0,0.9114331723027376,entropy,3,91.42158325764362
743,f9aca_00007,1,0.8743961352657005,entropy,3,91.42158325764362
744,f9aca_00007,2,0.8413848631239936,entropy,3,91.42158325764362
745,f9aca_00007,3,0.8747120326067694,entropy,3,91.42158325764362
746,f9aca_00007,4,0.8895320141786692,entropy,3,91.42158325764362
747,f9aca_00007,5,0.8554314174182259,entropy,3,91.42158325764362
748,f9aca_00007,6,0.8582345191040842,entropy,3,91.42158325764362
749,f9aca_00007,7,0.868840579710145,entropy,3,91.42158325764362
750,f9aca_00007,8,0.8895320141786692,entropy,3,91.42158325764362
751,f9aca_00007,9,0.8897504456327985,entropy,3,91.42158325764362
752,f9aca_00007,10,0.8128399378399379,entropy,3,91.42158325764362
753,f9aca_00007,11,0.791919191919192,entropy,3,91.42158325764362
754,f9aca_00007,12,0.8131313131313131,entropy,3,91.42158325764362
755,f9aca_00007,13,0.8296630905326557,entropy,3,91.42158325764362
756,f9aca_00007,14,0.817016317016317,entropy,3,91.42158325764362
757,f9aca_00007,15,0.8564814814814814,entropy,3,91.42158325764362
758,f9aca_00007,16,0.7937373737373736,entropy,3,91.42158325764362
759,f9aca_00007,17,0.8134387351778655,entropy,3,91.42158325764362
760,f9aca_00007,18,0.7933370976849238,entropy,3,91.42158325764362
761,f9aca_00007,19,0.7904589371980676,entropy,3,91.42158325764362
762,f9aca_00007,20,0.834848484848485,entropy,3,91.42158325764362
763,f9aca_00007,21,0.8582345191040842,entropy,3,91.42158325764362
764,f9aca_00007,22,0.8327294685990339,entropy,3,91.42158325764362
765,f9aca_00007,23,0.890746934225195,entropy,3,91.42158325764362
766,f9aca_00007,24,0.8134387351778655,entropy,3,91.42158325764362
767,f9aca_00007,25,0.7926783361565971,entropy,3,91.42158325764362
768,f9aca_00007,26,0.8489993098688751,entropy,3,91.42158325764362
769,f9aca_00007,27,0.834848484848485,entropy,3,91.42158325764362
770,f9aca_00007,28,0.8743961352657005,entropy,3,91.42158325764362
771,f9aca_00007,29,0.7904589371980676,entropy,3,91.42158325764362
772,f9aca_00007,30,0.8699416525503482,entropy,3,91.42158325764362
773,f9aca_00007,31,0.8321256038647343,entropy,3,91.42158325764362
774,f9aca_00007,32,0.8128399378399379,entropy,3,91.42158325764362
775,f9aca_00007,33,0.8759595959595959,entropy,3,91.42158325764362
776,f9aca_00007,34,0.9018708827404479,entropy,3,91.42158325764362
777,f9aca_00007,35,0.8506131549609811,entropy,3,91.42158325764362
778,f9aca_00007,36,0.8699416525503482,entropy,3,91.42158325764362
779,f9aca_00007,37,0.8523698523698524,entropy,3,91.42158325764362
780,f9aca_00007,38,0.9018708827404479,entropy,3,91.42158325764362
781,f9aca_00007,39,0.8699416525503482,entropy,3,91.42158325764362
782,f9aca_00007,40,0.9160628019323672,entropy,3,91.42158325764362
783,f9aca_00007,41,0.9018708827404479,entropy,3,91.42158325764362
784,f9aca_00007,42,0.890746934225195,entropy,3,91.42158325764362
785,f9aca_00007,43,0.8686241294936948,entropy,3,91.42158325764362
786,f9aca_00007,44,0.8918997668997669,entropy,3,91.42158325764362
787,f9aca_00007,45,0.8918997668997669,entropy,3,91.42158325764362
788,f9aca_00007,46,0.8699416525503482,entropy,3,91.42158325764362
789,f9aca_00007,47,0.8918997668997669,entropy,3,91.42158325764362
790,f9aca_00007,48,0.8743961352657005,entropy,3,91.42158325764362
791,f9aca_00007,49,0.8692828910220215,entropy,3,91.42158325764362
792,f9aca_00007,50,0.8506131549609811,entropy,3,91.42158325764362
793,f9aca_00007,51,0.8316393751176361,entropy,3,91.42158325764362
794,f9aca_00007,52,0.8505050505050505,entropy,3,91.42158325764362
795,f9aca_00007,53,0.8582345191040842,entropy,3,91.42158325764362
796,f9aca_00007,54,0.8743961352657005,entropy,3,91.42158325764362
797,f9aca_00007,55,0.8743961352657005,entropy,3,91.42158325764362
798,f9aca_00007,56,0.8743961352657005,entropy,3,91.42158325764362
799,f9aca_00007,57,0.8559156785243741,entropy,3,91.42158325764362
800,f9aca_00007,58,0.8743961352657005,entropy,3,91.42158325764362
801,f9aca_00007,59,0.8388888888888889,entropy,3,91.42158325764362
802,f9aca_00007,60,0.8743961352657005,entropy,3,91.42158325764362
803,f9aca_00007,61,0.8870945479641131,entropy,3,91.42158325764362
804,f9aca_00007,62,0.8686241294936948,entropy,3,91.42158325764362
805,f9aca_00007,63,0.8937908496732025,entropy,3,91.42158325764362
806,f9aca_00007,64,0.8122793148880105,entropy,3,91.42158325764362
807,f9aca_00007,65,0.8690476190476191,entropy,3,91.42158325764362
808,f9aca_00007,66,0.9114331723027376,entropy,3,91.42158325764362
809,f9aca_00007,67,0.8870945479641131,entropy,3,91.42158325764362
810,f9aca_00007,68,0.8690476190476191,entropy,3,91.42158325764362
811,f9aca_00007,69,0.9063405797101449,entropy,3,91.42158325764362
812,f9aca_00007,70,0.8895320141786692,entropy,3,91.42158325764362
813,f9aca_00007,71,0.888888888888889,entropy,3,91.42158325764362
814,f9aca_00007,72,0.8686241294936948,entropy,3,91.42158325764362
815,f9aca_00007,73,0.871345029239766,entropy,3,91.42158325764362
816,f9aca_00007,74,0.8743961352657005,entropy,3,91.42158325764362
817,f9aca_00007,75,0.9114331723027376,entropy,3,91.42158325764362
818,f9aca_00007,76,0.853475935828877,entropy,3,91.42158325764362
819,f9aca_00007,77,0.9087301587301587,entropy,3,91.42158325764362
820,f9aca_00007,78,0.8895320141786692,entropy,3,91.42158325764362
821,f9aca_00007,79,0.8937908496732025,entropy,3,91.42158325764362
822,f9aca_00007,80,0.8796296296296297,entropy,3,91.42158325764362
823,f9aca_00007,81,0.8895320141786692,entropy,3,91.42158325764362
824,f9aca_00007,82,0.8697691197691197,entropy,3,91.42158325764362
825,f9aca_00007,83,0.9266837169650469,entropy,3,91.42158325764362
826,f9aca_00007,84,0.8870945479641131,entropy,3,91.42158325764362
827,f9aca_00007,85,0.9097222222222222,entropy,3,91.42158325764362
828,f9aca_00007,86,0.8895320141786692,entropy,3,91.42158325764362
829,f9aca_00007,87,0.8870945479641131,entropy,3,91.42158325764362
830,f9aca_00007,88,0.8796296296296297,entropy,3,91.42158325764362
831,f9aca_00007,89,0.8895320141786692,entropy,3,91.42158325764362
832,f9aca_00007,90,0.8743961352657005,entropy,3,91.42158325764362
833,f9aca_00007,91,0.8937908496732025,entropy,3,91.42158325764362
834,f9aca_00007,92,0.8870945479641131,entropy,3,91.42158325764362
835,f9aca_00007,93,0.9277777777777777,entropy,3,91.42158325764362
836,f9aca_00007,94,0.9251897860593513,entropy,3,91.42158325764362
837,f9aca_00007,95,0.9431818181818182,entropy,3,91.42158325764362
838,f9aca_00007,96,0.871345029239766,entropy,3,91.42158325764362
839,f9aca_00007,97,0.9465462074157727,entropy,3,91.42158325764362
840,f9aca_00007,98,0.871345029239766,entropy,3,91.42158325764362
841,f9aca_00007,99,0.8710144927536231,entropy,3,91.42158325764362
842,f9aca_00007,100,0.9308807134894092,entropy,3,91.42158325764362
843,f9aca_00007,101,0.8870945479641131,entropy,3,91.42158325764362
844,f9aca_00007,102,0.9063405797101449,entropy,3,91.42158325764362
845,f9aca_00007,103,0.9087301587301587,entropy,3,91.42158325764362
846,f9aca_00007,104,0.9087301587301587,entropy,3,91.42158325764362
847,f9aca_00007,105,0.9251897860593513,entropy,3,91.42158325764362
848,f9aca_00008,0,0.857495400906358,entropy,4,92.1797840682133
849,f9aca_00008,1,0.8789428815004262,entropy,4,92.1797840682133
850,f9aca_00008,2,0.8044662309368192,entropy,4,92.1797840682133
851,f9aca_00008,3,0.7868945868945868,entropy,4,92.1797840682133
852,f9aca_00008,4,0.8692810457516339,entropy,4,92.1797840682133
853,f9aca_00008,5,0.8636873513707543,entropy,4,92.1797840682133
854,f9aca_00008,6,0.8461328976034858,entropy,4,92.1797840682133
855,f9aca_00008,7,0.8794306184012065,entropy,4,92.1797840682133
856,f9aca_00008,8,0.8461328976034858,entropy,4,92.1797840682133
857,f9aca_00008,9,0.8461328976034858,entropy,4,92.1797840682133
858,f9aca_00008,10,0.8794306184012065,entropy,4,92.1797840682133
859,f9aca_00008,11,0.8106641123882503,entropy,4,92.1797840682133
860,f9aca_00008,12,0.8290196078431372,entropy,4,92.1797840682133
861,f9aca_00008,13,0.8227920227920228,entropy,4,92.1797840682133
862,f9aca_00008,14,0.8297748729121278,entropy,4,92.1797840682133
863,f9aca_00008,15,0.8059964726631393,entropy,4,92.1797840682133
864,f9aca_00008,16,0.8018925518925518,entropy,4,92.1797840682133
865,f9aca_00008,17,0.8227920227920228,entropy,4,92.1797840682133
866,f9aca_00008,18,0.8619607843137255,entropy,4,92.1797840682133
867,f9aca_00008,19,0.8227920227920228,entropy,4,92.1797840682133
868,f9aca_00008,20,0.8227920227920228,entropy,4,92.1797840682133
869,f9aca_00008,21,0.8396296296296296,entropy,4,92.1797840682133
870,f9aca_00008,22,0.8619607843137255,entropy,4,92.1797840682133
871,f9aca_00008,23,0.8549382716049383,entropy,4,92.1797840682133
872,f9aca_00008,24,0.8494397759103641,entropy,4,92.1797840682133
873,f9aca_00008,25,0.8494397759103641,entropy,4,92.1797840682133
874,f9aca_00008,26,0.8794306184012065,entropy,4,92.1797840682133
875,f9aca_00008,27,0.9079365079365079,entropy,4,92.1797840682133
876,f9aca_00008,28,0.8794306184012065,entropy,4,92.1797840682133
877,f9aca_00008,29,0.8643427741466958,entropy,4,92.1797840682133
878,f9aca_00008,30,0.8794306184012065,entropy,4,92.1797840682133
879,f9aca_00008,31,0.8578347578347577,entropy,4,92.1797840682133
880,f9aca_00008,32,0.8643427741466958,entropy,4,92.1797840682133
881,f9aca_00008,33,0.8549382716049383,entropy,4,92.1797840682133
882,f9aca_00008,34,0.8457767722473605,entropy,4,92.1797840682133
883,f9aca_00008,35,0.9027149321266968,entropy,4,92.1797840682133
884,f9aca_00008,36,0.8297748729121278,entropy,4,92.1797840682133
885,f9aca_00008,37,0.8702865761689291,entropy,4,92.1797840682133
886,f9aca_00008,38,0.8549382716049383,entropy,4,92.1797840682133
887,f9aca_00008,39,0.8881172839506174,entropy,4,92.1797840682133
888,f9aca_00008,40,0.8702865761689291,entropy,4,92.1797840682133
889,f9aca_00008,41,0.8949096880131363,entropy,4,92.1797840682133
890,f9aca_00008,42,0.8643427741466958,entropy,4,92.1797840682133
891,f9aca_00008,43,0.8297748729121278,entropy,4,92.1797840682133
892,f9aca_00008,44,0.9027149321266968,entropy,4,92.1797840682133
893,f9aca_00008,45,0.8549382716049383,entropy,4,92.1797840682133
894,f9aca_00008,46,0.9027149321266968,entropy,4,92.1797840682133
895,f9aca_00008,47,0.8859259259259259,entropy,4,92.1797840682133
896,f9aca_00008,48,0.8881172839506174,entropy,4,92.1797840682133
897,f9aca_00008,49,0.8619607843137255,entropy,4,92.1797840682133
898,f9aca_00008,50,0.8794306184012065,entropy,4,92.1797840682133
899,f9aca_00008,51,0.8881172839506174,entropy,4,92.1797840682133
900,f9aca_00008,52,0.8794306184012065,entropy,4,92.1797840682133
901,f9aca_00008,53,0.9027149321266968,entropy,4,92.1797840682133
902,f9aca_00008,54,0.8738095238095238,entropy,4,92.1797840682133
903,f9aca_00008,55,0.8619607843137255,entropy,4,92.1797840682133
904,f9aca_00008,56,0.9027149321266968,entropy,4,92.1797840682133
905,f9aca_00008,57,0.9027149321266968,entropy,4,92.1797840682133
906,f9aca_00008,58,0.8859259259259259,entropy,4,92.1797840682133
907,f9aca_00008,59,0.9079365079365079,entropy,4,92.1797840682133
908,f9aca_00008,60,0.8702865761689291,entropy,4,92.1797840682133
909,f9aca_00008,61,0.8702865761689291,entropy,4,92.1797840682133
910,f9aca_00008,62,0.8876811594202899,entropy,4,92.1797840682133
911,f9aca_00008,63,0.902046783625731,entropy,4,92.1797840682133
912,f9aca_00008,64,0.9177777777777778,entropy,4,92.1797840682133
913,f9aca_00008,65,0.9351432880844645,entropy,4,92.1797840682133
914,f9aca_00008,66,0.9166666666666666,entropy,4,92.1797840682133
915,f9aca_00008,67,0.918840579710145,entropy,4,92.1797840682133
916,f9aca_00008,68,0.9027149321266968,entropy,4,92.1797840682133
917,f9aca_00008,69,0.8636873513707543,entropy,4,92.1797840682133
918,f9aca_00008,70,0.9177777777777778,entropy,4,92.1797840682133
919,f9aca_00008,71,0.8622737556561085,entropy,4,92.1797840682133
920,f9aca_00008,72,0.9177777777777778,entropy,4,92.1797840682133
921,f9aca_00008,73,0.8881172839506174,entropy,4,92.1797840682133
922,f9aca_00008,74,0.8949019607843137,entropy,4,92.1797840682133
923,f9aca_00008,75,0.9166666666666666,entropy,4,92.1797840682133
924,f9aca_00008,76,0.902046783625731,entropy,4,92.1797840682133
925,f9aca_00008,77,0.8876811594202899,entropy,4,92.1797840682133
926,f9aca_00008,78,0.902046783625731,entropy,4,92.1797840682133
927,f9aca_00008,79,0.9177777777777778,entropy,4,92.1797840682133
928,f9aca_00008,80,0.8859259259259259,entropy,4,92.1797840682133
929,f9aca_00008,81,0.902046783625731,entropy,4,92.1797840682133
930,f9aca_00008,82,0.8876811594202899,entropy,4,92.1797840682133
931,f9aca_00008,83,0.8932178932178932,entropy,4,92.1797840682133
932,f9aca_00008,84,0.9177777777777778,entropy,4,92.1797840682133
933,f9aca_00008,85,0.9351432880844645,entropy,4,92.1797840682133
934,f9aca_00008,86,0.8859259259259259,entropy,4,92.1797840682133
935,f9aca_00008,87,0.8706140350877193,entropy,4,92.1797840682133
936,f9aca_00008,88,0.9341176470588235,entropy,4,92.1797840682133
937,f9aca_00008,89,0.918840579710145,entropy,4,92.1797840682133
938,f9aca_00008,90,0.902046783625731,entropy,4,92.1797840682133
939,f9aca_00008,91,0.902046783625731,entropy,4,92.1797840682133
940,f9aca_00008,92,0.902046783625731,entropy,4,92.1797840682133
941,f9aca_00008,93,0.902046783625731,entropy,4,92.1797840682133
942,f9aca_00008,94,0.9177777777777778,entropy,4,92.1797840682133
943,f9aca_00008,95,0.902046783625731,entropy,4,92.1797840682133
944,f9aca_00008,96,0.9054834054834054,entropy,4,92.1797840682133
945,f9aca_00008,97,0.8744588744588745,entropy,4,92.1797840682133
946,f9aca_00008,98,0.902046783625731,entropy,4,92.1797840682133
947,f9aca_00008,99,0.8859259259259259,entropy,4,92.1797840682133
948,f9aca_00008,100,0.918840579710145,entropy,4,92.1797840682133
949,f9aca_00008,101,0.8706140350877193,entropy,4,92.1797840682133
950,f9aca_00008,102,0.9027149321266968,entropy,4,92.1797840682133
951,f9aca_00008,103,0.8706140350877193,entropy,4,92.1797840682133
952,f9aca_00008,104,0.918840579710145,entropy,4,92.1797840682133
953,f9aca_00008,105,0.8876811594202899,entropy,4,92.1797840682133
954,f9aca_00009,0,0.8170940170940172,entropy,5,95.28607306592309
955,f9aca_00009,1,0.8895061728395062,entropy,5,95.28607306592309
956,f9aca_00009,2,0.8578347578347577,entropy,5,95.28607306592309
957,f9aca_00009,3,0.8895061728395062,entropy,5,95.28607306592309
958,f9aca_00009,4,0.8059829059829059,entropy,5,95.28607306592309
959,f9aca_00009,5,0.8895061728395062,entropy,5,95.28607306592309
960,f9aca_00009,6,0.8726952060285393,entropy,5,95.28607306592309
961,f9aca_00009,7,0.8895061728395062,entropy,5,95.28607306592309
962,f9aca_00009,8,0.8926462694578636,entropy,5,95.28607306592309
963,f9aca_00009,9,0.8895061728395062,entropy,5,95.28607306592309
964,f9aca_00009,10,0.8420202020202021,entropy,5,95.28607306592309
965,f9aca_00009,11,0.8389798607189912,entropy,5,95.28607306592309
966,f9aca_00009,12,0.892094017094017,entropy,5,95.28607306592309
967,f9aca_00009,13,0.9018952062430324,entropy,5,95.28607306592309
968,f9aca_00009,14,0.892094017094017,entropy,5,95.28607306592309
969,f9aca_00009,15,0.9160839160839161,entropy,5,95.28607306592309
970,f9aca_00009,16,0.9188712522045855,entropy,5,95.28607306592309
971,f9aca_00009,17,0.8411680911680911,entropy,5,95.28607306592309
972,f9aca_00009,18,0.8706293706293707,entropy,5,95.28607306592309
973,f9aca_00009,19,0.8766233766233767,entropy,5,95.28607306592309
974,f9aca_00009,20,0.9025641025641026,entropy,5,95.28607306592309
975,f9aca_00009,21,0.8895061728395062,entropy,5,95.28607306592309
976,f9aca_00009,22,0.8081930415263748,entropy,5,95.28607306592309
977,f9aca_00009,23,0.8926462694578636,entropy,5,95.28607306592309
978,f9aca_00009,24,0.8726952060285393,entropy,5,95.28607306592309
979,f9aca_00009,25,0.8726952060285393,entropy,5,95.28607306592309
980,f9aca_00009,26,0.9297924297924297,entropy,5,95.28607306592309
981,f9aca_00009,27,0.9074323986604688,entropy,5,95.28607306592309
982,f9aca_00009,28,0.9188712522045855,entropy,5,95.28607306592309
983,f9aca_00009,29,0.9256965944272446,entropy,5,95.28607306592309
984,f9aca_00009,30,0.8706172839506173,entropy,5,95.28607306592309
985,f9aca_00009,31,0.9420289855072465,entropy,5,95.28607306592309
986,f9aca_00009,32,0.9458333333333333,entropy,5,95.28607306592309
987,f9aca_00009,33,0.9051627384960718,entropy,5,95.28607306592309
988,f9aca_00009,34,0.8861416361416361,entropy,5,95.28607306592309
989,f9aca_00009,35,0.8926462694578636,entropy,5,95.28607306592309
990,f9aca_00009,36,0.8726952060285393,entropy,5,95.28607306592309
991,f9aca_00009,37,0.9051627384960718,entropy,5,95.28607306592309
992,f9aca_00009,38,0.8926462694578636,entropy,5,95.28607306592309
993,f9aca_00009,39,0.9188712522045855,entropy,5,95.28607306592309
994,f9aca_00009,40,0.9297924297924297,entropy,5,95.28607306592309
995,f9aca_00009,41,0.8455433455433455,entropy,5,95.28607306592309
996,f9aca_00009,42,0.9694444444444444,entropy,5,95.28607306592309
997,f9aca_00009,43,0.8926462694578636,entropy,5,95.28607306592309
998,f9aca_00009,44,0.9051627384960718,entropy,5,95.28607306592309
999,f9aca_00009,45,0.9146825396825397,entropy,5,95.28607306592309
1000,f9aca_00009,46,0.9146825396825397,entropy,5,95.28607306592309
1001,f9aca_00009,47,0.9146825396825397,entropy,5,95.28607306592309
1002,f9aca_00009,48,0.8706293706293707,entropy,5,95.28607306592309
1003,f9aca_00009,49,0.9415873015873015,entropy,5,95.28607306592309
1004,f9aca_00009,50,0.9278787878787879,entropy,5,95.28607306592309
1005,f9aca_00009,51,0.9000732600732602,entropy,5,95.28607306592309
1006,f9aca_00009,52,0.8926462694578636,entropy,5,95.28607306592309
1007,f9aca_00009,53,0.9146825396825397,entropy,5,95.28607306592309
1008,f9aca_00009,54,0.8726952060285393,entropy,5,95.28607306592309
1009,f9aca_00009,55,0.8861416361416361,entropy,5,95.28607306592309
1010,f9aca_00009,56,0.8926462694578636,entropy,5,95.28607306592309
1011,f9aca_00009,57,0.9188712522045855,entropy,5,95.28607306592309
1012,f9aca_00009,58,0.9448717948717947,entropy,5,95.28607306592309
1013,f9aca_00009,59,0.9415873015873015,entropy,5,95.28607306592309
1014,f9aca_00009,60,0.8891941391941391,entropy,5,95.28607306592309
1015,f9aca_00009,61,0.8726952060285393,entropy,5,95.28607306592309
1016,f9aca_00009,62,0.9160839160839161,entropy,5,95.28607306592309
1017,f9aca_00009,63,0.9160839160839161,entropy,5,95.28607306592309
1018,f9aca_00009,64,0.9566666666666667,entropy,5,95.28607306592309
1019,f9aca_00009,65,0.9415873015873015,entropy,5,95.28607306592309
1020,f9aca_00009,66,0.9543650793650794,entropy,5,95.28607306592309
1021,f9aca_00009,67,0.9160839160839161,entropy,5,95.28607306592309
1022,f9aca_00009,68,0.9160839160839161,entropy,5,95.28607306592309
1023,f9aca_00009,69,0.9160839160839161,entropy,5,95.28607306592309
1024,f9aca_00009,70,0.8891941391941391,entropy,5,95.28607306592309
1025,f9aca_00009,71,0.9035674470457079,entropy,5,95.28607306592309
1026,f9aca_00009,72,0.8891941391941391,entropy,5,95.28607306592309
1027,f9aca_00009,73,0.9160839160839161,entropy,5,95.28607306592309
1028,f9aca_00009,74,0.9188712522045855,entropy,5,95.28607306592309
1029,f9aca_00009,75,0.8926462694578636,entropy,5,95.28607306592309
1030,f9aca_00009,76,0.9281400966183576,entropy,5,95.28607306592309
1031,f9aca_00009,77,0.9160839160839161,entropy,5,95.28607306592309
1032,f9aca_00009,78,0.9153623188405797,entropy,5,95.28607306592309
1033,f9aca_00009,79,0.9011266511266512,entropy,5,95.28607306592309
1034,f9aca_00009,80,0.9415873015873015,entropy,5,95.28607306592309
1035,f9aca_00009,81,0.9406565656565657,entropy,5,95.28607306592309
1036,f9aca_00009,82,0.9278787878787879,entropy,5,95.28607306592309
1037,f9aca_00009,83,0.9543650793650794,entropy,5,95.28607306592309
1038,f9aca_00009,84,0.9406565656565657,entropy,5,95.28607306592309
1039,f9aca_00009,85,0.9406565656565657,entropy,5,95.28607306592309
1040,f9aca_00009,86,0.9018952062430324,entropy,5,95.28607306592309
1041,f9aca_00009,87,0.9545454545454546,entropy,5,95.28607306592309
1042,f9aca_00009,88,0.9278787878787879,entropy,5,95.28607306592309
1043,f9aca_00009,89,0.9545454545454546,entropy,5,95.28607306592309
1044,f9aca_00009,90,0.9406565656565657,entropy,5,95.28607306592309
1045,f9aca_00009,91,0.9406565656565657,entropy,5,95.28607306592309
1046,f9aca_00009,92,0.9011266511266512,entropy,5,95.28607306592309
1047,f9aca_00009,93,0.9406565656565657,entropy,5,95.28607306592309
1048,f9aca_00009,94,0.9406565656565657,entropy,5,95.28607306592309
1049,f9aca_00009,95,0.9545454545454546,entropy,5,95.28607306592309
1050,f9aca_00009,96,0.9406565656565657,entropy,5,95.28607306592309
1051,f9aca_00009,97,0.9406565656565657,entropy,5,95.28607306592309
1052,f9aca_00009,98,0.8617614269788182,entropy,5,95.28607306592309
1053,f9aca_00009,99,0.9406565656565657,entropy,5,95.28607306592309
1054,f9aca_00009,100,0.9415873015873015,entropy,5,95.28607306592309
1055,f9aca_00009,101,0.9011266511266512,entropy,5,95.28607306592309
1056,f9aca_00009,102,0.9545454545454546,entropy,5,95.28607306592309
1057,f9aca_00009,103,0.9000732600732602,entropy,5,95.28607306592309
1058,f9aca_00009,104,0.9543650793650794,entropy,5,95.28607306592309
1059,f9aca_00009,105,0.9278787878787879,entropy,5,95.28607306592309
1060,f9aca_00010,0,0.8059259259259259,marginal_confidence,1,92.26207956160854
1061,f9aca_00010,1,0.8891737891737893,marginal_confidence,1,92.26207956160854
1062,f9aca_00010,2,0.7792592592592592,marginal_confidence,1,92.26207956160854
1063,f9aca_00010,3,0.8602564102564103,marginal_confidence,1,92.26207956160854
1064,f9aca_00010,4,0.8394444444444445,marginal_confidence,1,92.26207956160854
1065,f9aca_00010,5,0.8395863395863395,marginal_confidence,1,92.26207956160854
1066,f9aca_00010,6,0.7965367965367965,marginal_confidence,1,92.26207956160854
1067,f9aca_00010,7,0.8505555555555556,marginal_confidence,1,92.26207956160854
1068,f9aca_00010,8,0.9001010101010101,marginal_confidence,1,92.26207956160854
1069,f9aca_00010,9,0.8388648388648389,marginal_confidence,1,92.26207956160854
1070,f9aca_00010,10,0.7902421652421653,marginal_confidence,1,92.26207956160854
1071,f9aca_00010,11,0.8394444444444445,marginal_confidence,1,92.26207956160854
1072,f9aca_00010,12,0.8725845410628019,marginal_confidence,1,92.26207956160854
1073,f9aca_00010,13,0.8560606060606061,marginal_confidence,1,92.26207956160854
1074,f9aca_00010,14,0.8222934472934473,marginal_confidence,1,92.26207956160854
1075,f9aca_00010,15,0.8680895915678525,marginal_confidence,1,92.26207956160854
1076,f9aca_00010,16,0.8560606060606061,marginal_confidence,1,92.26207956160854
1077,f9aca_00010,17,0.8394444444444445,marginal_confidence,1,92.26207956160854
1078,f9aca_00010,18,0.8402635046113307,marginal_confidence,1,92.26207956160854
1079,f9aca_00010,19,0.8222934472934473,marginal_confidence,1,92.26207956160854
1080,f9aca_00010,20,0.8222934472934473,marginal_confidence,1,92.26207956160854
1081,f9aca_00010,21,0.8222934472934473,marginal_confidence,1,92.26207956160854
1082,f9aca_00010,22,0.8251748251748251,marginal_confidence,1,92.26207956160854
1083,f9aca_00010,23,0.8394444444444445,marginal_confidence,1,92.26207956160854
1084,f9aca_00010,24,0.8560606060606061,marginal_confidence,1,92.26207956160854
1085,f9aca_00010,25,0.8560606060606061,marginal_confidence,1,92.26207956160854
1086,f9aca_00010,26,0.8394444444444445,marginal_confidence,1,92.26207956160854
1087,f9aca_00010,27,0.8118686868686869,marginal_confidence,1,92.26207956160854
1088,f9aca_00010,28,0.8394444444444445,marginal_confidence,1,92.26207956160854
1089,f9aca_00010,29,0.8560606060606061,marginal_confidence,1,92.26207956160854
1090,f9aca_00010,30,0.8560606060606061,marginal_confidence,1,92.26207956160854
1091,f9aca_00010,31,0.8560606060606061,marginal_confidence,1,92.26207956160854
1092,f9aca_00010,32,0.8560606060606061,marginal_confidence,1,92.26207956160854
1093,f9aca_00010,33,0.8560606060606061,marginal_confidence,1,92.26207956160854
1094,f9aca_00010,34,0.8394444444444445,marginal_confidence,1,92.26207956160854
1095,f9aca_00010,35,0.8721509971509972,marginal_confidence,1,92.26207956160854
1096,f9aca_00010,36,0.9120370370370371,marginal_confidence,1,92.26207956160854
1097,f9aca_00010,37,0.922008547008547,marginal_confidence,1,92.26207956160854
1098,f9aca_00010,38,0.9120370370370371,marginal_confidence,1,92.26207956160854
1099,f9aca_00010,39,0.9027777777777778,marginal_confidence,1,92.26207956160854
1100,f9aca_00010,40,0.8869135802469136,marginal_confidence,1,92.26207956160854
1101,f9aca_00010,41,0.922008547008547,marginal_confidence,1,92.26207956160854
1102,f9aca_00010,42,0.8815384615384616,marginal_confidence,1,92.26207956160854
1103,f9aca_00010,43,0.8721509971509972,marginal_confidence,1,92.26207956160854
1104,f9aca_00010,44,0.9027777777777778,marginal_confidence,1,92.26207956160854
1105,f9aca_00010,45,0.8861111111111111,marginal_confidence,1,92.26207956160854
1106,f9aca_00010,46,0.922008547008547,marginal_confidence,1,92.26207956160854
1107,f9aca_00010,47,0.8721509971509972,marginal_confidence,1,92.26207956160854
1108,f9aca_00010,48,0.8721509971509972,marginal_confidence,1,92.26207956160854
1109,f9aca_00010,49,0.8721509971509972,marginal_confidence,1,92.26207956160854
1110,f9aca_00010,50,0.8861111111111111,marginal_confidence,1,92.26207956160854
1111,f9aca_00010,51,0.9120370370370371,marginal_confidence,1,92.26207956160854
1112,f9aca_00010,52,0.8721509971509972,marginal_confidence,1,92.26207956160854
1113,f9aca_00010,53,0.922008547008547,marginal_confidence,1,92.26207956160854
1114,f9aca_00010,54,0.922008547008547,marginal_confidence,1,92.26207956160854
1115,f9aca_00010,55,0.8394444444444445,marginal_confidence,1,92.26207956160854
1116,f9aca_00010,56,0.9027777777777778,marginal_confidence,1,92.26207956160854
1117,f9aca_00010,57,0.8580246913580246,marginal_confidence,1,92.26207956160854
1118,f9aca_00010,58,0.8580246913580246,marginal_confidence,1,92.26207956160854
1119,f9aca_00010,59,0.9027777777777778,marginal_confidence,1,92.26207956160854
1120,f9aca_00010,60,0.9120370370370371,marginal_confidence,1,92.26207956160854
1121,f9aca_00010,61,0.8580246913580246,marginal_confidence,1,92.26207956160854
1122,f9aca_00010,62,0.8861111111111111,marginal_confidence,1,92.26207956160854
1123,f9aca_00010,63,0.922008547008547,marginal_confidence,1,92.26207956160854
1124,f9aca_00010,64,0.9327777777777778,marginal_confidence,1,92.26207956160854
1125,f9aca_00010,65,0.8861111111111111,marginal_confidence,1,92.26207956160854
1126,f9aca_00010,66,0.9327777777777778,marginal_confidence,1,92.26207956160854
1127,f9aca_00010,67,0.9002525252525252,marginal_confidence,1,92.26207956160854
1128,f9aca_00010,68,0.8562962962962963,marginal_confidence,1,92.26207956160854
1129,f9aca_00010,69,0.8394444444444445,marginal_confidence,1,92.26207956160854
1130,f9aca_00010,70,0.9327777777777778,marginal_confidence,1,92.26207956160854
1131,f9aca_00010,71,0.922008547008547,marginal_confidence,1,92.26207956160854
1132,f9aca_00010,72,0.8560606060606061,marginal_confidence,1,92.26207956160854
1133,f9aca_00010,73,0.8721509971509972,marginal_confidence,1,92.26207956160854
1134,f9aca_00010,74,0.9327777777777778,marginal_confidence,1,92.26207956160854
1135,f9aca_00010,75,0.922008547008547,marginal_confidence,1,92.26207956160854
1136,f9aca_00010,76,0.8861111111111111,marginal_confidence,1,92.26207956160854
1137,f9aca_00010,77,0.8861111111111111,marginal_confidence,1,92.26207956160854
1138,f9aca_00010,78,0.8861111111111111,marginal_confidence,1,92.26207956160854
1139,f9aca_00010,79,0.8725845410628019,marginal_confidence,1,92.26207956160854
1140,f9aca_00010,80,0.8721509971509972,marginal_confidence,1,92.26207956160854
1141,f9aca_00010,81,0.9327777777777778,marginal_confidence,1,92.26207956160854
1142,f9aca_00010,82,0.8861111111111111,marginal_confidence,1,92.26207956160854
1143,f9aca_00010,83,0.8721509971509972,marginal_confidence,1,92.26207956160854
1144,f9aca_00010,84,0.922008547008547,marginal_confidence,1,92.26207956160854
1145,f9aca_00010,85,0.9148550724637681,marginal_confidence,1,92.26207956160854
1146,f9aca_00010,86,0.8861111111111111,marginal_confidence,1,92.26207956160854
1147,f9aca_00010,87,0.922008547008547,marginal_confidence,1,92.26207956160854
1148,f9aca_00010,88,0.9120370370370371,marginal_confidence,1,92.26207956160854
1149,f9aca_00010,89,0.922008547008547,marginal_confidence,1,92.26207956160854
1150,f9aca_00010,90,0.9327777777777778,marginal_confidence,1,92.26207956160854
1151,f9aca_00010,91,0.8861111111111111,marginal_confidence,1,92.26207956160854
1152,f9aca_00010,92,0.9120370370370371,marginal_confidence,1,92.26207956160854
1153,f9aca_00010,93,0.9002525252525252,marginal_confidence,1,92.26207956160854
1154,f9aca_00010,94,0.9444444444444445,marginal_confidence,1,92.26207956160854
1155,f9aca_00010,95,0.922008547008547,marginal_confidence,1,92.26207956160854
1156,f9aca_00010,96,0.8560606060606061,marginal_confidence,1,92.26207956160854
1157,f9aca_00010,97,0.8861111111111111,marginal_confidence,1,92.26207956160854
1158,f9aca_00010,98,0.922008547008547,marginal_confidence,1,92.26207956160854
1159,f9aca_00010,99,0.922008547008547,marginal_confidence,1,92.26207956160854
1160,f9aca_00010,100,0.9120370370370371,marginal_confidence,1,92.26207956160854
1161,f9aca_00010,101,0.8394444444444445,marginal_confidence,1,92.26207956160854
1162,f9aca_00010,102,0.922008547008547,marginal_confidence,1,92.26207956160854
1163,f9aca_00010,103,0.8861111111111111,marginal_confidence,1,92.26207956160854
1164,f9aca_00010,104,0.9027777777777778,marginal_confidence,1,92.26207956160854
1165,f9aca_00010,105,0.9148550724637681,marginal_confidence,1,92.26207956160854
1166,f9aca_00011,0,0.7837301587301587,marginal_confidence,2,88.98893796360582
1167,f9aca_00011,1,0.7102390363259928,marginal_confidence,2,88.98893796360582
1168,f9aca_00011,2,0.7712418300653594,marginal_confidence,2,88.98893796360582
1169,f9aca_00011,3,0.7501803751803752,marginal_confidence,2,88.98893796360582
1170,f9aca_00011,4,0.7695906432748538,marginal_confidence,2,88.98893796360582
1171,f9aca_00011,5,0.8231884057971014,marginal_confidence,2,88.98893796360582
1172,f9aca_00011,6,0.809368191721133,marginal_confidence,2,88.98893796360582
1173,f9aca_00011,7,0.7257631257631258,marginal_confidence,2,88.98893796360582
1174,f9aca_00011,8,0.8055555555555555,marginal_confidence,2,88.98893796360582
1175,f9aca_00011,9,0.7857142857142857,marginal_confidence,2,88.98893796360582
1176,f9aca_00011,10,0.8253968253968255,marginal_confidence,2,88.98893796360582
1177,f9aca_00011,11,0.8607456140350878,marginal_confidence,2,88.98893796360582
1178,f9aca_00011,12,0.7661227661227662,marginal_confidence,2,88.98893796360582
1179,f9aca_00011,13,0.7855260681347637,marginal_confidence,2,88.98893796360582
1180,f9aca_00011,14,0.8231884057971014,marginal_confidence,2,88.98893796360582
1181,f9aca_00011,15,0.8231884057971014,marginal_confidence,2,88.98893796360582
1182,f9aca_00011,16,0.8547619047619047,marginal_confidence,2,88.98893796360582
1183,f9aca_00011,17,0.8639291465378421,marginal_confidence,2,88.98893796360582
1184,f9aca_00011,18,0.8055555555555555,marginal_confidence,2,88.98893796360582
1185,f9aca_00011,19,0.8416666666666667,marginal_confidence,2,88.98893796360582
1186,f9aca_00011,20,0.8416666666666667,marginal_confidence,2,88.98893796360582
1187,f9aca_00011,21,0.8252380952380952,marginal_confidence,2,88.98893796360582
1188,f9aca_00011,22,0.8231884057971014,marginal_confidence,2,88.98893796360582
1189,f9aca_00011,23,0.8585144927536232,marginal_confidence,2,88.98893796360582
1190,f9aca_00011,24,0.8231884057971014,marginal_confidence,2,88.98893796360582
1191,f9aca_00011,25,0.8430026472831695,marginal_confidence,2,88.98893796360582
1192,f9aca_00011,26,0.8449122807017543,marginal_confidence,2,88.98893796360582
1193,f9aca_00011,27,0.8607456140350878,marginal_confidence,2,88.98893796360582
1194,f9aca_00011,28,0.8252380952380952,marginal_confidence,2,88.98893796360582
1195,f9aca_00011,29,0.8430026472831695,marginal_confidence,2,88.98893796360582
1196,f9aca_00011,30,0.907051282051282,marginal_confidence,2,88.98893796360582
1197,f9aca_00011,31,0.88099128540305,marginal_confidence,2,88.98893796360582
1198,f9aca_00011,32,0.8474945533769063,marginal_confidence,2,88.98893796360582
1199,f9aca_00011,33,0.8607456140350878,marginal_confidence,2,88.98893796360582
1200,f9aca_00011,34,0.8969404186795491,marginal_confidence,2,88.98893796360582
1201,f9aca_00011,35,0.8449122807017543,marginal_confidence,2,88.98893796360582
1202,f9aca_00011,36,0.8998148148148148,marginal_confidence,2,88.98893796360582
1203,f9aca_00011,37,0.8474945533769063,marginal_confidence,2,88.98893796360582
1204,f9aca_00011,38,0.8412655971479501,marginal_confidence,2,88.98893796360582
1205,f9aca_00011,39,0.8656481481481482,marginal_confidence,2,88.98893796360582
1206,f9aca_00011,40,0.8585144927536232,marginal_confidence,2,88.98893796360582
1207,f9aca_00011,41,0.8777777777777778,marginal_confidence,2,88.98893796360582
1208,f9aca_00011,42,0.8656481481481482,marginal_confidence,2,88.98893796360582
1209,f9aca_00011,43,0.8607456140350878,marginal_confidence,2,88.98893796360582
1210,f9aca_00011,44,0.8474358974358974,marginal_confidence,2,88.98893796360582
1211,f9aca_00011,45,0.8260233918128655,marginal_confidence,2,88.98893796360582
1212,f9aca_00011,46,0.8639291465378421,marginal_confidence,2,88.98893796360582
1213,f9aca_00011,47,0.8857549857549857,marginal_confidence,2,88.98893796360582
1214,f9aca_00011,48,0.8607456140350878,marginal_confidence,2,88.98893796360582
1215,f9aca_00011,49,0.8474358974358974,marginal_confidence,2,88.98893796360582
1216,f9aca_00011,50,0.8055555555555555,marginal_confidence,2,88.98893796360582
1217,f9aca_00011,51,0.8639291465378421,marginal_confidence,2,88.98893796360582
1218,f9aca_00011,52,0.8093567251461988,marginal_confidence,2,88.98893796360582
1219,f9aca_00011,53,0.9136983873825978,marginal_confidence,2,88.98893796360582
1220,f9aca_00011,54,0.8474945533769063,marginal_confidence,2,88.98893796360582
1221,f9aca_00011,55,0.8660111818006554,marginal_confidence,2,88.98893796360582
1222,f9aca_00011,56,0.8607456140350878,marginal_confidence,2,88.98893796360582
1223,f9aca_00011,57,0.8452258852258852,marginal_confidence,2,88.98893796360582
1224,f9aca_00011,58,0.8449122807017543,marginal_confidence,2,88.98893796360582
1225,f9aca_00011,59,0.8857549857549857,marginal_confidence,2,88.98893796360582
1226,f9aca_00011,60,0.86053517632465,marginal_confidence,2,88.98893796360582
1227,f9aca_00011,61,0.8260233918128655,marginal_confidence,2,88.98893796360582
1228,f9aca_00011,62,0.8260233918128655,marginal_confidence,2,88.98893796360582
1229,f9aca_00011,63,0.8260233918128655,marginal_confidence,2,88.98893796360582
1230,f9aca_00011,64,0.8760249554367201,marginal_confidence,2,88.98893796360582
1231,f9aca_00011,65,0.8639291465378421,marginal_confidence,2,88.98893796360582
1232,f9aca_00011,66,0.8607456140350878,marginal_confidence,2,88.98893796360582
1233,f9aca_00011,67,0.8607456140350878,marginal_confidence,2,88.98893796360582
1234,f9aca_00011,68,0.8942052099946837,marginal_confidence,2,88.98893796360582
1235,f9aca_00011,69,0.8857549857549857,marginal_confidence,2,88.98893796360582
1236,f9aca_00011,70,0.8260233918128655,marginal_confidence,2,88.98893796360582
1237,f9aca_00011,71,0.8449122807017543,marginal_confidence,2,88.98893796360582
1238,f9aca_00011,72,0.8878431372549019,marginal_confidence,2,88.98893796360582
1239,f9aca_00011,73,0.8449122807017543,marginal_confidence,2,88.98893796360582
1240,f9aca_00011,74,0.8474945533769063,marginal_confidence,2,88.98893796360582
1241,f9aca_00011,75,0.8260233918128655,marginal_confidence,2,88.98893796360582
1242,f9aca_00011,76,0.8656481481481482,marginal_confidence,2,88.98893796360582
1243,f9aca_00011,77,0.8998148148148148,marginal_confidence,2,88.98893796360582
1244,f9aca_00011,78,0.8474945533769063,marginal_confidence,2,88.98893796360582
1245,f9aca_00011,79,0.8055555555555555,marginal_confidence,2,88.98893796360582
1246,f9aca_00011,80,0.8656481481481482,marginal_confidence,2,88.98893796360582
1247,f9aca_00011,81,0.8639291465378421,marginal_confidence,2,88.98893796360582
1248,f9aca_00011,82,0.8639291465378421,marginal_confidence,2,88.98893796360582
1249,f9aca_00011,83,0.8055555555555555,marginal_confidence,2,88.98893796360582
1250,f9aca_00011,84,0.9299516908212561,marginal_confidence,2,88.98893796360582
1251,f9aca_00011,85,0.8260233918128655,marginal_confidence,2,88.98893796360582
1252,f9aca_00011,86,0.8449122807017543,marginal_confidence,2,88.98893796360582
1253,f9aca_00011,87,0.86005291005291,marginal_confidence,2,88.98893796360582
1254,f9aca_00011,88,0.8252380952380952,marginal_confidence,2,88.98893796360582
1255,f9aca_00011,89,0.8969404186795491,marginal_confidence,2,88.98893796360582
1256,f9aca_00011,90,0.9112038408040561,marginal_confidence,2,88.98893796360582
1257,f9aca_00011,91,0.8656481481481482,marginal_confidence,2,88.98893796360582
1258,f9aca_00011,92,0.9027777777777778,marginal_confidence,2,88.98893796360582
1259,f9aca_00011,93,0.8639291465378421,marginal_confidence,2,88.98893796360582
1260,f9aca_00011,94,0.8788638262322473,marginal_confidence,2,88.98893796360582
1261,f9aca_00011,95,0.88099128540305,marginal_confidence,2,88.98893796360582
1262,f9aca_00011,96,0.8656481481481482,marginal_confidence,2,88.98893796360582
1263,f9aca_00011,97,0.8416666666666667,marginal_confidence,2,88.98893796360582
1264,f9aca_00011,98,0.8260233918128655,marginal_confidence,2,88.98893796360582
1265,f9aca_00011,99,0.8474945533769063,marginal_confidence,2,88.98893796360582
1266,f9aca_00011,100,0.88099128540305,marginal_confidence,2,88.98893796360582
1267,f9aca_00011,101,0.88099128540305,marginal_confidence,2,88.98893796360582
1268,f9aca_00011,102,0.88046783625731,marginal_confidence,2,88.98893796360582
1269,f9aca_00011,103,0.8507122507122507,marginal_confidence,2,88.98893796360582
1270,f9aca_00011,104,0.9314814814814815,marginal_confidence,2,88.98893796360582
1271,f9aca_00011,105,0.8231884057971014,marginal_confidence,2,88.98893796360582
1272,f9aca_00012,0,0.9114331723027376,marginal_confidence,3,92.59175518372685
1273,f9aca_00012,1,0.8743961352657005,marginal_confidence,3,92.59175518372685
1274,f9aca_00012,2,0.8554314174182259,marginal_confidence,3,92.59175518372685
1275,f9aca_00012,3,0.9114331723027376,marginal_confidence,3,92.59175518372685
1276,f9aca_00012,4,0.8977879481311976,marginal_confidence,3,92.59175518372685
1277,f9aca_00012,5,0.8848484848484848,marginal_confidence,3,92.59175518372685
1278,f9aca_00012,6,0.8895320141786692,marginal_confidence,3,92.59175518372685
1279,f9aca_00012,7,0.8895320141786692,marginal_confidence,3,92.59175518372685
1280,f9aca_00012,8,0.8743961352657005,marginal_confidence,3,92.59175518372685
1281,f9aca_00012,9,0.8870945479641131,marginal_confidence,3,92.59175518372685
1282,f9aca_00012,10,0.8686241294936948,marginal_confidence,3,92.59175518372685
1283,f9aca_00012,11,0.8122843340234644,marginal_confidence,3,92.59175518372685
1284,f9aca_00012,12,0.8313405797101449,marginal_confidence,3,92.59175518372685
1285,f9aca_00012,13,0.8489993098688751,marginal_confidence,3,92.59175518372685
1286,f9aca_00012,14,0.868840579710145,marginal_confidence,3,92.59175518372685
1287,f9aca_00012,15,0.8131313131313131,marginal_confidence,3,92.59175518372685
1288,f9aca_00012,16,0.8697691197691197,marginal_confidence,3,92.59175518372685
1289,f9aca_00012,17,0.8296630905326557,marginal_confidence,3,92.59175518372685
1290,f9aca_00012,18,0.8498445998445998,marginal_confidence,3,92.59175518372685
1291,f9aca_00012,19,0.8506131549609811,marginal_confidence,3,92.59175518372685
1292,f9aca_00012,20,0.8131313131313131,marginal_confidence,3,92.59175518372685
1293,f9aca_00012,21,0.8505050505050505,marginal_confidence,3,92.59175518372685
1294,f9aca_00012,22,0.8489993098688751,marginal_confidence,3,92.59175518372685
1295,f9aca_00012,23,0.8870945479641131,marginal_confidence,3,92.59175518372685
1296,f9aca_00012,24,0.810479375696767,marginal_confidence,3,92.59175518372685
1297,f9aca_00012,25,0.8506131549609811,marginal_confidence,3,92.59175518372685
1298,f9aca_00012,26,0.810479375696767,marginal_confidence,3,92.59175518372685
1299,f9aca_00012,27,0.8316393751176361,marginal_confidence,3,92.59175518372685
1300,f9aca_00012,28,0.8296630905326557,marginal_confidence,3,92.59175518372685
1301,f9aca_00012,29,0.7913608130999435,marginal_confidence,3,92.59175518372685
1302,f9aca_00012,30,0.8316393751176361,marginal_confidence,3,92.59175518372685
1303,f9aca_00012,31,0.8321256038647343,marginal_confidence,3,92.59175518372685
1304,f9aca_00012,32,0.8330627705627706,marginal_confidence,3,92.59175518372685
1305,f9aca_00012,33,0.8330627705627706,marginal_confidence,3,92.59175518372685
1306,f9aca_00012,34,0.8505050505050505,marginal_confidence,3,92.59175518372685
1307,f9aca_00012,35,0.868840579710145,marginal_confidence,3,92.59175518372685
1308,f9aca_00012,36,0.8505050505050505,marginal_confidence,3,92.59175518372685
1309,f9aca_00012,37,0.890746934225195,marginal_confidence,3,92.59175518372685
1310,f9aca_00012,38,0.8686241294936948,marginal_confidence,3,92.59175518372685
1311,f9aca_00012,39,0.8895320141786692,marginal_confidence,3,92.59175518372685
1312,f9aca_00012,40,0.868840579710145,marginal_confidence,3,92.59175518372685
1313,f9aca_00012,41,0.9063405797101449,marginal_confidence,3,92.59175518372685
1314,f9aca_00012,42,0.9063405797101449,marginal_confidence,3,92.59175518372685
1315,f9aca_00012,43,0.9251897860593513,marginal_confidence,3,92.59175518372685
1316,f9aca_00012,44,0.9063405797101449,marginal_confidence,3,92.59175518372685
1317,f9aca_00012,45,0.8870945479641131,marginal_confidence,3,92.59175518372685
1318,f9aca_00012,46,0.8897504456327985,marginal_confidence,3,92.59175518372685
1319,f9aca_00012,47,0.9063405797101449,marginal_confidence,3,92.59175518372685
1320,f9aca_00012,48,0.8870945479641131,marginal_confidence,3,92.59175518372685
1321,f9aca_00012,49,0.9064754689754689,marginal_confidence,3,92.59175518372685
1322,f9aca_00012,50,0.9063405797101449,marginal_confidence,3,92.59175518372685
1323,f9aca_00012,51,0.9063405797101449,marginal_confidence,3,92.59175518372685
1324,f9aca_00012,52,0.9063405797101449,marginal_confidence,3,92.59175518372685
1325,f9aca_00012,53,0.9251897860593513,marginal_confidence,3,92.59175518372685
1326,f9aca_00012,54,0.888888888888889,marginal_confidence,3,92.59175518372685
1327,f9aca_00012,55,0.8895320141786692,marginal_confidence,3,92.59175518372685
1328,f9aca_00012,56,0.9087301587301587,marginal_confidence,3,92.59175518372685
1329,f9aca_00012,57,0.8697691197691197,marginal_confidence,3,92.59175518372685
1330,f9aca_00012,58,0.9082439299830605,marginal_confidence,3,92.59175518372685
1331,f9aca_00012,59,0.9251897860593513,marginal_confidence,3,92.59175518372685
1332,f9aca_00012,60,0.890746934225195,marginal_confidence,3,92.59175518372685
1333,f9aca_00012,61,0.8906371406371406,marginal_confidence,3,92.59175518372685
1334,f9aca_00012,62,0.8870945479641131,marginal_confidence,3,92.59175518372685
1335,f9aca_00012,63,0.9465462074157727,marginal_confidence,3,92.59175518372685
1336,f9aca_00012,64,0.9087301587301587,marginal_confidence,3,92.59175518372685
1337,f9aca_00012,65,0.8513308913308913,marginal_confidence,3,92.59175518372685
1338,f9aca_00012,66,0.871031746031746,marginal_confidence,3,92.59175518372685
1339,f9aca_00012,67,0.888888888888889,marginal_confidence,3,92.59175518372685
1340,f9aca_00012,68,0.8686241294936948,marginal_confidence,3,92.59175518372685
1341,f9aca_00012,69,0.9308807134894092,marginal_confidence,3,92.59175518372685
1342,f9aca_00012,70,0.888888888888889,marginal_confidence,3,92.59175518372685
1343,f9aca_00012,71,0.8303218520609824,marginal_confidence,3,92.59175518372685
1344,f9aca_00012,72,0.8505050505050505,marginal_confidence,3,92.59175518372685
1345,f9aca_00012,73,0.9154589371980676,marginal_confidence,3,92.59175518372685
1346,f9aca_00012,74,0.9063405797101449,marginal_confidence,3,92.59175518372685
1347,f9aca_00012,75,0.9314296814296815,marginal_confidence,3,92.59175518372685
1348,f9aca_00012,76,0.8906371406371406,marginal_confidence,3,92.59175518372685
1349,f9aca_00012,77,0.8731884057971014,marginal_confidence,3,92.59175518372685
1350,f9aca_00012,78,0.9063405797101449,marginal_confidence,3,92.59175518372685
1351,f9aca_00012,79,0.8731884057971014,marginal_confidence,3,92.59175518372685
1352,f9aca_00012,80,0.9064754689754689,marginal_confidence,3,92.59175518372685
1353,f9aca_00012,81,0.888888888888889,marginal_confidence,3,92.59175518372685
1354,f9aca_00012,82,0.890746934225195,marginal_confidence,3,92.59175518372685
1355,f9aca_00012,83,0.890746934225195,marginal_confidence,3,92.59175518372685
1356,f9aca_00012,84,0.8870945479641131,marginal_confidence,3,92.59175518372685
1357,f9aca_00012,85,0.9087301587301587,marginal_confidence,3,92.59175518372685
1358,f9aca_00012,86,0.9087301587301587,marginal_confidence,3,92.59175518372685
1359,f9aca_00012,87,0.9251897860593513,marginal_confidence,3,92.59175518372685
1360,f9aca_00012,88,0.9266837169650469,marginal_confidence,3,92.59175518372685
1361,f9aca_00012,89,0.85,marginal_confidence,3,92.59175518372685
1362,f9aca_00012,90,0.9251897860593513,marginal_confidence,3,92.59175518372685
1363,f9aca_00012,91,0.9251897860593513,marginal_confidence,3,92.59175518372685
1364,f9aca_00012,92,0.9251897860593513,marginal_confidence,3,92.59175518372685
1365,f9aca_00012,93,0.8906371406371406,marginal_confidence,3,92.59175518372685
1366,f9aca_00012,94,0.9087301587301587,marginal_confidence,3,92.59175518372685
1367,f9aca_00012,95,0.9251897860593513,marginal_confidence,3,92.59175518372685
1368,f9aca_00012,96,0.8498445998445998,marginal_confidence,3,92.59175518372685
1369,f9aca_00012,97,0.917070707070707,marginal_confidence,3,92.59175518372685
1370,f9aca_00012,98,0.9063405797101449,marginal_confidence,3,92.59175518372685
1371,f9aca_00012,99,0.888888888888889,marginal_confidence,3,92.59175518372685
1372,f9aca_00012,100,0.9308807134894092,marginal_confidence,3,92.59175518372685
1373,f9aca_00012,101,0.8870945479641131,marginal_confidence,3,92.59175518372685
1374,f9aca_00012,102,0.8870945479641131,marginal_confidence,3,92.59175518372685
1375,f9aca_00012,103,0.9087301587301587,marginal_confidence,3,92.59175518372685
1376,f9aca_00012,104,0.9087301587301587,marginal_confidence,3,92.59175518372685
1377,f9aca_00012,105,0.9251897860593513,marginal_confidence,3,92.59175518372685
1378,f9aca_00013,0,0.857495400906358,marginal_confidence,4,93.08176160046578
1379,f9aca_00013,1,0.8044662309368191,marginal_confidence,4,93.08176160046578
1380,f9aca_00013,2,0.8692810457516339,marginal_confidence,4,93.08176160046578
1381,f9aca_00013,3,0.8258467023172905,marginal_confidence,4,93.08176160046578
1382,f9aca_00013,4,0.8619607843137255,marginal_confidence,4,93.08176160046578
1383,f9aca_00013,5,0.846906268228115,marginal_confidence,4,93.08176160046578
1384,f9aca_00013,6,0.8290196078431372,marginal_confidence,4,93.08176160046578
1385,f9aca_00013,7,0.8576648841354725,marginal_confidence,4,93.08176160046578
1386,f9aca_00013,8,0.8576648841354725,marginal_confidence,4,93.08176160046578
1387,f9aca_00013,9,0.8576648841354725,marginal_confidence,4,93.08176160046578
1388,f9aca_00013,10,0.8636873513707543,marginal_confidence,4,93.08176160046578
1389,f9aca_00013,11,0.8368736383442266,marginal_confidence,4,93.08176160046578
1390,f9aca_00013,12,0.8819073083778965,marginal_confidence,4,93.08176160046578
1391,f9aca_00013,13,0.8461328976034858,marginal_confidence,4,93.08176160046578
1392,f9aca_00013,14,0.846906268228115,marginal_confidence,4,93.08176160046578
1393,f9aca_00013,15,0.8375350140056023,marginal_confidence,4,93.08176160046578
1394,f9aca_00013,16,0.8375350140056023,marginal_confidence,4,93.08176160046578
1395,f9aca_00013,17,0.8375350140056023,marginal_confidence,4,93.08176160046578
1396,f9aca_00013,18,0.852311939268461,marginal_confidence,4,93.08176160046578
1397,f9aca_00013,19,0.8434343434343434,marginal_confidence,4,93.08176160046578
1398,f9aca_00013,20,0.8744588744588745,marginal_confidence,4,93.08176160046578
1399,f9aca_00013,21,0.8636873513707543,marginal_confidence,4,93.08176160046578
1400,f9aca_00013,22,0.8614814814814814,marginal_confidence,4,93.08176160046578
1401,f9aca_00013,23,0.8744588744588745,marginal_confidence,4,93.08176160046578
1402,f9aca_00013,24,0.8744588744588745,marginal_confidence,4,93.08176160046578
1403,f9aca_00013,25,0.8501811594202898,marginal_confidence,4,93.08176160046578
1404,f9aca_00013,26,0.8876811594202899,marginal_confidence,4,93.08176160046578
1405,f9aca_00013,27,0.902046783625731,marginal_confidence,4,93.08176160046578
1406,f9aca_00013,28,0.8785403050108932,marginal_confidence,4,93.08176160046578
1407,f9aca_00013,29,0.902046783625731,marginal_confidence,4,93.08176160046578
1408,f9aca_00013,30,0.902046783625731,marginal_confidence,4,93.08176160046578
1409,f9aca_00013,31,0.902046783625731,marginal_confidence,4,93.08176160046578
1410,f9aca_00013,32,0.902046783625731,marginal_confidence,4,93.08176160046578
1411,f9aca_00013,33,0.8876811594202899,marginal_confidence,4,93.08176160046578
1412,f9aca_00013,34,0.8881172839506174,marginal_confidence,4,93.08176160046578
1413,f9aca_00013,35,0.8876811594202899,marginal_confidence,4,93.08176160046578
1414,f9aca_00013,36,0.902046783625731,marginal_confidence,4,93.08176160046578
1415,f9aca_00013,37,0.9027149321266968,marginal_confidence,4,93.08176160046578
1416,f9aca_00013,38,0.9351432880844645,marginal_confidence,4,93.08176160046578
1417,f9aca_00013,39,0.9177777777777778,marginal_confidence,4,93.08176160046578
1418,f9aca_00013,40,0.8859259259259259,marginal_confidence,4,93.08176160046578
1419,f9aca_00013,41,0.902046783625731,marginal_confidence,4,93.08176160046578
1420,f9aca_00013,42,0.8859259259259259,marginal_confidence,4,93.08176160046578
1421,f9aca_00013,43,0.8876811594202899,marginal_confidence,4,93.08176160046578
1422,f9aca_00013,44,0.902046783625731,marginal_confidence,4,93.08176160046578
1423,f9aca_00013,45,0.902046783625731,marginal_confidence,4,93.08176160046578
1424,f9aca_00013,46,0.902046783625731,marginal_confidence,4,93.08176160046578
1425,f9aca_00013,47,0.8706140350877193,marginal_confidence,4,93.08176160046578
1426,f9aca_00013,48,0.902046783625731,marginal_confidence,4,93.08176160046578
1427,f9aca_00013,49,0.9334795321637427,marginal_confidence,4,93.08176160046578
1428,f9aca_00013,50,0.8876811594202899,marginal_confidence,4,93.08176160046578
1429,f9aca_00013,51,0.8876811594202899,marginal_confidence,4,93.08176160046578
1430,f9aca_00013,52,0.902046783625731,marginal_confidence,4,93.08176160046578
1431,f9aca_00013,53,0.9365079365079364,marginal_confidence,4,93.08176160046578
1432,f9aca_00013,54,0.8876811594202899,marginal_confidence,4,93.08176160046578
1433,f9aca_00013,55,0.8859259259259259,marginal_confidence,4,93.08176160046578
1434,f9aca_00013,56,0.8859259259259259,marginal_confidence,4,93.08176160046578
1435,f9aca_00013,57,0.8706140350877193,marginal_confidence,4,93.08176160046578
1436,f9aca_00013,58,0.902046783625731,marginal_confidence,4,93.08176160046578
1437,f9aca_00013,59,0.902046783625731,marginal_confidence,4,93.08176160046578
1438,f9aca_00013,60,0.8859259259259259,marginal_confidence,4,93.08176160046578
1439,f9aca_00013,61,0.902046783625731,marginal_confidence,4,93.08176160046578
1440,f9aca_00013,62,0.8876811594202899,marginal_confidence,4,93.08176160046578
1441,f9aca_00013,63,0.902046783625731,marginal_confidence,4,93.08176160046578
1442,f9aca_00013,64,0.8859259259259259,marginal_confidence,4,93.08176160046578
1443,f9aca_00013,65,0.918840579710145,marginal_confidence,4,93.08176160046578
1444,f9aca_00013,66,0.8744588744588745,marginal_confidence,4,93.08176160046578
1445,f9aca_00013,67,0.8859259259259259,marginal_confidence,4,93.08176160046578
1446,f9aca_00013,68,0.8565217391304348,marginal_confidence,4,93.08176160046578
1447,f9aca_00013,69,0.902046783625731,marginal_confidence,4,93.08176160046578
1448,f9aca_00013,70,0.9177777777777778,marginal_confidence,4,93.08176160046578
1449,f9aca_00013,71,0.902046783625731,marginal_confidence,4,93.08176160046578
1450,f9aca_00013,72,0.9177777777777778,marginal_confidence,4,93.08176160046578
1451,f9aca_00013,73,0.8706140350877193,marginal_confidence,4,93.08176160046578
1452,f9aca_00013,74,0.8859259259259259,marginal_confidence,4,93.08176160046578
1453,f9aca_00013,75,0.902046783625731,marginal_confidence,4,93.08176160046578
1454,f9aca_00013,76,0.902046783625731,marginal_confidence,4,93.08176160046578
1455,f9aca_00013,77,0.8859259259259259,marginal_confidence,4,93.08176160046578
1456,f9aca_00013,78,0.902046783625731,marginal_confidence,4,93.08176160046578
1457,f9aca_00013,79,0.9027149321266968,marginal_confidence,4,93.08176160046578
1458,f9aca_00013,80,0.902046783625731,marginal_confidence,4,93.08176160046578
1459,f9aca_00013,81,0.902046783625731,marginal_confidence,4,93.08176160046578
1460,f9aca_00013,82,0.8876811594202899,marginal_confidence,4,93.08176160046578
1461,f9aca_00013,83,0.8859259259259259,marginal_confidence,4,93.08176160046578
1462,f9aca_00013,84,0.9027149321266968,marginal_confidence,4,93.08176160046578
1463,f9aca_00013,85,0.9351432880844645,marginal_confidence,4,93.08176160046578
1464,f9aca_00013,86,0.902046783625731,marginal_confidence,4,93.08176160046578
1465,f9aca_00013,87,0.9011764705882354,marginal_confidence,4,93.08176160046578
1466,f9aca_00013,88,0.9334795321637427,marginal_confidence,4,93.08176160046578
1467,f9aca_00013,89,0.8859259259259259,marginal_confidence,4,93.08176160046578
1468,f9aca_00013,90,0.902046783625731,marginal_confidence,4,93.08176160046578
1469,f9aca_00013,91,0.8876811594202899,marginal_confidence,4,93.08176160046578
1470,f9aca_00013,92,0.902046783625731,marginal_confidence,4,93.08176160046578
1471,f9aca_00013,93,0.902046783625731,marginal_confidence,4,93.08176160046578
1472,f9aca_00013,94,0.8706140350877193,marginal_confidence,4,93.08176160046578
1473,f9aca_00013,95,0.918840579710145,marginal_confidence,4,93.08176160046578
1474,f9aca_00013,96,0.9054834054834054,marginal_confidence,4,93.08176160046578
1475,f9aca_00013,97,0.8744588744588745,marginal_confidence,4,93.08176160046578
1476,f9aca_00013,98,0.8876811594202899,marginal_confidence,4,93.08176160046578
1477,f9aca_00013,99,0.8859259259259259,marginal_confidence,4,93.08176160046578
1478,f9aca_00013,100,0.918840579710145,marginal_confidence,4,93.08176160046578
1479,f9aca_00013,101,0.8876811594202899,marginal_confidence,4,93.08176160046578
1480,f9aca_00013,102,0.9351432880844645,marginal_confidence,4,93.08176160046578
1481,f9aca_00013,103,0.8706140350877193,marginal_confidence,4,93.08176160046578
1482,f9aca_00013,104,0.918840579710145,marginal_confidence,4,93.08176160046578
1483,f9aca_00013,105,0.8876811594202899,marginal_confidence,4,93.08176160046578
1484,f9aca_00014,0,0.8170940170940172,marginal_confidence,5,96.6837485302687
1485,f9aca_00014,1,0.8844797178130511,marginal_confidence,5,96.6837485302687
1486,f9aca_00014,2,0.8527777777777779,marginal_confidence,5,96.6837485302687
1487,f9aca_00014,3,0.920185078079815,marginal_confidence,5,96.6837485302687
1488,f9aca_00014,4,0.859071484071484,marginal_confidence,5,96.6837485302687
1489,f9aca_00014,5,0.8835550414497783,marginal_confidence,5,96.6837485302687
1490,f9aca_00014,6,0.8641025641025641,marginal_confidence,5,96.6837485302687
1491,f9aca_00014,7,0.8396296296296296,marginal_confidence,5,96.6837485302687
1492,f9aca_00014,8,0.8422016579911317,marginal_confidence,5,96.6837485302687
1493,f9aca_00014,9,0.8895061728395062,marginal_confidence,5,96.6837485302687
1494,f9aca_00014,10,0.9051627384960718,marginal_confidence,5,96.6837485302687
1495,f9aca_00014,11,0.8421516754850088,marginal_confidence,5,96.6837485302687
1496,f9aca_00014,12,0.9074323986604688,marginal_confidence,5,96.6837485302687
1497,f9aca_00014,13,0.9628482972136223,marginal_confidence,5,96.6837485302687
1498,f9aca_00014,14,0.9545454545454546,marginal_confidence,5,96.6837485302687
1499,f9aca_00014,15,0.7895061728395061,marginal_confidence,5,96.6837485302687
1500,f9aca_00014,16,0.9278787878787879,marginal_confidence,5,96.6837485302687
1501,f9aca_00014,17,0.9160839160839161,marginal_confidence,5,96.6837485302687
1502,f9aca_00014,18,0.8861416361416361,marginal_confidence,5,96.6837485302687
1503,f9aca_00014,19,0.9682539682539683,marginal_confidence,5,96.6837485302687
1504,f9aca_00014,20,0.8450617283950618,marginal_confidence,5,96.6837485302687
1505,f9aca_00014,21,0.9051627384960718,marginal_confidence,5,96.6837485302687
1506,f9aca_00014,22,0.9297924297924297,marginal_confidence,5,96.6837485302687
1507,f9aca_00014,23,0.9281400966183576,marginal_confidence,5,96.6837485302687
1508,f9aca_00014,24,0.9051627384960718,marginal_confidence,5,96.6837485302687
1509,f9aca_00014,25,0.9051627384960718,marginal_confidence,5,96.6837485302687
1510,f9aca_00014,26,0.9545454545454546,marginal_confidence,5,96.6837485302687
1511,f9aca_00014,27,0.9682539682539683,marginal_confidence,5,96.6837485302687
1512,f9aca_00014,28,0.9406565656565657,marginal_confidence,5,96.6837485302687
1513,f9aca_00014,29,0.9545454545454546,marginal_confidence,5,96.6837485302687
1514,f9aca_00014,30,0.9281400966183576,marginal_confidence,5,96.6837485302687
1515,f9aca_00014,31,0.9406565656565657,marginal_confidence,5,96.6837485302687
1516,f9aca_00014,32,0.9406565656565657,marginal_confidence,5,96.6837485302687
1517,f9aca_00014,33,0.9278787878787879,marginal_confidence,5,96.6837485302687
1518,f9aca_00014,34,0.9278787878787879,marginal_confidence,5,96.6837485302687
1519,f9aca_00014,35,0.9278787878787879,marginal_confidence,5,96.6837485302687
1520,f9aca_00014,36,0.9406565656565657,marginal_confidence,5,96.6837485302687
1521,f9aca_00014,37,0.8792584227366836,marginal_confidence,5,96.6837485302687
1522,f9aca_00014,38,0.9162431771127424,marginal_confidence,5,96.6837485302687
1523,f9aca_00014,39,0.9543650793650794,marginal_confidence,5,96.6837485302687
1524,f9aca_00014,40,0.9281400966183576,marginal_confidence,5,96.6837485302687
1525,f9aca_00014,41,0.9011266511266512,marginal_confidence,5,96.6837485302687
1526,f9aca_00014,42,0.9406565656565657,marginal_confidence,5,96.6837485302687
1527,f9aca_00014,43,0.9278787878787879,marginal_confidence,5,96.6837485302687
1528,f9aca_00014,44,0.9011266511266512,marginal_confidence,5,96.6837485302687
1529,f9aca_00014,45,0.9406565656565657,marginal_confidence,5,96.6837485302687
1530,f9aca_00014,46,0.9406565656565657,marginal_confidence,5,96.6837485302687
1531,f9aca_00014,47,0.9406565656565657,marginal_confidence,5,96.6837485302687
1532,f9aca_00014,48,0.9278787878787879,marginal_confidence,5,96.6837485302687
1533,f9aca_00014,49,0.894949494949495,marginal_confidence,5,96.6837485302687
1534,f9aca_00014,50,0.9543650793650794,marginal_confidence,5,96.6837485302687
1535,f9aca_00014,51,0.9406565656565657,marginal_confidence,5,96.6837485302687
1536,f9aca_00014,52,0.9543650793650794,marginal_confidence,5,96.6837485302687
1537,f9aca_00014,53,0.9162431771127424,marginal_confidence,5,96.6837485302687
1538,f9aca_00014,54,0.9278787878787879,marginal_confidence,5,96.6837485302687
1539,f9aca_00014,55,0.9566666666666667,marginal_confidence,5,96.6837485302687
1540,f9aca_00014,56,0.9011266511266512,marginal_confidence,5,96.6837485302687
1541,f9aca_00014,57,0.8456565656565657,marginal_confidence,5,96.6837485302687
1542,f9aca_00014,58,0.9406565656565657,marginal_confidence,5,96.6837485302687
1543,f9aca_00014,59,0.9153623188405797,marginal_confidence,5,96.6837485302687
1544,f9aca_00014,60,0.9011266511266512,marginal_confidence,5,96.6837485302687
1545,f9aca_00014,61,0.9160839160839161,marginal_confidence,5,96.6837485302687
1546,f9aca_00014,62,0.9281400966183576,marginal_confidence,5,96.6837485302687
1547,f9aca_00014,63,0.9406565656565657,marginal_confidence,5,96.6837485302687
1548,f9aca_00014,64,0.9160839160839161,marginal_confidence,5,96.6837485302687
1549,f9aca_00014,65,0.9406565656565657,marginal_confidence,5,96.6837485302687
1550,f9aca_00014,66,0.9406565656565657,marginal_confidence,5,96.6837485302687
1551,f9aca_00014,67,0.9406565656565657,marginal_confidence,5,96.6837485302687
1552,f9aca_00014,68,0.9406565656565657,marginal_confidence,5,96.6837485302687
1553,f9aca_00014,69,0.9278787878787879,marginal_confidence,5,96.6837485302687
1554,f9aca_00014,70,0.9281400966183576,marginal_confidence,5,96.6837485302687
1555,f9aca_00014,71,0.9278787878787879,marginal_confidence,5,96.6837485302687
1556,f9aca_00014,72,0.9278787878787879,marginal_confidence,5,96.6837485302687
1557,f9aca_00014,73,0.9406565656565657,marginal_confidence,5,96.6837485302687
1558,f9aca_00014,74,0.9278787878787879,marginal_confidence,5,96.6837485302687
1559,f9aca_00014,75,0.9278787878787879,marginal_confidence,5,96.6837485302687
1560,f9aca_00014,76,0.9153623188405797,marginal_confidence,5,96.6837485302687
1561,f9aca_00014,77,0.9406565656565657,marginal_confidence,5,96.6837485302687
1562,f9aca_00014,78,0.9153623188405797,marginal_confidence,5,96.6837485302687
1563,f9aca_00014,79,0.9278787878787879,marginal_confidence,5,96.6837485302687
1564,f9aca_00014,80,0.9278787878787879,marginal_confidence,5,96.6837485302687
1565,f9aca_00014,81,0.9406565656565657,marginal_confidence,5,96.6837485302687
1566,f9aca_00014,82,0.9406565656565657,marginal_confidence,5,96.6837485302687
1567,f9aca_00014,83,0.9281400966183576,marginal_confidence,5,96.6837485302687
1568,f9aca_00014,84,0.9406565656565657,marginal_confidence,5,96.6837485302687
1569,f9aca_00014,85,0.9543650793650794,marginal_confidence,5,96.6837485302687
1570,f9aca_00014,86,0.9281400966183576,marginal_confidence,5,96.6837485302687
1571,f9aca_00014,87,0.9420289855072465,marginal_confidence,5,96.6837485302687
1572,f9aca_00014,88,0.9415873015873015,marginal_confidence,5,96.6837485302687
1573,f9aca_00014,89,0.9011266511266512,marginal_confidence,5,96.6837485302687
1574,f9aca_00014,90,0.9278787878787879,marginal_confidence,5,96.6837485302687
1575,f9aca_00014,91,0.9278787878787879,marginal_confidence,5,96.6837485302687
1576,f9aca_00014,92,0.9162431771127424,marginal_confidence,5,96.6837485302687
1577,f9aca_00014,93,0.9406565656565657,marginal_confidence,5,96.6837485302687
1578,f9aca_00014,94,0.9406565656565657,marginal_confidence,5,96.6837485302687
1579,f9aca_00014,95,0.9406565656565657,marginal_confidence,5,96.6837485302687
1580,f9aca_00014,96,0.9406565656565657,marginal_confidence,5,96.6837485302687
1581,f9aca_00014,97,0.9406565656565657,marginal_confidence,5,96.6837485302687
1582,f9aca_00014,98,0.9011266511266512,marginal_confidence,5,96.6837485302687
1583,f9aca_00014,99,0.9406565656565657,marginal_confidence,5,96.6837485302687
1584,f9aca_00014,100,0.9543650793650794,marginal_confidence,5,96.6837485302687
1585,f9aca_00014,101,0.9011266511266512,marginal_confidence,5,96.6837485302687
1586,f9aca_00014,102,0.9545454545454546,marginal_confidence,5,96.6837485302687
1587,f9aca_00014,103,0.9000732600732602,marginal_confidence,5,96.6837485302687
1588,f9aca_00014,104,0.9543650793650794,marginal_confidence,5,96.6837485302687
1589,f9aca_00014,105,0.9278787878787879,marginal_confidence,5,96.6837485302687
1590,f9aca_00015,0,0.8059259259259259,ratio_confidence,1,92.93247555584513
1591,f9aca_00015,1,0.8891737891737893,ratio_confidence,1,92.93247555584513
1592,f9aca_00015,2,0.7792592592592592,ratio_confidence,1,92.93247555584513
1593,f9aca_00015,3,0.8602564102564103,ratio_confidence,1,92.93247555584513
1594,f9aca_00015,4,0.8394444444444445,ratio_confidence,1,92.93247555584513
1595,f9aca_00015,5,0.8395863395863395,ratio_confidence,1,92.93247555584513
1596,f9aca_00015,6,0.7965367965367965,ratio_confidence,1,92.93247555584513
1597,f9aca_00015,7,0.8547562582345192,ratio_confidence,1,92.93247555584513
1598,f9aca_00015,8,0.8394444444444445,ratio_confidence,1,92.93247555584513
1599,f9aca_00015,9,0.8856565656565657,ratio_confidence,1,92.93247555584513
1600,f9aca_00015,10,0.8059259259259259,ratio_confidence,1,92.93247555584513
1601,f9aca_00015,11,0.8325925925925927,ratio_confidence,1,92.93247555584513
1602,f9aca_00015,12,0.8856565656565657,ratio_confidence,1,92.93247555584513
1603,f9aca_00015,13,0.8560606060606061,ratio_confidence,1,92.93247555584513
1604,f9aca_00015,14,0.8222934472934473,ratio_confidence,1,92.93247555584513
1605,f9aca_00015,15,0.8725845410628019,ratio_confidence,1,92.93247555584513
1606,f9aca_00015,16,0.8725845410628019,ratio_confidence,1,92.93247555584513
1607,f9aca_00015,17,0.8893745143745143,ratio_confidence,1,92.93247555584513
1608,f9aca_00015,18,0.8893745143745143,ratio_confidence,1,92.93247555584513
1609,f9aca_00015,19,0.8394444444444445,ratio_confidence,1,92.93247555584513
1610,f9aca_00015,20,0.8560606060606061,ratio_confidence,1,92.93247555584513
1611,f9aca_00015,21,0.8222934472934473,ratio_confidence,1,92.93247555584513
1612,f9aca_00015,22,0.7965367965367965,ratio_confidence,1,92.93247555584513
1613,f9aca_00015,23,0.8560606060606061,ratio_confidence,1,92.93247555584513
1614,f9aca_00015,24,0.8222934472934473,ratio_confidence,1,92.93247555584513
1615,f9aca_00015,25,0.8560606060606061,ratio_confidence,1,92.93247555584513
1616,f9aca_00015,26,0.8222934472934473,ratio_confidence,1,92.93247555584513
1617,f9aca_00015,27,0.8560606060606061,ratio_confidence,1,92.93247555584513
1618,f9aca_00015,28,0.8560606060606061,ratio_confidence,1,92.93247555584513
1619,f9aca_00015,29,0.8670634920634921,ratio_confidence,1,92.93247555584513
1620,f9aca_00015,30,0.8725845410628019,ratio_confidence,1,92.93247555584513
1621,f9aca_00015,31,0.8861111111111111,ratio_confidence,1,92.93247555584513
1622,f9aca_00015,32,0.8721509971509972,ratio_confidence,1,92.93247555584513
1623,f9aca_00015,33,0.9444444444444445,ratio_confidence,1,92.93247555584513
1624,f9aca_00015,34,0.9002525252525252,ratio_confidence,1,92.93247555584513
1625,f9aca_00015,35,0.922008547008547,ratio_confidence,1,92.93247555584513
1626,f9aca_00015,36,0.922008547008547,ratio_confidence,1,92.93247555584513
1627,f9aca_00015,37,0.8721509971509972,ratio_confidence,1,92.93247555584513
1628,f9aca_00015,38,0.9327777777777778,ratio_confidence,1,92.93247555584513
1629,f9aca_00015,39,0.9120370370370371,ratio_confidence,1,92.93247555584513
1630,f9aca_00015,40,0.9027777777777778,ratio_confidence,1,92.93247555584513
1631,f9aca_00015,41,0.9327777777777778,ratio_confidence,1,92.93247555584513
1632,f9aca_00015,42,0.922008547008547,ratio_confidence,1,92.93247555584513
1633,f9aca_00015,43,0.9301670551670552,ratio_confidence,1,92.93247555584513
1634,f9aca_00015,44,0.9120370370370371,ratio_confidence,1,92.93247555584513
1635,f9aca_00015,45,0.8721509971509972,ratio_confidence,1,92.93247555584513
1636,f9aca_00015,46,0.8964102564102564,ratio_confidence,1,92.93247555584513
1637,f9aca_00015,47,0.8721509971509972,ratio_confidence,1,92.93247555584513
1638,f9aca_00015,48,0.8861111111111111,ratio_confidence,1,92.93247555584513
1639,f9aca_00015,49,0.9120370370370371,ratio_confidence,1,92.93247555584513
1640,f9aca_00015,50,0.9148550724637681,ratio_confidence,1,92.93247555584513
1641,f9aca_00015,51,0.9120370370370371,ratio_confidence,1,92.93247555584513
1642,f9aca_00015,52,0.8861111111111111,ratio_confidence,1,92.93247555584513
1643,f9aca_00015,53,0.9120370370370371,ratio_confidence,1,92.93247555584513
1644,f9aca_00015,54,0.9066666666666667,ratio_confidence,1,92.93247555584513
1645,f9aca_00015,55,0.8721509971509972,ratio_confidence,1,92.93247555584513
1646,f9aca_00015,56,0.8721509971509972,ratio_confidence,1,92.93247555584513
1647,f9aca_00015,57,0.8560606060606061,ratio_confidence,1,92.93247555584513
1648,f9aca_00015,58,0.9002525252525252,ratio_confidence,1,92.93247555584513
1649,f9aca_00015,59,0.922008547008547,ratio_confidence,1,92.93247555584513
1650,f9aca_00015,60,0.922008547008547,ratio_confidence,1,92.93247555584513
1651,f9aca_00015,61,0.9027777777777778,ratio_confidence,1,92.93247555584513
1652,f9aca_00015,62,0.8725845410628019,ratio_confidence,1,92.93247555584513
1653,f9aca_00015,63,0.9327777777777778,ratio_confidence,1,92.93247555584513
1654,f9aca_00015,64,0.9444444444444445,ratio_confidence,1,92.93247555584513
1655,f9aca_00015,65,0.8560606060606061,ratio_confidence,1,92.93247555584513
1656,f9aca_00015,66,0.9327777777777778,ratio_confidence,1,92.93247555584513
1657,f9aca_00015,67,0.922008547008547,ratio_confidence,1,92.93247555584513
1658,f9aca_00015,68,0.8705555555555556,ratio_confidence,1,92.93247555584513
1659,f9aca_00015,69,0.8394444444444445,ratio_confidence,1,92.93247555584513
1660,f9aca_00015,70,0.9177777777777778,ratio_confidence,1,92.93247555584513
1661,f9aca_00015,71,0.8861111111111111,ratio_confidence,1,92.93247555584513
1662,f9aca_00015,72,0.8725845410628019,ratio_confidence,1,92.93247555584513
1663,f9aca_00015,73,0.8721509971509972,ratio_confidence,1,92.93247555584513
1664,f9aca_00015,74,0.9120370370370371,ratio_confidence,1,92.93247555584513
1665,f9aca_00015,75,0.922008547008547,ratio_confidence,1,92.93247555584513
1666,f9aca_00015,76,0.9002525252525252,ratio_confidence,1,92.93247555584513
1667,f9aca_00015,77,0.8861111111111111,ratio_confidence,1,92.93247555584513
1668,f9aca_00015,78,0.8861111111111111,ratio_confidence,1,92.93247555584513
1669,f9aca_00015,79,0.8725845410628019,ratio_confidence,1,92.93247555584513
1670,f9aca_00015,80,0.9120370370370371,ratio_confidence,1,92.93247555584513
1671,f9aca_00015,81,0.9327777777777778,ratio_confidence,1,92.93247555584513
1672,f9aca_00015,82,0.8861111111111111,ratio_confidence,1,92.93247555584513
1673,f9aca_00015,83,0.8721509971509972,ratio_confidence,1,92.93247555584513
1674,f9aca_00015,84,0.922008547008547,ratio_confidence,1,92.93247555584513
1675,f9aca_00015,85,0.9148550724637681,ratio_confidence,1,92.93247555584513
1676,f9aca_00015,86,0.8861111111111111,ratio_confidence,1,92.93247555584513
1677,f9aca_00015,87,0.922008547008547,ratio_confidence,1,92.93247555584513
1678,f9aca_00015,88,0.9120370370370371,ratio_confidence,1,92.93247555584513
1679,f9aca_00015,89,0.922008547008547,ratio_confidence,1,92.93247555584513
1680,f9aca_00015,90,0.9327777777777778,ratio_confidence,1,92.93247555584513
1681,f9aca_00015,91,0.8861111111111111,ratio_confidence,1,92.93247555584513
1682,f9aca_00015,92,0.9120370370370371,ratio_confidence,1,92.93247555584513
1683,f9aca_00015,93,0.9002525252525252,ratio_confidence,1,92.93247555584513
1684,f9aca_00015,94,0.9444444444444445,ratio_confidence,1,92.93247555584513
1685,f9aca_00015,95,0.8222934472934473,ratio_confidence,1,92.93247555584513
1686,f9aca_00015,96,0.8861111111111111,ratio_confidence,1,92.93247555584513
1687,f9aca_00015,97,0.8861111111111111,ratio_confidence,1,92.93247555584513
1688,f9aca_00015,98,0.922008547008547,ratio_confidence,1,92.93247555584513
1689,f9aca_00015,99,0.922008547008547,ratio_confidence,1,92.93247555584513
1690,f9aca_00015,100,0.9120370370370371,ratio_confidence,1,92.93247555584513
1691,f9aca_00015,101,0.8394444444444445,ratio_confidence,1,92.93247555584513
1692,f9aca_00015,102,0.922008547008547,ratio_confidence,1,92.93247555584513
1693,f9aca_00015,103,0.8861111111111111,ratio_confidence,1,92.93247555584513
1694,f9aca_00015,104,0.9027777777777778,ratio_confidence,1,92.93247555584513
1695,f9aca_00015,105,0.9148550724637681,ratio_confidence,1,92.93247555584513
1696,f9aca_00016,0,0.7837301587301587,ratio_confidence,2,88.98893796360582
1697,f9aca_00016,1,0.7102390363259928,ratio_confidence,2,88.98893796360582
1698,f9aca_00016,2,0.7712418300653594,ratio_confidence,2,88.98893796360582
1699,f9aca_00016,3,0.7501803751803752,ratio_confidence,2,88.98893796360582
1700,f9aca_00016,4,0.7695906432748538,ratio_confidence,2,88.98893796360582
1701,f9aca_00016,5,0.8231884057971014,ratio_confidence,2,88.98893796360582
1702,f9aca_00016,6,0.809368191721133,ratio_confidence,2,88.98893796360582
1703,f9aca_00016,7,0.7257631257631258,ratio_confidence,2,88.98893796360582
1704,f9aca_00016,8,0.8055555555555555,ratio_confidence,2,88.98893796360582
1705,f9aca_00016,9,0.7857142857142857,ratio_confidence,2,88.98893796360582
1706,f9aca_00016,10,0.8253968253968255,ratio_confidence,2,88.98893796360582
1707,f9aca_00016,11,0.8607456140350878,ratio_confidence,2,88.98893796360582
1708,f9aca_00016,12,0.7661227661227662,ratio_confidence,2,88.98893796360582
1709,f9aca_00016,13,0.7855260681347637,ratio_confidence,2,88.98893796360582
1710,f9aca_00016,14,0.8231884057971014,ratio_confidence,2,88.98893796360582
1711,f9aca_00016,15,0.8231884057971014,ratio_confidence,2,88.98893796360582
1712,f9aca_00016,16,0.8547619047619047,ratio_confidence,2,88.98893796360582
1713,f9aca_00016,17,0.8639291465378421,ratio_confidence,2,88.98893796360582
1714,f9aca_00016,18,0.8055555555555555,ratio_confidence,2,88.98893796360582
1715,f9aca_00016,19,0.8416666666666667,ratio_confidence,2,88.98893796360582
1716,f9aca_00016,20,0.8416666666666667,ratio_confidence,2,88.98893796360582
1717,f9aca_00016,21,0.8252380952380952,ratio_confidence,2,88.98893796360582
1718,f9aca_00016,22,0.8231884057971014,ratio_confidence,2,88.98893796360582
1719,f9aca_00016,23,0.8585144927536232,ratio_confidence,2,88.98893796360582
1720,f9aca_00016,24,0.8231884057971014,ratio_confidence,2,88.98893796360582
1721,f9aca_00016,25,0.8430026472831695,ratio_confidence,2,88.98893796360582
1722,f9aca_00016,26,0.8449122807017543,ratio_confidence,2,88.98893796360582
1723,f9aca_00016,27,0.8607456140350878,ratio_confidence,2,88.98893796360582
1724,f9aca_00016,28,0.8252380952380952,ratio_confidence,2,88.98893796360582
1725,f9aca_00016,29,0.8430026472831695,ratio_confidence,2,88.98893796360582
1726,f9aca_00016,30,0.907051282051282,ratio_confidence,2,88.98893796360582
1727,f9aca_00016,31,0.88099128540305,ratio_confidence,2,88.98893796360582
1728,f9aca_00016,32,0.8474945533769063,ratio_confidence,2,88.98893796360582
1729,f9aca_00016,33,0.8607456140350878,ratio_confidence,2,88.98893796360582
1730,f9aca_00016,34,0.8969404186795491,ratio_confidence,2,88.98893796360582
1731,f9aca_00016,35,0.8449122807017543,ratio_confidence,2,88.98893796360582
1732,f9aca_00016,36,0.8998148148148148,ratio_confidence,2,88.98893796360582
1733,f9aca_00016,37,0.8474945533769063,ratio_confidence,2,88.98893796360582
1734,f9aca_00016,38,0.8412655971479501,ratio_confidence,2,88.98893796360582
1735,f9aca_00016,39,0.8656481481481482,ratio_confidence,2,88.98893796360582
1736,f9aca_00016,40,0.8585144927536232,ratio_confidence,2,88.98893796360582
1737,f9aca_00016,41,0.8777777777777778,ratio_confidence,2,88.98893796360582
1738,f9aca_00016,42,0.8656481481481482,ratio_confidence,2,88.98893796360582
1739,f9aca_00016,43,0.8607456140350878,ratio_confidence,2,88.98893796360582
1740,f9aca_00016,44,0.8474358974358974,ratio_confidence,2,88.98893796360582
1741,f9aca_00016,45,0.8260233918128655,ratio_confidence,2,88.98893796360582
1742,f9aca_00016,46,0.8639291465378421,ratio_confidence,2,88.98893796360582
1743,f9aca_00016,47,0.8857549857549857,ratio_confidence,2,88.98893796360582
1744,f9aca_00016,48,0.8607456140350878,ratio_confidence,2,88.98893796360582
1745,f9aca_00016,49,0.8474358974358974,ratio_confidence,2,88.98893796360582
1746,f9aca_00016,50,0.8055555555555555,ratio_confidence,2,88.98893796360582
1747,f9aca_00016,51,0.8639291465378421,ratio_confidence,2,88.98893796360582
1748,f9aca_00016,52,0.8093567251461988,ratio_confidence,2,88.98893796360582
1749,f9aca_00016,53,0.9136983873825978,ratio_confidence,2,88.98893796360582
1750,f9aca_00016,54,0.8474945533769063,ratio_confidence,2,88.98893796360582
1751,f9aca_00016,55,0.8660111818006554,ratio_confidence,2,88.98893796360582
1752,f9aca_00016,56,0.8607456140350878,ratio_confidence,2,88.98893796360582
1753,f9aca_00016,57,0.8452258852258852,ratio_confidence,2,88.98893796360582
1754,f9aca_00016,58,0.8449122807017543,ratio_confidence,2,88.98893796360582
1755,f9aca_00016,59,0.8857549857549857,ratio_confidence,2,88.98893796360582
1756,f9aca_00016,60,0.86053517632465,ratio_confidence,2,88.98893796360582
1757,f9aca_00016,61,0.8260233918128655,ratio_confidence,2,88.98893796360582
1758,f9aca_00016,62,0.8260233918128655,ratio_confidence,2,88.98893796360582
1759,f9aca_00016,63,0.8260233918128655,ratio_confidence,2,88.98893796360582
1760,f9aca_00016,64,0.8760249554367201,ratio_confidence,2,88.98893796360582
1761,f9aca_00016,65,0.8639291465378421,ratio_confidence,2,88.98893796360582
1762,f9aca_00016,66,0.8607456140350878,ratio_confidence,2,88.98893796360582
1763,f9aca_00016,67,0.8607456140350878,ratio_confidence,2,88.98893796360582
1764,f9aca_00016,68,0.8942052099946837,ratio_confidence,2,88.98893796360582
1765,f9aca_00016,69,0.8857549857549857,ratio_confidence,2,88.98893796360582
1766,f9aca_00016,70,0.8260233918128655,ratio_confidence,2,88.98893796360582
1767,f9aca_00016,71,0.8449122807017543,ratio_confidence,2,88.98893796360582
1768,f9aca_00016,72,0.8878431372549019,ratio_confidence,2,88.98893796360582
1769,f9aca_00016,73,0.8449122807017543,ratio_confidence,2,88.98893796360582
1770,f9aca_00016,74,0.8474945533769063,ratio_confidence,2,88.98893796360582
1771,f9aca_00016,75,0.8260233918128655,ratio_confidence,2,88.98893796360582
1772,f9aca_00016,76,0.8656481481481482,ratio_confidence,2,88.98893796360582
1773,f9aca_00016,77,0.8998148148148148,ratio_confidence,2,88.98893796360582
1774,f9aca_00016,78,0.8474945533769063,ratio_confidence,2,88.98893796360582
1775,f9aca_00016,79,0.8055555555555555,ratio_confidence,2,88.98893796360582
1776,f9aca_00016,80,0.8656481481481482,ratio_confidence,2,88.98893796360582
1777,f9aca_00016,81,0.8639291465378421,ratio_confidence,2,88.98893796360582
1778,f9aca_00016,82,0.8639291465378421,ratio_confidence,2,88.98893796360582
1779,f9aca_00016,83,0.8055555555555555,ratio_confidence,2,88.98893796360582
1780,f9aca_00016,84,0.9299516908212561,ratio_confidence,2,88.98893796360582
1781,f9aca_00016,85,0.8260233918128655,ratio_confidence,2,88.98893796360582
1782,f9aca_00016,86,0.8449122807017543,ratio_confidence,2,88.98893796360582
1783,f9aca_00016,87,0.86005291005291,ratio_confidence,2,88.98893796360582
1784,f9aca_00016,88,0.8252380952380952,ratio_confidence,2,88.98893796360582
1785,f9aca_00016,89,0.8969404186795491,ratio_confidence,2,88.98893796360582
1786,f9aca_00016,90,0.9112038408040561,ratio_confidence,2,88.98893796360582
1787,f9aca_00016,91,0.8656481481481482,ratio_confidence,2,88.98893796360582
1788,f9aca_00016,92,0.9027777777777778,ratio_confidence,2,88.98893796360582
1789,f9aca_00016,93,0.8639291465378421,ratio_confidence,2,88.98893796360582
1790,f9aca_00016,94,0.8788638262322473,ratio_confidence,2,88.98893796360582
1791,f9aca_00016,95,0.88099128540305,ratio_confidence,2,88.98893796360582
1792,f9aca_00016,96,0.8656481481481482,ratio_confidence,2,88.98893796360582
1793,f9aca_00016,97,0.8416666666666667,ratio_confidence,2,88.98893796360582
1794,f9aca_00016,98,0.8260233918128655,ratio_confidence,2,88.98893796360582
1795,f9aca_00016,99,0.8474945533769063,ratio_confidence,2,88.98893796360582
1796,f9aca_00016,100,0.88099128540305,ratio_confidence,2,88.98893796360582
1797,f9aca_00016,101,0.88099128540305,ratio_confidence,2,88.98893796360582
1798,f9aca_00016,102,0.88046783625731,ratio_confidence,2,88.98893796360582
1799,f9aca_00016,103,0.8507122507122507,ratio_confidence,2,88.98893796360582
1800,f9aca_00016,104,0.9314814814814815,ratio_confidence,2,88.98893796360582
1801,f9aca_00016,105,0.8231884057971014,ratio_confidence,2,88.98893796360582
1802,f9aca_00017,0,0.9114331723027376,ratio_confidence,3,92.66196154433602
1803,f9aca_00017,1,0.8743961352657005,ratio_confidence,3,92.66196154433602
1804,f9aca_00017,2,0.8554314174182259,ratio_confidence,3,92.66196154433602
1805,f9aca_00017,3,0.9114331723027376,ratio_confidence,3,92.66196154433602
1806,f9aca_00017,4,0.8977879481311976,ratio_confidence,3,92.66196154433602
1807,f9aca_00017,5,0.8848484848484848,ratio_confidence,3,92.66196154433602
1808,f9aca_00017,6,0.8895320141786692,ratio_confidence,3,92.66196154433602
1809,f9aca_00017,7,0.8895320141786692,ratio_confidence,3,92.66196154433602
1810,f9aca_00017,8,0.8743961352657005,ratio_confidence,3,92.66196154433602
1811,f9aca_00017,9,0.8870945479641131,ratio_confidence,3,92.66196154433602
1812,f9aca_00017,10,0.8686241294936948,ratio_confidence,3,92.66196154433602
1813,f9aca_00017,11,0.8122843340234644,ratio_confidence,3,92.66196154433602
1814,f9aca_00017,12,0.8313405797101449,ratio_confidence,3,92.66196154433602
1815,f9aca_00017,13,0.8523803113922915,ratio_confidence,3,92.66196154433602
1816,f9aca_00017,14,0.8296630905326557,ratio_confidence,3,92.66196154433602
1817,f9aca_00017,15,0.8316393751176361,ratio_confidence,3,92.66196154433602
1818,f9aca_00017,16,0.8330627705627706,ratio_confidence,3,92.66196154433602
1819,f9aca_00017,17,0.8686241294936948,ratio_confidence,3,92.66196154433602
1820,f9aca_00017,18,0.8686241294936948,ratio_confidence,3,92.66196154433602
1821,f9aca_00017,19,0.8131313131313131,ratio_confidence,3,92.66196154433602
1822,f9aca_00017,20,0.8131313131313131,ratio_confidence,3,92.66196154433602
1823,f9aca_00017,21,0.8686241294936948,ratio_confidence,3,92.66196154433602
1824,f9aca_00017,22,0.8686241294936948,ratio_confidence,3,92.66196154433602
1825,f9aca_00017,23,0.8505050505050505,ratio_confidence,3,92.66196154433602
1826,f9aca_00017,24,0.8330627705627706,ratio_confidence,3,92.66196154433602
1827,f9aca_00017,25,0.8686241294936948,ratio_confidence,3,92.66196154433602
1828,f9aca_00017,26,0.8296630905326557,ratio_confidence,3,92.66196154433602
1829,f9aca_00017,27,0.8316393751176361,ratio_confidence,3,92.66196154433602
1830,f9aca_00017,28,0.8296630905326557,ratio_confidence,3,92.66196154433602
1831,f9aca_00017,29,0.8131313131313131,ratio_confidence,3,92.66196154433602
1832,f9aca_00017,30,0.8316393751176361,ratio_confidence,3,92.66196154433602
1833,f9aca_00017,31,0.8523698523698524,ratio_confidence,3,92.66196154433602
1834,f9aca_00017,32,0.8870945479641131,ratio_confidence,3,92.66196154433602
1835,f9aca_00017,33,0.8296630905326557,ratio_confidence,3,92.66196154433602
1836,f9aca_00017,34,0.890746934225195,ratio_confidence,3,92.66196154433602
1837,f9aca_00017,35,0.8489993098688751,ratio_confidence,3,92.66196154433602
1838,f9aca_00017,36,0.8505050505050505,ratio_confidence,3,92.66196154433602
1839,f9aca_00017,37,0.8506131549609811,ratio_confidence,3,92.66196154433602
1840,f9aca_00017,38,0.8506131549609811,ratio_confidence,3,92.66196154433602
1841,f9aca_00017,39,0.8489993098688751,ratio_confidence,3,92.66196154433602
1842,f9aca_00017,40,0.8506131549609811,ratio_confidence,3,92.66196154433602
1843,f9aca_00017,41,0.8686241294936948,ratio_confidence,3,92.66196154433602
1844,f9aca_00017,42,0.8498445998445998,ratio_confidence,3,92.66196154433602
1845,f9aca_00017,43,0.8870945479641131,ratio_confidence,3,92.66196154433602
1846,f9aca_00017,44,0.8870945479641131,ratio_confidence,3,92.66196154433602
1847,f9aca_00017,45,0.8690476190476191,ratio_confidence,3,92.66196154433602
1848,f9aca_00017,46,0.8870945479641131,ratio_confidence,3,92.66196154433602
1849,f9aca_00017,47,0.85,ratio_confidence,3,92.66196154433602
1850,f9aca_00017,48,0.9251897860593513,ratio_confidence,3,92.66196154433602
1851,f9aca_00017,49,0.8884748102139405,ratio_confidence,3,92.66196154433602
1852,f9aca_00017,50,0.9063405797101449,ratio_confidence,3,92.66196154433602
1853,f9aca_00017,51,0.9063405797101449,ratio_confidence,3,92.66196154433602
1854,f9aca_00017,52,0.9251897860593513,ratio_confidence,3,92.66196154433602
1855,f9aca_00017,53,0.9251897860593513,ratio_confidence,3,92.66196154433602
1856,f9aca_00017,54,0.8870945479641131,ratio_confidence,3,92.66196154433602
1857,f9aca_00017,55,0.9251897860593513,ratio_confidence,3,92.66196154433602
1858,f9aca_00017,56,0.9063405797101449,ratio_confidence,3,92.66196154433602
1859,f9aca_00017,57,0.8498445998445998,ratio_confidence,3,92.66196154433602
1860,f9aca_00017,58,0.9308807134894092,ratio_confidence,3,92.66196154433602
1861,f9aca_00017,59,0.9063405797101449,ratio_confidence,3,92.66196154433602
1862,f9aca_00017,60,0.8686241294936948,ratio_confidence,3,92.66196154433602
1863,f9aca_00017,61,0.8906371406371406,ratio_confidence,3,92.66196154433602
1864,f9aca_00017,62,0.9075851684547337,ratio_confidence,3,92.66196154433602
1865,f9aca_00017,63,0.9465462074157727,ratio_confidence,3,92.66196154433602
1866,f9aca_00017,64,0.9251897860593513,ratio_confidence,3,92.66196154433602
1867,f9aca_00017,65,0.8690476190476191,ratio_confidence,3,92.66196154433602
1868,f9aca_00017,66,0.9007114624505929,ratio_confidence,3,92.66196154433602
1869,f9aca_00017,67,0.9063405797101449,ratio_confidence,3,92.66196154433602
1870,f9aca_00017,68,0.890746934225195,ratio_confidence,3,92.66196154433602
1871,f9aca_00017,69,0.9314296814296815,ratio_confidence,3,92.66196154433602
1872,f9aca_00017,70,0.8870945479641131,ratio_confidence,3,92.66196154433602
1873,f9aca_00017,71,0.8690476190476191,ratio_confidence,3,92.66196154433602
1874,f9aca_00017,72,0.8870945479641131,ratio_confidence,3,92.66196154433602
1875,f9aca_00017,73,0.9154589371980676,ratio_confidence,3,92.66196154433602
1876,f9aca_00017,74,0.9063405797101449,ratio_confidence,3,92.66196154433602
1877,f9aca_00017,75,0.9075851684547337,ratio_confidence,3,92.66196154433602
1878,f9aca_00017,76,0.8692828910220215,ratio_confidence,3,92.66196154433602
1879,f9aca_00017,77,0.8906371406371406,ratio_confidence,3,92.66196154433602
1880,f9aca_00017,78,0.9465462074157727,ratio_confidence,3,92.66196154433602
1881,f9aca_00017,79,0.9075851684547337,ratio_confidence,3,92.66196154433602
1882,f9aca_00017,80,0.8503795721187025,ratio_confidence,3,92.66196154433602
1883,f9aca_00017,81,0.9087301587301587,ratio_confidence,3,92.66196154433602
1884,f9aca_00017,82,0.9251897860593513,ratio_confidence,3,92.66196154433602
1885,f9aca_00017,83,0.890746934225195,ratio_confidence,3,92.66196154433602
1886,f9aca_00017,84,0.8870945479641131,ratio_confidence,3,92.66196154433602
1887,f9aca_00017,85,0.8906371406371406,ratio_confidence,3,92.66196154433602
1888,f9aca_00017,86,0.8692828910220215,ratio_confidence,3,92.66196154433602
1889,f9aca_00017,87,0.9251897860593513,ratio_confidence,3,92.66196154433602
1890,f9aca_00017,88,0.9107744107744108,ratio_confidence,3,92.66196154433602
1891,f9aca_00017,89,0.8906371406371406,ratio_confidence,3,92.66196154433602
1892,f9aca_00017,90,0.9251897860593513,ratio_confidence,3,92.66196154433602
1893,f9aca_00017,91,0.9308807134894092,ratio_confidence,3,92.66196154433602
1894,f9aca_00017,92,0.9063405797101449,ratio_confidence,3,92.66196154433602
1895,f9aca_00017,93,0.871031746031746,ratio_confidence,3,92.66196154433602
1896,f9aca_00017,94,0.9465462074157727,ratio_confidence,3,92.66196154433602
1897,f9aca_00017,95,0.9063405797101449,ratio_confidence,3,92.66196154433602
1898,f9aca_00017,96,0.8690476190476191,ratio_confidence,3,92.66196154433602
1899,f9aca_00017,97,0.9465462074157727,ratio_confidence,3,92.66196154433602
1900,f9aca_00017,98,0.8870945479641131,ratio_confidence,3,92.66196154433602
1901,f9aca_00017,99,0.9063405797101449,ratio_confidence,3,92.66196154433602
1902,f9aca_00017,100,0.9308807134894092,ratio_confidence,3,92.66196154433602
1903,f9aca_00017,101,0.8870945479641131,ratio_confidence,3,92.66196154433602
1904,f9aca_00017,102,0.8870945479641131,ratio_confidence,3,92.66196154433602
1905,f9aca_00017,103,0.9087301587301587,ratio_confidence,3,92.66196154433602
1906,f9aca_00017,104,0.9087301587301587,ratio_confidence,3,92.66196154433602
1907,f9aca_00017,105,0.9251897860593513,ratio_confidence,3,92.66196154433602
1908,f9aca_00018,0,0.857495400906358,ratio_confidence,4,93.08176160046578
1909,f9aca_00018,1,0.8044662309368191,ratio_confidence,4,93.08176160046578
1910,f9aca_00018,2,0.8692810457516339,ratio_confidence,4,93.08176160046578
1911,f9aca_00018,3,0.8258467023172905,ratio_confidence,4,93.08176160046578
1912,f9aca_00018,4,0.8619607843137255,ratio_confidence,4,93.08176160046578
1913,f9aca_00018,5,0.846906268228115,ratio_confidence,4,93.08176160046578
1914,f9aca_00018,6,0.8290196078431372,ratio_confidence,4,93.08176160046578
1915,f9aca_00018,7,0.8576648841354725,ratio_confidence,4,93.08176160046578
1916,f9aca_00018,8,0.8576648841354725,ratio_confidence,4,93.08176160046578
1917,f9aca_00018,9,0.8576648841354725,ratio_confidence,4,93.08176160046578
1918,f9aca_00018,10,0.8636873513707543,ratio_confidence,4,93.08176160046578
1919,f9aca_00018,11,0.8368736383442266,ratio_confidence,4,93.08176160046578
1920,f9aca_00018,12,0.8819073083778965,ratio_confidence,4,93.08176160046578
1921,f9aca_00018,13,0.8461328976034858,ratio_confidence,4,93.08176160046578
1922,f9aca_00018,14,0.846906268228115,ratio_confidence,4,93.08176160046578
1923,f9aca_00018,15,0.8375350140056023,ratio_confidence,4,93.08176160046578
1924,f9aca_00018,16,0.8375350140056023,ratio_confidence,4,93.08176160046578
1925,f9aca_00018,17,0.8375350140056023,ratio_confidence,4,93.08176160046578
1926,f9aca_00018,18,0.852311939268461,ratio_confidence,4,93.08176160046578
1927,f9aca_00018,19,0.8434343434343434,ratio_confidence,4,93.08176160046578
1928,f9aca_00018,20,0.8744588744588745,ratio_confidence,4,93.08176160046578
1929,f9aca_00018,21,0.8636873513707543,ratio_confidence,4,93.08176160046578
1930,f9aca_00018,22,0.8614814814814814,ratio_confidence,4,93.08176160046578
1931,f9aca_00018,23,0.8744588744588745,ratio_confidence,4,93.08176160046578
1932,f9aca_00018,24,0.8744588744588745,ratio_confidence,4,93.08176160046578
1933,f9aca_00018,25,0.8501811594202898,ratio_confidence,4,93.08176160046578
1934,f9aca_00018,26,0.8876811594202899,ratio_confidence,4,93.08176160046578
1935,f9aca_00018,27,0.902046783625731,ratio_confidence,4,93.08176160046578
1936,f9aca_00018,28,0.8785403050108932,ratio_confidence,4,93.08176160046578
1937,f9aca_00018,29,0.902046783625731,ratio_confidence,4,93.08176160046578
1938,f9aca_00018,30,0.902046783625731,ratio_confidence,4,93.08176160046578
1939,f9aca_00018,31,0.902046783625731,ratio_confidence,4,93.08176160046578
1940,f9aca_00018,32,0.902046783625731,ratio_confidence,4,93.08176160046578
1941,f9aca_00018,33,0.8876811594202899,ratio_confidence,4,93.08176160046578
1942,f9aca_00018,34,0.8881172839506174,ratio_confidence,4,93.08176160046578
1943,f9aca_00018,35,0.8876811594202899,ratio_confidence,4,93.08176160046578
1944,f9aca_00018,36,0.902046783625731,ratio_confidence,4,93.08176160046578
1945,f9aca_00018,37,0.9027149321266968,ratio_confidence,4,93.08176160046578
1946,f9aca_00018,38,0.9351432880844645,ratio_confidence,4,93.08176160046578
1947,f9aca_00018,39,0.9177777777777778,ratio_confidence,4,93.08176160046578
1948,f9aca_00018,40,0.8859259259259259,ratio_confidence,4,93.08176160046578
1949,f9aca_00018,41,0.902046783625731,ratio_confidence,4,93.08176160046578
1950,f9aca_00018,42,0.8859259259259259,ratio_confidence,4,93.08176160046578
1951,f9aca_00018,43,0.8876811594202899,ratio_confidence,4,93.08176160046578
1952,f9aca_00018,44,0.902046783625731,ratio_confidence,4,93.08176160046578
1953,f9aca_00018,45,0.902046783625731,ratio_confidence,4,93.08176160046578
1954,f9aca_00018,46,0.902046783625731,ratio_confidence,4,93.08176160046578
1955,f9aca_00018,47,0.8706140350877193,ratio_confidence,4,93.08176160046578
1956,f9aca_00018,48,0.902046783625731,ratio_confidence,4,93.08176160046578
1957,f9aca_00018,49,0.9334795321637427,ratio_confidence,4,93.08176160046578
1958,f9aca_00018,50,0.8876811594202899,ratio_confidence,4,93.08176160046578
1959,f9aca_00018,51,0.8876811594202899,ratio_confidence,4,93.08176160046578
1960,f9aca_00018,52,0.902046783625731,ratio_confidence,4,93.08176160046578
1961,f9aca_00018,53,0.9365079365079364,ratio_confidence,4,93.08176160046578
1962,f9aca_00018,54,0.8876811594202899,ratio_confidence,4,93.08176160046578
1963,f9aca_00018,55,0.8859259259259259,ratio_confidence,4,93.08176160046578
1964,f9aca_00018,56,0.8859259259259259,ratio_confidence,4,93.08176160046578
1965,f9aca_00018,57,0.8706140350877193,ratio_confidence,4,93.08176160046578
1966,f9aca_00018,58,0.902046783625731,ratio_confidence,4,93.08176160046578
1967,f9aca_00018,59,0.902046783625731,ratio_confidence,4,93.08176160046578
1968,f9aca_00018,60,0.8859259259259259,ratio_confidence,4,93.08176160046578
1969,f9aca_00018,61,0.902046783625731,ratio_confidence,4,93.08176160046578
1970,f9aca_00018,62,0.8876811594202899,ratio_confidence,4,93.08176160046578
1971,f9aca_00018,63,0.902046783625731,ratio_confidence,4,93.08176160046578
1972,f9aca_00018,64,0.8859259259259259,ratio_confidence,4,93.08176160046578
1973,f9aca_00018,65,0.918840579710145,ratio_confidence,4,93.08176160046578
1974,f9aca_00018,66,0.8744588744588745,ratio_confidence,4,93.08176160046578
1975,f9aca_00018,67,0.8859259259259259,ratio_confidence,4,93.08176160046578
1976,f9aca_00018,68,0.8565217391304348,ratio_confidence,4,93.08176160046578
1977,f9aca_00018,69,0.902046783625731,ratio_confidence,4,93.08176160046578
1978,f9aca_00018,70,0.9177777777777778,ratio_confidence,4,93.08176160046578
1979,f9aca_00018,71,0.902046783625731,ratio_confidence,4,93.08176160046578
1980,f9aca_00018,72,0.9177777777777778,ratio_confidence,4,93.08176160046578
1981,f9aca_00018,73,0.8706140350877193,ratio_confidence,4,93.08176160046578
1982,f9aca_00018,74,0.8859259259259259,ratio_confidence,4,93.08176160046578
1983,f9aca_00018,75,0.902046783625731,ratio_confidence,4,93.08176160046578
1984,f9aca_00018,76,0.902046783625731,ratio_confidence,4,93.08176160046578
1985,f9aca_00018,77,0.8859259259259259,ratio_confidence,4,93.08176160046578
1986,f9aca_00018,78,0.902046783625731,ratio_confidence,4,93.08176160046578
1987,f9aca_00018,79,0.9027149321266968,ratio_confidence,4,93.08176160046578
1988,f9aca_00018,80,0.902046783625731,ratio_confidence,4,93.08176160046578
1989,f9aca_00018,81,0.902046783625731,ratio_confidence,4,93.08176160046578
1990,f9aca_00018,82,0.8876811594202899,ratio_confidence,4,93.08176160046578
1991,f9aca_00018,83,0.8859259259259259,ratio_confidence,4,93.08176160046578
1992,f9aca_00018,84,0.9027149321266968,ratio_confidence,4,93.08176160046578
1993,f9aca_00018,85,0.9351432880844645,ratio_confidence,4,93.08176160046578
1994,f9aca_00018,86,0.902046783625731,ratio_confidence,4,93.08176160046578
1995,f9aca_00018,87,0.9011764705882354,ratio_confidence,4,93.08176160046578
1996,f9aca_00018,88,0.9334795321637427,ratio_confidence,4,93.08176160046578
1997,f9aca_00018,89,0.8859259259259259,ratio_confidence,4,93.08176160046578
1998,f9aca_00018,90,0.902046783625731,ratio_confidence,4,93.08176160046578
1999,f9aca_00018,91,0.8876811594202899,ratio_confidence,4,93.08176160046578
2000,f9aca_00018,92,0.902046783625731,ratio_confidence,4,93.08176160046578
2001,f9aca_00018,93,0.902046783625731,ratio_confidence,4,93.08176160046578
2002,f9aca_00018,94,0.8706140350877193,ratio_confidence,4,93.08176160046578
2003,f9aca_00018,95,0.918840579710145,ratio_confidence,4,93.08176160046578
2004,f9aca_00018,96,0.9054834054834054,ratio_confidence,4,93.08176160046578
2005,f9aca_00018,97,0.8744588744588745,ratio_confidence,4,93.08176160046578
2006,f9aca_00018,98,0.8876811594202899,ratio_confidence,4,93.08176160046578
2007,f9aca_00018,99,0.8859259259259259,ratio_confidence,4,93.08176160046578
2008,f9aca_00018,100,0.918840579710145,ratio_confidence,4,93.08176160046578
2009,f9aca_00018,101,0.8876811594202899,ratio_confidence,4,93.08176160046578
2010,f9aca_00018,102,0.9351432880844645,ratio_confidence,4,93.08176160046578
2011,f9aca_00018,103,0.8706140350877193,ratio_confidence,4,93.08176160046578
2012,f9aca_00018,104,0.918840579710145,ratio_confidence,4,93.08176160046578
2013,f9aca_00018,105,0.8876811594202899,ratio_confidence,4,93.08176160046578
2014,f9aca_00019,0,0.8170940170940172,ratio_confidence,5,96.6837485302687
2015,f9aca_00019,1,0.8844797178130511,ratio_confidence,5,96.6837485302687
2016,f9aca_00019,2,0.8527777777777779,ratio_confidence,5,96.6837485302687
2017,f9aca_00019,3,0.920185078079815,ratio_confidence,5,96.6837485302687
2018,f9aca_00019,4,0.859071484071484,ratio_confidence,5,96.6837485302687
2019,f9aca_00019,5,0.8835550414497783,ratio_confidence,5,96.6837485302687
2020,f9aca_00019,6,0.8641025641025641,ratio_confidence,5,96.6837485302687
2021,f9aca_00019,7,0.8396296296296296,ratio_confidence,5,96.6837485302687
2022,f9aca_00019,8,0.8422016579911317,ratio_confidence,5,96.6837485302687
2023,f9aca_00019,9,0.8895061728395062,ratio_confidence,5,96.6837485302687
2024,f9aca_00019,10,0.9051627384960718,ratio_confidence,5,96.6837485302687
2025,f9aca_00019,11,0.8421516754850088,ratio_confidence,5,96.6837485302687
2026,f9aca_00019,12,0.9074323986604688,ratio_confidence,5,96.6837485302687
2027,f9aca_00019,13,0.9628482972136223,ratio_confidence,5,96.6837485302687
2028,f9aca_00019,14,0.9545454545454546,ratio_confidence,5,96.6837485302687
2029,f9aca_00019,15,0.7895061728395061,ratio_confidence,5,96.6837485302687
2030,f9aca_00019,16,0.9278787878787879,ratio_confidence,5,96.6837485302687
2031,f9aca_00019,17,0.9160839160839161,ratio_confidence,5,96.6837485302687
2032,f9aca_00019,18,0.8861416361416361,ratio_confidence,5,96.6837485302687
2033,f9aca_00019,19,0.9682539682539683,ratio_confidence,5,96.6837485302687
2034,f9aca_00019,20,0.8450617283950618,ratio_confidence,5,96.6837485302687
2035,f9aca_00019,21,0.9051627384960718,ratio_confidence,5,96.6837485302687
2036,f9aca_00019,22,0.9297924297924297,ratio_confidence,5,96.6837485302687
2037,f9aca_00019,23,0.9281400966183576,ratio_confidence,5,96.6837485302687
2038,f9aca_00019,24,0.9051627384960718,ratio_confidence,5,96.6837485302687
2039,f9aca_00019,25,0.9051627384960718,ratio_confidence,5,96.6837485302687
2040,f9aca_00019,26,0.9545454545454546,ratio_confidence,5,96.6837485302687
2041,f9aca_00019,27,0.9682539682539683,ratio_confidence,5,96.6837485302687
2042,f9aca_00019,28,0.9406565656565657,ratio_confidence,5,96.6837485302687
2043,f9aca_00019,29,0.9545454545454546,ratio_confidence,5,96.6837485302687
2044,f9aca_00019,30,0.9281400966183576,ratio_confidence,5,96.6837485302687
2045,f9aca_00019,31,0.9406565656565657,ratio_confidence,5,96.6837485302687
2046,f9aca_00019,32,0.9406565656565657,ratio_confidence,5,96.6837485302687
2047,f9aca_00019,33,0.9278787878787879,ratio_confidence,5,96.6837485302687
2048,f9aca_00019,34,0.9278787878787879,ratio_confidence,5,96.6837485302687
2049,f9aca_00019,35,0.9278787878787879,ratio_confidence,5,96.6837485302687
2050,f9aca_00019,36,0.9406565656565657,ratio_confidence,5,96.6837485302687
2051,f9aca_00019,37,0.8792584227366836,ratio_confidence,5,96.6837485302687
2052,f9aca_00019,38,0.9162431771127424,ratio_confidence,5,96.6837485302687
2053,f9aca_00019,39,0.9543650793650794,ratio_confidence,5,96.6837485302687
2054,f9aca_00019,40,0.9281400966183576,ratio_confidence,5,96.6837485302687
2055,f9aca_00019,41,0.9011266511266512,ratio_confidence,5,96.6837485302687
2056,f9aca_00019,42,0.9406565656565657,ratio_confidence,5,96.6837485302687
2057,f9aca_00019,43,0.9278787878787879,ratio_confidence,5,96.6837485302687
2058,f9aca_00019,44,0.9011266511266512,ratio_confidence,5,96.6837485302687
2059,f9aca_00019,45,0.9406565656565657,ratio_confidence,5,96.6837485302687
2060,f9aca_00019,46,0.9406565656565657,ratio_confidence,5,96.6837485302687
2061,f9aca_00019,47,0.9406565656565657,ratio_confidence,5,96.6837485302687
2062,f9aca_00019,48,0.9278787878787879,ratio_confidence,5,96.6837485302687
2063,f9aca_00019,49,0.894949494949495,ratio_confidence,5,96.6837485302687
2064,f9aca_00019,50,0.9543650793650794,ratio_confidence,5,96.6837485302687
2065,f9aca_00019,51,0.9406565656565657,ratio_confidence,5,96.6837485302687
2066,f9aca_00019,52,0.9543650793650794,ratio_confidence,5,96.6837485302687
2067,f9aca_00019,53,0.9162431771127424,ratio_confidence,5,96.6837485302687
2068,f9aca_00019,54,0.9278787878787879,ratio_confidence,5,96.6837485302687
2069,f9aca_00019,55,0.9566666666666667,ratio_confidence,5,96.6837485302687
2070,f9aca_00019,56,0.9011266511266512,ratio_confidence,5,96.6837485302687
2071,f9aca_00019,57,0.8456565656565657,ratio_confidence,5,96.6837485302687
2072,f9aca_00019,58,0.9406565656565657,ratio_confidence,5,96.6837485302687
2073,f9aca_00019,59,0.9153623188405797,ratio_confidence,5,96.6837485302687
2074,f9aca_00019,60,0.9011266511266512,ratio_confidence,5,96.6837485302687
2075,f9aca_00019,61,0.9160839160839161,ratio_confidence,5,96.6837485302687
2076,f9aca_00019,62,0.9281400966183576,ratio_confidence,5,96.6837485302687
2077,f9aca_00019,63,0.9406565656565657,ratio_confidence,5,96.6837485302687
2078,f9aca_00019,64,0.9160839160839161,ratio_confidence,5,96.6837485302687
2079,f9aca_00019,65,0.9406565656565657,ratio_confidence,5,96.6837485302687
2080,f9aca_00019,66,0.9406565656565657,ratio_confidence,5,96.6837485302687
2081,f9aca_00019,67,0.9406565656565657,ratio_confidence,5,96.6837485302687
2082,f9aca_00019,68,0.9406565656565657,ratio_confidence,5,96.6837485302687
2083,f9aca_00019,69,0.9278787878787879,ratio_confidence,5,96.6837485302687
2084,f9aca_00019,70,0.9281400966183576,ratio_confidence,5,96.6837485302687
2085,f9aca_00019,71,0.9278787878787879,ratio_confidence,5,96.6837485302687
2086,f9aca_00019,72,0.9278787878787879,ratio_confidence,5,96.6837485302687
2087,f9aca_00019,73,0.9406565656565657,ratio_confidence,5,96.6837485302687
2088,f9aca_00019,74,0.9278787878787879,ratio_confidence,5,96.6837485302687
2089,f9aca_00019,75,0.9278787878787879,ratio_confidence,5,96.6837485302687
2090,f9aca_00019,76,0.9153623188405797,ratio_confidence,5,96.6837485302687
2091,f9aca_00019,77,0.9406565656565657,ratio_confidence,5,96.6837485302687
2092,f9aca_00019,78,0.9153623188405797,ratio_confidence,5,96.6837485302687
2093,f9aca_00019,79,0.9278787878787879,ratio_confidence,5,96.6837485302687
2094,f9aca_00019,80,0.9278787878787879,ratio_confidence,5,96.6837485302687
2095,f9aca_00019,81,0.9406565656565657,ratio_confidence,5,96.6837485302687
2096,f9aca_00019,82,0.9406565656565657,ratio_confidence,5,96.6837485302687
2097,f9aca_00019,83,0.9281400966183576,ratio_confidence,5,96.6837485302687
2098,f9aca_00019,84,0.9406565656565657,ratio_confidence,5,96.6837485302687
2099,f9aca_00019,85,0.9543650793650794,ratio_confidence,5,96.6837485302687
2100,f9aca_00019,86,0.9281400966183576,ratio_confidence,5,96.6837485302687
2101,f9aca_00019,87,0.9420289855072465,ratio_confidence,5,96.6837485302687
2102,f9aca_00019,88,0.9415873015873015,ratio_confidence,5,96.6837485302687
2103,f9aca_00019,89,0.9011266511266512,ratio_confidence,5,96.6837485302687
2104,f9aca_00019,90,0.9278787878787879,ratio_confidence,5,96.6837485302687
2105,f9aca_00019,91,0.9278787878787879,ratio_confidence,5,96.6837485302687
2106,f9aca_00019,92,0.9162431771127424,ratio_confidence,5,96.6837485302687
2107,f9aca_00019,93,0.9406565656565657,ratio_confidence,5,96.6837485302687
2108,f9aca_00019,94,0.9406565656565657,ratio_confidence,5,96.6837485302687
2109,f9aca_00019,95,0.9406565656565657,ratio_confidence,5,96.6837485302687
2110,f9aca_00019,96,0.9406565656565657,ratio_confidence,5,96.6837485302687
2111,f9aca_00019,97,0.9406565656565657,ratio_confidence,5,96.6837485302687
2112,f9aca_00019,98,0.9011266511266512,ratio_confidence,5,96.6837485302687
2113,f9aca_00019,99,0.9406565656565657,ratio_confidence,5,96.6837485302687
2114,f9aca_00019,100,0.9543650793650794,ratio_confidence,5,96.6837485302687
2115,f9aca_00019,101,0.9011266511266512,ratio_confidence,5,96.6837485302687
2116,f9aca_00019,102,0.9545454545454546,ratio_confidence,5,96.6837485302687
2117,f9aca_00019,103,0.9000732600732602,ratio_confidence,5,96.6837485302687
2118,f9aca_00019,104,0.9543650793650794,ratio_confidence,5,96.6837485302687
2119,f9aca_00019,105,0.9278787878787879,ratio_confidence,5,96.6837485302687
2120,f9aca_00020,0,0.8084045584045584,random,1,89.4648254583588
2121,f9aca_00020,1,0.806935817805383,random,1,89.4648254583588
2122,f9aca_00020,2,0.8526923076923077,random,1,89.4648254583588
2123,f9aca_00020,3,0.7955840455840456,random,1,89.4648254583588
2124,f9aca_00020,4,0.8148148148148148,random,1,89.4648254583588
2125,f9aca_00020,5,0.7955840455840456,random,1,89.4648254583588
2126,f9aca_00020,6,0.8076463560334527,random,1,89.4648254583588
2127,f9aca_00020,7,0.8036315536315537,random,1,89.4648254583588
2128,f9aca_00020,8,0.8306878306878307,random,1,89.4648254583588
2129,f9aca_00020,9,0.7870370370370371,random,1,89.4648254583588
2130,f9aca_00020,10,0.8306878306878307,random,1,89.4648254583588
2131,f9aca_00020,11,0.8441558441558442,random,1,89.4648254583588
2132,f9aca_00020,12,0.8036315536315537,random,1,89.4648254583588
2133,f9aca_00020,13,0.8395061728395062,random,1,89.4648254583588
2134,f9aca_00020,14,0.7951103813172778,random,1,89.4648254583588
2135,f9aca_00020,15,0.7951103813172778,random,1,89.4648254583588
2136,f9aca_00020,16,0.8395061728395062,random,1,89.4648254583588
2137,f9aca_00020,17,0.7495189995189996,random,1,89.4648254583588
2138,f9aca_00020,18,0.8059259259259259,random,1,89.4648254583588
2139,f9aca_00020,19,0.8486024844720497,random,1,89.4648254583588
2140,f9aca_00020,20,0.8379629629629629,random,1,89.4648254583588
2141,f9aca_00020,21,0.7902421652421653,random,1,89.4648254583588
2142,f9aca_00020,22,0.7902421652421653,random,1,89.4648254583588
2143,f9aca_00020,23,0.7951103813172778,random,1,89.4648254583588
2144,f9aca_00020,24,0.8222934472934473,random,1,89.4648254583588
2145,f9aca_00020,25,0.8298850574712645,random,1,89.4648254583588
2146,f9aca_00020,26,0.8486024844720497,random,1,89.4648254583588
2147,f9aca_00020,27,0.7951103813172778,random,1,89.4648254583588
2148,f9aca_00020,28,0.8148148148148148,random,1,89.4648254583588
2149,f9aca_00020,29,0.8009259259259259,random,1,89.4648254583588
2150,f9aca_00020,30,0.7870370370370371,random,1,89.4648254583588
2151,f9aca_00020,31,0.8233333333333333,random,1,89.4648254583588
2152,f9aca_00020,32,0.8397335423197493,random,1,89.4648254583588
2153,f9aca_00020,33,0.7870370370370371,random,1,89.4648254583588
2154,f9aca_00020,34,0.8721509971509972,random,1,89.4648254583588
2155,f9aca_00020,35,0.8529741863075196,random,1,89.4648254583588
2156,f9aca_00020,36,0.8313492063492064,random,1,89.4648254583588
2157,f9aca_00020,37,0.7951103813172778,random,1,89.4648254583588
2158,f9aca_00020,38,0.8486024844720497,random,1,89.4648254583588
2159,f9aca_00020,39,0.8059259259259259,random,1,89.4648254583588
2160,f9aca_00020,40,0.8721509971509972,random,1,89.4648254583588
2161,f9aca_00020,41,0.8059259259259259,random,1,89.4648254583588
2162,f9aca_00020,42,0.8580246913580246,random,1,89.4648254583588
2163,f9aca_00020,43,0.8580246913580246,random,1,89.4648254583588
2164,f9aca_00020,44,0.834439922895695,random,1,89.4648254583588
2165,f9aca_00020,45,0.8580246913580246,random,1,89.4648254583588
2166,f9aca_00020,46,0.8182283666154634,random,1,89.4648254583588
2167,f9aca_00020,47,0.8397335423197493,random,1,89.4648254583588
2168,f9aca_00020,48,0.8580246913580246,random,1,89.4648254583588
2169,f9aca_00020,49,0.8580246913580246,random,1,89.4648254583588
2170,f9aca_00020,50,0.8419230769230769,random,1,89.4648254583588
2171,f9aca_00020,51,0.8580246913580246,random,1,89.4648254583588
2172,f9aca_00020,52,0.8721509971509972,random,1,89.4648254583588
2173,f9aca_00020,53,0.8580246913580246,random,1,89.4648254583588
2174,f9aca_00020,54,0.8580246913580246,random,1,89.4648254583588
2175,f9aca_00020,55,0.8580246913580246,random,1,89.4648254583588
2176,f9aca_00020,56,0.8419230769230769,random,1,89.4648254583588
2177,f9aca_00020,57,0.8680769230769231,random,1,89.4648254583588
2178,f9aca_00020,58,0.8580246913580246,random,1,89.4648254583588
2179,f9aca_00020,59,0.8419230769230769,random,1,89.4648254583588
2180,f9aca_00020,60,0.8265384615384616,random,1,89.4648254583588
2181,f9aca_00020,61,0.8432539682539683,random,1,89.4648254583588
2182,f9aca_00020,62,0.8419230769230769,random,1,89.4648254583588
2183,f9aca_00020,63,0.8580246913580246,random,1,89.4648254583588
2184,f9aca_00020,64,0.8222934472934473,random,1,89.4648254583588
2185,f9aca_00020,65,0.8562962962962963,random,1,89.4648254583588
2186,f9aca_00020,66,0.8721509971509972,random,1,89.4648254583588
2187,f9aca_00020,67,0.8233333333333333,random,1,89.4648254583588
2188,f9aca_00020,68,0.8394444444444445,random,1,89.4648254583588
2189,f9aca_00020,69,0.922008547008547,random,1,89.4648254583588
2190,f9aca_00020,70,0.9120370370370371,random,1,89.4648254583588
2191,f9aca_00020,71,0.8861111111111111,random,1,89.4648254583588
2192,f9aca_00020,72,0.8372222222222222,random,1,89.4648254583588
2193,f9aca_00020,73,0.8562962962962963,random,1,89.4648254583588
2194,f9aca_00020,74,0.9027777777777778,random,1,89.4648254583588
2195,f9aca_00020,75,0.9120370370370371,random,1,89.4648254583588
2196,f9aca_00020,76,0.8580246913580246,random,1,89.4648254583588
2197,f9aca_00020,77,0.8858024691358025,random,1,89.4648254583588
2198,f9aca_00020,78,0.8419230769230769,random,1,89.4648254583588
2199,f9aca_00020,79,0.9120370370370371,random,1,89.4648254583588
2200,f9aca_00020,80,0.9027777777777778,random,1,89.4648254583588
2201,f9aca_00020,81,0.849974398361495,random,1,89.4648254583588
2202,f9aca_00020,82,0.9120370370370371,random,1,89.4648254583588
2203,f9aca_00020,83,0.8562962962962963,random,1,89.4648254583588
2204,f9aca_00020,84,0.9120370370370371,random,1,89.4648254583588
2205,f9aca_00020,85,0.9120370370370371,random,1,89.4648254583588
2206,f9aca_00020,86,0.8580246913580246,random,1,89.4648254583588
2207,f9aca_00020,87,0.9120370370370371,random,1,89.4648254583588
2208,f9aca_00020,88,0.9327777777777778,random,1,89.4648254583588
2209,f9aca_00020,89,0.8861111111111111,random,1,89.4648254583588
2210,f9aca_00020,90,0.9120370370370371,random,1,89.4648254583588
2211,f9aca_00020,91,0.9120370370370371,random,1,89.4648254583588
2212,f9aca_00020,92,0.922008547008547,random,1,89.4648254583588
2213,f9aca_00020,93,0.9120370370370371,random,1,89.4648254583588
2214,f9aca_00020,94,0.8721509971509972,random,1,89.4648254583588
2215,f9aca_00020,95,0.8721509971509972,random,1,89.4648254583588
2216,f9aca_00020,96,0.8721509971509972,random,1,89.4648254583588
2217,f9aca_00020,97,0.922008547008547,random,1,89.4648254583588
2218,f9aca_00020,98,0.8861111111111111,random,1,89.4648254583588
2219,f9aca_00020,99,0.922008547008547,random,1,89.4648254583588
2220,f9aca_00020,100,0.922008547008547,random,1,89.4648254583588
2221,f9aca_00020,101,0.8861111111111111,random,1,89.4648254583588
2222,f9aca_00020,102,0.8725845410628019,random,1,89.4648254583588
2223,f9aca_00020,103,0.922008547008547,random,1,89.4648254583588
2224,f9aca_00020,104,0.922008547008547,random,1,89.4648254583588
2225,f9aca_00020,105,0.9120370370370371,random,1,89.4648254583588
2226,f9aca_00021,0,0.7702317290552586,random,2,85.72462538491422
2227,f9aca_00021,1,0.8314814814814815,random,2,85.72462538491422
2228,f9aca_00021,2,0.8234126984126985,random,2,85.72462538491422
2229,f9aca_00021,3,0.7855260681347637,random,2,85.72462538491422
2230,f9aca_00021,4,0.7661227661227662,random,2,85.72462538491422
2231,f9aca_00021,5,0.7837301587301587,random,2,85.72462538491422
2232,f9aca_00021,6,0.786019536019536,random,2,85.72462538491422
2233,f9aca_00021,7,0.7481884057971014,random,2,85.72462538491422
2234,f9aca_00021,8,0.8056526806526807,random,2,85.72462538491422
2235,f9aca_00021,9,0.7647374847374847,random,2,85.72462538491422
2236,f9aca_00021,10,0.789072039072039,random,2,85.72462538491422
2237,f9aca_00021,11,0.8041407867494823,random,2,85.72462538491422
2238,f9aca_00021,12,0.8062515262515263,random,2,85.72462538491422
2239,f9aca_00021,13,0.8056526806526807,random,2,85.72462538491422
2240,f9aca_00021,14,0.7071428571428572,random,2,85.72462538491422
2241,f9aca_00021,15,0.809368191721133,random,2,85.72462538491422
2242,f9aca_00021,16,0.8123543123543123,random,2,85.72462538491422
2243,f9aca_00021,17,0.7686992417104141,random,2,85.72462538491422
2244,f9aca_00021,18,0.8231884057971014,random,2,85.72462538491422
2245,f9aca_00021,19,0.7472237907020517,random,2,85.72462538491422
2246,f9aca_00021,20,0.7503623188405797,random,2,85.72462538491422
2247,f9aca_00021,21,0.7878623188405798,random,2,85.72462538491422
2248,f9aca_00021,22,0.7856884057971015,random,2,85.72462538491422
2249,f9aca_00021,23,0.7857142857142857,random,2,85.72462538491422
2250,f9aca_00021,24,0.7660455486542442,random,2,85.72462538491422
2251,f9aca_00021,25,0.7861652236652237,random,2,85.72462538491422
2252,f9aca_00021,26,0.789072039072039,random,2,85.72462538491422
2253,f9aca_00021,27,0.7882716049382715,random,2,85.72462538491422
2254,f9aca_00021,28,0.8296703296703297,random,2,85.72462538491422
2255,f9aca_00021,29,0.7712418300653594,random,2,85.72462538491422
2256,f9aca_00021,30,0.8296703296703297,random,2,85.72462538491422
2257,f9aca_00021,31,0.8296703296703297,random,2,85.72462538491422
2258,f9aca_00021,32,0.8141734808401475,random,2,85.72462538491422
2259,f9aca_00021,33,0.8137009189640768,random,2,85.72462538491422
2260,f9aca_00021,34,0.8234126984126985,random,2,85.72462538491422
2261,f9aca_00021,35,0.8062515262515263,random,2,85.72462538491422
2262,f9aca_00021,36,0.7438271604938271,random,2,85.72462538491422
2263,f9aca_00021,37,0.861111111111111,random,2,85.72462538491422
2264,f9aca_00021,38,0.8062515262515263,random,2,85.72462538491422
2265,f9aca_00021,39,0.8507122507122507,random,2,85.72462538491422
2266,f9aca_00021,40,0.8252380952380952,random,2,85.72462538491422
2267,f9aca_00021,41,0.7875757575757576,random,2,85.72462538491422
2268,f9aca_00021,42,0.8272486772486772,random,2,85.72462538491422
2269,f9aca_00021,43,0.8123543123543123,random,2,85.72462538491422
2270,f9aca_00021,44,0.8051282051282053,random,2,85.72462538491422
2271,f9aca_00021,45,0.8141734808401475,random,2,85.72462538491422
2272,f9aca_00021,46,0.8234126984126985,random,2,85.72462538491422
2273,f9aca_00021,47,0.8252380952380952,random,2,85.72462538491422
2274,f9aca_00021,48,0.7875757575757576,random,2,85.72462538491422
2275,f9aca_00021,49,0.8056526806526807,random,2,85.72462538491422
2276,f9aca_00021,50,0.8452258852258852,random,2,85.72462538491422
2277,f9aca_00021,51,0.8141734808401475,random,2,85.72462538491422
2278,f9aca_00021,52,0.7464646464646464,random,2,85.72462538491422
2279,f9aca_00021,53,0.789072039072039,random,2,85.72462538491422
2280,f9aca_00021,54,0.8585144927536232,random,2,85.72462538491422
2281,f9aca_00021,55,0.7875757575757576,random,2,85.72462538491422
2282,f9aca_00021,56,0.7875757575757576,random,2,85.72462538491422
2283,f9aca_00021,57,0.8141734808401475,random,2,85.72462538491422
2284,f9aca_00021,58,0.7875757575757576,random,2,85.72462538491422
2285,f9aca_00021,59,0.8238283455674761,random,2,85.72462538491422
2286,f9aca_00021,60,0.832716049382716,random,2,85.72462538491422
2287,f9aca_00021,61,0.8449122807017543,random,2,85.72462538491422
2288,f9aca_00021,62,0.789072039072039,random,2,85.72462538491422
2289,f9aca_00021,63,0.8056526806526807,random,2,85.72462538491422
2290,f9aca_00021,64,0.8585144927536232,random,2,85.72462538491422
2291,f9aca_00021,65,0.8123543123543123,random,2,85.72462538491422
2292,f9aca_00021,66,0.8062515262515263,random,2,85.72462538491422
2293,f9aca_00021,67,0.7958473625140292,random,2,85.72462538491422
2294,f9aca_00021,68,0.861111111111111,random,2,85.72462538491422
2295,f9aca_00021,69,0.8519018343579746,random,2,85.72462538491422
2296,f9aca_00021,70,0.8238283455674761,random,2,85.72462538491422
2297,f9aca_00021,71,0.8141734808401475,random,2,85.72462538491422
2298,f9aca_00021,72,0.832716049382716,random,2,85.72462538491422
2299,f9aca_00021,73,0.7875757575757576,random,2,85.72462538491422
2300,f9aca_00021,74,0.789072039072039,random,2,85.72462538491422
2301,f9aca_00021,75,0.8585144927536232,random,2,85.72462538491422
2302,f9aca_00021,76,0.8296703296703297,random,2,85.72462538491422
2303,f9aca_00021,77,0.8056526806526807,random,2,85.72462538491422
2304,f9aca_00021,78,0.8252380952380952,random,2,85.72462538491422
2305,f9aca_00021,79,0.789072039072039,random,2,85.72462538491422
2306,f9aca_00021,80,0.8449122807017543,random,2,85.72462538491422
2307,f9aca_00021,81,0.8123543123543123,random,2,85.72462538491422
2308,f9aca_00021,82,0.8449122807017543,random,2,85.72462538491422
2309,f9aca_00021,83,0.8089743589743591,random,2,85.72462538491422
2310,f9aca_00021,84,0.8858974358974359,random,2,85.72462538491422
2311,f9aca_00021,85,0.8089743589743591,random,2,85.72462538491422
2312,f9aca_00021,86,0.8656481481481482,random,2,85.72462538491422
2313,f9aca_00021,87,0.8507122507122507,random,2,85.72462538491422
2314,f9aca_00021,88,0.8314814814814815,random,2,85.72462538491422
2315,f9aca_00021,89,0.8639291465378421,random,2,85.72462538491422
2316,f9aca_00021,90,0.8260233918128655,random,2,85.72462538491422
2317,f9aca_00021,91,0.8231884057971014,random,2,85.72462538491422
2318,f9aca_00021,92,0.8639291465378421,random,2,85.72462538491422
2319,f9aca_00021,93,0.88099128540305,random,2,85.72462538491422
2320,f9aca_00021,94,0.8857549857549857,random,2,85.72462538491422
2321,f9aca_00021,95,0.8656481481481482,random,2,85.72462538491422
2322,f9aca_00021,96,0.8639291465378421,random,2,85.72462538491422
2323,f9aca_00021,97,0.8878431372549019,random,2,85.72462538491422
2324,f9aca_00021,98,0.88099128540305,random,2,85.72462538491422
2325,f9aca_00021,99,0.8449122807017543,random,2,85.72462538491422
2326,f9aca_00021,100,0.8664021164021164,random,2,85.72462538491422
2327,f9aca_00021,101,0.8260233918128655,random,2,85.72462538491422
2328,f9aca_00021,102,0.8607456140350878,random,2,85.72462538491422
2329,f9aca_00021,103,0.9136983873825978,random,2,85.72462538491422
2330,f9aca_00021,104,0.8416666666666667,random,2,85.72462538491422
2331,f9aca_00021,105,0.8430026472831695,random,2,85.72462538491422
2332,f9aca_00022,0,0.8610668084352294,random,3,90.62284204299213
2333,f9aca_00022,1,0.9114331723027376,random,3,90.62284204299213
2334,f9aca_00022,2,0.8610668084352294,random,3,90.62284204299213
2335,f9aca_00022,3,0.8743961352657005,random,3,90.62284204299213
2336,f9aca_00022,4,0.8610668084352294,random,3,90.62284204299213
2337,f9aca_00022,5,0.8610668084352294,random,3,90.62284204299213
2338,f9aca_00022,6,0.8610668084352294,random,3,90.62284204299213
2339,f9aca_00022,7,0.8743961352657005,random,3,90.62284204299213
2340,f9aca_00022,8,0.8895320141786692,random,3,90.62284204299213
2341,f9aca_00022,9,0.871345029239766,random,3,90.62284204299213
2342,f9aca_00022,10,0.8747120326067694,random,3,90.62284204299213
2343,f9aca_00022,11,0.8848484848484848,random,3,90.62284204299213
2344,f9aca_00022,12,0.8489417989417989,random,3,90.62284204299213
2345,f9aca_00022,13,0.868840579710145,random,3,90.62284204299213
2346,f9aca_00022,14,0.8413848631239936,random,3,90.62284204299213
2347,f9aca_00022,15,0.810904071773637,random,3,90.62284204299213
2348,f9aca_00022,16,0.7963564213564215,random,3,90.62284204299213
2349,f9aca_00022,17,0.8610668084352294,random,3,90.62284204299213
2350,f9aca_00022,18,0.8485739750445633,random,3,90.62284204299213
2351,f9aca_00022,19,0.7963564213564215,random,3,90.62284204299213
2352,f9aca_00022,20,0.7896825396825397,random,3,90.62284204299213
2353,f9aca_00022,21,0.7963564213564215,random,3,90.62284204299213
2354,f9aca_00022,22,0.8606362453448199,random,3,90.62284204299213
2355,f9aca_00022,23,0.8250044302675882,random,3,90.62284204299213
2356,f9aca_00022,24,0.8610668084352294,random,3,90.62284204299213
2357,f9aca_00022,25,0.810904071773637,random,3,90.62284204299213
2358,f9aca_00022,26,0.8313405797101449,random,3,90.62284204299213
2359,f9aca_00022,27,0.8743961352657005,random,3,90.62284204299213
2360,f9aca_00022,28,0.8870945479641131,random,3,90.62284204299213
2361,f9aca_00022,29,0.8747120326067694,random,3,90.62284204299213
2362,f9aca_00022,30,0.868840579710145,random,3,90.62284204299213
2363,f9aca_00022,31,0.8686241294936948,random,3,90.62284204299213
2364,f9aca_00022,32,0.868840579710145,random,3,90.62284204299213
2365,f9aca_00022,33,0.8503795721187025,random,3,90.62284204299213
2366,f9aca_00022,34,0.8897504456327985,random,3,90.62284204299213
2367,f9aca_00022,35,0.8386496544391281,random,3,90.62284204299213
2368,f9aca_00022,36,0.853475935828877,random,3,90.62284204299213
2369,f9aca_00022,37,0.853475935828877,random,3,90.62284204299213
2370,f9aca_00022,38,0.8747120326067694,random,3,90.62284204299213
2371,f9aca_00022,39,0.8610668084352294,random,3,90.62284204299213
2372,f9aca_00022,40,0.8610668084352294,random,3,90.62284204299213
2373,f9aca_00022,41,0.868840579710145,random,3,90.62284204299213
2374,f9aca_00022,42,0.8138011695906432,random,3,90.62284204299213
2375,f9aca_00022,43,0.868840579710145,random,3,90.62284204299213
2376,f9aca_00022,44,0.85,random,3,90.62284204299213
2377,f9aca_00022,45,0.868840579710145,random,3,90.62284204299213
2378,f9aca_00022,46,0.868840579710145,random,3,90.62284204299213
2379,f9aca_00022,47,0.85,random,3,90.62284204299213
2380,f9aca_00022,48,0.8489993098688751,random,3,90.62284204299213
2381,f9aca_00022,49,0.868840579710145,random,3,90.62284204299213
2382,f9aca_00022,50,0.8303218520609824,random,3,90.62284204299213
2383,f9aca_00022,51,0.8895320141786692,random,3,90.62284204299213
2384,f9aca_00022,52,0.8895320141786692,random,3,90.62284204299213
2385,f9aca_00022,53,0.8313405797101449,random,3,90.62284204299213
2386,f9aca_00022,54,0.8293650793650794,random,3,90.62284204299213
2387,f9aca_00022,55,0.8690476190476191,random,3,90.62284204299213
2388,f9aca_00022,56,0.8556644880174291,random,3,90.62284204299213
2389,f9aca_00022,57,0.85,random,3,90.62284204299213
2390,f9aca_00022,58,0.7960144927536232,random,3,90.62284204299213
2391,f9aca_00022,59,0.83296783625731,random,3,90.62284204299213
2392,f9aca_00022,60,0.8330627705627706,random,3,90.62284204299213
2393,f9aca_00022,61,0.9075851684547337,random,3,90.62284204299213
2394,f9aca_00022,62,0.8293650793650794,random,3,90.62284204299213
2395,f9aca_00022,63,0.9087301587301587,random,3,90.62284204299213
2396,f9aca_00022,64,0.8489993098688751,random,3,90.62284204299213
2397,f9aca_00022,65,0.8128399378399379,random,3,90.62284204299213
2398,f9aca_00022,66,0.8690476190476191,random,3,90.62284204299213
2399,f9aca_00022,67,0.8498445998445998,random,3,90.62284204299213
2400,f9aca_00022,68,0.8293650793650794,random,3,90.62284204299213
2401,f9aca_00022,69,0.868840579710145,random,3,90.62284204299213
2402,f9aca_00022,70,0.9063405797101449,random,3,90.62284204299213
2403,f9aca_00022,71,0.9063405797101449,random,3,90.62284204299213
2404,f9aca_00022,72,0.8293650793650794,random,3,90.62284204299213
2405,f9aca_00022,73,0.8686241294936948,random,3,90.62284204299213
2406,f9aca_00022,74,0.8870945479641131,random,3,90.62284204299213
2407,f9aca_00022,75,0.85,random,3,90.62284204299213
2408,f9aca_00022,76,0.85,random,3,90.62284204299213
2409,f9aca_00022,77,0.85,random,3,90.62284204299213
2410,f9aca_00022,78,0.868840579710145,random,3,90.62284204299213
2411,f9aca_00022,79,0.811111111111111,random,3,90.62284204299213
2412,f9aca_00022,80,0.8554314174182259,random,3,90.62284204299213
2413,f9aca_00022,81,0.8686241294936948,random,3,90.62284204299213
2414,f9aca_00022,82,0.888888888888889,random,3,90.62284204299213
2415,f9aca_00022,83,0.8692828910220215,random,3,90.62284204299213
2416,f9aca_00022,84,0.8098168498168499,random,3,90.62284204299213
2417,f9aca_00022,85,0.9114331723027376,random,3,90.62284204299213
2418,f9aca_00022,86,0.9063405797101449,random,3,90.62284204299213
2419,f9aca_00022,87,0.85,random,3,90.62284204299213
2420,f9aca_00022,88,0.888888888888889,random,3,90.62284204299213
2421,f9aca_00022,89,0.8335144927536232,random,3,90.62284204299213
2422,f9aca_00022,90,0.9063405797101449,random,3,90.62284204299213
2423,f9aca_00022,91,0.8870945479641131,random,3,90.62284204299213
2424,f9aca_00022,92,0.9082439299830605,random,3,90.62284204299213
2425,f9aca_00022,93,0.9075851684547337,random,3,90.62284204299213
2426,f9aca_00022,94,0.9251897860593513,random,3,90.62284204299213
2427,f9aca_00022,95,0.9314296814296815,random,3,90.62284204299213
2428,f9aca_00022,96,0.8906371406371406,random,3,90.62284204299213
2429,f9aca_00022,97,0.9063405797101449,random,3,90.62284204299213
2430,f9aca_00022,98,0.9251897860593513,random,3,90.62284204299213
2431,f9aca_00022,99,0.8699416525503482,random,3,90.62284204299213
2432,f9aca_00022,100,0.888888888888889,random,3,90.62284204299213
2433,f9aca_00022,101,0.8906371406371406,random,3,90.62284204299213
2434,f9aca_00022,102,0.8906371406371406,random,3,90.62284204299213
2435,f9aca_00022,103,0.8686241294936948,random,3,90.62284204299213
2436,f9aca_00022,104,0.8870945479641131,random,3,90.62284204299213
2437,f9aca_00022,105,0.9251897860593513,random,3,90.62284204299213
2438,f9aca_00023,0,0.8457767722473605,random,4,93.83108845379306
2439,f9aca_00023,1,0.8957239646430656,random,4,93.83108845379306
2440,f9aca_00023,2,0.8054629629629629,random,4,93.83108845379306
2441,f9aca_00023,3,0.8500891265597148,random,4,93.83108845379306
2442,f9aca_00023,4,0.831650738098443,random,4,93.83108845379306
2443,f9aca_00023,5,0.8227920227920228,random,4,93.83108845379306
2444,f9aca_00023,6,0.8148696549558038,random,4,93.83108845379306
2445,f9aca_00023,7,0.8121229260935143,random,4,93.83108845379306
2446,f9aca_00023,8,0.8121229260935143,random,4,93.83108845379306
2447,f9aca_00023,9,0.8794306184012065,random,4,93.83108845379306
2448,f9aca_00023,10,0.8274509803921569,random,4,93.83108845379306
2449,f9aca_00023,11,0.8957239646430656,random,4,93.83108845379306
2450,f9aca_00023,12,0.8576648841354725,random,4,93.83108845379306
2451,f9aca_00023,13,0.871345029239766,random,4,93.83108845379306
2452,f9aca_00023,14,0.871345029239766,random,4,93.83108845379306
2453,f9aca_00023,15,0.8311688311688311,random,4,93.83108845379306
2454,f9aca_00023,16,0.8859259259259259,random,4,93.83108845379306
2455,f9aca_00023,17,0.8876811594202899,random,4,93.83108845379306
2456,f9aca_00023,18,0.8876811594202899,random,4,93.83108845379306
2457,f9aca_00023,19,0.8949019607843137,random,4,93.83108845379306
2458,f9aca_00023,20,0.8785403050108932,random,4,93.83108845379306
2459,f9aca_00023,21,0.918840579710145,random,4,93.83108845379306
2460,f9aca_00023,22,0.8794306184012065,random,4,93.83108845379306
2461,f9aca_00023,23,0.8794306184012065,random,4,93.83108845379306
2462,f9aca_00023,24,0.918840579710145,random,4,93.83108845379306
2463,f9aca_00023,25,0.8692810457516339,random,4,93.83108845379306
2464,f9aca_00023,26,0.8819073083778965,random,4,93.83108845379306
2465,f9aca_00023,27,0.8702865761689291,random,4,93.83108845379306
2466,f9aca_00023,28,0.9010270774976658,random,4,93.83108845379306
2467,f9aca_00023,29,0.8876811594202899,random,4,93.83108845379306
2468,f9aca_00023,30,0.902046783625731,random,4,93.83108845379306
2469,f9aca_00023,31,0.9010270774976658,random,4,93.83108845379306
2470,f9aca_00023,32,0.8876811594202899,random,4,93.83108845379306
2471,f9aca_00023,33,0.8500891265597148,random,4,93.83108845379306
2472,f9aca_00023,34,0.9137254901960784,random,4,93.83108845379306
2473,f9aca_00023,35,0.8785403050108932,random,4,93.83108845379306
2474,f9aca_00023,36,0.918840579710145,random,4,93.83108845379306
2475,f9aca_00023,37,0.918840579710145,random,4,93.83108845379306
2476,f9aca_00023,38,0.9109477124183006,random,4,93.83108845379306
2477,f9aca_00023,39,0.9334795321637427,random,4,93.83108845379306
2478,f9aca_00023,40,0.8785403050108932,random,4,93.83108845379306
2479,f9aca_00023,41,0.8794306184012065,random,4,93.83108845379306
2480,f9aca_00023,42,0.8819073083778965,random,4,93.83108845379306
2481,f9aca_00023,43,0.8785403050108932,random,4,93.83108845379306
2482,f9aca_00023,44,0.9109477124183006,random,4,93.83108845379306
2483,f9aca_00023,45,0.902046783625731,random,4,93.83108845379306
2484,f9aca_00023,46,0.8949019607843137,random,4,93.83108845379306
2485,f9aca_00023,47,0.8461328976034858,random,4,93.83108845379306
2486,f9aca_00023,48,0.9054834054834054,random,4,93.83108845379306
2487,f9aca_00023,49,0.918840579710145,random,4,93.83108845379306
2488,f9aca_00023,50,0.9177777777777778,random,4,93.83108845379306
2489,f9aca_00023,51,0.8876811594202899,random,4,93.83108845379306
2490,f9aca_00023,52,0.8876811594202899,random,4,93.83108845379306
2491,f9aca_00023,53,0.918840579710145,random,4,93.83108845379306
2492,f9aca_00023,54,0.918840579710145,random,4,93.83108845379306
2493,f9aca_00023,55,0.8932178932178932,random,4,93.83108845379306
2494,f9aca_00023,56,0.9334795321637427,random,4,93.83108845379306
2495,f9aca_00023,57,0.9334795321637427,random,4,93.83108845379306
2496,f9aca_00023,58,0.9177777777777778,random,4,93.83108845379306
2497,f9aca_00023,59,0.9177777777777778,random,4,93.83108845379306
2498,f9aca_00023,60,0.8859259259259259,random,4,93.83108845379306
2499,f9aca_00023,61,0.8876811594202899,random,4,93.83108845379306
2500,f9aca_00023,62,0.902046783625731,random,4,93.83108845379306
2501,f9aca_00023,63,0.9177777777777778,random,4,93.83108845379306
2502,f9aca_00023,64,0.8706140350877193,random,4,93.83108845379306
2503,f9aca_00023,65,0.902046783625731,random,4,93.83108845379306
2504,f9aca_00023,66,0.902046783625731,random,4,93.83108845379306
2505,f9aca_00023,67,0.9177777777777778,random,4,93.83108845379306
2506,f9aca_00023,68,0.9177777777777778,random,4,93.83108845379306
2507,f9aca_00023,69,0.902046783625731,random,4,93.83108845379306
2508,f9aca_00023,70,0.9177777777777778,random,4,93.83108845379306
2509,f9aca_00023,71,0.902046783625731,random,4,93.83108845379306
2510,f9aca_00023,72,0.918840579710145,random,4,93.83108845379306
2511,f9aca_00023,73,0.8859259259259259,random,4,93.83108845379306
2512,f9aca_00023,74,0.902046783625731,random,4,93.83108845379306
2513,f9aca_00023,75,0.9177777777777778,random,4,93.83108845379306
2514,f9aca_00023,76,0.9177777777777778,random,4,93.83108845379306
2515,f9aca_00023,77,0.9027149321266968,random,4,93.83108845379306
2516,f9aca_00023,78,0.902046783625731,random,4,93.83108845379306
2517,f9aca_00023,79,0.8744588744588745,random,4,93.83108845379306
2518,f9aca_00023,80,0.9334795321637427,random,4,93.83108845379306
2519,f9aca_00023,81,0.9177777777777778,random,4,93.83108845379306
2520,f9aca_00023,82,0.9177777777777778,random,4,93.83108845379306
2521,f9aca_00023,83,0.9027149321266968,random,4,93.83108845379306
2522,f9aca_00023,84,0.918840579710145,random,4,93.83108845379306
2523,f9aca_00023,85,0.9177777777777778,random,4,93.83108845379306
2524,f9aca_00023,86,0.902046783625731,random,4,93.83108845379306
2525,f9aca_00023,87,0.9177777777777778,random,4,93.83108845379306
2526,f9aca_00023,88,0.9334795321637427,random,4,93.83108845379306
2527,f9aca_00023,89,0.8706140350877193,random,4,93.83108845379306
2528,f9aca_00023,90,0.902046783625731,random,4,93.83108845379306
2529,f9aca_00023,91,0.9177777777777778,random,4,93.83108845379306
2530,f9aca_00023,92,0.902046783625731,random,4,93.83108845379306
2531,f9aca_00023,93,0.9177777777777778,random,4,93.83108845379306
2532,f9aca_00023,94,0.9212962962962963,random,4,93.83108845379306
2533,f9aca_00023,95,0.9351432880844645,random,4,93.83108845379306
2534,f9aca_00023,96,0.9177777777777778,random,4,93.83108845379306
2535,f9aca_00023,97,0.9177777777777778,random,4,93.83108845379306
2536,f9aca_00023,98,0.8859259259259259,random,4,93.83108845379306
2537,f9aca_00023,99,0.9177777777777778,random,4,93.83108845379306
2538,f9aca_00023,100,0.902046783625731,random,4,93.83108845379306
2539,f9aca_00023,101,0.9027149321266968,random,4,93.83108845379306
2540,f9aca_00023,102,0.8949019607843137,random,4,93.83108845379306
2541,f9aca_00023,103,0.8876811594202899,random,4,93.83108845379306
2542,f9aca_00023,104,0.8876811594202899,random,4,93.83108845379306
2543,f9aca_00023,105,0.918840579710145,random,4,93.83108845379306
2544,f9aca_00024,0,0.8737962962962963,random,5,96.38562529389543
2545,f9aca_00024,1,0.8726952060285393,random,5,96.38562529389543
2546,f9aca_00024,2,0.8225127087872185,random,5,96.38562529389543
2547,f9aca_00024,3,0.9051627384960718,random,5,96.38562529389543
2548,f9aca_00024,4,0.9278787878787879,random,5,96.38562529389543
2549,f9aca_00024,5,0.8726952060285393,random,5,96.38562529389543
2550,f9aca_00024,6,0.8861416361416361,random,5,96.38562529389543
2551,f9aca_00024,7,0.9025641025641026,random,5,96.38562529389543
2552,f9aca_00024,8,0.8726952060285393,random,5,96.38562529389543
2553,f9aca_00024,9,0.9051627384960718,random,5,96.38562529389543
2554,f9aca_00024,10,0.9188712522045855,random,5,96.38562529389543
2555,f9aca_00024,11,0.9051627384960718,random,5,96.38562529389543
2556,f9aca_00024,12,0.9297924297924297,random,5,96.38562529389543
2557,f9aca_00024,13,0.9051627384960718,random,5,96.38562529389543
2558,f9aca_00024,14,0.9074323986604688,random,5,96.38562529389543
2559,f9aca_00024,15,0.9000732600732602,random,5,96.38562529389543
2560,f9aca_00024,16,0.9074323986604688,random,5,96.38562529389543
2561,f9aca_00024,17,0.9448717948717947,random,5,96.38562529389543
2562,f9aca_00024,18,0.9051627384960718,random,5,96.38562529389543
2563,f9aca_00024,19,0.9051627384960718,random,5,96.38562529389543
2564,f9aca_00024,20,0.9448717948717947,random,5,96.38562529389543
2565,f9aca_00024,21,0.8726952060285393,random,5,96.38562529389543
2566,f9aca_00024,22,0.8861416361416361,random,5,96.38562529389543
2567,f9aca_00024,23,0.8788316946211684,random,5,96.38562529389543
2568,f9aca_00024,24,0.9160839160839161,random,5,96.38562529389543
2569,f9aca_00024,25,0.9339506172839506,random,5,96.38562529389543
2570,f9aca_00024,26,0.9025641025641026,random,5,96.38562529389543
2571,f9aca_00024,27,0.8726952060285393,random,5,96.38562529389543
2572,f9aca_00024,28,0.9051627384960718,random,5,96.38562529389543
2573,f9aca_00024,29,0.9297924297924297,random,5,96.38562529389543
2574,f9aca_00024,30,0.8861416361416361,random,5,96.38562529389543
2575,f9aca_00024,31,0.9281400966183576,random,5,96.38562529389543
2576,f9aca_00024,32,0.9545454545454546,random,5,96.38562529389543
2577,f9aca_00024,33,0.9035674470457079,random,5,96.38562529389543
2578,f9aca_00024,34,0.9051627384960718,random,5,96.38562529389543
2579,f9aca_00024,35,0.9188712522045855,random,5,96.38562529389543
2580,f9aca_00024,36,0.8926462694578636,random,5,96.38562529389543
2581,f9aca_00024,37,0.9035674470457079,random,5,96.38562529389543
2582,f9aca_00024,38,0.9146825396825397,random,5,96.38562529389543
2583,f9aca_00024,39,0.9153623188405797,random,5,96.38562529389543
2584,f9aca_00024,40,0.9406565656565657,random,5,96.38562529389543
2585,f9aca_00024,41,0.9281400966183576,random,5,96.38562529389543
2586,f9aca_00024,42,0.9035674470457079,random,5,96.38562529389543
2587,f9aca_00024,43,0.9297924297924297,random,5,96.38562529389543
2588,f9aca_00024,44,0.9281400966183576,random,5,96.38562529389543
2589,f9aca_00024,45,0.9153623188405797,random,5,96.38562529389543
2590,f9aca_00024,46,0.9035674470457079,random,5,96.38562529389543
2591,f9aca_00024,47,0.9146825396825397,random,5,96.38562529389543
2592,f9aca_00024,48,0.9278787878787879,random,5,96.38562529389543
2593,f9aca_00024,49,0.9278787878787879,random,5,96.38562529389543
2594,f9aca_00024,50,0.9406565656565657,random,5,96.38562529389543
2595,f9aca_00024,51,0.9160839160839161,random,5,96.38562529389543
2596,f9aca_00024,52,0.9153623188405797,random,5,96.38562529389543
2597,f9aca_00024,53,0.9146825396825397,random,5,96.38562529389543
2598,f9aca_00024,54,0.8926462694578636,random,5,96.38562529389543
2599,f9aca_00024,55,0.9278787878787879,random,5,96.38562529389543
2600,f9aca_00024,56,0.9160839160839161,random,5,96.38562529389543
2601,f9aca_00024,57,0.9281400966183576,random,5,96.38562529389543
2602,f9aca_00024,58,0.9035674470457079,random,5,96.38562529389543
2603,f9aca_00024,59,0.8926462694578636,random,5,96.38562529389543
2604,f9aca_00024,60,0.9406565656565657,random,5,96.38562529389543
2605,f9aca_00024,61,0.9281400966183576,random,5,96.38562529389543
2606,f9aca_00024,62,0.9051627384960718,random,5,96.38562529389543
2607,f9aca_00024,63,0.9160839160839161,random,5,96.38562529389543
2608,f9aca_00024,64,0.9160839160839161,random,5,96.38562529389543
2609,f9aca_00024,65,0.9160839160839161,random,5,96.38562529389543
2610,f9aca_00024,66,0.8895061728395062,random,5,96.38562529389543
2611,f9aca_00024,67,0.9543650793650794,random,5,96.38562529389543
2612,f9aca_00024,68,0.8926462694578636,random,5,96.38562529389543
2613,f9aca_00024,69,0.9278787878787879,random,5,96.38562529389543
2614,f9aca_00024,70,0.9281400966183576,random,5,96.38562529389543
2615,f9aca_00024,71,0.9281400966183576,random,5,96.38562529389543
2616,f9aca_00024,72,0.9406565656565657,random,5,96.38562529389543
2617,f9aca_00024,73,0.9278787878787879,random,5,96.38562529389543
2618,f9aca_00024,74,0.9682539682539683,random,5,96.38562529389543
2619,f9aca_00024,75,0.9281400966183576,random,5,96.38562529389543
2620,f9aca_00024,76,0.9406565656565657,random,5,96.38562529389543
2621,f9aca_00024,77,0.9545454545454546,random,5,96.38562529389543
2622,f9aca_00024,78,0.9406565656565657,random,5,96.38562529389543
2623,f9aca_00024,79,0.9406565656565657,random,5,96.38562529389543
2624,f9aca_00024,80,0.8926462694578636,random,5,96.38562529389543
2625,f9aca_00024,81,0.9278787878787879,random,5,96.38562529389543
2626,f9aca_00024,82,0.9278787878787879,random,5,96.38562529389543
2627,f9aca_00024,83,0.9415873015873015,random,5,96.38562529389543
2628,f9aca_00024,84,0.9448717948717947,random,5,96.38562529389543
2629,f9aca_00024,85,0.9545454545454546,random,5,96.38562529389543
2630,f9aca_00024,86,0.9160839160839161,random,5,96.38562529389543
2631,f9aca_00024,87,0.9160839160839161,random,5,96.38562529389543
2632,f9aca_00024,88,0.9543650793650794,random,5,96.38562529389543
2633,f9aca_00024,89,0.9051627384960718,random,5,96.38562529389543
2634,f9aca_00024,90,0.9281400966183576,random,5,96.38562529389543
2635,f9aca_00024,91,0.9545454545454546,random,5,96.38562529389543
2636,f9aca_00024,92,0.9278787878787879,random,5,96.38562529389543
2637,f9aca_00024,93,0.9278787878787879,random,5,96.38562529389543
2638,f9aca_00024,94,0.9543650793650794,random,5,96.38562529389543
2639,f9aca_00024,95,0.9406565656565657,random,5,96.38562529389543
2640,f9aca_00024,96,0.9406565656565657,random,5,96.38562529389543
2641,f9aca_00024,97,0.9011266511266512,random,5,96.38562529389543
2642,f9aca_00024,98,0.9278787878787879,random,5,96.38562529389543
2643,f9aca_00024,99,0.9281400966183576,random,5,96.38562529389543
2644,f9aca_00024,100,0.9278787878787879,random,5,96.38562529389543
2645,f9aca_00024,101,0.9278787878787879,random,5,96.38562529389543
2646,f9aca_00024,102,0.9406565656565657,random,5,96.38562529389543
2647,f9aca_00024,103,0.9278787878787879,random,5,96.38562529389543
2648,f9aca_00024,104,0.9278787878787879,random,5,96.38562529389543
2649,f9aca_00024,105,0.9406565656565657,random,5,96.38562529389543
