{"score": 269.5985468412315, "iteration_metrics": [0.8627283105022832, 0.8980434782608695, 0.8799646954986762, 0.825091575091575, 0.8657538114059853, 0.8796592894583576, 0.9102898550724637, 0.8657538114059853, 0.8919627256843331, 0.8933035714285714, 0.8727106227106227, 0.8989012557077626, 0.8813655761024182, 0.8980434782608695, 0.8880141843971632, 0.9103909169301523, 0.8924684994272623, 0.8760283687943262, 0.898246622592699, 0.8880141843971632, 0.8989012557077626, 0.886843607305936, 0.8861023282552458, 0.8760283687943262, 0.8827815506508205, 0.9106672519754171, 0.886843607305936, 0.898246622592699, 0.8608058608058609, 0.922536231884058, 0.9002695417789757, 0.8807291666666667, 0.9165695981362842, 0.9165695981362842, 0.9041847041847042, 0.9240384615384616, 0.904824948514269, 0.9288730343622598, 0.9115384615384616, 0.9129230308475591, 0.8980434782608695, 0.9115384615384616, 0.9115384615384616, 0.9165695981362842, 0.9172550750220654, 0.918452380952381, 0.9225352112676056, 0.8983026046239391, 0.918452380952381, 0.9054054054054055, 0.9041847041847042, 0.9329213144407598, 0.8678621659634318, 0.9106672519754171, 0.8760283687943262, 0.9225352112676056, 0.9095565749235475, 0.9310267857142858, 0.9058779761904762, 0.9074464877901718, 0.9253650201926065, 0.922536231884058, 0.9201839011154658, 0.9095565749235475, 0.9224770642201835, 0.8588709677419355, 0.9230318993268949, 0.9201839011154658, 0.9240384615384616, 0.870826259196378, 0.9165695981362842, 0.9074464877901718, 0.9058779761904762, 0.8989012557077626, 0.9310267857142858, 0.9148451730418943, 0.9173343605546995, 0.9020188221007893, 0.8933035714285714, 0.9074464877901718, 0.8453081232492997, 0.9240384615384616, 0.9201839011154658, 0.9353975535168195, 0.8658536585365854, 0.9106672519754171, 0.9074464877901718, 0.9296852015298618, 0.8947090744648779, 0.9148451730418943, 0.9365384615384615, 0.9129230308475591, 0.9074464877901718, 0.9365384615384615, 0.9303543913713406, 0.8989012557077626, 0.9224770642201835, 0.9173343605546995, 0.9095565749235475, 0.9436011904761905, 0.9058779761904762, 0.9074464877901718, 0.9148451730418943, 0.9148451730418943, 0.8990384615384615, 0.9303543913713406, 0.9240384615384616, 0.9058779761904762, 0.8990384615384615, 0.8990384615384615, 0.9115384615384616, 0.8799646954986762, 0.9054054054054055, 0.9129230308475591, 0.9129230308475591, 0.9384902143522833, 0.9148451730418943, 0.9163780663780664, 0.9074464877901718, 0.9201839011154658, 0.9129230308475591, 0.8947090744648779, 0.9074464877901718, 0.918452380952381, 0.9433744221879815, 0.9148451730418943, 0.9148451730418943, 0.9255765199161425, 0.9129230308475591, 0.918452380952381, 0.9148451730418943, 0.9058779761904762, 0.9201839011154658, 0.9276715239829993, 0.9148451730418943, 0.9002695417789757, 0.8912942989214176, 0.9201839011154658, 0.9225352112676056, 0.9224770642201835, 0.9148451730418943, 0.9329213144407598, 0.9201839011154658, 0.9303543913713406, 0.9303543913713406, 0.9303543913713406, 0.9303543913713406, 0.9224770642201835, 0.9384902143522833, 0.9404978749241044, 0.9148451730418943, 0.9384902143522833, 0.9122398260329294, 0.9384902143522833, 0.9384902143522833, 0.9173343605546995, 0.9303543913713406, 0.9384902143522833, 0.9303543913713406, 0.9353975535168195, 0.9276715239829993, 0.9224770642201835, 0.9516154085119602, 0.9404978749241044, 0.9404978749241044, 0.9336622807017544, 0.9353975535168195, 0.9336622807017544, 0.9384902143522833, 0.9555941845764855, 0.9336622807017544, 0.9353975535168195, 0.9310267857142858, 0.9201839011154658, 0.9404978749241044, 0.9148451730418943, 0.938230008984726, 0.9276715239829993, 0.9310267857142858, 0.9483180428134557, 0.942240834386852, 0.9303543913713406, 0.9353975535168195, 0.9310267857142858, 0.9483180428134557, 0.9490384615384615, 0.9329213144407598, 0.9276715239829993, 0.9276715239829993, 0.9353975535168195, 0.9533242258652095, 0.9433744221879815, 0.9456587277660536, 0.9561755952380953, 0.9563944530046224, 0.9253650201926065, 0.9433744221879815, 0.9563944530046224, 0.9533242258652095, 0.9456587277660536, 0.9563944530046224, 0.9436011904761905, 0.9421153280376582, 0.9635369871218928, 0.9661505768063146, 0.9661505768063146, 0.9533242258652095, 0.9661505768063146, 0.9789769277474195, 0.9661505768063146, 0.9508834980533094, 0.96875, 0.9583961410913475, 0.9533242258652095, 0.938230008984726, 0.9533242258652095, 0.9838709677419355, 0.9615384615384616, 0.9741590214067278, 0.9635369871218928, 0.9838709677419355, 0.9789769277474195, 0.9711335544166415, 0.9711335544166415, 0.96875, 0.9615384615384616, 0.9635369871218928, 0.9561755952380953, 0.9612385321100918, 0.9789769277474195, 0.9533242258652095, 0.9741590214067278, 0.9789769277474195, 0.9711335544166415, 0.9711335544166415, 0.9533242258652095, 0.9761904761904762, 0.9561755952380953, 0.96875, 0.9635369871218928, 0.96875, 0.9615384615384616, 0.96875, 0.9647406026716372, 0.9711335544166415, 0.9661505768063146, 0.9583961410913475, 0.9583961410913475, 0.96875, 0.9661505768063146, 0.9508834980533094, 0.9561755952380953, 0.9436011904761905, 0.9711335544166415, 0.9508834980533094, 0.9789769277474195, 0.9635369871218928, 0.9508834980533094, 0.9583961410913475, 0.9583961410913475, 0.9561755952380953, 0.9635369871218928, 0.9635369871218928, 0.9365384615384615, 0.9490384615384615, 0.9635369871218928, 0.9635369871218928, 0.9436011904761905, 0.9490384615384615, 0.9545454545454546, 0.9490384615384615, 0.9490384615384615, 0.9508834980533094, 0.9490384615384615, 0.9533242258652095, 0.9661505768063146, 0.9789769277474195, 0.9508834980533094, 0.9490384615384615, 0.9545454545454546, 0.9711335544166415, 0.9741590214067278, 0.9635369871218928, 0.9561755952380953, 0.9761904761904762, 0.96875, 0.96875, 0.9561755952380953, 0.9635369871218928, 0.9741590214067278, 0.9583961410913475], "timestamp": 1725204386, "checkpoint_dir_name": null, "done": false, "training_iteration": 1, "trial_id": "805f1_00005", "date": "2024-09-01_16-26-26", "time_this_iter_s": 13.864457607269287, "time_total_s": 13.864457607269287, "pid": 31219, "hostname": "nemo.cl.cam.ac.uk", "node_ip": "128.232.64.154", "config": {"seed": 1, "strategy": "entropy"}, "time_since_restore": 13.864457607269287, "iterations_since_restore": 1}
