{"score": 257.90452158682274, "iteration_metrics": [0.8462732919254659, 0.8509615384615385, 0.861095305832148, 0.8662956621004566, 0.8560283687943262, 0.8534798534798536, 0.851089417091115, 0.8649755676918655, 0.8771198620293188, 0.8560283687943262, 0.8490753911806543, 0.8060074200913242, 0.8680141843971632, 0.871635166093929, 0.8771198620293188, 0.8882791922739245, 0.876304347826087, 0.8199470432480142, 0.861095305832148, 0.8662956621004566, 0.8771198620293188, 0.8680141843971632, 0.8882791922739245, 0.8945107746068724, 0.8662956621004566, 0.8783533105022832, 0.8759145449224466, 0.9259615384615385, 0.8731152204836415, 0.8705627705627705, 0.8392857142857143, 0.8827561327561327, 0.8885507246376811, 0.871635166093929, 0.8421803652968036, 0.9007971014492754, 0.9007971014492754, 0.8949494949494949, 0.8837342497136311, 0.8635498975709687, 0.871635166093929, 0.871635166093929, 0.9069579288025891, 0.8820976757869962, 0.8771198620293188, 0.8783533105022832, 0.8662956621004566, 0.8534798534798536, 0.8518115942028985, 0.851089417091115, 0.8461760461760461, 0.8649755676918655, 0.8759615384615385, 0.8783533105022832, 0.8649755676918655, 0.871635166093929, 0.8474369988545247, 0.861095305832148, 0.8820976757869962, 0.8542380136986301, 0.8474369988545247, 0.8649755676918655, 0.8560283687943262, 0.8474369988545247, 0.8560283687943262, 0.8705627705627705, 0.8680141843971632, 0.8662956621004566, 0.861095305832148, 0.8696675492791998, 0.8440425531914894, 0.8595360824742269, 0.8462732919254659, 0.8699039021549213, 0.8560283687943262, 0.8462732919254659, 0.871635166093929, 0.8705627705627705, 0.8560283687943262, 0.8542380136986301, 0.8560283687943262, 0.9288084702907712, 0.895990352728369, 0.8452970297029703, 0.9017669961066188, 0.908727766053663, 0.8635498975709687, 0.8576004659289458, 0.8764600179694519, 0.9030813600485732, 0.8902550091074681, 0.9126281453867661, 0.9009615384615385, 0.895990352728369, 0.8820976757869962, 0.8884615384615384, 0.8518115942028985, 0.8572374227714034, 0.8699039021549213, 0.876304347826087, 0.8820976757869962, 0.8649755676918655, 0.9238437001594897, 0.838820602868013, 0.8941102756892231, 0.8845565749235474, 0.9049306625577812, 0.9073464912280702, 0.8884615384615384, 0.9205827067669172, 0.9325281803542673, 0.9009615384615385, 0.8822073383808968, 0.8824404761904762, 0.895014880952381, 0.8638065289008685, 0.8764600179694519, 0.844807296263607, 0.8764600179694519, 0.8820976757869962, 0.8945107746068724, 0.8572916666666667, 0.8958333333333333, 0.9130084869768803, 0.8701298701298701, 0.8783533105022832, 0.9130434782608696, 0.8837342497136311, 0.8885507246376811, 0.9259615384615385, 0.9017669961066188, 0.9069579288025891, 0.9009615384615385, 0.9075892857142858, 0.9201636904761905, 0.8945107746068724, 0.9009615384615385, 0.9009615384615385, 0.8837342497136311, 0.875, 0.8851351351351351, 0.9007971014492754, 0.9075892857142858, 0.8904109589041096, 0.8705627705627705, 0.9071428571428571, 0.8783533105022832, 0.9270739742437856, 0.9071428571428571, 0.9134615384615384, 0.8827561327561327, 0.8945278022947927, 0.889264156366772, 0.9193880553103855, 0.8885507246376811, 0.8885507246376811, 0.8731152204836415, 0.876304347826087, 0.8958333333333333, 0.9014084507042254, 0.8882791922739245, 0.9006438396254024, 0.8827561327561327, 0.906814210832848, 0.88, 0.8731152204836415, 0.876304347826087, 0.9159077109896782, 0.9144204851752021, 0.906814210832848, 0.8882791922739245, 0.9144204851752021, 0.9075892857142858, 0.8949494949494949, 0.9007971014492754, 0.9191176470588236, 0.8851351351351351, 0.9071428571428571, 0.8882791922739245, 0.875, 0.9130084869768803, 0.9159077109896782, 0.8820976757869962, 0.9069579288025891, 0.8822073383808968, 0.8949494949494949, 0.8949494949494949, 0.9570107858243451, 0.9069579288025891, 0.8949494949494949, 0.9075892857142858, 0.8974770642201835, 0.9006438396254024, 0.889264156366772, 0.8882791922739245, 0.9069579288025891, 0.9214651793789569, 0.876304347826087, 0.8945278022947927, 0.8945107746068724, 0.8904109589041096, 0.9017669961066188, 0.9134615384615384, 0.9144204851752021, 0.8783533105022832, 0.8680141843971632, 0.895990352728369, 0.8827561327561327, 0.8653846153846154, 0.889264156366772, 0.9130084869768803, 0.9006438396254024, 0.9193880553103855, 0.9014084507042254, 0.9017669961066188, 0.889264156366772, 0.9253731343283582, 0.8662956621004566, 0.8837342497136311, 0.8837342497136311, 0.8885507246376811, 0.9007971014492754, 0.8851351351351351, 0.9075892857142858, 0.8822073383808968, 0.8958333333333333, 0.9014084507042254, 0.9014084507042254, 0.906814210832848, 0.8820976757869962, 0.8949494949494949, 0.8945107746068724, 0.9014084507042254, 0.8885507246376811, 0.8949494949494949, 0.8945107746068724, 0.889264156366772, 0.9193880553103855, 0.9071428571428571, 0.9130434782608696, 0.9134615384615384, 0.8783533105022832, 0.8958333333333333, 0.8958333333333333, 0.9006438396254024, 0.9201636904761905, 0.9287340619307832, 0.9009615384615385, 0.9134615384615384, 0.9007971014492754, 0.9069579288025891, 0.8945107746068724, 0.8949494949494949, 0.9144204851752021, 0.8851351351351351, 0.9134615384615384, 0.8949494949494949, 0.875, 0.8882791922739245, 0.9014084507042254, 0.8837342497136311, 0.9071428571428571, 0.9342025927042508, 0.9014084507042254, 0.9069579288025891, 0.8945107746068724, 0.9134615384615384, 0.8885507246376811, 0.9327380952380953, 0.9130084869768803, 0.906814210832848, 0.9069579288025891, 0.9233180428134556, 0.9397274633123689, 0.9179506933744221, 0.9214651793789569, 0.9342025927042508, 0.9259615384615385, 0.9193880553103855, 0.9193880553103855, 0.9144204851752021, 0.9134615384615384, 0.9342025927042508, 0.9309707241910632, 0.9270739742437856, 0.9342025927042508, 0.9327380952380953, 0.9287340619307832, 0.9453125, 0.9017669961066188, 0.9159077109896782], "timestamp": 1725204386, "checkpoint_dir_name": null, "done": false, "training_iteration": 1, "trial_id": "805f1_00009", "date": "2024-09-01_16-26-26", "time_this_iter_s": 13.902380466461182, "time_total_s": 13.902380466461182, "pid": 31223, "hostname": "nemo.cl.cam.ac.uk", "node_ip": "128.232.64.154", "config": {"seed": 5, "strategy": "entropy"}, "time_since_restore": 13.902380466461182, "iterations_since_restore": 1}
