{"score": 7173522.626944576, "iteration_metrics": [15398.378827291237, 15354.450752863215, 15312.1432474107, 15271.625313280445, 15194.855592670387, 15084.101804419472, 15063.635336576395, 14986.291253984491, 14986.291251792507, 14854.291077176633, 14854.291077170015, 14816.75160199981, 14805.441711010893, 14699.762943552076, 14696.538908496152, 14696.532740009437, 14610.991587525239, 14564.332403809847, 14542.373554304506, 14540.772077039872, 14520.536512199236, 14459.785825573399, 14448.173013732865, 14447.020535021553, 14373.537290766122, 14332.293886058182, 14290.888932831016, 14225.465294157808, 14213.237580504872, 14196.430172476523, 14154.743218255726, 14145.992505507618, 14145.992505507618, 14044.595528338714, 14044.595528338714, 14034.62369945194, 14027.682964530153, 14027.679598087412, 14027.679598087412, 13995.918414654087, 13991.310142694252, 13954.056023837795, 13865.072049671622, 13839.769292515362, 13834.056515651426, 13804.761219060725, 13779.209212520014, 13763.180747956767, 13731.393730367277, 13711.508188710817, 13711.508173256714, 13697.181314622238, 13697.181314622238, 13606.728647824035, 13548.122794387258, 13496.026037203732, 13478.511925236739, 13441.180100464666, 13407.010840241392, 13393.063755624775, 13363.86372146256, 13363.35794430336, 13339.861097281273, 13291.95033376428, 13286.21842147764, 13248.468636968095, 13240.635410653602, 13240.635410653602, 13240.635226186549, 13230.295152211675, 13230.05761292206, 13210.102391653709, 13204.955180282908, 13194.120878477757, 13194.120878477755, 13194.120878477572, 13194.207632031765, 13152.864577405655, 13117.000972415584, 13120.236564785344, 13118.985029044867, 13080.015137877837, 13079.906286405907, 13079.906286380989, 13040.485799160911, 13033.700614367575, 12945.61802080023, 12947.842980966576, 12947.312139851236, 12867.717600878184, 12867.71439809195, 12843.205921720017, 12842.973613134554, 12837.104528545624, 12680.248618547188, 12668.280465805166, 12666.77624150295, 12665.917150079635, 12663.934325770553, 12645.14133439469, 12609.64000927663, 12609.463256413761, 12557.164549474352, 12454.062612961165, 12454.129442768004, 12433.031079480856, 12395.19833923286, 12395.19568894773, 12389.996285435318, 12385.344432925851, 12375.457167658975, 12354.489691826459, 12316.24754299285, 12312.990779618765, 12267.996069186096, 12220.506353906592, 12201.524536076258, 12201.52379563227, 12192.382482706731, 12192.37880035904, 12191.812562900068, 12112.733044106295, 12106.490220852562, 12061.740388945496, 12031.64787592791, 12031.582685991094, 12031.582685991607, 11994.832011639688, 11986.488391765162, 11881.571388730734, 11841.128196129112, 11837.303940301143, 11837.53525586726, 11745.735622290897, 11723.554808743846, 11723.300346564247, 11723.300346564341, 11723.300346564332, 11713.49517754661, 11713.468120977848, 11704.959028247593, 11702.411042918968, 11612.513743662665, 11493.446136807192, 11493.446112798809, 11484.308586284635, 11484.308586284627, 11442.822858674182, 11325.155030672995, 11308.256812766846, 11235.294764582954, 11231.543661810794, 11233.482810165448, 11233.470684943164, 11197.385795405758, 11202.410845811628, 11209.422646527804, 11170.853683097192, 11078.572510944123, 11047.124632990539, 11036.91092142783, 11036.916254751686, 11036.916254718975, 11035.618981075724, 11021.002047271186, 11003.273057972048, 11003.272272292099, 11005.724840825262, 11004.949993349246, 10989.451933431184, 10971.995861897703, 10972.043779297564, 10968.857464050137, 10968.857464049428, 10929.468454708922, 10929.468156064295, 10916.749393061424, 10917.047487986132, 10917.046801350412, 10917.041813580949, 10891.536580189819, 10891.179115768842, 10858.5692380418, 10859.918403329073, 10860.011708480079, 10811.682595052307, 10774.173690043974, 10774.15274702765, 10776.54878185217, 10719.12007117188, 10719.120074389099, 10719.046104331854, 10719.176485517273, 10695.201502572727, 10694.332864719323, 10606.726291257877, 10607.167252534771, 10596.496709414865, 10549.700502947704, 10544.000449555726, 10537.477536440587, 10537.477537687104, 10525.068172074705, 10525.28208593612, 10529.056797016472, 10528.226063041246, 10518.646350899286, 10518.646350733972, 10518.924026661029, 10490.447491377578, 10502.170525631038, 10502.147512841684, 10502.712423911718, 10502.712424491885, 10469.534298262472, 10461.134998279087, 10451.281920221629, 10451.367288426487, 10451.343572178092, 10451.343538758503, 10408.538357813939, 10406.267263381376, 10405.715192113392, 10396.933034720989, 10387.128737883686, 10387.949525664582, 10254.636518665318, 10142.140915060214, 10132.832107183292, 10133.321430157983, 10125.280287998621, 10102.524799723815, 10102.280764690526, 10039.472826027732, 10008.121063955086, 9972.659714154119, 9957.927681300609, 9944.11057251132, 9849.989104650598, 9838.242972749791, 9796.853406415872, 9769.825085048751, 9769.82242215891, 9692.660681432937, 9603.037367981588, 9545.364411905432, 9543.77350028958, 9543.773500289386, 9543.773500289284, 9546.859873145157, 9546.842509585082, 9547.005363918332, 9547.00578636171, 9542.1414173571, 9536.193813664127, 9510.839938986088, 9496.948173721263, 9496.948173721208, 9431.45981084553, 9426.63761844649, 9427.859054549794, 9427.850996374556, 9395.138388768424, 9393.44824609408, 9393.079536926067, 9393.099451878368, 9393.0994504672, 9380.210520193754, 9380.210355910232, 9380.209368755166, 9354.793282787054, 9322.012401865588, 9323.423643650558, 9241.83193476504, 9242.137809241929, 9177.652452373139, 9128.83694544702, 9128.857729062076, 9107.984506430234, 9067.10994755762, 9067.109343609509, 9065.03423218127, 9026.88116297002, 9024.475434247472, 9014.502221338478, 9014.791054980255, 8971.99083887776, 8971.990663186372, 8972.52459923441, 8960.083051504573, 8960.045666289776, 8957.603665294817, 8958.401236582606, 8957.64030371183, 8991.105822485479, 8982.958056581163, 8880.091540591822, 8880.654886111965, 8881.08861658825, 8880.015560295007, 8879.511715053626, 8879.51171506281, 8877.67775374662, 8832.891854056676, 8832.954373113447, 8824.690734550515, 8824.261329258361, 8818.874410608269, 8818.523565049612, 8818.523565080592, 8818.26101643389, 8814.041449374054, 8814.0407170781, 8815.082924490602, 8814.896432975673, 8814.89611736707, 8810.318840490225, 8781.914146773, 8770.348100954516, 8734.114473804653, 8714.950052385162, 8702.602704524988, 8701.472383795925, 8700.903403405955, 8691.808279519935, 8608.48017510658, 8606.136366257426, 8601.611144806267, 8592.17163662252, 8528.471819747354, 8485.387853749, 8455.138487336235, 8454.273127651357, 8446.488304426046, 8446.392431723769, 8387.363106751, 8382.482009699335, 8382.710924846693, 8369.636719205593, 8369.443769362435, 8366.656684859894, 8319.5253333064, 8319.842961325587, 8319.836022825259, 8319.584895834732, 8319.584872991094, 8318.641537001322, 8308.826692700166, 8219.682728186526, 8189.351168259355, 8189.311367271253, 8191.575267785426, 8188.165486931319, 8074.773455043582, 8074.74601913688, 8074.700039437033, 8077.7399284712, 8068.800239903815, 8068.776854021099, 8063.4655507506, 8063.465550759622, 8063.465550757695, 8010.512128261624, 8010.483959098381, 8010.320758479999, 7987.646049867068, 7869.325937362873, 7864.909497781196, 7782.97205522719, 7692.992237901574, 7692.99223790645, 7645.6043491079945, 7598.012410490236, 7582.036509061174, 7582.035795615194, 7582.035795613365, 7573.824099800286, 7572.26454139951, 7572.26454138418, 7572.286036734486, 7570.602897714808, 7515.089449373517, 7515.0894493695005, 7515.089449390655, 7513.8212949487015, 7512.520566252893, 7512.959335303494, 7513.0908666666855, 7513.091180772041, 7481.109527235884, 7472.420577086047, 7472.428891818391, 7472.449821375403, 7466.381394485403, 7466.3813944814165, 7466.2909889669445, 7455.898507493613, 7434.089462088412, 7434.089462086157, 7412.454362996294, 7362.796561748104, 7361.408795535048, 7330.012020855899, 7329.006896727448, 7307.993072017232, 7288.417843588111, 7289.172553620072, 7289.172182295633, 7287.17915784036, 