{"score": 273.46904018262956, "iteration_metrics": [0.9091530054644809, 0.7804964539007092, 0.8780679223744292, 0.8971420486700623, 0.8643960674157303, 0.8626373626373627, 0.8851867572156198, 0.9083926031294453, 0.8963726884779517, 0.9034240561896401, 0.8868303571428571, 0.9083694083694083, 0.9269671389810069, 0.9091530054644809, 0.8961760461760462, 0.9091530054644809, 0.9119791666666667, 0.9382126348228044, 0.9251926040061633, 0.9397045523063008, 0.9193620844564241, 0.9470494417862838, 0.9512326656394453, 0.9422775689223057, 0.9642526964560862, 0.9467225846536191, 0.9467225846536191, 0.9269671389810069, 0.947632058287796, 0.9397045523063008, 0.959847778813296, 0.9290413533834586, 0.9290413533834586, 0.9470494417862838, 0.9428899082568807, 0.9335973904939423, 0.9378950695322377, 0.9378950695322377, 0.9422775689223057, 0.951248419721871, 0.9219793564055859, 0.9382126348228044, 0.8721607454863134, 0.9320155735250075, 0.9555137844611529, 0.9382126348228044, 0.9558103975535168, 0.9397045523063008, 0.9428899082568807, 0.9173076923076924, 0.9512326656394453, 0.9512326656394453, 0.9251926040061633, 0.9422775689223057, 0.9467225846536191, 0.9558103975535168, 0.960458409228901, 0.947632058287796, 0.9699760407307577, 0.9467225846536191, 0.959847778813296, 0.9422775689223057, 0.9382126348228044, 0.9622767857142858, 0.9512326656394453, 0.9422775689223057, 0.9558103975535168, 0.951248419721871, 0.9467225846536191, 0.959847778813296, 0.9555137844611529, 0.951248419721871, 0.9467225846536191, 0.9555137844611529, 0.959847778813296, 0.960458409228901, 0.9555137844611529, 0.951248419721871, 0.9428899082568807, 0.960458409228901, 0.9378950695322377, 0.9512326656394453, 0.9732847601700061, 0.9382126348228044, 0.9422775689223057, 0.9512326656394453, 0.947632058287796, 0.9555137844611529, 0.951248419721871, 0.934805707346691, 0.9378950695322377, 0.9642526964560862, 0.9512326656394453, 0.968730886850153, 0.9382126348228044, 0.9467225846536191, 0.951248419721871, 0.9512326656394453, 0.951248419721871, 0.9467225846536191, 0.9320155735250075, 0.944669062593591, 0.9642526964560862, 0.947632058287796, 0.9467225846536191, 0.9573225516621743, 0.9558103975535168, 0.9467225846536191, 0.9467225846536191, 0.9524419656315948, 0.9428899082568807, 0.9558103975535168, 0.9467225846536191, 0.9512326656394453, 0.9467225846536191, 0.9512326656394453, 0.9555137844611529, 0.968730886850153, 0.9555137844611529, 0.9555137844611529, 0.9382126348228044, 0.9467225846536191, 0.9467225846536191, 0.9512326656394453, 0.9428899082568807, 0.9651793789568888, 0.9512326656394453, 0.9422775689223057, 0.9467225846536191, 0.9555137844611529, 0.951248419721871, 0.9558103975535168, 0.951248419721871, 0.9512326656394453, 0.9470494417862838, 0.960458409228901, 0.951248419721871, 0.9428899082568807, 0.9428899082568807, 0.947632058287796, 0.9512326656394453, 0.947632058287796, 0.9512326656394453, 0.9299694189602447, 0.9512326656394453, 0.9512326656394453, 0.9699760407307577, 0.9512326656394453, 0.960458409228901, 0.9382126348228044, 0.9642526964560862, 0.9524419656315948, 0.9467225846536191, 0.9512326656394453, 0.9422775689223057, 0.947632058287796, 0.9573225516621743, 0.947632058287796, 0.947632058287796, 0.9555137844611529, 0.9558103975535168, 0.9382126348228044, 0.9467225846536191, 0.9467225846536191, 0.968730886850153, 0.9422775689223057, 0.9371279761904762, 0.9512326656394453, 0.9382126348228044, 0.947632058287796, 0.934805707346691, 0.9382126348228044, 0.9299694189602447, 0.9555137844611529, 0.9428899082568807, 0.9467225846536191, 0.9428899082568807, 0.9555137844611529, 0.9382126348228044, 0.934805707346691, 0.9555137844611529, 0.9642526964560862, 0.9299694189602447, 0.9558103975535168, 0.9422775689223057, 0.9422775689223057, 0.9467225846536191, 0.9428899082568807, 0.9467225846536191, 0.9335973904939423, 0.959847778813296, 0.9422775689223057, 0.9290413533834586, 0.9512326656394453, 0.934805707346691, 0.9555137844611529, 0.9299694189602447, 0.9382126348228044, 0.9467225846536191, 0.944669062593591, 0.9382126348228044, 0.934805707346691, 0.9422775689223057, 0.9467225846536191, 0.9428899082568807, 0.947632058287796, 0.9524419656315948, 0.9422775689223057, 0.9335973904939423, 0.9428899082568807, 0.9251926040061633, 0.9378950695322377, 0.960458409228901, 0.959847778813296, 0.9524419656315948, 0.9397045523063008, 0.947632058287796, 0.9555137844611529, 0.947632058287796, 0.9467225846536191, 0.9558103975535168, 0.9642526964560862, 0.947632058287796, 0.9422775689223057, 0.9428899082568807, 0.9558103975535168, 0.947632058287796, 0.9467225846536191, 0.9382126348228044, 0.9382126348228044, 0.9335973904939423, 0.9299694189602447, 0.9512326656394453, 0.947632058287796, 0.9512326656394453, 0.9524419656315948, 0.9290413533834586, 0.9428899082568807, 0.934805707346691, 0.9512326656394453, 0.9397045523063008, 0.960458409228901, 0.9512326656394453, 0.9428899082568807, 0.934805707346691, 0.9320155735250075, 0.9335973904939423, 0.9558103975535168, 0.9467225846536191, 0.9558103975535168, 0.947632058287796, 0.9428899082568807, 0.9290413533834586, 0.9335973904939423, 0.9524419656315948, 0.9558103975535168, 0.9558103975535168, 0.934805707346691, 0.9335973904939423, 0.9382126348228044, 0.9524419656315948, 0.9245535714285714, 0.960458409228901, 0.9382126348228044, 0.9512326656394453, 0.960458409228901, 0.9428899082568807, 0.9558103975535168, 0.9428899082568807, 0.9512326656394453, 0.934805707346691, 0.9524419656315948, 0.9335973904939423, 0.9320155735250075, 0.9299694189602447, 0.9382126348228044, 0.9512326656394453, 0.960458409228901, 0.960458409228901, 0.9335973904939423, 0.947632058287796, 0.9467225846536191, 0.9320155735250075, 0.947632058287796, 0.9290413533834586, 0.9299694189602447, 0.9397045523063008, 0.9428899082568807, 0.9642526964560862, 0.9467225846536191, 0.9397045523063008], "timestamp": 1725204410, "checkpoint_dir_name": null, "done": false, "training_iteration": 1, "trial_id": "805f1_00014", "date": "2024-09-01_16-26-50", "time_this_iter_s": 14.35670781135559, "time_total_s": 14.35670781135559, "pid": 32253, "hostname": "nemo.cl.cam.ac.uk", "node_ip": "128.232.64.154", "config": {"seed": 5, "strategy": "marginal_confidence"}, "time_since_restore": 14.35670781135559, "iterations_since_restore": 1}
