{"score": 7007298.907161184, "iteration_metrics": [15325.17295768657, 15284.773315163908, 15284.855253998492, 15284.855253998492, 15263.256027367463, 15146.665653713317, 15145.928261903166, 15064.790592179224, 15021.017496023116, 14939.167595807688, 14926.936912283176, 14926.936912279261, 14889.906342548724, 14888.509928188585, 14836.28845123916, 14836.288442211779, 14753.90288135324, 14753.902218336994, 14753.894291647983, 14724.519270164976, 14673.921719589738, 14639.597434418334, 14639.592066424211, 14633.822836177998, 14545.585179088359, 14531.809735797398, 14510.257691226094, 14496.575332015722, 14443.311079268024, 14414.829126198067, 14317.503252085477, 14287.863889673781, 14245.20454308737, 14243.280585864835, 14241.744600385511, 14225.541060602645, 14195.22587249239, 14174.347902413083, 14132.14830840464, 14130.309960547353, 14120.146707277694, 14119.615276583505, 14069.228517833675, 14069.228517833675, 14037.915482078814, 14009.95446611414, 13982.87160889136, 13988.587555990436, 13899.49104852484, 13899.21220877413, 13888.64502914033, 13884.360323864483, 13870.791901003138, 13833.361517287221, 13830.217002467525, 13795.276840814213, 13795.276691597497, 13719.726989246921, 13715.118717286987, 13714.471666884381, 13638.786067842719, 13637.915879498129, 13583.241254852997, 13582.63112027226, 13582.63024308393, 13537.431807094536, 13537.345821907065, 13506.70194249548, 13470.03470584844, 13462.719946999257, 13446.212886164107, 13411.809447297706, 13395.148545830776, 13395.156404536785, 13349.432173963898, 13327.19916303908, 13260.129159305, 13260.129159305, 13260.066979635014, 13247.812199996097, 13237.325745064783, 13166.737351720985, 13166.90571958449, 13166.401896124975, 13166.40152191233, 13166.401501588676, 13166.401501588676, 13166.401475411034, 13167.072249490759, 13157.399251293891, 13130.750789054562, 13130.749992150593, 13127.245100368982, 13127.245100368973, 13116.69582652719, 13014.67066687648, 13013.445268366333, 13008.355392954525, 12973.566634718636, 12960.416684198652, 12959.6916397631, 12959.76609706318, 12959.739846692284, 12960.538528806146, 12960.538528804293, 12927.948215938868, 12891.079097661808, 12891.119686135906, 12891.119686135939, 12878.774648347893, 12836.052664004384, 12804.086442251622, 12798.610198647239, 12798.567187960529, 12776.882576353382, 12653.354558766221, 12635.382387824777, 12635.382387824739, 12506.088209161551, 12449.089042622683, 12368.44877083051, 12351.567050301133, 12332.133322279915, 12286.632986213363, 12279.787023520625, 12276.276476175453, 12242.598489058551, 12242.5983336624, 12186.544872115417, 12142.278604036948, 12083.544919667316, 12072.862001367965, 12072.862001368048, 12072.368668859375, 12072.982484840788, 12043.87268416251, 12043.281984153664, 12043.07394479664, 12038.763448780783, 12038.763448780772, 12034.768852429837, 11988.658977760238, 11835.67583124574, 11835.67582825063, 11752.142496075352, 11708.28897368015, 11669.004375303855, 11587.786355054195, 11571.458381732764, 11571.458381732724, 11532.064158925936, 11526.39578006834, 11525.794485482471, 11484.020665962138, 11437.023856774025, 11396.237554913776, 11396.237551240485, 11370.045471412046, 11369.870729729797, 11331.184355198053, 11261.83379258291, 11262.02878738354, 11266.90646582819, 11182.225253301252, 11138.650506863938, 11138.342370727318, 11066.919546406118, 10961.481270879216, 10867.231790526017, 10864.474895676693, 10864.47491308468, 10828.708603904957, 10770.343188498025, 10770.343188498044, 10732.60959577281, 10743.674260700054, 10716.390627487193, 10716.757796860775, 10677.01227872392, 10657.68016871469, 10645.26200949196, 10565.809153099095, 10546.150733249671, 10515.470460357483, 10515.469706969652, 10517.624460671885, 10515.367444190837, 10428.78957510445, 10428.789575104482, 10428.790713858258, 10428.79071385825, 10429.717875886952, 10395.497077861548, 10317.428069726904, 10261.161638440155, 10261.236817006351, 10261.720683254667, 10261.719996619566, 10249.310638329911, 10244.720373515376, 10244.489830876677, 10220.60873160829, 10222.552901641215, 10218.428456819247, 10110.959997534075, 10110.966072953748, 10102.226638933158, 10067.743391807213, 10035.913715935021, 10034.710932713744, 10034.710932713739, 9956.2272459971, 9957.854188895168, 9913.788771713056, 9913.788771713063, 9916.88669229209, 9916.88596411179, 9916.015899983373, 9916.114794560726, 9888.076681810846, 9881.888561707305, 9872.03532052896, 9815.751128457114, 9803.352280649313, 9803.352282999982, 9801.93821041285, 9801.938210412842, 9658.190142663538, 9657.951840425854, 9633.816746862141, 9592.72370931236, 9587.940032580746, 9593.729517557516, 9593.739757664669, 9593.632162910366, 9510.680200038052, 9512.338359475472, 9449.657853526342, 9443.257193991598, 9429.224428529347, 9388.90530605732, 9386.499909652222, 9303.498445259609, 9303.022720677493, 9308.700280079058, 9287.699173057581, 9278.611938301294, 9207.604342817283, 9167.948376706767, 9151.097120355207, 9120.707167087714, 9045.781525671675, 9045.781525645576, 9045.796112474274, 8964.347396922743, 8966.849815921309, 8965.392138368496, 8965.391977760113, 8932.401941551965, 8906.713381214111, 8873.652752608332, 8873.647274651647, 8873.696818245904, 8876.334883764335, 8876.334549530122, 8800.727637844137, 8752.375113910755, 8745.58839226259, 8745.588396440364, 8719.02564102751, 8723.768547812699, 8723.181825947255, 8635.235303991474, 8597.985051944495, 8587.340821593456, 8588.11231345775, 8458.47588708352, 8453.601449354925, 8382.047194486664, 8363.097380571595, 8362.72642777962, 8362.727300460543, 8363.112808684631, 8358.428071372216, 8359.372568003851, 8346.081398976414, 8346.077084572891, 8345.762878207302, 8297.873656982443, 8287.900282568211, 8287.895744014106, 8285.914772262424, 8275.194814733983, 8227.603016548706, 8221.534436547876, 8221.534436547878, 8221.51135507093, 8221.345812687025, 8221.345812788451, 8117.367273730844, 8111.413821947452, 8111.662851695912, 8111.6215395031995, 8087.1347465737545, 8020.844038502088, 8020.843306186041, 8022.545525461994, 8023.613538460039, 8023.613538458274, 8019.118169488088, 8019.247568744464, 8019.299242182422, 7979.175848300443, 7979.291352901585, 7975.316057375277, 7975.104922169354, 7964.59743287692, 7964.511131489485, 7963.497600628257, 7955.556397556192, 7951.454395954745, 7951.153297084018, 7951.522722722599, 7861.204715967447, 7861.204715979239, 7849.379723481402, 7849.082545410845, 7788.051744108313, 7728.513218636962, 7728.454905324902, 7723.551700199828, 7721.725986962619, 7721.681852694122, 7722.292506100884, 7693.427396083809, 7693.42449263879, 7655.9291742473615, 7647.085951309647, 7643.254888070375, 7608.290585777562, 7583.951159048314, 7583.351250085361, 7568.260777608184, 7569.947683914212, 7566.738849202631, 7569.190397823378, 7510.472548577248, 7510.436167144506, 7486.884891809401, 7486.881383068848, 7487.716501164294, 7487.897085163094, 7485.315354910007, 7485.043190461064, 7485.062621188722, 7485.062393149204, 7485.062382112953, 7485.062374887281, 7485.067341961182, 7472.113238177385, 7473.195768990326, 7412.567990080529, 7393.652515572983, 7375.040543481038, 7326.8100277224685, 7326.810027702937, 7326.626457218795, 7190.311179110822, 7180.3593997974995, 7180.360991671, 7171.24559344511, 7052.82041302167, 7049.486830320735, 7044.932708725798, 7045.788158772876, 7006.037148745747, 7006.037148737316, 7005.9388676033195, 7006.910232235169, 7006.520025530059, 7006.520025529081, 6993.335545154615, 6993.813124442816, 6993.809695972366, 6955.438154153628, 6945.102126503317, 6894.38529844632, 6894.386998748241, 6893.585532268801, 6893.452991850335, 6893.372992115841, 6892.067975588266, 6887.505405646874, 6842.25457431759, 6840.897805349467, 6840.89765267625, 6839.262728885688, 6839.534154938347, 6765.499631219009, 6765.6754331167485, 6765.614481376391, 6734.472946579351, 6730.790641404528, 6703.3036713425545, 6702.108379167187, 6702.112104002011, 6703.8036757047275, 6703.942449074471, 6710.125620089612, 6709.99024258934, 