,trial_id,iteration,test_metric,strategy,seed,score
0,ac040_00000,0,235.29611206054688,bald,1,38238.929443359375
1,ac040_00000,1,237.13735961914062,bald,1,38238.929443359375
2,ac040_00000,2,258.12518310546875,bald,1,38238.929443359375
3,ac040_00000,3,244.0931396484375,bald,1,38238.929443359375
4,ac040_00000,4,253.5263214111328,bald,1,38238.929443359375
5,ac040_00000,5,259.4978332519531,bald,1,38238.929443359375
6,ac040_00000,6,259.35919189453125,bald,1,38238.929443359375
7,ac040_00000,7,261.633056640625,bald,1,38238.929443359375
8,ac040_00000,8,255.9765167236328,bald,1,38238.929443359375
9,ac040_00000,9,254.8545684814453,bald,1,38238.929443359375
10,ac040_00000,10,264.22198486328125,bald,1,38238.929443359375
11,ac040_00000,11,265.16436767578125,bald,1,38238.929443359375
12,ac040_00000,12,258.24456787109375,bald,1,38238.929443359375
13,ac040_00000,13,256.0726013183594,bald,1,38238.929443359375
14,ac040_00000,14,276.0770263671875,bald,1,38238.929443359375
15,ac040_00000,15,275.234375,bald,1,38238.929443359375
16,ac040_00000,16,275.28570556640625,bald,1,38238.929443359375
17,ac040_00000,17,276.56561279296875,bald,1,38238.929443359375
18,ac040_00000,18,264.30401611328125,bald,1,38238.929443359375
19,ac040_00000,19,267.9179992675781,bald,1,38238.929443359375
20,ac040_00000,20,271.4093933105469,bald,1,38238.929443359375
21,ac040_00000,21,266.70819091796875,bald,1,38238.929443359375
22,ac040_00000,22,264.02685546875,bald,1,38238.929443359375
23,ac040_00000,23,258.0231628417969,bald,1,38238.929443359375
24,ac040_00000,24,256.67059326171875,bald,1,38238.929443359375
25,ac040_00000,25,254.83078002929688,bald,1,38238.929443359375
26,ac040_00000,26,248.4880828857422,bald,1,38238.929443359375
27,ac040_00000,27,249.248046875,bald,1,38238.929443359375
28,ac040_00000,28,249.6395263671875,bald,1,38238.929443359375
29,ac040_00000,29,247.606689453125,bald,1,38238.929443359375
30,ac040_00000,30,246.5371551513672,bald,1,38238.929443359375
31,ac040_00000,31,249.0140838623047,bald,1,38238.929443359375
32,ac040_00000,32,250.80691528320312,bald,1,38238.929443359375
33,ac040_00000,33,249.9984893798828,bald,1,38238.929443359375
34,ac040_00000,34,246.25698852539062,bald,1,38238.929443359375
35,ac040_00000,35,247.2565155029297,bald,1,38238.929443359375
36,ac040_00000,36,243.5582733154297,bald,1,38238.929443359375
37,ac040_00000,37,253.5646209716797,bald,1,38238.929443359375
38,ac040_00000,38,247.3461151123047,bald,1,38238.929443359375
39,ac040_00000,39,246.15438842773438,bald,1,38238.929443359375
40,ac040_00000,40,244.0369873046875,bald,1,38238.929443359375
41,ac040_00000,41,242.3367919921875,bald,1,38238.929443359375
42,ac040_00000,42,240.86544799804688,bald,1,38238.929443359375
43,ac040_00000,43,239.5740966796875,bald,1,38238.929443359375
44,ac040_00000,44,239.66989135742188,bald,1,38238.929443359375
45,ac040_00000,45,246.86471557617188,bald,1,38238.929443359375
46,ac040_00000,46,243.7841339111328,bald,1,38238.929443359375
47,ac040_00000,47,243.3933868408203,bald,1,38238.929443359375
48,ac040_00000,48,243.1598358154297,bald,1,38238.929443359375
49,ac040_00000,49,241.1446990966797,bald,1,38238.929443359375
50,ac040_00000,50,240.48330688476562,bald,1,38238.929443359375
51,ac040_00000,51,239.29666137695312,bald,1,38238.929443359375
52,ac040_00000,52,238.20968627929688,bald,1,38238.929443359375
53,ac040_00000,53,237.6266632080078,bald,1,38238.929443359375
54,ac040_00000,54,236.37869262695312,bald,1,38238.929443359375
55,ac040_00000,55,235.91653442382812,bald,1,38238.929443359375
56,ac040_00000,56,234.8675079345703,bald,1,38238.929443359375
57,ac040_00000,57,235.3133544921875,bald,1,38238.929443359375
58,ac040_00000,58,233.7510986328125,bald,1,38238.929443359375
59,ac040_00000,59,232.89089965820312,bald,1,38238.929443359375
60,ac040_00000,60,232.45315551757812,bald,1,38238.929443359375
61,ac040_00000,61,231.5830841064453,bald,1,38238.929443359375
62,ac040_00000,62,232.34228515625,bald,1,38238.929443359375
63,ac040_00000,63,231.6867218017578,bald,1,38238.929443359375
64,ac040_00000,64,230.82162475585938,bald,1,38238.929443359375
65,ac040_00000,65,230.87338256835938,bald,1,38238.929443359375
66,ac040_00000,66,230.081787109375,bald,1,38238.929443359375
67,ac040_00000,67,230.5832061767578,bald,1,38238.929443359375
68,ac040_00000,68,229.9704132080078,bald,1,38238.929443359375
69,ac040_00000,69,229.3602294921875,bald,1,38238.929443359375
70,ac040_00000,70,229.33474731445312,bald,1,38238.929443359375
71,ac040_00000,71,230.05673217773438,bald,1,38238.929443359375
72,ac040_00000,72,229.35366821289062,bald,1,38238.929443359375
73,ac040_00000,73,231.1363983154297,bald,1,38238.929443359375
74,ac040_00000,74,232.23355102539062,bald,1,38238.929443359375
75,ac040_00000,75,230.73062133789062,bald,1,38238.929443359375
76,ac040_00000,76,230.2255401611328,bald,1,38238.929443359375
77,ac040_00000,77,232.24813842773438,bald,1,38238.929443359375
78,ac040_00000,78,233.33993530273438,bald,1,38238.929443359375
79,ac040_00000,79,232.510498046875,bald,1,38238.929443359375
80,ac040_00000,80,232.2052459716797,bald,1,38238.929443359375
81,ac040_00000,81,232.505859375,bald,1,38238.929443359375
82,ac040_00000,82,234.35427856445312,bald,1,38238.929443359375
83,ac040_00000,83,233.0514678955078,bald,1,38238.929443359375
84,ac040_00000,84,232.0314483642578,bald,1,38238.929443359375
85,ac040_00000,85,232.118408203125,bald,1,38238.929443359375
86,ac040_00000,86,234.38516235351562,bald,1,38238.929443359375
87,ac040_00000,87,232.9290313720703,bald,1,38238.929443359375
88,ac040_00000,88,232.2025146484375,bald,1,38238.929443359375
89,ac040_00000,89,231.45504760742188,bald,1,38238.929443359375
90,ac040_00000,90,233.3638153076172,bald,1,38238.929443359375
91,ac040_00000,91,235.04226684570312,bald,1,38238.929443359375
92,ac040_00000,92,233.9050750732422,bald,1,38238.929443359375
93,ac040_00000,93,233.13540649414062,bald,1,38238.929443359375
94,ac040_00000,94,232.5435791015625,bald,1,38238.929443359375
95,ac040_00000,95,233.5139617919922,bald,1,38238.929443359375
96,ac040_00000,96,233.10220336914062,bald,1,38238.929443359375
97,ac040_00000,97,233.8522491455078,bald,1,38238.929443359375
98,ac040_00000,98,233.03579711914062,bald,1,38238.929443359375
99,ac040_00000,99,233.8843231201172,bald,1,38238.929443359375
100,ac040_00000,100,234.2820281982422,bald,1,38238.929443359375
101,ac040_00000,101,234.0684051513672,bald,1,38238.929443359375
102,ac040_00000,102,234.6404571533203,bald,1,38238.929443359375
103,ac040_00000,103,234.1322784423828,bald,1,38238.929443359375
104,ac040_00000,104,234.14175415039062,bald,1,38238.929443359375
105,ac040_00000,105,235.53591918945312,bald,1,38238.929443359375
106,ac040_00000,106,236.01272583007812,bald,1,38238.929443359375
107,ac040_00000,107,236.3375244140625,bald,1,38238.929443359375
108,ac040_00000,108,235.40493774414062,bald,1,38238.929443359375
109,ac040_00000,109,235.1722412109375,bald,1,38238.929443359375
110,ac040_00000,110,234.68362426757812,bald,1,38238.929443359375
111,ac040_00000,111,234.72134399414062,bald,1,38238.929443359375
112,ac040_00000,112,235.99850463867188,bald,1,38238.929443359375
113,ac040_00000,113,236.5548858642578,bald,1,38238.929443359375
114,ac040_00000,114,235.56954956054688,bald,1,38238.929443359375
115,ac040_00000,115,235.2573699951172,bald,1,38238.929443359375
116,ac040_00000,116,235.38388061523438,bald,1,38238.929443359375
117,ac040_00000,117,236.01199340820312,bald,1,38238.929443359375
118,ac040_00000,118,235.0706024169922,bald,1,38238.929443359375
119,ac040_00000,119,235.208984375,bald,1,38238.929443359375
120,ac040_00000,120,234.7782745361328,bald,1,38238.929443359375
121,ac040_00000,121,234.09518432617188,bald,1,38238.929443359375
122,ac040_00000,122,234.0886688232422,bald,1,38238.929443359375
123,ac040_00000,123,233.77169799804688,bald,1,38238.929443359375
124,ac040_00000,124,233.3404998779297,bald,1,38238.929443359375
125,ac040_00000,125,233.2538299560547,bald,1,38238.929443359375
126,ac040_00000,126,233.0636749267578,bald,1,38238.929443359375
127,ac040_00000,127,232.4126739501953,bald,1,38238.929443359375
128,ac040_00000,128,233.0084991455078,bald,1,38238.929443359375
129,ac040_00000,129,232.3510284423828,bald,1,38238.929443359375
130,ac040_00000,130,232.7015838623047,bald,1,38238.929443359375
131,ac040_00000,131,231.68411254882812,bald,1,38238.929443359375
132,ac040_00000,132,231.8433380126953,bald,1,38238.929443359375
133,ac040_00000,133,231.64175415039062,bald,1,38238.929443359375
134,ac040_00000,134,231.3914031982422,bald,1,38238.929443359375
135,ac040_00000,135,231.19400024414062,bald,1,38238.929443359375
136,ac040_00000,136,230.70266723632812,bald,1,38238.929443359375
137,ac040_00000,137,230.6807861328125,bald,1,38238.929443359375
138,ac040_00000,138,229.9983367919922,bald,1,38238.929443359375
139,ac040_00000,139,229.8802032470703,bald,1,38238.929443359375
140,ac040_00000,140,229.9560546875,bald,1,38238.929443359375
141,ac040_00000,141,229.6011199951172,bald,1,38238.929443359375
142,ac040_00000,142,230.0045928955078,bald,1,38238.929443359375
143,ac040_00000,143,229.8346710205078,bald,1,38238.929443359375
144,ac040_00000,144,229.42544555664062,bald,1,38238.929443359375
145,ac040_00000,145,229.2425994873047,bald,1,38238.929443359375
146,ac040_00000,146,228.81600952148438,bald,1,38238.929443359375
147,ac040_00000,147,229.1432342529297,bald,1,38238.929443359375
148,ac040_00000,148,228.6473846435547,bald,1,38238.929443359375
149,ac040_00000,149,228.6195068359375,bald,1,38238.929443359375
150,ac040_00000,150,229.39315795898438,bald,1,38238.929443359375
151,ac040_00000,151,228.45285034179688,bald,1,38238.929443359375
152,ac040_00000,152,228.42715454101562,bald,1,38238.929443359375
153,ac040_00000,153,227.88827514648438,bald,1,38238.929443359375
154,ac040_00000,154,227.8422393798828,bald,1,38238.929443359375
155,ac040_00000,155,228.02932739257812,bald,1,38238.929443359375
156,ac040_00000,156,227.56103515625,bald,1,38238.929443359375
157,ac040_00000,157,228.05032348632812,bald,1,38238.929443359375
158,ac040_00000,158,227.7853240966797,bald,1,38238.929443359375
159,ac040_00000,159,227.2432403564453,bald,1,38238.929443359375
160,ac040_00000,160,227.4061737060547,bald,1,38238.929443359375
161,ac040_00001,0,243.152099609375,bald,2,35939.50277709961
162,ac040_00001,1,242.091552734375,bald,2,35939.50277709961
163,ac040_00001,2,243.89697265625,bald,2,35939.50277709961
164,ac040_00001,3,244.740966796875,bald,2,35939.50277709961
165,ac040_00001,4,246.7191162109375,bald,2,35939.50277709961
166,ac040_00001,5,238.6692352294922,bald,2,35939.50277709961
167,ac040_00001,6,239.8897705078125,bald,2,35939.50277709961
168,ac040_00001,7,232.30294799804688,bald,2,35939.50277709961
169,ac040_00001,8,228.94412231445312,bald,2,35939.50277709961
170,ac040_00001,9,227.5463409423828,bald,2,35939.50277709961
171,ac040_00001,10,229.60623168945312,bald,2,35939.50277709961
172,ac040_00001,11,227.6547393798828,bald,2,35939.50277709961
173,ac040_00001,12,228.9699249267578,bald,2,35939.50277709961
174,ac040_00001,13,227.51870727539062,bald,2,35939.50277709961
175,ac040_00001,14,228.45297241210938,bald,2,35939.50277709961
176,ac040_00001,15,227.7325439453125,bald,2,35939.50277709961
177,ac040_00001,16,226.59445190429688,bald,2,35939.50277709961
178,ac040_00001,17,227.19918823242188,bald,2,35939.50277709961
179,ac040_00001,18,227.64291381835938,bald,2,35939.50277709961
180,ac040_00001,19,228.072998046875,bald,2,35939.50277709961
181,ac040_00001,20,227.38833618164062,bald,2,35939.50277709961
182,ac040_00001,21,227.91854858398438,bald,2,35939.50277709961
183,ac040_00001,22,227.94766235351562,bald,2,35939.50277709961
184,ac040_00001,23,229.07443237304688,bald,2,35939.50277709961
185,ac040_00001,24,229.4884490966797,bald,2,35939.50277709961
186,ac040_00001,25,229.34243774414062,bald,2,35939.50277709961
187,ac040_00001,26,229.82766723632812,bald,2,35939.50277709961
188,ac040_00001,27,218.1288604736328,bald,2,35939.50277709961
189,ac040_00001,28,218.45947265625,bald,2,35939.50277709961
190,ac040_00001,29,221.9744415283203,bald,2,35939.50277709961
191,ac040_00001,30,218.5962371826172,bald,2,35939.50277709961
192,ac040_00001,31,216.7521209716797,bald,2,35939.50277709961
193,ac040_00001,32,216.8497772216797,bald,2,35939.50277709961
194,ac040_00001,33,216.022216796875,bald,2,35939.50277709961
195,ac040_00001,34,218.4872283935547,bald,2,35939.50277709961
196,ac040_00001,35,217.8717041015625,bald,2,35939.50277709961
197,ac040_00001,36,217.6039581298828,bald,2,35939.50277709961
198,ac040_00001,37,220.70858764648438,bald,2,35939.50277709961
199,ac040_00001,38,221.0264892578125,bald,2,35939.50277709961
200,ac040_00001,39,228.78695678710938,bald,2,35939.50277709961
201,ac040_00001,40,233.9258575439453,bald,2,35939.50277709961
202,ac040_00001,41,231.9473114013672,bald,2,35939.50277709961
203,ac040_00001,42,236.50900268554688,bald,2,35939.50277709961
204,ac040_00001,43,235.61636352539062,bald,2,35939.50277709961
205,ac040_00001,44,235.83090209960938,bald,2,35939.50277709961
206,ac040_00001,45,234.2569580078125,bald,2,35939.50277709961
207,ac040_00001,46,234.1215362548828,bald,2,35939.50277709961
208,ac040_00001,47,233.7297821044922,bald,2,35939.50277709961
209,ac040_00001,48,229.1861572265625,bald,2,35939.50277709961
210,ac040_00001,49,230.5611114501953,bald,2,35939.50277709961
211,ac040_00001,50,227.433349609375,bald,2,35939.50277709961
212,ac040_00001,51,225.36599731445312,bald,2,35939.50277709961
213,ac040_00001,52,224.9277801513672,bald,2,35939.50277709961
214,ac040_00001,53,224.44677734375,bald,2,35939.50277709961
215,ac040_00001,54,222.3158416748047,bald,2,35939.50277709961
216,ac040_00001,55,224.136962890625,bald,2,35939.50277709961
217,ac040_00001,56,220.9644775390625,bald,2,35939.50277709961
218,ac040_00001,57,221.2040557861328,bald,2,35939.50277709961
219,ac040_00001,58,222.28939819335938,bald,2,35939.50277709961
220,ac040_00001,59,224.1879425048828,bald,2,35939.50277709961
221,ac040_00001,60,225.26748657226562,bald,2,35939.50277709961
222,ac040_00001,61,224.51797485351562,bald,2,35939.50277709961
223,ac040_00001,62,224.6417236328125,bald,2,35939.50277709961
224,ac040_00001,63,223.8979034423828,bald,2,35939.50277709961
225,ac040_00001,64,223.71621704101562,bald,2,35939.50277709961
226,ac040_00001,65,224.42355346679688,bald,2,35939.50277709961
227,ac040_00001,66,224.9955596923828,bald,2,35939.50277709961
228,ac040_00001,67,228.13619995117188,bald,2,35939.50277709961
229,ac040_00001,68,230.418701171875,bald,2,35939.50277709961
230,ac040_00001,69,228.7439422607422,bald,2,35939.50277709961
231,ac040_00001,70,230.57199096679688,bald,2,35939.50277709961
232,ac040_00001,71,229.29452514648438,bald,2,35939.50277709961
233,ac040_00001,72,231.5819091796875,bald,2,35939.50277709961
234,ac040_00001,73,231.38284301757812,bald,2,35939.50277709961
235,ac040_00001,74,229.26083374023438,bald,2,35939.50277709961
236,ac040_00001,75,228.0110626220703,bald,2,35939.50277709961
237,ac040_00001,76,227.1133575439453,bald,2,35939.50277709961
238,ac040_00001,77,225.962646484375,bald,2,35939.50277709961
239,ac040_00001,78,225.46231079101562,bald,2,35939.50277709961
240,ac040_00001,79,224.03598022460938,bald,2,35939.50277709961
241,ac040_00001,80,224.6194610595703,bald,2,35939.50277709961
242,ac040_00001,81,224.35256958007812,bald,2,35939.50277709961
243,ac040_00001,82,224.64138793945312,bald,2,35939.50277709961
244,ac040_00001,83,226.068115234375,bald,2,35939.50277709961
245,ac040_00001,84,225.8234100341797,bald,2,35939.50277709961
246,ac040_00001,85,227.6883544921875,bald,2,35939.50277709961
247,ac040_00001,86,226.04931640625,bald,2,35939.50277709961
248,ac040_00001,87,224.76998901367188,bald,2,35939.50277709961
249,ac040_00001,88,224.1982879638672,bald,2,35939.50277709961
250,ac040_00001,89,224.1388397216797,bald,2,35939.50277709961
251,ac040_00001,90,222.8905792236328,bald,2,35939.50277709961
252,ac040_00001,91,223.0035400390625,bald,2,35939.50277709961
253,ac040_00001,92,223.9552459716797,bald,2,35939.50277709961
254,ac040_00001,93,223.5364990234375,bald,2,35939.50277709961
255,ac040_00001,94,222.9258575439453,bald,2,35939.50277709961
256,ac040_00001,95,222.7416534423828,bald,2,35939.50277709961
257,ac040_00001,96,221.8450164794922,bald,2,35939.50277709961
258,ac040_00001,97,222.30056762695312,bald,2,35939.50277709961
259,ac040_00001,98,221.7938995361328,bald,2,35939.50277709961
260,ac040_00001,99,221.4545440673828,bald,2,35939.50277709961
261,ac040_00001,100,221.3690643310547,bald,2,35939.50277709961
262,ac040_00001,101,220.5508575439453,bald,2,35939.50277709961
263,ac040_00001,102,221.2202911376953,bald,2,35939.50277709961
264,ac040_00001,103,221.0749053955078,bald,2,35939.50277709961
265,ac040_00001,104,220.05099487304688,bald,2,35939.50277709961
266,ac040_00001,105,219.9056396484375,bald,2,35939.50277709961
267,ac040_00001,106,219.5499725341797,bald,2,35939.50277709961
268,ac040_00001,107,219.8137969970703,bald,2,35939.50277709961
269,ac040_00001,108,221.846923828125,bald,2,35939.50277709961
270,ac040_00001,109,221.8000030517578,bald,2,35939.50277709961
271,ac040_00001,110,222.9324188232422,bald,2,35939.50277709961
272,ac040_00001,111,223.79013061523438,bald,2,35939.50277709961
273,ac040_00001,112,223.6264190673828,bald,2,35939.50277709961
274,ac040_00001,113,223.08328247070312,bald,2,35939.50277709961
275,ac040_00001,114,222.48410034179688,bald,2,35939.50277709961
276,ac040_00001,115,222.72543334960938,bald,2,35939.50277709961
277,ac040_00001,116,223.83151245117188,bald,2,35939.50277709961
278,ac040_00001,117,223.57205200195312,bald,2,35939.50277709961
279,ac040_00001,118,223.76571655273438,bald,2,35939.50277709961
280,ac040_00001,119,224.5595245361328,bald,2,35939.50277709961
281,ac040_00001,120,224.01229858398438,bald,2,35939.50277709961
282,ac040_00001,121,223.39718627929688,bald,2,35939.50277709961
283,ac040_00001,122,223.83352661132812,bald,2,35939.50277709961
284,ac040_00001,123,223.21597290039062,bald,2,35939.50277709961
285,ac040_00001,124,223.2415771484375,bald,2,35939.50277709961
286,ac040_00001,125,222.1854248046875,bald,2,35939.50277709961
287,ac040_00001,126,223.0921173095703,bald,2,35939.50277709961
288,ac040_00001,127,223.1725616455078,bald,2,35939.50277709961
289,ac040_00001,128,221.85934448242188,bald,2,35939.50277709961
290,ac040_00001,129,221.7615966796875,bald,2,35939.50277709961
291,ac040_00001,130,222.03646850585938,bald,2,35939.50277709961
292,ac040_00001,131,221.4430389404297,bald,2,35939.50277709961
293,ac040_00001,132,220.96060180664062,bald,2,35939.50277709961
294,ac040_00001,133,220.2646942138672,bald,2,35939.50277709961
295,ac040_00001,134,220.5305938720703,bald,2,35939.50277709961
296,ac040_00001,135,220.3955078125,bald,2,35939.50277709961
297,ac040_00001,136,220.3932647705078,bald,2,35939.50277709961
298,ac040_00001,137,219.6926727294922,bald,2,35939.50277709961
299,ac040_00001,138,219.8580780029297,bald,2,35939.50277709961
300,ac040_00001,139,219.7629852294922,bald,2,35939.50277709961
301,ac040_00001,140,219.47097778320312,bald,2,35939.50277709961
302,ac040_00001,141,219.3710174560547,bald,2,35939.50277709961
303,ac040_00001,142,219.59030151367188,bald,2,35939.50277709961
304,ac040_00001,143,218.5655059814453,bald,2,35939.50277709961
305,ac040_00001,144,218.77902221679688,bald,2,35939.50277709961
306,ac040_00001,145,218.5963897705078,bald,2,35939.50277709961
307,ac040_00001,146,218.75088500976562,bald,2,35939.50277709961
308,ac040_00001,147,218.8573760986328,bald,2,35939.50277709961
309,ac040_00001,148,217.94277954101562,bald,2,35939.50277709961
310,ac040_00001,149,217.47433471679688,bald,2,35939.50277709961
311,ac040_00001,150,218.4870147705078,bald,2,35939.50277709961
312,ac040_00001,151,217.6324920654297,bald,2,35939.50277709961
313,ac040_00001,152,217.91525268554688,bald,2,35939.50277709961
314,ac040_00001,153,217.1923828125,bald,2,35939.50277709961
315,ac040_00001,154,217.37930297851562,bald,2,35939.50277709961
316,ac040_00001,155,217.84933471679688,bald,2,35939.50277709961
317,ac040_00001,156,217.10629272460938,bald,2,35939.50277709961
318,ac040_00001,157,217.1915283203125,bald,2,35939.50277709961
319,ac040_00001,158,217.4281005859375,bald,2,35939.50277709961
320,ac040_00001,159,217.56802368164062,bald,2,35939.50277709961
321,ac040_00001,160,216.84609985351562,bald,2,35939.50277709961
322,ac040_00002,0,302.2976989746094,bald,3,46331.62991333008
323,ac040_00002,1,304.380615234375,bald,3,46331.62991333008
324,ac040_00002,2,297.80792236328125,bald,3,46331.62991333008
325,ac040_00002,3,295.5611877441406,bald,3,46331.62991333008
326,ac040_00002,4,298.5427551269531,bald,3,46331.62991333008
327,ac040_00002,5,297.97662353515625,bald,3,46331.62991333008
328,ac040_00002,6,294.77386474609375,bald,3,46331.62991333008
329,ac040_00002,7,293.8822937011719,bald,3,46331.62991333008
330,ac040_00002,8,292.72747802734375,bald,3,46331.62991333008
331,ac040_00002,9,291.77435302734375,bald,3,46331.62991333008
332,ac040_00002,10,292.0089416503906,bald,3,46331.62991333008
333,ac040_00002,11,293.6523132324219,bald,3,46331.62991333008
334,ac040_00002,12,291.8468322753906,bald,3,46331.62991333008
335,ac040_00002,13,292.44879150390625,bald,3,46331.62991333008
336,ac040_00002,14,292.2159118652344,bald,3,46331.62991333008
337,ac040_00002,15,295.3096618652344,bald,3,46331.62991333008
338,ac040_00002,16,288.0696105957031,bald,3,46331.62991333008
339,ac040_00002,17,288.6198425292969,bald,3,46331.62991333008
340,ac040_00002,18,287.5111999511719,bald,3,46331.62991333008
341,ac040_00002,19,287.9118957519531,bald,3,46331.62991333008
342,ac040_00002,20,288.24755859375,bald,3,46331.62991333008
343,ac040_00002,21,289.5166015625,bald,3,46331.62991333008
344,ac040_00002,22,290.8854064941406,bald,3,46331.62991333008
345,ac040_00002,23,295.71612548828125,bald,3,46331.62991333008
346,ac040_00002,24,298.42120361328125,bald,3,46331.62991333008
347,ac040_00002,25,300.7931213378906,bald,3,46331.62991333008
348,ac040_00002,26,300.7225341796875,bald,3,46331.62991333008
349,ac040_00002,27,298.841552734375,bald,3,46331.62991333008
350,ac040_00002,28,295.32684326171875,bald,3,46331.62991333008
351,ac040_00002,29,292.4049377441406,bald,3,46331.62991333008
352,ac040_00002,30,292.3738708496094,bald,3,46331.62991333008
353,ac040_00002,31,297.3799743652344,bald,3,46331.62991333008
354,ac040_00002,32,297.4238586425781,bald,3,46331.62991333008
355,ac040_00002,33,296.9844665527344,bald,3,46331.62991333008
356,ac040_00002,34,293.799560546875,bald,3,46331.62991333008
357,ac040_00002,35,293.5908508300781,bald,3,46331.62991333008
358,ac040_00002,36,293.3348388671875,bald,3,46331.62991333008
359,ac040_00002,37,292.68316650390625,bald,3,46331.62991333008
360,ac040_00002,38,290.0985107421875,bald,3,46331.62991333008
361,ac040_00002,39,290.01824951171875,bald,3,46331.62991333008
362,ac040_00002,40,291.13787841796875,bald,3,46331.62991333008
363,ac040_00002,41,289.1930236816406,bald,3,46331.62991333008
364,ac040_00002,42,288.0714111328125,bald,3,46331.62991333008
365,ac040_00002,43,288.2457580566406,bald,3,46331.62991333008
366,ac040_00002,44,287.91033935546875,bald,3,46331.62991333008
367,ac040_00002,45,286.440185546875,bald,3,46331.62991333008
368,ac040_00002,46,284.97283935546875,bald,3,46331.62991333008
369,ac040_00002,47,286.5555419921875,bald,3,46331.62991333008
370,ac040_00002,48,287.56158447265625,bald,3,46331.62991333008
371,ac040_00002,49,285.7350158691406,bald,3,46331.62991333008
372,ac040_00002,50,287.13543701171875,bald,3,46331.62991333008
373,ac040_00002,51,285.91546630859375,bald,3,46331.62991333008
374,ac040_00002,52,285.867919921875,bald,3,46331.62991333008
375,ac040_00002,53,285.5758056640625,bald,3,46331.62991333008
376,ac040_00002,54,286.0388488769531,bald,3,46331.62991333008
377,ac040_00002,55,286.3104553222656,bald,3,46331.62991333008
378,ac040_00002,56,286.9112854003906,bald,3,46331.62991333008
379,ac040_00002,57,287.68914794921875,bald,3,46331.62991333008
380,ac040_00002,58,287.4991760253906,bald,3,46331.62991333008
381,ac040_00002,59,288.1203308105469,bald,3,46331.62991333008
382,ac040_00002,60,290.68804931640625,bald,3,46331.62991333008
383,ac040_00002,61,286.531982421875,bald,3,46331.62991333008
384,ac040_00002,62,286.7806396484375,bald,3,46331.62991333008
385,ac040_00002,63,286.2151794433594,bald,3,46331.62991333008
386,ac040_00002,64,287.08551025390625,bald,3,46331.62991333008
387,ac040_00002,65,286.40191650390625,bald,3,46331.62991333008
388,ac040_00002,66,287.0953674316406,bald,3,46331.62991333008
389,ac040_00002,67,286.11199951171875,bald,3,46331.62991333008
390,ac040_00002,68,285.78485107421875,bald,3,46331.62991333008
391,ac040_00002,69,287.3560485839844,bald,3,46331.62991333008
392,ac040_00002,70,287.68084716796875,bald,3,46331.62991333008
393,ac040_00002,71,286.66412353515625,bald,3,46331.62991333008
394,ac040_00002,72,286.28729248046875,bald,3,46331.62991333008
395,ac040_00002,73,286.6488037109375,bald,3,46331.62991333008
396,ac040_00002,74,286.84552001953125,bald,3,46331.62991333008
397,ac040_00002,75,287.7447814941406,bald,3,46331.62991333008
398,ac040_00002,76,286.02471923828125,bald,3,46331.62991333008
399,ac040_00002,77,286.9671325683594,bald,3,46331.62991333008
400,ac040_00002,78,286.6880187988281,bald,3,46331.62991333008
401,ac040_00002,79,287.12530517578125,bald,3,46331.62991333008
402,ac040_00002,80,287.96917724609375,bald,3,46331.62991333008
403,ac040_00002,81,287.75640869140625,bald,3,46331.62991333008
404,ac040_00002,82,288.0465087890625,bald,3,46331.62991333008
405,ac040_00002,83,288.6004638671875,bald,3,46331.62991333008
406,ac040_00002,84,289.75634765625,bald,3,46331.62991333008
407,ac040_00002,85,287.950927734375,bald,3,46331.62991333008
408,ac040_00002,86,289.99627685546875,bald,3,46331.62991333008
409,ac040_00002,87,287.83941650390625,bald,3,46331.62991333008
410,ac040_00002,88,288.0077819824219,bald,3,46331.62991333008
411,ac040_00002,89,287.8754577636719,bald,3,46331.62991333008
412,ac040_00002,90,287.7834777832031,bald,3,46331.62991333008
413,ac040_00002,91,287.811279296875,bald,3,46331.62991333008
414,ac040_00002,92,286.9795227050781,bald,3,46331.62991333008
415,ac040_00002,93,287.470458984375,bald,3,46331.62991333008
416,ac040_00002,94,287.94793701171875,bald,3,46331.62991333008
417,ac040_00002,95,287.1338806152344,bald,3,46331.62991333008
418,ac040_00002,96,287.3890380859375,bald,3,46331.62991333008
419,ac040_00002,97,287.36895751953125,bald,3,46331.62991333008
420,ac040_00002,98,287.6045227050781,bald,3,46331.62991333008
421,ac040_00002,99,287.1431579589844,bald,3,46331.62991333008
422,ac040_00002,100,286.95965576171875,bald,3,46331.62991333008
423,ac040_00002,101,288.80657958984375,bald,3,46331.62991333008
424,ac040_00002,102,287.2854309082031,bald,3,46331.62991333008
425,ac040_00002,103,287.97540283203125,bald,3,46331.62991333008
426,ac040_00002,104,287.650390625,bald,3,46331.62991333008
427,ac040_00002,105,286.7975769042969,bald,3,46331.62991333008
428,ac040_00002,106,288.46063232421875,bald,3,46331.62991333008
429,ac040_00002,107,287.28668212890625,bald,3,46331.62991333008
430,ac040_00002,108,287.090576171875,bald,3,46331.62991333008
431,ac040_00002,109,286.91265869140625,bald,3,46331.62991333008
432,ac040_00002,110,287.36279296875,bald,3,46331.62991333008
433,ac040_00002,111,287.04156494140625,bald,3,46331.62991333008
434,ac040_00002,112,287.09912109375,bald,3,46331.62991333008
435,ac040_00002,113,286.7867126464844,bald,3,46331.62991333008
436,ac040_00002,114,286.96575927734375,bald,3,46331.62991333008
437,ac040_00002,115,287.9708251953125,bald,3,46331.62991333008
438,ac040_00002,116,287.560302734375,bald,3,46331.62991333008
439,ac040_00002,117,287.5837097167969,bald,3,46331.62991333008
440,ac040_00002,118,286.7410583496094,bald,3,46331.62991333008
441,ac040_00002,119,287.41851806640625,bald,3,46331.62991333008
442,ac040_00002,120,286.9531555175781,bald,3,46331.62991333008
443,ac040_00002,121,287.61724853515625,bald,3,46331.62991333008
444,ac040_00002,122,287.72650146484375,bald,3,46331.62991333008
445,ac040_00002,123,287.4755859375,bald,3,46331.62991333008
446,ac040_00002,124,287.41571044921875,bald,3,46331.62991333008
447,ac040_00002,125,287.65301513671875,bald,3,46331.62991333008
448,ac040_00002,126,287.777587890625,bald,3,46331.62991333008
449,ac040_00002,127,288.1392517089844,bald,3,46331.62991333008
450,ac040_00002,128,287.7479553222656,bald,3,46331.62991333008
451,ac040_00002,129,287.6388854980469,bald,3,46331.62991333008
452,ac040_00002,130,287.9737243652344,bald,3,46331.62991333008
453,ac040_00002,131,288.1095275878906,bald,3,46331.62991333008
454,ac040_00002,132,288.55999755859375,bald,3,46331.62991333008
455,ac040_00002,133,289.23138427734375,bald,3,46331.62991333008
456,ac040_00002,134,288.4439392089844,bald,3,46331.62991333008
457,ac040_00002,135,289.3160705566406,bald,3,46331.62991333008
458,ac040_00002,136,289.0702209472656,bald,3,46331.62991333008
459,ac040_00002,137,289.20440673828125,bald,3,46331.62991333008
460,ac040_00002,138,289.0726318359375,bald,3,46331.62991333008
461,ac040_00002,139,289.0046081542969,bald,3,46331.62991333008
462,ac040_00002,140,289.39019775390625,bald,3,46331.62991333008
463,ac040_00002,141,289.475830078125,bald,3,46331.62991333008
464,ac040_00002,142,290.02020263671875,bald,3,46331.62991333008
465,ac040_00002,143,290.1337890625,bald,3,46331.62991333008
466,ac040_00002,144,289.9966735839844,bald,3,46331.62991333008
467,ac040_00002,145,290.01409912109375,bald,3,46331.62991333008
468,ac040_00002,146,290.0523986816406,bald,3,46331.62991333008
469,ac040_00002,147,290.86956787109375,bald,3,46331.62991333008
470,ac040_00002,148,290.3567199707031,bald,3,46331.62991333008
471,ac040_00002,149,290.48419189453125,bald,3,46331.62991333008
472,ac040_00002,150,290.6483154296875,bald,3,46331.62991333008
473,ac040_00002,151,290.78302001953125,bald,3,46331.62991333008
474,ac040_00002,152,291.14019775390625,bald,3,46331.62991333008
475,ac040_00002,153,291.13275146484375,bald,3,46331.62991333008
476,ac040_00002,154,291.12908935546875,bald,3,46331.62991333008
477,ac040_00002,155,291.7494812011719,bald,3,46331.62991333008
478,ac040_00002,156,292.18438720703125,bald,3,46331.62991333008
479,ac040_00002,157,292.4842529296875,bald,3,46331.62991333008
480,ac040_00002,158,292.31451416015625,bald,3,46331.62991333008
481,ac040_00002,159,292.33941650390625,bald,3,46331.62991333008
482,ac040_00002,160,292.52520751953125,bald,3,46331.62991333008
483,ac040_00003,0,285.5582580566406,bald,4,43191.656341552734
484,ac040_00003,1,342.5445556640625,bald,4,43191.656341552734
485,ac040_00003,2,340.14630126953125,bald,4,43191.656341552734
486,ac040_00003,3,345.194580078125,bald,4,43191.656341552734
487,ac040_00003,4,315.3509216308594,bald,4,43191.656341552734
488,ac040_00003,5,294.37774658203125,bald,4,43191.656341552734
489,ac040_00003,6,294.379638671875,bald,4,43191.656341552734
490,ac040_00003,7,294.23443603515625,bald,4,43191.656341552734
491,ac040_00003,8,301.7755432128906,bald,4,43191.656341552734
492,ac040_00003,9,296.52020263671875,bald,4,43191.656341552734
493,ac040_00003,10,289.0178527832031,bald,4,43191.656341552734
494,ac040_00003,11,278.7099609375,bald,4,43191.656341552734
495,ac040_00003,12,276.54925537109375,bald,4,43191.656341552734
496,ac040_00003,13,277.6639709472656,bald,4,43191.656341552734
497,ac040_00003,14,273.17193603515625,bald,4,43191.656341552734
498,ac040_00003,15,272.3088684082031,bald,4,43191.656341552734
499,ac040_00003,16,269.8390808105469,bald,4,43191.656341552734
500,ac040_00003,17,269.02374267578125,bald,4,43191.656341552734
501,ac040_00003,18,268.1567077636719,bald,4,43191.656341552734
502,ac040_00003,19,268.65771484375,bald,4,43191.656341552734
503,ac040_00003,20,266.8457946777344,bald,4,43191.656341552734
504,ac040_00003,21,268.0274658203125,bald,4,43191.656341552734
505,ac040_00003,22,268.35272216796875,bald,4,43191.656341552734
506,ac040_00003,23,265.98272705078125,bald,4,43191.656341552734
507,ac040_00003,24,267.09344482421875,bald,4,43191.656341552734
508,ac040_00003,25,273.49200439453125,bald,4,43191.656341552734
509,ac040_00003,26,273.6036376953125,bald,4,43191.656341552734
510,ac040_00003,27,272.4444274902344,bald,4,43191.656341552734
511,ac040_00003,28,272.7921447753906,bald,4,43191.656341552734
512,ac040_00003,29,270.58123779296875,bald,4,43191.656341552734
513,ac040_00003,30,270.76495361328125,bald,4,43191.656341552734
514,ac040_00003,31,273.0204162597656,bald,4,43191.656341552734
515,ac040_00003,32,269.26873779296875,bald,4,43191.656341552734
516,ac040_00003,33,267.2981872558594,bald,4,43191.656341552734
517,ac040_00003,34,269.8821716308594,bald,4,43191.656341552734
518,ac040_00003,35,269.9544677734375,bald,4,43191.656341552734
519,ac040_00003,36,273.3038635253906,bald,4,43191.656341552734
520,ac040_00003,37,269.45672607421875,bald,4,43191.656341552734
521,ac040_00003,38,270.35736083984375,bald,4,43191.656341552734
522,ac040_00003,39,268.2430114746094,bald,4,43191.656341552734
523,ac040_00003,40,267.4671936035156,bald,4,43191.656341552734
524,ac040_00003,41,270.75091552734375,bald,4,43191.656341552734
525,ac040_00003,42,269.4268798828125,bald,4,43191.656341552734
526,ac040_00003,43,268.91375732421875,bald,4,43191.656341552734
527,ac040_00003,44,268.8374938964844,bald,4,43191.656341552734
528,ac040_00003,45,269.1854553222656,bald,4,43191.656341552734
529,ac040_00003,46,268.2631530761719,bald,4,43191.656341552734
530,ac040_00003,47,267.94635009765625,bald,4,43191.656341552734
531,ac040_00003,48,266.28082275390625,bald,4,43191.656341552734
532,ac040_00003,49,265.17193603515625,bald,4,43191.656341552734
533,ac040_00003,50,266.9581604003906,bald,4,43191.656341552734
534,ac040_00003,51,266.4754943847656,bald,4,43191.656341552734
535,ac040_00003,52,265.6212463378906,bald,4,43191.656341552734
536,ac040_00003,53,265.2120361328125,bald,4,43191.656341552734
537,ac040_00003,54,264.82635498046875,bald,4,43191.656341552734
538,ac040_00003,55,264.8717041015625,bald,4,43191.656341552734
539,ac040_00003,56,263.932373046875,bald,4,43191.656341552734
540,ac040_00003,57,263.10418701171875,bald,4,43191.656341552734
541,ac040_00003,58,263.0926208496094,bald,4,43191.656341552734
542,ac040_00003,59,263.2983093261719,bald,4,43191.656341552734
543,ac040_00003,60,264.20770263671875,bald,4,43191.656341552734
544,ac040_00003,61,262.8291015625,bald,4,43191.656341552734
545,ac040_00003,62,263.37042236328125,bald,4,43191.656341552734
546,ac040_00003,63,263.8232421875,bald,4,43191.656341552734
547,ac040_00003,64,263.46063232421875,bald,4,43191.656341552734
548,ac040_00003,65,263.955810546875,bald,4,43191.656341552734
549,ac040_00003,66,263.6597900390625,bald,4,43191.656341552734
550,ac040_00003,67,264.2447204589844,bald,4,43191.656341552734
551,ac040_00003,68,265.41522216796875,bald,4,43191.656341552734
552,ac040_00003,69,265.5519104003906,bald,4,43191.656341552734
553,ac040_00003,70,265.55157470703125,bald,4,43191.656341552734
554,ac040_00003,71,265.38446044921875,bald,4,43191.656341552734
555,ac040_00003,72,265.705810546875,bald,4,43191.656341552734
556,ac040_00003,73,264.96990966796875,bald,4,43191.656341552734
557,ac040_00003,74,265.1489562988281,bald,4,43191.656341552734
558,ac040_00003,75,266.1559143066406,bald,4,43191.656341552734
559,ac040_00003,76,264.3208923339844,bald,4,43191.656341552734
560,ac040_00003,77,264.59490966796875,bald,4,43191.656341552734
561,ac040_00003,78,264.4720153808594,bald,4,43191.656341552734
562,ac040_00003,79,265.26031494140625,bald,4,43191.656341552734
563,ac040_00003,80,265.96612548828125,bald,4,43191.656341552734
564,ac040_00003,81,265.9956970214844,bald,4,43191.656341552734
565,ac040_00003,82,266.0519104003906,bald,4,43191.656341552734
566,ac040_00003,83,266.58453369140625,bald,4,43191.656341552734
567,ac040_00003,84,265.3537902832031,bald,4,43191.656341552734
568,ac040_00003,85,266.18853759765625,bald,4,43191.656341552734
569,ac040_00003,86,265.856689453125,bald,4,43191.656341552734
570,ac040_00003,87,266.6861877441406,bald,4,43191.656341552734
571,ac040_00003,88,266.122802734375,bald,4,43191.656341552734
572,ac040_00003,89,266.160888671875,bald,4,43191.656341552734
573,ac040_00003,90,267.0478820800781,bald,4,43191.656341552734
574,ac040_00003,91,267.38818359375,bald,4,43191.656341552734
575,ac040_00003,92,268.66766357421875,bald,4,43191.656341552734
576,ac040_00003,93,267.76605224609375,bald,4,43191.656341552734
577,ac040_00003,94,267.96832275390625,bald,4,43191.656341552734
578,ac040_00003,95,268.2517395019531,bald,4,43191.656341552734
579,ac040_00003,96,268.35772705078125,bald,4,43191.656341552734
580,ac040_00003,97,269.2785949707031,bald,4,43191.656341552734
581,ac040_00003,98,270.0502014160156,bald,4,43191.656341552734
582,ac040_00003,99,268.40716552734375,bald,4,43191.656341552734
583,ac040_00003,100,268.65777587890625,bald,4,43191.656341552734
584,ac040_00003,101,268.84149169921875,bald,4,43191.656341552734
585,ac040_00003,102,267.73809814453125,bald,4,43191.656341552734
586,ac040_00003,103,267.0400085449219,bald,4,43191.656341552734
587,ac040_00003,104,266.91741943359375,bald,4,43191.656341552734
588,ac040_00003,105,266.8006896972656,bald,4,43191.656341552734
589,ac040_00003,106,265.53692626953125,bald,4,43191.656341552734
590,ac040_00003,107,266.44482421875,bald,4,43191.656341552734
591,ac040_00003,108,265.42364501953125,bald,4,43191.656341552734
592,ac040_00003,109,266.42437744140625,bald,4,43191.656341552734
593,ac040_00003,110,265.99658203125,bald,4,43191.656341552734
594,ac040_00003,111,265.9543151855469,bald,4,43191.656341552734
595,ac040_00003,112,267.27716064453125,bald,4,43191.656341552734
596,ac040_00003,113,265.6004333496094,bald,4,43191.656341552734
597,ac040_00003,114,265.9227600097656,bald,4,43191.656341552734
598,ac040_00003,115,265.5133361816406,bald,4,43191.656341552734
599,ac040_00003,116,265.5379333496094,bald,4,43191.656341552734
600,ac040_00003,117,265.8723449707031,bald,4,43191.656341552734
601,ac040_00003,118,266.6849060058594,bald,4,43191.656341552734
602,ac040_00003,119,266.12030029296875,bald,4,43191.656341552734
603,ac040_00003,120,266.6955871582031,bald,4,43191.656341552734
604,ac040_00003,121,266.96600341796875,bald,4,43191.656341552734
605,ac040_00003,122,266.58831787109375,bald,4,43191.656341552734
606,ac040_00003,123,266.69732666015625,bald,4,43191.656341552734
607,ac040_00003,124,267.5065002441406,bald,4,43191.656341552734
608,ac040_00003,125,266.3787841796875,bald,4,43191.656341552734
609,ac040_00003,126,267.3979187011719,bald,4,43191.656341552734
610,ac040_00003,127,266.53680419921875,bald,4,43191.656341552734
611,ac040_00003,128,266.46209716796875,bald,4,43191.656341552734
612,ac040_00003,129,266.1895446777344,bald,4,43191.656341552734
613,ac040_00003,130,267.0071105957031,bald,4,43191.656341552734
614,ac040_00003,131,266.8958435058594,bald,4,43191.656341552734
615,ac040_00003,132,266.4873352050781,bald,4,43191.656341552734
616,ac040_00003,133,266.37213134765625,bald,4,43191.656341552734
617,ac040_00003,134,266.8140869140625,bald,4,43191.656341552734
618,ac040_00003,135,267.1885986328125,bald,4,43191.656341552734
619,ac040_00003,136,266.35205078125,bald,4,43191.656341552734
620,ac040_00003,137,266.2440490722656,bald,4,43191.656341552734
621,ac040_00003,138,266.27960205078125,bald,4,43191.656341552734
622,ac040_00003,139,266.7412109375,bald,4,43191.656341552734
623,ac040_00003,140,266.16290283203125,bald,4,43191.656341552734
624,ac040_00003,141,266.45867919921875,bald,4,43191.656341552734
625,ac040_00003,142,265.5536193847656,bald,4,43191.656341552734
626,ac040_00003,143,265.8653564453125,bald,4,43191.656341552734
627,ac040_00003,144,265.85687255859375,bald,4,43191.656341552734
628,ac040_00003,145,266.05078125,bald,4,43191.656341552734
629,ac040_00003,146,266.22674560546875,bald,4,43191.656341552734
630,ac040_00003,147,265.6666564941406,bald,4,43191.656341552734
631,ac040_00003,148,266.94091796875,bald,4,43191.656341552734
632,ac040_00003,149,265.9307556152344,bald,4,43191.656341552734
633,ac040_00003,150,266.479248046875,bald,4,43191.656341552734
634,ac040_00003,151,265.08282470703125,bald,4,43191.656341552734
635,ac040_00003,152,265.05419921875,bald,4,43191.656341552734
636,ac040_00003,153,265.40093994140625,bald,4,43191.656341552734
637,ac040_00003,154,265.59564208984375,bald,4,43191.656341552734
638,ac040_00003,155,266.35662841796875,bald,4,43191.656341552734
639,ac040_00003,156,266.2197570800781,bald,4,43191.656341552734
640,ac040_00003,157,265.1847229003906,bald,4,43191.656341552734
641,ac040_00003,158,265.72247314453125,bald,4,43191.656341552734
642,ac040_00003,159,266.16265869140625,bald,4,43191.656341552734
643,ac040_00003,160,265.07891845703125,bald,4,43191.656341552734
644,ac040_00004,0,221.3030242919922,bald,5,36038.2239074707
645,ac040_00004,1,217.8952178955078,bald,5,36038.2239074707
646,ac040_00004,2,215.24887084960938,bald,5,36038.2239074707
647,ac040_00004,3,216.0369415283203,bald,5,36038.2239074707
648,ac040_00004,4,213.81826782226562,bald,5,36038.2239074707
649,ac040_00004,5,214.0371856689453,bald,5,36038.2239074707
650,ac040_00004,6,212.2977752685547,bald,5,36038.2239074707
651,ac040_00004,7,213.76754760742188,bald,5,36038.2239074707
652,ac040_00004,8,214.17214965820312,bald,5,36038.2239074707
653,ac040_00004,9,212.4609375,bald,5,36038.2239074707
654,ac040_00004,10,210.9005889892578,bald,5,36038.2239074707
655,ac040_00004,11,211.65304565429688,bald,5,36038.2239074707
656,ac040_00004,12,213.9649658203125,bald,5,36038.2239074707
657,ac040_00004,13,219.42892456054688,bald,5,36038.2239074707
658,ac040_00004,14,225.9364471435547,bald,5,36038.2239074707
659,ac040_00004,15,231.73184204101562,bald,5,36038.2239074707
660,ac040_00004,16,230.9098663330078,bald,5,36038.2239074707
661,ac040_00004,17,237.1182861328125,bald,5,36038.2239074707
662,ac040_00004,18,235.8357391357422,bald,5,36038.2239074707
663,ac040_00004,19,232.48263549804688,bald,5,36038.2239074707
664,ac040_00004,20,235.9683837890625,bald,5,36038.2239074707
665,ac040_00004,21,231.1790008544922,bald,5,36038.2239074707
666,ac040_00004,22,231.9479217529297,bald,5,36038.2239074707
667,ac040_00004,23,227.8393096923828,bald,5,36038.2239074707
668,ac040_00004,24,223.29995727539062,bald,5,36038.2239074707
669,ac040_00004,25,225.8227996826172,bald,5,36038.2239074707
670,ac040_00004,26,222.313720703125,bald,5,36038.2239074707
671,ac040_00004,27,221.85159301757812,bald,5,36038.2239074707
672,ac040_00004,28,229.1275177001953,bald,5,36038.2239074707
673,ac040_00004,29,229.1608123779297,bald,5,36038.2239074707
674,ac040_00004,30,238.6406707763672,bald,5,36038.2239074707
675,ac040_00004,31,238.43289184570312,bald,5,36038.2239074707
676,ac040_00004,32,234.509033203125,bald,5,36038.2239074707
677,ac040_00004,33,241.08792114257812,bald,5,36038.2239074707
678,ac040_00004,34,236.0277862548828,bald,5,36038.2239074707
679,ac040_00004,35,239.293701171875,bald,5,36038.2239074707
680,ac040_00004,36,239.2322235107422,bald,5,36038.2239074707
681,ac040_00004,37,233.32638549804688,bald,5,36038.2239074707
682,ac040_00004,38,230.26773071289062,bald,5,36038.2239074707
683,ac040_00004,39,234.94131469726562,bald,5,36038.2239074707
684,ac040_00004,40,243.3115234375,bald,5,36038.2239074707
685,ac040_00004,41,242.3963165283203,bald,5,36038.2239074707
686,ac040_00004,42,240.1304168701172,bald,5,36038.2239074707
687,ac040_00004,43,244.6127471923828,bald,5,36038.2239074707
688,ac040_00004,44,244.14865112304688,bald,5,36038.2239074707
689,ac040_00004,45,240.3281707763672,bald,5,36038.2239074707
690,ac040_00004,46,237.13510131835938,bald,5,36038.2239074707
691,ac040_00004,47,238.0349578857422,bald,5,36038.2239074707
692,ac040_00004,48,239.685791015625,bald,5,36038.2239074707
693,ac040_00004,49,236.20242309570312,bald,5,36038.2239074707
694,ac040_00004,50,236.83328247070312,bald,5,36038.2239074707
695,ac040_00004,51,233.4871368408203,bald,5,36038.2239074707
696,ac040_00004,52,233.0996856689453,bald,5,36038.2239074707
697,ac040_00004,53,231.66445922851562,bald,5,36038.2239074707
698,ac040_00004,54,230.42648315429688,bald,5,36038.2239074707
699,ac040_00004,55,228.0946502685547,bald,5,36038.2239074707
700,ac040_00004,56,231.083740234375,bald,5,36038.2239074707
701,ac040_00004,57,230.07693481445312,bald,5,36038.2239074707
702,ac040_00004,58,237.9337158203125,bald,5,36038.2239074707
703,ac040_00004,59,234.28793334960938,bald,5,36038.2239074707
704,ac040_00004,60,233.6591339111328,bald,5,36038.2239074707
705,ac040_00004,61,229.6382598876953,bald,5,36038.2239074707
706,ac040_00004,62,230.61093139648438,bald,5,36038.2239074707
707,ac040_00004,63,228.8844757080078,bald,5,36038.2239074707
708,ac040_00004,64,229.9840850830078,bald,5,36038.2239074707
709,ac040_00004,65,229.842529296875,bald,5,36038.2239074707
710,ac040_00004,66,228.7891845703125,bald,5,36038.2239074707
711,ac040_00004,67,227.26028442382812,bald,5,36038.2239074707
712,ac040_00004,68,226.47012329101562,bald,5,36038.2239074707
713,ac040_00004,69,227.93460083007812,bald,5,36038.2239074707
714,ac040_00004,70,226.56723022460938,bald,5,36038.2239074707
715,ac040_00004,71,226.58349609375,bald,5,36038.2239074707
716,ac040_00004,72,224.6962890625,bald,5,36038.2239074707
717,ac040_00004,73,225.399169921875,bald,5,36038.2239074707
718,ac040_00004,74,224.8314971923828,bald,5,36038.2239074707
719,ac040_00004,75,224.12301635742188,bald,5,36038.2239074707
720,ac040_00004,76,223.67904663085938,bald,5,36038.2239074707
721,ac040_00004,77,222.9211883544922,bald,5,36038.2239074707
722,ac040_00004,78,222.82235717773438,bald,5,36038.2239074707
723,ac040_00004,79,221.3943634033203,bald,5,36038.2239074707
724,ac040_00004,80,220.68240356445312,bald,5,36038.2239074707
725,ac040_00004,81,219.6487274169922,bald,5,36038.2239074707
726,ac040_00004,82,219.1004638671875,bald,5,36038.2239074707
727,ac040_00004,83,218.42037963867188,bald,5,36038.2239074707
728,ac040_00004,84,217.73110961914062,bald,5,36038.2239074707
729,ac040_00004,85,218.1244354248047,bald,5,36038.2239074707
730,ac040_00004,86,217.7379150390625,bald,5,36038.2239074707
731,ac040_00004,87,217.8371124267578,bald,5,36038.2239074707
732,ac040_00004,88,217.353759765625,bald,5,36038.2239074707
733,ac040_00004,89,217.46463012695312,bald,5,36038.2239074707
734,ac040_00004,90,216.6611785888672,bald,5,36038.2239074707
735,ac040_00004,91,216.63565063476562,bald,5,36038.2239074707
736,ac040_00004,92,215.4091339111328,bald,5,36038.2239074707
737,ac040_00004,93,215.0524139404297,bald,5,36038.2239074707
738,ac040_00004,94,216.51083374023438,bald,5,36038.2239074707
739,ac040_00004,95,218.08999633789062,bald,5,36038.2239074707
740,ac040_00004,96,217.7330322265625,bald,5,36038.2239074707
741,ac040_00004,97,219.48690795898438,bald,5,36038.2239074707
742,ac040_00004,98,220.34024047851562,bald,5,36038.2239074707
743,ac040_00004,99,222.6592559814453,bald,5,36038.2239074707
744,ac040_00004,100,225.0221405029297,bald,5,36038.2239074707
745,ac040_00004,101,225.96591186523438,bald,5,36038.2239074707
746,ac040_00004,102,225.1544952392578,bald,5,36038.2239074707
747,ac040_00004,103,227.1318817138672,bald,5,36038.2239074707
748,ac040_00004,104,227.16650390625,bald,5,36038.2239074707
749,ac040_00004,105,227.6306610107422,bald,5,36038.2239074707
750,ac040_00004,106,227.9608612060547,bald,5,36038.2239074707
751,ac040_00004,107,228.1659698486328,bald,5,36038.2239074707
752,ac040_00004,108,228.69754028320312,bald,5,36038.2239074707
753,ac040_00004,109,229.15567016601562,bald,5,36038.2239074707
754,ac040_00004,110,228.2001495361328,bald,5,36038.2239074707
755,ac040_00004,111,228.15872192382812,bald,5,36038.2239074707
756,ac040_00004,112,228.3466033935547,bald,5,36038.2239074707
757,ac040_00004,113,227.094482421875,bald,5,36038.2239074707
758,ac040_00004,114,227.09860229492188,bald,5,36038.2239074707
759,ac040_00004,115,226.80453491210938,bald,5,36038.2239074707
760,ac040_00004,116,228.11514282226562,bald,5,36038.2239074707
761,ac040_00004,117,227.81820678710938,bald,5,36038.2239074707
762,ac040_00004,118,227.23263549804688,bald,5,36038.2239074707
763,ac040_00004,119,226.2781524658203,bald,5,36038.2239074707
764,ac040_00004,120,226.49462890625,bald,5,36038.2239074707
765,ac040_00004,121,225.25198364257812,bald,5,36038.2239074707
766,ac040_00004,122,225.29190063476562,bald,5,36038.2239074707
767,ac040_00004,123,224.5922393798828,bald,5,36038.2239074707
768,ac040_00004,124,223.6464080810547,bald,5,36038.2239074707
769,ac040_00004,125,223.73574829101562,bald,5,36038.2239074707
770,ac040_00004,126,222.5711212158203,bald,5,36038.2239074707
771,ac040_00004,127,223.58047485351562,bald,5,36038.2239074707
772,ac040_00004,128,223.5001678466797,bald,5,36038.2239074707
773,ac040_00004,129,224.973876953125,bald,5,36038.2239074707
774,ac040_00004,130,224.0361785888672,bald,5,36038.2239074707
775,ac040_00004,131,223.31161499023438,bald,5,36038.2239074707
776,ac040_00004,132,222.91390991210938,bald,5,36038.2239074707
777,ac040_00004,133,222.3759307861328,bald,5,36038.2239074707
778,ac040_00004,134,221.90975952148438,bald,5,36038.2239074707
779,ac040_00004,135,221.51144409179688,bald,5,36038.2239074707
780,ac040_00004,136,221.8100128173828,bald,5,36038.2239074707
781,ac040_00004,137,221.65548706054688,bald,5,36038.2239074707
782,ac040_00004,138,221.19091796875,bald,5,36038.2239074707
783,ac040_00004,139,220.72793579101562,bald,5,36038.2239074707
784,ac040_00004,140,220.66513061523438,bald,5,36038.2239074707
785,ac040_00004,141,220.2337646484375,bald,5,36038.2239074707
786,ac040_00004,142,220.24478149414062,bald,5,36038.2239074707
787,ac040_00004,143,219.61898803710938,bald,5,36038.2239074707
788,ac040_00004,144,219.20004272460938,bald,5,36038.2239074707
789,ac040_00004,145,218.9228973388672,bald,5,36038.2239074707
790,ac040_00004,146,218.79690551757812,bald,5,36038.2239074707
791,ac040_00004,147,217.8840789794922,bald,5,36038.2239074707
792,ac040_00004,148,219.0713348388672,bald,5,36038.2239074707
793,ac040_00004,149,217.64987182617188,bald,5,36038.2239074707
794,ac040_00004,150,217.31546020507812,bald,5,36038.2239074707
795,ac040_00004,151,216.68603515625,bald,5,36038.2239074707
796,ac040_00004,152,216.75723266601562,bald,5,36038.2239074707
797,ac040_00004,153,216.1973114013672,bald,5,36038.2239074707
798,ac040_00004,154,216.33554077148438,bald,5,36038.2239074707
799,ac040_00004,155,215.94210815429688,bald,5,36038.2239074707
800,ac040_00004,156,215.6104736328125,bald,5,36038.2239074707
801,ac040_00004,157,215.7047576904297,bald,5,36038.2239074707
802,ac040_00004,158,214.74728393554688,bald,5,36038.2239074707
803,ac040_00004,159,214.7829132080078,bald,5,36038.2239074707
804,ac040_00004,160,214.42385864257812,bald,5,36038.2239074707
805,ac040_00005,0,235.29611206054688,expected_improvement,1,36703.559310913086
806,ac040_00005,1,231.8424072265625,expected_improvement,1,36703.559310913086
807,ac040_00005,2,230.48367309570312,expected_improvement,1,36703.559310913086
808,ac040_00005,3,231.3484344482422,expected_improvement,1,36703.559310913086
809,ac040_00005,4,229.810302734375,expected_improvement,1,36703.559310913086
810,ac040_00005,5,234.6302032470703,expected_improvement,1,36703.559310913086
811,ac040_00005,6,234.7753448486328,expected_improvement,1,36703.559310913086
812,ac040_00005,7,231.7373504638672,expected_improvement,1,36703.559310913086
813,ac040_00005,8,234.39627075195312,expected_improvement,1,36703.559310913086
814,ac040_00005,9,229.48220825195312,expected_improvement,1,36703.559310913086
815,ac040_00005,10,230.32974243164062,expected_improvement,1,36703.559310913086
816,ac040_00005,11,228.53915405273438,expected_improvement,1,36703.559310913086
817,ac040_00005,12,229.0094451904297,expected_improvement,1,36703.559310913086
818,ac040_00005,13,228.994140625,expected_improvement,1,36703.559310913086
819,ac040_00005,14,229.32284545898438,expected_improvement,1,36703.559310913086
820,ac040_00005,15,231.35354614257812,expected_improvement,1,36703.559310913086
821,ac040_00005,16,229.4012451171875,expected_improvement,1,36703.559310913086
822,ac040_00005,17,229.6779022216797,expected_improvement,1,36703.559310913086
823,ac040_00005,18,231.4865264892578,expected_improvement,1,36703.559310913086
824,ac040_00005,19,231.32205200195312,expected_improvement,1,36703.559310913086
825,ac040_00005,20,231.0053253173828,expected_improvement,1,36703.559310913086
826,ac040_00005,21,231.588623046875,expected_improvement,1,36703.559310913086
827,ac040_00005,22,233.3135986328125,expected_improvement,1,36703.559310913086
828,ac040_00005,23,231.64425659179688,expected_improvement,1,36703.559310913086
829,ac040_00005,24,231.64004516601562,expected_improvement,1,36703.559310913086
830,ac040_00005,25,232.5975341796875,expected_improvement,1,36703.559310913086
831,ac040_00005,26,231.3186492919922,expected_improvement,1,36703.559310913086
832,ac040_00005,27,231.28271484375,expected_improvement,1,36703.559310913086
833,ac040_00005,28,230.3127899169922,expected_improvement,1,36703.559310913086
834,ac040_00005,29,230.88607788085938,expected_improvement,1,36703.559310913086
835,ac040_00005,30,231.9451141357422,expected_improvement,1,36703.559310913086
836,ac040_00005,31,232.14755249023438,expected_improvement,1,36703.559310913086
837,ac040_00005,32,231.837646484375,expected_improvement,1,36703.559310913086
838,ac040_00005,33,233.11474609375,expected_improvement,1,36703.559310913086
839,ac040_00005,34,233.1331787109375,expected_improvement,1,36703.559310913086
840,ac040_00005,35,231.0088348388672,expected_improvement,1,36703.559310913086
841,ac040_00005,36,231.64370727539062,expected_improvement,1,36703.559310913086
842,ac040_00005,37,232.2451171875,expected_improvement,1,36703.559310913086
843,ac040_00005,38,231.78396606445312,expected_improvement,1,36703.559310913086
844,ac040_00005,39,232.9246368408203,expected_improvement,1,36703.559310913086
845,ac040_00005,40,232.06460571289062,expected_improvement,1,36703.559310913086
846,ac040_00005,41,233.05294799804688,expected_improvement,1,36703.559310913086
847,ac040_00005,42,231.5579833984375,expected_improvement,1,36703.559310913086
848,ac040_00005,43,229.0442657470703,expected_improvement,1,36703.559310913086
849,ac040_00005,44,232.3208770751953,expected_improvement,1,36703.559310913086
850,ac040_00005,45,230.5326385498047,expected_improvement,1,36703.559310913086
851,ac040_00005,46,229.3470001220703,expected_improvement,1,36703.559310913086
852,ac040_00005,47,229.69058227539062,expected_improvement,1,36703.559310913086
853,ac040_00005,48,229.90109252929688,expected_improvement,1,36703.559310913086
854,ac040_00005,49,231.3197784423828,expected_improvement,1,36703.559310913086
855,ac040_00005,50,231.0791015625,expected_improvement,1,36703.559310913086
856,ac040_00005,51,231.3946533203125,expected_improvement,1,36703.559310913086
857,ac040_00005,52,230.71664428710938,expected_improvement,1,36703.559310913086
858,ac040_00005,53,228.9248504638672,expected_improvement,1,36703.559310913086
859,ac040_00005,54,227.5124053955078,expected_improvement,1,36703.559310913086
860,ac040_00005,55,228.3475799560547,expected_improvement,1,36703.559310913086
861,ac040_00005,56,229.24118041992188,expected_improvement,1,36703.559310913086
862,ac040_00005,57,228.4660186767578,expected_improvement,1,36703.559310913086
863,ac040_00005,58,228.19076538085938,expected_improvement,1,36703.559310913086
864,ac040_00005,59,227.6607666015625,expected_improvement,1,36703.559310913086
865,ac040_00005,60,227.33102416992188,expected_improvement,1,36703.559310913086
866,ac040_00005,61,228.7537078857422,expected_improvement,1,36703.559310913086
867,ac040_00005,62,228.3162384033203,expected_improvement,1,36703.559310913086
868,ac040_00005,63,227.6343231201172,expected_improvement,1,36703.559310913086
869,ac040_00005,64,228.3414306640625,expected_improvement,1,36703.559310913086
870,ac040_00005,65,228.1563262939453,expected_improvement,1,36703.559310913086
871,ac040_00005,66,227.7655487060547,expected_improvement,1,36703.559310913086
872,ac040_00005,67,228.0695037841797,expected_improvement,1,36703.559310913086
873,ac040_00005,68,228.1239013671875,expected_improvement,1,36703.559310913086
874,ac040_00005,69,229.3815460205078,expected_improvement,1,36703.559310913086
875,ac040_00005,70,228.84371948242188,expected_improvement,1,36703.559310913086
876,ac040_00005,71,229.1707763671875,expected_improvement,1,36703.559310913086
877,ac040_00005,72,228.891357421875,expected_improvement,1,36703.559310913086
878,ac040_00005,73,228.00302124023438,expected_improvement,1,36703.559310913086
879,ac040_00005,74,228.563720703125,expected_improvement,1,36703.559310913086
880,ac040_00005,75,228.1162109375,expected_improvement,1,36703.559310913086
881,ac040_00005,76,227.53140258789062,expected_improvement,1,36703.559310913086
882,ac040_00005,77,227.85177612304688,expected_improvement,1,36703.559310913086
883,ac040_00005,78,228.2079620361328,expected_improvement,1,36703.559310913086
884,ac040_00005,79,229.14321899414062,expected_improvement,1,36703.559310913086
885,ac040_00005,80,228.0954132080078,expected_improvement,1,36703.559310913086
886,ac040_00005,81,228.447021484375,expected_improvement,1,36703.559310913086
887,ac040_00005,82,227.9375,expected_improvement,1,36703.559310913086
888,ac040_00005,83,227.90206909179688,expected_improvement,1,36703.559310913086
889,ac040_00005,84,227.78646850585938,expected_improvement,1,36703.559310913086
890,ac040_00005,85,228.05075073242188,expected_improvement,1,36703.559310913086
891,ac040_00005,86,228.33187866210938,expected_improvement,1,36703.559310913086
892,ac040_00005,87,228.8172607421875,expected_improvement,1,36703.559310913086
893,ac040_00005,88,228.85250854492188,expected_improvement,1,36703.559310913086
894,ac040_00005,89,228.7777862548828,expected_improvement,1,36703.559310913086
895,ac040_00005,90,228.27212524414062,expected_improvement,1,36703.559310913086
896,ac040_00005,91,228.76724243164062,expected_improvement,1,36703.559310913086
897,ac040_00005,92,228.00607299804688,expected_improvement,1,36703.559310913086
898,ac040_00005,93,227.90701293945312,expected_improvement,1,36703.559310913086
899,ac040_00005,94,228.6304168701172,expected_improvement,1,36703.559310913086
900,ac040_00005,95,228.806640625,expected_improvement,1,36703.559310913086
901,ac040_00005,96,228.7804412841797,expected_improvement,1,36703.559310913086
902,ac040_00005,97,228.8400115966797,expected_improvement,1,36703.559310913086
903,ac040_00005,98,229.29110717773438,expected_improvement,1,36703.559310913086
904,ac040_00005,99,228.61001586914062,expected_improvement,1,36703.559310913086
905,ac040_00005,100,228.8446807861328,expected_improvement,1,36703.559310913086
906,ac040_00005,101,229.5256805419922,expected_improvement,1,36703.559310913086
907,ac040_00005,102,228.96139526367188,expected_improvement,1,36703.559310913086
908,ac040_00005,103,229.486328125,expected_improvement,1,36703.559310913086
909,ac040_00005,104,229.2198028564453,expected_improvement,1,36703.559310913086
910,ac040_00005,105,229.226806640625,expected_improvement,1,36703.559310913086
911,ac040_00005,106,229.36373901367188,expected_improvement,1,36703.559310913086
912,ac040_00005,107,229.8118438720703,expected_improvement,1,36703.559310913086
913,ac040_00005,108,230.2044677734375,expected_improvement,1,36703.559310913086
914,ac040_00005,109,229.39395141601562,expected_improvement,1,36703.559310913086
915,ac040_00005,110,229.36575317382812,expected_improvement,1,36703.559310913086
916,ac040_00005,111,230.0916748046875,expected_improvement,1,36703.559310913086
917,ac040_00005,112,229.5276641845703,expected_improvement,1,36703.559310913086
918,ac040_00005,113,228.70492553710938,expected_improvement,1,36703.559310913086
919,ac040_00005,114,228.69287109375,expected_improvement,1,36703.559310913086
920,ac040_00005,115,228.78201293945312,expected_improvement,1,36703.559310913086
921,ac040_00005,116,229.0717010498047,expected_improvement,1,36703.559310913086
922,ac040_00005,117,228.95455932617188,expected_improvement,1,36703.559310913086
923,ac040_00005,118,228.7847442626953,expected_improvement,1,36703.559310913086
924,ac040_00005,119,228.6582794189453,expected_improvement,1,36703.559310913086
925,ac040_00005,120,228.6274871826172,expected_improvement,1,36703.559310913086
926,ac040_00005,121,228.51760864257812,expected_improvement,1,36703.559310913086
927,ac040_00005,122,228.6612091064453,expected_improvement,1,36703.559310913086
928,ac040_00005,123,229.0929718017578,expected_improvement,1,36703.559310913086
929,ac040_00005,124,228.62844848632812,expected_improvement,1,36703.559310913086
930,ac040_00005,125,229.24777221679688,expected_improvement,1,36703.559310913086
931,ac040_00005,126,229.128662109375,expected_improvement,1,36703.559310913086
932,ac040_00005,127,228.58389282226562,expected_improvement,1,36703.559310913086
933,ac040_00005,128,228.52450561523438,expected_improvement,1,36703.559310913086
934,ac040_00005,129,228.75341796875,expected_improvement,1,36703.559310913086
935,ac040_00005,130,228.98046875,expected_improvement,1,36703.559310913086
936,ac040_00005,131,228.31045532226562,expected_improvement,1,36703.559310913086
937,ac040_00005,132,228.8497772216797,expected_improvement,1,36703.559310913086
938,ac040_00005,133,228.87881469726562,expected_improvement,1,36703.559310913086
939,ac040_00005,134,228.5934295654297,expected_improvement,1,36703.559310913086
940,ac040_00005,135,228.08438110351562,expected_improvement,1,36703.559310913086
941,ac040_00005,136,228.5408172607422,expected_improvement,1,36703.559310913086
942,ac040_00005,137,227.9843292236328,expected_improvement,1,36703.559310913086
943,ac040_00005,138,227.8597412109375,expected_improvement,1,36703.559310913086
944,ac040_00005,139,227.65625,expected_improvement,1,36703.559310913086
945,ac040_00005,140,227.7466583251953,expected_improvement,1,36703.559310913086
946,ac040_00005,141,227.85726928710938,expected_improvement,1,36703.559310913086
947,ac040_00005,142,227.5078582763672,expected_improvement,1,36703.559310913086
948,ac040_00005,143,227.60916137695312,expected_improvement,1,36703.559310913086
949,ac040_00005,144,228.00930786132812,expected_improvement,1,36703.559310913086
950,ac040_00005,145,227.6875,expected_improvement,1,36703.559310913086
951,ac040_00005,146,228.0906524658203,expected_improvement,1,36703.559310913086
952,ac040_00005,147,228.0127716064453,expected_improvement,1,36703.559310913086
953,ac040_00005,148,228.35220336914062,expected_improvement,1,36703.559310913086
954,ac040_00005,149,228.02304077148438,expected_improvement,1,36703.559310913086
955,ac040_00005,150,227.8488006591797,expected_improvement,1,36703.559310913086
956,ac040_00005,151,227.2455596923828,expected_improvement,1,36703.559310913086
957,ac040_00005,152,227.6778564453125,expected_improvement,1,36703.559310913086
958,ac040_00005,153,227.58450317382812,expected_improvement,1,36703.559310913086
959,ac040_00005,154,227.7480010986328,expected_improvement,1,36703.559310913086
960,ac040_00005,155,227.5987548828125,expected_improvement,1,36703.559310913086
961,ac040_00005,156,228.01327514648438,expected_improvement,1,36703.559310913086
962,ac040_00005,157,227.76376342773438,expected_improvement,1,36703.559310913086
963,ac040_00005,158,227.36947631835938,expected_improvement,1,36703.559310913086
964,ac040_00005,159,227.495361328125,expected_improvement,1,36703.559310913086
965,ac040_00005,160,227.4061737060547,expected_improvement,1,36703.559310913086
966,ac040_00006,0,243.152099609375,expected_improvement,2,35153.64268493652
967,ac040_00006,1,240.77392578125,expected_improvement,2,35153.64268493652
968,ac040_00006,2,237.0438232421875,expected_improvement,2,35153.64268493652
969,ac040_00006,3,233.17788696289062,expected_improvement,2,35153.64268493652
970,ac040_00006,4,232.4997100830078,expected_improvement,2,35153.64268493652
971,ac040_00006,5,234.17318725585938,expected_improvement,2,35153.64268493652
972,ac040_00006,6,235.5093231201172,expected_improvement,2,35153.64268493652
973,ac040_00006,7,229.98806762695312,expected_improvement,2,35153.64268493652
974,ac040_00006,8,229.9438934326172,expected_improvement,2,35153.64268493652
975,ac040_00006,9,230.5196075439453,expected_improvement,2,35153.64268493652
976,ac040_00006,10,229.26943969726562,expected_improvement,2,35153.64268493652
977,ac040_00006,11,231.5135040283203,expected_improvement,2,35153.64268493652
978,ac040_00006,12,228.5062255859375,expected_improvement,2,35153.64268493652
979,ac040_00006,13,229.16476440429688,expected_improvement,2,35153.64268493652
980,ac040_00006,14,229.4378204345703,expected_improvement,2,35153.64268493652
981,ac040_00006,15,230.39859008789062,expected_improvement,2,35153.64268493652
982,ac040_00006,16,229.6770477294922,expected_improvement,2,35153.64268493652
983,ac040_00006,17,230.23135375976562,expected_improvement,2,35153.64268493652
984,ac040_00006,18,230.926025390625,expected_improvement,2,35153.64268493652
985,ac040_00006,19,230.0734100341797,expected_improvement,2,35153.64268493652
986,ac040_00006,20,231.6104278564453,expected_improvement,2,35153.64268493652
987,ac040_00006,21,232.0595245361328,expected_improvement,2,35153.64268493652
988,ac040_00006,22,232.70724487304688,expected_improvement,2,35153.64268493652
989,ac040_00006,23,233.3391571044922,expected_improvement,2,35153.64268493652
990,ac040_00006,24,233.7427978515625,expected_improvement,2,35153.64268493652
991,ac040_00006,25,224.8405303955078,expected_improvement,2,35153.64268493652
992,ac040_00006,26,226.6000518798828,expected_improvement,2,35153.64268493652
993,ac040_00006,27,222.7700653076172,expected_improvement,2,35153.64268493652
994,ac040_00006,28,224.0092315673828,expected_improvement,2,35153.64268493652
995,ac040_00006,29,225.84347534179688,expected_improvement,2,35153.64268493652
996,ac040_00006,30,225.17239379882812,expected_improvement,2,35153.64268493652
997,ac040_00006,31,225.1512451171875,expected_improvement,2,35153.64268493652
998,ac040_00006,32,226.61563110351562,expected_improvement,2,35153.64268493652
999,ac040_00006,33,226.7568359375,expected_improvement,2,35153.64268493652
1000,ac040_00006,34,228.3811492919922,expected_improvement,2,35153.64268493652
1001,ac040_00006,35,224.8120880126953,expected_improvement,2,35153.64268493652
1002,ac040_00006,36,226.1668701171875,expected_improvement,2,35153.64268493652
1003,ac040_00006,37,224.78811645507812,expected_improvement,2,35153.64268493652
1004,ac040_00006,38,222.08584594726562,expected_improvement,2,35153.64268493652
1005,ac040_00006,39,221.20425415039062,expected_improvement,2,35153.64268493652
1006,ac040_00006,40,222.07266235351562,expected_improvement,2,35153.64268493652
1007,ac040_00006,41,222.68942260742188,expected_improvement,2,35153.64268493652
1008,ac040_00006,42,222.5805206298828,expected_improvement,2,35153.64268493652
1009,ac040_00006,43,218.6685791015625,expected_improvement,2,35153.64268493652
1010,ac040_00006,44,217.88644409179688,expected_improvement,2,35153.64268493652
1011,ac040_00006,45,218.6592254638672,expected_improvement,2,35153.64268493652
1012,ac040_00006,46,218.00564575195312,expected_improvement,2,35153.64268493652
1013,ac040_00006,47,218.78561401367188,expected_improvement,2,35153.64268493652
1014,ac040_00006,48,218.5199737548828,expected_improvement,2,35153.64268493652
1015,ac040_00006,49,219.0380401611328,expected_improvement,2,35153.64268493652
1016,ac040_00006,50,219.5413055419922,expected_improvement,2,35153.64268493652
1017,ac040_00006,51,217.41384887695312,expected_improvement,2,35153.64268493652
1018,ac040_00006,52,217.22653198242188,expected_improvement,2,35153.64268493652
1019,ac040_00006,53,217.827880859375,expected_improvement,2,35153.64268493652
1020,ac040_00006,54,218.8686981201172,expected_improvement,2,35153.64268493652
1021,ac040_00006,55,219.2879638671875,expected_improvement,2,35153.64268493652
1022,ac040_00006,56,220.20242309570312,expected_improvement,2,35153.64268493652
1023,ac040_00006,57,220.0450439453125,expected_improvement,2,35153.64268493652
1024,ac040_00006,58,219.2315673828125,expected_improvement,2,35153.64268493652
1025,ac040_00006,59,218.86178588867188,expected_improvement,2,35153.64268493652
1026,ac040_00006,60,219.52731323242188,expected_improvement,2,35153.64268493652
1027,ac040_00006,61,217.542236328125,expected_improvement,2,35153.64268493652
1028,ac040_00006,62,218.47836303710938,expected_improvement,2,35153.64268493652
1029,ac040_00006,63,218.0312957763672,expected_improvement,2,35153.64268493652
1030,ac040_00006,64,218.5000457763672,expected_improvement,2,35153.64268493652
1031,ac040_00006,65,218.39028930664062,expected_improvement,2,35153.64268493652
1032,ac040_00006,66,218.21337890625,expected_improvement,2,35153.64268493652
1033,ac040_00006,67,218.91268920898438,expected_improvement,2,35153.64268493652
1034,ac040_00006,68,219.0047149658203,expected_improvement,2,35153.64268493652
1035,ac040_00006,69,218.8302459716797,expected_improvement,2,35153.64268493652
1036,ac040_00006,70,219.34140014648438,expected_improvement,2,35153.64268493652
1037,ac040_00006,71,218.3450164794922,expected_improvement,2,35153.64268493652
1038,ac040_00006,72,217.638427734375,expected_improvement,2,35153.64268493652
1039,ac040_00006,73,217.34243774414062,expected_improvement,2,35153.64268493652
1040,ac040_00006,74,218.8254852294922,expected_improvement,2,35153.64268493652
1041,ac040_00006,75,219.36679077148438,expected_improvement,2,35153.64268493652
1042,ac040_00006,76,217.9632110595703,expected_improvement,2,35153.64268493652
1043,ac040_00006,77,218.9998016357422,expected_improvement,2,35153.64268493652
1044,ac040_00006,78,219.0760955810547,expected_improvement,2,35153.64268493652
1045,ac040_00006,79,218.4176483154297,expected_improvement,2,35153.64268493652
1046,ac040_00006,80,217.3292999267578,expected_improvement,2,35153.64268493652
1047,ac040_00006,81,216.89968872070312,expected_improvement,2,35153.64268493652
1048,ac040_00006,82,217.9644775390625,expected_improvement,2,35153.64268493652
1049,ac040_00006,83,216.69235229492188,expected_improvement,2,35153.64268493652
1050,ac040_00006,84,216.55007934570312,expected_improvement,2,35153.64268493652
1051,ac040_00006,85,216.40579223632812,expected_improvement,2,35153.64268493652
1052,ac040_00006,86,216.0414276123047,expected_improvement,2,35153.64268493652
1053,ac040_00006,87,216.2723388671875,expected_improvement,2,35153.64268493652
1054,ac040_00006,88,217.21353149414062,expected_improvement,2,35153.64268493652
1055,ac040_00006,89,216.05825805664062,expected_improvement,2,35153.64268493652
1056,ac040_00006,90,216.6920623779297,expected_improvement,2,35153.64268493652
1057,ac040_00006,91,216.55026245117188,expected_improvement,2,35153.64268493652
1058,ac040_00006,92,217.22824096679688,expected_improvement,2,35153.64268493652
1059,ac040_00006,93,214.32571411132812,expected_improvement,2,35153.64268493652
1060,ac040_00006,94,214.7374267578125,expected_improvement,2,35153.64268493652
1061,ac040_00006,95,214.491943359375,expected_improvement,2,35153.64268493652
1062,ac040_00006,96,214.97146606445312,expected_improvement,2,35153.64268493652
1063,ac040_00006,97,214.1927490234375,expected_improvement,2,35153.64268493652
1064,ac040_00006,98,214.0224609375,expected_improvement,2,35153.64268493652
1065,ac040_00006,99,214.0097198486328,expected_improvement,2,35153.64268493652
1066,ac040_00006,100,214.48519897460938,expected_improvement,2,35153.64268493652
1067,ac040_00006,101,214.07711791992188,expected_improvement,2,35153.64268493652
1068,ac040_00006,102,213.9960174560547,expected_improvement,2,35153.64268493652
1069,ac040_00006,103,214.24197387695312,expected_improvement,2,35153.64268493652
1070,ac040_00006,104,215.6537628173828,expected_improvement,2,35153.64268493652
1071,ac040_00006,105,215.19387817382812,expected_improvement,2,35153.64268493652
1072,ac040_00006,106,213.81491088867188,expected_improvement,2,35153.64268493652
1073,ac040_00006,107,214.9928436279297,expected_improvement,2,35153.64268493652
1074,ac040_00006,108,214.0999755859375,expected_improvement,2,35153.64268493652
1075,ac040_00006,109,214.95614624023438,expected_improvement,2,35153.64268493652
1076,ac040_00006,110,215.56393432617188,expected_improvement,2,35153.64268493652
1077,ac040_00006,111,214.12789916992188,expected_improvement,2,35153.64268493652
1078,ac040_00006,112,213.3140106201172,expected_improvement,2,35153.64268493652
1079,ac040_00006,113,213.17214965820312,expected_improvement,2,35153.64268493652
1080,ac040_00006,114,213.37203979492188,expected_improvement,2,35153.64268493652
1081,ac040_00006,115,214.8993377685547,expected_improvement,2,35153.64268493652
1082,ac040_00006,116,214.5216064453125,expected_improvement,2,35153.64268493652
1083,ac040_00006,117,213.85598754882812,expected_improvement,2,35153.64268493652
1084,ac040_00006,118,213.85415649414062,expected_improvement,2,35153.64268493652
1085,ac040_00006,119,213.32711791992188,expected_improvement,2,35153.64268493652
1086,ac040_00006,120,214.0142059326172,expected_improvement,2,35153.64268493652
1087,ac040_00006,121,214.11807250976562,expected_improvement,2,35153.64268493652
1088,ac040_00006,122,214.0082244873047,expected_improvement,2,35153.64268493652
1089,ac040_00006,123,213.9517059326172,expected_improvement,2,35153.64268493652
1090,ac040_00006,124,214.5645751953125,expected_improvement,2,35153.64268493652
1091,ac040_00006,125,214.2979278564453,expected_improvement,2,35153.64268493652
1092,ac040_00006,126,214.1676483154297,expected_improvement,2,35153.64268493652
1093,ac040_00006,127,214.7594451904297,expected_improvement,2,35153.64268493652
1094,ac040_00006,128,214.3710479736328,expected_improvement,2,35153.64268493652
1095,ac040_00006,129,214.25732421875,expected_improvement,2,35153.64268493652
1096,ac040_00006,130,214.80233764648438,expected_improvement,2,35153.64268493652
1097,ac040_00006,131,214.35330200195312,expected_improvement,2,35153.64268493652
1098,ac040_00006,132,214.9174041748047,expected_improvement,2,35153.64268493652
1099,ac040_00006,133,215.4285430908203,expected_improvement,2,35153.64268493652
1100,ac040_00006,134,214.38180541992188,expected_improvement,2,35153.64268493652
1101,ac040_00006,135,215.09188842773438,expected_improvement,2,35153.64268493652
1102,ac040_00006,136,215.35546875,expected_improvement,2,35153.64268493652
1103,ac040_00006,137,215.1461944580078,expected_improvement,2,35153.64268493652
1104,ac040_00006,138,215.11135864257812,expected_improvement,2,35153.64268493652
1105,ac040_00006,139,215.9384002685547,expected_improvement,2,35153.64268493652
1106,ac040_00006,140,215.4011993408203,expected_improvement,2,35153.64268493652
1107,ac040_00006,141,216.6004638671875,expected_improvement,2,35153.64268493652
1108,ac040_00006,142,215.9384307861328,expected_improvement,2,35153.64268493652
1109,ac040_00006,143,215.6349639892578,expected_improvement,2,35153.64268493652
1110,ac040_00006,144,215.73355102539062,expected_improvement,2,35153.64268493652
1111,ac040_00006,145,215.9071502685547,expected_improvement,2,35153.64268493652
1112,ac040_00006,146,216.25634765625,expected_improvement,2,35153.64268493652
1113,ac040_00006,147,215.3892059326172,expected_improvement,2,35153.64268493652
1114,ac040_00006,148,216.6722869873047,expected_improvement,2,35153.64268493652
1115,ac040_00006,149,216.63577270507812,expected_improvement,2,35153.64268493652
1116,ac040_00006,150,215.9650115966797,expected_improvement,2,35153.64268493652
1117,ac040_00006,151,216.1016845703125,expected_improvement,2,35153.64268493652
1118,ac040_00006,152,215.9572296142578,expected_improvement,2,35153.64268493652
1119,ac040_00006,153,216.93746948242188,expected_improvement,2,35153.64268493652
1120,ac040_00006,154,217.50048828125,expected_improvement,2,35153.64268493652
1121,ac040_00006,155,217.5555877685547,expected_improvement,2,35153.64268493652
1122,ac040_00006,156,217.6159210205078,expected_improvement,2,35153.64268493652
1123,ac040_00006,157,216.57723999023438,expected_improvement,2,35153.64268493652
1124,ac040_00006,158,217.5873260498047,expected_improvement,2,35153.64268493652
1125,ac040_00006,159,216.8254852294922,expected_improvement,2,35153.64268493652
1126,ac040_00006,160,216.84609985351562,expected_improvement,2,35153.64268493652
1127,ac040_00007,0,302.2976989746094,expected_improvement,3,47227.902282714844
1128,ac040_00007,1,300.95941162109375,expected_improvement,3,47227.902282714844
1129,ac040_00007,2,299.568603515625,expected_improvement,3,47227.902282714844
1130,ac040_00007,3,304.3929443359375,expected_improvement,3,47227.902282714844
1131,ac040_00007,4,305.7901611328125,expected_improvement,3,47227.902282714844
1132,ac040_00007,5,298.5146179199219,expected_improvement,3,47227.902282714844
1133,ac040_00007,6,300.77447509765625,expected_improvement,3,47227.902282714844
1134,ac040_00007,7,299.32781982421875,expected_improvement,3,47227.902282714844
1135,ac040_00007,8,296.80999755859375,expected_improvement,3,47227.902282714844
1136,ac040_00007,9,298.4021911621094,expected_improvement,3,47227.902282714844
1137,ac040_00007,10,297.8439025878906,expected_improvement,3,47227.902282714844
1138,ac040_00007,11,301.27642822265625,expected_improvement,3,47227.902282714844
1139,ac040_00007,12,297.035400390625,expected_improvement,3,47227.902282714844
1140,ac040_00007,13,299.40185546875,expected_improvement,3,47227.902282714844
1141,ac040_00007,14,296.46038818359375,expected_improvement,3,47227.902282714844
1142,ac040_00007,15,297.74212646484375,expected_improvement,3,47227.902282714844
1143,ac040_00007,16,297.54217529296875,expected_improvement,3,47227.902282714844
1144,ac040_00007,17,297.98223876953125,expected_improvement,3,47227.902282714844
1145,ac040_00007,18,297.90447998046875,expected_improvement,3,47227.902282714844
1146,ac040_00007,19,296.4613952636719,expected_improvement,3,47227.902282714844
1147,ac040_00007,20,298.4770202636719,expected_improvement,3,47227.902282714844
1148,ac040_00007,21,299.072509765625,expected_improvement,3,47227.902282714844
1149,ac040_00007,22,300.54754638671875,expected_improvement,3,47227.902282714844
1150,ac040_00007,23,295.44134521484375,expected_improvement,3,47227.902282714844
1151,ac040_00007,24,295.6773376464844,expected_improvement,3,47227.902282714844
1152,ac040_00007,25,296.1168212890625,expected_improvement,3,47227.902282714844
1153,ac040_00007,26,293.8779296875,expected_improvement,3,47227.902282714844
1154,ac040_00007,27,291.2506103515625,expected_improvement,3,47227.902282714844
1155,ac040_00007,28,293.5690002441406,expected_improvement,3,47227.902282714844
1156,ac040_00007,29,294.6528015136719,expected_improvement,3,47227.902282714844
1157,ac040_00007,30,290.3474426269531,expected_improvement,3,47227.902282714844
1158,ac040_00007,31,293.36737060546875,expected_improvement,3,47227.902282714844
1159,ac040_00007,32,288.8558349609375,expected_improvement,3,47227.902282714844
1160,ac040_00007,33,289.80792236328125,expected_improvement,3,47227.902282714844
1161,ac040_00007,34,290.7767639160156,expected_improvement,3,47227.902282714844
1162,ac040_00007,35,292.2060546875,expected_improvement,3,47227.902282714844
1163,ac040_00007,36,292.762451171875,expected_improvement,3,47227.902282714844
1164,ac040_00007,37,291.74981689453125,expected_improvement,3,47227.902282714844
1165,ac040_00007,38,291.78143310546875,expected_improvement,3,47227.902282714844
1166,ac040_00007,39,291.9552307128906,expected_improvement,3,47227.902282714844
1167,ac040_00007,40,292.1756286621094,expected_improvement,3,47227.902282714844
1168,ac040_00007,41,293.07049560546875,expected_improvement,3,47227.902282714844
1169,ac040_00007,42,293.44146728515625,expected_improvement,3,47227.902282714844
1170,ac040_00007,43,292.34259033203125,expected_improvement,3,47227.902282714844
1171,ac040_00007,44,293.8468933105469,expected_improvement,3,47227.902282714844
1172,ac040_00007,45,293.5326232910156,expected_improvement,3,47227.902282714844
1173,ac040_00007,46,293.4720153808594,expected_improvement,3,47227.902282714844
1174,ac040_00007,47,294.1499328613281,expected_improvement,3,47227.902282714844
1175,ac040_00007,48,294.8822021484375,expected_improvement,3,47227.902282714844
1176,ac040_00007,49,292.9712219238281,expected_improvement,3,47227.902282714844
1177,ac040_00007,50,293.1269836425781,expected_improvement,3,47227.902282714844
1178,ac040_00007,51,293.2857971191406,expected_improvement,3,47227.902282714844
1179,ac040_00007,52,293.34637451171875,expected_improvement,3,47227.902282714844
1180,ac040_00007,53,295.71246337890625,expected_improvement,3,47227.902282714844
1181,ac040_00007,54,294.8301086425781,expected_improvement,3,47227.902282714844
1182,ac040_00007,55,293.5462951660156,expected_improvement,3,47227.902282714844
1183,ac040_00007,56,293.3064880371094,expected_improvement,3,47227.902282714844
1184,ac040_00007,57,292.7516784667969,expected_improvement,3,47227.902282714844
1185,ac040_00007,58,293.20654296875,expected_improvement,3,47227.902282714844
1186,ac040_00007,59,293.5378723144531,expected_improvement,3,47227.902282714844
1187,ac040_00007,60,292.94012451171875,expected_improvement,3,47227.902282714844
1188,ac040_00007,61,292.6250305175781,expected_improvement,3,47227.902282714844
1189,ac040_00007,62,293.99627685546875,expected_improvement,3,47227.902282714844
1190,ac040_00007,63,293.77520751953125,expected_improvement,3,47227.902282714844
1191,ac040_00007,64,294.0685119628906,expected_improvement,3,47227.902282714844
1192,ac040_00007,65,295.777587890625,expected_improvement,3,47227.902282714844
1193,ac040_00007,66,293.5854187011719,expected_improvement,3,47227.902282714844
1194,ac040_00007,67,294.3150939941406,expected_improvement,3,47227.902282714844
1195,ac040_00007,68,294.2879333496094,expected_improvement,3,47227.902282714844
1196,ac040_00007,69,294.29583740234375,expected_improvement,3,47227.902282714844
1197,ac040_00007,70,295.44970703125,expected_improvement,3,47227.902282714844
1198,ac040_00007,71,295.64056396484375,expected_improvement,3,47227.902282714844
1199,ac040_00007,72,292.21710205078125,expected_improvement,3,47227.902282714844
1200,ac040_00007,73,292.3919982910156,expected_improvement,3,47227.902282714844
1201,ac040_00007,74,292.0877990722656,expected_improvement,3,47227.902282714844
1202,ac040_00007,75,292.6781921386719,expected_improvement,3,47227.902282714844
1203,ac040_00007,76,292.9096984863281,expected_improvement,3,47227.902282714844
1204,ac040_00007,77,293.3125915527344,expected_improvement,3,47227.902282714844
1205,ac040_00007,78,292.5789794921875,expected_improvement,3,47227.902282714844
1206,ac040_00007,79,292.89178466796875,expected_improvement,3,47227.902282714844
1207,ac040_00007,80,293.64703369140625,expected_improvement,3,47227.902282714844
1208,ac040_00007,81,294.3021545410156,expected_improvement,3,47227.902282714844
1209,ac040_00007,82,294.0135498046875,expected_improvement,3,47227.902282714844
1210,ac040_00007,83,294.3394775390625,expected_improvement,3,47227.902282714844
1211,ac040_00007,84,295.49310302734375,expected_improvement,3,47227.902282714844
1212,ac040_00007,85,295.6174011230469,expected_improvement,3,47227.902282714844
1213,ac040_00007,86,295.58758544921875,expected_improvement,3,47227.902282714844
1214,ac040_00007,87,295.1314697265625,expected_improvement,3,47227.902282714844
1215,ac040_00007,88,295.7209167480469,expected_improvement,3,47227.902282714844
1216,ac040_00007,89,296.3393249511719,expected_improvement,3,47227.902282714844
1217,ac040_00007,90,294.9344177246094,expected_improvement,3,47227.902282714844
1218,ac040_00007,91,295.3841247558594,expected_improvement,3,47227.902282714844
1219,ac040_00007,92,295.67425537109375,expected_improvement,3,47227.902282714844
1220,ac040_00007,93,295.82086181640625,expected_improvement,3,47227.902282714844
1221,ac040_00007,94,295.87176513671875,expected_improvement,3,47227.902282714844
1222,ac040_00007,95,295.7750549316406,expected_improvement,3,47227.902282714844
1223,ac040_00007,96,296.3020935058594,expected_improvement,3,47227.902282714844
1224,ac040_00007,97,295.78900146484375,expected_improvement,3,47227.902282714844
1225,ac040_00007,98,296.3258056640625,expected_improvement,3,47227.902282714844
1226,ac040_00007,99,295.84942626953125,expected_improvement,3,47227.902282714844
1227,ac040_00007,100,295.3688049316406,expected_improvement,3,47227.902282714844
1228,ac040_00007,101,295.60174560546875,expected_improvement,3,47227.902282714844
1229,ac040_00007,102,294.2364196777344,expected_improvement,3,47227.902282714844
1230,ac040_00007,103,294.7479248046875,expected_improvement,3,47227.902282714844
1231,ac040_00007,104,295.06591796875,expected_improvement,3,47227.902282714844
1232,ac040_00007,105,295.9307556152344,expected_improvement,3,47227.902282714844
1233,ac040_00007,106,295.88531494140625,expected_improvement,3,47227.902282714844
1234,ac040_00007,107,296.27227783203125,expected_improvement,3,47227.902282714844
1235,ac040_00007,108,296.55267333984375,expected_improvement,3,47227.902282714844
1236,ac040_00007,109,296.2827453613281,expected_improvement,3,47227.902282714844
1237,ac040_00007,110,296.75006103515625,expected_improvement,3,47227.902282714844
1238,ac040_00007,111,296.7450256347656,expected_improvement,3,47227.902282714844
1239,ac040_00007,112,297.4884033203125,expected_improvement,3,47227.902282714844
1240,ac040_00007,113,297.70599365234375,expected_improvement,3,47227.902282714844
1241,ac040_00007,114,298.0693664550781,expected_improvement,3,47227.902282714844
1242,ac040_00007,115,298.6361083984375,expected_improvement,3,47227.902282714844
1243,ac040_00007,116,296.4335632324219,expected_improvement,3,47227.902282714844
1244,ac040_00007,117,294.24603271484375,expected_improvement,3,47227.902282714844
1245,ac040_00007,118,294.6708068847656,expected_improvement,3,47227.902282714844
1246,ac040_00007,119,294.44500732421875,expected_improvement,3,47227.902282714844
1247,ac040_00007,120,294.2170104980469,expected_improvement,3,47227.902282714844
1248,ac040_00007,121,294.4595642089844,expected_improvement,3,47227.902282714844
1249,ac040_00007,122,295.15167236328125,expected_improvement,3,47227.902282714844
1250,ac040_00007,123,295.6295471191406,expected_improvement,3,47227.902282714844
1251,ac040_00007,124,295.72222900390625,expected_improvement,3,47227.902282714844
1252,ac040_00007,125,296.4295349121094,expected_improvement,3,47227.902282714844
1253,ac040_00007,126,296.2409362792969,expected_improvement,3,47227.902282714844
1254,ac040_00007,127,296.6225280761719,expected_improvement,3,47227.902282714844
1255,ac040_00007,128,297.0985412597656,expected_improvement,3,47227.902282714844
1256,ac040_00007,129,295.72833251953125,expected_improvement,3,47227.902282714844
1257,ac040_00007,130,296.16912841796875,expected_improvement,3,47227.902282714844
1258,ac040_00007,131,296.65966796875,expected_improvement,3,47227.902282714844
1259,ac040_00007,132,296.84405517578125,expected_improvement,3,47227.902282714844
1260,ac040_00007,133,296.9670104980469,expected_improvement,3,47227.902282714844
1261,ac040_00007,134,297.5169677734375,expected_improvement,3,47227.902282714844
1262,ac040_00007,135,297.44232177734375,expected_improvement,3,47227.902282714844
1263,ac040_00007,136,298.02587890625,expected_improvement,3,47227.902282714844
1264,ac040_00007,137,298.349609375,expected_improvement,3,47227.902282714844
1265,ac040_00007,138,298.3758544921875,expected_improvement,3,47227.902282714844
1266,ac040_00007,139,297.8346252441406,expected_improvement,3,47227.902282714844
1267,ac040_00007,140,296.1823425292969,expected_improvement,3,47227.902282714844
1268,ac040_00007,141,294.36248779296875,expected_improvement,3,47227.902282714844
1269,ac040_00007,142,294.77703857421875,expected_improvement,3,47227.902282714844
1270,ac040_00007,143,295.07421875,expected_improvement,3,47227.902282714844
1271,ac040_00007,144,294.4269714355469,expected_improvement,3,47227.902282714844
1272,ac040_00007,145,292.2188415527344,expected_improvement,3,47227.902282714844
1273,ac040_00007,146,292.51446533203125,expected_improvement,3,47227.902282714844
1274,ac040_00007,147,292.5745544433594,expected_improvement,3,47227.902282714844
1275,ac040_00007,148,293.0281982421875,expected_improvement,3,47227.902282714844
1276,ac040_00007,149,294.39483642578125,expected_improvement,3,47227.902282714844
1277,ac040_00007,150,294.1648864746094,expected_improvement,3,47227.902282714844
1278,ac040_00007,151,293.60552978515625,expected_improvement,3,47227.902282714844
1279,ac040_00007,152,293.7388000488281,expected_improvement,3,47227.902282714844
1280,ac040_00007,153,293.04931640625,expected_improvement,3,47227.902282714844
1281,ac040_00007,154,292.31597900390625,expected_improvement,3,47227.902282714844
1282,ac040_00007,155,292.5093688964844,expected_improvement,3,47227.902282714844
1283,ac040_00007,156,293.06005859375,expected_improvement,3,47227.902282714844
1284,ac040_00007,157,293.110107421875,expected_improvement,3,47227.902282714844
1285,ac040_00007,158,293.070068359375,expected_improvement,3,47227.902282714844
1286,ac040_00007,159,292.928955078125,expected_improvement,3,47227.902282714844
1287,ac040_00007,160,292.52520751953125,expected_improvement,3,47227.902282714844
1288,ac040_00008,0,285.5582580566406,expected_improvement,4,42810.01370239258
1289,ac040_00008,1,284.60333251953125,expected_improvement,4,42810.01370239258
1290,ac040_00008,2,280.65557861328125,expected_improvement,4,42810.01370239258
1291,ac040_00008,3,288.0257873535156,expected_improvement,4,42810.01370239258
1292,ac040_00008,4,273.9080505371094,expected_improvement,4,42810.01370239258
1293,ac040_00008,5,275.2391357421875,expected_improvement,4,42810.01370239258
1294,ac040_00008,6,270.34600830078125,expected_improvement,4,42810.01370239258
1295,ac040_00008,7,270.3733215332031,expected_improvement,4,42810.01370239258
1296,ac040_00008,8,269.6550598144531,expected_improvement,4,42810.01370239258
1297,ac040_00008,9,269.50665283203125,expected_improvement,4,42810.01370239258
1298,ac040_00008,10,269.659423828125,expected_improvement,4,42810.01370239258
1299,ac040_00008,11,269.2700500488281,expected_improvement,4,42810.01370239258
1300,ac040_00008,12,273.36041259765625,expected_improvement,4,42810.01370239258
1301,ac040_00008,13,272.1454772949219,expected_improvement,4,42810.01370239258
1302,ac040_00008,14,269.98974609375,expected_improvement,4,42810.01370239258
1303,ac040_00008,15,268.85076904296875,expected_improvement,4,42810.01370239258
1304,ac040_00008,16,272.01348876953125,expected_improvement,4,42810.01370239258
1305,ac040_00008,17,268.6402587890625,expected_improvement,4,42810.01370239258
1306,ac040_00008,18,264.9989318847656,expected_improvement,4,42810.01370239258
1307,ac040_00008,19,266.6416931152344,expected_improvement,4,42810.01370239258
1308,ac040_00008,20,266.0160827636719,expected_improvement,4,42810.01370239258
1309,ac040_00008,21,266.52197265625,expected_improvement,4,42810.01370239258
1310,ac040_00008,22,268.4344177246094,expected_improvement,4,42810.01370239258
1311,ac040_00008,23,272.17803955078125,expected_improvement,4,42810.01370239258
1312,ac040_00008,24,270.147216796875,expected_improvement,4,42810.01370239258
1313,ac040_00008,25,270.53717041015625,expected_improvement,4,42810.01370239258
1314,ac040_00008,26,270.26580810546875,expected_improvement,4,42810.01370239258
1315,ac040_00008,27,269.108642578125,expected_improvement,4,42810.01370239258
1316,ac040_00008,28,270.9346923828125,expected_improvement,4,42810.01370239258
1317,ac040_00008,29,272.327880859375,expected_improvement,4,42810.01370239258
1318,ac040_00008,30,270.573486328125,expected_improvement,4,42810.01370239258
1319,ac040_00008,31,270.5595703125,expected_improvement,4,42810.01370239258
1320,ac040_00008,32,269.68756103515625,expected_improvement,4,42810.01370239258
1321,ac040_00008,33,271.7130432128906,expected_improvement,4,42810.01370239258
1322,ac040_00008,34,273.24462890625,expected_improvement,4,42810.01370239258
1323,ac040_00008,35,269.14007568359375,expected_improvement,4,42810.01370239258
1324,ac040_00008,36,266.50823974609375,expected_improvement,4,42810.01370239258
1325,ac040_00008,37,266.9656677246094,expected_improvement,4,42810.01370239258
1326,ac040_00008,38,265.62786865234375,expected_improvement,4,42810.01370239258
1327,ac040_00008,39,264.0401306152344,expected_improvement,4,42810.01370239258
1328,ac040_00008,40,264.6795959472656,expected_improvement,4,42810.01370239258
1329,ac040_00008,41,264.9678649902344,expected_improvement,4,42810.01370239258
1330,ac040_00008,42,265.5906066894531,expected_improvement,4,42810.01370239258
1331,ac040_00008,43,265.0108337402344,expected_improvement,4,42810.01370239258
1332,ac040_00008,44,263.7018127441406,expected_improvement,4,42810.01370239258
1333,ac040_00008,45,264.3570861816406,expected_improvement,4,42810.01370239258
1334,ac040_00008,46,266.00555419921875,expected_improvement,4,42810.01370239258
1335,ac040_00008,47,265.962646484375,expected_improvement,4,42810.01370239258
1336,ac040_00008,48,267.00347900390625,expected_improvement,4,42810.01370239258
1337,ac040_00008,49,267.14385986328125,expected_improvement,4,42810.01370239258
1338,ac040_00008,50,266.0185241699219,expected_improvement,4,42810.01370239258
1339,ac040_00008,51,265.5569763183594,expected_improvement,4,42810.01370239258
1340,ac040_00008,52,265.3484802246094,expected_improvement,4,42810.01370239258
1341,ac040_00008,53,266.4696960449219,expected_improvement,4,42810.01370239258
1342,ac040_00008,54,264.98089599609375,expected_improvement,4,42810.01370239258
1343,ac040_00008,55,264.6507873535156,expected_improvement,4,42810.01370239258
1344,ac040_00008,56,264.94427490234375,expected_improvement,4,42810.01370239258
1345,ac040_00008,57,264.97210693359375,expected_improvement,4,42810.01370239258
1346,ac040_00008,58,264.4917907714844,expected_improvement,4,42810.01370239258
1347,ac040_00008,59,264.9487609863281,expected_improvement,4,42810.01370239258
1348,ac040_00008,60,266.3741149902344,expected_improvement,4,42810.01370239258
1349,ac040_00008,61,266.3667297363281,expected_improvement,4,42810.01370239258
1350,ac040_00008,62,266.5535888671875,expected_improvement,4,42810.01370239258
1351,ac040_00008,63,266.8316955566406,expected_improvement,4,42810.01370239258
1352,ac040_00008,64,267.06390380859375,expected_improvement,4,42810.01370239258
1353,ac040_00008,65,265.1563415527344,expected_improvement,4,42810.01370239258
1354,ac040_00008,66,265.74420166015625,expected_improvement,4,42810.01370239258
1355,ac040_00008,67,265.61492919921875,expected_improvement,4,42810.01370239258
1356,ac040_00008,68,265.6463623046875,expected_improvement,4,42810.01370239258
1357,ac040_00008,69,264.7880859375,expected_improvement,4,42810.01370239258
1358,ac040_00008,70,264.21978759765625,expected_improvement,4,42810.01370239258
1359,ac040_00008,71,264.600830078125,expected_improvement,4,42810.01370239258
1360,ac040_00008,72,264.77313232421875,expected_improvement,4,42810.01370239258
1361,ac040_00008,73,264.65045166015625,expected_improvement,4,42810.01370239258
1362,ac040_00008,74,265.6644592285156,expected_improvement,4,42810.01370239258
1363,ac040_00008,75,263.158203125,expected_improvement,4,42810.01370239258
1364,ac040_00008,76,264.2314758300781,expected_improvement,4,42810.01370239258
1365,ac040_00008,77,265.63726806640625,expected_improvement,4,42810.01370239258
1366,ac040_00008,78,263.80938720703125,expected_improvement,4,42810.01370239258
1367,ac040_00008,79,263.6578063964844,expected_improvement,4,42810.01370239258
1368,ac040_00008,80,263.2051086425781,expected_improvement,4,42810.01370239258
1369,ac040_00008,81,263.7500915527344,expected_improvement,4,42810.01370239258
1370,ac040_00008,82,265.39593505859375,expected_improvement,4,42810.01370239258
1371,ac040_00008,83,265.5275573730469,expected_improvement,4,42810.01370239258
1372,ac040_00008,84,265.12139892578125,expected_improvement,4,42810.01370239258
1373,ac040_00008,85,265.16552734375,expected_improvement,4,42810.01370239258
1374,ac040_00008,86,265.3616638183594,expected_improvement,4,42810.01370239258
1375,ac040_00008,87,265.00140380859375,expected_improvement,4,42810.01370239258
1376,ac040_00008,88,265.380859375,expected_improvement,4,42810.01370239258
1377,ac040_00008,89,265.3096618652344,expected_improvement,4,42810.01370239258
1378,ac040_00008,90,265.1720275878906,expected_improvement,4,42810.01370239258
1379,ac040_00008,91,265.6945495605469,expected_improvement,4,42810.01370239258
1380,ac040_00008,92,266.15325927734375,expected_improvement,4,42810.01370239258
1381,ac040_00008,93,266.41314697265625,expected_improvement,4,42810.01370239258
1382,ac040_00008,94,266.4986877441406,expected_improvement,4,42810.01370239258
1383,ac040_00008,95,267.2303466796875,expected_improvement,4,42810.01370239258
1384,ac040_00008,96,266.36285400390625,expected_improvement,4,42810.01370239258
1385,ac040_00008,97,266.90472412109375,expected_improvement,4,42810.01370239258
1386,ac040_00008,98,266.9341735839844,expected_improvement,4,42810.01370239258
1387,ac040_00008,99,266.92669677734375,expected_improvement,4,42810.01370239258
1388,ac040_00008,100,267.94720458984375,expected_improvement,4,42810.01370239258
1389,ac040_00008,101,267.04815673828125,expected_improvement,4,42810.01370239258
1390,ac040_00008,102,267.2211608886719,expected_improvement,4,42810.01370239258
1391,ac040_00008,103,267.2511291503906,expected_improvement,4,42810.01370239258
1392,ac040_00008,104,268.00799560546875,expected_improvement,4,42810.01370239258
1393,ac040_00008,105,266.55682373046875,expected_improvement,4,42810.01370239258
1394,ac040_00008,106,267.9664001464844,expected_improvement,4,42810.01370239258
1395,ac040_00008,107,268.2347106933594,expected_improvement,4,42810.01370239258
1396,ac040_00008,108,268.11627197265625,expected_improvement,4,42810.01370239258
1397,ac040_00008,109,268.1864013671875,expected_improvement,4,42810.01370239258
1398,ac040_00008,110,268.71624755859375,expected_improvement,4,42810.01370239258
1399,ac040_00008,111,269.0319519042969,expected_improvement,4,42810.01370239258
1400,ac040_00008,112,269.4112243652344,expected_improvement,4,42810.01370239258
1401,ac040_00008,113,268.9169921875,expected_improvement,4,42810.01370239258
1402,ac040_00008,114,269.05316162109375,expected_improvement,4,42810.01370239258
1403,ac040_00008,115,269.25531005859375,expected_improvement,4,42810.01370239258
1404,ac040_00008,116,270.1206359863281,expected_improvement,4,42810.01370239258
1405,ac040_00008,117,268.5711975097656,expected_improvement,4,42810.01370239258
1406,ac040_00008,118,268.9289245605469,expected_improvement,4,42810.01370239258
1407,ac040_00008,119,268.60382080078125,expected_improvement,4,42810.01370239258
1408,ac040_00008,120,268.72564697265625,expected_improvement,4,42810.01370239258
1409,ac040_00008,121,269.34259033203125,expected_improvement,4,42810.01370239258
1410,ac040_00008,122,269.4258728027344,expected_improvement,4,42810.01370239258
1411,ac040_00008,123,269.162109375,expected_improvement,4,42810.01370239258
1412,ac040_00008,124,268.8446350097656,expected_improvement,4,42810.01370239258
1413,ac040_00008,125,268.21038818359375,expected_improvement,4,42810.01370239258
1414,ac040_00008,126,268.5383605957031,expected_improvement,4,42810.01370239258
1415,ac040_00008,127,268.6065368652344,expected_improvement,4,42810.01370239258
1416,ac040_00008,128,268.22406005859375,expected_improvement,4,42810.01370239258
1417,ac040_00008,129,269.97308349609375,expected_improvement,4,42810.01370239258
1418,ac040_00008,130,267.6822204589844,expected_improvement,4,42810.01370239258
1419,ac040_00008,131,268.9478454589844,expected_improvement,4,42810.01370239258
1420,ac040_00008,132,268.3017578125,expected_improvement,4,42810.01370239258
1421,ac040_00008,133,267.7281799316406,expected_improvement,4,42810.01370239258
1422,ac040_00008,134,267.9619445800781,expected_improvement,4,42810.01370239258
1423,ac040_00008,135,267.5220947265625,expected_improvement,4,42810.01370239258
1424,ac040_00008,136,267.3560485839844,expected_improvement,4,42810.01370239258
1425,ac040_00008,137,267.3504333496094,expected_improvement,4,42810.01370239258
1426,ac040_00008,138,267.2798767089844,expected_improvement,4,42810.01370239258
1427,ac040_00008,139,267.16180419921875,expected_improvement,4,42810.01370239258
1428,ac040_00008,140,264.4990539550781,expected_improvement,4,42810.01370239258
1429,ac040_00008,141,265.7657165527344,expected_improvement,4,42810.01370239258
1430,ac040_00008,142,265.31488037109375,expected_improvement,4,42810.01370239258
1431,ac040_00008,143,265.66607666015625,expected_improvement,4,42810.01370239258
1432,ac040_00008,144,266.1337890625,expected_improvement,4,42810.01370239258
1433,ac040_00008,145,265.6924743652344,expected_improvement,4,42810.01370239258
1434,ac040_00008,146,265.22271728515625,expected_improvement,4,42810.01370239258
1435,ac040_00008,147,265.14031982421875,expected_improvement,4,42810.01370239258
1436,ac040_00008,148,265.62933349609375,expected_improvement,4,42810.01370239258
1437,ac040_00008,149,266.843017578125,expected_improvement,4,42810.01370239258
1438,ac040_00008,150,266.06890869140625,expected_improvement,4,42810.01370239258
1439,ac040_00008,151,266.5047912597656,expected_improvement,4,42810.01370239258
1440,ac040_00008,152,266.52569580078125,expected_improvement,4,42810.01370239258
1441,ac040_00008,153,265.73101806640625,expected_improvement,4,42810.01370239258
1442,ac040_00008,154,265.50933837890625,expected_improvement,4,42810.01370239258
1443,ac040_00008,155,265.22979736328125,expected_improvement,4,42810.01370239258
1444,ac040_00008,156,265.1757507324219,expected_improvement,4,42810.01370239258
1445,ac040_00008,157,265.9600524902344,expected_improvement,4,42810.01370239258
1446,ac040_00008,158,265.4989318847656,expected_improvement,4,42810.01370239258
1447,ac040_00008,159,265.8189697265625,expected_improvement,4,42810.01370239258
1448,ac040_00008,160,265.07891845703125,expected_improvement,4,42810.01370239258
1449,ac040_00009,0,221.3030242919922,expected_improvement,5,34442.16458129883
1450,ac040_00009,1,217.6255645751953,expected_improvement,5,34442.16458129883
1451,ac040_00009,2,217.5611572265625,expected_improvement,5,34442.16458129883
1452,ac040_00009,3,218.6326141357422,expected_improvement,5,34442.16458129883
1453,ac040_00009,4,215.1454315185547,expected_improvement,5,34442.16458129883
1454,ac040_00009,5,213.166015625,expected_improvement,5,34442.16458129883
1455,ac040_00009,6,214.9536895751953,expected_improvement,5,34442.16458129883
1456,ac040_00009,7,214.40087890625,expected_improvement,5,34442.16458129883
1457,ac040_00009,8,214.4212188720703,expected_improvement,5,34442.16458129883
1458,ac040_00009,9,213.312744140625,expected_improvement,5,34442.16458129883
1459,ac040_00009,10,215.42269897460938,expected_improvement,5,34442.16458129883
1460,ac040_00009,11,213.69882202148438,expected_improvement,5,34442.16458129883
1461,ac040_00009,12,213.9684295654297,expected_improvement,5,34442.16458129883
1462,ac040_00009,13,213.6471710205078,expected_improvement,5,34442.16458129883
1463,ac040_00009,14,213.2034149169922,expected_improvement,5,34442.16458129883
1464,ac040_00009,15,214.74581909179688,expected_improvement,5,34442.16458129883
1465,ac040_00009,16,214.0314483642578,expected_improvement,5,34442.16458129883
1466,ac040_00009,17,211.9306640625,expected_improvement,5,34442.16458129883
1467,ac040_00009,18,212.3351593017578,expected_improvement,5,34442.16458129883
1468,ac040_00009,19,212.6901397705078,expected_improvement,5,34442.16458129883
1469,ac040_00009,20,213.2675323486328,expected_improvement,5,34442.16458129883
1470,ac040_00009,21,214.424072265625,expected_improvement,5,34442.16458129883
1471,ac040_00009,22,213.9169158935547,expected_improvement,5,34442.16458129883
1472,ac040_00009,23,214.95925903320312,expected_improvement,5,34442.16458129883
1473,ac040_00009,24,221.6841278076172,expected_improvement,5,34442.16458129883
1474,ac040_00009,25,220.5466766357422,expected_improvement,5,34442.16458129883
1475,ac040_00009,26,224.80313110351562,expected_improvement,5,34442.16458129883
1476,ac040_00009,27,221.81820678710938,expected_improvement,5,34442.16458129883
1477,ac040_00009,28,219.7021942138672,expected_improvement,5,34442.16458129883
1478,ac040_00009,29,216.414794921875,expected_improvement,5,34442.16458129883
1479,ac040_00009,30,216.5461883544922,expected_improvement,5,34442.16458129883
1480,ac040_00009,31,215.519287109375,expected_improvement,5,34442.16458129883
1481,ac040_00009,32,218.16580200195312,expected_improvement,5,34442.16458129883
1482,ac040_00009,33,217.3828125,expected_improvement,5,34442.16458129883
1483,ac040_00009,34,215.835205078125,expected_improvement,5,34442.16458129883
1484,ac040_00009,35,216.10107421875,expected_improvement,5,34442.16458129883
1485,ac040_00009,36,215.7751007080078,expected_improvement,5,34442.16458129883
1486,ac040_00009,37,215.95559692382812,expected_improvement,5,34442.16458129883
1487,ac040_00009,38,219.2140655517578,expected_improvement,5,34442.16458129883
1488,ac040_00009,39,221.48275756835938,expected_improvement,5,34442.16458129883
1489,ac040_00009,40,221.40390014648438,expected_improvement,5,34442.16458129883
1490,ac040_00009,41,218.55349731445312,expected_improvement,5,34442.16458129883
1491,ac040_00009,42,218.2068328857422,expected_improvement,5,34442.16458129883
1492,ac040_00009,43,217.1298370361328,expected_improvement,5,34442.16458129883
1493,ac040_00009,44,216.9402313232422,expected_improvement,5,34442.16458129883
1494,ac040_00009,45,217.3917999267578,expected_improvement,5,34442.16458129883
1495,ac040_00009,46,215.2500457763672,expected_improvement,5,34442.16458129883
1496,ac040_00009,47,215.1990203857422,expected_improvement,5,34442.16458129883
1497,ac040_00009,48,217.6207275390625,expected_improvement,5,34442.16458129883
1498,ac040_00009,49,217.7282257080078,expected_improvement,5,34442.16458129883
1499,ac040_00009,50,215.793212890625,expected_improvement,5,34442.16458129883
1500,ac040_00009,51,215.1537628173828,expected_improvement,5,34442.16458129883
1501,ac040_00009,52,216.548828125,expected_improvement,5,34442.16458129883
1502,ac040_00009,53,215.1157989501953,expected_improvement,5,34442.16458129883
1503,ac040_00009,54,215.67654418945312,expected_improvement,5,34442.16458129883
1504,ac040_00009,55,215.3319549560547,expected_improvement,5,34442.16458129883
1505,ac040_00009,56,215.51779174804688,expected_improvement,5,34442.16458129883
1506,ac040_00009,57,215.71463012695312,expected_improvement,5,34442.16458129883
1507,ac040_00009,58,214.2496337890625,expected_improvement,5,34442.16458129883
1508,ac040_00009,59,215.93154907226562,expected_improvement,5,34442.16458129883
1509,ac040_00009,60,214.77914428710938,expected_improvement,5,34442.16458129883
1510,ac040_00009,61,214.64157104492188,expected_improvement,5,34442.16458129883
1511,ac040_00009,62,215.71865844726562,expected_improvement,5,34442.16458129883
1512,ac040_00009,63,216.22183227539062,expected_improvement,5,34442.16458129883
1513,ac040_00009,64,215.7419891357422,expected_improvement,5,34442.16458129883
1514,ac040_00009,65,216.4627227783203,expected_improvement,5,34442.16458129883
1515,ac040_00009,66,214.7384796142578,expected_improvement,5,34442.16458129883
1516,ac040_00009,67,214.95693969726562,expected_improvement,5,34442.16458129883
1517,ac040_00009,68,215.9229278564453,expected_improvement,5,34442.16458129883
1518,ac040_00009,69,213.8065185546875,expected_improvement,5,34442.16458129883
1519,ac040_00009,70,215.5298309326172,expected_improvement,5,34442.16458129883
1520,ac040_00009,71,215.0825653076172,expected_improvement,5,34442.16458129883
1521,ac040_00009,72,214.9154815673828,expected_improvement,5,34442.16458129883
1522,ac040_00009,73,215.14828491210938,expected_improvement,5,34442.16458129883
1523,ac040_00009,74,215.7389373779297,expected_improvement,5,34442.16458129883
1524,ac040_00009,75,214.2223663330078,expected_improvement,5,34442.16458129883
1525,ac040_00009,76,214.10165405273438,expected_improvement,5,34442.16458129883
1526,ac040_00009,77,215.1944580078125,expected_improvement,5,34442.16458129883
1527,ac040_00009,78,215.44113159179688,expected_improvement,5,34442.16458129883
1528,ac040_00009,79,214.6929931640625,expected_improvement,5,34442.16458129883
1529,ac040_00009,80,216.06954956054688,expected_improvement,5,34442.16458129883
1530,ac040_00009,81,216.5587921142578,expected_improvement,5,34442.16458129883
1531,ac040_00009,82,216.1437530517578,expected_improvement,5,34442.16458129883
1532,ac040_00009,83,216.3060302734375,expected_improvement,5,34442.16458129883
1533,ac040_00009,84,216.0536651611328,expected_improvement,5,34442.16458129883
1534,ac040_00009,85,214.8206329345703,expected_improvement,5,34442.16458129883
1535,ac040_00009,86,216.7099151611328,expected_improvement,5,34442.16458129883
1536,ac040_00009,87,217.12686157226562,expected_improvement,5,34442.16458129883
1537,ac040_00009,88,217.4953155517578,expected_improvement,5,34442.16458129883
1538,ac040_00009,89,216.5048828125,expected_improvement,5,34442.16458129883
1539,ac040_00009,90,216.1795196533203,expected_improvement,5,34442.16458129883
1540,ac040_00009,91,215.59109497070312,expected_improvement,5,34442.16458129883
1541,ac040_00009,92,216.11105346679688,expected_improvement,5,34442.16458129883
1542,ac040_00009,93,215.33700561523438,expected_improvement,5,34442.16458129883
1543,ac040_00009,94,215.72915649414062,expected_improvement,5,34442.16458129883
1544,ac040_00009,95,214.92416381835938,expected_improvement,5,34442.16458129883
1545,ac040_00009,96,214.8621368408203,expected_improvement,5,34442.16458129883
1546,ac040_00009,97,216.1162109375,expected_improvement,5,34442.16458129883
1547,ac040_00009,98,216.6282501220703,expected_improvement,5,34442.16458129883
1548,ac040_00009,99,216.06387329101562,expected_improvement,5,34442.16458129883
1549,ac040_00009,100,215.29385375976562,expected_improvement,5,34442.16458129883
1550,ac040_00009,101,215.1323699951172,expected_improvement,5,34442.16458129883
1551,ac040_00009,102,215.15786743164062,expected_improvement,5,34442.16458129883
1552,ac040_00009,103,215.55636596679688,expected_improvement,5,34442.16458129883
1553,ac040_00009,104,215.4898681640625,expected_improvement,5,34442.16458129883
1554,ac040_00009,105,217.05050659179688,expected_improvement,5,34442.16458129883
1555,ac040_00009,106,215.8357391357422,expected_improvement,5,34442.16458129883
1556,ac040_00009,107,215.4988555908203,expected_improvement,5,34442.16458129883
1557,ac040_00009,108,215.44802856445312,expected_improvement,5,34442.16458129883
1558,ac040_00009,109,215.22744750976562,expected_improvement,5,34442.16458129883
1559,ac040_00009,110,215.08447265625,expected_improvement,5,34442.16458129883
1560,ac040_00009,111,214.7505340576172,expected_improvement,5,34442.16458129883
1561,ac040_00009,112,215.1887969970703,expected_improvement,5,34442.16458129883
1562,ac040_00009,113,214.64309692382812,expected_improvement,5,34442.16458129883
1563,ac040_00009,114,214.3951416015625,expected_improvement,5,34442.16458129883
1564,ac040_00009,115,214.7490997314453,expected_improvement,5,34442.16458129883
1565,ac040_00009,116,214.59817504882812,expected_improvement,5,34442.16458129883
1566,ac040_00009,117,214.60299682617188,expected_improvement,5,34442.16458129883
1567,ac040_00009,118,214.1305389404297,expected_improvement,5,34442.16458129883
1568,ac040_00009,119,214.3732147216797,expected_improvement,5,34442.16458129883
1569,ac040_00009,120,213.81582641601562,expected_improvement,5,34442.16458129883
1570,ac040_00009,121,213.54977416992188,expected_improvement,5,34442.16458129883
1571,ac040_00009,122,213.60794067382812,expected_improvement,5,34442.16458129883
1572,ac040_00009,123,213.8242950439453,expected_improvement,5,34442.16458129883
1573,ac040_00009,124,213.0708770751953,expected_improvement,5,34442.16458129883
1574,ac040_00009,125,213.634765625,expected_improvement,5,34442.16458129883
1575,ac040_00009,126,213.07156372070312,expected_improvement,5,34442.16458129883
1576,ac040_00009,127,213.5796356201172,expected_improvement,5,34442.16458129883
1577,ac040_00009,128,212.8794403076172,expected_improvement,5,34442.16458129883
1578,ac040_00009,129,212.931640625,expected_improvement,5,34442.16458129883
1579,ac040_00009,130,212.82058715820312,expected_improvement,5,34442.16458129883
1580,ac040_00009,131,212.90615844726562,expected_improvement,5,34442.16458129883
1581,ac040_00009,132,212.63284301757812,expected_improvement,5,34442.16458129883
1582,ac040_00009,133,213.4675750732422,expected_improvement,5,34442.16458129883
1583,ac040_00009,134,213.1012725830078,expected_improvement,5,34442.16458129883
1584,ac040_00009,135,212.44485473632812,expected_improvement,5,34442.16458129883
1585,ac040_00009,136,213.62472534179688,expected_improvement,5,34442.16458129883
1586,ac040_00009,137,214.1051788330078,expected_improvement,5,34442.16458129883
1587,ac040_00009,138,213.64309692382812,expected_improvement,5,34442.16458129883
1588,ac040_00009,139,213.68887329101562,expected_improvement,5,34442.16458129883
1589,ac040_00009,140,213.8591766357422,expected_improvement,5,34442.16458129883
1590,ac040_00009,141,213.6467742919922,expected_improvement,5,34442.16458129883
1591,ac040_00009,142,213.64157104492188,expected_improvement,5,34442.16458129883
1592,ac040_00009,143,213.5534210205078,expected_improvement,5,34442.16458129883
1593,ac040_00009,144,213.48422241210938,expected_improvement,5,34442.16458129883
1594,ac040_00009,145,213.71328735351562,expected_improvement,5,34442.16458129883
1595,ac040_00009,146,213.35867309570312,expected_improvement,5,34442.16458129883
1596,ac040_00009,147,213.8978729248047,expected_improvement,5,34442.16458129883
1597,ac040_00009,148,213.61923217773438,expected_improvement,5,34442.16458129883
1598,ac040_00009,149,213.08261108398438,expected_improvement,5,34442.16458129883
1599,ac040_00009,150,214.0166015625,expected_improvement,5,34442.16458129883
1600,ac040_00009,151,213.68862915039062,expected_improvement,5,34442.16458129883
1601,ac040_00009,152,213.23587036132812,expected_improvement,5,34442.16458129883
1602,ac040_00009,153,213.5745086669922,expected_improvement,5,34442.16458129883
1603,ac040_00009,154,213.6813201904297,expected_improvement,5,34442.16458129883
1604,ac040_00009,155,213.6275177001953,expected_improvement,5,34442.16458129883
1605,ac040_00009,156,213.54116821289062,expected_improvement,5,34442.16458129883
1606,ac040_00009,157,213.57052612304688,expected_improvement,5,34442.16458129883
1607,ac040_00009,158,213.4950408935547,expected_improvement,5,34442.16458129883
1608,ac040_00009,159,214.14926147460938,expected_improvement,5,34442.16458129883
1609,ac040_00009,160,214.42385864257812,expected_improvement,5,34442.16458129883
1610,ac040_00010,0,235.29611206054688,greedy,1,38424.527252197266
1611,ac040_00010,1,250.07260131835938,greedy,1,38424.527252197266
1612,ac040_00010,2,263.62353515625,greedy,1,38424.527252197266
1613,ac040_00010,3,248.13693237304688,greedy,1,38424.527252197266
1614,ac040_00010,4,247.0812225341797,greedy,1,38424.527252197266
1615,ac040_00010,5,251.93258666992188,greedy,1,38424.527252197266
1616,ac040_00010,6,248.28860473632812,greedy,1,38424.527252197266
1617,ac040_00010,7,241.3041229248047,greedy,1,38424.527252197266
1618,ac040_00010,8,248.4552001953125,greedy,1,38424.527252197266
1619,ac040_00010,9,247.0703887939453,greedy,1,38424.527252197266
1620,ac040_00010,10,239.54800415039062,greedy,1,38424.527252197266
1621,ac040_00010,11,252.04269409179688,greedy,1,38424.527252197266
1622,ac040_00010,12,252.29190063476562,greedy,1,38424.527252197266
1623,ac040_00010,13,249.81796264648438,greedy,1,38424.527252197266
1624,ac040_00010,14,249.1024932861328,greedy,1,38424.527252197266
1625,ac040_00010,15,247.17514038085938,greedy,1,38424.527252197266
1626,ac040_00010,16,242.06259155273438,greedy,1,38424.527252197266
1627,ac040_00010,17,240.1996307373047,greedy,1,38424.527252197266
1628,ac040_00010,18,241.79006958007812,greedy,1,38424.527252197266
1629,ac040_00010,19,236.4925994873047,greedy,1,38424.527252197266
1630,ac040_00010,20,235.63339233398438,greedy,1,38424.527252197266
1631,ac040_00010,21,233.93838500976562,greedy,1,38424.527252197266
1632,ac040_00010,22,234.98007202148438,greedy,1,38424.527252197266
1633,ac040_00010,23,230.3817138671875,greedy,1,38424.527252197266
1634,ac040_00010,24,229.85385131835938,greedy,1,38424.527252197266
1635,ac040_00010,25,230.24746704101562,greedy,1,38424.527252197266
1636,ac040_00010,26,229.2107696533203,greedy,1,38424.527252197266
1637,ac040_00010,27,230.7305450439453,greedy,1,38424.527252197266
1638,ac040_00010,28,227.87417602539062,greedy,1,38424.527252197266
1639,ac040_00010,29,228.4821014404297,greedy,1,38424.527252197266
1640,ac040_00010,30,228.22634887695312,greedy,1,38424.527252197266
1641,ac040_00010,31,228.96505737304688,greedy,1,38424.527252197266
1642,ac040_00010,32,232.2966766357422,greedy,1,38424.527252197266
1643,ac040_00010,33,234.9583740234375,greedy,1,38424.527252197266
1644,ac040_00010,34,235.52951049804688,greedy,1,38424.527252197266
1645,ac040_00010,35,234.2386474609375,greedy,1,38424.527252197266
1646,ac040_00010,36,233.9532928466797,greedy,1,38424.527252197266
1647,ac040_00010,37,230.8351287841797,greedy,1,38424.527252197266
1648,ac040_00010,38,235.4915008544922,greedy,1,38424.527252197266
1649,ac040_00010,39,232.1937255859375,greedy,1,38424.527252197266
1650,ac040_00010,40,231.31765747070312,greedy,1,38424.527252197266
1651,ac040_00010,41,232.2526397705078,greedy,1,38424.527252197266
1652,ac040_00010,42,231.8206024169922,greedy,1,38424.527252197266
1653,ac040_00010,43,231.91622924804688,greedy,1,38424.527252197266
1654,ac040_00010,44,234.05078125,greedy,1,38424.527252197266
1655,ac040_00010,45,243.9317626953125,greedy,1,38424.527252197266
1656,ac040_00010,46,251.22714233398438,greedy,1,38424.527252197266
1657,ac040_00010,47,255.868896484375,greedy,1,38424.527252197266
1658,ac040_00010,48,266.27655029296875,greedy,1,38424.527252197266
1659,ac040_00010,49,264.9749450683594,greedy,1,38424.527252197266
1660,ac040_00010,50,267.07177734375,greedy,1,38424.527252197266
1661,ac040_00010,51,264.99578857421875,greedy,1,38424.527252197266
1662,ac040_00010,52,262.55242919921875,greedy,1,38424.527252197266
1663,ac040_00010,53,260.21502685546875,greedy,1,38424.527252197266
1664,ac040_00010,54,257.53802490234375,greedy,1,38424.527252197266
1665,ac040_00010,55,255.7950439453125,greedy,1,38424.527252197266
1666,ac040_00010,56,252.240966796875,greedy,1,38424.527252197266
1667,ac040_00010,57,250.1415252685547,greedy,1,38424.527252197266
1668,ac040_00010,58,248.62841796875,greedy,1,38424.527252197266
1669,ac040_00010,59,246.99951171875,greedy,1,38424.527252197266
1670,ac040_00010,60,243.57772827148438,greedy,1,38424.527252197266
1671,ac040_00010,61,241.49380493164062,greedy,1,38424.527252197266
1672,ac040_00010,62,241.19949340820312,greedy,1,38424.527252197266
1673,ac040_00010,63,239.30313110351562,greedy,1,38424.527252197266
1674,ac040_00010,64,237.89877319335938,greedy,1,38424.527252197266
1675,ac040_00010,65,236.2338104248047,greedy,1,38424.527252197266
1676,ac040_00010,66,235.531005859375,greedy,1,38424.527252197266
1677,ac040_00010,67,234.4210662841797,greedy,1,38424.527252197266
1678,ac040_00010,68,235.0085906982422,greedy,1,38424.527252197266
1679,ac040_00010,69,233.4805908203125,greedy,1,38424.527252197266
1680,ac040_00010,70,234.15298461914062,greedy,1,38424.527252197266
1681,ac040_00010,71,237.2920684814453,greedy,1,38424.527252197266
1682,ac040_00010,72,235.98886108398438,greedy,1,38424.527252197266
1683,ac040_00010,73,238.13803100585938,greedy,1,38424.527252197266
1684,ac040_00010,74,240.4803009033203,greedy,1,38424.527252197266
1685,ac040_00010,75,243.9033203125,greedy,1,38424.527252197266
1686,ac040_00010,76,244.6999969482422,greedy,1,38424.527252197266
1687,ac040_00010,77,245.76608276367188,greedy,1,38424.527252197266
1688,ac040_00010,78,243.5294189453125,greedy,1,38424.527252197266
1689,ac040_00010,79,245.26242065429688,greedy,1,38424.527252197266
1690,ac040_00010,80,244.13925170898438,greedy,1,38424.527252197266
1691,ac040_00010,81,244.7986297607422,greedy,1,38424.527252197266
1692,ac040_00010,82,244.5628662109375,greedy,1,38424.527252197266
1693,ac040_00010,83,244.29855346679688,greedy,1,38424.527252197266
1694,ac040_00010,84,243.18911743164062,greedy,1,38424.527252197266
1695,ac040_00010,85,243.0198974609375,greedy,1,38424.527252197266
1696,ac040_00010,86,241.8542938232422,greedy,1,38424.527252197266
1697,ac040_00010,87,240.9198760986328,greedy,1,38424.527252197266
1698,ac040_00010,88,243.8858642578125,greedy,1,38424.527252197266
1699,ac040_00010,89,246.15103149414062,greedy,1,38424.527252197266
1700,ac040_00010,90,245.61453247070312,greedy,1,38424.527252197266
1701,ac040_00010,91,246.3254852294922,greedy,1,38424.527252197266
1702,ac040_00010,92,246.1996612548828,greedy,1,38424.527252197266
1703,ac040_00010,93,246.55038452148438,greedy,1,38424.527252197266
1704,ac040_00010,94,247.0337371826172,greedy,1,38424.527252197266
1705,ac040_00010,95,248.5892791748047,greedy,1,38424.527252197266
1706,ac040_00010,96,249.04818725585938,greedy,1,38424.527252197266
1707,ac040_00010,97,249.04885864257812,greedy,1,38424.527252197266
1708,ac040_00010,98,249.62985229492188,greedy,1,38424.527252197266
1709,ac040_00010,99,249.52734375,greedy,1,38424.527252197266
1710,ac040_00010,100,250.0139617919922,greedy,1,38424.527252197266
1711,ac040_00010,101,248.76162719726562,greedy,1,38424.527252197266
1712,ac040_00010,102,248.8723602294922,greedy,1,38424.527252197266
1713,ac040_00010,103,248.11312866210938,greedy,1,38424.527252197266
1714,ac040_00010,104,248.82876586914062,greedy,1,38424.527252197266
1715,ac040_00010,105,246.9393310546875,greedy,1,38424.527252197266
1716,ac040_00010,106,246.120361328125,greedy,1,38424.527252197266
1717,ac040_00010,107,245.89297485351562,greedy,1,38424.527252197266
1718,ac040_00010,108,245.8323516845703,greedy,1,38424.527252197266
1719,ac040_00010,109,244.93118286132812,greedy,1,38424.527252197266
1720,ac040_00010,110,244.34902954101562,greedy,1,38424.527252197266
1721,ac040_00010,111,243.4727020263672,greedy,1,38424.527252197266
1722,ac040_00010,112,242.7600555419922,greedy,1,38424.527252197266
1723,ac040_00010,113,243.09323120117188,greedy,1,38424.527252197266
1724,ac040_00010,114,241.45077514648438,greedy,1,38424.527252197266
1725,ac040_00010,115,240.9871826171875,greedy,1,38424.527252197266
1726,ac040_00010,116,240.1808624267578,greedy,1,38424.527252197266
1727,ac040_00010,117,240.2167510986328,greedy,1,38424.527252197266
1728,ac040_00010,118,239.34890747070312,greedy,1,38424.527252197266
1729,ac040_00010,119,238.28768920898438,greedy,1,38424.527252197266
1730,ac040_00010,120,238.13211059570312,greedy,1,38424.527252197266
1731,ac040_00010,121,237.71939086914062,greedy,1,38424.527252197266
1732,ac040_00010,122,236.71908569335938,greedy,1,38424.527252197266
1733,ac040_00010,123,236.6169891357422,greedy,1,38424.527252197266
1734,ac040_00010,124,236.80599975585938,greedy,1,38424.527252197266
1735,ac040_00010,125,236.5108184814453,greedy,1,38424.527252197266
1736,ac040_00010,126,235.05557250976562,greedy,1,38424.527252197266
1737,ac040_00010,127,234.57907104492188,greedy,1,38424.527252197266
1738,ac040_00010,128,234.618896484375,greedy,1,38424.527252197266
1739,ac040_00010,129,234.5227813720703,greedy,1,38424.527252197266
1740,ac040_00010,130,233.6849365234375,greedy,1,38424.527252197266
1741,ac040_00010,131,233.1020965576172,greedy,1,38424.527252197266
1742,ac040_00010,132,233.15469360351562,greedy,1,38424.527252197266
1743,ac040_00010,133,232.6147003173828,greedy,1,38424.527252197266
1744,ac040_00010,134,232.0055389404297,greedy,1,38424.527252197266
1745,ac040_00010,135,232.0771942138672,greedy,1,38424.527252197266
1746,ac040_00010,136,231.912841796875,greedy,1,38424.527252197266
1747,ac040_00010,137,231.34231567382812,greedy,1,38424.527252197266
1748,ac040_00010,138,231.0866241455078,greedy,1,38424.527252197266
1749,ac040_00010,139,230.4727325439453,greedy,1,38424.527252197266
1750,ac040_00010,140,230.2611083984375,greedy,1,38424.527252197266
1751,ac040_00010,141,230.38656616210938,greedy,1,38424.527252197266
1752,ac040_00010,142,230.0892791748047,greedy,1,38424.527252197266
1753,ac040_00010,143,229.931396484375,greedy,1,38424.527252197266
1754,ac040_00010,144,229.7310028076172,greedy,1,38424.527252197266
1755,ac040_00010,145,229.3492889404297,greedy,1,38424.527252197266
1756,ac040_00010,146,229.0394287109375,greedy,1,38424.527252197266
1757,ac040_00010,147,228.9347686767578,greedy,1,38424.527252197266
1758,ac040_00010,148,228.74612426757812,greedy,1,38424.527252197266
1759,ac040_00010,149,228.89669799804688,greedy,1,38424.527252197266
1760,ac040_00010,150,228.39254760742188,greedy,1,38424.527252197266
1761,ac040_00010,151,228.70443725585938,greedy,1,38424.527252197266
1762,ac040_00010,152,228.57571411132812,greedy,1,38424.527252197266
1763,ac040_00010,153,228.0398712158203,greedy,1,38424.527252197266
1764,ac040_00010,154,227.7745361328125,greedy,1,38424.527252197266
1765,ac040_00010,155,228.0047149658203,greedy,1,38424.527252197266
1766,ac040_00010,156,227.62326049804688,greedy,1,38424.527252197266
1767,ac040_00010,157,228.18212890625,greedy,1,38424.527252197266
1768,ac040_00010,158,227.82943725585938,greedy,1,38424.527252197266
1769,ac040_00010,159,227.4232177734375,greedy,1,38424.527252197266
1770,ac040_00010,160,227.4061737060547,greedy,1,38424.527252197266
1771,ac040_00011,0,243.152099609375,greedy,2,36824.6701965332
1772,ac040_00011,1,244.20449829101562,greedy,2,36824.6701965332
1773,ac040_00011,2,242.0097198486328,greedy,2,36824.6701965332
1774,ac040_00011,3,237.3353729248047,greedy,2,36824.6701965332
1775,ac040_00011,4,236.99093627929688,greedy,2,36824.6701965332
1776,ac040_00011,5,238.1073760986328,greedy,2,36824.6701965332
1777,ac040_00011,6,239.73214721679688,greedy,2,36824.6701965332
1778,ac040_00011,7,233.43319702148438,greedy,2,36824.6701965332
1779,ac040_00011,8,234.4564971923828,greedy,2,36824.6701965332
1780,ac040_00011,9,231.16500854492188,greedy,2,36824.6701965332
1781,ac040_00011,10,231.8910675048828,greedy,2,36824.6701965332
1782,ac040_00011,11,230.65493774414062,greedy,2,36824.6701965332
1783,ac040_00011,12,230.8010711669922,greedy,2,36824.6701965332
1784,ac040_00011,13,229.9232635498047,greedy,2,36824.6701965332
1785,ac040_00011,14,230.5377655029297,greedy,2,36824.6701965332
1786,ac040_00011,15,230.2544708251953,greedy,2,36824.6701965332
1787,ac040_00011,16,229.6543731689453,greedy,2,36824.6701965332
1788,ac040_00011,17,229.2353515625,greedy,2,36824.6701965332
1789,ac040_00011,18,229.10171508789062,greedy,2,36824.6701965332
1790,ac040_00011,19,228.988037109375,greedy,2,36824.6701965332
1791,ac040_00011,20,229.41879272460938,greedy,2,36824.6701965332
1792,ac040_00011,21,230.00723266601562,greedy,2,36824.6701965332
1793,ac040_00011,22,230.8876190185547,greedy,2,36824.6701965332
1794,ac040_00011,23,230.44296264648438,greedy,2,36824.6701965332
1795,ac040_00011,24,230.40841674804688,greedy,2,36824.6701965332
1796,ac040_00011,25,231.64682006835938,greedy,2,36824.6701965332
1797,ac040_00011,26,231.649658203125,greedy,2,36824.6701965332
1798,ac040_00011,27,231.7402801513672,greedy,2,36824.6701965332
1799,ac040_00011,28,221.3469696044922,greedy,2,36824.6701965332
1800,ac040_00011,29,216.6991424560547,greedy,2,36824.6701965332
1801,ac040_00011,30,214.3092041015625,greedy,2,36824.6701965332
1802,ac040_00011,31,215.25070190429688,greedy,2,36824.6701965332
1803,ac040_00011,32,215.70687866210938,greedy,2,36824.6701965332
1804,ac040_00011,33,216.12515258789062,greedy,2,36824.6701965332
1805,ac040_00011,34,214.112060546875,greedy,2,36824.6701965332
1806,ac040_00011,35,214.07553100585938,greedy,2,36824.6701965332
1807,ac040_00011,36,214.4940948486328,greedy,2,36824.6701965332
1808,ac040_00011,37,215.6834716796875,greedy,2,36824.6701965332
1809,ac040_00011,38,214.27664184570312,greedy,2,36824.6701965332
1810,ac040_00011,39,214.9368896484375,greedy,2,36824.6701965332
1811,ac040_00011,40,216.0269317626953,greedy,2,36824.6701965332
1812,ac040_00011,41,214.1234130859375,greedy,2,36824.6701965332
1813,ac040_00011,42,214.4736328125,greedy,2,36824.6701965332
1814,ac040_00011,43,215.2790069580078,greedy,2,36824.6701965332
1815,ac040_00011,44,216.0936737060547,greedy,2,36824.6701965332
1816,ac040_00011,45,215.2965850830078,greedy,2,36824.6701965332
1817,ac040_00011,46,214.77322387695312,greedy,2,36824.6701965332
1818,ac040_00011,47,217.15988159179688,greedy,2,36824.6701965332
1819,ac040_00011,48,216.2628631591797,greedy,2,36824.6701965332
1820,ac040_00011,49,214.75125122070312,greedy,2,36824.6701965332
1821,ac040_00011,50,215.51486206054688,greedy,2,36824.6701965332
1822,ac040_00011,51,231.14907836914062,greedy,2,36824.6701965332
1823,ac040_00011,52,244.225341796875,greedy,2,36824.6701965332
1824,ac040_00011,53,250.1904296875,greedy,2,36824.6701965332
1825,ac040_00011,54,252.67578125,greedy,2,36824.6701965332
1826,ac040_00011,55,266.18743896484375,greedy,2,36824.6701965332
1827,ac040_00011,56,274.8466491699219,greedy,2,36824.6701965332
1828,ac040_00011,57,269.74578857421875,greedy,2,36824.6701965332
1829,ac040_00011,58,276.8381652832031,greedy,2,36824.6701965332
1830,ac040_00011,59,270.0858154296875,greedy,2,36824.6701965332
1831,ac040_00011,60,267.232177734375,greedy,2,36824.6701965332
1832,ac040_00011,61,260.52447509765625,greedy,2,36824.6701965332
1833,ac040_00011,62,271.16253662109375,greedy,2,36824.6701965332
1834,ac040_00011,63,263.2270202636719,greedy,2,36824.6701965332
1835,ac040_00011,64,264.8362121582031,greedy,2,36824.6701965332
1836,ac040_00011,65,264.9612731933594,greedy,2,36824.6701965332
1837,ac040_00011,66,257.8912048339844,greedy,2,36824.6701965332
1838,ac040_00011,67,253.66470336914062,greedy,2,36824.6701965332
1839,ac040_00011,68,250.18798828125,greedy,2,36824.6701965332
1840,ac040_00011,69,245.94091796875,greedy,2,36824.6701965332
1841,ac040_00011,70,243.25424194335938,greedy,2,36824.6701965332
1842,ac040_00011,71,239.3441162109375,greedy,2,36824.6701965332
1843,ac040_00011,72,236.738037109375,greedy,2,36824.6701965332
1844,ac040_00011,73,233.732177734375,greedy,2,36824.6701965332
1845,ac040_00011,74,231.4204864501953,greedy,2,36824.6701965332
1846,ac040_00011,75,229.43130493164062,greedy,2,36824.6701965332
1847,ac040_00011,76,230.86984252929688,greedy,2,36824.6701965332
1848,ac040_00011,77,224.6949462890625,greedy,2,36824.6701965332
1849,ac040_00011,78,224.65579223632812,greedy,2,36824.6701965332
1850,ac040_00011,79,222.48538208007812,greedy,2,36824.6701965332
1851,ac040_00011,80,224.17880249023438,greedy,2,36824.6701965332
1852,ac040_00011,81,225.8077392578125,greedy,2,36824.6701965332
1853,ac040_00011,82,226.2567901611328,greedy,2,36824.6701965332
1854,ac040_00011,83,226.15310668945312,greedy,2,36824.6701965332
1855,ac040_00011,84,226.4907989501953,greedy,2,36824.6701965332
1856,ac040_00011,85,227.60498046875,greedy,2,36824.6701965332
1857,ac040_00011,86,227.2064971923828,greedy,2,36824.6701965332
1858,ac040_00011,87,230.0042724609375,greedy,2,36824.6701965332
1859,ac040_00011,88,229.54110717773438,greedy,2,36824.6701965332
1860,ac040_00011,89,230.73287963867188,greedy,2,36824.6701965332
1861,ac040_00011,90,232.0742950439453,greedy,2,36824.6701965332
1862,ac040_00011,91,232.6445770263672,greedy,2,36824.6701965332
1863,ac040_00011,92,231.7266845703125,greedy,2,36824.6701965332
1864,ac040_00011,93,233.52114868164062,greedy,2,36824.6701965332
1865,ac040_00011,94,235.6144561767578,greedy,2,36824.6701965332
1866,ac040_00011,95,235.4646453857422,greedy,2,36824.6701965332
1867,ac040_00011,96,235.82107543945312,greedy,2,36824.6701965332
1868,ac040_00011,97,236.63888549804688,greedy,2,36824.6701965332
1869,ac040_00011,98,236.66891479492188,greedy,2,36824.6701965332
1870,ac040_00011,99,238.4599151611328,greedy,2,36824.6701965332
1871,ac040_00011,100,236.2256317138672,greedy,2,36824.6701965332
1872,ac040_00011,101,236.53732299804688,greedy,2,36824.6701965332
1873,ac040_00011,102,235.85433959960938,greedy,2,36824.6701965332
1874,ac040_00011,103,237.5301971435547,greedy,2,36824.6701965332
1875,ac040_00011,104,236.8083953857422,greedy,2,36824.6701965332
1876,ac040_00011,105,238.09652709960938,greedy,2,36824.6701965332
1877,ac040_00011,106,234.598876953125,greedy,2,36824.6701965332
1878,ac040_00011,107,233.9286651611328,greedy,2,36824.6701965332
1879,ac040_00011,108,233.80966186523438,greedy,2,36824.6701965332
1880,ac040_00011,109,233.79275512695312,greedy,2,36824.6701965332
1881,ac040_00011,110,232.57217407226562,greedy,2,36824.6701965332
1882,ac040_00011,111,231.9720001220703,greedy,2,36824.6701965332
1883,ac040_00011,112,230.9910888671875,greedy,2,36824.6701965332
1884,ac040_00011,113,231.4190216064453,greedy,2,36824.6701965332
1885,ac040_00011,114,230.6405029296875,greedy,2,36824.6701965332
1886,ac040_00011,115,229.3175048828125,greedy,2,36824.6701965332
1887,ac040_00011,116,229.8607177734375,greedy,2,36824.6701965332
1888,ac040_00011,117,228.8856964111328,greedy,2,36824.6701965332
1889,ac040_00011,118,228.31454467773438,greedy,2,36824.6701965332
1890,ac040_00011,119,226.953125,greedy,2,36824.6701965332
1891,ac040_00011,120,226.8062286376953,greedy,2,36824.6701965332
1892,ac040_00011,121,226.0032958984375,greedy,2,36824.6701965332
1893,ac040_00011,122,225.96914672851562,greedy,2,36824.6701965332
1894,ac040_00011,123,225.50057983398438,greedy,2,36824.6701965332
1895,ac040_00011,124,224.5952911376953,greedy,2,36824.6701965332
1896,ac040_00011,125,224.4168701171875,greedy,2,36824.6701965332
1897,ac040_00011,126,224.21939086914062,greedy,2,36824.6701965332
1898,ac040_00011,127,223.40701293945312,greedy,2,36824.6701965332
1899,ac040_00011,128,223.6486358642578,greedy,2,36824.6701965332
1900,ac040_00011,129,222.62063598632812,greedy,2,36824.6701965332
1901,ac040_00011,130,222.01498413085938,greedy,2,36824.6701965332
1902,ac040_00011,131,222.03427124023438,greedy,2,36824.6701965332
1903,ac040_00011,132,222.0972137451172,greedy,2,36824.6701965332
1904,ac040_00011,133,221.1371612548828,greedy,2,36824.6701965332
1905,ac040_00011,134,221.6579132080078,greedy,2,36824.6701965332
1906,ac040_00011,135,220.9498748779297,greedy,2,36824.6701965332
1907,ac040_00011,136,220.64053344726562,greedy,2,36824.6701965332
1908,ac040_00011,137,220.0099639892578,greedy,2,36824.6701965332
1909,ac040_00011,138,220.003173828125,greedy,2,36824.6701965332
1910,ac040_00011,139,219.6339569091797,greedy,2,36824.6701965332
1911,ac040_00011,140,219.8330078125,greedy,2,36824.6701965332
1912,ac040_00011,141,219.1258087158203,greedy,2,36824.6701965332
1913,ac040_00011,142,218.78933715820312,greedy,2,36824.6701965332
1914,ac040_00011,143,218.8959503173828,greedy,2,36824.6701965332
1915,ac040_00011,144,218.5816192626953,greedy,2,36824.6701965332
1916,ac040_00011,145,218.626220703125,greedy,2,36824.6701965332
1917,ac040_00011,146,218.5453338623047,greedy,2,36824.6701965332
1918,ac040_00011,147,218.29159545898438,greedy,2,36824.6701965332
1919,ac040_00011,148,218.2444610595703,greedy,2,36824.6701965332
1920,ac040_00011,149,217.78695678710938,greedy,2,36824.6701965332
1921,ac040_00011,150,217.8275604248047,greedy,2,36824.6701965332
1922,ac040_00011,151,218.82666015625,greedy,2,36824.6701965332
1923,ac040_00011,152,217.3262481689453,greedy,2,36824.6701965332
1924,ac040_00011,153,217.7261505126953,greedy,2,36824.6701965332
1925,ac040_00011,154,217.27920532226562,greedy,2,36824.6701965332
1926,ac040_00011,155,217.69873046875,greedy,2,36824.6701965332
1927,ac040_00011,156,217.19906616210938,greedy,2,36824.6701965332
1928,ac040_00011,157,217.33468627929688,greedy,2,36824.6701965332
1929,ac040_00011,158,217.4281005859375,greedy,2,36824.6701965332
1930,ac040_00011,159,217.56802368164062,greedy,2,36824.6701965332
1931,ac040_00011,160,216.84609985351562,greedy,2,36824.6701965332
1932,ac040_00012,0,302.2976989746094,greedy,3,46753.24353027344
1933,ac040_00012,1,304.380615234375,greedy,3,46753.24353027344
1934,ac040_00012,2,301.80078125,greedy,3,46753.24353027344
1935,ac040_00012,3,301.19964599609375,greedy,3,46753.24353027344
1936,ac040_00012,4,299.2912292480469,greedy,3,46753.24353027344
1937,ac040_00012,5,299.9013671875,greedy,3,46753.24353027344
1938,ac040_00012,6,298.81890869140625,greedy,3,46753.24353027344
1939,ac040_00012,7,298.1343688964844,greedy,3,46753.24353027344
1940,ac040_00012,8,299.0720520019531,greedy,3,46753.24353027344
1941,ac040_00012,9,300.4636535644531,greedy,3,46753.24353027344
1942,ac040_00012,10,296.8133850097656,greedy,3,46753.24353027344
1943,ac040_00012,11,297.41729736328125,greedy,3,46753.24353027344
1944,ac040_00012,12,297.7534484863281,greedy,3,46753.24353027344
1945,ac040_00012,13,299.2381896972656,greedy,3,46753.24353027344
1946,ac040_00012,14,301.30621337890625,greedy,3,46753.24353027344
1947,ac040_00012,15,301.8721923828125,greedy,3,46753.24353027344
1948,ac040_00012,16,303.6309509277344,greedy,3,46753.24353027344
1949,ac040_00012,17,301.45794677734375,greedy,3,46753.24353027344
1950,ac040_00012,18,300.90234375,greedy,3,46753.24353027344
1951,ac040_00012,19,302.0367736816406,greedy,3,46753.24353027344
1952,ac040_00012,20,302.291748046875,greedy,3,46753.24353027344
1953,ac040_00012,21,302.3409423828125,greedy,3,46753.24353027344
1954,ac040_00012,22,305.9990539550781,greedy,3,46753.24353027344
1955,ac040_00012,23,305.33660888671875,greedy,3,46753.24353027344
1956,ac040_00012,24,306.1876525878906,greedy,3,46753.24353027344
1957,ac040_00012,25,301.71966552734375,greedy,3,46753.24353027344
1958,ac040_00012,26,295.35699462890625,greedy,3,46753.24353027344
1959,ac040_00012,27,294.87078857421875,greedy,3,46753.24353027344
1960,ac040_00012,28,295.36639404296875,greedy,3,46753.24353027344
1961,ac040_00012,29,300.7192077636719,greedy,3,46753.24353027344
1962,ac040_00012,30,306.88104248046875,greedy,3,46753.24353027344
1963,ac040_00012,31,312.4911804199219,greedy,3,46753.24353027344
1964,ac040_00012,32,317.8756408691406,greedy,3,46753.24353027344
1965,ac040_00012,33,317.6290588378906,greedy,3,46753.24353027344
1966,ac040_00012,34,313.34417724609375,greedy,3,46753.24353027344
1967,ac040_00012,35,311.0137634277344,greedy,3,46753.24353027344
1968,ac040_00012,36,307.48138427734375,greedy,3,46753.24353027344
1969,ac040_00012,37,306.36444091796875,greedy,3,46753.24353027344
1970,ac040_00012,38,304.07440185546875,greedy,3,46753.24353027344
1971,ac040_00012,39,303.5983581542969,greedy,3,46753.24353027344
1972,ac040_00012,40,302.2164611816406,greedy,3,46753.24353027344
1973,ac040_00012,41,299.9934997558594,greedy,3,46753.24353027344
1974,ac040_00012,42,297.5606384277344,greedy,3,46753.24353027344
1975,ac040_00012,43,296.7235107421875,greedy,3,46753.24353027344
1976,ac040_00012,44,295.7096862792969,greedy,3,46753.24353027344
1977,ac040_00012,45,295.02777099609375,greedy,3,46753.24353027344
1978,ac040_00012,46,293.75836181640625,greedy,3,46753.24353027344
1979,ac040_00012,47,294.21356201171875,greedy,3,46753.24353027344
1980,ac040_00012,48,294.30035400390625,greedy,3,46753.24353027344
1981,ac040_00012,49,293.38433837890625,greedy,3,46753.24353027344
1982,ac040_00012,50,293.744873046875,greedy,3,46753.24353027344
1983,ac040_00012,51,293.013916015625,greedy,3,46753.24353027344
1984,ac040_00012,52,290.97802734375,greedy,3,46753.24353027344
1985,ac040_00012,53,291.1884765625,greedy,3,46753.24353027344
1986,ac040_00012,54,289.09381103515625,greedy,3,46753.24353027344
1987,ac040_00012,55,287.3856506347656,greedy,3,46753.24353027344
1988,ac040_00012,56,285.451904296875,greedy,3,46753.24353027344
1989,ac040_00012,57,284.33648681640625,greedy,3,46753.24353027344
1990,ac040_00012,58,286.95477294921875,greedy,3,46753.24353027344
1991,ac040_00012,59,285.24072265625,greedy,3,46753.24353027344
1992,ac040_00012,60,286.20281982421875,greedy,3,46753.24353027344
1993,ac040_00012,61,285.65008544921875,greedy,3,46753.24353027344
1994,ac040_00012,62,284.65704345703125,greedy,3,46753.24353027344
1995,ac040_00012,63,285.1968688964844,greedy,3,46753.24353027344
1996,ac040_00012,64,285.41461181640625,greedy,3,46753.24353027344
1997,ac040_00012,65,285.7945861816406,greedy,3,46753.24353027344
1998,ac040_00012,66,286.2423095703125,greedy,3,46753.24353027344
1999,ac040_00012,67,285.095458984375,greedy,3,46753.24353027344
2000,ac040_00012,68,286.7635803222656,greedy,3,46753.24353027344
2001,ac040_00012,69,285.206298828125,greedy,3,46753.24353027344
2002,ac040_00012,70,285.9524841308594,greedy,3,46753.24353027344
2003,ac040_00012,71,285.37786865234375,greedy,3,46753.24353027344
2004,ac040_00012,72,285.0684509277344,greedy,3,46753.24353027344
2005,ac040_00012,73,285.13275146484375,greedy,3,46753.24353027344
2006,ac040_00012,74,285.4140319824219,greedy,3,46753.24353027344
2007,ac040_00012,75,286.12310791015625,greedy,3,46753.24353027344
2008,ac040_00012,76,285.01318359375,greedy,3,46753.24353027344
2009,ac040_00012,77,285.42755126953125,greedy,3,46753.24353027344
2010,ac040_00012,78,286.47503662109375,greedy,3,46753.24353027344
2011,ac040_00012,79,285.5201721191406,greedy,3,46753.24353027344
2012,ac040_00012,80,285.28131103515625,greedy,3,46753.24353027344
2013,ac040_00012,81,285.40008544921875,greedy,3,46753.24353027344
2014,ac040_00012,82,286.0989685058594,greedy,3,46753.24353027344
2015,ac040_00012,83,285.69287109375,greedy,3,46753.24353027344
2016,ac040_00012,84,286.237548828125,greedy,3,46753.24353027344
2017,ac040_00012,85,285.9453125,greedy,3,46753.24353027344
2018,ac040_00012,86,285.36737060546875,greedy,3,46753.24353027344
2019,ac040_00012,87,285.4078369140625,greedy,3,46753.24353027344
2020,ac040_00012,88,285.66259765625,greedy,3,46753.24353027344
2021,ac040_00012,89,285.1343688964844,greedy,3,46753.24353027344
2022,ac040_00012,90,285.5295715332031,greedy,3,46753.24353027344
2023,ac040_00012,91,285.77545166015625,greedy,3,46753.24353027344
2024,ac040_00012,92,286.10113525390625,greedy,3,46753.24353027344
2025,ac040_00012,93,285.8880920410156,greedy,3,46753.24353027344
2026,ac040_00012,94,286.18267822265625,greedy,3,46753.24353027344
2027,ac040_00012,95,286.15814208984375,greedy,3,46753.24353027344
2028,ac040_00012,96,286.0463562011719,greedy,3,46753.24353027344
2029,ac040_00012,97,285.7861328125,greedy,3,46753.24353027344
2030,ac040_00012,98,286.48712158203125,greedy,3,46753.24353027344
2031,ac040_00012,99,285.8514099121094,greedy,3,46753.24353027344
2032,ac040_00012,100,286.09124755859375,greedy,3,46753.24353027344
2033,ac040_00012,101,286.76763916015625,greedy,3,46753.24353027344
2034,ac040_00012,102,285.9339599609375,greedy,3,46753.24353027344
2035,ac040_00012,103,286.6715087890625,greedy,3,46753.24353027344
2036,ac040_00012,104,286.0361328125,greedy,3,46753.24353027344
2037,ac040_00012,105,286.6533508300781,greedy,3,46753.24353027344
2038,ac040_00012,106,287.07513427734375,greedy,3,46753.24353027344
2039,ac040_00012,107,287.3682556152344,greedy,3,46753.24353027344
2040,ac040_00012,108,287.42816162109375,greedy,3,46753.24353027344
2041,ac040_00012,109,286.7831726074219,greedy,3,46753.24353027344
2042,ac040_00012,110,287.29144287109375,greedy,3,46753.24353027344
2043,ac040_00012,111,287.82421875,greedy,3,46753.24353027344
2044,ac040_00012,112,288.558349609375,greedy,3,46753.24353027344
2045,ac040_00012,113,287.43096923828125,greedy,3,46753.24353027344
2046,ac040_00012,114,287.7894287109375,greedy,3,46753.24353027344
2047,ac040_00012,115,288.1319885253906,greedy,3,46753.24353027344
2048,ac040_00012,116,288.4239196777344,greedy,3,46753.24353027344
2049,ac040_00012,117,288.4955749511719,greedy,3,46753.24353027344
2050,ac040_00012,118,288.8044128417969,greedy,3,46753.24353027344
2051,ac040_00012,119,289.45428466796875,greedy,3,46753.24353027344
2052,ac040_00012,120,289.01153564453125,greedy,3,46753.24353027344
2053,ac040_00012,121,289.30364990234375,greedy,3,46753.24353027344
2054,ac040_00012,122,289.572998046875,greedy,3,46753.24353027344
2055,ac040_00012,123,291.25897216796875,greedy,3,46753.24353027344
2056,ac040_00012,124,290.7847595214844,greedy,3,46753.24353027344
2057,ac040_00012,125,291.05377197265625,greedy,3,46753.24353027344
2058,ac040_00012,126,290.5401916503906,greedy,3,46753.24353027344
2059,ac040_00012,127,291.5979919433594,greedy,3,46753.24353027344
2060,ac040_00012,128,291.49053955078125,greedy,3,46753.24353027344
2061,ac040_00012,129,292.0009765625,greedy,3,46753.24353027344
2062,ac040_00012,130,292.0899658203125,greedy,3,46753.24353027344
2063,ac040_00012,131,292.35784912109375,greedy,3,46753.24353027344
2064,ac040_00012,132,292.58013916015625,greedy,3,46753.24353027344
2065,ac040_00012,133,292.9678039550781,greedy,3,46753.24353027344
2066,ac040_00012,134,293.72412109375,greedy,3,46753.24353027344
2067,ac040_00012,135,293.55419921875,greedy,3,46753.24353027344
2068,ac040_00012,136,293.84234619140625,greedy,3,46753.24353027344
2069,ac040_00012,137,293.977294921875,greedy,3,46753.24353027344
2070,ac040_00012,138,291.17059326171875,greedy,3,46753.24353027344
2071,ac040_00012,139,289.06854248046875,greedy,3,46753.24353027344
2072,ac040_00012,140,287.77569580078125,greedy,3,46753.24353027344
2073,ac040_00012,141,286.8516540527344,greedy,3,46753.24353027344
2074,ac040_00012,142,286.54144287109375,greedy,3,46753.24353027344
2075,ac040_00012,143,287.1241455078125,greedy,3,46753.24353027344
2076,ac040_00012,144,287.7989501953125,greedy,3,46753.24353027344
2077,ac040_00012,145,288.02044677734375,greedy,3,46753.24353027344
2078,ac040_00012,146,287.47088623046875,greedy,3,46753.24353027344
2079,ac040_00012,147,287.9169921875,greedy,3,46753.24353027344
2080,ac040_00012,148,288.2535705566406,greedy,3,46753.24353027344
2081,ac040_00012,149,288.6576232910156,greedy,3,46753.24353027344
2082,ac040_00012,150,288.85986328125,greedy,3,46753.24353027344
2083,ac040_00012,151,289.0459289550781,greedy,3,46753.24353027344
2084,ac040_00012,152,289.1264953613281,greedy,3,46753.24353027344
2085,ac040_00012,153,290.0127868652344,greedy,3,46753.24353027344
2086,ac040_00012,154,289.92962646484375,greedy,3,46753.24353027344
2087,ac040_00012,155,290.8157043457031,greedy,3,46753.24353027344
2088,ac040_00012,156,290.6882629394531,greedy,3,46753.24353027344
2089,ac040_00012,157,291.46990966796875,greedy,3,46753.24353027344
2090,ac040_00012,158,291.9632263183594,greedy,3,46753.24353027344
2091,ac040_00012,159,292.07440185546875,greedy,3,46753.24353027344
2092,ac040_00012,160,292.52520751953125,greedy,3,46753.24353027344
2093,ac040_00013,0,285.5582580566406,greedy,4,43467.430419921875
2094,ac040_00013,1,342.5445556640625,greedy,4,43467.430419921875
2095,ac040_00013,2,312.4815673828125,greedy,4,43467.430419921875
2096,ac040_00013,3,302.1597595214844,greedy,4,43467.430419921875
2097,ac040_00013,4,291.0668029785156,greedy,4,43467.430419921875
2098,ac040_00013,5,311.35052490234375,greedy,4,43467.430419921875
2099,ac040_00013,6,320.35650634765625,greedy,4,43467.430419921875
2100,ac040_00013,7,321.80633544921875,greedy,4,43467.430419921875
2101,ac040_00013,8,311.24127197265625,greedy,4,43467.430419921875
2102,ac040_00013,9,307.41851806640625,greedy,4,43467.430419921875
2103,ac040_00013,10,296.131103515625,greedy,4,43467.430419921875
2104,ac040_00013,11,298.49957275390625,greedy,4,43467.430419921875
2105,ac040_00013,12,300.81866455078125,greedy,4,43467.430419921875
2106,ac040_00013,13,296.0760192871094,greedy,4,43467.430419921875
2107,ac040_00013,14,293.9644775390625,greedy,4,43467.430419921875
2108,ac040_00013,15,290.79400634765625,greedy,4,43467.430419921875
2109,ac040_00013,16,289.004150390625,greedy,4,43467.430419921875
2110,ac040_00013,17,284.0159606933594,greedy,4,43467.430419921875
2111,ac040_00013,18,281.6755065917969,greedy,4,43467.430419921875
2112,ac040_00013,19,280.21435546875,greedy,4,43467.430419921875
2113,ac040_00013,20,278.5491638183594,greedy,4,43467.430419921875
2114,ac040_00013,21,277.912109375,greedy,4,43467.430419921875
2115,ac040_00013,22,274.6695251464844,greedy,4,43467.430419921875
2116,ac040_00013,23,273.57037353515625,greedy,4,43467.430419921875
2117,ac040_00013,24,272.3957214355469,greedy,4,43467.430419921875
2118,ac040_00013,25,274.22698974609375,greedy,4,43467.430419921875
2119,ac040_00013,26,273.77056884765625,greedy,4,43467.430419921875
2120,ac040_00013,27,271.1963806152344,greedy,4,43467.430419921875
2121,ac040_00013,28,268.48468017578125,greedy,4,43467.430419921875
2122,ac040_00013,29,269.0664978027344,greedy,4,43467.430419921875
2123,ac040_00013,30,272.04620361328125,greedy,4,43467.430419921875
2124,ac040_00013,31,268.0673828125,greedy,4,43467.430419921875
2125,ac040_00013,32,268.4082336425781,greedy,4,43467.430419921875
2126,ac040_00013,33,265.7872619628906,greedy,4,43467.430419921875
2127,ac040_00013,34,269.0782165527344,greedy,4,43467.430419921875
2128,ac040_00013,35,267.3755187988281,greedy,4,43467.430419921875
2129,ac040_00013,36,263.27301025390625,greedy,4,43467.430419921875
2130,ac040_00013,37,268.0393981933594,greedy,4,43467.430419921875
2131,ac040_00013,38,262.4623107910156,greedy,4,43467.430419921875
2132,ac040_00013,39,261.05364990234375,greedy,4,43467.430419921875
2133,ac040_00013,40,264.18402099609375,greedy,4,43467.430419921875
2134,ac040_00013,41,262.5266418457031,greedy,4,43467.430419921875
2135,ac040_00013,42,263.11053466796875,greedy,4,43467.430419921875
2136,ac040_00013,43,261.977783203125,greedy,4,43467.430419921875
2137,ac040_00013,44,262.76153564453125,greedy,4,43467.430419921875
2138,ac040_00013,45,261.2600402832031,greedy,4,43467.430419921875
2139,ac040_00013,46,263.39093017578125,greedy,4,43467.430419921875
2140,ac040_00013,47,261.85687255859375,greedy,4,43467.430419921875
2141,ac040_00013,48,261.94964599609375,greedy,4,43467.430419921875
2142,ac040_00013,49,261.00909423828125,greedy,4,43467.430419921875
2143,ac040_00013,50,262.2442321777344,greedy,4,43467.430419921875
2144,ac040_00013,51,263.2192687988281,greedy,4,43467.430419921875
2145,ac040_00013,52,261.2684631347656,greedy,4,43467.430419921875
2146,ac040_00013,53,263.0352783203125,greedy,4,43467.430419921875
2147,ac040_00013,54,262.43017578125,greedy,4,43467.430419921875
2148,ac040_00013,55,261.76611328125,greedy,4,43467.430419921875
2149,ac040_00013,56,263.71173095703125,greedy,4,43467.430419921875
2150,ac040_00013,57,262.9622802734375,greedy,4,43467.430419921875
2151,ac040_00013,58,262.62188720703125,greedy,4,43467.430419921875
2152,ac040_00013,59,263.2550048828125,greedy,4,43467.430419921875
2153,ac040_00013,60,263.13507080078125,greedy,4,43467.430419921875
2154,ac040_00013,61,263.3549499511719,greedy,4,43467.430419921875
2155,ac040_00013,62,265.25042724609375,greedy,4,43467.430419921875
2156,ac040_00013,63,265.4148864746094,greedy,4,43467.430419921875
2157,ac040_00013,64,266.01690673828125,greedy,4,43467.430419921875
2158,ac040_00013,65,265.42181396484375,greedy,4,43467.430419921875
2159,ac040_00013,66,266.17108154296875,greedy,4,43467.430419921875
2160,ac040_00013,67,266.0566101074219,greedy,4,43467.430419921875
2161,ac040_00013,68,264.9112243652344,greedy,4,43467.430419921875
2162,ac040_00013,69,265.4258728027344,greedy,4,43467.430419921875
2163,ac040_00013,70,265.73712158203125,greedy,4,43467.430419921875
2164,ac040_00013,71,264.41717529296875,greedy,4,43467.430419921875
2165,ac040_00013,72,264.43841552734375,greedy,4,43467.430419921875
2166,ac040_00013,73,264.5107116699219,greedy,4,43467.430419921875
2167,ac040_00013,74,265.86871337890625,greedy,4,43467.430419921875
2168,ac040_00013,75,265.3472595214844,greedy,4,43467.430419921875
2169,ac040_00013,76,266.81256103515625,greedy,4,43467.430419921875
2170,ac040_00013,77,264.8443298339844,greedy,4,43467.430419921875
2171,ac040_00013,78,264.89825439453125,greedy,4,43467.430419921875
2172,ac040_00013,79,265.237060546875,greedy,4,43467.430419921875
2173,ac040_00013,80,265.3885498046875,greedy,4,43467.430419921875
2174,ac040_00013,81,265.7608947753906,greedy,4,43467.430419921875
2175,ac040_00013,82,265.4291076660156,greedy,4,43467.430419921875
2176,ac040_00013,83,266.3352966308594,greedy,4,43467.430419921875
2177,ac040_00013,84,267.9432067871094,greedy,4,43467.430419921875
2178,ac040_00013,85,267.73138427734375,greedy,4,43467.430419921875
2179,ac040_00013,86,268.53533935546875,greedy,4,43467.430419921875
2180,ac040_00013,87,269.9654846191406,greedy,4,43467.430419921875
2181,ac040_00013,88,272.17242431640625,greedy,4,43467.430419921875
2182,ac040_00013,89,273.6159362792969,greedy,4,43467.430419921875
2183,ac040_00013,90,274.2910461425781,greedy,4,43467.430419921875
2184,ac040_00013,91,277.39666748046875,greedy,4,43467.430419921875
2185,ac040_00013,92,276.66143798828125,greedy,4,43467.430419921875
2186,ac040_00013,93,276.70001220703125,greedy,4,43467.430419921875
2187,ac040_00013,94,276.0601806640625,greedy,4,43467.430419921875
2188,ac040_00013,95,275.9678649902344,greedy,4,43467.430419921875
2189,ac040_00013,96,277.57244873046875,greedy,4,43467.430419921875
2190,ac040_00013,97,276.30755615234375,greedy,4,43467.430419921875
2191,ac040_00013,98,276.18658447265625,greedy,4,43467.430419921875
2192,ac040_00013,99,276.3665466308594,greedy,4,43467.430419921875
2193,ac040_00013,100,275.44635009765625,greedy,4,43467.430419921875
2194,ac040_00013,101,277.198486328125,greedy,4,43467.430419921875
2195,ac040_00013,102,276.1086730957031,greedy,4,43467.430419921875
2196,ac040_00013,103,275.24560546875,greedy,4,43467.430419921875
2197,ac040_00013,104,274.21124267578125,greedy,4,43467.430419921875
2198,ac040_00013,105,274.0794982910156,greedy,4,43467.430419921875
2199,ac040_00013,106,273.4629821777344,greedy,4,43467.430419921875
2200,ac040_00013,107,273.57373046875,greedy,4,43467.430419921875
2201,ac040_00013,108,273.28839111328125,greedy,4,43467.430419921875
2202,ac040_00013,109,272.59228515625,greedy,4,43467.430419921875
2203,ac040_00013,110,272.5166320800781,greedy,4,43467.430419921875
2204,ac040_00013,111,271.82318115234375,greedy,4,43467.430419921875
2205,ac040_00013,112,272.00714111328125,greedy,4,43467.430419921875
2206,ac040_00013,113,271.2503662109375,greedy,4,43467.430419921875
2207,ac040_00013,114,270.2835998535156,greedy,4,43467.430419921875
2208,ac040_00013,115,270.34857177734375,greedy,4,43467.430419921875
2209,ac040_00013,116,269.6327209472656,greedy,4,43467.430419921875
2210,ac040_00013,117,269.5462951660156,greedy,4,43467.430419921875
2211,ac040_00013,118,269.681640625,greedy,4,43467.430419921875
2212,ac040_00013,119,268.63555908203125,greedy,4,43467.430419921875
2213,ac040_00013,120,268.77667236328125,greedy,4,43467.430419921875
2214,ac040_00013,121,267.86639404296875,greedy,4,43467.430419921875
2215,ac040_00013,122,268.0375061035156,greedy,4,43467.430419921875
2216,ac040_00013,123,267.0885314941406,greedy,4,43467.430419921875
2217,ac040_00013,124,267.10455322265625,greedy,4,43467.430419921875
2218,ac040_00013,125,267.060791015625,greedy,4,43467.430419921875
2219,ac040_00013,126,267.4708557128906,greedy,4,43467.430419921875
2220,ac040_00013,127,266.74371337890625,greedy,4,43467.430419921875
2221,ac040_00013,128,266.1641540527344,greedy,4,43467.430419921875
2222,ac040_00013,129,267.5426025390625,greedy,4,43467.430419921875
2223,ac040_00013,130,266.158935546875,greedy,4,43467.430419921875
2224,ac040_00013,131,266.1725158691406,greedy,4,43467.430419921875
2225,ac040_00013,132,265.048828125,greedy,4,43467.430419921875
2226,ac040_00013,133,266.3319396972656,greedy,4,43467.430419921875
2227,ac040_00013,134,265.0232849121094,greedy,4,43467.430419921875
2228,ac040_00013,135,265.5639343261719,greedy,4,43467.430419921875
2229,ac040_00013,136,264.61676025390625,greedy,4,43467.430419921875
2230,ac040_00013,137,264.72357177734375,greedy,4,43467.430419921875
2231,ac040_00013,138,264.8278503417969,greedy,4,43467.430419921875
2232,ac040_00013,139,264.6022033691406,greedy,4,43467.430419921875
2233,ac040_00013,140,263.95782470703125,greedy,4,43467.430419921875
2234,ac040_00013,141,264.4326171875,greedy,4,43467.430419921875
2235,ac040_00013,142,263.81451416015625,greedy,4,43467.430419921875
2236,ac040_00013,143,264.5799255371094,greedy,4,43467.430419921875
2237,ac040_00013,144,264.0869140625,greedy,4,43467.430419921875
2238,ac040_00013,145,263.60205078125,greedy,4,43467.430419921875
2239,ac040_00013,146,263.7908935546875,greedy,4,43467.430419921875
2240,ac040_00013,147,264.00872802734375,greedy,4,43467.430419921875
2241,ac040_00013,148,264.00396728515625,greedy,4,43467.430419921875
2242,ac040_00013,149,264.5330505371094,greedy,4,43467.430419921875
2243,ac040_00013,150,264.48065185546875,greedy,4,43467.430419921875
2244,ac040_00013,151,263.51629638671875,greedy,4,43467.430419921875
2245,ac040_00013,152,263.66497802734375,greedy,4,43467.430419921875
2246,ac040_00013,153,263.7401428222656,greedy,4,43467.430419921875
2247,ac040_00013,154,263.45135498046875,greedy,4,43467.430419921875
2248,ac040_00013,155,263.81072998046875,greedy,4,43467.430419921875
2249,ac040_00013,156,264.15753173828125,greedy,4,43467.430419921875
2250,ac040_00013,157,264.470947265625,greedy,4,43467.430419921875
2251,ac040_00013,158,265.04827880859375,greedy,4,43467.430419921875
2252,ac040_00013,159,265.8493347167969,greedy,4,43467.430419921875
2253,ac040_00013,160,265.07891845703125,greedy,4,43467.430419921875
2254,ac040_00014,0,221.3030242919922,greedy,5,36221.98767089844
2255,ac040_00014,1,217.8952178955078,greedy,5,36221.98767089844
2256,ac040_00014,2,217.1093292236328,greedy,5,36221.98767089844
2257,ac040_00014,3,218.08377075195312,greedy,5,36221.98767089844
2258,ac040_00014,4,218.4741668701172,greedy,5,36221.98767089844
2259,ac040_00014,5,215.57083129882812,greedy,5,36221.98767089844
2260,ac040_00014,6,215.29263305664062,greedy,5,36221.98767089844
2261,ac040_00014,7,216.6710205078125,greedy,5,36221.98767089844
2262,ac040_00014,8,216.51806640625,greedy,5,36221.98767089844
2263,ac040_00014,9,221.2461395263672,greedy,5,36221.98767089844
2264,ac040_00014,10,218.9012908935547,greedy,5,36221.98767089844
2265,ac040_00014,11,219.43490600585938,greedy,5,36221.98767089844
2266,ac040_00014,12,218.57553100585938,greedy,5,36221.98767089844
2267,ac040_00014,13,216.2130126953125,greedy,5,36221.98767089844
2268,ac040_00014,14,216.2983856201172,greedy,5,36221.98767089844
2269,ac040_00014,15,216.0009307861328,greedy,5,36221.98767089844
2270,ac040_00014,16,215.38034057617188,greedy,5,36221.98767089844
2271,ac040_00014,17,215.2138214111328,greedy,5,36221.98767089844
2272,ac040_00014,18,214.53164672851562,greedy,5,36221.98767089844
2273,ac040_00014,19,215.14199829101562,greedy,5,36221.98767089844
2274,ac040_00014,20,215.55935668945312,greedy,5,36221.98767089844
2275,ac040_00014,21,216.15524291992188,greedy,5,36221.98767089844
2276,ac040_00014,22,214.73690795898438,greedy,5,36221.98767089844
2277,ac040_00014,23,215.690185546875,greedy,5,36221.98767089844
2278,ac040_00014,24,214.97543334960938,greedy,5,36221.98767089844
2279,ac040_00014,25,214.8226776123047,greedy,5,36221.98767089844
2280,ac040_00014,26,214.58023071289062,greedy,5,36221.98767089844
2281,ac040_00014,27,215.32730102539062,greedy,5,36221.98767089844
2282,ac040_00014,28,214.4859161376953,greedy,5,36221.98767089844
2283,ac040_00014,29,214.3552703857422,greedy,5,36221.98767089844
2284,ac040_00014,30,213.67178344726562,greedy,5,36221.98767089844
2285,ac040_00014,31,213.88131713867188,greedy,5,36221.98767089844
2286,ac040_00014,32,212.6654815673828,greedy,5,36221.98767089844
2287,ac040_00014,33,214.5565185546875,greedy,5,36221.98767089844
2288,ac040_00014,34,214.45486450195312,greedy,5,36221.98767089844
2289,ac040_00014,35,212.1143035888672,greedy,5,36221.98767089844
2290,ac040_00014,36,211.50924682617188,greedy,5,36221.98767089844
2291,ac040_00014,37,211.22341918945312,greedy,5,36221.98767089844
2292,ac040_00014,38,211.98928833007812,greedy,5,36221.98767089844
2293,ac040_00014,39,213.37155151367188,greedy,5,36221.98767089844
2294,ac040_00014,40,211.29464721679688,greedy,5,36221.98767089844
2295,ac040_00014,41,213.81527709960938,greedy,5,36221.98767089844
2296,ac040_00014,42,213.645751953125,greedy,5,36221.98767089844
2297,ac040_00014,43,214.1845245361328,greedy,5,36221.98767089844
2298,ac040_00014,44,212.93386840820312,greedy,5,36221.98767089844
2299,ac040_00014,45,212.85049438476562,greedy,5,36221.98767089844
2300,ac040_00014,46,211.40243530273438,greedy,5,36221.98767089844
2301,ac040_00014,47,211.6824493408203,greedy,5,36221.98767089844
2302,ac040_00014,48,211.2391815185547,greedy,5,36221.98767089844
2303,ac040_00014,49,211.96005249023438,greedy,5,36221.98767089844
2304,ac040_00014,50,211.89559936523438,greedy,5,36221.98767089844
2305,ac040_00014,51,214.5922393798828,greedy,5,36221.98767089844
2306,ac040_00014,52,214.4551544189453,greedy,5,36221.98767089844
2307,ac040_00014,53,216.8866424560547,greedy,5,36221.98767089844
2308,ac040_00014,54,221.1918182373047,greedy,5,36221.98767089844
2309,ac040_00014,55,231.49929809570312,greedy,5,36221.98767089844
2310,ac040_00014,56,244.64248657226562,greedy,5,36221.98767089844
2311,ac040_00014,57,257.02728271484375,greedy,5,36221.98767089844
2312,ac040_00014,58,257.68865966796875,greedy,5,36221.98767089844
2313,ac040_00014,59,264.4456481933594,greedy,5,36221.98767089844
2314,ac040_00014,60,263.75054931640625,greedy,5,36221.98767089844
2315,ac040_00014,61,260.3670349121094,greedy,5,36221.98767089844
2316,ac040_00014,62,260.068603515625,greedy,5,36221.98767089844
2317,ac040_00014,63,252.143798828125,greedy,5,36221.98767089844
2318,ac040_00014,64,252.73141479492188,greedy,5,36221.98767089844
2319,ac040_00014,65,249.2520294189453,greedy,5,36221.98767089844
2320,ac040_00014,66,246.60678100585938,greedy,5,36221.98767089844
2321,ac040_00014,67,244.5736541748047,greedy,5,36221.98767089844
2322,ac040_00014,68,241.63134765625,greedy,5,36221.98767089844
2323,ac040_00014,69,237.50546264648438,greedy,5,36221.98767089844
2324,ac040_00014,70,235.42459106445312,greedy,5,36221.98767089844
2325,ac040_00014,71,233.4443359375,greedy,5,36221.98767089844
2326,ac040_00014,72,230.69876098632812,greedy,5,36221.98767089844
2327,ac040_00014,73,229.78164672851562,greedy,5,36221.98767089844
2328,ac040_00014,74,227.6074676513672,greedy,5,36221.98767089844
2329,ac040_00014,75,226.044677734375,greedy,5,36221.98767089844
2330,ac040_00014,76,224.7332000732422,greedy,5,36221.98767089844
2331,ac040_00014,77,228.72219848632812,greedy,5,36221.98767089844
2332,ac040_00014,78,234.8937225341797,greedy,5,36221.98767089844
2333,ac040_00014,79,235.20608520507812,greedy,5,36221.98767089844
2334,ac040_00014,80,235.54208374023438,greedy,5,36221.98767089844
2335,ac040_00014,81,237.7475128173828,greedy,5,36221.98767089844
2336,ac040_00014,82,236.60507202148438,greedy,5,36221.98767089844
2337,ac040_00014,83,235.31503295898438,greedy,5,36221.98767089844
2338,ac040_00014,84,233.2406768798828,greedy,5,36221.98767089844
2339,ac040_00014,85,233.59512329101562,greedy,5,36221.98767089844
2340,ac040_00014,86,234.66336059570312,greedy,5,36221.98767089844
2341,ac040_00014,87,235.40774536132812,greedy,5,36221.98767089844
2342,ac040_00014,88,234.31240844726562,greedy,5,36221.98767089844
2343,ac040_00014,89,233.5789794921875,greedy,5,36221.98767089844
2344,ac040_00014,90,232.7173309326172,greedy,5,36221.98767089844
2345,ac040_00014,91,231.93887329101562,greedy,5,36221.98767089844
2346,ac040_00014,92,231.6655731201172,greedy,5,36221.98767089844
2347,ac040_00014,93,229.17343139648438,greedy,5,36221.98767089844
2348,ac040_00014,94,232.5651092529297,greedy,5,36221.98767089844
2349,ac040_00014,95,235.44680786132812,greedy,5,36221.98767089844
2350,ac040_00014,96,237.0721435546875,greedy,5,36221.98767089844
2351,ac040_00014,97,235.1038055419922,greedy,5,36221.98767089844
2352,ac040_00014,98,237.9931182861328,greedy,5,36221.98767089844
2353,ac040_00014,99,237.26651000976562,greedy,5,36221.98767089844
2354,ac040_00014,100,239.9458465576172,greedy,5,36221.98767089844
2355,ac040_00014,101,237.98495483398438,greedy,5,36221.98767089844
2356,ac040_00014,102,237.404541015625,greedy,5,36221.98767089844
2357,ac040_00014,103,239.60958862304688,greedy,5,36221.98767089844
2358,ac040_00014,104,238.94918823242188,greedy,5,36221.98767089844
2359,ac040_00014,105,236.69253540039062,greedy,5,36221.98767089844
2360,ac040_00014,106,238.7799530029297,greedy,5,36221.98767089844
2361,ac040_00014,107,238.1268310546875,greedy,5,36221.98767089844
2362,ac040_00014,108,237.24618530273438,greedy,5,36221.98767089844
2363,ac040_00014,109,237.794189453125,greedy,5,36221.98767089844
2364,ac040_00014,110,236.3434600830078,greedy,5,36221.98767089844
2365,ac040_00014,111,236.4956512451172,greedy,5,36221.98767089844
2366,ac040_00014,112,237.2460174560547,greedy,5,36221.98767089844
2367,ac040_00014,113,237.41012573242188,greedy,5,36221.98767089844
2368,ac040_00014,114,235.5752716064453,greedy,5,36221.98767089844
2369,ac040_00014,115,235.51217651367188,greedy,5,36221.98767089844
2370,ac040_00014,116,234.284423828125,greedy,5,36221.98767089844
2371,ac040_00014,117,234.52383422851562,greedy,5,36221.98767089844
2372,ac040_00014,118,233.39505004882812,greedy,5,36221.98767089844
2373,ac040_00014,119,233.52371215820312,greedy,5,36221.98767089844
2374,ac040_00014,120,231.9783172607422,greedy,5,36221.98767089844
2375,ac040_00014,121,230.30935668945312,greedy,5,36221.98767089844
2376,ac040_00014,122,231.1566925048828,greedy,5,36221.98767089844
2377,ac040_00014,123,229.93798828125,greedy,5,36221.98767089844
2378,ac040_00014,124,229.6177215576172,greedy,5,36221.98767089844
2379,ac040_00014,125,229.5365753173828,greedy,5,36221.98767089844
2380,ac040_00014,126,228.54776000976562,greedy,5,36221.98767089844
2381,ac040_00014,127,227.9676971435547,greedy,5,36221.98767089844
2382,ac040_00014,128,228.43685913085938,greedy,5,36221.98767089844
2383,ac040_00014,129,227.34130859375,greedy,5,36221.98767089844
2384,ac040_00014,130,227.1133270263672,greedy,5,36221.98767089844
2385,ac040_00014,131,226.3207550048828,greedy,5,36221.98767089844
2386,ac040_00014,132,225.73806762695312,greedy,5,36221.98767089844
2387,ac040_00014,133,225.1107940673828,greedy,5,36221.98767089844
2388,ac040_00014,134,223.81246948242188,greedy,5,36221.98767089844
2389,ac040_00014,135,223.6978759765625,greedy,5,36221.98767089844
2390,ac040_00014,136,223.36300659179688,greedy,5,36221.98767089844
2391,ac040_00014,137,223.1188201904297,greedy,5,36221.98767089844
2392,ac040_00014,138,223.251708984375,greedy,5,36221.98767089844
2393,ac040_00014,139,221.9314727783203,greedy,5,36221.98767089844
2394,ac040_00014,140,221.857666015625,greedy,5,36221.98767089844
2395,ac040_00014,141,221.254638671875,greedy,5,36221.98767089844
2396,ac040_00014,142,221.3717803955078,greedy,5,36221.98767089844
2397,ac040_00014,143,220.3757781982422,greedy,5,36221.98767089844
2398,ac040_00014,144,219.9858856201172,greedy,5,36221.98767089844
2399,ac040_00014,145,220.1213836669922,greedy,5,36221.98767089844
2400,ac040_00014,146,219.112548828125,greedy,5,36221.98767089844
2401,ac040_00014,147,218.47329711914062,greedy,5,36221.98767089844
2402,ac040_00014,148,218.4301300048828,greedy,5,36221.98767089844
2403,ac040_00014,149,218.00003051757812,greedy,5,36221.98767089844
2404,ac040_00014,150,217.9518585205078,greedy,5,36221.98767089844
2405,ac040_00014,151,217.206298828125,greedy,5,36221.98767089844
2406,ac040_00014,152,216.6842041015625,greedy,5,36221.98767089844
2407,ac040_00014,153,216.517333984375,greedy,5,36221.98767089844
2408,ac040_00014,154,216.25808715820312,greedy,5,36221.98767089844
2409,ac040_00014,155,215.9346923828125,greedy,5,36221.98767089844
2410,ac040_00014,156,215.76687622070312,greedy,5,36221.98767089844
2411,ac040_00014,157,215.6140899658203,greedy,5,36221.98767089844
2412,ac040_00014,158,215.0547332763672,greedy,5,36221.98767089844
2413,ac040_00014,159,214.8699188232422,greedy,5,36221.98767089844
2414,ac040_00014,160,214.42385864257812,greedy,5,36221.98767089844
2415,ac040_00015,0,235.29611206054688,thompson_sampling,1,36821.58297729492
2416,ac040_00015,1,230.71835327148438,thompson_sampling,1,36821.58297729492
2417,ac040_00015,2,230.07748413085938,thompson_sampling,1,36821.58297729492
2418,ac040_00015,3,232.7864532470703,thompson_sampling,1,36821.58297729492
2419,ac040_00015,4,232.119384765625,thompson_sampling,1,36821.58297729492
2420,ac040_00015,5,229.720947265625,thompson_sampling,1,36821.58297729492
2421,ac040_00015,6,230.1036376953125,thompson_sampling,1,36821.58297729492
2422,ac040_00015,7,231.2000274658203,thompson_sampling,1,36821.58297729492
2423,ac040_00015,8,235.3506317138672,thompson_sampling,1,36821.58297729492
2424,ac040_00015,9,243.12753295898438,thompson_sampling,1,36821.58297729492
2425,ac040_00015,10,236.9274444580078,thompson_sampling,1,36821.58297729492
2426,ac040_00015,11,238.12240600585938,thompson_sampling,1,36821.58297729492
2427,ac040_00015,12,239.51016235351562,thompson_sampling,1,36821.58297729492
2428,ac040_00015,13,236.2842559814453,thompson_sampling,1,36821.58297729492
2429,ac040_00015,14,238.51416015625,thompson_sampling,1,36821.58297729492
2430,ac040_00015,15,236.12973022460938,thompson_sampling,1,36821.58297729492
2431,ac040_00015,16,233.64602661132812,thompson_sampling,1,36821.58297729492
2432,ac040_00015,17,232.4789581298828,thompson_sampling,1,36821.58297729492
2433,ac040_00015,18,231.7480010986328,thompson_sampling,1,36821.58297729492
2434,ac040_00015,19,231.1934051513672,thompson_sampling,1,36821.58297729492
2435,ac040_00015,20,232.37167358398438,thompson_sampling,1,36821.58297729492
2436,ac040_00015,21,232.619384765625,thompson_sampling,1,36821.58297729492
2437,ac040_00015,22,232.835205078125,thompson_sampling,1,36821.58297729492
2438,ac040_00015,23,234.60049438476562,thompson_sampling,1,36821.58297729492
2439,ac040_00015,24,231.9132537841797,thompson_sampling,1,36821.58297729492
2440,ac040_00015,25,232.94082641601562,thompson_sampling,1,36821.58297729492
2441,ac040_00015,26,234.6004180908203,thompson_sampling,1,36821.58297729492
2442,ac040_00015,27,234.50094604492188,thompson_sampling,1,36821.58297729492
2443,ac040_00015,28,232.6061553955078,thompson_sampling,1,36821.58297729492
2444,ac040_00015,29,231.7772674560547,thompson_sampling,1,36821.58297729492
2445,ac040_00015,30,234.1457977294922,thompson_sampling,1,36821.58297729492
2446,ac040_00015,31,234.25930786132812,thompson_sampling,1,36821.58297729492
2447,ac040_00015,32,230.90988159179688,thompson_sampling,1,36821.58297729492
2448,ac040_00015,33,231.5045928955078,thompson_sampling,1,36821.58297729492
2449,ac040_00015,34,231.170166015625,thompson_sampling,1,36821.58297729492
2450,ac040_00015,35,231.0558319091797,thompson_sampling,1,36821.58297729492
2451,ac040_00015,36,231.6101837158203,thompson_sampling,1,36821.58297729492
2452,ac040_00015,37,230.9915008544922,thompson_sampling,1,36821.58297729492
2453,ac040_00015,38,231.1420135498047,thompson_sampling,1,36821.58297729492
2454,ac040_00015,39,230.4712371826172,thompson_sampling,1,36821.58297729492
2455,ac040_00015,40,230.38644409179688,thompson_sampling,1,36821.58297729492
2456,ac040_00015,41,230.2261962890625,thompson_sampling,1,36821.58297729492
2457,ac040_00015,42,229.0935516357422,thompson_sampling,1,36821.58297729492
2458,ac040_00015,43,228.85531616210938,thompson_sampling,1,36821.58297729492
2459,ac040_00015,44,229.89175415039062,thompson_sampling,1,36821.58297729492
2460,ac040_00015,45,231.0690155029297,thompson_sampling,1,36821.58297729492
2461,ac040_00015,46,230.39920043945312,thompson_sampling,1,36821.58297729492
2462,ac040_00015,47,231.7942352294922,thompson_sampling,1,36821.58297729492
2463,ac040_00015,48,230.9976348876953,thompson_sampling,1,36821.58297729492
2464,ac040_00015,49,230.3787078857422,thompson_sampling,1,36821.58297729492
2465,ac040_00015,50,229.7396697998047,thompson_sampling,1,36821.58297729492
2466,ac040_00015,51,230.8870391845703,thompson_sampling,1,36821.58297729492
2467,ac040_00015,52,229.31396484375,thompson_sampling,1,36821.58297729492
2468,ac040_00015,53,228.6265869140625,thompson_sampling,1,36821.58297729492
2469,ac040_00015,54,229.1264190673828,thompson_sampling,1,36821.58297729492
2470,ac040_00015,55,228.9123077392578,thompson_sampling,1,36821.58297729492
2471,ac040_00015,56,229.0707550048828,thompson_sampling,1,36821.58297729492
2472,ac040_00015,57,228.77188110351562,thompson_sampling,1,36821.58297729492
2473,ac040_00015,58,228.5430908203125,thompson_sampling,1,36821.58297729492
2474,ac040_00015,59,227.8920440673828,thompson_sampling,1,36821.58297729492
2475,ac040_00015,60,227.97702026367188,thompson_sampling,1,36821.58297729492
2476,ac040_00015,61,228.661376953125,thompson_sampling,1,36821.58297729492
2477,ac040_00015,62,228.0370635986328,thompson_sampling,1,36821.58297729492
2478,ac040_00015,63,228.67257690429688,thompson_sampling,1,36821.58297729492
2479,ac040_00015,64,229.4557647705078,thompson_sampling,1,36821.58297729492
2480,ac040_00015,65,228.42160034179688,thompson_sampling,1,36821.58297729492
2481,ac040_00015,66,228.6536865234375,thompson_sampling,1,36821.58297729492
2482,ac040_00015,67,229.8321990966797,thompson_sampling,1,36821.58297729492
2483,ac040_00015,68,230.18710327148438,thompson_sampling,1,36821.58297729492
2484,ac040_00015,69,230.6785430908203,thompson_sampling,1,36821.58297729492
2485,ac040_00015,70,230.1193084716797,thompson_sampling,1,36821.58297729492
2486,ac040_00015,71,230.004150390625,thompson_sampling,1,36821.58297729492
2487,ac040_00015,72,229.1241455078125,thompson_sampling,1,36821.58297729492
2488,ac040_00015,73,229.37094116210938,thompson_sampling,1,36821.58297729492
2489,ac040_00015,74,228.808837890625,thompson_sampling,1,36821.58297729492
2490,ac040_00015,75,229.39974975585938,thompson_sampling,1,36821.58297729492
2491,ac040_00015,76,227.8765411376953,thompson_sampling,1,36821.58297729492
2492,ac040_00015,77,228.99618530273438,thompson_sampling,1,36821.58297729492
2493,ac040_00015,78,228.25851440429688,thompson_sampling,1,36821.58297729492
2494,ac040_00015,79,229.16445922851562,thompson_sampling,1,36821.58297729492
2495,ac040_00015,80,229.4102325439453,thompson_sampling,1,36821.58297729492
2496,ac040_00015,81,229.7239227294922,thompson_sampling,1,36821.58297729492
2497,ac040_00015,82,230.1388702392578,thompson_sampling,1,36821.58297729492
2498,ac040_00015,83,231.7808074951172,thompson_sampling,1,36821.58297729492
2499,ac040_00015,84,231.0467071533203,thompson_sampling,1,36821.58297729492
2500,ac040_00015,85,231.62960815429688,thompson_sampling,1,36821.58297729492
2501,ac040_00015,86,231.46328735351562,thompson_sampling,1,36821.58297729492
2502,ac040_00015,87,232.03768920898438,thompson_sampling,1,36821.58297729492
2503,ac040_00015,88,230.4820556640625,thompson_sampling,1,36821.58297729492
2504,ac040_00015,89,230.51565551757812,thompson_sampling,1,36821.58297729492
2505,ac040_00015,90,230.2913818359375,thompson_sampling,1,36821.58297729492
2506,ac040_00015,91,229.81430053710938,thompson_sampling,1,36821.58297729492
2507,ac040_00015,92,229.49679565429688,thompson_sampling,1,36821.58297729492
2508,ac040_00015,93,229.6200408935547,thompson_sampling,1,36821.58297729492
2509,ac040_00015,94,229.92422485351562,thompson_sampling,1,36821.58297729492
2510,ac040_00015,95,230.579833984375,thompson_sampling,1,36821.58297729492
2511,ac040_00015,96,228.8469696044922,thompson_sampling,1,36821.58297729492
2512,ac040_00015,97,228.22677612304688,thompson_sampling,1,36821.58297729492
2513,ac040_00015,98,228.746826171875,thompson_sampling,1,36821.58297729492
2514,ac040_00015,99,227.8207550048828,thompson_sampling,1,36821.58297729492
2515,ac040_00015,100,228.7041473388672,thompson_sampling,1,36821.58297729492
2516,ac040_00015,101,228.2661590576172,thompson_sampling,1,36821.58297729492
2517,ac040_00015,102,228.34097290039062,thompson_sampling,1,36821.58297729492
2518,ac040_00015,103,229.390625,thompson_sampling,1,36821.58297729492
2519,ac040_00015,104,229.72921752929688,thompson_sampling,1,36821.58297729492
2520,ac040_00015,105,229.5033416748047,thompson_sampling,1,36821.58297729492
2521,ac040_00015,106,229.41525268554688,thompson_sampling,1,36821.58297729492
2522,ac040_00015,107,229.0777587890625,thompson_sampling,1,36821.58297729492
2523,ac040_00015,108,229.4663543701172,thompson_sampling,1,36821.58297729492
2524,ac040_00015,109,229.8908233642578,thompson_sampling,1,36821.58297729492
2525,ac040_00015,110,229.64242553710938,thompson_sampling,1,36821.58297729492
2526,ac040_00015,111,229.3751983642578,thompson_sampling,1,36821.58297729492
2527,ac040_00015,112,229.27169799804688,thompson_sampling,1,36821.58297729492
2528,ac040_00015,113,229.2452392578125,thompson_sampling,1,36821.58297729492
2529,ac040_00015,114,229.80789184570312,thompson_sampling,1,36821.58297729492
2530,ac040_00015,115,229.88296508789062,thompson_sampling,1,36821.58297729492
2531,ac040_00015,116,229.7113800048828,thompson_sampling,1,36821.58297729492
2532,ac040_00015,117,229.3432159423828,thompson_sampling,1,36821.58297729492
2533,ac040_00015,118,230.10574340820312,thompson_sampling,1,36821.58297729492
2534,ac040_00015,119,228.5755615234375,thompson_sampling,1,36821.58297729492
2535,ac040_00015,120,229.3665313720703,thompson_sampling,1,36821.58297729492
2536,ac040_00015,121,229.74435424804688,thompson_sampling,1,36821.58297729492
2537,ac040_00015,122,228.7144775390625,thompson_sampling,1,36821.58297729492
2538,ac040_00015,123,229.03781127929688,thompson_sampling,1,36821.58297729492
2539,ac040_00015,124,228.34622192382812,thompson_sampling,1,36821.58297729492
2540,ac040_00015,125,228.63674926757812,thompson_sampling,1,36821.58297729492
2541,ac040_00015,126,228.262451171875,thompson_sampling,1,36821.58297729492
2542,ac040_00015,127,228.33169555664062,thompson_sampling,1,36821.58297729492
2543,ac040_00015,128,228.1014862060547,thompson_sampling,1,36821.58297729492
2544,ac040_00015,129,228.54324340820312,thompson_sampling,1,36821.58297729492
2545,ac040_00015,130,228.9401092529297,thompson_sampling,1,36821.58297729492
2546,ac040_00015,131,228.27267456054688,thompson_sampling,1,36821.58297729492
2547,ac040_00015,132,228.54733276367188,thompson_sampling,1,36821.58297729492
2548,ac040_00015,133,228.43612670898438,thompson_sampling,1,36821.58297729492
2549,ac040_00015,134,228.7609405517578,thompson_sampling,1,36821.58297729492
2550,ac040_00015,135,228.7790069580078,thompson_sampling,1,36821.58297729492
2551,ac040_00015,136,228.21585083007812,thompson_sampling,1,36821.58297729492
2552,ac040_00015,137,229.04946899414062,thompson_sampling,1,36821.58297729492
2553,ac040_00015,138,228.5309295654297,thompson_sampling,1,36821.58297729492
2554,ac040_00015,139,227.7442626953125,thompson_sampling,1,36821.58297729492
2555,ac040_00015,140,228.0978240966797,thompson_sampling,1,36821.58297729492
2556,ac040_00015,141,227.96969604492188,thompson_sampling,1,36821.58297729492
2557,ac040_00015,142,228.10311889648438,thompson_sampling,1,36821.58297729492
2558,ac040_00015,143,228.26437377929688,thompson_sampling,1,36821.58297729492
2559,ac040_00015,144,228.14279174804688,thompson_sampling,1,36821.58297729492
2560,ac040_00015,145,227.86270141601562,thompson_sampling,1,36821.58297729492
2561,ac040_00015,146,227.9538116455078,thompson_sampling,1,36821.58297729492
2562,ac040_00015,147,227.70437622070312,thompson_sampling,1,36821.58297729492
2563,ac040_00015,148,228.13052368164062,thompson_sampling,1,36821.58297729492
2564,ac040_00015,149,227.91909790039062,thompson_sampling,1,36821.58297729492
2565,ac040_00015,150,227.96212768554688,thompson_sampling,1,36821.58297729492
2566,ac040_00015,151,227.72421264648438,thompson_sampling,1,36821.58297729492
2567,ac040_00015,152,227.7593994140625,thompson_sampling,1,36821.58297729492
2568,ac040_00015,153,227.71279907226562,thompson_sampling,1,36821.58297729492
2569,ac040_00015,154,227.6157989501953,thompson_sampling,1,36821.58297729492
2570,ac040_00015,155,227.2171173095703,thompson_sampling,1,36821.58297729492
2571,ac040_00015,156,227.51773071289062,thompson_sampling,1,36821.58297729492
2572,ac040_00015,157,227.295654296875,thompson_sampling,1,36821.58297729492
2573,ac040_00015,158,227.8111572265625,thompson_sampling,1,36821.58297729492
2574,ac040_00015,159,227.2633056640625,thompson_sampling,1,36821.58297729492
2575,ac040_00015,160,227.4841766357422,thompson_sampling,1,36821.58297729492
2576,ac040_00016,0,243.152099609375,thompson_sampling,2,35336.70664978027
2577,ac040_00016,1,239.58139038085938,thompson_sampling,2,35336.70664978027
2578,ac040_00016,2,241.601318359375,thompson_sampling,2,35336.70664978027
2579,ac040_00016,3,243.55844116210938,thompson_sampling,2,35336.70664978027
2580,ac040_00016,4,232.1710968017578,thompson_sampling,2,35336.70664978027
2581,ac040_00016,5,229.2494659423828,thompson_sampling,2,35336.70664978027
2582,ac040_00016,6,224.266845703125,thompson_sampling,2,35336.70664978027
2583,ac040_00016,7,223.15576171875,thompson_sampling,2,35336.70664978027
2584,ac040_00016,8,219.3783416748047,thompson_sampling,2,35336.70664978027
2585,ac040_00016,9,221.1646728515625,thompson_sampling,2,35336.70664978027
2586,ac040_00016,10,221.52346801757812,thompson_sampling,2,35336.70664978027
2587,ac040_00016,11,216.504150390625,thompson_sampling,2,35336.70664978027
2588,ac040_00016,12,218.51943969726562,thompson_sampling,2,35336.70664978027
2589,ac040_00016,13,217.6384735107422,thompson_sampling,2,35336.70664978027
2590,ac040_00016,14,217.8630828857422,thompson_sampling,2,35336.70664978027
2591,ac040_00016,15,217.1361541748047,thompson_sampling,2,35336.70664978027
2592,ac040_00016,16,218.552734375,thompson_sampling,2,35336.70664978027
2593,ac040_00016,17,217.55734252929688,thompson_sampling,2,35336.70664978027
2594,ac040_00016,18,218.58175659179688,thompson_sampling,2,35336.70664978027
2595,ac040_00016,19,219.5374298095703,thompson_sampling,2,35336.70664978027
2596,ac040_00016,20,219.3271026611328,thompson_sampling,2,35336.70664978027
2597,ac040_00016,21,219.4738006591797,thompson_sampling,2,35336.70664978027
2598,ac040_00016,22,220.2611846923828,thompson_sampling,2,35336.70664978027
2599,ac040_00016,23,223.44921875,thompson_sampling,2,35336.70664978027
2600,ac040_00016,24,222.41525268554688,thompson_sampling,2,35336.70664978027
2601,ac040_00016,25,223.3992919921875,thompson_sampling,2,35336.70664978027
2602,ac040_00016,26,221.4116668701172,thompson_sampling,2,35336.70664978027
2603,ac040_00016,27,223.847412109375,thompson_sampling,2,35336.70664978027
2604,ac040_00016,28,222.2895050048828,thompson_sampling,2,35336.70664978027
2605,ac040_00016,29,222.55441284179688,thompson_sampling,2,35336.70664978027
2606,ac040_00016,30,221.53421020507812,thompson_sampling,2,35336.70664978027
2607,ac040_00016,31,222.69326782226562,thompson_sampling,2,35336.70664978027
2608,ac040_00016,32,224.0134735107422,thompson_sampling,2,35336.70664978027
2609,ac040_00016,33,224.5314483642578,thompson_sampling,2,35336.70664978027
2610,ac040_00016,34,221.2578125,thompson_sampling,2,35336.70664978027
2611,ac040_00016,35,220.4431610107422,thompson_sampling,2,35336.70664978027
2612,ac040_00016,36,221.2882537841797,thompson_sampling,2,35336.70664978027
2613,ac040_00016,37,222.77261352539062,thompson_sampling,2,35336.70664978027
2614,ac040_00016,38,220.16122436523438,thompson_sampling,2,35336.70664978027
2615,ac040_00016,39,222.02743530273438,thompson_sampling,2,35336.70664978027
2616,ac040_00016,40,220.78036499023438,thompson_sampling,2,35336.70664978027
2617,ac040_00016,41,223.0199737548828,thompson_sampling,2,35336.70664978027
2618,ac040_00016,42,220.69741821289062,thompson_sampling,2,35336.70664978027
2619,ac040_00016,43,220.52529907226562,thompson_sampling,2,35336.70664978027
2620,ac040_00016,44,218.54714965820312,thompson_sampling,2,35336.70664978027
2621,ac040_00016,45,220.17959594726562,thompson_sampling,2,35336.70664978027
2622,ac040_00016,46,218.600341796875,thompson_sampling,2,35336.70664978027
2623,ac040_00016,47,219.3442840576172,thompson_sampling,2,35336.70664978027
2624,ac040_00016,48,219.54391479492188,thompson_sampling,2,35336.70664978027
2625,ac040_00016,49,219.9711151123047,thompson_sampling,2,35336.70664978027
2626,ac040_00016,50,220.94998168945312,thompson_sampling,2,35336.70664978027
2627,ac040_00016,51,220.7891845703125,thompson_sampling,2,35336.70664978027
2628,ac040_00016,52,221.12271118164062,thompson_sampling,2,35336.70664978027
2629,ac040_00016,53,222.4944610595703,thompson_sampling,2,35336.70664978027
2630,ac040_00016,54,223.11825561523438,thompson_sampling,2,35336.70664978027
2631,ac040_00016,55,223.8976593017578,thompson_sampling,2,35336.70664978027
2632,ac040_00016,56,223.0988006591797,thompson_sampling,2,35336.70664978027
2633,ac040_00016,57,222.2231903076172,thompson_sampling,2,35336.70664978027
2634,ac040_00016,58,221.51663208007812,thompson_sampling,2,35336.70664978027
2635,ac040_00016,59,222.9253387451172,thompson_sampling,2,35336.70664978027
2636,ac040_00016,60,222.4242706298828,thompson_sampling,2,35336.70664978027
2637,ac040_00016,61,223.83920288085938,thompson_sampling,2,35336.70664978027
2638,ac040_00016,62,223.48617553710938,thompson_sampling,2,35336.70664978027
2639,ac040_00016,63,223.9981689453125,thompson_sampling,2,35336.70664978027
2640,ac040_00016,64,223.5618438720703,thompson_sampling,2,35336.70664978027
2641,ac040_00016,65,222.62826538085938,thompson_sampling,2,35336.70664978027
2642,ac040_00016,66,223.22897338867188,thompson_sampling,2,35336.70664978027
2643,ac040_00016,67,220.7259521484375,thompson_sampling,2,35336.70664978027
2644,ac040_00016,68,220.1008758544922,thompson_sampling,2,35336.70664978027
2645,ac040_00016,69,218.94216918945312,thompson_sampling,2,35336.70664978027
2646,ac040_00016,70,218.9928741455078,thompson_sampling,2,35336.70664978027
2647,ac040_00016,71,218.6230010986328,thompson_sampling,2,35336.70664978027
2648,ac040_00016,72,219.65255737304688,thompson_sampling,2,35336.70664978027
2649,ac040_00016,73,218.5233154296875,thompson_sampling,2,35336.70664978027
2650,ac040_00016,74,220.814453125,thompson_sampling,2,35336.70664978027
2651,ac040_00016,75,218.10791015625,thompson_sampling,2,35336.70664978027
2652,ac040_00016,76,219.0432891845703,thompson_sampling,2,35336.70664978027
2653,ac040_00016,77,220.08102416992188,thompson_sampling,2,35336.70664978027
2654,ac040_00016,78,219.5762176513672,thompson_sampling,2,35336.70664978027
2655,ac040_00016,79,218.9254608154297,thompson_sampling,2,35336.70664978027
2656,ac040_00016,80,218.7587890625,thompson_sampling,2,35336.70664978027
2657,ac040_00016,81,221.19656372070312,thompson_sampling,2,35336.70664978027
2658,ac040_00016,82,221.2793731689453,thompson_sampling,2,35336.70664978027
2659,ac040_00016,83,222.5986328125,thompson_sampling,2,35336.70664978027
2660,ac040_00016,84,221.18881225585938,thompson_sampling,2,35336.70664978027
2661,ac040_00016,85,225.46871948242188,thompson_sampling,2,35336.70664978027
2662,ac040_00016,86,223.3406219482422,thompson_sampling,2,35336.70664978027
2663,ac040_00016,87,223.52603149414062,thompson_sampling,2,35336.70664978027
2664,ac040_00016,88,224.15475463867188,thompson_sampling,2,35336.70664978027
2665,ac040_00016,89,222.8644561767578,thompson_sampling,2,35336.70664978027
2666,ac040_00016,90,223.50442504882812,thompson_sampling,2,35336.70664978027
2667,ac040_00016,91,222.3822021484375,thompson_sampling,2,35336.70664978027
2668,ac040_00016,92,222.6573486328125,thompson_sampling,2,35336.70664978027
2669,ac040_00016,93,221.4146728515625,thompson_sampling,2,35336.70664978027
2670,ac040_00016,94,222.16146850585938,thompson_sampling,2,35336.70664978027
2671,ac040_00016,95,222.86593627929688,thompson_sampling,2,35336.70664978027
2672,ac040_00016,96,221.0626983642578,thompson_sampling,2,35336.70664978027
2673,ac040_00016,97,221.11392211914062,thompson_sampling,2,35336.70664978027
2674,ac040_00016,98,222.17837524414062,thompson_sampling,2,35336.70664978027
2675,ac040_00016,99,220.1904296875,thompson_sampling,2,35336.70664978027
2676,ac040_00016,100,220.5312042236328,thompson_sampling,2,35336.70664978027
2677,ac040_00016,101,220.6818389892578,thompson_sampling,2,35336.70664978027
2678,ac040_00016,102,220.4619598388672,thompson_sampling,2,35336.70664978027
2679,ac040_00016,103,219.78897094726562,thompson_sampling,2,35336.70664978027
2680,ac040_00016,104,220.0681610107422,thompson_sampling,2,35336.70664978027
2681,ac040_00016,105,220.2305450439453,thompson_sampling,2,35336.70664978027
2682,ac040_00016,106,220.6328887939453,thompson_sampling,2,35336.70664978027
2683,ac040_00016,107,220.56430053710938,thompson_sampling,2,35336.70664978027
2684,ac040_00016,108,220.4951171875,thompson_sampling,2,35336.70664978027
2685,ac040_00016,109,220.889892578125,thompson_sampling,2,35336.70664978027
2686,ac040_00016,110,218.19363403320312,thompson_sampling,2,35336.70664978027
2687,ac040_00016,111,218.7849884033203,thompson_sampling,2,35336.70664978027
2688,ac040_00016,112,217.76406860351562,thompson_sampling,2,35336.70664978027
2689,ac040_00016,113,218.3615264892578,thompson_sampling,2,35336.70664978027
2690,ac040_00016,114,218.2692108154297,thompson_sampling,2,35336.70664978027
2691,ac040_00016,115,218.30917358398438,thompson_sampling,2,35336.70664978027
2692,ac040_00016,116,219.3368377685547,thompson_sampling,2,35336.70664978027
2693,ac040_00016,117,219.60855102539062,thompson_sampling,2,35336.70664978027
2694,ac040_00016,118,219.3753204345703,thompson_sampling,2,35336.70664978027
2695,ac040_00016,119,220.35641479492188,thompson_sampling,2,35336.70664978027
2696,ac040_00016,120,219.42153930664062,thompson_sampling,2,35336.70664978027
2697,ac040_00016,121,221.0557098388672,thompson_sampling,2,35336.70664978027
2698,ac040_00016,122,219.8450469970703,thompson_sampling,2,35336.70664978027
2699,ac040_00016,123,220.23922729492188,thompson_sampling,2,35336.70664978027
2700,ac040_00016,124,220.23562622070312,thompson_sampling,2,35336.70664978027
2701,ac040_00016,125,218.7141876220703,thompson_sampling,2,35336.70664978027
2702,ac040_00016,126,218.2089385986328,thompson_sampling,2,35336.70664978027
2703,ac040_00016,127,218.46463012695312,thompson_sampling,2,35336.70664978027
2704,ac040_00016,128,218.7074432373047,thompson_sampling,2,35336.70664978027
2705,ac040_00016,129,219.1377716064453,thompson_sampling,2,35336.70664978027
2706,ac040_00016,130,218.0853271484375,thompson_sampling,2,35336.70664978027
2707,ac040_00016,131,218.39419555664062,thompson_sampling,2,35336.70664978027
2708,ac040_00016,132,218.71347045898438,thompson_sampling,2,35336.70664978027
2709,ac040_00016,133,218.39761352539062,thompson_sampling,2,35336.70664978027
2710,ac040_00016,134,219.09506225585938,thompson_sampling,2,35336.70664978027
2711,ac040_00016,135,218.1448974609375,thompson_sampling,2,35336.70664978027
2712,ac040_00016,136,219.02951049804688,thompson_sampling,2,35336.70664978027
2713,ac040_00016,137,218.7137451171875,thompson_sampling,2,35336.70664978027
2714,ac040_00016,138,218.2216796875,thompson_sampling,2,35336.70664978027
2715,ac040_00016,139,218.51913452148438,thompson_sampling,2,35336.70664978027
2716,ac040_00016,140,218.3134765625,thompson_sampling,2,35336.70664978027
2717,ac040_00016,141,219.24685668945312,thompson_sampling,2,35336.70664978027
2718,ac040_00016,142,217.98910522460938,thompson_sampling,2,35336.70664978027
2719,ac040_00016,143,217.72433471679688,thompson_sampling,2,35336.70664978027
2720,ac040_00016,144,217.59054565429688,thompson_sampling,2,35336.70664978027
2721,ac040_00016,145,218.3429412841797,thompson_sampling,2,35336.70664978027
2722,ac040_00016,146,217.7347412109375,thompson_sampling,2,35336.70664978027
2723,ac040_00016,147,218.05923461914062,thompson_sampling,2,35336.70664978027
2724,ac040_00016,148,217.34481811523438,thompson_sampling,2,35336.70664978027
2725,ac040_00016,149,217.60189819335938,thompson_sampling,2,35336.70664978027
2726,ac040_00016,150,217.2285919189453,thompson_sampling,2,35336.70664978027
2727,ac040_00016,151,217.34945678710938,thompson_sampling,2,35336.70664978027
2728,ac040_00016,152,217.26416015625,thompson_sampling,2,35336.70664978027
2729,ac040_00016,153,218.6990203857422,thompson_sampling,2,35336.70664978027
2730,ac040_00016,154,217.54605102539062,thompson_sampling,2,35336.70664978027
2731,ac040_00016,155,217.6890411376953,thompson_sampling,2,35336.70664978027
2732,ac040_00016,156,217.8219757080078,thompson_sampling,2,35336.70664978027
2733,ac040_00016,157,217.29037475585938,thompson_sampling,2,35336.70664978027
2734,ac040_00016,158,217.36032104492188,thompson_sampling,2,35336.70664978027
2735,ac040_00016,159,217.2174835205078,thompson_sampling,2,35336.70664978027
2736,ac040_00016,160,216.8873748779297,thompson_sampling,2,35336.70664978027
2737,ac040_00017,0,302.2976989746094,thompson_sampling,3,48076.702087402344
2738,ac040_00017,1,304.9379577636719,thompson_sampling,3,48076.702087402344
2739,ac040_00017,2,304.51507568359375,thompson_sampling,3,48076.702087402344
2740,ac040_00017,3,304.10906982421875,thompson_sampling,3,48076.702087402344
2741,ac040_00017,4,303.2852783203125,thompson_sampling,3,48076.702087402344
2742,ac040_00017,5,299.50177001953125,thompson_sampling,3,48076.702087402344
2743,ac040_00017,6,302.1123962402344,thompson_sampling,3,48076.702087402344
2744,ac040_00017,7,304.0062561035156,thompson_sampling,3,48076.702087402344
2745,ac040_00017,8,302.3956604003906,thompson_sampling,3,48076.702087402344
2746,ac040_00017,9,304.4005432128906,thompson_sampling,3,48076.702087402344
2747,ac040_00017,10,305.0044860839844,thompson_sampling,3,48076.702087402344
2748,ac040_00017,11,307.01605224609375,thompson_sampling,3,48076.702087402344
2749,ac040_00017,12,310.0104064941406,thompson_sampling,3,48076.702087402344
2750,ac040_00017,13,311.4270935058594,thompson_sampling,3,48076.702087402344
2751,ac040_00017,14,312.1069030761719,thompson_sampling,3,48076.702087402344
2752,ac040_00017,15,313.7694091796875,thompson_sampling,3,48076.702087402344
2753,ac040_00017,16,314.9674072265625,thompson_sampling,3,48076.702087402344
2754,ac040_00017,17,314.4931640625,thompson_sampling,3,48076.702087402344
2755,ac040_00017,18,316.1158142089844,thompson_sampling,3,48076.702087402344
2756,ac040_00017,19,309.51214599609375,thompson_sampling,3,48076.702087402344
2757,ac040_00017,20,310.505859375,thompson_sampling,3,48076.702087402344
2758,ac040_00017,21,312.140380859375,thompson_sampling,3,48076.702087402344
2759,ac040_00017,22,313.8132019042969,thompson_sampling,3,48076.702087402344
2760,ac040_00017,23,314.48773193359375,thompson_sampling,3,48076.702087402344
2761,ac040_00017,24,315.1834411621094,thompson_sampling,3,48076.702087402344
2762,ac040_00017,25,315.80133056640625,thompson_sampling,3,48076.702087402344
2763,ac040_00017,26,316.8328857421875,thompson_sampling,3,48076.702087402344
2764,ac040_00017,27,311.94842529296875,thompson_sampling,3,48076.702087402344
2765,ac040_00017,28,313.305419921875,thompson_sampling,3,48076.702087402344
2766,ac040_00017,29,314.9320373535156,thompson_sampling,3,48076.702087402344
2767,ac040_00017,30,313.1872863769531,thompson_sampling,3,48076.702087402344
2768,ac040_00017,31,312.01031494140625,thompson_sampling,3,48076.702087402344
2769,ac040_00017,32,312.84857177734375,thompson_sampling,3,48076.702087402344
2770,ac040_00017,33,313.8414001464844,thompson_sampling,3,48076.702087402344
2771,ac040_00017,34,316.18841552734375,thompson_sampling,3,48076.702087402344
2772,ac040_00017,35,316.2886047363281,thompson_sampling,3,48076.702087402344
2773,ac040_00017,36,318.36932373046875,thompson_sampling,3,48076.702087402344
2774,ac040_00017,37,318.7788391113281,thompson_sampling,3,48076.702087402344
2775,ac040_00017,38,319.64630126953125,thompson_sampling,3,48076.702087402344
2776,ac040_00017,39,319.93414306640625,thompson_sampling,3,48076.702087402344
2777,ac040_00017,40,315.01177978515625,thompson_sampling,3,48076.702087402344
2778,ac040_00017,41,316.13946533203125,thompson_sampling,3,48076.702087402344
2779,ac040_00017,42,316.5699157714844,thompson_sampling,3,48076.702087402344
2780,ac040_00017,43,316.5873718261719,thompson_sampling,3,48076.702087402344
2781,ac040_00017,44,314.07684326171875,thompson_sampling,3,48076.702087402344
2782,ac040_00017,45,314.9806213378906,thompson_sampling,3,48076.702087402344
2783,ac040_00017,46,307.3161926269531,thompson_sampling,3,48076.702087402344
2784,ac040_00017,47,308.44390869140625,thompson_sampling,3,48076.702087402344
2785,ac040_00017,48,308.05206298828125,thompson_sampling,3,48076.702087402344
2786,ac040_00017,49,308.97308349609375,thompson_sampling,3,48076.702087402344
2787,ac040_00017,50,306.69073486328125,thompson_sampling,3,48076.702087402344
2788,ac040_00017,51,308.364013671875,thompson_sampling,3,48076.702087402344
2789,ac040_00017,52,309.176513671875,thompson_sampling,3,48076.702087402344
2790,ac040_00017,53,304.36456298828125,thompson_sampling,3,48076.702087402344
2791,ac040_00017,54,304.74884033203125,thompson_sampling,3,48076.702087402344
2792,ac040_00017,55,304.4573974609375,thompson_sampling,3,48076.702087402344
2793,ac040_00017,56,305.9440612792969,thompson_sampling,3,48076.702087402344
2794,ac040_00017,57,306.4411926269531,thompson_sampling,3,48076.702087402344
2795,ac040_00017,58,307.1871032714844,thompson_sampling,3,48076.702087402344
2796,ac040_00017,59,307.3660583496094,thompson_sampling,3,48076.702087402344
2797,ac040_00017,60,306.42877197265625,thompson_sampling,3,48076.702087402344
2798,ac040_00017,61,307.440185546875,thompson_sampling,3,48076.702087402344
2799,ac040_00017,62,303.37945556640625,thompson_sampling,3,48076.702087402344
2800,ac040_00017,63,303.74639892578125,thompson_sampling,3,48076.702087402344
2801,ac040_00017,64,304.342041015625,thompson_sampling,3,48076.702087402344
2802,ac040_00017,65,304.7353515625,thompson_sampling,3,48076.702087402344
2803,ac040_00017,66,305.3438415527344,thompson_sampling,3,48076.702087402344
2804,ac040_00017,67,305.77880859375,thompson_sampling,3,48076.702087402344
2805,ac040_00017,68,305.79522705078125,thompson_sampling,3,48076.702087402344
2806,ac040_00017,69,306.13934326171875,thompson_sampling,3,48076.702087402344
2807,ac040_00017,70,306.6969909667969,thompson_sampling,3,48076.702087402344
2808,ac040_00017,71,307.5513916015625,thompson_sampling,3,48076.702087402344
2809,ac040_00017,72,308.38848876953125,thompson_sampling,3,48076.702087402344
2810,ac040_00017,73,304.25103759765625,thompson_sampling,3,48076.702087402344
2811,ac040_00017,74,303.79290771484375,thompson_sampling,3,48076.702087402344
2812,ac040_00017,75,304.0786437988281,thompson_sampling,3,48076.702087402344
2813,ac040_00017,76,303.8725891113281,thompson_sampling,3,48076.702087402344
2814,ac040_00017,77,303.7736511230469,thompson_sampling,3,48076.702087402344
2815,ac040_00017,78,301.43560791015625,thompson_sampling,3,48076.702087402344
2816,ac040_00017,79,300.032958984375,thompson_sampling,3,48076.702087402344
2817,ac040_00017,80,299.6632385253906,thompson_sampling,3,48076.702087402344
2818,ac040_00017,81,301.45343017578125,thompson_sampling,3,48076.702087402344
2819,ac040_00017,82,300.5279541015625,thompson_sampling,3,48076.702087402344
2820,ac040_00017,83,296.3800964355469,thompson_sampling,3,48076.702087402344
2821,ac040_00017,84,294.2626037597656,thompson_sampling,3,48076.702087402344
2822,ac040_00017,85,294.3018493652344,thompson_sampling,3,48076.702087402344
2823,ac040_00017,86,294.5445251464844,thompson_sampling,3,48076.702087402344
2824,ac040_00017,87,293.87957763671875,thompson_sampling,3,48076.702087402344
2825,ac040_00017,88,293.2371826171875,thompson_sampling,3,48076.702087402344
2826,ac040_00017,89,291.8863220214844,thompson_sampling,3,48076.702087402344
2827,ac040_00017,90,292.49713134765625,thompson_sampling,3,48076.702087402344
2828,ac040_00017,91,293.3372497558594,thompson_sampling,3,48076.702087402344
2829,ac040_00017,92,291.41583251953125,thompson_sampling,3,48076.702087402344
2830,ac040_00017,93,292.119140625,thompson_sampling,3,48076.702087402344
2831,ac040_00017,94,289.9512939453125,thompson_sampling,3,48076.702087402344
2832,ac040_00017,95,290.98260498046875,thompson_sampling,3,48076.702087402344
2833,ac040_00017,96,290.6795654296875,thompson_sampling,3,48076.702087402344
2834,ac040_00017,97,291.59149169921875,thompson_sampling,3,48076.702087402344
2835,ac040_00017,98,290.8616638183594,thompson_sampling,3,48076.702087402344
2836,ac040_00017,99,290.3642883300781,thompson_sampling,3,48076.702087402344
2837,ac040_00017,100,291.8409729003906,thompson_sampling,3,48076.702087402344
2838,ac040_00017,101,290.1170349121094,thompson_sampling,3,48076.702087402344
2839,ac040_00017,102,290.7607727050781,thompson_sampling,3,48076.702087402344
2840,ac040_00017,103,290.5169677734375,thompson_sampling,3,48076.702087402344
2841,ac040_00017,104,291.36944580078125,thompson_sampling,3,48076.702087402344
2842,ac040_00017,105,291.1673889160156,thompson_sampling,3,48076.702087402344
2843,ac040_00017,106,290.68072509765625,thompson_sampling,3,48076.702087402344
2844,ac040_00017,107,291.21099853515625,thompson_sampling,3,48076.702087402344
2845,ac040_00017,108,290.7171630859375,thompson_sampling,3,48076.702087402344
2846,ac040_00017,109,290.4159240722656,thompson_sampling,3,48076.702087402344
2847,ac040_00017,110,290.47601318359375,thompson_sampling,3,48076.702087402344
2848,ac040_00017,111,291.16473388671875,thompson_sampling,3,48076.702087402344
2849,ac040_00017,112,290.78509521484375,thompson_sampling,3,48076.702087402344
2850,ac040_00017,113,291.31866455078125,thompson_sampling,3,48076.702087402344
2851,ac040_00017,114,292.92840576171875,thompson_sampling,3,48076.702087402344
2852,ac040_00017,115,291.51153564453125,thompson_sampling,3,48076.702087402344
2853,ac040_00017,116,291.04095458984375,thompson_sampling,3,48076.702087402344
2854,ac040_00017,117,290.4028015136719,thompson_sampling,3,48076.702087402344
2855,ac040_00017,118,289.14141845703125,thompson_sampling,3,48076.702087402344
2856,ac040_00017,119,289.978515625,thompson_sampling,3,48076.702087402344
2857,ac040_00017,120,290.3080749511719,thompson_sampling,3,48076.702087402344
2858,ac040_00017,121,289.78997802734375,thompson_sampling,3,48076.702087402344
2859,ac040_00017,122,289.72100830078125,thompson_sampling,3,48076.702087402344
2860,ac040_00017,123,289.43243408203125,thompson_sampling,3,48076.702087402344
2861,ac040_00017,124,289.3768615722656,thompson_sampling,3,48076.702087402344
2862,ac040_00017,125,290.20343017578125,thompson_sampling,3,48076.702087402344
2863,ac040_00017,126,289.86431884765625,thompson_sampling,3,48076.702087402344
2864,ac040_00017,127,290.4950256347656,thompson_sampling,3,48076.702087402344
2865,ac040_00017,128,290.2764587402344,thompson_sampling,3,48076.702087402344
2866,ac040_00017,129,290.4338073730469,thompson_sampling,3,48076.702087402344
2867,ac040_00017,130,290.950439453125,thompson_sampling,3,48076.702087402344
2868,ac040_00017,131,291.1604919433594,thompson_sampling,3,48076.702087402344
2869,ac040_00017,132,291.27044677734375,thompson_sampling,3,48076.702087402344
2870,ac040_00017,133,291.7548828125,thompson_sampling,3,48076.702087402344
2871,ac040_00017,134,292.02960205078125,thompson_sampling,3,48076.702087402344
2872,ac040_00017,135,291.6490173339844,thompson_sampling,3,48076.702087402344
2873,ac040_00017,136,292.4870910644531,thompson_sampling,3,48076.702087402344
2874,ac040_00017,137,292.28515625,thompson_sampling,3,48076.702087402344
2875,ac040_00017,138,291.130126953125,thompson_sampling,3,48076.702087402344
2876,ac040_00017,139,291.7311706542969,thompson_sampling,3,48076.702087402344
2877,ac040_00017,140,291.34771728515625,thompson_sampling,3,48076.702087402344
2878,ac040_00017,141,291.3583679199219,thompson_sampling,3,48076.702087402344
2879,ac040_00017,142,291.6120910644531,thompson_sampling,3,48076.702087402344
2880,ac040_00017,143,291.941650390625,thompson_sampling,3,48076.702087402344
2881,ac040_00017,144,291.3985900878906,thompson_sampling,3,48076.702087402344
2882,ac040_00017,145,291.272705078125,thompson_sampling,3,48076.702087402344
2883,ac040_00017,146,292.2350158691406,thompson_sampling,3,48076.702087402344
2884,ac040_00017,147,291.8653869628906,thompson_sampling,3,48076.702087402344
2885,ac040_00017,148,292.3548583984375,thompson_sampling,3,48076.702087402344
2886,ac040_00017,149,292.4411315917969,thompson_sampling,3,48076.702087402344
2887,ac040_00017,150,291.7791442871094,thompson_sampling,3,48076.702087402344
2888,ac040_00017,151,291.4300842285156,thompson_sampling,3,48076.702087402344
2889,ac040_00017,152,291.9378662109375,thompson_sampling,3,48076.702087402344
2890,ac040_00017,153,291.63763427734375,thompson_sampling,3,48076.702087402344
2891,ac040_00017,154,292.7400817871094,thompson_sampling,3,48076.702087402344
2892,ac040_00017,155,293.19512939453125,thompson_sampling,3,48076.702087402344
2893,ac040_00017,156,291.9831848144531,thompson_sampling,3,48076.702087402344
2894,ac040_00017,157,292.11376953125,thompson_sampling,3,48076.702087402344
2895,ac040_00017,158,292.2292785644531,thompson_sampling,3,48076.702087402344
2896,ac040_00017,159,292.8071594238281,thompson_sampling,3,48076.702087402344
2897,ac040_00017,160,292.82781982421875,thompson_sampling,3,48076.702087402344
2898,ac040_00018,0,285.5582580566406,thompson_sampling,4,43798.987365722656
2899,ac040_00018,1,282.34588623046875,thompson_sampling,4,43798.987365722656
2900,ac040_00018,2,282.10986328125,thompson_sampling,4,43798.987365722656
2901,ac040_00018,3,282.444580078125,thompson_sampling,4,43798.987365722656
2902,ac040_00018,4,284.6297302246094,thompson_sampling,4,43798.987365722656
2903,ac040_00018,5,287.1229553222656,thompson_sampling,4,43798.987365722656
2904,ac040_00018,6,287.4183654785156,thompson_sampling,4,43798.987365722656
2905,ac040_00018,7,286.89788818359375,thompson_sampling,4,43798.987365722656
2906,ac040_00018,8,288.60028076171875,thompson_sampling,4,43798.987365722656
2907,ac040_00018,9,290.66455078125,thompson_sampling,4,43798.987365722656
2908,ac040_00018,10,277.78997802734375,thompson_sampling,4,43798.987365722656
2909,ac040_00018,11,295.8414001464844,thompson_sampling,4,43798.987365722656
2910,ac040_00018,12,289.6690368652344,thompson_sampling,4,43798.987365722656
2911,ac040_00018,13,289.463134765625,thompson_sampling,4,43798.987365722656
2912,ac040_00018,14,290.6015625,thompson_sampling,4,43798.987365722656
2913,ac040_00018,15,281.6046142578125,thompson_sampling,4,43798.987365722656
2914,ac040_00018,16,279.65777587890625,thompson_sampling,4,43798.987365722656
2915,ac040_00018,17,280.7760314941406,thompson_sampling,4,43798.987365722656
2916,ac040_00018,18,286.4042053222656,thompson_sampling,4,43798.987365722656
2917,ac040_00018,19,279.48736572265625,thompson_sampling,4,43798.987365722656
2918,ac040_00018,20,279.552734375,thompson_sampling,4,43798.987365722656
2919,ac040_00018,21,281.146728515625,thompson_sampling,4,43798.987365722656
2920,ac040_00018,22,279.89453125,thompson_sampling,4,43798.987365722656
2921,ac040_00018,23,281.1978454589844,thompson_sampling,4,43798.987365722656
2922,ac040_00018,24,281.33807373046875,thompson_sampling,4,43798.987365722656
2923,ac040_00018,25,281.54150390625,thompson_sampling,4,43798.987365722656
2924,ac040_00018,26,280.17816162109375,thompson_sampling,4,43798.987365722656
2925,ac040_00018,27,280.3678283691406,thompson_sampling,4,43798.987365722656
2926,ac040_00018,28,280.99798583984375,thompson_sampling,4,43798.987365722656
2927,ac040_00018,29,279.8551025390625,thompson_sampling,4,43798.987365722656
2928,ac040_00018,30,280.53582763671875,thompson_sampling,4,43798.987365722656
2929,ac040_00018,31,280.36419677734375,thompson_sampling,4,43798.987365722656
2930,ac040_00018,32,282.1550598144531,thompson_sampling,4,43798.987365722656
2931,ac040_00018,33,279.19366455078125,thompson_sampling,4,43798.987365722656
2932,ac040_00018,34,279.6881408691406,thompson_sampling,4,43798.987365722656
2933,ac040_00018,35,278.129638671875,thompson_sampling,4,43798.987365722656
2934,ac040_00018,36,280.255615234375,thompson_sampling,4,43798.987365722656
2935,ac040_00018,37,277.9306640625,thompson_sampling,4,43798.987365722656
2936,ac040_00018,38,274.0609436035156,thompson_sampling,4,43798.987365722656
2937,ac040_00018,39,276.17633056640625,thompson_sampling,4,43798.987365722656
2938,ac040_00018,40,274.9048156738281,thompson_sampling,4,43798.987365722656
2939,ac040_00018,41,274.09063720703125,thompson_sampling,4,43798.987365722656
2940,ac040_00018,42,274.08087158203125,thompson_sampling,4,43798.987365722656
2941,ac040_00018,43,274.5827941894531,thompson_sampling,4,43798.987365722656
2942,ac040_00018,44,274.1661071777344,thompson_sampling,4,43798.987365722656
2943,ac040_00018,45,274.82049560546875,thompson_sampling,4,43798.987365722656
2944,ac040_00018,46,274.17535400390625,thompson_sampling,4,43798.987365722656
2945,ac040_00018,47,276.83758544921875,thompson_sampling,4,43798.987365722656
2946,ac040_00018,48,273.56097412109375,thompson_sampling,4,43798.987365722656
2947,ac040_00018,49,274.48443603515625,thompson_sampling,4,43798.987365722656
2948,ac040_00018,50,273.0488586425781,thompson_sampling,4,43798.987365722656
2949,ac040_00018,51,275.42938232421875,thompson_sampling,4,43798.987365722656
2950,ac040_00018,52,270.77056884765625,thompson_sampling,4,43798.987365722656
2951,ac040_00018,53,270.96771240234375,thompson_sampling,4,43798.987365722656
2952,ac040_00018,54,269.566650390625,thompson_sampling,4,43798.987365722656
2953,ac040_00018,55,269.9935607910156,thompson_sampling,4,43798.987365722656
2954,ac040_00018,56,269.9327087402344,thompson_sampling,4,43798.987365722656
2955,ac040_00018,57,270.6640319824219,thompson_sampling,4,43798.987365722656
2956,ac040_00018,58,270.8887023925781,thompson_sampling,4,43798.987365722656
2957,ac040_00018,59,274.3850402832031,thompson_sampling,4,43798.987365722656
2958,ac040_00018,60,271.87237548828125,thompson_sampling,4,43798.987365722656
2959,ac040_00018,61,271.7420959472656,thompson_sampling,4,43798.987365722656
2960,ac040_00018,62,272.00054931640625,thompson_sampling,4,43798.987365722656
2961,ac040_00018,63,272.3998718261719,thompson_sampling,4,43798.987365722656
2962,ac040_00018,64,271.574951171875,thompson_sampling,4,43798.987365722656
2963,ac040_00018,65,269.8257751464844,thompson_sampling,4,43798.987365722656
2964,ac040_00018,66,271.35772705078125,thompson_sampling,4,43798.987365722656
2965,ac040_00018,67,269.99664306640625,thompson_sampling,4,43798.987365722656
2966,ac040_00018,68,270.9769592285156,thompson_sampling,4,43798.987365722656
2967,ac040_00018,69,270.53668212890625,thompson_sampling,4,43798.987365722656
2968,ac040_00018,70,276.71710205078125,thompson_sampling,4,43798.987365722656
2969,ac040_00018,71,278.5161437988281,thompson_sampling,4,43798.987365722656
2970,ac040_00018,72,278.2413330078125,thompson_sampling,4,43798.987365722656
2971,ac040_00018,73,277.7828063964844,thompson_sampling,4,43798.987365722656
2972,ac040_00018,74,277.29998779296875,thompson_sampling,4,43798.987365722656
2973,ac040_00018,75,280.79058837890625,thompson_sampling,4,43798.987365722656
2974,ac040_00018,76,279.33148193359375,thompson_sampling,4,43798.987365722656
2975,ac040_00018,77,277.28466796875,thompson_sampling,4,43798.987365722656
2976,ac040_00018,78,276.793701171875,thompson_sampling,4,43798.987365722656
2977,ac040_00018,79,276.77789306640625,thompson_sampling,4,43798.987365722656
2978,ac040_00018,80,277.744140625,thompson_sampling,4,43798.987365722656
2979,ac040_00018,81,276.7576599121094,thompson_sampling,4,43798.987365722656
2980,ac040_00018,82,274.138427734375,thompson_sampling,4,43798.987365722656
2981,ac040_00018,83,273.69427490234375,thompson_sampling,4,43798.987365722656
2982,ac040_00018,84,273.37335205078125,thompson_sampling,4,43798.987365722656
2983,ac040_00018,85,273.51800537109375,thompson_sampling,4,43798.987365722656
2984,ac040_00018,86,275.16510009765625,thompson_sampling,4,43798.987365722656
2985,ac040_00018,87,275.4837951660156,thompson_sampling,4,43798.987365722656
2986,ac040_00018,88,272.9642639160156,thompson_sampling,4,43798.987365722656
2987,ac040_00018,89,272.4801025390625,thompson_sampling,4,43798.987365722656
2988,ac040_00018,90,272.74310302734375,thompson_sampling,4,43798.987365722656
2989,ac040_00018,91,271.56207275390625,thompson_sampling,4,43798.987365722656
2990,ac040_00018,92,269.5169982910156,thompson_sampling,4,43798.987365722656
2991,ac040_00018,93,269.075927734375,thompson_sampling,4,43798.987365722656
2992,ac040_00018,94,269.9468994140625,thompson_sampling,4,43798.987365722656
2993,ac040_00018,95,270.1683349609375,thompson_sampling,4,43798.987365722656
2994,ac040_00018,96,269.77508544921875,thompson_sampling,4,43798.987365722656
2995,ac040_00018,97,270.31378173828125,thompson_sampling,4,43798.987365722656
2996,ac040_00018,98,271.3646240234375,thompson_sampling,4,43798.987365722656
2997,ac040_00018,99,271.9938049316406,thompson_sampling,4,43798.987365722656
2998,ac040_00018,100,270.3719177246094,thompson_sampling,4,43798.987365722656
2999,ac040_00018,101,270.2563171386719,thompson_sampling,4,43798.987365722656
3000,ac040_00018,102,270.6308288574219,thompson_sampling,4,43798.987365722656
3001,ac040_00018,103,270.57183837890625,thompson_sampling,4,43798.987365722656
3002,ac040_00018,104,270.35235595703125,thompson_sampling,4,43798.987365722656
3003,ac040_00018,105,269.9129333496094,thompson_sampling,4,43798.987365722656
3004,ac040_00018,106,269.34991455078125,thompson_sampling,4,43798.987365722656
3005,ac040_00018,107,268.1436767578125,thompson_sampling,4,43798.987365722656
3006,ac040_00018,108,269.51226806640625,thompson_sampling,4,43798.987365722656
3007,ac040_00018,109,268.69500732421875,thompson_sampling,4,43798.987365722656
3008,ac040_00018,110,268.5377502441406,thompson_sampling,4,43798.987365722656
3009,ac040_00018,111,268.5904541015625,thompson_sampling,4,43798.987365722656
3010,ac040_00018,112,269.5146179199219,thompson_sampling,4,43798.987365722656
3011,ac040_00018,113,268.83697509765625,thompson_sampling,4,43798.987365722656
3012,ac040_00018,114,267.7084045410156,thompson_sampling,4,43798.987365722656
3013,ac040_00018,115,271.1851806640625,thompson_sampling,4,43798.987365722656
3014,ac040_00018,116,271.047119140625,thompson_sampling,4,43798.987365722656
3015,ac040_00018,117,270.3411560058594,thompson_sampling,4,43798.987365722656
3016,ac040_00018,118,270.01702880859375,thompson_sampling,4,43798.987365722656
3017,ac040_00018,119,271.48388671875,thompson_sampling,4,43798.987365722656
3018,ac040_00018,120,270.50482177734375,thompson_sampling,4,43798.987365722656
3019,ac040_00018,121,270.6956481933594,thompson_sampling,4,43798.987365722656
3020,ac040_00018,122,270.20635986328125,thompson_sampling,4,43798.987365722656
3021,ac040_00018,123,271.2077941894531,thompson_sampling,4,43798.987365722656
3022,ac040_00018,124,270.752197265625,thompson_sampling,4,43798.987365722656
3023,ac040_00018,125,269.3464660644531,thompson_sampling,4,43798.987365722656
3024,ac040_00018,126,269.47796630859375,thompson_sampling,4,43798.987365722656
3025,ac040_00018,127,270.6785583496094,thompson_sampling,4,43798.987365722656
3026,ac040_00018,128,270.4947814941406,thompson_sampling,4,43798.987365722656
3027,ac040_00018,129,270.20306396484375,thompson_sampling,4,43798.987365722656
3028,ac040_00018,130,269.89398193359375,thompson_sampling,4,43798.987365722656
3029,ac040_00018,131,269.290771484375,thompson_sampling,4,43798.987365722656
3030,ac040_00018,132,268.2455139160156,thompson_sampling,4,43798.987365722656
3031,ac040_00018,133,267.80743408203125,thompson_sampling,4,43798.987365722656
3032,ac040_00018,134,268.18182373046875,thompson_sampling,4,43798.987365722656
3033,ac040_00018,135,268.51434326171875,thompson_sampling,4,43798.987365722656
3034,ac040_00018,136,267.9193420410156,thompson_sampling,4,43798.987365722656
3035,ac040_00018,137,267.66119384765625,thompson_sampling,4,43798.987365722656
3036,ac040_00018,138,267.76824951171875,thompson_sampling,4,43798.987365722656
3037,ac040_00018,139,267.49127197265625,thompson_sampling,4,43798.987365722656
3038,ac040_00018,140,267.29852294921875,thompson_sampling,4,43798.987365722656
3039,ac040_00018,141,267.3150329589844,thompson_sampling,4,43798.987365722656
3040,ac040_00018,142,267.15179443359375,thompson_sampling,4,43798.987365722656
3041,ac040_00018,143,266.9681701660156,thompson_sampling,4,43798.987365722656
3042,ac040_00018,144,266.35089111328125,thompson_sampling,4,43798.987365722656
3043,ac040_00018,145,266.27410888671875,thompson_sampling,4,43798.987365722656
3044,ac040_00018,146,267.12646484375,thompson_sampling,4,43798.987365722656
3045,ac040_00018,147,266.046142578125,thompson_sampling,4,43798.987365722656
3046,ac040_00018,148,265.6899719238281,thompson_sampling,4,43798.987365722656
3047,ac040_00018,149,265.78778076171875,thompson_sampling,4,43798.987365722656
3048,ac040_00018,150,265.1609802246094,thompson_sampling,4,43798.987365722656
3049,ac040_00018,151,265.44354248046875,thompson_sampling,4,43798.987365722656
3050,ac040_00018,152,265.39251708984375,thompson_sampling,4,43798.987365722656
3051,ac040_00018,153,265.3488464355469,thompson_sampling,4,43798.987365722656
3052,ac040_00018,154,265.730712890625,thompson_sampling,4,43798.987365722656
3053,ac040_00018,155,265.3724060058594,thompson_sampling,4,43798.987365722656
3054,ac040_00018,156,265.2841796875,thompson_sampling,4,43798.987365722656
3055,ac040_00018,157,265.13812255859375,thompson_sampling,4,43798.987365722656
3056,ac040_00018,158,265.33355712890625,thompson_sampling,4,43798.987365722656
3057,ac040_00018,159,264.96221923828125,thompson_sampling,4,43798.987365722656
3058,ac040_00018,160,265.18133544921875,thompson_sampling,4,43798.987365722656
3059,ac040_00019,0,221.3030242919922,thompson_sampling,5,34358.61924743652
3060,ac040_00019,1,219.303955078125,thompson_sampling,5,34358.61924743652
3061,ac040_00019,2,214.35134887695312,thompson_sampling,5,34358.61924743652
3062,ac040_00019,3,213.37890625,thompson_sampling,5,34358.61924743652
3063,ac040_00019,4,213.06082153320312,thompson_sampling,5,34358.61924743652
3064,ac040_00019,5,213.98953247070312,thompson_sampling,5,34358.61924743652
3065,ac040_00019,6,214.39306640625,thompson_sampling,5,34358.61924743652
3066,ac040_00019,7,212.8390655517578,thompson_sampling,5,34358.61924743652
3067,ac040_00019,8,213.43862915039062,thompson_sampling,5,34358.61924743652
3068,ac040_00019,9,213.64895629882812,thompson_sampling,5,34358.61924743652
3069,ac040_00019,10,213.54345703125,thompson_sampling,5,34358.61924743652
3070,ac040_00019,11,214.3568878173828,thompson_sampling,5,34358.61924743652
3071,ac040_00019,12,214.3127899169922,thompson_sampling,5,34358.61924743652
3072,ac040_00019,13,215.0547637939453,thompson_sampling,5,34358.61924743652
3073,ac040_00019,14,215.6558837890625,thompson_sampling,5,34358.61924743652
3074,ac040_00019,15,215.2341766357422,thompson_sampling,5,34358.61924743652
3075,ac040_00019,16,214.84066772460938,thompson_sampling,5,34358.61924743652
3076,ac040_00019,17,215.0092315673828,thompson_sampling,5,34358.61924743652
3077,ac040_00019,18,216.264404296875,thompson_sampling,5,34358.61924743652
3078,ac040_00019,19,216.34207153320312,thompson_sampling,5,34358.61924743652
3079,ac040_00019,20,214.6171417236328,thompson_sampling,5,34358.61924743652
3080,ac040_00019,21,214.2951202392578,thompson_sampling,5,34358.61924743652
3081,ac040_00019,22,214.47317504882812,thompson_sampling,5,34358.61924743652
3082,ac040_00019,23,212.10726928710938,thompson_sampling,5,34358.61924743652
3083,ac040_00019,24,211.6129913330078,thompson_sampling,5,34358.61924743652
3084,ac040_00019,25,212.1986846923828,thompson_sampling,5,34358.61924743652
3085,ac040_00019,26,212.51089477539062,thompson_sampling,5,34358.61924743652
3086,ac040_00019,27,211.9009552001953,thompson_sampling,5,34358.61924743652
3087,ac040_00019,28,212.29067993164062,thompson_sampling,5,34358.61924743652
3088,ac040_00019,29,211.76516723632812,thompson_sampling,5,34358.61924743652
3089,ac040_00019,30,213.00341796875,thompson_sampling,5,34358.61924743652
3090,ac040_00019,31,214.20791625976562,thompson_sampling,5,34358.61924743652
3091,ac040_00019,32,212.6512451171875,thompson_sampling,5,34358.61924743652
3092,ac040_00019,33,213.15310668945312,thompson_sampling,5,34358.61924743652
3093,ac040_00019,34,213.6450653076172,thompson_sampling,5,34358.61924743652
3094,ac040_00019,35,215.1868438720703,thompson_sampling,5,34358.61924743652
3095,ac040_00019,36,215.9606475830078,thompson_sampling,5,34358.61924743652
3096,ac040_00019,37,214.72348022460938,thompson_sampling,5,34358.61924743652
3097,ac040_00019,38,212.7514190673828,thompson_sampling,5,34358.61924743652
3098,ac040_00019,39,212.3874969482422,thompson_sampling,5,34358.61924743652
3099,ac040_00019,40,212.7922821044922,thompson_sampling,5,34358.61924743652
3100,ac040_00019,41,212.8347625732422,thompson_sampling,5,34358.61924743652
3101,ac040_00019,42,211.537841796875,thompson_sampling,5,34358.61924743652
3102,ac040_00019,43,212.05520629882812,thompson_sampling,5,34358.61924743652
3103,ac040_00019,44,211.8276824951172,thompson_sampling,5,34358.61924743652
3104,ac040_00019,45,211.71475219726562,thompson_sampling,5,34358.61924743652
3105,ac040_00019,46,212.17977905273438,thompson_sampling,5,34358.61924743652
3106,ac040_00019,47,211.61782836914062,thompson_sampling,5,34358.61924743652
3107,ac040_00019,48,213.7552490234375,thompson_sampling,5,34358.61924743652
3108,ac040_00019,49,214.19906616210938,thompson_sampling,5,34358.61924743652
3109,ac040_00019,50,214.5734100341797,thompson_sampling,5,34358.61924743652
3110,ac040_00019,51,214.6533966064453,thompson_sampling,5,34358.61924743652
3111,ac040_00019,52,215.84130859375,thompson_sampling,5,34358.61924743652
3112,ac040_00019,53,214.7340545654297,thompson_sampling,5,34358.61924743652
3113,ac040_00019,54,214.38449096679688,thompson_sampling,5,34358.61924743652
3114,ac040_00019,55,214.3773193359375,thompson_sampling,5,34358.61924743652
3115,ac040_00019,56,216.76077270507812,thompson_sampling,5,34358.61924743652
3116,ac040_00019,57,217.42138671875,thompson_sampling,5,34358.61924743652
3117,ac040_00019,58,219.03665161132812,thompson_sampling,5,34358.61924743652
3118,ac040_00019,59,219.6000213623047,thompson_sampling,5,34358.61924743652
3119,ac040_00019,60,218.6759490966797,thompson_sampling,5,34358.61924743652
3120,ac040_00019,61,219.0037841796875,thompson_sampling,5,34358.61924743652
3121,ac040_00019,62,221.13204956054688,thompson_sampling,5,34358.61924743652
3122,ac040_00019,63,219.4445037841797,thompson_sampling,5,34358.61924743652
3123,ac040_00019,64,219.3275909423828,thompson_sampling,5,34358.61924743652
3124,ac040_00019,65,219.04544067382812,thompson_sampling,5,34358.61924743652
3125,ac040_00019,66,219.5899200439453,thompson_sampling,5,34358.61924743652
3126,ac040_00019,67,218.807861328125,thompson_sampling,5,34358.61924743652
3127,ac040_00019,68,221.8311004638672,thompson_sampling,5,34358.61924743652
3128,ac040_00019,69,221.3135986328125,thompson_sampling,5,34358.61924743652
3129,ac040_00019,70,219.96707153320312,thompson_sampling,5,34358.61924743652
3130,ac040_00019,71,220.05697631835938,thompson_sampling,5,34358.61924743652
3131,ac040_00019,72,219.31753540039062,thompson_sampling,5,34358.61924743652
3132,ac040_00019,73,218.6887664794922,thompson_sampling,5,34358.61924743652
3133,ac040_00019,74,218.61831665039062,thompson_sampling,5,34358.61924743652
3134,ac040_00019,75,217.46090698242188,thompson_sampling,5,34358.61924743652
3135,ac040_00019,76,217.2172393798828,thompson_sampling,5,34358.61924743652
3136,ac040_00019,77,217.0565185546875,thompson_sampling,5,34358.61924743652
3137,ac040_00019,78,216.9890594482422,thompson_sampling,5,34358.61924743652
3138,ac040_00019,79,215.84603881835938,thompson_sampling,5,34358.61924743652
3139,ac040_00019,80,215.8170928955078,thompson_sampling,5,34358.61924743652
3140,ac040_00019,81,215.4700469970703,thompson_sampling,5,34358.61924743652
3141,ac040_00019,82,215.63406372070312,thompson_sampling,5,34358.61924743652
3142,ac040_00019,83,215.4541473388672,thompson_sampling,5,34358.61924743652
3143,ac040_00019,84,216.75534057617188,thompson_sampling,5,34358.61924743652
3144,ac040_00019,85,215.4942626953125,thompson_sampling,5,34358.61924743652
3145,ac040_00019,86,216.5310821533203,thompson_sampling,5,34358.61924743652
3146,ac040_00019,87,216.21444702148438,thompson_sampling,5,34358.61924743652
3147,ac040_00019,88,216.1487579345703,thompson_sampling,5,34358.61924743652
3148,ac040_00019,89,216.13076782226562,thompson_sampling,5,34358.61924743652
3149,ac040_00019,90,215.9230499267578,thompson_sampling,5,34358.61924743652
3150,ac040_00019,91,215.6869354248047,thompson_sampling,5,34358.61924743652
3151,ac040_00019,92,215.55990600585938,thompson_sampling,5,34358.61924743652
3152,ac040_00019,93,216.45248413085938,thompson_sampling,5,34358.61924743652
3153,ac040_00019,94,215.72225952148438,thompson_sampling,5,34358.61924743652
3154,ac040_00019,95,217.42138671875,thompson_sampling,5,34358.61924743652
3155,ac040_00019,96,214.87832641601562,thompson_sampling,5,34358.61924743652
3156,ac040_00019,97,214.478515625,thompson_sampling,5,34358.61924743652
3157,ac040_00019,98,214.7046661376953,thompson_sampling,5,34358.61924743652
3158,ac040_00019,99,213.95742797851562,thompson_sampling,5,34358.61924743652
3159,ac040_00019,100,214.28378295898438,thompson_sampling,5,34358.61924743652
3160,ac040_00019,101,214.9461669921875,thompson_sampling,5,34358.61924743652
3161,ac040_00019,102,214.76779174804688,thompson_sampling,5,34358.61924743652
3162,ac040_00019,103,214.58349609375,thompson_sampling,5,34358.61924743652
3163,ac040_00019,104,213.1776580810547,thompson_sampling,5,34358.61924743652
3164,ac040_00019,105,213.04519653320312,thompson_sampling,5,34358.61924743652
3165,ac040_00019,106,212.78085327148438,thompson_sampling,5,34358.61924743652
3166,ac040_00019,107,213.5832977294922,thompson_sampling,5,34358.61924743652
3167,ac040_00019,108,212.47909545898438,thompson_sampling,5,34358.61924743652
3168,ac040_00019,109,212.466552734375,thompson_sampling,5,34358.61924743652
3169,ac040_00019,110,212.5467529296875,thompson_sampling,5,34358.61924743652
3170,ac040_00019,111,213.37295532226562,thompson_sampling,5,34358.61924743652
3171,ac040_00019,112,212.3837890625,thompson_sampling,5,34358.61924743652
3172,ac040_00019,113,213.11495971679688,thompson_sampling,5,34358.61924743652
3173,ac040_00019,114,213.37863159179688,thompson_sampling,5,34358.61924743652
3174,ac040_00019,115,213.6969757080078,thompson_sampling,5,34358.61924743652
3175,ac040_00019,116,213.83224487304688,thompson_sampling,5,34358.61924743652
3176,ac040_00019,117,213.0830841064453,thompson_sampling,5,34358.61924743652
3177,ac040_00019,118,213.1305389404297,thompson_sampling,5,34358.61924743652
3178,ac040_00019,119,213.3744354248047,thompson_sampling,5,34358.61924743652
3179,ac040_00019,120,213.8152313232422,thompson_sampling,5,34358.61924743652
3180,ac040_00019,121,213.1787872314453,thompson_sampling,5,34358.61924743652
3181,ac040_00019,122,213.1538543701172,thompson_sampling,5,34358.61924743652
3182,ac040_00019,123,214.12881469726562,thompson_sampling,5,34358.61924743652
3183,ac040_00019,124,213.3819122314453,thompson_sampling,5,34358.61924743652
3184,ac040_00019,125,213.09463500976562,thompson_sampling,5,34358.61924743652
3185,ac040_00019,126,213.8897705078125,thompson_sampling,5,34358.61924743652
3186,ac040_00019,127,213.4170684814453,thompson_sampling,5,34358.61924743652
3187,ac040_00019,128,213.4004669189453,thompson_sampling,5,34358.61924743652
3188,ac040_00019,129,212.73336791992188,thompson_sampling,5,34358.61924743652
3189,ac040_00019,130,213.32913208007812,thompson_sampling,5,34358.61924743652
3190,ac040_00019,131,214.36038208007812,thompson_sampling,5,34358.61924743652
3191,ac040_00019,132,214.5595245361328,thompson_sampling,5,34358.61924743652
3192,ac040_00019,133,214.2376251220703,thompson_sampling,5,34358.61924743652
3193,ac040_00019,134,214.6998748779297,thompson_sampling,5,34358.61924743652
3194,ac040_00019,135,214.2033233642578,thompson_sampling,5,34358.61924743652
3195,ac040_00019,136,213.8272705078125,thompson_sampling,5,34358.61924743652
3196,ac040_00019,137,214.47189331054688,thompson_sampling,5,34358.61924743652
3197,ac040_00019,138,213.65750122070312,thompson_sampling,5,34358.61924743652
3198,ac040_00019,139,213.92648315429688,thompson_sampling,5,34358.61924743652
3199,ac040_00019,140,213.5923309326172,thompson_sampling,5,34358.61924743652
3200,ac040_00019,141,213.9691162109375,thompson_sampling,5,34358.61924743652
3201,ac040_00019,142,213.3055419921875,thompson_sampling,5,34358.61924743652
3202,ac040_00019,143,212.798828125,thompson_sampling,5,34358.61924743652
3203,ac040_00019,144,212.6120147705078,thompson_sampling,5,34358.61924743652
3204,ac040_00019,145,212.86013793945312,thompson_sampling,5,34358.61924743652
3205,ac040_00019,146,212.4382781982422,thompson_sampling,5,34358.61924743652
3206,ac040_00019,147,213.5759735107422,thompson_sampling,5,34358.61924743652
3207,ac040_00019,148,213.0647430419922,thompson_sampling,5,34358.61924743652
3208,ac040_00019,149,213.1995391845703,thompson_sampling,5,34358.61924743652
3209,ac040_00019,150,213.0426483154297,thompson_sampling,5,34358.61924743652
3210,ac040_00019,151,212.86502075195312,thompson_sampling,5,34358.61924743652
3211,ac040_00019,152,213.5649871826172,thompson_sampling,5,34358.61924743652
3212,ac040_00019,153,215.27383422851562,thompson_sampling,5,34358.61924743652
3213,ac040_00019,154,214.18801879882812,thompson_sampling,5,34358.61924743652
3214,ac040_00019,155,214.60989379882812,thompson_sampling,5,34358.61924743652
3215,ac040_00019,156,214.65524291992188,thompson_sampling,5,34358.61924743652
3216,ac040_00019,157,214.38037109375,thompson_sampling,5,34358.61924743652
3217,ac040_00019,158,214.53369140625,thompson_sampling,5,34358.61924743652
3218,ac040_00019,159,214.39413452148438,thompson_sampling,5,34358.61924743652
3219,ac040_00019,160,214.7288055419922,thompson_sampling,5,34358.61924743652
3220,ac040_00020,0,235.29611206054688,random,1,36724.42517089844
3221,ac040_00020,1,242.60739135742188,random,1,36724.42517089844
3222,ac040_00020,2,236.5932159423828,random,1,36724.42517089844
3223,ac040_00020,3,252.11923217773438,random,1,36724.42517089844
3224,ac040_00020,4,243.07876586914062,random,1,36724.42517089844
3225,ac040_00020,5,245.28555297851562,random,1,36724.42517089844
3226,ac040_00020,6,243.0371856689453,random,1,36724.42517089844
3227,ac040_00020,7,239.03750610351562,random,1,36724.42517089844
3228,ac040_00020,8,233.2748260498047,random,1,36724.42517089844
3229,ac040_00020,9,232.7550506591797,random,1,36724.42517089844
3230,ac040_00020,10,231.09561157226562,random,1,36724.42517089844
3231,ac040_00020,11,231.77731323242188,random,1,36724.42517089844
3232,ac040_00020,12,237.3759765625,random,1,36724.42517089844
3233,ac040_00020,13,235.8208465576172,random,1,36724.42517089844
3234,ac040_00020,14,236.90719604492188,random,1,36724.42517089844
3235,ac040_00020,15,235.40695190429688,random,1,36724.42517089844
3236,ac040_00020,16,237.74380493164062,random,1,36724.42517089844
3237,ac040_00020,17,233.4660186767578,random,1,36724.42517089844
3238,ac040_00020,18,230.9547576904297,random,1,36724.42517089844
3239,ac040_00020,19,230.93386840820312,random,1,36724.42517089844
3240,ac040_00020,20,233.1980438232422,random,1,36724.42517089844
3241,ac040_00020,21,231.58071899414062,random,1,36724.42517089844
3242,ac040_00020,22,230.4812469482422,random,1,36724.42517089844
3243,ac040_00020,23,231.25643920898438,random,1,36724.42517089844
3244,ac040_00020,24,231.5529327392578,random,1,36724.42517089844
3245,ac040_00020,25,232.78884887695312,random,1,36724.42517089844
3246,ac040_00020,26,229.9814453125,random,1,36724.42517089844
3247,ac040_00020,27,228.36557006835938,random,1,36724.42517089844
3248,ac040_00020,28,230.43310546875,random,1,36724.42517089844
3249,ac040_00020,29,230.776123046875,random,1,36724.42517089844
3250,ac040_00020,30,234.0133056640625,random,1,36724.42517089844
3251,ac040_00020,31,234.4069366455078,random,1,36724.42517089844
3252,ac040_00020,32,234.64724731445312,random,1,36724.42517089844
3253,ac040_00020,33,230.77316284179688,random,1,36724.42517089844
3254,ac040_00020,34,231.44961547851562,random,1,36724.42517089844
3255,ac040_00020,35,229.07852172851562,random,1,36724.42517089844
3256,ac040_00020,36,227.64682006835938,random,1,36724.42517089844
3257,ac040_00020,37,228.72396850585938,random,1,36724.42517089844
3258,ac040_00020,38,229.1354522705078,random,1,36724.42517089844
3259,ac040_00020,39,229.2034149169922,random,1,36724.42517089844
3260,ac040_00020,40,228.59982299804688,random,1,36724.42517089844
3261,ac040_00020,41,229.5499267578125,random,1,36724.42517089844
3262,ac040_00020,42,228.8515625,random,1,36724.42517089844
3263,ac040_00020,43,229.5625457763672,random,1,36724.42517089844
3264,ac040_00020,44,229.4357147216797,random,1,36724.42517089844
3265,ac040_00020,45,227.5958251953125,random,1,36724.42517089844
3266,ac040_00020,46,228.3008575439453,random,1,36724.42517089844
3267,ac040_00020,47,228.21499633789062,random,1,36724.42517089844
3268,ac040_00020,48,228.59909057617188,random,1,36724.42517089844
3269,ac040_00020,49,228.2926025390625,random,1,36724.42517089844
3270,ac040_00020,50,229.1405487060547,random,1,36724.42517089844
3271,ac040_00020,51,229.44979858398438,random,1,36724.42517089844
3272,ac040_00020,52,229.1277313232422,random,1,36724.42517089844
3273,ac040_00020,53,228.7231903076172,random,1,36724.42517089844
3274,ac040_00020,54,228.3135986328125,random,1,36724.42517089844
3275,ac040_00020,55,227.76907348632812,random,1,36724.42517089844
3276,ac040_00020,56,228.55258178710938,random,1,36724.42517089844
3277,ac040_00020,57,228.1820068359375,random,1,36724.42517089844
3278,ac040_00020,58,228.2323760986328,random,1,36724.42517089844
3279,ac040_00020,59,227.92855834960938,random,1,36724.42517089844
3280,ac040_00020,60,227.8681640625,random,1,36724.42517089844
3281,ac040_00020,61,230.3813934326172,random,1,36724.42517089844
3282,ac040_00020,62,227.82070922851562,random,1,36724.42517089844
3283,ac040_00020,63,227.5947723388672,random,1,36724.42517089844
3284,ac040_00020,64,229.29849243164062,random,1,36724.42517089844
3285,ac040_00020,65,228.22085571289062,random,1,36724.42517089844
3286,ac040_00020,66,228.1487579345703,random,1,36724.42517089844
3287,ac040_00020,67,227.9466552734375,random,1,36724.42517089844
3288,ac040_00020,68,228.77853393554688,random,1,36724.42517089844
3289,ac040_00020,69,227.07699584960938,random,1,36724.42517089844
3290,ac040_00020,70,227.1930694580078,random,1,36724.42517089844
3291,ac040_00020,71,227.2485809326172,random,1,36724.42517089844
3292,ac040_00020,72,227.478515625,random,1,36724.42517089844
3293,ac040_00020,73,226.7962188720703,random,1,36724.42517089844
3294,ac040_00020,74,228.55532836914062,random,1,36724.42517089844
3295,ac040_00020,75,228.7207489013672,random,1,36724.42517089844
3296,ac040_00020,76,227.12899780273438,random,1,36724.42517089844
3297,ac040_00020,77,227.7486114501953,random,1,36724.42517089844
3298,ac040_00020,78,228.1631622314453,random,1,36724.42517089844
3299,ac040_00020,79,228.24368286132812,random,1,36724.42517089844
3300,ac040_00020,80,228.6339111328125,random,1,36724.42517089844
3301,ac040_00020,81,228.83377075195312,random,1,36724.42517089844
3302,ac040_00020,82,229.82861328125,random,1,36724.42517089844
3303,ac040_00020,83,228.55484008789062,random,1,36724.42517089844
3304,ac040_00020,84,228.7662811279297,random,1,36724.42517089844
3305,ac040_00020,85,229.125,random,1,36724.42517089844
3306,ac040_00020,86,228.9043731689453,random,1,36724.42517089844
3307,ac040_00020,87,228.2539520263672,random,1,36724.42517089844
3308,ac040_00020,88,228.5203399658203,random,1,36724.42517089844
3309,ac040_00020,89,228.0399169921875,random,1,36724.42517089844
3310,ac040_00020,90,228.1515350341797,random,1,36724.42517089844
3311,ac040_00020,91,227.688232421875,random,1,36724.42517089844
3312,ac040_00020,92,228.02334594726562,random,1,36724.42517089844
3313,ac040_00020,93,228.4493408203125,random,1,36724.42517089844
3314,ac040_00020,94,228.2830352783203,random,1,36724.42517089844
3315,ac040_00020,95,227.99844360351562,random,1,36724.42517089844
3316,ac040_00020,96,227.6072235107422,random,1,36724.42517089844
3317,ac040_00020,97,227.70388793945312,random,1,36724.42517089844
3318,ac040_00020,98,227.817138671875,random,1,36724.42517089844
3319,ac040_00020,99,227.8925018310547,random,1,36724.42517089844
3320,ac040_00020,100,227.436767578125,random,1,36724.42517089844
3321,ac040_00020,101,227.802978515625,random,1,36724.42517089844
3322,ac040_00020,102,227.31533813476562,random,1,36724.42517089844
3323,ac040_00020,103,227.3563690185547,random,1,36724.42517089844
3324,ac040_00020,104,228.20175170898438,random,1,36724.42517089844
3325,ac040_00020,105,227.2530517578125,random,1,36724.42517089844
3326,ac040_00020,106,228.4517059326172,random,1,36724.42517089844
3327,ac040_00020,107,228.37582397460938,random,1,36724.42517089844
3328,ac040_00020,108,227.8767547607422,random,1,36724.42517089844
3329,ac040_00020,109,228.66946411132812,random,1,36724.42517089844
3330,ac040_00020,110,228.3651123046875,random,1,36724.42517089844
3331,ac040_00020,111,227.7975616455078,random,1,36724.42517089844
3332,ac040_00020,112,228.3527069091797,random,1,36724.42517089844
3333,ac040_00020,113,227.62881469726562,random,1,36724.42517089844
3334,ac040_00020,114,228.384521484375,random,1,36724.42517089844
3335,ac040_00020,115,227.982421875,random,1,36724.42517089844
3336,ac040_00020,116,227.6403350830078,random,1,36724.42517089844
3337,ac040_00020,117,228.1073455810547,random,1,36724.42517089844
3338,ac040_00020,118,227.5061492919922,random,1,36724.42517089844
3339,ac040_00020,119,227.33724975585938,random,1,36724.42517089844
3340,ac040_00020,120,227.44296264648438,random,1,36724.42517089844
3341,ac040_00020,121,227.5457763671875,random,1,36724.42517089844
3342,ac040_00020,122,227.28219604492188,random,1,36724.42517089844
3343,ac040_00020,123,227.75479125976562,random,1,36724.42517089844
3344,ac040_00020,124,227.5876922607422,random,1,36724.42517089844
3345,ac040_00020,125,227.3960418701172,random,1,36724.42517089844
3346,ac040_00020,126,227.41250610351562,random,1,36724.42517089844
3347,ac040_00020,127,228.1044464111328,random,1,36724.42517089844
3348,ac040_00020,128,228.4698944091797,random,1,36724.42517089844
3349,ac040_00020,129,227.56884765625,random,1,36724.42517089844
3350,ac040_00020,130,227.8789825439453,random,1,36724.42517089844
3351,ac040_00020,131,228.03604125976562,random,1,36724.42517089844
3352,ac040_00020,132,227.68325805664062,random,1,36724.42517089844
3353,ac040_00020,133,227.0846710205078,random,1,36724.42517089844
3354,ac040_00020,134,227.02896118164062,random,1,36724.42517089844
3355,ac040_00020,135,227.22119140625,random,1,36724.42517089844
3356,ac040_00020,136,227.4426727294922,random,1,36724.42517089844
3357,ac040_00020,137,227.7449188232422,random,1,36724.42517089844
3358,ac040_00020,138,227.5145263671875,random,1,36724.42517089844
3359,ac040_00020,139,227.27206420898438,random,1,36724.42517089844
3360,ac040_00020,140,227.24142456054688,random,1,36724.42517089844
3361,ac040_00020,141,228.59103393554688,random,1,36724.42517089844
3362,ac040_00020,142,227.4276885986328,random,1,36724.42517089844
3363,ac040_00020,143,227.44314575195312,random,1,36724.42517089844
3364,ac040_00020,144,227.30419921875,random,1,36724.42517089844
3365,ac040_00020,145,227.72659301757812,random,1,36724.42517089844
3366,ac040_00020,146,227.46286010742188,random,1,36724.42517089844
3367,ac040_00020,147,228.68051147460938,random,1,36724.42517089844
3368,ac040_00020,148,227.76205444335938,random,1,36724.42517089844
3369,ac040_00020,149,227.64266967773438,random,1,36724.42517089844
3370,ac040_00020,150,228.24710083007812,random,1,36724.42517089844
3371,ac040_00020,151,227.71920776367188,random,1,36724.42517089844
3372,ac040_00020,152,227.59854125976562,random,1,36724.42517089844
3373,ac040_00020,153,227.80368041992188,random,1,36724.42517089844
3374,ac040_00020,154,228.0811309814453,random,1,36724.42517089844
3375,ac040_00020,155,227.912841796875,random,1,36724.42517089844
3376,ac040_00020,156,227.76675415039062,random,1,36724.42517089844
3377,ac040_00020,157,227.4176483154297,random,1,36724.42517089844
3378,ac040_00020,158,227.5933837890625,random,1,36724.42517089844
3379,ac040_00020,159,227.70169067382812,random,1,36724.42517089844
3380,ac040_00020,160,227.32791137695312,random,1,36724.42517089844
3381,ac040_00021,0,243.152099609375,random,2,36582.397216796875
3382,ac040_00021,1,235.22543334960938,random,2,36582.397216796875
3383,ac040_00021,2,230.60476684570312,random,2,36582.397216796875
3384,ac040_00021,3,230.6540985107422,random,2,36582.397216796875
3385,ac040_00021,4,235.1157989501953,random,2,36582.397216796875
3386,ac040_00021,5,230.67965698242188,random,2,36582.397216796875
3387,ac040_00021,6,228.28518676757812,random,2,36582.397216796875
3388,ac040_00021,7,238.8949737548828,random,2,36582.397216796875
3389,ac040_00021,8,235.0760498046875,random,2,36582.397216796875
3390,ac040_00021,9,232.91287231445312,random,2,36582.397216796875
3391,ac040_00021,10,226.360595703125,random,2,36582.397216796875
3392,ac040_00021,11,232.0514678955078,random,2,36582.397216796875
3393,ac040_00021,12,235.33480834960938,random,2,36582.397216796875
3394,ac040_00021,13,235.72509765625,random,2,36582.397216796875
3395,ac040_00021,14,232.0292205810547,random,2,36582.397216796875
3396,ac040_00021,15,229.2362518310547,random,2,36582.397216796875
3397,ac040_00021,16,229.294189453125,random,2,36582.397216796875
3398,ac040_00021,17,225.92160034179688,random,2,36582.397216796875
3399,ac040_00021,18,227.66885375976562,random,2,36582.397216796875
3400,ac040_00021,19,227.62075805664062,random,2,36582.397216796875
3401,ac040_00021,20,245.2473602294922,random,2,36582.397216796875
3402,ac040_00021,21,243.775634765625,random,2,36582.397216796875
3403,ac040_00021,22,244.2191619873047,random,2,36582.397216796875
3404,ac040_00021,23,248.1313934326172,random,2,36582.397216796875
3405,ac040_00021,24,248.69979858398438,random,2,36582.397216796875
3406,ac040_00021,25,246.0120391845703,random,2,36582.397216796875
3407,ac040_00021,26,241.0371551513672,random,2,36582.397216796875
3408,ac040_00021,27,241.599609375,random,2,36582.397216796875
3409,ac040_00021,28,239.2105255126953,random,2,36582.397216796875
3410,ac040_00021,29,247.94088745117188,random,2,36582.397216796875
3411,ac040_00021,30,243.5390625,random,2,36582.397216796875
3412,ac040_00021,31,243.7797393798828,random,2,36582.397216796875
3413,ac040_00021,32,241.16824340820312,random,2,36582.397216796875
3414,ac040_00021,33,239.36691284179688,random,2,36582.397216796875
3415,ac040_00021,34,240.2407989501953,random,2,36582.397216796875
3416,ac040_00021,35,239.6665496826172,random,2,36582.397216796875
3417,ac040_00021,36,242.2218475341797,random,2,36582.397216796875
3418,ac040_00021,37,241.3296356201172,random,2,36582.397216796875
3419,ac040_00021,38,245.700927734375,random,2,36582.397216796875
3420,ac040_00021,39,244.1266632080078,random,2,36582.397216796875
3421,ac040_00021,40,245.00537109375,random,2,36582.397216796875
3422,ac040_00021,41,242.944091796875,random,2,36582.397216796875
3423,ac040_00021,42,241.90185546875,random,2,36582.397216796875
3424,ac040_00021,43,236.254150390625,random,2,36582.397216796875
3425,ac040_00021,44,237.3502960205078,random,2,36582.397216796875
3426,ac040_00021,45,236.72756958007812,random,2,36582.397216796875
3427,ac040_00021,46,237.00363159179688,random,2,36582.397216796875
3428,ac040_00021,47,234.83639526367188,random,2,36582.397216796875
3429,ac040_00021,48,234.5992889404297,random,2,36582.397216796875
3430,ac040_00021,49,235.3492431640625,random,2,36582.397216796875
3431,ac040_00021,50,235.73812866210938,random,2,36582.397216796875
3432,ac040_00021,51,234.99752807617188,random,2,36582.397216796875
3433,ac040_00021,52,233.7272186279297,random,2,36582.397216796875
3434,ac040_00021,53,234.9003448486328,random,2,36582.397216796875
3435,ac040_00021,54,236.22952270507812,random,2,36582.397216796875
3436,ac040_00021,55,238.4463348388672,random,2,36582.397216796875
3437,ac040_00021,56,237.3878936767578,random,2,36582.397216796875
3438,ac040_00021,57,238.5438995361328,random,2,36582.397216796875
3439,ac040_00021,58,236.513427734375,random,2,36582.397216796875
3440,ac040_00021,59,238.20242309570312,random,2,36582.397216796875
3441,ac040_00021,60,235.678466796875,random,2,36582.397216796875
3442,ac040_00021,61,235.0205841064453,random,2,36582.397216796875
3443,ac040_00021,62,234.68765258789062,random,2,36582.397216796875
3444,ac040_00021,63,236.005615234375,random,2,36582.397216796875
3445,ac040_00021,64,236.5281524658203,random,2,36582.397216796875
3446,ac040_00021,65,235.315185546875,random,2,36582.397216796875
3447,ac040_00021,66,235.42910766601562,random,2,36582.397216796875
3448,ac040_00021,67,235.8509521484375,random,2,36582.397216796875
3449,ac040_00021,68,230.8332977294922,random,2,36582.397216796875
3450,ac040_00021,69,225.6312713623047,random,2,36582.397216796875
3451,ac040_00021,70,226.0552215576172,random,2,36582.397216796875
3452,ac040_00021,71,223.8620147705078,random,2,36582.397216796875
3453,ac040_00021,72,224.25833129882812,random,2,36582.397216796875
3454,ac040_00021,73,224.69027709960938,random,2,36582.397216796875
3455,ac040_00021,74,223.4549560546875,random,2,36582.397216796875
3456,ac040_00021,75,223.19921875,random,2,36582.397216796875
3457,ac040_00021,76,222.88558959960938,random,2,36582.397216796875
3458,ac040_00021,77,222.4849853515625,random,2,36582.397216796875
3459,ac040_00021,78,222.2467498779297,random,2,36582.397216796875
3460,ac040_00021,79,225.7834014892578,random,2,36582.397216796875
3461,ac040_00021,80,225.5811309814453,random,2,36582.397216796875
3462,ac040_00021,81,227.0611114501953,random,2,36582.397216796875
3463,ac040_00021,82,226.0267333984375,random,2,36582.397216796875
3464,ac040_00021,83,226.1494140625,random,2,36582.397216796875
3465,ac040_00021,84,227.5733184814453,random,2,36582.397216796875
3466,ac040_00021,85,226.4900360107422,random,2,36582.397216796875
3467,ac040_00021,86,225.79122924804688,random,2,36582.397216796875
3468,ac040_00021,87,225.08456420898438,random,2,36582.397216796875
3469,ac040_00021,88,225.6597137451172,random,2,36582.397216796875
3470,ac040_00021,89,224.9482421875,random,2,36582.397216796875
3471,ac040_00021,90,225.5897216796875,random,2,36582.397216796875
3472,ac040_00021,91,224.73171997070312,random,2,36582.397216796875
3473,ac040_00021,92,225.0868377685547,random,2,36582.397216796875
3474,ac040_00021,93,224.56942749023438,random,2,36582.397216796875
3475,ac040_00021,94,223.613037109375,random,2,36582.397216796875
3476,ac040_00021,95,223.8128204345703,random,2,36582.397216796875
3477,ac040_00021,96,223.9981689453125,random,2,36582.397216796875
3478,ac040_00021,97,224.0668487548828,random,2,36582.397216796875
3479,ac040_00021,98,223.06112670898438,random,2,36582.397216796875
3480,ac040_00021,99,225.62454223632812,random,2,36582.397216796875
3481,ac040_00021,100,225.6656494140625,random,2,36582.397216796875
3482,ac040_00021,101,225.76083374023438,random,2,36582.397216796875
3483,ac040_00021,102,225.7455596923828,random,2,36582.397216796875
3484,ac040_00021,103,224.07177734375,random,2,36582.397216796875
3485,ac040_00021,104,224.56961059570312,random,2,36582.397216796875
3486,ac040_00021,105,224.3966522216797,random,2,36582.397216796875
3487,ac040_00021,106,225.02597045898438,random,2,36582.397216796875
3488,ac040_00021,107,224.8983917236328,random,2,36582.397216796875
3489,ac040_00021,108,224.99472045898438,random,2,36582.397216796875
3490,ac040_00021,109,224.891845703125,random,2,36582.397216796875
3491,ac040_00021,110,224.104736328125,random,2,36582.397216796875
3492,ac040_00021,111,224.30722045898438,random,2,36582.397216796875
3493,ac040_00021,112,224.2932891845703,random,2,36582.397216796875
3494,ac040_00021,113,224.2550811767578,random,2,36582.397216796875
3495,ac040_00021,114,221.0545196533203,random,2,36582.397216796875
3496,ac040_00021,115,222.5411834716797,random,2,36582.397216796875
3497,ac040_00021,116,222.2677764892578,random,2,36582.397216796875
3498,ac040_00021,117,221.3853302001953,random,2,36582.397216796875
3499,ac040_00021,118,223.21176147460938,random,2,36582.397216796875
3500,ac040_00021,119,221.8250732421875,random,2,36582.397216796875
3501,ac040_00021,120,223.3906707763672,random,2,36582.397216796875
3502,ac040_00021,121,223.64187622070312,random,2,36582.397216796875
3503,ac040_00021,122,223.3759002685547,random,2,36582.397216796875
3504,ac040_00021,123,223.021240234375,random,2,36582.397216796875
3505,ac040_00021,124,222.4658203125,random,2,36582.397216796875
3506,ac040_00021,125,222.30197143554688,random,2,36582.397216796875
3507,ac040_00021,126,222.12802124023438,random,2,36582.397216796875
3508,ac040_00021,127,223.1854705810547,random,2,36582.397216796875
3509,ac040_00021,128,221.39022827148438,random,2,36582.397216796875
3510,ac040_00021,129,221.89157104492188,random,2,36582.397216796875
3511,ac040_00021,130,223.5933074951172,random,2,36582.397216796875
3512,ac040_00021,131,221.7244415283203,random,2,36582.397216796875
3513,ac040_00021,132,221.52615356445312,random,2,36582.397216796875
3514,ac040_00021,133,221.28207397460938,random,2,36582.397216796875
3515,ac040_00021,134,221.65377807617188,random,2,36582.397216796875
3516,ac040_00021,135,219.37991333007812,random,2,36582.397216796875
3517,ac040_00021,136,219.1458740234375,random,2,36582.397216796875
3518,ac040_00021,137,219.18612670898438,random,2,36582.397216796875
3519,ac040_00021,138,217.620849609375,random,2,36582.397216796875
3520,ac040_00021,139,218.3842010498047,random,2,36582.397216796875
3521,ac040_00021,140,218.3569793701172,random,2,36582.397216796875
3522,ac040_00021,141,219.01651000976562,random,2,36582.397216796875
3523,ac040_00021,142,217.61209106445312,random,2,36582.397216796875
3524,ac040_00021,143,217.44979858398438,random,2,36582.397216796875
3525,ac040_00021,144,216.97329711914062,random,2,36582.397216796875
3526,ac040_00021,145,217.02432250976562,random,2,36582.397216796875
3527,ac040_00021,146,217.46035766601562,random,2,36582.397216796875
3528,ac040_00021,147,216.95205688476562,random,2,36582.397216796875
3529,ac040_00021,148,216.9439697265625,random,2,36582.397216796875
3530,ac040_00021,149,216.64328002929688,random,2,36582.397216796875
3531,ac040_00021,150,216.6629638671875,random,2,36582.397216796875
3532,ac040_00021,151,216.8979034423828,random,2,36582.397216796875
3533,ac040_00021,152,217.03164672851562,random,2,36582.397216796875
3534,ac040_00021,153,217.43795776367188,random,2,36582.397216796875
3535,ac040_00021,154,217.0770721435547,random,2,36582.397216796875
3536,ac040_00021,155,217.9219970703125,random,2,36582.397216796875
3537,ac040_00021,156,217.0293426513672,random,2,36582.397216796875
3538,ac040_00021,157,217.35592651367188,random,2,36582.397216796875
3539,ac040_00021,158,217.1576385498047,random,2,36582.397216796875
3540,ac040_00021,159,217.0686798095703,random,2,36582.397216796875
3541,ac040_00021,160,216.8118438720703,random,2,36582.397216796875
3542,ac040_00022,0,302.2976989746094,random,3,46322.00192260742
3543,ac040_00022,1,293.88519287109375,random,3,46322.00192260742
3544,ac040_00022,2,300.8697509765625,random,3,46322.00192260742
3545,ac040_00022,3,295.9913024902344,random,3,46322.00192260742
3546,ac040_00022,4,297.5846252441406,random,3,46322.00192260742
3547,ac040_00022,5,299.2950134277344,random,3,46322.00192260742
3548,ac040_00022,6,295.48455810546875,random,3,46322.00192260742
3549,ac040_00022,7,288.37213134765625,random,3,46322.00192260742
3550,ac040_00022,8,288.86419677734375,random,3,46322.00192260742
3551,ac040_00022,9,290.9233093261719,random,3,46322.00192260742
3552,ac040_00022,10,291.05438232421875,random,3,46322.00192260742
3553,ac040_00022,11,290.95599365234375,random,3,46322.00192260742
3554,ac040_00022,12,289.5984191894531,random,3,46322.00192260742
3555,ac040_00022,13,287.7076721191406,random,3,46322.00192260742
3556,ac040_00022,14,286.1385803222656,random,3,46322.00192260742
3557,ac040_00022,15,287.63677978515625,random,3,46322.00192260742
3558,ac040_00022,16,288.52264404296875,random,3,46322.00192260742
3559,ac040_00022,17,289.21759033203125,random,3,46322.00192260742
3560,ac040_00022,18,284.9331359863281,random,3,46322.00192260742
3561,ac040_00022,19,287.16937255859375,random,3,46322.00192260742
3562,ac040_00022,20,285.8420104980469,random,3,46322.00192260742
3563,ac040_00022,21,285.93963623046875,random,3,46322.00192260742
3564,ac040_00022,22,284.84063720703125,random,3,46322.00192260742
3565,ac040_00022,23,287.4324645996094,random,3,46322.00192260742
3566,ac040_00022,24,286.4620666503906,random,3,46322.00192260742
3567,ac040_00022,25,287.64697265625,random,3,46322.00192260742
3568,ac040_00022,26,285.918701171875,random,3,46322.00192260742
3569,ac040_00022,27,286.8531799316406,random,3,46322.00192260742
3570,ac040_00022,28,288.66162109375,random,3,46322.00192260742
3571,ac040_00022,29,288.41070556640625,random,3,46322.00192260742
3572,ac040_00022,30,285.8105773925781,random,3,46322.00192260742
3573,ac040_00022,31,285.2063903808594,random,3,46322.00192260742
3574,ac040_00022,32,286.91632080078125,random,3,46322.00192260742
3575,ac040_00022,33,285.10845947265625,random,3,46322.00192260742
3576,ac040_00022,34,284.8455505371094,random,3,46322.00192260742
3577,ac040_00022,35,284.53265380859375,random,3,46322.00192260742
3578,ac040_00022,36,284.04241943359375,random,3,46322.00192260742
3579,ac040_00022,37,284.5655822753906,random,3,46322.00192260742
3580,ac040_00022,38,283.805908203125,random,3,46322.00192260742
3581,ac040_00022,39,287.1485290527344,random,3,46322.00192260742
3582,ac040_00022,40,284.82550048828125,random,3,46322.00192260742
3583,ac040_00022,41,285.4219055175781,random,3,46322.00192260742
3584,ac040_00022,42,283.27496337890625,random,3,46322.00192260742
3585,ac040_00022,43,286.3646545410156,random,3,46322.00192260742
3586,ac040_00022,44,286.7987365722656,random,3,46322.00192260742
3587,ac040_00022,45,285.2953186035156,random,3,46322.00192260742
3588,ac040_00022,46,283.88385009765625,random,3,46322.00192260742
3589,ac040_00022,47,284.6770935058594,random,3,46322.00192260742
3590,ac040_00022,48,285.2268371582031,random,3,46322.00192260742
3591,ac040_00022,49,284.6396789550781,random,3,46322.00192260742
3592,ac040_00022,50,284.3514099121094,random,3,46322.00192260742
3593,ac040_00022,51,285.29541015625,random,3,46322.00192260742
3594,ac040_00022,52,285.09954833984375,random,3,46322.00192260742
3595,ac040_00022,53,285.73956298828125,random,3,46322.00192260742
3596,ac040_00022,54,285.257080078125,random,3,46322.00192260742
3597,ac040_00022,55,286.9083251953125,random,3,46322.00192260742
3598,ac040_00022,56,286.41827392578125,random,3,46322.00192260742
3599,ac040_00022,57,288.12725830078125,random,3,46322.00192260742
3600,ac040_00022,58,286.90264892578125,random,3,46322.00192260742
3601,ac040_00022,59,286.60565185546875,random,3,46322.00192260742
3602,ac040_00022,60,287.72076416015625,random,3,46322.00192260742
3603,ac040_00022,61,287.0577392578125,random,3,46322.00192260742
3604,ac040_00022,62,287.81146240234375,random,3,46322.00192260742
3605,ac040_00022,63,285.328369140625,random,3,46322.00192260742
3606,ac040_00022,64,287.11328125,random,3,46322.00192260742
3607,ac040_00022,65,286.93328857421875,random,3,46322.00192260742
3608,ac040_00022,66,285.2972717285156,random,3,46322.00192260742
3609,ac040_00022,67,286.5270690917969,random,3,46322.00192260742
3610,ac040_00022,68,288.1892395019531,random,3,46322.00192260742
3611,ac040_00022,69,286.9592590332031,random,3,46322.00192260742
3612,ac040_00022,70,288.49066162109375,random,3,46322.00192260742
3613,ac040_00022,71,289.87335205078125,random,3,46322.00192260742
3614,ac040_00022,72,289.89971923828125,random,3,46322.00192260742
3615,ac040_00022,73,289.7400817871094,random,3,46322.00192260742
3616,ac040_00022,74,289.5362243652344,random,3,46322.00192260742
3617,ac040_00022,75,289.6175231933594,random,3,46322.00192260742
3618,ac040_00022,76,288.5777893066406,random,3,46322.00192260742
3619,ac040_00022,77,288.5879821777344,random,3,46322.00192260742
3620,ac040_00022,78,291.03363037109375,random,3,46322.00192260742
3621,ac040_00022,79,288.75482177734375,random,3,46322.00192260742
3622,ac040_00022,80,289.34014892578125,random,3,46322.00192260742
3623,ac040_00022,81,290.58935546875,random,3,46322.00192260742
3624,ac040_00022,82,291.12237548828125,random,3,46322.00192260742
3625,ac040_00022,83,289.7672119140625,random,3,46322.00192260742
3626,ac040_00022,84,289.99456787109375,random,3,46322.00192260742
3627,ac040_00022,85,291.00518798828125,random,3,46322.00192260742
3628,ac040_00022,86,290.5724792480469,random,3,46322.00192260742
3629,ac040_00022,87,289.0364074707031,random,3,46322.00192260742
3630,ac040_00022,88,289.0308532714844,random,3,46322.00192260742
3631,ac040_00022,89,290.566162109375,random,3,46322.00192260742
3632,ac040_00022,90,290.44677734375,random,3,46322.00192260742
3633,ac040_00022,91,290.3591613769531,random,3,46322.00192260742
3634,ac040_00022,92,289.38897705078125,random,3,46322.00192260742
3635,ac040_00022,93,289.88739013671875,random,3,46322.00192260742
3636,ac040_00022,94,289.3675231933594,random,3,46322.00192260742
3637,ac040_00022,95,290.2745056152344,random,3,46322.00192260742
3638,ac040_00022,96,289.02020263671875,random,3,46322.00192260742
3639,ac040_00022,97,289.53021240234375,random,3,46322.00192260742
3640,ac040_00022,98,288.7890319824219,random,3,46322.00192260742
3641,ac040_00022,99,289.6036376953125,random,3,46322.00192260742
3642,ac040_00022,100,290.24761962890625,random,3,46322.00192260742
3643,ac040_00022,101,290.68023681640625,random,3,46322.00192260742
3644,ac040_00022,102,289.34722900390625,random,3,46322.00192260742
3645,ac040_00022,103,288.9543762207031,random,3,46322.00192260742
3646,ac040_00022,104,290.7440490722656,random,3,46322.00192260742
3647,ac040_00022,105,290.09539794921875,random,3,46322.00192260742
3648,ac040_00022,106,290.4068298339844,random,3,46322.00192260742
3649,ac040_00022,107,290.1183166503906,random,3,46322.00192260742
3650,ac040_00022,108,290.4639587402344,random,3,46322.00192260742
3651,ac040_00022,109,291.23175048828125,random,3,46322.00192260742
3652,ac040_00022,110,290.46746826171875,random,3,46322.00192260742
3653,ac040_00022,111,291.13482666015625,random,3,46322.00192260742
3654,ac040_00022,112,291.5854187011719,random,3,46322.00192260742
3655,ac040_00022,113,290.9832763671875,random,3,46322.00192260742
3656,ac040_00022,114,291.4036560058594,random,3,46322.00192260742
3657,ac040_00022,115,290.8669738769531,random,3,46322.00192260742
3658,ac040_00022,116,290.3994140625,random,3,46322.00192260742
3659,ac040_00022,117,291.5073547363281,random,3,46322.00192260742
3660,ac040_00022,118,291.05853271484375,random,3,46322.00192260742
3661,ac040_00022,119,289.63909912109375,random,3,46322.00192260742
3662,ac040_00022,120,289.9263000488281,random,3,46322.00192260742
3663,ac040_00022,121,289.50543212890625,random,3,46322.00192260742
3664,ac040_00022,122,290.2950439453125,random,3,46322.00192260742
3665,ac040_00022,123,291.01702880859375,random,3,46322.00192260742
3666,ac040_00022,124,290.745361328125,random,3,46322.00192260742
3667,ac040_00022,125,292.06781005859375,random,3,46322.00192260742
3668,ac040_00022,126,290.3890686035156,random,3,46322.00192260742
3669,ac040_00022,127,291.1107482910156,random,3,46322.00192260742
3670,ac040_00022,128,290.4027099609375,random,3,46322.00192260742
3671,ac040_00022,129,290.69671630859375,random,3,46322.00192260742
3672,ac040_00022,130,290.8718566894531,random,3,46322.00192260742
3673,ac040_00022,131,291.335693359375,random,3,46322.00192260742
3674,ac040_00022,132,290.98223876953125,random,3,46322.00192260742
3675,ac040_00022,133,291.1568908691406,random,3,46322.00192260742
3676,ac040_00022,134,291.58282470703125,random,3,46322.00192260742
3677,ac040_00022,135,291.4073181152344,random,3,46322.00192260742
3678,ac040_00022,136,291.76092529296875,random,3,46322.00192260742
3679,ac040_00022,137,292.0047302246094,random,3,46322.00192260742
3680,ac040_00022,138,291.6639709472656,random,3,46322.00192260742
3681,ac040_00022,139,291.87530517578125,random,3,46322.00192260742
3682,ac040_00022,140,292.5649108886719,random,3,46322.00192260742
3683,ac040_00022,141,292.8692932128906,random,3,46322.00192260742
3684,ac040_00022,142,292.7355041503906,random,3,46322.00192260742
3685,ac040_00022,143,293.0666809082031,random,3,46322.00192260742
3686,ac040_00022,144,292.7487487792969,random,3,46322.00192260742
3687,ac040_00022,145,293.1737976074219,random,3,46322.00192260742
3688,ac040_00022,146,293.41510009765625,random,3,46322.00192260742
3689,ac040_00022,147,294.1638488769531,random,3,46322.00192260742
3690,ac040_00022,148,294.14373779296875,random,3,46322.00192260742
3691,ac040_00022,149,293.6033935546875,random,3,46322.00192260742
3692,ac040_00022,150,293.6758728027344,random,3,46322.00192260742
3693,ac040_00022,151,293.91595458984375,random,3,46322.00192260742
3694,ac040_00022,152,293.9442443847656,random,3,46322.00192260742
3695,ac040_00022,153,293.09259033203125,random,3,46322.00192260742
3696,ac040_00022,154,293.4910888671875,random,3,46322.00192260742
3697,ac040_00022,155,293.72247314453125,random,3,46322.00192260742
3698,ac040_00022,156,292.92974853515625,random,3,46322.00192260742
3699,ac040_00022,157,292.880859375,random,3,46322.00192260742
3700,ac040_00022,158,292.8694152832031,random,3,46322.00192260742
3701,ac040_00022,159,293.22686767578125,random,3,46322.00192260742
3702,ac040_00022,160,292.8695068359375,random,3,46322.00192260742
3703,ac040_00023,0,285.5582580566406,random,4,42800.53225708008
3704,ac040_00023,1,281.8447265625,random,4,42800.53225708008
3705,ac040_00023,2,281.2508239746094,random,4,42800.53225708008
3706,ac040_00023,3,286.2575988769531,random,4,42800.53225708008
3707,ac040_00023,4,277.9842224121094,random,4,42800.53225708008
3708,ac040_00023,5,279.4549865722656,random,4,42800.53225708008
3709,ac040_00023,6,282.0322265625,random,4,42800.53225708008
3710,ac040_00023,7,276.3487243652344,random,4,42800.53225708008
3711,ac040_00023,8,275.82171630859375,random,4,42800.53225708008
3712,ac040_00023,9,277.0422668457031,random,4,42800.53225708008
3713,ac040_00023,10,278.0870666503906,random,4,42800.53225708008
3714,ac040_00023,11,277.4512634277344,random,4,42800.53225708008
3715,ac040_00023,12,273.17779541015625,random,4,42800.53225708008
3716,ac040_00023,13,271.13983154296875,random,4,42800.53225708008
3717,ac040_00023,14,268.5563049316406,random,4,42800.53225708008
3718,ac040_00023,15,270.24163818359375,random,4,42800.53225708008
3719,ac040_00023,16,272.52801513671875,random,4,42800.53225708008
3720,ac040_00023,17,271.897705078125,random,4,42800.53225708008
3721,ac040_00023,18,269.7626953125,random,4,42800.53225708008
3722,ac040_00023,19,268.59698486328125,random,4,42800.53225708008
3723,ac040_00023,20,268.24481201171875,random,4,42800.53225708008
3724,ac040_00023,21,267.41961669921875,random,4,42800.53225708008
3725,ac040_00023,22,267.55389404296875,random,4,42800.53225708008
3726,ac040_00023,23,268.1966857910156,random,4,42800.53225708008
3727,ac040_00023,24,268.5562744140625,random,4,42800.53225708008
3728,ac040_00023,25,267.03692626953125,random,4,42800.53225708008
3729,ac040_00023,26,267.79766845703125,random,4,42800.53225708008
3730,ac040_00023,27,267.5594177246094,random,4,42800.53225708008
3731,ac040_00023,28,265.1202087402344,random,4,42800.53225708008
3732,ac040_00023,29,265.53631591796875,random,4,42800.53225708008
3733,ac040_00023,30,265.02154541015625,random,4,42800.53225708008
3734,ac040_00023,31,266.3695983886719,random,4,42800.53225708008
3735,ac040_00023,32,267.01348876953125,random,4,42800.53225708008
3736,ac040_00023,33,266.5361022949219,random,4,42800.53225708008
3737,ac040_00023,34,267.292724609375,random,4,42800.53225708008
3738,ac040_00023,35,267.0924377441406,random,4,42800.53225708008
3739,ac040_00023,36,268.1245422363281,random,4,42800.53225708008
3740,ac040_00023,37,267.3377990722656,random,4,42800.53225708008
3741,ac040_00023,38,267.5849609375,random,4,42800.53225708008
3742,ac040_00023,39,266.16162109375,random,4,42800.53225708008
3743,ac040_00023,40,267.8635559082031,random,4,42800.53225708008
3744,ac040_00023,41,266.8895568847656,random,4,42800.53225708008
3745,ac040_00023,42,271.64752197265625,random,4,42800.53225708008
3746,ac040_00023,43,269.8427734375,random,4,42800.53225708008
3747,ac040_00023,44,268.50445556640625,random,4,42800.53225708008
3748,ac040_00023,45,268.6964111328125,random,4,42800.53225708008
3749,ac040_00023,46,269.8889465332031,random,4,42800.53225708008
3750,ac040_00023,47,267.53912353515625,random,4,42800.53225708008
3751,ac040_00023,48,270.0564880371094,random,4,42800.53225708008
3752,ac040_00023,49,270.4064025878906,random,4,42800.53225708008
3753,ac040_00023,50,271.41900634765625,random,4,42800.53225708008
3754,ac040_00023,51,267.11199951171875,random,4,42800.53225708008
3755,ac040_00023,52,268.7200927734375,random,4,42800.53225708008
3756,ac040_00023,53,267.09149169921875,random,4,42800.53225708008
3757,ac040_00023,54,264.8539733886719,random,4,42800.53225708008
3758,ac040_00023,55,264.9464416503906,random,4,42800.53225708008
3759,ac040_00023,56,265.6859436035156,random,4,42800.53225708008
3760,ac040_00023,57,267.20806884765625,random,4,42800.53225708008
3761,ac040_00023,58,268.24163818359375,random,4,42800.53225708008
3762,ac040_00023,59,269.335205078125,random,4,42800.53225708008
3763,ac040_00023,60,268.71600341796875,random,4,42800.53225708008
3764,ac040_00023,61,269.3048400878906,random,4,42800.53225708008
3765,ac040_00023,62,268.9927673339844,random,4,42800.53225708008
3766,ac040_00023,63,268.4724426269531,random,4,42800.53225708008
3767,ac040_00023,64,269.3000793457031,random,4,42800.53225708008
3768,ac040_00023,65,268.80157470703125,random,4,42800.53225708008
3769,ac040_00023,66,269.5837707519531,random,4,42800.53225708008
3770,ac040_00023,67,268.6336669921875,random,4,42800.53225708008
3771,ac040_00023,68,269.44866943359375,random,4,42800.53225708008
3772,ac040_00023,69,270.2140808105469,random,4,42800.53225708008
3773,ac040_00023,70,269.19293212890625,random,4,42800.53225708008
3774,ac040_00023,71,270.17193603515625,random,4,42800.53225708008
3775,ac040_00023,72,268.493896484375,random,4,42800.53225708008
3776,ac040_00023,73,269.26123046875,random,4,42800.53225708008
3777,ac040_00023,74,267.97601318359375,random,4,42800.53225708008
3778,ac040_00023,75,264.34381103515625,random,4,42800.53225708008
3779,ac040_00023,76,264.6278381347656,random,4,42800.53225708008
3780,ac040_00023,77,264.5888977050781,random,4,42800.53225708008
3781,ac040_00023,78,264.34735107421875,random,4,42800.53225708008
3782,ac040_00023,79,263.64276123046875,random,4,42800.53225708008
3783,ac040_00023,80,263.43206787109375,random,4,42800.53225708008
3784,ac040_00023,81,262.9141540527344,random,4,42800.53225708008
3785,ac040_00023,82,264.7530212402344,random,4,42800.53225708008
3786,ac040_00023,83,264.48199462890625,random,4,42800.53225708008
3787,ac040_00023,84,263.89422607421875,random,4,42800.53225708008
3788,ac040_00023,85,265.167236328125,random,4,42800.53225708008
3789,ac040_00023,86,264.30731201171875,random,4,42800.53225708008
3790,ac040_00023,87,264.6683654785156,random,4,42800.53225708008
3791,ac040_00023,88,264.4842224121094,random,4,42800.53225708008
3792,ac040_00023,89,264.8230895996094,random,4,42800.53225708008
3793,ac040_00023,90,265.82208251953125,random,4,42800.53225708008
3794,ac040_00023,91,266.3608703613281,random,4,42800.53225708008
3795,ac040_00023,92,266.02099609375,random,4,42800.53225708008
3796,ac040_00023,93,265.98345947265625,random,4,42800.53225708008
3797,ac040_00023,94,265.87127685546875,random,4,42800.53225708008
3798,ac040_00023,95,264.8857116699219,random,4,42800.53225708008
3799,ac040_00023,96,266.2964782714844,random,4,42800.53225708008
3800,ac040_00023,97,265.9095458984375,random,4,42800.53225708008
3801,ac040_00023,98,265.9997253417969,random,4,42800.53225708008
3802,ac040_00023,99,266.1582946777344,random,4,42800.53225708008
3803,ac040_00023,100,264.8242492675781,random,4,42800.53225708008
3804,ac040_00023,101,265.45916748046875,random,4,42800.53225708008
3805,ac040_00023,102,265.3031921386719,random,4,42800.53225708008
3806,ac040_00023,103,265.59075927734375,random,4,42800.53225708008
3807,ac040_00023,104,265.18756103515625,random,4,42800.53225708008
3808,ac040_00023,105,265.68096923828125,random,4,42800.53225708008
3809,ac040_00023,106,265.9631042480469,random,4,42800.53225708008
3810,ac040_00023,107,265.3004150390625,random,4,42800.53225708008
3811,ac040_00023,108,264.5542297363281,random,4,42800.53225708008
3812,ac040_00023,109,264.12457275390625,random,4,42800.53225708008
3813,ac040_00023,110,263.8153381347656,random,4,42800.53225708008
3814,ac040_00023,111,264.1117248535156,random,4,42800.53225708008
3815,ac040_00023,112,263.913330078125,random,4,42800.53225708008
3816,ac040_00023,113,263.97119140625,random,4,42800.53225708008
3817,ac040_00023,114,265.0616760253906,random,4,42800.53225708008
3818,ac040_00023,115,264.99530029296875,random,4,42800.53225708008
3819,ac040_00023,116,264.841552734375,random,4,42800.53225708008
3820,ac040_00023,117,265.9106140136719,random,4,42800.53225708008
3821,ac040_00023,118,265.0054931640625,random,4,42800.53225708008
3822,ac040_00023,119,264.88604736328125,random,4,42800.53225708008
3823,ac040_00023,120,265.5770568847656,random,4,42800.53225708008
3824,ac040_00023,121,265.5464782714844,random,4,42800.53225708008
3825,ac040_00023,122,265.6415100097656,random,4,42800.53225708008
3826,ac040_00023,123,266.4080810546875,random,4,42800.53225708008
3827,ac040_00023,124,266.88568115234375,random,4,42800.53225708008
3828,ac040_00023,125,267.5064392089844,random,4,42800.53225708008
3829,ac040_00023,126,265.65252685546875,random,4,42800.53225708008
3830,ac040_00023,127,265.94537353515625,random,4,42800.53225708008
3831,ac040_00023,128,265.8011474609375,random,4,42800.53225708008
3832,ac040_00023,129,265.29364013671875,random,4,42800.53225708008
3833,ac040_00023,130,266.06024169921875,random,4,42800.53225708008
3834,ac040_00023,131,266.6414794921875,random,4,42800.53225708008
3835,ac040_00023,132,265.65069580078125,random,4,42800.53225708008
3836,ac040_00023,133,265.9796447753906,random,4,42800.53225708008
3837,ac040_00023,134,265.5198059082031,random,4,42800.53225708008
3838,ac040_00023,135,265.5784912109375,random,4,42800.53225708008
3839,ac040_00023,136,265.9278259277344,random,4,42800.53225708008
3840,ac040_00023,137,265.78558349609375,random,4,42800.53225708008
3841,ac040_00023,138,266.0811462402344,random,4,42800.53225708008
3842,ac040_00023,139,265.2908935546875,random,4,42800.53225708008
3843,ac040_00023,140,264.85736083984375,random,4,42800.53225708008
3844,ac040_00023,141,264.3659362792969,random,4,42800.53225708008
3845,ac040_00023,142,263.7567443847656,random,4,42800.53225708008
3846,ac040_00023,143,264.7613830566406,random,4,42800.53225708008
3847,ac040_00023,144,264.8734436035156,random,4,42800.53225708008
3848,ac040_00023,145,264.87542724609375,random,4,42800.53225708008
3849,ac040_00023,146,265.01422119140625,random,4,42800.53225708008
3850,ac040_00023,147,265.5779113769531,random,4,42800.53225708008
3851,ac040_00023,148,264.7358093261719,random,4,42800.53225708008
3852,ac040_00023,149,264.9844665527344,random,4,42800.53225708008
3853,ac040_00023,150,264.85882568359375,random,4,42800.53225708008
3854,ac040_00023,151,265.5223083496094,random,4,42800.53225708008
3855,ac040_00023,152,264.1324768066406,random,4,42800.53225708008
3856,ac040_00023,153,265.6796875,random,4,42800.53225708008
3857,ac040_00023,154,265.995849609375,random,4,42800.53225708008
3858,ac040_00023,155,265.1542053222656,random,4,42800.53225708008
3859,ac040_00023,156,265.1951599121094,random,4,42800.53225708008
3860,ac040_00023,157,265.25311279296875,random,4,42800.53225708008
3861,ac040_00023,158,265.4248352050781,random,4,42800.53225708008
3862,ac040_00023,159,265.44122314453125,random,4,42800.53225708008
3863,ac040_00023,160,265.37518310546875,random,4,42800.53225708008
3864,ac040_00024,0,221.3030242919922,random,5,34961.89057922363
3865,ac040_00024,1,221.2199249267578,random,5,34961.89057922363
3866,ac040_00024,2,214.77749633789062,random,5,34961.89057922363
3867,ac040_00024,3,219.11367797851562,random,5,34961.89057922363
3868,ac040_00024,4,218.36734008789062,random,5,34961.89057922363
3869,ac040_00024,5,215.0291290283203,random,5,34961.89057922363
3870,ac040_00024,6,217.00732421875,random,5,34961.89057922363
3871,ac040_00024,7,215.26806640625,random,5,34961.89057922363
3872,ac040_00024,8,216.2004852294922,random,5,34961.89057922363
3873,ac040_00024,9,216.71133422851562,random,5,34961.89057922363
3874,ac040_00024,10,220.68765258789062,random,5,34961.89057922363
3875,ac040_00024,11,227.99942016601562,random,5,34961.89057922363
3876,ac040_00024,12,242.0938720703125,random,5,34961.89057922363
3877,ac040_00024,13,240.41671752929688,random,5,34961.89057922363
3878,ac040_00024,14,233.99795532226562,random,5,34961.89057922363
3879,ac040_00024,15,233.96572875976562,random,5,34961.89057922363
3880,ac040_00024,16,237.31448364257812,random,5,34961.89057922363
3881,ac040_00024,17,236.9625701904297,random,5,34961.89057922363
3882,ac040_00024,18,228.38558959960938,random,5,34961.89057922363
3883,ac040_00024,19,227.7076873779297,random,5,34961.89057922363
3884,ac040_00024,20,229.9773712158203,random,5,34961.89057922363
3885,ac040_00024,21,226.7227325439453,random,5,34961.89057922363
3886,ac040_00024,22,225.373779296875,random,5,34961.89057922363
3887,ac040_00024,23,228.17752075195312,random,5,34961.89057922363
3888,ac040_00024,24,226.55459594726562,random,5,34961.89057922363
3889,ac040_00024,25,224.9605255126953,random,5,34961.89057922363
3890,ac040_00024,26,223.8733673095703,random,5,34961.89057922363
3891,ac040_00024,27,221.4808807373047,random,5,34961.89057922363
3892,ac040_00024,28,221.12899780273438,random,5,34961.89057922363
3893,ac040_00024,29,223.3800048828125,random,5,34961.89057922363
3894,ac040_00024,30,222.2967987060547,random,5,34961.89057922363
3895,ac040_00024,31,219.5421142578125,random,5,34961.89057922363
3896,ac040_00024,32,221.05166625976562,random,5,34961.89057922363
3897,ac040_00024,33,219.84103393554688,random,5,34961.89057922363
3898,ac040_00024,34,220.5402374267578,random,5,34961.89057922363
3899,ac040_00024,35,219.0758514404297,random,5,34961.89057922363
3900,ac040_00024,36,216.903564453125,random,5,34961.89057922363
3901,ac040_00024,37,217.41653442382812,random,5,34961.89057922363
3902,ac040_00024,38,217.77645874023438,random,5,34961.89057922363
3903,ac040_00024,39,216.9225616455078,random,5,34961.89057922363
3904,ac040_00024,40,217.08999633789062,random,5,34961.89057922363
3905,ac040_00024,41,216.78909301757812,random,5,34961.89057922363
3906,ac040_00024,42,214.83218383789062,random,5,34961.89057922363
3907,ac040_00024,43,215.5414276123047,random,5,34961.89057922363
3908,ac040_00024,44,215.8196258544922,random,5,34961.89057922363
3909,ac040_00024,45,215.3430938720703,random,5,34961.89057922363
3910,ac040_00024,46,214.67337036132812,random,5,34961.89057922363
3911,ac040_00024,47,215.2852020263672,random,5,34961.89057922363
3912,ac040_00024,48,214.85122680664062,random,5,34961.89057922363
3913,ac040_00024,49,214.79141235351562,random,5,34961.89057922363
3914,ac040_00024,50,215.6402130126953,random,5,34961.89057922363
3915,ac040_00024,51,216.78067016601562,random,5,34961.89057922363
3916,ac040_00024,52,215.2122344970703,random,5,34961.89057922363
3917,ac040_00024,53,216.7819366455078,random,5,34961.89057922363
3918,ac040_00024,54,215.6686553955078,random,5,34961.89057922363
3919,ac040_00024,55,215.4752655029297,random,5,34961.89057922363
3920,ac040_00024,56,215.6378936767578,random,5,34961.89057922363
3921,ac040_00024,57,214.39602661132812,random,5,34961.89057922363
3922,ac040_00024,58,216.7919464111328,random,5,34961.89057922363
3923,ac040_00024,59,214.9467315673828,random,5,34961.89057922363
3924,ac040_00024,60,214.09933471679688,random,5,34961.89057922363
3925,ac040_00024,61,213.97525024414062,random,5,34961.89057922363
3926,ac040_00024,62,215.78115844726562,random,5,34961.89057922363
3927,ac040_00024,63,217.300048828125,random,5,34961.89057922363
3928,ac040_00024,64,217.20944213867188,random,5,34961.89057922363
3929,ac040_00024,65,221.3271026611328,random,5,34961.89057922363
3930,ac040_00024,66,220.0780487060547,random,5,34961.89057922363
3931,ac040_00024,67,219.6932373046875,random,5,34961.89057922363
3932,ac040_00024,68,219.3343048095703,random,5,34961.89057922363
3933,ac040_00024,69,216.8462677001953,random,5,34961.89057922363
3934,ac040_00024,70,217.7704315185547,random,5,34961.89057922363
3935,ac040_00024,71,217.8866424560547,random,5,34961.89057922363
3936,ac040_00024,72,218.079345703125,random,5,34961.89057922363
3937,ac040_00024,73,219.5792694091797,random,5,34961.89057922363
3938,ac040_00024,74,218.91152954101562,random,5,34961.89057922363
3939,ac040_00024,75,219.71011352539062,random,5,34961.89057922363
3940,ac040_00024,76,218.38632202148438,random,5,34961.89057922363
3941,ac040_00024,77,218.5443878173828,random,5,34961.89057922363
3942,ac040_00024,78,219.26858520507812,random,5,34961.89057922363
3943,ac040_00024,79,218.23886108398438,random,5,34961.89057922363
3944,ac040_00024,80,218.4825897216797,random,5,34961.89057922363
3945,ac040_00024,81,216.7974853515625,random,5,34961.89057922363
3946,ac040_00024,82,216.6241912841797,random,5,34961.89057922363
3947,ac040_00024,83,216.19570922851562,random,5,34961.89057922363
3948,ac040_00024,84,216.5137939453125,random,5,34961.89057922363
3949,ac040_00024,85,215.14840698242188,random,5,34961.89057922363
3950,ac040_00024,86,216.04745483398438,random,5,34961.89057922363
3951,ac040_00024,87,218.4564971923828,random,5,34961.89057922363
3952,ac040_00024,88,217.760009765625,random,5,34961.89057922363
3953,ac040_00024,89,218.9696502685547,random,5,34961.89057922363
3954,ac040_00024,90,218.74575805664062,random,5,34961.89057922363
3955,ac040_00024,91,218.0296173095703,random,5,34961.89057922363
3956,ac040_00024,92,217.7726593017578,random,5,34961.89057922363
3957,ac040_00024,93,217.3769989013672,random,5,34961.89057922363
3958,ac040_00024,94,217.53610229492188,random,5,34961.89057922363
3959,ac040_00024,95,218.0819854736328,random,5,34961.89057922363
3960,ac040_00024,96,217.6756134033203,random,5,34961.89057922363
3961,ac040_00024,97,217.9309844970703,random,5,34961.89057922363
3962,ac040_00024,98,216.95242309570312,random,5,34961.89057922363
3963,ac040_00024,99,217.0989532470703,random,5,34961.89057922363
3964,ac040_00024,100,217.779052734375,random,5,34961.89057922363
3965,ac040_00024,101,217.4606170654297,random,5,34961.89057922363
3966,ac040_00024,102,217.88134765625,random,5,34961.89057922363
3967,ac040_00024,103,218.6776885986328,random,5,34961.89057922363
3968,ac040_00024,104,218.1242218017578,random,5,34961.89057922363
3969,ac040_00024,105,217.3762664794922,random,5,34961.89057922363
3970,ac040_00024,106,217.0933380126953,random,5,34961.89057922363
3971,ac040_00024,107,217.10302734375,random,5,34961.89057922363
3972,ac040_00024,108,216.60269165039062,random,5,34961.89057922363
3973,ac040_00024,109,216.80740356445312,random,5,34961.89057922363
3974,ac040_00024,110,216.9663848876953,random,5,34961.89057922363
3975,ac040_00024,111,217.30313110351562,random,5,34961.89057922363
3976,ac040_00024,112,218.00216674804688,random,5,34961.89057922363
3977,ac040_00024,113,216.6928253173828,random,5,34961.89057922363
3978,ac040_00024,114,216.215087890625,random,5,34961.89057922363
3979,ac040_00024,115,217.4778289794922,random,5,34961.89057922363
3980,ac040_00024,116,216.59140014648438,random,5,34961.89057922363
3981,ac040_00024,117,216.2152862548828,random,5,34961.89057922363
3982,ac040_00024,118,215.74954223632812,random,5,34961.89057922363
3983,ac040_00024,119,215.6751251220703,random,5,34961.89057922363
3984,ac040_00024,120,215.7313690185547,random,5,34961.89057922363
3985,ac040_00024,121,215.3939971923828,random,5,34961.89057922363
3986,ac040_00024,122,215.8462677001953,random,5,34961.89057922363
3987,ac040_00024,123,215.7516632080078,random,5,34961.89057922363
3988,ac040_00024,124,216.7908172607422,random,5,34961.89057922363
3989,ac040_00024,125,216.1238250732422,random,5,34961.89057922363
3990,ac040_00024,126,215.90011596679688,random,5,34961.89057922363
3991,ac040_00024,127,216.3453826904297,random,5,34961.89057922363
3992,ac040_00024,128,216.63662719726562,random,5,34961.89057922363
3993,ac040_00024,129,215.50851440429688,random,5,34961.89057922363
3994,ac040_00024,130,216.203369140625,random,5,34961.89057922363
3995,ac040_00024,131,215.7940216064453,random,5,34961.89057922363
3996,ac040_00024,132,217.0774383544922,random,5,34961.89057922363
3997,ac040_00024,133,217.0240020751953,random,5,34961.89057922363
3998,ac040_00024,134,216.63687133789062,random,5,34961.89057922363
3999,ac040_00024,135,216.64614868164062,random,5,34961.89057922363
4000,ac040_00024,136,215.8822021484375,random,5,34961.89057922363
4001,ac040_00024,137,217.43563842773438,random,5,34961.89057922363
4002,ac040_00024,138,217.96969604492188,random,5,34961.89057922363
4003,ac040_00024,139,216.844482421875,random,5,34961.89057922363
4004,ac040_00024,140,216.9578094482422,random,5,34961.89057922363
4005,ac040_00024,141,217.02255249023438,random,5,34961.89057922363
4006,ac040_00024,142,218.00192260742188,random,5,34961.89057922363
4007,ac040_00024,143,217.07730102539062,random,5,34961.89057922363
4008,ac040_00024,144,217.44619750976562,random,5,34961.89057922363
4009,ac040_00024,145,217.3061981201172,random,5,34961.89057922363
4010,ac040_00024,146,217.1223602294922,random,5,34961.89057922363
4011,ac040_00024,147,216.72470092773438,random,5,34961.89057922363
4012,ac040_00024,148,216.55288696289062,random,5,34961.89057922363
4013,ac040_00024,149,216.67758178710938,random,5,34961.89057922363
4014,ac040_00024,150,216.33218383789062,random,5,34961.89057922363
4015,ac040_00024,151,215.61044311523438,random,5,34961.89057922363
4016,ac040_00024,152,215.5309600830078,random,5,34961.89057922363
4017,ac040_00024,153,215.59323120117188,random,5,34961.89057922363
4018,ac040_00024,154,215.5116424560547,random,5,34961.89057922363
4019,ac040_00024,155,215.8087615966797,random,5,34961.89057922363
4020,ac040_00024,156,215.3411865234375,random,5,34961.89057922363
4021,ac040_00024,157,215.47280883789062,random,5,34961.89057922363
4022,ac040_00024,158,214.8022003173828,random,5,34961.89057922363
4023,ac040_00024,159,214.89501953125,random,5,34961.89057922363
4024,ac040_00024,160,214.652587890625,random,5,34961.89057922363
