{"score": 274.78636198546485, "iteration_metrics": [0.8365327380952381, 0.9090710541642399, 0.9102677258017065, 0.9281533508925959, 0.914229725655713, 0.8706739526411658, 0.9299694189602447, 0.9170489296636086, 0.9335725677830942, 0.9121725731895223, 0.9290413533834586, 0.9204721963342652, 0.911188369152971, 0.911188369152971, 0.9467225846536191, 0.9467225846536191, 0.9025689223057645, 0.9382126348228044, 0.9073470021745884, 0.9335973904939423, 0.9250975927130775, 0.959847778813296, 0.9269671389810069, 0.9378950695322377, 0.9422775689223057, 0.9382126348228044, 0.9558103975535168, 0.9642526964560862, 0.947632058287796, 0.9779167922821828, 0.9642526964560862, 0.959847778813296, 0.9512326656394453, 0.9351279788172993, 0.9351279788172993, 0.9428899082568807, 0.9512326656394453, 0.9555137844611529, 0.951248419721871, 0.959847778813296, 0.9290413533834586, 0.9524419656315948, 0.9642526964560862, 0.968730886850153, 0.9219793564055859, 0.9512326656394453, 0.947632058287796, 0.947632058287796, 0.9524419656315948, 0.9251926040061633, 0.9573225516621743, 0.949702380952381, 0.9290413533834586, 0.9428899082568807, 0.9397045523063008, 0.9428899082568807, 0.9558103975535168, 0.9467225846536191, 0.9467225846536191, 0.9512326656394453, 0.968730886850153, 0.947632058287796, 0.9512326656394453, 0.9467225846536191, 0.968730886850153, 0.9558103975535168, 0.947632058287796, 0.9558103975535168, 0.934805707346691, 0.959847778813296, 0.9558103975535168, 0.9382126348228044, 0.9422775689223057, 0.9428899082568807, 0.9555137844611529, 0.960458409228901, 0.959847778813296, 0.9555137844611529, 0.9558103975535168, 0.951248419721871, 0.9555137844611529, 0.9642526964560862, 0.947632058287796, 0.960458409228901, 0.9555137844611529, 0.9512326656394453, 0.9428899082568807, 0.9558103975535168, 0.9558103975535168, 0.9558103975535168, 0.9642526964560862, 0.9622767857142858, 0.959847778813296, 0.968730886850153, 0.9428899082568807, 0.9428899082568807, 0.9512326656394453, 0.9422775689223057, 0.9428899082568807, 0.9732847601700061, 0.9428899082568807, 0.959847778813296, 0.9512326656394453, 0.9772727272727273, 0.9467225846536191, 0.959847778813296, 0.934805707346691, 0.947632058287796, 0.949702380952381, 0.960458409228901, 0.947632058287796, 0.951248419721871, 0.9512326656394453, 0.9558103975535168, 0.947632058287796, 0.960458409228901, 0.9382126348228044, 0.9651793789568888, 0.947632058287796, 0.9397045523063008, 0.960458409228901, 0.9524419656315948, 0.9382126348228044, 0.96875, 0.9558103975535168, 0.9524419656315948, 0.9524419656315948, 0.9642526964560862, 0.9397045523063008, 0.9573225516621743, 0.960458409228901, 0.9732847601700061, 0.9397045523063008, 0.9558103975535168, 0.9245535714285714, 0.947632058287796, 0.944669062593591, 0.9524419656315948, 0.9524419656315948, 0.9558103975535168, 0.9524419656315948, 0.9428899082568807, 0.9371279761904762, 0.9467225846536191, 0.9428899082568807, 0.9428899082568807, 0.9428899082568807, 0.947632058287796, 0.944669062593591, 0.947632058287796, 0.9512326656394453, 0.960458409228901, 0.9524419656315948, 0.947632058287796, 0.960458409228901, 0.9524419656315948, 0.9382126348228044, 0.9512326656394453, 0.934805707346691, 0.944669062593591, 0.960458409228901, 0.934805707346691, 0.9269671389810069, 0.9428899082568807, 0.960458409228901, 0.944669062593591, 0.944669062593591, 0.9299694189602447, 0.9524419656315948, 0.9524419656315948, 0.960458409228901, 0.9382126348228044, 0.9382126348228044, 0.959847778813296, 0.9428899082568807, 0.944669062593591, 0.9524419656315948, 0.947632058287796, 0.947632058287796, 0.944669062593591, 0.9573225516621743, 0.9428899082568807, 0.947632058287796, 0.947632058287796, 0.9573225516621743, 0.9558103975535168, 0.9397045523063008, 0.9573225516621743, 0.9428899082568807, 0.9428899082568807, 0.9251926040061633, 0.9371279761904762, 0.947632058287796, 0.9732847601700061, 0.9651793789568888, 0.9651793789568888, 0.9512326656394453, 0.949702380952381, 0.9512326656394453, 0.944669062593591, 0.9382126348228044, 0.9428899082568807, 0.9397045523063008, 0.934805707346691, 0.9651793789568888, 0.9397045523063008, 0.960458409228901, 0.9651793789568888, 0.9428899082568807, 0.9573225516621743, 0.959847778813296, 0.944669062593591, 0.9397045523063008, 0.949702380952381, 0.9382126348228044, 0.9397045523063008, 0.9573225516621743, 0.9382126348228044, 0.9558103975535168, 0.9558103975535168, 0.9555137844611529, 0.944669062593591, 0.944669062593591, 0.9397045523063008, 0.9573225516621743, 0.9512326656394453, 0.949702380952381, 0.9558103975535168, 0.9423076923076923, 0.9467225846536191, 0.934805707346691, 0.947632058287796, 0.9512326656394453, 0.944669062593591, 0.9512326656394453, 0.960458409228901, 0.9573225516621743, 0.949702380952381, 0.947632058287796, 0.9467225846536191, 0.9651793789568888, 0.9371279761904762, 0.934805707346691, 0.9512326656394453, 0.9371279761904762, 0.9651793789568888, 0.9524419656315948, 0.947632058287796, 0.9382126348228044, 0.9622767857142858, 0.9428899082568807, 0.9397045523063008, 0.9558103975535168, 0.947632058287796, 0.9320155735250075, 0.968730886850153, 0.9573225516621743, 0.9524419656315948, 0.934805707346691, 0.9428899082568807, 0.9524419656315948, 0.947632058287796, 0.944669062593591, 0.949702380952381, 0.960458409228901, 0.934805707346691, 0.947632058287796, 0.9732847601700061, 0.9651793789568888, 0.947632058287796, 0.9397045523063008, 0.9699760407307577, 0.9397045523063008, 0.9622767857142858, 0.9397045523063008, 0.9558103975535168, 0.9512326656394453, 0.9397045523063008, 0.947632058287796, 0.944669062593591, 0.9642526964560862, 0.9428899082568807, 0.9512326656394453, 0.9397045523063008, 0.9428899082568807, 0.960458409228901, 0.9428899082568807, 0.9558103975535168, 0.9428899082568807, 0.9558103975535168, 0.9299694189602447], "timestamp": 1725204410, "checkpoint_dir_name": null, "done": false, "training_iteration": 1, "trial_id": "805f1_00015", "date": "2024-09-01_16-26-50", "time_this_iter_s": 13.881322383880615, "time_total_s": 13.881322383880615, "pid": 32254, "hostname": "nemo.cl.cam.ac.uk", "node_ip": "128.232.64.154", "config": {"seed": 1, "strategy": "ratio_confidence"}, "time_since_restore": 13.881322383880615, "iterations_since_restore": 1}
