,trial_id,iteration,test_metric,strategy,seed,score
0,9cce2_00000,0,0.5,least_confidence,1,285.365
1,9cce2_00000,1,0.75,least_confidence,1,285.365
2,9cce2_00000,2,0.84,least_confidence,1,285.365
3,9cce2_00000,3,0.8200000000000001,least_confidence,1,285.365
4,9cce2_00000,4,0.87,least_confidence,1,285.365
5,9cce2_00000,5,0.8899999999999999,least_confidence,1,285.365
6,9cce2_00000,6,0.74,least_confidence,1,285.365
7,9cce2_00000,7,0.8600000000000001,least_confidence,1,285.365
8,9cce2_00000,8,0.9199999999999999,least_confidence,1,285.365
9,9cce2_00000,9,0.9099999999999999,least_confidence,1,285.365
10,9cce2_00000,10,0.85,least_confidence,1,285.365
11,9cce2_00000,11,0.87,least_confidence,1,285.365
12,9cce2_00000,12,0.86,least_confidence,1,285.365
13,9cce2_00000,13,0.64,least_confidence,1,285.365
14,9cce2_00000,14,0.8200000000000001,least_confidence,1,285.365
15,9cce2_00000,15,0.86,least_confidence,1,285.365
16,9cce2_00000,16,0.8,least_confidence,1,285.365
17,9cce2_00000,17,0.85,least_confidence,1,285.365
18,9cce2_00000,18,0.84,least_confidence,1,285.365
19,9cce2_00000,19,0.84,least_confidence,1,285.365
20,9cce2_00000,20,0.62,least_confidence,1,285.365
21,9cce2_00000,21,0.86,least_confidence,1,285.365
22,9cce2_00000,22,0.6799999999999999,least_confidence,1,285.365
23,9cce2_00000,23,0.79,least_confidence,1,285.365
24,9cce2_00000,24,0.86,least_confidence,1,285.365
25,9cce2_00000,25,0.6799999999999999,least_confidence,1,285.365
26,9cce2_00000,26,0.8300000000000001,least_confidence,1,285.365
27,9cce2_00000,27,0.73,least_confidence,1,285.365
28,9cce2_00000,28,0.87,least_confidence,1,285.365
29,9cce2_00000,29,0.89,least_confidence,1,285.365
30,9cce2_00000,30,0.85,least_confidence,1,285.365
31,9cce2_00000,31,0.87,least_confidence,1,285.365
32,9cce2_00000,32,0.86,least_confidence,1,285.365
33,9cce2_00000,33,0.8799999999999999,least_confidence,1,285.365
34,9cce2_00000,34,0.85,least_confidence,1,285.365
35,9cce2_00000,35,0.84,least_confidence,1,285.365
36,9cce2_00000,36,0.88,least_confidence,1,285.365
37,9cce2_00000,37,0.88,least_confidence,1,285.365
38,9cce2_00000,38,0.86,least_confidence,1,285.365
39,9cce2_00000,39,0.85,least_confidence,1,285.365
40,9cce2_00000,40,0.87,least_confidence,1,285.365
41,9cce2_00000,41,0.82,least_confidence,1,285.365
42,9cce2_00000,42,0.78,least_confidence,1,285.365
43,9cce2_00000,43,0.88,least_confidence,1,285.365
44,9cce2_00000,44,0.9099999999999999,least_confidence,1,285.365
45,9cce2_00000,45,0.8899999999999999,least_confidence,1,285.365
46,9cce2_00000,46,0.87,least_confidence,1,285.365
47,9cce2_00000,47,0.89,least_confidence,1,285.365
48,9cce2_00000,48,0.94,least_confidence,1,285.365
49,9cce2_00000,49,0.86,least_confidence,1,285.365
50,9cce2_00000,50,0.9099999999999999,least_confidence,1,285.365
51,9cce2_00000,51,0.89,least_confidence,1,285.365
52,9cce2_00000,52,0.89,least_confidence,1,285.365
53,9cce2_00000,53,0.9099999999999999,least_confidence,1,285.365
54,9cce2_00000,54,0.8999999999999999,least_confidence,1,285.365
55,9cce2_00000,55,0.89,least_confidence,1,285.365
56,9cce2_00000,56,0.88,least_confidence,1,285.365
57,9cce2_00000,57,0.89,least_confidence,1,285.365
58,9cce2_00000,58,0.9099999999999999,least_confidence,1,285.365
59,9cce2_00000,59,0.87,least_confidence,1,285.365
60,9cce2_00000,60,0.8500000000000001,least_confidence,1,285.365
61,9cce2_00000,61,0.9299999999999999,least_confidence,1,285.365
62,9cce2_00000,62,0.8999999999999999,least_confidence,1,285.365
63,9cce2_00000,63,0.9199999999999999,least_confidence,1,285.365
64,9cce2_00000,64,0.9,least_confidence,1,285.365
65,9cce2_00000,65,0.87,least_confidence,1,285.365
66,9cce2_00000,66,0.94,least_confidence,1,285.365
67,9cce2_00000,67,0.94,least_confidence,1,285.365
68,9cce2_00000,68,0.8999999999999999,least_confidence,1,285.365
69,9cce2_00000,69,0.87,least_confidence,1,285.365
70,9cce2_00000,70,0.9299999999999999,least_confidence,1,285.365
71,9cce2_00000,71,0.9199999999999999,least_confidence,1,285.365
72,9cce2_00000,72,0.9099999999999999,least_confidence,1,285.365
73,9cce2_00000,73,0.8999999999999999,least_confidence,1,285.365
74,9cce2_00000,74,0.9199999999999999,least_confidence,1,285.365
75,9cce2_00000,75,0.9199999999999999,least_confidence,1,285.365
76,9cce2_00000,76,0.94,least_confidence,1,285.365
77,9cce2_00000,77,0.84,least_confidence,1,285.365
78,9cce2_00000,78,0.9099999999999999,least_confidence,1,285.365
79,9cce2_00000,79,0.88,least_confidence,1,285.365
80,9cce2_00000,80,0.8500000000000001,least_confidence,1,285.365
81,9cce2_00000,81,0.89,least_confidence,1,285.365
82,9cce2_00000,82,0.8999999999999999,least_confidence,1,285.365
83,9cce2_00000,83,0.9199999999999999,least_confidence,1,285.365
84,9cce2_00000,84,0.9099999999999999,least_confidence,1,285.365
85,9cce2_00000,85,0.9,least_confidence,1,285.365
86,9cce2_00000,86,0.9099999999999999,least_confidence,1,285.365
87,9cce2_00000,87,0.91,least_confidence,1,285.365
88,9cce2_00000,88,0.9199999999999999,least_confidence,1,285.365
89,9cce2_00000,89,0.8999999999999999,least_confidence,1,285.365
90,9cce2_00000,90,0.9199999999999999,least_confidence,1,285.365
91,9cce2_00000,91,0.94,least_confidence,1,285.365
92,9cce2_00000,92,0.8999999999999999,least_confidence,1,285.365
93,9cce2_00000,93,0.9299999999999999,least_confidence,1,285.365
94,9cce2_00000,94,0.9099999999999999,least_confidence,1,285.365
95,9cce2_00000,95,0.9,least_confidence,1,285.365
96,9cce2_00000,96,0.91,least_confidence,1,285.365
97,9cce2_00000,97,0.88,least_confidence,1,285.365
98,9cce2_00000,98,0.94,least_confidence,1,285.365
99,9cce2_00000,99,0.89,least_confidence,1,285.365
100,9cce2_00000,100,0.9299999999999999,least_confidence,1,285.365
101,9cce2_00000,101,0.9199999999999999,least_confidence,1,285.365
102,9cce2_00000,102,0.92,least_confidence,1,285.365
103,9cce2_00000,103,0.9299999999999999,least_confidence,1,285.365
104,9cce2_00000,104,0.9199999999999999,least_confidence,1,285.365
105,9cce2_00000,105,0.91,least_confidence,1,285.365
106,9cce2_00000,106,0.9199999999999999,least_confidence,1,285.365
107,9cce2_00000,107,0.91,least_confidence,1,285.365
108,9cce2_00000,108,0.9099999999999999,least_confidence,1,285.365
109,9cce2_00000,109,0.91,least_confidence,1,285.365
110,9cce2_00000,110,0.9099999999999999,least_confidence,1,285.365
111,9cce2_00000,111,0.87,least_confidence,1,285.365
112,9cce2_00000,112,0.89,least_confidence,1,285.365
113,9cce2_00000,113,0.9299999999999999,least_confidence,1,285.365
114,9cce2_00000,114,0.8899999999999999,least_confidence,1,285.365
115,9cce2_00000,115,0.9199999999999999,least_confidence,1,285.365
116,9cce2_00000,116,0.9299999999999999,least_confidence,1,285.365
117,9cce2_00000,117,0.9099999999999999,least_confidence,1,285.365
118,9cce2_00000,118,0.9199999999999999,least_confidence,1,285.365
119,9cce2_00000,119,0.94,least_confidence,1,285.365
120,9cce2_00000,120,0.8999999999999999,least_confidence,1,285.365
121,9cce2_00000,121,0.92,least_confidence,1,285.365
122,9cce2_00000,122,0.8999999999999999,least_confidence,1,285.365
123,9cce2_00000,123,0.9199999999999999,least_confidence,1,285.365
124,9cce2_00000,124,0.8999999999999999,least_confidence,1,285.365
125,9cce2_00000,125,0.8999999999999999,least_confidence,1,285.365
126,9cce2_00000,126,0.8999999999999999,least_confidence,1,285.365
127,9cce2_00000,127,0.9299999999999999,least_confidence,1,285.365
128,9cce2_00000,128,0.91,least_confidence,1,285.365
129,9cce2_00000,129,0.89,least_confidence,1,285.365
130,9cce2_00000,130,0.9,least_confidence,1,285.365
131,9cce2_00000,131,0.88,least_confidence,1,285.365
132,9cce2_00000,132,0.8999999999999999,least_confidence,1,285.365
133,9cce2_00000,133,0.9099999999999999,least_confidence,1,285.365
134,9cce2_00000,134,0.9299999999999999,least_confidence,1,285.365
135,9cce2_00000,135,0.9199999999999999,least_confidence,1,285.365
136,9cce2_00000,136,0.8999999999999999,least_confidence,1,285.365
137,9cce2_00000,137,0.9099999999999999,least_confidence,1,285.365
138,9cce2_00000,138,0.9299999999999999,least_confidence,1,285.365
139,9cce2_00000,139,0.9199999999999999,least_confidence,1,285.365
140,9cce2_00000,140,0.94,least_confidence,1,285.365
141,9cce2_00000,141,0.9099999999999999,least_confidence,1,285.365
142,9cce2_00000,142,0.9099999999999999,least_confidence,1,285.365
143,9cce2_00000,143,0.9199999999999999,least_confidence,1,285.365
144,9cce2_00000,144,0.95,least_confidence,1,285.365
145,9cce2_00000,145,0.9299999999999999,least_confidence,1,285.365
146,9cce2_00000,146,0.8899999999999999,least_confidence,1,285.365
147,9cce2_00000,147,0.88,least_confidence,1,285.365
148,9cce2_00000,148,0.95,least_confidence,1,285.365
149,9cce2_00000,149,0.9099999999999999,least_confidence,1,285.365
150,9cce2_00000,150,0.9099999999999999,least_confidence,1,285.365
151,9cce2_00000,151,0.9199999999999999,least_confidence,1,285.365
152,9cce2_00000,152,0.9299999999999999,least_confidence,1,285.365
153,9cce2_00000,153,0.95,least_confidence,1,285.365
154,9cce2_00000,154,0.9099999999999999,least_confidence,1,285.365
155,9cce2_00000,155,0.8999999999999999,least_confidence,1,285.365
156,9cce2_00000,156,0.8799999999999999,least_confidence,1,285.365
157,9cce2_00000,157,0.9299999999999999,least_confidence,1,285.365
158,9cce2_00000,158,0.9099999999999999,least_confidence,1,285.365
159,9cce2_00000,159,0.94,least_confidence,1,285.365
160,9cce2_00000,160,0.9299999999999999,least_confidence,1,285.365
161,9cce2_00000,161,0.9099999999999999,least_confidence,1,285.365
162,9cce2_00000,162,0.8999999999999999,least_confidence,1,285.365
163,9cce2_00000,163,0.9299999999999999,least_confidence,1,285.365
164,9cce2_00000,164,0.9199999999999999,least_confidence,1,285.365
165,9cce2_00000,165,0.8999999999999999,least_confidence,1,285.365
166,9cce2_00000,166,0.9199999999999999,least_confidence,1,285.365
167,9cce2_00000,167,0.9199999999999999,least_confidence,1,285.365
168,9cce2_00000,168,0.88,least_confidence,1,285.365
169,9cce2_00000,169,0.9099999999999999,least_confidence,1,285.365
170,9cce2_00000,170,0.9199999999999999,least_confidence,1,285.365
171,9cce2_00000,171,0.9299999999999999,least_confidence,1,285.365
172,9cce2_00000,172,0.9199999999999999,least_confidence,1,285.365
173,9cce2_00000,173,0.8999999999999999,least_confidence,1,285.365
174,9cce2_00000,174,0.88,least_confidence,1,285.365
175,9cce2_00000,175,0.91,least_confidence,1,285.365
176,9cce2_00000,176,0.89,least_confidence,1,285.365
177,9cce2_00000,177,0.9099999999999999,least_confidence,1,285.365
178,9cce2_00000,178,0.9199999999999999,least_confidence,1,285.365
179,9cce2_00000,179,0.88,least_confidence,1,285.365
180,9cce2_00000,180,0.9299999999999999,least_confidence,1,285.365
181,9cce2_00000,181,0.9199999999999999,least_confidence,1,285.365
182,9cce2_00000,182,0.8999999999999999,least_confidence,1,285.365
183,9cce2_00000,183,0.8999999999999999,least_confidence,1,285.365
184,9cce2_00000,184,0.9099999999999999,least_confidence,1,285.365
185,9cce2_00000,185,0.8999999999999999,least_confidence,1,285.365
186,9cce2_00000,186,0.8899999999999999,least_confidence,1,285.365
187,9cce2_00000,187,0.9299999999999999,least_confidence,1,285.365
188,9cce2_00000,188,0.9199999999999999,least_confidence,1,285.365
189,9cce2_00000,189,0.9199999999999999,least_confidence,1,285.365
190,9cce2_00000,190,0.86,least_confidence,1,285.365
191,9cce2_00000,191,0.9199999999999999,least_confidence,1,285.365
192,9cce2_00000,192,0.9199999999999999,least_confidence,1,285.365
193,9cce2_00000,193,0.9099999999999999,least_confidence,1,285.365
194,9cce2_00000,194,0.88,least_confidence,1,285.365
195,9cce2_00000,195,0.9299999999999999,least_confidence,1,285.365
196,9cce2_00000,196,0.88,least_confidence,1,285.365
197,9cce2_00000,197,0.9199999999999999,least_confidence,1,285.365
198,9cce2_00000,198,0.8999999999999999,least_confidence,1,285.365
199,9cce2_00000,199,0.9199999999999999,least_confidence,1,285.365
200,9cce2_00000,200,0.89,least_confidence,1,285.365
201,9cce2_00000,201,0.9199999999999999,least_confidence,1,285.365
202,9cce2_00000,202,0.86,least_confidence,1,285.365
203,9cce2_00000,203,0.9299999999999999,least_confidence,1,285.365
204,9cce2_00000,204,0.8999999999999999,least_confidence,1,285.365
205,9cce2_00000,205,0.9199999999999999,least_confidence,1,285.365
206,9cce2_00000,206,0.9199999999999999,least_confidence,1,285.365
207,9cce2_00000,207,0.94,least_confidence,1,285.365
208,9cce2_00000,208,0.9199999999999999,least_confidence,1,285.365
209,9cce2_00000,209,0.9199999999999999,least_confidence,1,285.365
210,9cce2_00000,210,0.8899999999999999,least_confidence,1,285.365
211,9cce2_00000,211,0.8999999999999999,least_confidence,1,285.365
212,9cce2_00000,212,0.9199999999999999,least_confidence,1,285.365
213,9cce2_00000,213,0.8300000000000001,least_confidence,1,285.365
214,9cce2_00000,214,0.88,least_confidence,1,285.365
215,9cce2_00000,215,0.9299999999999999,least_confidence,1,285.365
216,9cce2_00000,216,0.9299999999999999,least_confidence,1,285.365
217,9cce2_00000,217,0.8999999999999999,least_confidence,1,285.365
218,9cce2_00000,218,0.9099999999999999,least_confidence,1,285.365
219,9cce2_00000,219,0.87,least_confidence,1,285.365
220,9cce2_00000,220,0.9099999999999999,least_confidence,1,285.365
221,9cce2_00000,221,0.87,least_confidence,1,285.365
222,9cce2_00000,222,0.94,least_confidence,1,285.365
223,9cce2_00000,223,0.9099999999999999,least_confidence,1,285.365
224,9cce2_00000,224,0.9099999999999999,least_confidence,1,285.365
225,9cce2_00000,225,0.9299999999999999,least_confidence,1,285.365
226,9cce2_00000,226,0.94,least_confidence,1,285.365
227,9cce2_00000,227,0.8999999999999999,least_confidence,1,285.365
228,9cce2_00000,228,0.8899999999999999,least_confidence,1,285.365
229,9cce2_00000,229,0.9099999999999999,least_confidence,1,285.365
230,9cce2_00000,230,0.9099999999999999,least_confidence,1,285.365
231,9cce2_00000,231,0.91,least_confidence,1,285.365
232,9cce2_00000,232,0.94,least_confidence,1,285.365
233,9cce2_00000,233,0.9299999999999999,least_confidence,1,285.365
234,9cce2_00000,234,0.9199999999999999,least_confidence,1,285.365
235,9cce2_00000,235,0.9099999999999999,least_confidence,1,285.365
236,9cce2_00000,236,0.9299999999999999,least_confidence,1,285.365
237,9cce2_00000,237,0.9299999999999999,least_confidence,1,285.365
238,9cce2_00000,238,0.9099999999999999,least_confidence,1,285.365
239,9cce2_00000,239,0.88,least_confidence,1,285.365
240,9cce2_00000,240,0.8999999999999999,least_confidence,1,285.365
241,9cce2_00000,241,0.9299999999999999,least_confidence,1,285.365
242,9cce2_00000,242,0.9199999999999999,least_confidence,1,285.365
243,9cce2_00000,243,0.9199999999999999,least_confidence,1,285.365
244,9cce2_00000,244,0.94,least_confidence,1,285.365
245,9cce2_00000,245,0.8999999999999999,least_confidence,1,285.365
246,9cce2_00000,246,0.8999999999999999,least_confidence,1,285.365
247,9cce2_00000,247,0.9199999999999999,least_confidence,1,285.365
248,9cce2_00000,248,0.9199999999999999,least_confidence,1,285.365
249,9cce2_00000,249,0.8899999999999999,least_confidence,1,285.365
250,9cce2_00000,250,0.9099999999999999,least_confidence,1,285.365
251,9cce2_00000,251,0.9299999999999999,least_confidence,1,285.365
252,9cce2_00000,252,0.9199999999999999,least_confidence,1,285.365
253,9cce2_00000,253,0.8999999999999999,least_confidence,1,285.365
254,9cce2_00000,254,0.9199999999999999,least_confidence,1,285.365
255,9cce2_00000,255,0.8999999999999999,least_confidence,1,285.365
256,9cce2_00000,256,0.9199999999999999,least_confidence,1,285.365
257,9cce2_00000,257,0.8999999999999999,least_confidence,1,285.365
258,9cce2_00000,258,0.9099999999999999,least_confidence,1,285.365
259,9cce2_00000,259,0.9199999999999999,least_confidence,1,285.365
260,9cce2_00000,260,0.89,least_confidence,1,285.365
261,9cce2_00000,261,0.84,least_confidence,1,285.365
262,9cce2_00000,262,0.9099999999999999,least_confidence,1,285.365
263,9cce2_00000,263,0.9299999999999999,least_confidence,1,285.365
264,9cce2_00000,264,0.89,least_confidence,1,285.365
265,9cce2_00000,265,0.8899999999999999,least_confidence,1,285.365
266,9cce2_00000,266,0.8999999999999999,least_confidence,1,285.365
267,9cce2_00000,267,0.89,least_confidence,1,285.365
268,9cce2_00000,268,0.9199999999999999,least_confidence,1,285.365
269,9cce2_00000,269,0.9099999999999999,least_confidence,1,285.365
270,9cce2_00000,270,0.9099999999999999,least_confidence,1,285.365
271,9cce2_00000,271,0.9299999999999999,least_confidence,1,285.365
272,9cce2_00000,272,0.9299999999999999,least_confidence,1,285.365
273,9cce2_00000,273,0.8999999999999999,least_confidence,1,285.365
274,9cce2_00000,274,0.9299999999999999,least_confidence,1,285.365
275,9cce2_00000,275,0.91,least_confidence,1,285.365
276,9cce2_00000,276,0.9199999999999999,least_confidence,1,285.365
277,9cce2_00000,277,0.9099999999999999,least_confidence,1,285.365
278,9cce2_00000,278,0.89,least_confidence,1,285.365
279,9cce2_00000,279,0.9299999999999999,least_confidence,1,285.365
280,9cce2_00000,280,0.94,least_confidence,1,285.365
281,9cce2_00000,281,0.9199999999999999,least_confidence,1,285.365
282,9cce2_00000,282,0.9199999999999999,least_confidence,1,285.365
283,9cce2_00000,283,0.9199999999999999,least_confidence,1,285.365
284,9cce2_00000,284,0.9199999999999999,least_confidence,1,285.365
285,9cce2_00000,285,0.9199999999999999,least_confidence,1,285.365
286,9cce2_00000,286,0.9199999999999999,least_confidence,1,285.365
287,9cce2_00000,287,0.89,least_confidence,1,285.365
288,9cce2_00000,288,0.9199999999999999,least_confidence,1,285.365
289,9cce2_00000,289,0.88,least_confidence,1,285.365
290,9cce2_00000,290,0.89,least_confidence,1,285.365
291,9cce2_00000,291,0.9199999999999999,least_confidence,1,285.365
292,9cce2_00000,292,0.9099999999999999,least_confidence,1,285.365
293,9cce2_00000,293,0.89,least_confidence,1,285.365
294,9cce2_00000,294,0.91,least_confidence,1,285.365
295,9cce2_00000,295,0.9199999999999999,least_confidence,1,285.365
296,9cce2_00000,296,0.9099999999999999,least_confidence,1,285.365
297,9cce2_00000,297,0.8899999999999999,least_confidence,1,285.365
298,9cce2_00000,298,0.95,least_confidence,1,285.365
299,9cce2_00000,299,0.87,least_confidence,1,285.365
300,9cce2_00000,300,0.9099999999999999,least_confidence,1,285.365
301,9cce2_00000,301,0.9199999999999999,least_confidence,1,285.365
302,9cce2_00000,302,0.8999999999999999,least_confidence,1,285.365
303,9cce2_00000,303,0.94,least_confidence,1,285.365
304,9cce2_00000,304,0.9199999999999999,least_confidence,1,285.365
305,9cce2_00000,305,0.9199999999999999,least_confidence,1,285.365
306,9cce2_00000,306,0.8899999999999999,least_confidence,1,285.365
307,9cce2_00000,307,0.9099999999999999,least_confidence,1,285.365
308,9cce2_00000,308,0.9099999999999999,least_confidence,1,285.365
309,9cce2_00000,309,0.8999999999999999,least_confidence,1,285.365
310,9cce2_00000,310,0.8899999999999999,least_confidence,1,285.365
311,9cce2_00000,311,0.9099999999999999,least_confidence,1,285.365
312,9cce2_00000,312,0.88,least_confidence,1,285.365
313,9cce2_00000,313,0.9199999999999999,least_confidence,1,285.365
314,9cce2_00000,314,0.9299999999999999,least_confidence,1,285.365
315,9cce2_00000,315,0.8999999999999999,least_confidence,1,285.365
316,9cce2_00000,316,0.9199999999999999,least_confidence,1,285.365
317,9cce2_00000,317,0.9199999999999999,least_confidence,1,285.365
318,9cce2_00000,318,0.9099999999999999,least_confidence,1,285.365
319,9cce2_00001,0,0.8,least_confidence,2,285.59999999999997
320,9cce2_00001,1,0.81,least_confidence,2,285.59999999999997
321,9cce2_00001,2,0.9,least_confidence,2,285.59999999999997
322,9cce2_00001,3,0.81,least_confidence,2,285.59999999999997
323,9cce2_00001,4,0.82,least_confidence,2,285.59999999999997
324,9cce2_00001,5,0.78,least_confidence,2,285.59999999999997
325,9cce2_00001,6,0.8600000000000001,least_confidence,2,285.59999999999997
326,9cce2_00001,7,0.78,least_confidence,2,285.59999999999997
327,9cce2_00001,8,0.88,least_confidence,2,285.59999999999997
328,9cce2_00001,9,0.78,least_confidence,2,285.59999999999997
329,9cce2_00001,10,0.84,least_confidence,2,285.59999999999997
330,9cce2_00001,11,0.65,least_confidence,2,285.59999999999997
331,9cce2_00001,12,0.75,least_confidence,2,285.59999999999997
332,9cce2_00001,13,0.8999999999999999,least_confidence,2,285.59999999999997
333,9cce2_00001,14,0.76,least_confidence,2,285.59999999999997
334,9cce2_00001,15,0.91,least_confidence,2,285.59999999999997
335,9cce2_00001,16,0.8999999999999999,least_confidence,2,285.59999999999997
336,9cce2_00001,17,0.89,least_confidence,2,285.59999999999997
337,9cce2_00001,18,0.9199999999999999,least_confidence,2,285.59999999999997
338,9cce2_00001,19,0.9,least_confidence,2,285.59999999999997
339,9cce2_00001,20,0.86,least_confidence,2,285.59999999999997
340,9cce2_00001,21,0.8999999999999999,least_confidence,2,285.59999999999997
341,9cce2_00001,22,0.9199999999999999,least_confidence,2,285.59999999999997
342,9cce2_00001,23,0.9299999999999999,least_confidence,2,285.59999999999997
343,9cce2_00001,24,0.8600000000000001,least_confidence,2,285.59999999999997
344,9cce2_00001,25,0.8999999999999999,least_confidence,2,285.59999999999997
345,9cce2_00001,26,0.91,least_confidence,2,285.59999999999997
346,9cce2_00001,27,0.9199999999999999,least_confidence,2,285.59999999999997
347,9cce2_00001,28,0.8999999999999999,least_confidence,2,285.59999999999997
348,9cce2_00001,29,0.89,least_confidence,2,285.59999999999997
349,9cce2_00001,30,0.9099999999999999,least_confidence,2,285.59999999999997
350,9cce2_00001,31,0.96,least_confidence,2,285.59999999999997
351,9cce2_00001,32,0.86,least_confidence,2,285.59999999999997
352,9cce2_00001,33,0.88,least_confidence,2,285.59999999999997
353,9cce2_00001,34,0.85,least_confidence,2,285.59999999999997
354,9cce2_00001,35,0.91,least_confidence,2,285.59999999999997
355,9cce2_00001,36,0.9099999999999999,least_confidence,2,285.59999999999997
356,9cce2_00001,37,0.86,least_confidence,2,285.59999999999997
357,9cce2_00001,38,0.8899999999999999,least_confidence,2,285.59999999999997
358,9cce2_00001,39,0.94,least_confidence,2,285.59999999999997
359,9cce2_00001,40,0.8200000000000001,least_confidence,2,285.59999999999997
360,9cce2_00001,41,0.89,least_confidence,2,285.59999999999997
361,9cce2_00001,42,0.8999999999999999,least_confidence,2,285.59999999999997
362,9cce2_00001,43,0.9099999999999999,least_confidence,2,285.59999999999997
363,9cce2_00001,44,0.87,least_confidence,2,285.59999999999997
364,9cce2_00001,45,0.86,least_confidence,2,285.59999999999997
365,9cce2_00001,46,0.9199999999999999,least_confidence,2,285.59999999999997
366,9cce2_00001,47,0.94,least_confidence,2,285.59999999999997
367,9cce2_00001,48,0.9099999999999999,least_confidence,2,285.59999999999997
368,9cce2_00001,49,0.9199999999999999,least_confidence,2,285.59999999999997
369,9cce2_00001,50,0.9299999999999999,least_confidence,2,285.59999999999997
370,9cce2_00001,51,0.94,least_confidence,2,285.59999999999997
371,9cce2_00001,52,0.9199999999999999,least_confidence,2,285.59999999999997
372,9cce2_00001,53,0.91,least_confidence,2,285.59999999999997
373,9cce2_00001,54,0.81,least_confidence,2,285.59999999999997
374,9cce2_00001,55,0.9199999999999999,least_confidence,2,285.59999999999997
375,9cce2_00001,56,0.9099999999999999,least_confidence,2,285.59999999999997
376,9cce2_00001,57,0.87,least_confidence,2,285.59999999999997
377,9cce2_00001,58,0.88,least_confidence,2,285.59999999999997
378,9cce2_00001,59,0.9299999999999999,least_confidence,2,285.59999999999997
379,9cce2_00001,60,0.9099999999999999,least_confidence,2,285.59999999999997
380,9cce2_00001,61,0.9299999999999999,least_confidence,2,285.59999999999997
381,9cce2_00001,62,0.88,least_confidence,2,285.59999999999997
382,9cce2_00001,63,0.86,least_confidence,2,285.59999999999997
383,9cce2_00001,64,0.87,least_confidence,2,285.59999999999997
384,9cce2_00001,65,0.95,least_confidence,2,285.59999999999997
385,9cce2_00001,66,0.96,least_confidence,2,285.59999999999997
386,9cce2_00001,67,0.86,least_confidence,2,285.59999999999997
387,9cce2_00001,68,0.9299999999999999,least_confidence,2,285.59999999999997
388,9cce2_00001,69,0.9299999999999999,least_confidence,2,285.59999999999997
389,9cce2_00001,70,0.9099999999999999,least_confidence,2,285.59999999999997
390,9cce2_00001,71,0.9199999999999999,least_confidence,2,285.59999999999997
391,9cce2_00001,72,0.8200000000000001,least_confidence,2,285.59999999999997
392,9cce2_00001,73,0.92,least_confidence,2,285.59999999999997
393,9cce2_00001,74,0.85,least_confidence,2,285.59999999999997
394,9cce2_00001,75,0.86,least_confidence,2,285.59999999999997
395,9cce2_00001,76,0.91,least_confidence,2,285.59999999999997
396,9cce2_00001,77,0.8799999999999999,least_confidence,2,285.59999999999997
397,9cce2_00001,78,0.85,least_confidence,2,285.59999999999997
398,9cce2_00001,79,0.9099999999999999,least_confidence,2,285.59999999999997
399,9cce2_00001,80,0.86,least_confidence,2,285.59999999999997
400,9cce2_00001,81,0.9199999999999999,least_confidence,2,285.59999999999997
401,9cce2_00001,82,0.8999999999999999,least_confidence,2,285.59999999999997
402,9cce2_00001,83,0.8899999999999999,least_confidence,2,285.59999999999997
403,9cce2_00001,84,0.9099999999999999,least_confidence,2,285.59999999999997
404,9cce2_00001,85,0.88,least_confidence,2,285.59999999999997
405,9cce2_00001,86,0.89,least_confidence,2,285.59999999999997
406,9cce2_00001,87,0.83,least_confidence,2,285.59999999999997
407,9cce2_00001,88,0.9199999999999999,least_confidence,2,285.59999999999997
408,9cce2_00001,89,0.8999999999999999,least_confidence,2,285.59999999999997
409,9cce2_00001,90,0.9099999999999999,least_confidence,2,285.59999999999997
410,9cce2_00001,91,0.87,least_confidence,2,285.59999999999997
411,9cce2_00001,92,0.87,least_confidence,2,285.59999999999997
412,9cce2_00001,93,0.8999999999999999,least_confidence,2,285.59999999999997
413,9cce2_00001,94,0.92,least_confidence,2,285.59999999999997
414,9cce2_00001,95,0.9099999999999999,least_confidence,2,285.59999999999997
415,9cce2_00001,96,0.9099999999999999,least_confidence,2,285.59999999999997
416,9cce2_00001,97,0.86,least_confidence,2,285.59999999999997
417,9cce2_00001,98,0.9199999999999999,least_confidence,2,285.59999999999997
418,9cce2_00001,99,0.85,least_confidence,2,285.59999999999997
419,9cce2_00001,100,0.9299999999999999,least_confidence,2,285.59999999999997
420,9cce2_00001,101,0.86,least_confidence,2,285.59999999999997
421,9cce2_00001,102,0.88,least_confidence,2,285.59999999999997
422,9cce2_00001,103,0.8899999999999999,least_confidence,2,285.59999999999997
423,9cce2_00001,104,0.8600000000000001,least_confidence,2,285.59999999999997
424,9cce2_00001,105,0.9099999999999999,least_confidence,2,285.59999999999997
425,9cce2_00001,106,0.9199999999999999,least_confidence,2,285.59999999999997
426,9cce2_00001,107,0.9199999999999999,least_confidence,2,285.59999999999997
427,9cce2_00001,108,0.8500000000000001,least_confidence,2,285.59999999999997
428,9cce2_00001,109,0.9199999999999999,least_confidence,2,285.59999999999997
429,9cce2_00001,110,0.88,least_confidence,2,285.59999999999997
430,9cce2_00001,111,0.9299999999999999,least_confidence,2,285.59999999999997
431,9cce2_00001,112,0.9299999999999999,least_confidence,2,285.59999999999997
432,9cce2_00001,113,0.9299999999999999,least_confidence,2,285.59999999999997
433,9cce2_00001,114,0.88,least_confidence,2,285.59999999999997
434,9cce2_00001,115,0.94,least_confidence,2,285.59999999999997
435,9cce2_00001,116,0.8799999999999999,least_confidence,2,285.59999999999997
436,9cce2_00001,117,0.89,least_confidence,2,285.59999999999997
437,9cce2_00001,118,0.8899999999999999,least_confidence,2,285.59999999999997
438,9cce2_00001,119,0.9199999999999999,least_confidence,2,285.59999999999997
439,9cce2_00001,120,0.8999999999999999,least_confidence,2,285.59999999999997
440,9cce2_00001,121,0.8999999999999999,least_confidence,2,285.59999999999997
441,9cce2_00001,122,0.9099999999999999,least_confidence,2,285.59999999999997
442,9cce2_00001,123,0.8999999999999999,least_confidence,2,285.59999999999997
443,9cce2_00001,124,0.9099999999999999,least_confidence,2,285.59999999999997
444,9cce2_00001,125,0.88,least_confidence,2,285.59999999999997
445,9cce2_00001,126,0.9099999999999999,least_confidence,2,285.59999999999997
446,9cce2_00001,127,0.8799999999999999,least_confidence,2,285.59999999999997
447,9cce2_00001,128,0.86,least_confidence,2,285.59999999999997
448,9cce2_00001,129,0.85,least_confidence,2,285.59999999999997
449,9cce2_00001,130,0.9299999999999999,least_confidence,2,285.59999999999997
450,9cce2_00001,131,0.8999999999999999,least_confidence,2,285.59999999999997
451,9cce2_00001,132,0.9099999999999999,least_confidence,2,285.59999999999997
452,9cce2_00001,133,0.9299999999999999,least_confidence,2,285.59999999999997
453,9cce2_00001,134,0.8999999999999999,least_confidence,2,285.59999999999997
454,9cce2_00001,135,0.87,least_confidence,2,285.59999999999997
455,9cce2_00001,136,0.91,least_confidence,2,285.59999999999997
456,9cce2_00001,137,0.9199999999999999,least_confidence,2,285.59999999999997
457,9cce2_00001,138,0.8999999999999999,least_confidence,2,285.59999999999997
458,9cce2_00001,139,0.8600000000000001,least_confidence,2,285.59999999999997
459,9cce2_00001,140,0.86,least_confidence,2,285.59999999999997
460,9cce2_00001,141,0.87,least_confidence,2,285.59999999999997
461,9cce2_00001,142,0.87,least_confidence,2,285.59999999999997
462,9cce2_00001,143,0.86,least_confidence,2,285.59999999999997
463,9cce2_00001,144,0.9299999999999999,least_confidence,2,285.59999999999997
464,9cce2_00001,145,0.8899999999999999,least_confidence,2,285.59999999999997
465,9cce2_00001,146,0.88,least_confidence,2,285.59999999999997
466,9cce2_00001,147,0.9199999999999999,least_confidence,2,285.59999999999997
467,9cce2_00001,148,0.9199999999999999,least_confidence,2,285.59999999999997
468,9cce2_00001,149,0.9199999999999999,least_confidence,2,285.59999999999997
469,9cce2_00001,150,0.9299999999999999,least_confidence,2,285.59999999999997
470,9cce2_00001,151,0.86,least_confidence,2,285.59999999999997
471,9cce2_00001,152,0.9099999999999999,least_confidence,2,285.59999999999997
472,9cce2_00001,153,0.9199999999999999,least_confidence,2,285.59999999999997
473,9cce2_00001,154,0.94,least_confidence,2,285.59999999999997
474,9cce2_00001,155,0.8999999999999999,least_confidence,2,285.59999999999997
475,9cce2_00001,156,0.9299999999999999,least_confidence,2,285.59999999999997
476,9cce2_00001,157,0.9199999999999999,least_confidence,2,285.59999999999997
477,9cce2_00001,158,0.9299999999999999,least_confidence,2,285.59999999999997
478,9cce2_00001,159,0.86,least_confidence,2,285.59999999999997
479,9cce2_00001,160,0.9099999999999999,least_confidence,2,285.59999999999997
480,9cce2_00001,161,0.9199999999999999,least_confidence,2,285.59999999999997
481,9cce2_00001,162,0.8999999999999999,least_confidence,2,285.59999999999997
482,9cce2_00001,163,0.9099999999999999,least_confidence,2,285.59999999999997
483,9cce2_00001,164,0.9299999999999999,least_confidence,2,285.59999999999997
484,9cce2_00001,165,0.9299999999999999,least_confidence,2,285.59999999999997
485,9cce2_00001,166,0.9099999999999999,least_confidence,2,285.59999999999997
486,9cce2_00001,167,0.9299999999999999,least_confidence,2,285.59999999999997
487,9cce2_00001,168,0.9199999999999999,least_confidence,2,285.59999999999997
488,9cce2_00001,169,0.9199999999999999,least_confidence,2,285.59999999999997
489,9cce2_00001,170,0.9099999999999999,least_confidence,2,285.59999999999997
490,9cce2_00001,171,0.9099999999999999,least_confidence,2,285.59999999999997
491,9cce2_00001,172,0.86,least_confidence,2,285.59999999999997
492,9cce2_00001,173,0.9299999999999999,least_confidence,2,285.59999999999997
493,9cce2_00001,174,0.9199999999999999,least_confidence,2,285.59999999999997
494,9cce2_00001,175,0.95,least_confidence,2,285.59999999999997
495,9cce2_00001,176,0.8899999999999999,least_confidence,2,285.59999999999997
496,9cce2_00001,177,0.88,least_confidence,2,285.59999999999997
497,9cce2_00001,178,0.89,least_confidence,2,285.59999999999997
498,9cce2_00001,179,0.9299999999999999,least_confidence,2,285.59999999999997
499,9cce2_00001,180,0.9199999999999999,least_confidence,2,285.59999999999997
500,9cce2_00001,181,0.9199999999999999,least_confidence,2,285.59999999999997
501,9cce2_00001,182,0.8999999999999999,least_confidence,2,285.59999999999997
502,9cce2_00001,183,0.8999999999999999,least_confidence,2,285.59999999999997
503,9cce2_00001,184,0.8899999999999999,least_confidence,2,285.59999999999997
504,9cce2_00001,185,0.8899999999999999,least_confidence,2,285.59999999999997
505,9cce2_00001,186,0.87,least_confidence,2,285.59999999999997
506,9cce2_00001,187,0.9299999999999999,least_confidence,2,285.59999999999997
507,9cce2_00001,188,0.94,least_confidence,2,285.59999999999997
508,9cce2_00001,189,0.9199999999999999,least_confidence,2,285.59999999999997
509,9cce2_00001,190,0.9199999999999999,least_confidence,2,285.59999999999997
510,9cce2_00001,191,0.9099999999999999,least_confidence,2,285.59999999999997
511,9cce2_00001,192,0.87,least_confidence,2,285.59999999999997
512,9cce2_00001,193,0.9299999999999999,least_confidence,2,285.59999999999997
513,9cce2_00001,194,0.9199999999999999,least_confidence,2,285.59999999999997
514,9cce2_00001,195,0.9299999999999999,least_confidence,2,285.59999999999997
515,9cce2_00001,196,0.91,least_confidence,2,285.59999999999997
516,9cce2_00001,197,0.9199999999999999,least_confidence,2,285.59999999999997
517,9cce2_00001,198,0.9199999999999999,least_confidence,2,285.59999999999997
518,9cce2_00001,199,0.94,least_confidence,2,285.59999999999997
519,9cce2_00001,200,0.9299999999999999,least_confidence,2,285.59999999999997
520,9cce2_00001,201,0.86,least_confidence,2,285.59999999999997
521,9cce2_00001,202,0.8799999999999999,least_confidence,2,285.59999999999997
522,9cce2_00001,203,0.9299999999999999,least_confidence,2,285.59999999999997
523,9cce2_00001,204,0.8999999999999999,least_confidence,2,285.59999999999997
524,9cce2_00001,205,0.89,least_confidence,2,285.59999999999997
525,9cce2_00001,206,0.8899999999999999,least_confidence,2,285.59999999999997
526,9cce2_00001,207,0.9099999999999999,least_confidence,2,285.59999999999997
527,9cce2_00001,208,0.89,least_confidence,2,285.59999999999997
528,9cce2_00001,209,0.9199999999999999,least_confidence,2,285.59999999999997
529,9cce2_00001,210,0.9,least_confidence,2,285.59999999999997
530,9cce2_00001,211,0.85,least_confidence,2,285.59999999999997
531,9cce2_00001,212,0.94,least_confidence,2,285.59999999999997
532,9cce2_00001,213,0.9199999999999999,least_confidence,2,285.59999999999997
533,9cce2_00001,214,0.9099999999999999,least_confidence,2,285.59999999999997
534,9cce2_00001,215,0.86,least_confidence,2,285.59999999999997
535,9cce2_00001,216,0.89,least_confidence,2,285.59999999999997
536,9cce2_00001,217,0.88,least_confidence,2,285.59999999999997
537,9cce2_00001,218,0.88,least_confidence,2,285.59999999999997
538,9cce2_00001,219,0.8999999999999999,least_confidence,2,285.59999999999997
539,9cce2_00001,220,0.9199999999999999,least_confidence,2,285.59999999999997
540,9cce2_00001,221,0.9299999999999999,least_confidence,2,285.59999999999997
541,9cce2_00001,222,0.8999999999999999,least_confidence,2,285.59999999999997
542,9cce2_00001,223,0.92,least_confidence,2,285.59999999999997
543,9cce2_00001,224,0.8899999999999999,least_confidence,2,285.59999999999997
544,9cce2_00001,225,0.91,least_confidence,2,285.59999999999997
545,9cce2_00001,226,0.9199999999999999,least_confidence,2,285.59999999999997
546,9cce2_00001,227,0.9099999999999999,least_confidence,2,285.59999999999997
547,9cce2_00001,228,0.94,least_confidence,2,285.59999999999997
548,9cce2_00001,229,0.87,least_confidence,2,285.59999999999997
549,9cce2_00001,230,0.8999999999999999,least_confidence,2,285.59999999999997
550,9cce2_00001,231,0.9099999999999999,least_confidence,2,285.59999999999997
551,9cce2_00001,232,0.88,least_confidence,2,285.59999999999997
552,9cce2_00001,233,0.95,least_confidence,2,285.59999999999997
553,9cce2_00001,234,0.9299999999999999,least_confidence,2,285.59999999999997
554,9cce2_00001,235,0.9099999999999999,least_confidence,2,285.59999999999997
555,9cce2_00001,236,0.91,least_confidence,2,285.59999999999997
556,9cce2_00001,237,0.8899999999999999,least_confidence,2,285.59999999999997
557,9cce2_00001,238,0.8999999999999999,least_confidence,2,285.59999999999997
558,9cce2_00001,239,0.87,least_confidence,2,285.59999999999997
559,9cce2_00001,240,0.8899999999999999,least_confidence,2,285.59999999999997
560,9cce2_00001,241,0.91,least_confidence,2,285.59999999999997
561,9cce2_00001,242,0.91,least_confidence,2,285.59999999999997
562,9cce2_00001,243,0.9099999999999999,least_confidence,2,285.59999999999997
563,9cce2_00001,244,0.9199999999999999,least_confidence,2,285.59999999999997
564,9cce2_00001,245,0.8999999999999999,least_confidence,2,285.59999999999997
565,9cce2_00001,246,0.8899999999999999,least_confidence,2,285.59999999999997
566,9cce2_00001,247,0.9099999999999999,least_confidence,2,285.59999999999997
567,9cce2_00001,248,0.9299999999999999,least_confidence,2,285.59999999999997
568,9cce2_00001,249,0.8899999999999999,least_confidence,2,285.59999999999997
569,9cce2_00001,250,0.89,least_confidence,2,285.59999999999997
570,9cce2_00001,251,0.9299999999999999,least_confidence,2,285.59999999999997
571,9cce2_00001,252,0.87,least_confidence,2,285.59999999999997
572,9cce2_00001,253,0.88,least_confidence,2,285.59999999999997
573,9cce2_00001,254,0.88,least_confidence,2,285.59999999999997
574,9cce2_00001,255,0.9099999999999999,least_confidence,2,285.59999999999997
575,9cce2_00001,256,0.95,least_confidence,2,285.59999999999997
576,9cce2_00001,257,0.9199999999999999,least_confidence,2,285.59999999999997
577,9cce2_00001,258,0.9,least_confidence,2,285.59999999999997
578,9cce2_00001,259,0.9299999999999999,least_confidence,2,285.59999999999997
579,9cce2_00001,260,0.9099999999999999,least_confidence,2,285.59999999999997
580,9cce2_00001,261,0.9299999999999999,least_confidence,2,285.59999999999997
581,9cce2_00001,262,0.9099999999999999,least_confidence,2,285.59999999999997
582,9cce2_00001,263,0.9199999999999999,least_confidence,2,285.59999999999997
583,9cce2_00001,264,0.9199999999999999,least_confidence,2,285.59999999999997
584,9cce2_00001,265,0.9299999999999999,least_confidence,2,285.59999999999997
585,9cce2_00001,266,0.9099999999999999,least_confidence,2,285.59999999999997
586,9cce2_00001,267,0.9199999999999999,least_confidence,2,285.59999999999997
587,9cce2_00001,268,0.88,least_confidence,2,285.59999999999997
588,9cce2_00001,269,0.9299999999999999,least_confidence,2,285.59999999999997
589,9cce2_00001,270,0.87,least_confidence,2,285.59999999999997
590,9cce2_00001,271,0.9099999999999999,least_confidence,2,285.59999999999997
591,9cce2_00001,272,0.8999999999999999,least_confidence,2,285.59999999999997
592,9cce2_00001,273,0.86,least_confidence,2,285.59999999999997
593,9cce2_00001,274,0.9099999999999999,least_confidence,2,285.59999999999997
594,9cce2_00001,275,0.8999999999999999,least_confidence,2,285.59999999999997
595,9cce2_00001,276,0.9099999999999999,least_confidence,2,285.59999999999997
596,9cce2_00001,277,0.88,least_confidence,2,285.59999999999997
597,9cce2_00001,278,0.8899999999999999,least_confidence,2,285.59999999999997
598,9cce2_00001,279,0.8899999999999999,least_confidence,2,285.59999999999997
599,9cce2_00001,280,0.9299999999999999,least_confidence,2,285.59999999999997
600,9cce2_00001,281,0.8999999999999999,least_confidence,2,285.59999999999997
601,9cce2_00001,282,0.8799999999999999,least_confidence,2,285.59999999999997
602,9cce2_00001,283,0.9,least_confidence,2,285.59999999999997
603,9cce2_00001,284,0.9099999999999999,least_confidence,2,285.59999999999997
604,9cce2_00001,285,0.9099999999999999,least_confidence,2,285.59999999999997
605,9cce2_00001,286,0.9299999999999999,least_confidence,2,285.59999999999997
606,9cce2_00001,287,0.9199999999999999,least_confidence,2,285.59999999999997
607,9cce2_00001,288,0.9199999999999999,least_confidence,2,285.59999999999997
608,9cce2_00001,289,0.89,least_confidence,2,285.59999999999997
609,9cce2_00001,290,0.8999999999999999,least_confidence,2,285.59999999999997
610,9cce2_00001,291,0.9199999999999999,least_confidence,2,285.59999999999997
611,9cce2_00001,292,0.9,least_confidence,2,285.59999999999997
612,9cce2_00001,293,0.9199999999999999,least_confidence,2,285.59999999999997
613,9cce2_00001,294,0.9199999999999999,least_confidence,2,285.59999999999997
614,9cce2_00001,295,0.8999999999999999,least_confidence,2,285.59999999999997
615,9cce2_00001,296,0.87,least_confidence,2,285.59999999999997
616,9cce2_00001,297,0.9199999999999999,least_confidence,2,285.59999999999997
617,9cce2_00001,298,0.9199999999999999,least_confidence,2,285.59999999999997
618,9cce2_00001,299,0.9199999999999999,least_confidence,2,285.59999999999997
619,9cce2_00001,300,0.9299999999999999,least_confidence,2,285.59999999999997
620,9cce2_00001,301,0.94,least_confidence,2,285.59999999999997
621,9cce2_00001,302,0.86,least_confidence,2,285.59999999999997
622,9cce2_00001,303,0.88,least_confidence,2,285.59999999999997
623,9cce2_00001,304,0.9199999999999999,least_confidence,2,285.59999999999997
624,9cce2_00001,305,0.9299999999999999,least_confidence,2,285.59999999999997
625,9cce2_00001,306,0.9299999999999999,least_confidence,2,285.59999999999997
626,9cce2_00001,307,0.8899999999999999,least_confidence,2,285.59999999999997
627,9cce2_00001,308,0.9199999999999999,least_confidence,2,285.59999999999997
628,9cce2_00001,309,0.83,least_confidence,2,285.59999999999997
629,9cce2_00001,310,0.9099999999999999,least_confidence,2,285.59999999999997
630,9cce2_00001,311,0.92,least_confidence,2,285.59999999999997
631,9cce2_00001,312,0.95,least_confidence,2,285.59999999999997
632,9cce2_00001,313,0.94,least_confidence,2,285.59999999999997
633,9cce2_00001,314,0.8899999999999999,least_confidence,2,285.59999999999997
634,9cce2_00001,315,0.9199999999999999,least_confidence,2,285.59999999999997
635,9cce2_00001,316,0.9199999999999999,least_confidence,2,285.59999999999997
636,9cce2_00001,317,0.87,least_confidence,2,285.59999999999997
637,9cce2_00001,318,0.8600000000000001,least_confidence,2,285.59999999999997
638,9cce2_00002,0,0.81,least_confidence,3,279.36499999999995
639,9cce2_00002,1,0.5,least_confidence,3,279.36499999999995
640,9cce2_00002,2,0.52,least_confidence,3,279.36499999999995
641,9cce2_00002,3,0.53,least_confidence,3,279.36499999999995
642,9cce2_00002,4,0.42000000000000004,least_confidence,3,279.36499999999995
643,9cce2_00002,5,0.81,least_confidence,3,279.36499999999995
644,9cce2_00002,6,0.8500000000000001,least_confidence,3,279.36499999999995
645,9cce2_00002,7,0.56,least_confidence,3,279.36499999999995
646,9cce2_00002,8,0.87,least_confidence,3,279.36499999999995
647,9cce2_00002,9,0.81,least_confidence,3,279.36499999999995
648,9cce2_00002,10,0.79,least_confidence,3,279.36499999999995
649,9cce2_00002,11,0.8899999999999999,least_confidence,3,279.36499999999995
650,9cce2_00002,12,0.75,least_confidence,3,279.36499999999995
651,9cce2_00002,13,0.88,least_confidence,3,279.36499999999995
652,9cce2_00002,14,0.88,least_confidence,3,279.36499999999995
653,9cce2_00002,15,0.86,least_confidence,3,279.36499999999995
654,9cce2_00002,16,0.8899999999999999,least_confidence,3,279.36499999999995
655,9cce2_00002,17,0.7,least_confidence,3,279.36499999999995
656,9cce2_00002,18,0.79,least_confidence,3,279.36499999999995
657,9cce2_00002,19,0.79,least_confidence,3,279.36499999999995
658,9cce2_00002,20,0.86,least_confidence,3,279.36499999999995
659,9cce2_00002,21,0.88,least_confidence,3,279.36499999999995
660,9cce2_00002,22,0.8300000000000001,least_confidence,3,279.36499999999995
661,9cce2_00002,23,0.89,least_confidence,3,279.36499999999995
662,9cce2_00002,24,0.88,least_confidence,3,279.36499999999995
663,9cce2_00002,25,0.8899999999999999,least_confidence,3,279.36499999999995
664,9cce2_00002,26,0.8899999999999999,least_confidence,3,279.36499999999995
665,9cce2_00002,27,0.89,least_confidence,3,279.36499999999995
666,9cce2_00002,28,0.87,least_confidence,3,279.36499999999995
667,9cce2_00002,29,0.89,least_confidence,3,279.36499999999995
668,9cce2_00002,30,0.88,least_confidence,3,279.36499999999995
669,9cce2_00002,31,0.8799999999999999,least_confidence,3,279.36499999999995
670,9cce2_00002,32,0.9099999999999999,least_confidence,3,279.36499999999995
671,9cce2_00002,33,0.87,least_confidence,3,279.36499999999995
672,9cce2_00002,34,0.89,least_confidence,3,279.36499999999995
673,9cce2_00002,35,0.87,least_confidence,3,279.36499999999995
674,9cce2_00002,36,0.87,least_confidence,3,279.36499999999995
675,9cce2_00002,37,0.91,least_confidence,3,279.36499999999995
676,9cce2_00002,38,0.9,least_confidence,3,279.36499999999995
677,9cce2_00002,39,0.8999999999999999,least_confidence,3,279.36499999999995
678,9cce2_00002,40,0.85,least_confidence,3,279.36499999999995
679,9cce2_00002,41,0.9199999999999999,least_confidence,3,279.36499999999995
680,9cce2_00002,42,0.85,least_confidence,3,279.36499999999995
681,9cce2_00002,43,0.8999999999999999,least_confidence,3,279.36499999999995
682,9cce2_00002,44,0.9199999999999999,least_confidence,3,279.36499999999995
683,9cce2_00002,45,0.8899999999999999,least_confidence,3,279.36499999999995
684,9cce2_00002,46,0.91,least_confidence,3,279.36499999999995
685,9cce2_00002,47,0.88,least_confidence,3,279.36499999999995
686,9cce2_00002,48,0.8899999999999999,least_confidence,3,279.36499999999995
687,9cce2_00002,49,0.9,least_confidence,3,279.36499999999995
688,9cce2_00002,50,0.89,least_confidence,3,279.36499999999995
689,9cce2_00002,51,0.89,least_confidence,3,279.36499999999995
690,9cce2_00002,52,0.9,least_confidence,3,279.36499999999995
691,9cce2_00002,53,0.87,least_confidence,3,279.36499999999995
692,9cce2_00002,54,0.8999999999999999,least_confidence,3,279.36499999999995
693,9cce2_00002,55,0.8999999999999999,least_confidence,3,279.36499999999995
694,9cce2_00002,56,0.87,least_confidence,3,279.36499999999995
695,9cce2_00002,57,0.8500000000000001,least_confidence,3,279.36499999999995
696,9cce2_00002,58,0.83,least_confidence,3,279.36499999999995
697,9cce2_00002,59,0.8999999999999999,least_confidence,3,279.36499999999995
698,9cce2_00002,60,0.8999999999999999,least_confidence,3,279.36499999999995
699,9cce2_00002,61,0.8899999999999999,least_confidence,3,279.36499999999995
700,9cce2_00002,62,0.88,least_confidence,3,279.36499999999995
701,9cce2_00002,63,0.9299999999999999,least_confidence,3,279.36499999999995
702,9cce2_00002,64,0.87,least_confidence,3,279.36499999999995
703,9cce2_00002,65,0.89,least_confidence,3,279.36499999999995
704,9cce2_00002,66,0.9199999999999999,least_confidence,3,279.36499999999995
705,9cce2_00002,67,0.86,least_confidence,3,279.36499999999995
706,9cce2_00002,68,0.88,least_confidence,3,279.36499999999995
707,9cce2_00002,69,0.8999999999999999,least_confidence,3,279.36499999999995
708,9cce2_00002,70,0.88,least_confidence,3,279.36499999999995
709,9cce2_00002,71,0.8799999999999999,least_confidence,3,279.36499999999995
710,9cce2_00002,72,0.88,least_confidence,3,279.36499999999995
711,9cce2_00002,73,0.9199999999999999,least_confidence,3,279.36499999999995
712,9cce2_00002,74,0.8999999999999999,least_confidence,3,279.36499999999995
713,9cce2_00002,75,0.9199999999999999,least_confidence,3,279.36499999999995
714,9cce2_00002,76,0.8899999999999999,least_confidence,3,279.36499999999995
715,9cce2_00002,77,0.8999999999999999,least_confidence,3,279.36499999999995
716,9cce2_00002,78,0.8799999999999999,least_confidence,3,279.36499999999995
717,9cce2_00002,79,0.87,least_confidence,3,279.36499999999995
718,9cce2_00002,80,0.88,least_confidence,3,279.36499999999995
719,9cce2_00002,81,0.8400000000000001,least_confidence,3,279.36499999999995
720,9cce2_00002,82,0.89,least_confidence,3,279.36499999999995
721,9cce2_00002,83,0.88,least_confidence,3,279.36499999999995
722,9cce2_00002,84,0.89,least_confidence,3,279.36499999999995
723,9cce2_00002,85,0.86,least_confidence,3,279.36499999999995
724,9cce2_00002,86,0.9,least_confidence,3,279.36499999999995
725,9cce2_00002,87,0.9199999999999999,least_confidence,3,279.36499999999995
726,9cce2_00002,88,0.91,least_confidence,3,279.36499999999995
727,9cce2_00002,89,0.88,least_confidence,3,279.36499999999995
728,9cce2_00002,90,0.89,least_confidence,3,279.36499999999995
729,9cce2_00002,91,0.8600000000000001,least_confidence,3,279.36499999999995
730,9cce2_00002,92,0.9099999999999999,least_confidence,3,279.36499999999995
731,9cce2_00002,93,0.87,least_confidence,3,279.36499999999995
732,9cce2_00002,94,0.87,least_confidence,3,279.36499999999995
733,9cce2_00002,95,0.9099999999999999,least_confidence,3,279.36499999999995
734,9cce2_00002,96,0.9299999999999999,least_confidence,3,279.36499999999995
735,9cce2_00002,97,0.88,least_confidence,3,279.36499999999995
736,9cce2_00002,98,0.8999999999999999,least_confidence,3,279.36499999999995
737,9cce2_00002,99,0.87,least_confidence,3,279.36499999999995
738,9cce2_00002,100,0.84,least_confidence,3,279.36499999999995
739,9cce2_00002,101,0.9,least_confidence,3,279.36499999999995
740,9cce2_00002,102,0.89,least_confidence,3,279.36499999999995
741,9cce2_00002,103,0.89,least_confidence,3,279.36499999999995
742,9cce2_00002,104,0.88,least_confidence,3,279.36499999999995
743,9cce2_00002,105,0.88,least_confidence,3,279.36499999999995
744,9cce2_00002,106,0.8999999999999999,least_confidence,3,279.36499999999995
745,9cce2_00002,107,0.8300000000000001,least_confidence,3,279.36499999999995
746,9cce2_00002,108,0.89,least_confidence,3,279.36499999999995
747,9cce2_00002,109,0.89,least_confidence,3,279.36499999999995
748,9cce2_00002,110,0.89,least_confidence,3,279.36499999999995
749,9cce2_00002,111,0.88,least_confidence,3,279.36499999999995
750,9cce2_00002,112,0.8500000000000001,least_confidence,3,279.36499999999995
751,9cce2_00002,113,0.9299999999999999,least_confidence,3,279.36499999999995
752,9cce2_00002,114,0.89,least_confidence,3,279.36499999999995
753,9cce2_00002,115,0.88,least_confidence,3,279.36499999999995
754,9cce2_00002,116,0.88,least_confidence,3,279.36499999999995
755,9cce2_00002,117,0.9199999999999999,least_confidence,3,279.36499999999995
756,9cce2_00002,118,0.81,least_confidence,3,279.36499999999995
757,9cce2_00002,119,0.87,least_confidence,3,279.36499999999995
758,9cce2_00002,120,0.8999999999999999,least_confidence,3,279.36499999999995
759,9cce2_00002,121,0.8999999999999999,least_confidence,3,279.36499999999995
760,9cce2_00002,122,0.8200000000000001,least_confidence,3,279.36499999999995
761,9cce2_00002,123,0.8999999999999999,least_confidence,3,279.36499999999995
762,9cce2_00002,124,0.89,least_confidence,3,279.36499999999995
763,9cce2_00002,125,0.91,least_confidence,3,279.36499999999995
764,9cce2_00002,126,0.88,least_confidence,3,279.36499999999995
765,9cce2_00002,127,0.9199999999999999,least_confidence,3,279.36499999999995
766,9cce2_00002,128,0.89,least_confidence,3,279.36499999999995
767,9cce2_00002,129,0.88,least_confidence,3,279.36499999999995
768,9cce2_00002,130,0.9,least_confidence,3,279.36499999999995
769,9cce2_00002,131,0.8999999999999999,least_confidence,3,279.36499999999995
770,9cce2_00002,132,0.9,least_confidence,3,279.36499999999995
771,9cce2_00002,133,0.88,least_confidence,3,279.36499999999995
772,9cce2_00002,134,0.89,least_confidence,3,279.36499999999995
773,9cce2_00002,135,0.9,least_confidence,3,279.36499999999995
774,9cce2_00002,136,0.9,least_confidence,3,279.36499999999995
775,9cce2_00002,137,0.89,least_confidence,3,279.36499999999995
776,9cce2_00002,138,0.9099999999999999,least_confidence,3,279.36499999999995
777,9cce2_00002,139,0.87,least_confidence,3,279.36499999999995
778,9cce2_00002,140,0.91,least_confidence,3,279.36499999999995
779,9cce2_00002,141,0.9099999999999999,least_confidence,3,279.36499999999995
780,9cce2_00002,142,0.89,least_confidence,3,279.36499999999995
781,9cce2_00002,143,0.89,least_confidence,3,279.36499999999995
782,9cce2_00002,144,0.85,least_confidence,3,279.36499999999995
783,9cce2_00002,145,0.88,least_confidence,3,279.36499999999995
784,9cce2_00002,146,0.89,least_confidence,3,279.36499999999995
785,9cce2_00002,147,0.9099999999999999,least_confidence,3,279.36499999999995
786,9cce2_00002,148,0.89,least_confidence,3,279.36499999999995
787,9cce2_00002,149,0.8999999999999999,least_confidence,3,279.36499999999995
788,9cce2_00002,150,0.9099999999999999,least_confidence,3,279.36499999999995
789,9cce2_00002,151,0.8999999999999999,least_confidence,3,279.36499999999995
790,9cce2_00002,152,0.88,least_confidence,3,279.36499999999995
791,9cce2_00002,153,0.9,least_confidence,3,279.36499999999995
792,9cce2_00002,154,0.88,least_confidence,3,279.36499999999995
793,9cce2_00002,155,0.9,least_confidence,3,279.36499999999995
794,9cce2_00002,156,0.88,least_confidence,3,279.36499999999995
795,9cce2_00002,157,0.89,least_confidence,3,279.36499999999995
796,9cce2_00002,158,0.89,least_confidence,3,279.36499999999995
797,9cce2_00002,159,0.9,least_confidence,3,279.36499999999995
798,9cce2_00002,160,0.88,least_confidence,3,279.36499999999995
799,9cce2_00002,161,0.88,least_confidence,3,279.36499999999995
800,9cce2_00002,162,0.8999999999999999,least_confidence,3,279.36499999999995
801,9cce2_00002,163,0.87,least_confidence,3,279.36499999999995
802,9cce2_00002,164,0.8899999999999999,least_confidence,3,279.36499999999995
803,9cce2_00002,165,0.8899999999999999,least_confidence,3,279.36499999999995
804,9cce2_00002,166,0.88,least_confidence,3,279.36499999999995
805,9cce2_00002,167,0.8300000000000001,least_confidence,3,279.36499999999995
806,9cce2_00002,168,0.88,least_confidence,3,279.36499999999995
807,9cce2_00002,169,0.8999999999999999,least_confidence,3,279.36499999999995
808,9cce2_00002,170,0.88,least_confidence,3,279.36499999999995
809,9cce2_00002,171,0.8999999999999999,least_confidence,3,279.36499999999995
810,9cce2_00002,172,0.89,least_confidence,3,279.36499999999995
811,9cce2_00002,173,0.89,least_confidence,3,279.36499999999995
812,9cce2_00002,174,0.89,least_confidence,3,279.36499999999995
813,9cce2_00002,175,0.88,least_confidence,3,279.36499999999995
814,9cce2_00002,176,0.9199999999999999,least_confidence,3,279.36499999999995
815,9cce2_00002,177,0.89,least_confidence,3,279.36499999999995
816,9cce2_00002,178,0.8999999999999999,least_confidence,3,279.36499999999995
817,9cce2_00002,179,0.89,least_confidence,3,279.36499999999995
818,9cce2_00002,180,0.8899999999999999,least_confidence,3,279.36499999999995
819,9cce2_00002,181,0.9,least_confidence,3,279.36499999999995
820,9cce2_00002,182,0.8899999999999999,least_confidence,3,279.36499999999995
821,9cce2_00002,183,0.91,least_confidence,3,279.36499999999995
822,9cce2_00002,184,0.89,least_confidence,3,279.36499999999995
823,9cce2_00002,185,0.8999999999999999,least_confidence,3,279.36499999999995
824,9cce2_00002,186,0.88,least_confidence,3,279.36499999999995
825,9cce2_00002,187,0.89,least_confidence,3,279.36499999999995
826,9cce2_00002,188,0.89,least_confidence,3,279.36499999999995
827,9cce2_00002,189,0.88,least_confidence,3,279.36499999999995
828,9cce2_00002,190,0.89,least_confidence,3,279.36499999999995
829,9cce2_00002,191,0.89,least_confidence,3,279.36499999999995
830,9cce2_00002,192,0.86,least_confidence,3,279.36499999999995
831,9cce2_00002,193,0.88,least_confidence,3,279.36499999999995
832,9cce2_00002,194,0.8500000000000001,least_confidence,3,279.36499999999995
833,9cce2_00002,195,0.9099999999999999,least_confidence,3,279.36499999999995
834,9cce2_00002,196,0.89,least_confidence,3,279.36499999999995
835,9cce2_00002,197,0.89,least_confidence,3,279.36499999999995
836,9cce2_00002,198,0.8899999999999999,least_confidence,3,279.36499999999995
837,9cce2_00002,199,0.89,least_confidence,3,279.36499999999995
838,9cce2_00002,200,0.8999999999999999,least_confidence,3,279.36499999999995
839,9cce2_00002,201,0.88,least_confidence,3,279.36499999999995
840,9cce2_00002,202,0.89,least_confidence,3,279.36499999999995
841,9cce2_00002,203,0.89,least_confidence,3,279.36499999999995
842,9cce2_00002,204,0.8999999999999999,least_confidence,3,279.36499999999995
843,9cce2_00002,205,0.9,least_confidence,3,279.36499999999995
844,9cce2_00002,206,0.89,least_confidence,3,279.36499999999995
845,9cce2_00002,207,0.9,least_confidence,3,279.36499999999995
846,9cce2_00002,208,0.87,least_confidence,3,279.36499999999995
847,9cce2_00002,209,0.8899999999999999,least_confidence,3,279.36499999999995
848,9cce2_00002,210,0.8999999999999999,least_confidence,3,279.36499999999995
849,9cce2_00002,211,0.89,least_confidence,3,279.36499999999995
850,9cce2_00002,212,0.8999999999999999,least_confidence,3,279.36499999999995
851,9cce2_00002,213,0.86,least_confidence,3,279.36499999999995
852,9cce2_00002,214,0.89,least_confidence,3,279.36499999999995
853,9cce2_00002,215,0.87,least_confidence,3,279.36499999999995
854,9cce2_00002,216,0.9,least_confidence,3,279.36499999999995
855,9cce2_00002,217,0.8999999999999999,least_confidence,3,279.36499999999995
856,9cce2_00002,218,0.89,least_confidence,3,279.36499999999995
857,9cce2_00002,219,0.91,least_confidence,3,279.36499999999995
858,9cce2_00002,220,0.87,least_confidence,3,279.36499999999995
859,9cce2_00002,221,0.88,least_confidence,3,279.36499999999995
860,9cce2_00002,222,0.8799999999999999,least_confidence,3,279.36499999999995
861,9cce2_00002,223,0.87,least_confidence,3,279.36499999999995
862,9cce2_00002,224,0.89,least_confidence,3,279.36499999999995
863,9cce2_00002,225,0.87,least_confidence,3,279.36499999999995
864,9cce2_00002,226,0.86,least_confidence,3,279.36499999999995
865,9cce2_00002,227,0.89,least_confidence,3,279.36499999999995
866,9cce2_00002,228,0.87,least_confidence,3,279.36499999999995
867,9cce2_00002,229,0.8999999999999999,least_confidence,3,279.36499999999995
868,9cce2_00002,230,0.8899999999999999,least_confidence,3,279.36499999999995
869,9cce2_00002,231,0.9,least_confidence,3,279.36499999999995
870,9cce2_00002,232,0.89,least_confidence,3,279.36499999999995
871,9cce2_00002,233,0.87,least_confidence,3,279.36499999999995
872,9cce2_00002,234,0.8999999999999999,least_confidence,3,279.36499999999995
873,9cce2_00002,235,0.88,least_confidence,3,279.36499999999995
874,9cce2_00002,236,0.89,least_confidence,3,279.36499999999995
875,9cce2_00002,237,0.89,least_confidence,3,279.36499999999995
876,9cce2_00002,238,0.8899999999999999,least_confidence,3,279.36499999999995
877,9cce2_00002,239,0.8899999999999999,least_confidence,3,279.36499999999995
878,9cce2_00002,240,0.9,least_confidence,3,279.36499999999995
879,9cce2_00002,241,0.8899999999999999,least_confidence,3,279.36499999999995
880,9cce2_00002,242,0.88,least_confidence,3,279.36499999999995
881,9cce2_00002,243,0.9,least_confidence,3,279.36499999999995
882,9cce2_00002,244,0.8999999999999999,least_confidence,3,279.36499999999995
883,9cce2_00002,245,0.87,least_confidence,3,279.36499999999995
884,9cce2_00002,246,0.88,least_confidence,3,279.36499999999995
885,9cce2_00002,247,0.89,least_confidence,3,279.36499999999995
886,9cce2_00002,248,0.8999999999999999,least_confidence,3,279.36499999999995
887,9cce2_00002,249,0.9,least_confidence,3,279.36499999999995
888,9cce2_00002,250,0.88,least_confidence,3,279.36499999999995
889,9cce2_00002,251,0.89,least_confidence,3,279.36499999999995
890,9cce2_00002,252,0.8899999999999999,least_confidence,3,279.36499999999995
891,9cce2_00002,253,0.88,least_confidence,3,279.36499999999995
892,9cce2_00002,254,0.89,least_confidence,3,279.36499999999995
893,9cce2_00002,255,0.89,least_confidence,3,279.36499999999995
894,9cce2_00002,256,0.88,least_confidence,3,279.36499999999995
895,9cce2_00002,257,0.88,least_confidence,3,279.36499999999995
896,9cce2_00002,258,0.87,least_confidence,3,279.36499999999995
897,9cce2_00002,259,0.89,least_confidence,3,279.36499999999995
898,9cce2_00002,260,0.89,least_confidence,3,279.36499999999995
899,9cce2_00002,261,0.8999999999999999,least_confidence,3,279.36499999999995
900,9cce2_00002,262,0.88,least_confidence,3,279.36499999999995
901,9cce2_00002,263,0.89,least_confidence,3,279.36499999999995
902,9cce2_00002,264,0.87,least_confidence,3,279.36499999999995
903,9cce2_00002,265,0.88,least_confidence,3,279.36499999999995
904,9cce2_00002,266,0.8899999999999999,least_confidence,3,279.36499999999995
905,9cce2_00002,267,0.8899999999999999,least_confidence,3,279.36499999999995
906,9cce2_00002,268,0.88,least_confidence,3,279.36499999999995
907,9cce2_00002,269,0.91,least_confidence,3,279.36499999999995
908,9cce2_00002,270,0.89,least_confidence,3,279.36499999999995
909,9cce2_00002,271,0.9,least_confidence,3,279.36499999999995
910,9cce2_00002,272,0.89,least_confidence,3,279.36499999999995
911,9cce2_00002,273,0.89,least_confidence,3,279.36499999999995
912,9cce2_00002,274,0.89,least_confidence,3,279.36499999999995
913,9cce2_00002,275,0.88,least_confidence,3,279.36499999999995
914,9cce2_00002,276,0.8999999999999999,least_confidence,3,279.36499999999995
915,9cce2_00002,277,0.88,least_confidence,3,279.36499999999995
916,9cce2_00002,278,0.88,least_confidence,3,279.36499999999995
917,9cce2_00002,279,0.88,least_confidence,3,279.36499999999995
918,9cce2_00002,280,0.89,least_confidence,3,279.36499999999995
919,9cce2_00002,281,0.8999999999999999,least_confidence,3,279.36499999999995
920,9cce2_00002,282,0.8999999999999999,least_confidence,3,279.36499999999995
921,9cce2_00002,283,0.8999999999999999,least_confidence,3,279.36499999999995
922,9cce2_00002,284,0.8899999999999999,least_confidence,3,279.36499999999995
923,9cce2_00002,285,0.88,least_confidence,3,279.36499999999995
924,9cce2_00002,286,0.89,least_confidence,3,279.36499999999995
925,9cce2_00002,287,0.88,least_confidence,3,279.36499999999995
926,9cce2_00002,288,0.89,least_confidence,3,279.36499999999995
927,9cce2_00002,289,0.89,least_confidence,3,279.36499999999995
928,9cce2_00002,290,0.8899999999999999,least_confidence,3,279.36499999999995
929,9cce2_00002,291,0.88,least_confidence,3,279.36499999999995
930,9cce2_00002,292,0.8999999999999999,least_confidence,3,279.36499999999995
931,9cce2_00002,293,0.88,least_confidence,3,279.36499999999995
932,9cce2_00002,294,0.8999999999999999,least_confidence,3,279.36499999999995
933,9cce2_00002,295,0.89,least_confidence,3,279.36499999999995
934,9cce2_00002,296,0.89,least_confidence,3,279.36499999999995
935,9cce2_00002,297,0.8999999999999999,least_confidence,3,279.36499999999995
936,9cce2_00002,298,0.89,least_confidence,3,279.36499999999995
937,9cce2_00002,299,0.89,least_confidence,3,279.36499999999995
938,9cce2_00002,300,0.89,least_confidence,3,279.36499999999995
939,9cce2_00002,301,0.89,least_confidence,3,279.36499999999995
940,9cce2_00002,302,0.88,least_confidence,3,279.36499999999995
941,9cce2_00002,303,0.88,least_confidence,3,279.36499999999995
942,9cce2_00002,304,0.89,least_confidence,3,279.36499999999995
943,9cce2_00002,305,0.87,least_confidence,3,279.36499999999995
944,9cce2_00002,306,0.9,least_confidence,3,279.36499999999995
945,9cce2_00002,307,0.88,least_confidence,3,279.36499999999995
946,9cce2_00002,308,0.88,least_confidence,3,279.36499999999995
947,9cce2_00002,309,0.89,least_confidence,3,279.36499999999995
948,9cce2_00002,310,0.85,least_confidence,3,279.36499999999995
949,9cce2_00002,311,0.87,least_confidence,3,279.36499999999995
950,9cce2_00002,312,0.88,least_confidence,3,279.36499999999995
951,9cce2_00002,313,0.8899999999999999,least_confidence,3,279.36499999999995
952,9cce2_00002,314,0.87,least_confidence,3,279.36499999999995
953,9cce2_00002,315,0.9199999999999999,least_confidence,3,279.36499999999995
954,9cce2_00002,316,0.88,least_confidence,3,279.36499999999995
955,9cce2_00002,317,0.89,least_confidence,3,279.36499999999995
956,9cce2_00002,318,0.8999999999999999,least_confidence,3,279.36499999999995
957,9cce2_00003,0,0.5,least_confidence,4,279.505
958,9cce2_00003,1,0.5,least_confidence,4,279.505
959,9cce2_00003,2,0.85,least_confidence,4,279.505
960,9cce2_00003,3,0.87,least_confidence,4,279.505
961,9cce2_00003,4,0.88,least_confidence,4,279.505
962,9cce2_00003,5,0.84,least_confidence,4,279.505
963,9cce2_00003,6,0.8600000000000001,least_confidence,4,279.505
964,9cce2_00003,7,0.86,least_confidence,4,279.505
965,9cce2_00003,8,0.79,least_confidence,4,279.505
966,9cce2_00003,9,0.85,least_confidence,4,279.505
967,9cce2_00003,10,0.94,least_confidence,4,279.505
968,9cce2_00003,11,0.88,least_confidence,4,279.505
969,9cce2_00003,12,0.85,least_confidence,4,279.505
970,9cce2_00003,13,0.86,least_confidence,4,279.505
971,9cce2_00003,14,0.88,least_confidence,4,279.505
972,9cce2_00003,15,0.85,least_confidence,4,279.505
973,9cce2_00003,16,0.8600000000000001,least_confidence,4,279.505
974,9cce2_00003,17,0.89,least_confidence,4,279.505
975,9cce2_00003,18,0.79,least_confidence,4,279.505
976,9cce2_00003,19,0.72,least_confidence,4,279.505
977,9cce2_00003,20,0.8899999999999999,least_confidence,4,279.505
978,9cce2_00003,21,0.89,least_confidence,4,279.505
979,9cce2_00003,22,0.84,least_confidence,4,279.505
980,9cce2_00003,23,0.84,least_confidence,4,279.505
981,9cce2_00003,24,0.86,least_confidence,4,279.505
982,9cce2_00003,25,0.84,least_confidence,4,279.505
983,9cce2_00003,26,0.81,least_confidence,4,279.505
984,9cce2_00003,27,0.84,least_confidence,4,279.505
985,9cce2_00003,28,0.87,least_confidence,4,279.505
986,9cce2_00003,29,0.88,least_confidence,4,279.505
987,9cce2_00003,30,0.87,least_confidence,4,279.505
988,9cce2_00003,31,0.76,least_confidence,4,279.505
989,9cce2_00003,32,0.87,least_confidence,4,279.505
990,9cce2_00003,33,0.87,least_confidence,4,279.505
991,9cce2_00003,34,0.87,least_confidence,4,279.505
992,9cce2_00003,35,0.84,least_confidence,4,279.505
993,9cce2_00003,36,0.87,least_confidence,4,279.505
994,9cce2_00003,37,0.8899999999999999,least_confidence,4,279.505
995,9cce2_00003,38,0.76,least_confidence,4,279.505
996,9cce2_00003,39,0.8899999999999999,least_confidence,4,279.505
997,9cce2_00003,40,0.86,least_confidence,4,279.505
998,9cce2_00003,41,0.84,least_confidence,4,279.505
999,9cce2_00003,42,0.8899999999999999,least_confidence,4,279.505
1000,9cce2_00003,43,0.87,least_confidence,4,279.505
1001,9cce2_00003,44,0.8899999999999999,least_confidence,4,279.505
1002,9cce2_00003,45,0.8999999999999999,least_confidence,4,279.505
1003,9cce2_00003,46,0.88,least_confidence,4,279.505
1004,9cce2_00003,47,0.8999999999999999,least_confidence,4,279.505
1005,9cce2_00003,48,0.8899999999999999,least_confidence,4,279.505
1006,9cce2_00003,49,0.88,least_confidence,4,279.505
1007,9cce2_00003,50,0.86,least_confidence,4,279.505
1008,9cce2_00003,51,0.8999999999999999,least_confidence,4,279.505
1009,9cce2_00003,52,0.84,least_confidence,4,279.505
1010,9cce2_00003,53,0.8899999999999999,least_confidence,4,279.505
1011,9cce2_00003,54,0.88,least_confidence,4,279.505
1012,9cce2_00003,55,0.83,least_confidence,4,279.505
1013,9cce2_00003,56,0.86,least_confidence,4,279.505
1014,9cce2_00003,57,0.87,least_confidence,4,279.505
1015,9cce2_00003,58,0.87,least_confidence,4,279.505
1016,9cce2_00003,59,0.86,least_confidence,4,279.505
1017,9cce2_00003,60,0.88,least_confidence,4,279.505
1018,9cce2_00003,61,0.87,least_confidence,4,279.505
1019,9cce2_00003,62,0.8899999999999999,least_confidence,4,279.505
1020,9cce2_00003,63,0.9,least_confidence,4,279.505
1021,9cce2_00003,64,0.87,least_confidence,4,279.505
1022,9cce2_00003,65,0.8999999999999999,least_confidence,4,279.505
1023,9cce2_00003,66,0.8200000000000001,least_confidence,4,279.505
1024,9cce2_00003,67,0.85,least_confidence,4,279.505
1025,9cce2_00003,68,0.86,least_confidence,4,279.505
1026,9cce2_00003,69,0.85,least_confidence,4,279.505
1027,9cce2_00003,70,0.87,least_confidence,4,279.505
1028,9cce2_00003,71,0.8500000000000001,least_confidence,4,279.505
1029,9cce2_00003,72,0.8899999999999999,least_confidence,4,279.505
1030,9cce2_00003,73,0.8799999999999999,least_confidence,4,279.505
1031,9cce2_00003,74,0.87,least_confidence,4,279.505
1032,9cce2_00003,75,0.9099999999999999,least_confidence,4,279.505
1033,9cce2_00003,76,0.86,least_confidence,4,279.505
1034,9cce2_00003,77,0.87,least_confidence,4,279.505
1035,9cce2_00003,78,0.8899999999999999,least_confidence,4,279.505
1036,9cce2_00003,79,0.88,least_confidence,4,279.505
1037,9cce2_00003,80,0.8600000000000001,least_confidence,4,279.505
1038,9cce2_00003,81,0.85,least_confidence,4,279.505
1039,9cce2_00003,82,0.8899999999999999,least_confidence,4,279.505
1040,9cce2_00003,83,0.9199999999999999,least_confidence,4,279.505
1041,9cce2_00003,84,0.9199999999999999,least_confidence,4,279.505
1042,9cce2_00003,85,0.84,least_confidence,4,279.505
1043,9cce2_00003,86,0.85,least_confidence,4,279.505
1044,9cce2_00003,87,0.8899999999999999,least_confidence,4,279.505
1045,9cce2_00003,88,0.8999999999999999,least_confidence,4,279.505
1046,9cce2_00003,89,0.9099999999999999,least_confidence,4,279.505
1047,9cce2_00003,90,0.86,least_confidence,4,279.505
1048,9cce2_00003,91,0.86,least_confidence,4,279.505
1049,9cce2_00003,92,0.9099999999999999,least_confidence,4,279.505
1050,9cce2_00003,93,0.85,least_confidence,4,279.505
1051,9cce2_00003,94,0.8799999999999999,least_confidence,4,279.505
1052,9cce2_00003,95,0.8899999999999999,least_confidence,4,279.505
1053,9cce2_00003,96,0.8500000000000001,least_confidence,4,279.505
1054,9cce2_00003,97,0.89,least_confidence,4,279.505
1055,9cce2_00003,98,0.88,least_confidence,4,279.505
1056,9cce2_00003,99,0.8999999999999999,least_confidence,4,279.505
1057,9cce2_00003,100,0.8999999999999999,least_confidence,4,279.505
1058,9cce2_00003,101,0.86,least_confidence,4,279.505
1059,9cce2_00003,102,0.9099999999999999,least_confidence,4,279.505
1060,9cce2_00003,103,0.88,least_confidence,4,279.505
1061,9cce2_00003,104,0.84,least_confidence,4,279.505
1062,9cce2_00003,105,0.86,least_confidence,4,279.505
1063,9cce2_00003,106,0.87,least_confidence,4,279.505
1064,9cce2_00003,107,0.87,least_confidence,4,279.505
1065,9cce2_00003,108,0.8899999999999999,least_confidence,4,279.505
1066,9cce2_00003,109,0.9199999999999999,least_confidence,4,279.505
1067,9cce2_00003,110,0.88,least_confidence,4,279.505
1068,9cce2_00003,111,0.85,least_confidence,4,279.505
1069,9cce2_00003,112,0.8600000000000001,least_confidence,4,279.505
1070,9cce2_00003,113,0.87,least_confidence,4,279.505
1071,9cce2_00003,114,0.8899999999999999,least_confidence,4,279.505
1072,9cce2_00003,115,0.85,least_confidence,4,279.505
1073,9cce2_00003,116,0.8799999999999999,least_confidence,4,279.505
1074,9cce2_00003,117,0.88,least_confidence,4,279.505
1075,9cce2_00003,118,0.9099999999999999,least_confidence,4,279.505
1076,9cce2_00003,119,0.88,least_confidence,4,279.505
1077,9cce2_00003,120,0.8300000000000001,least_confidence,4,279.505
1078,9cce2_00003,121,0.9099999999999999,least_confidence,4,279.505
1079,9cce2_00003,122,0.9099999999999999,least_confidence,4,279.505
1080,9cce2_00003,123,0.88,least_confidence,4,279.505
1081,9cce2_00003,124,0.8899999999999999,least_confidence,4,279.505
1082,9cce2_00003,125,0.9299999999999999,least_confidence,4,279.505
1083,9cce2_00003,126,0.86,least_confidence,4,279.505
1084,9cce2_00003,127,0.8999999999999999,least_confidence,4,279.505
1085,9cce2_00003,128,0.9099999999999999,least_confidence,4,279.505
1086,9cce2_00003,129,0.9299999999999999,least_confidence,4,279.505
1087,9cce2_00003,130,0.9,least_confidence,4,279.505
1088,9cce2_00003,131,0.9299999999999999,least_confidence,4,279.505
1089,9cce2_00003,132,0.85,least_confidence,4,279.505
1090,9cce2_00003,133,0.87,least_confidence,4,279.505
1091,9cce2_00003,134,0.86,least_confidence,4,279.505
1092,9cce2_00003,135,0.88,least_confidence,4,279.505
1093,9cce2_00003,136,0.9199999999999999,least_confidence,4,279.505
1094,9cce2_00003,137,0.88,least_confidence,4,279.505
1095,9cce2_00003,138,0.86,least_confidence,4,279.505
1096,9cce2_00003,139,0.84,least_confidence,4,279.505
1097,9cce2_00003,140,0.9099999999999999,least_confidence,4,279.505
1098,9cce2_00003,141,0.88,least_confidence,4,279.505
1099,9cce2_00003,142,0.87,least_confidence,4,279.505
1100,9cce2_00003,143,0.9199999999999999,least_confidence,4,279.505
1101,9cce2_00003,144,0.9299999999999999,least_confidence,4,279.505
1102,9cce2_00003,145,0.86,least_confidence,4,279.505
1103,9cce2_00003,146,0.86,least_confidence,4,279.505
1104,9cce2_00003,147,0.8899999999999999,least_confidence,4,279.505
1105,9cce2_00003,148,0.9199999999999999,least_confidence,4,279.505
1106,9cce2_00003,149,0.95,least_confidence,4,279.505
1107,9cce2_00003,150,0.88,least_confidence,4,279.505
1108,9cce2_00003,151,0.88,least_confidence,4,279.505
1109,9cce2_00003,152,0.9299999999999999,least_confidence,4,279.505
1110,9cce2_00003,153,0.94,least_confidence,4,279.505
1111,9cce2_00003,154,0.8899999999999999,least_confidence,4,279.505
1112,9cce2_00003,155,0.8899999999999999,least_confidence,4,279.505
1113,9cce2_00003,156,0.8899999999999999,least_confidence,4,279.505
1114,9cce2_00003,157,0.8999999999999999,least_confidence,4,279.505
1115,9cce2_00003,158,0.86,least_confidence,4,279.505
1116,9cce2_00003,159,0.87,least_confidence,4,279.505
1117,9cce2_00003,160,0.9099999999999999,least_confidence,4,279.505
1118,9cce2_00003,161,0.8999999999999999,least_confidence,4,279.505
1119,9cce2_00003,162,0.9199999999999999,least_confidence,4,279.505
1120,9cce2_00003,163,0.86,least_confidence,4,279.505
1121,9cce2_00003,164,0.9199999999999999,least_confidence,4,279.505
1122,9cce2_00003,165,0.84,least_confidence,4,279.505
1123,9cce2_00003,166,0.8999999999999999,least_confidence,4,279.505
1124,9cce2_00003,167,0.8999999999999999,least_confidence,4,279.505
1125,9cce2_00003,168,0.8899999999999999,least_confidence,4,279.505
1126,9cce2_00003,169,0.8899999999999999,least_confidence,4,279.505
1127,9cce2_00003,170,0.86,least_confidence,4,279.505
1128,9cce2_00003,171,0.87,least_confidence,4,279.505
1129,9cce2_00003,172,0.87,least_confidence,4,279.505
1130,9cce2_00003,173,0.8999999999999999,least_confidence,4,279.505
1131,9cce2_00003,174,0.86,least_confidence,4,279.505
1132,9cce2_00003,175,0.9099999999999999,least_confidence,4,279.505
1133,9cce2_00003,176,0.9099999999999999,least_confidence,4,279.505
1134,9cce2_00003,177,0.8899999999999999,least_confidence,4,279.505
1135,9cce2_00003,178,0.84,least_confidence,4,279.505
1136,9cce2_00003,179,0.9199999999999999,least_confidence,4,279.505
1137,9cce2_00003,180,0.86,least_confidence,4,279.505
1138,9cce2_00003,181,0.9099999999999999,least_confidence,4,279.505
1139,9cce2_00003,182,0.9199999999999999,least_confidence,4,279.505
1140,9cce2_00003,183,0.88,least_confidence,4,279.505
1141,9cce2_00003,184,0.8899999999999999,least_confidence,4,279.505
1142,9cce2_00003,185,0.86,least_confidence,4,279.505
1143,9cce2_00003,186,0.9099999999999999,least_confidence,4,279.505
1144,9cce2_00003,187,0.9199999999999999,least_confidence,4,279.505
1145,9cce2_00003,188,0.9199999999999999,least_confidence,4,279.505
1146,9cce2_00003,189,0.9299999999999999,least_confidence,4,279.505
1147,9cce2_00003,190,0.88,least_confidence,4,279.505
1148,9cce2_00003,191,0.8799999999999999,least_confidence,4,279.505
1149,9cce2_00003,192,0.8999999999999999,least_confidence,4,279.505
1150,9cce2_00003,193,0.85,least_confidence,4,279.505
1151,9cce2_00003,194,0.86,least_confidence,4,279.505
1152,9cce2_00003,195,0.8999999999999999,least_confidence,4,279.505
1153,9cce2_00003,196,0.9099999999999999,least_confidence,4,279.505
1154,9cce2_00003,197,0.89,least_confidence,4,279.505
1155,9cce2_00003,198,0.88,least_confidence,4,279.505
1156,9cce2_00003,199,0.8999999999999999,least_confidence,4,279.505
1157,9cce2_00003,200,0.8999999999999999,least_confidence,4,279.505
1158,9cce2_00003,201,0.8899999999999999,least_confidence,4,279.505
1159,9cce2_00003,202,0.84,least_confidence,4,279.505
1160,9cce2_00003,203,0.88,least_confidence,4,279.505
1161,9cce2_00003,204,0.92,least_confidence,4,279.505
1162,9cce2_00003,205,0.94,least_confidence,4,279.505
1163,9cce2_00003,206,0.8999999999999999,least_confidence,4,279.505
1164,9cce2_00003,207,0.84,least_confidence,4,279.505
1165,9cce2_00003,208,0.89,least_confidence,4,279.505
1166,9cce2_00003,209,0.87,least_confidence,4,279.505
1167,9cce2_00003,210,0.94,least_confidence,4,279.505
1168,9cce2_00003,211,0.8899999999999999,least_confidence,4,279.505
1169,9cce2_00003,212,0.88,least_confidence,4,279.505
1170,9cce2_00003,213,0.9,least_confidence,4,279.505
1171,9cce2_00003,214,0.9099999999999999,least_confidence,4,279.505
1172,9cce2_00003,215,0.87,least_confidence,4,279.505
1173,9cce2_00003,216,0.86,least_confidence,4,279.505
1174,9cce2_00003,217,0.8500000000000001,least_confidence,4,279.505
1175,9cce2_00003,218,0.8999999999999999,least_confidence,4,279.505
1176,9cce2_00003,219,0.9199999999999999,least_confidence,4,279.505
1177,9cce2_00003,220,0.8999999999999999,least_confidence,4,279.505
1178,9cce2_00003,221,0.89,least_confidence,4,279.505
1179,9cce2_00003,222,0.88,least_confidence,4,279.505
1180,9cce2_00003,223,0.8999999999999999,least_confidence,4,279.505
1181,9cce2_00003,224,0.87,least_confidence,4,279.505
1182,9cce2_00003,225,0.79,least_confidence,4,279.505
1183,9cce2_00003,226,0.87,least_confidence,4,279.505
1184,9cce2_00003,227,0.88,least_confidence,4,279.505
1185,9cce2_00003,228,0.9199999999999999,least_confidence,4,279.505
1186,9cce2_00003,229,0.8799999999999999,least_confidence,4,279.505
1187,9cce2_00003,230,0.9099999999999999,least_confidence,4,279.505
1188,9cce2_00003,231,0.84,least_confidence,4,279.505
1189,9cce2_00003,232,0.9299999999999999,least_confidence,4,279.505
1190,9cce2_00003,233,0.87,least_confidence,4,279.505
1191,9cce2_00003,234,0.9199999999999999,least_confidence,4,279.505
1192,9cce2_00003,235,0.8999999999999999,least_confidence,4,279.505
1193,9cce2_00003,236,0.86,least_confidence,4,279.505
1194,9cce2_00003,237,0.87,least_confidence,4,279.505
1195,9cce2_00003,238,0.9099999999999999,least_confidence,4,279.505
1196,9cce2_00003,239,0.8899999999999999,least_confidence,4,279.505
1197,9cce2_00003,240,0.9199999999999999,least_confidence,4,279.505
1198,9cce2_00003,241,0.8899999999999999,least_confidence,4,279.505
1199,9cce2_00003,242,0.87,least_confidence,4,279.505
1200,9cce2_00003,243,0.9099999999999999,least_confidence,4,279.505
1201,9cce2_00003,244,0.8899999999999999,least_confidence,4,279.505
1202,9cce2_00003,245,0.8999999999999999,least_confidence,4,279.505
1203,9cce2_00003,246,0.78,least_confidence,4,279.505
1204,9cce2_00003,247,0.9099999999999999,least_confidence,4,279.505
1205,9cce2_00003,248,0.84,least_confidence,4,279.505
1206,9cce2_00003,249,0.88,least_confidence,4,279.505
1207,9cce2_00003,250,0.86,least_confidence,4,279.505
1208,9cce2_00003,251,0.87,least_confidence,4,279.505
1209,9cce2_00003,252,0.9299999999999999,least_confidence,4,279.505
1210,9cce2_00003,253,0.9,least_confidence,4,279.505
1211,9cce2_00003,254,0.8899999999999999,least_confidence,4,279.505
1212,9cce2_00003,255,0.9299999999999999,least_confidence,4,279.505
1213,9cce2_00003,256,0.8999999999999999,least_confidence,4,279.505
1214,9cce2_00003,257,0.8999999999999999,least_confidence,4,279.505
1215,9cce2_00003,258,0.95,least_confidence,4,279.505
1216,9cce2_00003,259,0.8999999999999999,least_confidence,4,279.505
1217,9cce2_00003,260,0.94,least_confidence,4,279.505
1218,9cce2_00003,261,0.9099999999999999,least_confidence,4,279.505
1219,9cce2_00003,262,0.8999999999999999,least_confidence,4,279.505
1220,9cce2_00003,263,0.8799999999999999,least_confidence,4,279.505
1221,9cce2_00003,264,0.86,least_confidence,4,279.505
1222,9cce2_00003,265,0.9099999999999999,least_confidence,4,279.505
1223,9cce2_00003,266,0.8999999999999999,least_confidence,4,279.505
1224,9cce2_00003,267,0.9199999999999999,least_confidence,4,279.505
1225,9cce2_00003,268,0.88,least_confidence,4,279.505
1226,9cce2_00003,269,0.8999999999999999,least_confidence,4,279.505
1227,9cce2_00003,270,0.8999999999999999,least_confidence,4,279.505
1228,9cce2_00003,271,0.87,least_confidence,4,279.505
1229,9cce2_00003,272,0.8999999999999999,least_confidence,4,279.505
1230,9cce2_00003,273,0.88,least_confidence,4,279.505
1231,9cce2_00003,274,0.9099999999999999,least_confidence,4,279.505
1232,9cce2_00003,275,0.86,least_confidence,4,279.505
1233,9cce2_00003,276,0.8,least_confidence,4,279.505
1234,9cce2_00003,277,0.8999999999999999,least_confidence,4,279.505
1235,9cce2_00003,278,0.8500000000000001,least_confidence,4,279.505
1236,9cce2_00003,279,0.86,least_confidence,4,279.505
1237,9cce2_00003,280,0.85,least_confidence,4,279.505
1238,9cce2_00003,281,0.9199999999999999,least_confidence,4,279.505
1239,9cce2_00003,282,0.88,least_confidence,4,279.505
1240,9cce2_00003,283,0.9099999999999999,least_confidence,4,279.505
1241,9cce2_00003,284,0.8899999999999999,least_confidence,4,279.505
1242,9cce2_00003,285,0.88,least_confidence,4,279.505
1243,9cce2_00003,286,0.8,least_confidence,4,279.505
1244,9cce2_00003,287,0.85,least_confidence,4,279.505
1245,9cce2_00003,288,0.8999999999999999,least_confidence,4,279.505
1246,9cce2_00003,289,0.8899999999999999,least_confidence,4,279.505
1247,9cce2_00003,290,0.88,least_confidence,4,279.505
1248,9cce2_00003,291,0.9099999999999999,least_confidence,4,279.505
1249,9cce2_00003,292,0.8899999999999999,least_confidence,4,279.505
1250,9cce2_00003,293,0.9099999999999999,least_confidence,4,279.505
1251,9cce2_00003,294,0.9199999999999999,least_confidence,4,279.505
1252,9cce2_00003,295,0.84,least_confidence,4,279.505
1253,9cce2_00003,296,0.8999999999999999,least_confidence,4,279.505
1254,9cce2_00003,297,0.85,least_confidence,4,279.505
1255,9cce2_00003,298,0.85,least_confidence,4,279.505
1256,9cce2_00003,299,0.8999999999999999,least_confidence,4,279.505
1257,9cce2_00003,300,0.8999999999999999,least_confidence,4,279.505
1258,9cce2_00003,301,0.87,least_confidence,4,279.505
1259,9cce2_00003,302,0.8999999999999999,least_confidence,4,279.505
1260,9cce2_00003,303,0.8400000000000001,least_confidence,4,279.505
1261,9cce2_00003,304,0.9099999999999999,least_confidence,4,279.505
1262,9cce2_00003,305,0.88,least_confidence,4,279.505
1263,9cce2_00003,306,0.9099999999999999,least_confidence,4,279.505
1264,9cce2_00003,307,0.87,least_confidence,4,279.505
1265,9cce2_00003,308,0.87,least_confidence,4,279.505
1266,9cce2_00003,309,0.8999999999999999,least_confidence,4,279.505
1267,9cce2_00003,310,0.9099999999999999,least_confidence,4,279.505
1268,9cce2_00003,311,0.8999999999999999,least_confidence,4,279.505
1269,9cce2_00003,312,0.83,least_confidence,4,279.505
1270,9cce2_00003,313,0.91,least_confidence,4,279.505
1271,9cce2_00003,314,0.86,least_confidence,4,279.505
1272,9cce2_00003,315,0.88,least_confidence,4,279.505
1273,9cce2_00003,316,0.94,least_confidence,4,279.505
1274,9cce2_00003,317,0.8999999999999999,least_confidence,4,279.505
1275,9cce2_00003,318,0.85,least_confidence,4,279.505
1276,9cce2_00004,0,0.75,least_confidence,5,290.825
1277,9cce2_00004,1,0.75,least_confidence,5,290.825
1278,9cce2_00004,2,0.88,least_confidence,5,290.825
1279,9cce2_00004,3,0.8200000000000001,least_confidence,5,290.825
1280,9cce2_00004,4,0.8400000000000001,least_confidence,5,290.825
1281,9cce2_00004,5,0.84,least_confidence,5,290.825
1282,9cce2_00004,6,0.8300000000000001,least_confidence,5,290.825
1283,9cce2_00004,7,0.8400000000000001,least_confidence,5,290.825
1284,9cce2_00004,8,0.94,least_confidence,5,290.825
1285,9cce2_00004,9,0.8200000000000001,least_confidence,5,290.825
1286,9cce2_00004,10,0.94,least_confidence,5,290.825
1287,9cce2_00004,11,0.9299999999999999,least_confidence,5,290.825
1288,9cce2_00004,12,0.9099999999999999,least_confidence,5,290.825
1289,9cce2_00004,13,0.91,least_confidence,5,290.825
1290,9cce2_00004,14,0.54,least_confidence,5,290.825
1291,9cce2_00004,15,0.8,least_confidence,5,290.825
1292,9cce2_00004,16,0.87,least_confidence,5,290.825
1293,9cce2_00004,17,0.89,least_confidence,5,290.825
1294,9cce2_00004,18,0.8300000000000001,least_confidence,5,290.825
1295,9cce2_00004,19,0.95,least_confidence,5,290.825
1296,9cce2_00004,20,0.8999999999999999,least_confidence,5,290.825
1297,9cce2_00004,21,0.86,least_confidence,5,290.825
1298,9cce2_00004,22,0.94,least_confidence,5,290.825
1299,9cce2_00004,23,0.89,least_confidence,5,290.825
1300,9cce2_00004,24,0.78,least_confidence,5,290.825
1301,9cce2_00004,25,0.9199999999999999,least_confidence,5,290.825
1302,9cce2_00004,26,0.81,least_confidence,5,290.825
1303,9cce2_00004,27,0.87,least_confidence,5,290.825
1304,9cce2_00004,28,0.9299999999999999,least_confidence,5,290.825
1305,9cce2_00004,29,0.9099999999999999,least_confidence,5,290.825
1306,9cce2_00004,30,0.88,least_confidence,5,290.825
1307,9cce2_00004,31,0.85,least_confidence,5,290.825
1308,9cce2_00004,32,0.78,least_confidence,5,290.825
1309,9cce2_00004,33,0.9199999999999999,least_confidence,5,290.825
1310,9cce2_00004,34,0.84,least_confidence,5,290.825
1311,9cce2_00004,35,0.9199999999999999,least_confidence,5,290.825
1312,9cce2_00004,36,0.85,least_confidence,5,290.825
1313,9cce2_00004,37,0.9199999999999999,least_confidence,5,290.825
1314,9cce2_00004,38,0.8999999999999999,least_confidence,5,290.825
1315,9cce2_00004,39,0.9199999999999999,least_confidence,5,290.825
1316,9cce2_00004,40,0.8500000000000001,least_confidence,5,290.825
1317,9cce2_00004,41,0.95,least_confidence,5,290.825
1318,9cce2_00004,42,0.9199999999999999,least_confidence,5,290.825
1319,9cce2_00004,43,0.84,least_confidence,5,290.825
1320,9cce2_00004,44,0.89,least_confidence,5,290.825
1321,9cce2_00004,45,0.89,least_confidence,5,290.825
1322,9cce2_00004,46,0.94,least_confidence,5,290.825
1323,9cce2_00004,47,0.85,least_confidence,5,290.825
1324,9cce2_00004,48,0.9099999999999999,least_confidence,5,290.825
1325,9cce2_00004,49,0.9,least_confidence,5,290.825
1326,9cce2_00004,50,0.9099999999999999,least_confidence,5,290.825
1327,9cce2_00004,51,0.9,least_confidence,5,290.825
1328,9cce2_00004,52,0.9199999999999999,least_confidence,5,290.825
1329,9cce2_00004,53,0.86,least_confidence,5,290.825
1330,9cce2_00004,54,0.9099999999999999,least_confidence,5,290.825
1331,9cce2_00004,55,0.88,least_confidence,5,290.825
1332,9cce2_00004,56,0.95,least_confidence,5,290.825
1333,9cce2_00004,57,0.9099999999999999,least_confidence,5,290.825
1334,9cce2_00004,58,0.75,least_confidence,5,290.825
1335,9cce2_00004,59,0.8400000000000001,least_confidence,5,290.825
1336,9cce2_00004,60,0.9,least_confidence,5,290.825
1337,9cce2_00004,61,0.9199999999999999,least_confidence,5,290.825
1338,9cce2_00004,62,0.8600000000000001,least_confidence,5,290.825
1339,9cce2_00004,63,0.9,least_confidence,5,290.825
1340,9cce2_00004,64,0.87,least_confidence,5,290.825
1341,9cce2_00004,65,0.9299999999999999,least_confidence,5,290.825
1342,9cce2_00004,66,0.91,least_confidence,5,290.825
1343,9cce2_00004,67,0.88,least_confidence,5,290.825
1344,9cce2_00004,68,0.89,least_confidence,5,290.825
1345,9cce2_00004,69,0.95,least_confidence,5,290.825
1346,9cce2_00004,70,0.8300000000000001,least_confidence,5,290.825
1347,9cce2_00004,71,0.94,least_confidence,5,290.825
1348,9cce2_00004,72,0.87,least_confidence,5,290.825
1349,9cce2_00004,73,0.9299999999999999,least_confidence,5,290.825
1350,9cce2_00004,74,0.88,least_confidence,5,290.825
1351,9cce2_00004,75,0.9299999999999999,least_confidence,5,290.825
1352,9cce2_00004,76,0.9199999999999999,least_confidence,5,290.825
1353,9cce2_00004,77,0.9099999999999999,least_confidence,5,290.825
1354,9cce2_00004,78,0.9099999999999999,least_confidence,5,290.825
1355,9cce2_00004,79,0.94,least_confidence,5,290.825
1356,9cce2_00004,80,0.9,least_confidence,5,290.825
1357,9cce2_00004,81,0.9,least_confidence,5,290.825
1358,9cce2_00004,82,0.95,least_confidence,5,290.825
1359,9cce2_00004,83,0.8799999999999999,least_confidence,5,290.825
1360,9cce2_00004,84,0.9099999999999999,least_confidence,5,290.825
1361,9cce2_00004,85,0.9099999999999999,least_confidence,5,290.825
1362,9cce2_00004,86,0.9199999999999999,least_confidence,5,290.825
1363,9cce2_00004,87,0.94,least_confidence,5,290.825
1364,9cce2_00004,88,0.9099999999999999,least_confidence,5,290.825
1365,9cce2_00004,89,0.94,least_confidence,5,290.825
1366,9cce2_00004,90,0.8999999999999999,least_confidence,5,290.825
1367,9cce2_00004,91,0.9299999999999999,least_confidence,5,290.825
1368,9cce2_00004,92,0.89,least_confidence,5,290.825
1369,9cce2_00004,93,0.9299999999999999,least_confidence,5,290.825
1370,9cce2_00004,94,0.9099999999999999,least_confidence,5,290.825
1371,9cce2_00004,95,0.9299999999999999,least_confidence,5,290.825
1372,9cce2_00004,96,0.9199999999999999,least_confidence,5,290.825
1373,9cce2_00004,97,0.9299999999999999,least_confidence,5,290.825
1374,9cce2_00004,98,0.94,least_confidence,5,290.825
1375,9cce2_00004,99,0.9299999999999999,least_confidence,5,290.825
1376,9cce2_00004,100,0.9199999999999999,least_confidence,5,290.825
1377,9cce2_00004,101,0.8999999999999999,least_confidence,5,290.825
1378,9cce2_00004,102,0.94,least_confidence,5,290.825
1379,9cce2_00004,103,0.9199999999999999,least_confidence,5,290.825
1380,9cce2_00004,104,0.94,least_confidence,5,290.825
1381,9cce2_00004,105,0.9099999999999999,least_confidence,5,290.825
1382,9cce2_00004,106,0.94,least_confidence,5,290.825
1383,9cce2_00004,107,0.9099999999999999,least_confidence,5,290.825
1384,9cce2_00004,108,0.94,least_confidence,5,290.825
1385,9cce2_00004,109,0.94,least_confidence,5,290.825
1386,9cce2_00004,110,0.8799999999999999,least_confidence,5,290.825
1387,9cce2_00004,111,0.8999999999999999,least_confidence,5,290.825
1388,9cce2_00004,112,0.9,least_confidence,5,290.825
1389,9cce2_00004,113,0.8999999999999999,least_confidence,5,290.825
1390,9cce2_00004,114,0.94,least_confidence,5,290.825
1391,9cce2_00004,115,0.9199999999999999,least_confidence,5,290.825
1392,9cce2_00004,116,0.95,least_confidence,5,290.825
1393,9cce2_00004,117,0.86,least_confidence,5,290.825
1394,9cce2_00004,118,0.9299999999999999,least_confidence,5,290.825
1395,9cce2_00004,119,0.9099999999999999,least_confidence,5,290.825
1396,9cce2_00004,120,0.9199999999999999,least_confidence,5,290.825
1397,9cce2_00004,121,0.9099999999999999,least_confidence,5,290.825
1398,9cce2_00004,122,0.9099999999999999,least_confidence,5,290.825
1399,9cce2_00004,123,0.94,least_confidence,5,290.825
1400,9cce2_00004,124,0.89,least_confidence,5,290.825
1401,9cce2_00004,125,0.9299999999999999,least_confidence,5,290.825
1402,9cce2_00004,126,0.94,least_confidence,5,290.825
1403,9cce2_00004,127,0.94,least_confidence,5,290.825
1404,9cce2_00004,128,0.99,least_confidence,5,290.825
1405,9cce2_00004,129,0.9099999999999999,least_confidence,5,290.825
1406,9cce2_00004,130,0.85,least_confidence,5,290.825
1407,9cce2_00004,131,0.8999999999999999,least_confidence,5,290.825
1408,9cce2_00004,132,0.9299999999999999,least_confidence,5,290.825
1409,9cce2_00004,133,0.9299999999999999,least_confidence,5,290.825
1410,9cce2_00004,134,0.9099999999999999,least_confidence,5,290.825
1411,9cce2_00004,135,0.9199999999999999,least_confidence,5,290.825
1412,9cce2_00004,136,0.97,least_confidence,5,290.825
1413,9cce2_00004,137,0.9099999999999999,least_confidence,5,290.825
1414,9cce2_00004,138,0.9299999999999999,least_confidence,5,290.825
1415,9cce2_00004,139,0.94,least_confidence,5,290.825
1416,9cce2_00004,140,0.9,least_confidence,5,290.825
1417,9cce2_00004,141,0.88,least_confidence,5,290.825
1418,9cce2_00004,142,0.9199999999999999,least_confidence,5,290.825
1419,9cce2_00004,143,0.89,least_confidence,5,290.825
1420,9cce2_00004,144,0.88,least_confidence,5,290.825
1421,9cce2_00004,145,0.9199999999999999,least_confidence,5,290.825
1422,9cce2_00004,146,0.95,least_confidence,5,290.825
1423,9cce2_00004,147,0.95,least_confidence,5,290.825
1424,9cce2_00004,148,0.9299999999999999,least_confidence,5,290.825
1425,9cce2_00004,149,0.94,least_confidence,5,290.825
1426,9cce2_00004,150,0.88,least_confidence,5,290.825
1427,9cce2_00004,151,0.94,least_confidence,5,290.825
1428,9cce2_00004,152,0.8999999999999999,least_confidence,5,290.825
1429,9cce2_00004,153,0.9,least_confidence,5,290.825
1430,9cce2_00004,154,0.94,least_confidence,5,290.825
1431,9cce2_00004,155,0.94,least_confidence,5,290.825
1432,9cce2_00004,156,0.94,least_confidence,5,290.825
1433,9cce2_00004,157,0.96,least_confidence,5,290.825
1434,9cce2_00004,158,0.94,least_confidence,5,290.825
1435,9cce2_00004,159,0.94,least_confidence,5,290.825
1436,9cce2_00004,160,0.89,least_confidence,5,290.825
1437,9cce2_00004,161,0.8999999999999999,least_confidence,5,290.825
1438,9cce2_00004,162,0.96,least_confidence,5,290.825
1439,9cce2_00004,163,0.94,least_confidence,5,290.825
1440,9cce2_00004,164,0.95,least_confidence,5,290.825
1441,9cce2_00004,165,0.9,least_confidence,5,290.825
1442,9cce2_00004,166,0.9299999999999999,least_confidence,5,290.825
1443,9cce2_00004,167,0.9299999999999999,least_confidence,5,290.825
1444,9cce2_00004,168,0.95,least_confidence,5,290.825
1445,9cce2_00004,169,0.88,least_confidence,5,290.825
1446,9cce2_00004,170,0.95,least_confidence,5,290.825
1447,9cce2_00004,171,0.9199999999999999,least_confidence,5,290.825
1448,9cce2_00004,172,0.95,least_confidence,5,290.825
1449,9cce2_00004,173,0.95,least_confidence,5,290.825
1450,9cce2_00004,174,0.9099999999999999,least_confidence,5,290.825
1451,9cce2_00004,175,0.9299999999999999,least_confidence,5,290.825
1452,9cce2_00004,176,0.94,least_confidence,5,290.825
1453,9cce2_00004,177,0.94,least_confidence,5,290.825
1454,9cce2_00004,178,0.96,least_confidence,5,290.825
1455,9cce2_00004,179,0.95,least_confidence,5,290.825
1456,9cce2_00004,180,0.96,least_confidence,5,290.825
1457,9cce2_00004,181,0.9099999999999999,least_confidence,5,290.825
1458,9cce2_00004,182,0.95,least_confidence,5,290.825
1459,9cce2_00004,183,0.9299999999999999,least_confidence,5,290.825
1460,9cce2_00004,184,0.8999999999999999,least_confidence,5,290.825
1461,9cce2_00004,185,0.8400000000000001,least_confidence,5,290.825
1462,9cce2_00004,186,0.9199999999999999,least_confidence,5,290.825
1463,9cce2_00004,187,0.95,least_confidence,5,290.825
1464,9cce2_00004,188,0.9299999999999999,least_confidence,5,290.825
1465,9cce2_00004,189,0.96,least_confidence,5,290.825
1466,9cce2_00004,190,0.88,least_confidence,5,290.825
1467,9cce2_00004,191,0.91,least_confidence,5,290.825
1468,9cce2_00004,192,0.8999999999999999,least_confidence,5,290.825
1469,9cce2_00004,193,0.9099999999999999,least_confidence,5,290.825
1470,9cce2_00004,194,0.94,least_confidence,5,290.825
1471,9cce2_00004,195,0.9099999999999999,least_confidence,5,290.825
1472,9cce2_00004,196,0.9299999999999999,least_confidence,5,290.825
1473,9cce2_00004,197,0.94,least_confidence,5,290.825
1474,9cce2_00004,198,0.8899999999999999,least_confidence,5,290.825
1475,9cce2_00004,199,0.94,least_confidence,5,290.825
1476,9cce2_00004,200,0.96,least_confidence,5,290.825
1477,9cce2_00004,201,0.88,least_confidence,5,290.825
1478,9cce2_00004,202,0.87,least_confidence,5,290.825
1479,9cce2_00004,203,0.88,least_confidence,5,290.825
1480,9cce2_00004,204,0.95,least_confidence,5,290.825
1481,9cce2_00004,205,0.95,least_confidence,5,290.825
1482,9cce2_00004,206,0.8999999999999999,least_confidence,5,290.825
1483,9cce2_00004,207,0.96,least_confidence,5,290.825
1484,9cce2_00004,208,0.87,least_confidence,5,290.825
1485,9cce2_00004,209,0.88,least_confidence,5,290.825
1486,9cce2_00004,210,0.94,least_confidence,5,290.825
1487,9cce2_00004,211,0.9299999999999999,least_confidence,5,290.825
1488,9cce2_00004,212,0.9099999999999999,least_confidence,5,290.825
1489,9cce2_00004,213,0.95,least_confidence,5,290.825
1490,9cce2_00004,214,0.96,least_confidence,5,290.825
1491,9cce2_00004,215,0.9099999999999999,least_confidence,5,290.825
1492,9cce2_00004,216,0.94,least_confidence,5,290.825
1493,9cce2_00004,217,0.9099999999999999,least_confidence,5,290.825
1494,9cce2_00004,218,0.98,least_confidence,5,290.825
1495,9cce2_00004,219,0.96,least_confidence,5,290.825
1496,9cce2_00004,220,0.9,least_confidence,5,290.825
1497,9cce2_00004,221,0.96,least_confidence,5,290.825
1498,9cce2_00004,222,0.95,least_confidence,5,290.825
1499,9cce2_00004,223,0.9199999999999999,least_confidence,5,290.825
1500,9cce2_00004,224,0.97,least_confidence,5,290.825
1501,9cce2_00004,225,0.88,least_confidence,5,290.825
1502,9cce2_00004,226,0.96,least_confidence,5,290.825
1503,9cce2_00004,227,0.95,least_confidence,5,290.825
1504,9cce2_00004,228,0.95,least_confidence,5,290.825
1505,9cce2_00004,229,0.94,least_confidence,5,290.825
1506,9cce2_00004,230,0.9299999999999999,least_confidence,5,290.825
1507,9cce2_00004,231,0.9299999999999999,least_confidence,5,290.825
1508,9cce2_00004,232,0.8999999999999999,least_confidence,5,290.825
1509,9cce2_00004,233,0.96,least_confidence,5,290.825
1510,9cce2_00004,234,0.95,least_confidence,5,290.825
1511,9cce2_00004,235,0.95,least_confidence,5,290.825
1512,9cce2_00004,236,0.9299999999999999,least_confidence,5,290.825
1513,9cce2_00004,237,0.96,least_confidence,5,290.825
1514,9cce2_00004,238,0.96,least_confidence,5,290.825
1515,9cce2_00004,239,0.96,least_confidence,5,290.825
1516,9cce2_00004,240,0.9099999999999999,least_confidence,5,290.825
1517,9cce2_00004,241,0.95,least_confidence,5,290.825
1518,9cce2_00004,242,0.9299999999999999,least_confidence,5,290.825
1519,9cce2_00004,243,0.9299999999999999,least_confidence,5,290.825
1520,9cce2_00004,244,0.9099999999999999,least_confidence,5,290.825
1521,9cce2_00004,245,0.96,least_confidence,5,290.825
1522,9cce2_00004,246,0.8400000000000001,least_confidence,5,290.825
1523,9cce2_00004,247,0.95,least_confidence,5,290.825
1524,9cce2_00004,248,0.97,least_confidence,5,290.825
1525,9cce2_00004,249,0.96,least_confidence,5,290.825
1526,9cce2_00004,250,0.9299999999999999,least_confidence,5,290.825
1527,9cce2_00004,251,0.95,least_confidence,5,290.825
1528,9cce2_00004,252,0.9299999999999999,least_confidence,5,290.825
1529,9cce2_00004,253,0.9,least_confidence,5,290.825
1530,9cce2_00004,254,0.9299999999999999,least_confidence,5,290.825
1531,9cce2_00004,255,0.9199999999999999,least_confidence,5,290.825
1532,9cce2_00004,256,0.96,least_confidence,5,290.825
1533,9cce2_00004,257,0.94,least_confidence,5,290.825
1534,9cce2_00004,258,0.9299999999999999,least_confidence,5,290.825
1535,9cce2_00004,259,0.9299999999999999,least_confidence,5,290.825
1536,9cce2_00004,260,0.97,least_confidence,5,290.825
1537,9cce2_00004,261,0.98,least_confidence,5,290.825
1538,9cce2_00004,262,0.9299999999999999,least_confidence,5,290.825
1539,9cce2_00004,263,0.9199999999999999,least_confidence,5,290.825
1540,9cce2_00004,264,0.95,least_confidence,5,290.825
1541,9cce2_00004,265,0.87,least_confidence,5,290.825
1542,9cce2_00004,266,0.95,least_confidence,5,290.825
1543,9cce2_00004,267,0.9299999999999999,least_confidence,5,290.825
1544,9cce2_00004,268,0.87,least_confidence,5,290.825
1545,9cce2_00004,269,0.9299999999999999,least_confidence,5,290.825
1546,9cce2_00004,270,0.88,least_confidence,5,290.825
1547,9cce2_00004,271,0.8899999999999999,least_confidence,5,290.825
1548,9cce2_00004,272,0.97,least_confidence,5,290.825
1549,9cce2_00004,273,0.94,least_confidence,5,290.825
1550,9cce2_00004,274,0.97,least_confidence,5,290.825
1551,9cce2_00004,275,0.97,least_confidence,5,290.825
1552,9cce2_00004,276,0.96,least_confidence,5,290.825
1553,9cce2_00004,277,0.9199999999999999,least_confidence,5,290.825
1554,9cce2_00004,278,0.8999999999999999,least_confidence,5,290.825
1555,9cce2_00004,279,0.89,least_confidence,5,290.825
1556,9cce2_00004,280,0.95,least_confidence,5,290.825
1557,9cce2_00004,281,0.9099999999999999,least_confidence,5,290.825
1558,9cce2_00004,282,0.95,least_confidence,5,290.825
1559,9cce2_00004,283,0.9299999999999999,least_confidence,5,290.825
1560,9cce2_00004,284,0.9099999999999999,least_confidence,5,290.825
1561,9cce2_00004,285,0.9199999999999999,least_confidence,5,290.825
1562,9cce2_00004,286,0.9199999999999999,least_confidence,5,290.825
1563,9cce2_00004,287,0.9199999999999999,least_confidence,5,290.825
1564,9cce2_00004,288,0.88,least_confidence,5,290.825
1565,9cce2_00004,289,0.95,least_confidence,5,290.825
1566,9cce2_00004,290,0.95,least_confidence,5,290.825
1567,9cce2_00004,291,0.9099999999999999,least_confidence,5,290.825
1568,9cce2_00004,292,0.88,least_confidence,5,290.825
1569,9cce2_00004,293,0.94,least_confidence,5,290.825
1570,9cce2_00004,294,0.91,least_confidence,5,290.825
1571,9cce2_00004,295,0.89,least_confidence,5,290.825
1572,9cce2_00004,296,0.94,least_confidence,5,290.825
1573,9cce2_00004,297,0.94,least_confidence,5,290.825
1574,9cce2_00004,298,0.9099999999999999,least_confidence,5,290.825
1575,9cce2_00004,299,0.95,least_confidence,5,290.825
1576,9cce2_00004,300,0.9199999999999999,least_confidence,5,290.825
1577,9cce2_00004,301,0.94,least_confidence,5,290.825
1578,9cce2_00004,302,0.95,least_confidence,5,290.825
1579,9cce2_00004,303,0.97,least_confidence,5,290.825
1580,9cce2_00004,304,0.94,least_confidence,5,290.825
1581,9cce2_00004,305,0.9099999999999999,least_confidence,5,290.825
1582,9cce2_00004,306,0.94,least_confidence,5,290.825
1583,9cce2_00004,307,0.89,least_confidence,5,290.825
1584,9cce2_00004,308,0.8899999999999999,least_confidence,5,290.825
1585,9cce2_00004,309,0.9299999999999999,least_confidence,5,290.825
1586,9cce2_00004,310,0.9,least_confidence,5,290.825
1587,9cce2_00004,311,0.9299999999999999,least_confidence,5,290.825
1588,9cce2_00004,312,0.94,least_confidence,5,290.825
1589,9cce2_00004,313,0.9299999999999999,least_confidence,5,290.825
1590,9cce2_00004,314,0.98,least_confidence,5,290.825
1591,9cce2_00004,315,0.9299999999999999,least_confidence,5,290.825
1592,9cce2_00004,316,0.9299999999999999,least_confidence,5,290.825
1593,9cce2_00004,317,0.95,least_confidence,5,290.825
1594,9cce2_00004,318,0.96,least_confidence,5,290.825
1595,9cce2_00005,0,0.5,entropy,1,259.735
1596,9cce2_00005,1,0.75,entropy,1,259.735
1597,9cce2_00005,2,0.85,entropy,1,259.735
1598,9cce2_00005,3,0.85,entropy,1,259.735
1599,9cce2_00005,4,0.86,entropy,1,259.735
1600,9cce2_00005,5,0.66,entropy,1,259.735
1601,9cce2_00005,6,0.66,entropy,1,259.735
1602,9cce2_00005,7,0.66,entropy,1,259.735
1603,9cce2_00005,8,0.5,entropy,1,259.735
1604,9cce2_00005,9,0.5,entropy,1,259.735
1605,9cce2_00005,10,0.77,entropy,1,259.735
1606,9cce2_00005,11,0.5,entropy,1,259.735
1607,9cce2_00005,12,0.64,entropy,1,259.735
1608,9cce2_00005,13,0.65,entropy,1,259.735
1609,9cce2_00005,14,0.6799999999999999,entropy,1,259.735
1610,9cce2_00005,15,0.58,entropy,1,259.735
1611,9cce2_00005,16,0.5,entropy,1,259.735
1612,9cce2_00005,17,0.77,entropy,1,259.735
1613,9cce2_00005,18,0.77,entropy,1,259.735
1614,9cce2_00005,19,0.5,entropy,1,259.735
1615,9cce2_00005,20,0.69,entropy,1,259.735
1616,9cce2_00005,21,0.5,entropy,1,259.735
1617,9cce2_00005,22,0.77,entropy,1,259.735
1618,9cce2_00005,23,0.57,entropy,1,259.735
1619,9cce2_00005,24,0.77,entropy,1,259.735
1620,9cce2_00005,25,0.65,entropy,1,259.735
1621,9cce2_00005,26,0.64,entropy,1,259.735
1622,9cce2_00005,27,0.6799999999999999,entropy,1,259.735
1623,9cce2_00005,28,0.61,entropy,1,259.735
1624,9cce2_00005,29,0.77,entropy,1,259.735
1625,9cce2_00005,30,0.55,entropy,1,259.735
1626,9cce2_00005,31,0.56,entropy,1,259.735
1627,9cce2_00005,32,0.5,entropy,1,259.735
1628,9cce2_00005,33,0.58,entropy,1,259.735
1629,9cce2_00005,34,0.76,entropy,1,259.735
1630,9cce2_00005,35,0.59,entropy,1,259.735
1631,9cce2_00005,36,0.77,entropy,1,259.735
1632,9cce2_00005,37,0.54,entropy,1,259.735
1633,9cce2_00005,38,0.66,entropy,1,259.735
1634,9cce2_00005,39,0.77,entropy,1,259.735
1635,9cce2_00005,40,0.79,entropy,1,259.735
1636,9cce2_00005,41,0.72,entropy,1,259.735
1637,9cce2_00005,42,0.71,entropy,1,259.735
1638,9cce2_00005,43,0.71,entropy,1,259.735
1639,9cce2_00005,44,0.72,entropy,1,259.735
1640,9cce2_00005,45,0.77,entropy,1,259.735
1641,9cce2_00005,46,0.63,entropy,1,259.735
1642,9cce2_00005,47,0.81,entropy,1,259.735
1643,9cce2_00005,48,0.88,entropy,1,259.735
1644,9cce2_00005,49,0.79,entropy,1,259.735
1645,9cce2_00005,50,0.75,entropy,1,259.735
1646,9cce2_00005,51,0.77,entropy,1,259.735
1647,9cce2_00005,52,0.77,entropy,1,259.735
1648,9cce2_00005,53,0.85,entropy,1,259.735
1649,9cce2_00005,54,0.74,entropy,1,259.735
1650,9cce2_00005,55,0.7,entropy,1,259.735
1651,9cce2_00005,56,0.77,entropy,1,259.735
1652,9cce2_00005,57,0.74,entropy,1,259.735
1653,9cce2_00005,58,0.78,entropy,1,259.735
1654,9cce2_00005,59,0.73,entropy,1,259.735
1655,9cce2_00005,60,0.72,entropy,1,259.735
1656,9cce2_00005,61,0.87,entropy,1,259.735
1657,9cce2_00005,62,0.79,entropy,1,259.735
1658,9cce2_00005,63,0.77,entropy,1,259.735
1659,9cce2_00005,64,0.64,entropy,1,259.735
1660,9cce2_00005,65,0.8799999999999999,entropy,1,259.735
1661,9cce2_00005,66,0.77,entropy,1,259.735
1662,9cce2_00005,67,0.78,entropy,1,259.735
1663,9cce2_00005,68,0.84,entropy,1,259.735
1664,9cce2_00005,69,0.84,entropy,1,259.735
1665,9cce2_00005,70,0.79,entropy,1,259.735
1666,9cce2_00005,71,0.8,entropy,1,259.735
1667,9cce2_00005,72,0.76,entropy,1,259.735
1668,9cce2_00005,73,0.8,entropy,1,259.735
1669,9cce2_00005,74,0.78,entropy,1,259.735
1670,9cce2_00005,75,0.67,entropy,1,259.735
1671,9cce2_00005,76,0.73,entropy,1,259.735
1672,9cce2_00005,77,0.77,entropy,1,259.735
1673,9cce2_00005,78,0.69,entropy,1,259.735
1674,9cce2_00005,79,0.76,entropy,1,259.735
1675,9cce2_00005,80,0.87,entropy,1,259.735
1676,9cce2_00005,81,0.87,entropy,1,259.735
1677,9cce2_00005,82,0.79,entropy,1,259.735
1678,9cce2_00005,83,0.65,entropy,1,259.735
1679,9cce2_00005,84,0.6799999999999999,entropy,1,259.735
1680,9cce2_00005,85,0.86,entropy,1,259.735
1681,9cce2_00005,86,0.7,entropy,1,259.735
1682,9cce2_00005,87,0.71,entropy,1,259.735
1683,9cce2_00005,88,0.56,entropy,1,259.735
1684,9cce2_00005,89,0.86,entropy,1,259.735
1685,9cce2_00005,90,0.76,entropy,1,259.735
1686,9cce2_00005,91,0.79,entropy,1,259.735
1687,9cce2_00005,92,0.79,entropy,1,259.735
1688,9cce2_00005,93,0.88,entropy,1,259.735
1689,9cce2_00005,94,0.79,entropy,1,259.735
1690,9cce2_00005,95,0.8200000000000001,entropy,1,259.735
1691,9cce2_00005,96,0.86,entropy,1,259.735
1692,9cce2_00005,97,0.87,entropy,1,259.735
1693,9cce2_00005,98,0.65,entropy,1,259.735
1694,9cce2_00005,99,0.88,entropy,1,259.735
1695,9cce2_00005,100,0.77,entropy,1,259.735
1696,9cce2_00005,101,0.63,entropy,1,259.735
1697,9cce2_00005,102,0.71,entropy,1,259.735
1698,9cce2_00005,103,0.6799999999999999,entropy,1,259.735
1699,9cce2_00005,104,0.6799999999999999,entropy,1,259.735
1700,9cce2_00005,105,0.59,entropy,1,259.735
1701,9cce2_00005,106,0.76,entropy,1,259.735
1702,9cce2_00005,107,0.81,entropy,1,259.735
1703,9cce2_00005,108,0.78,entropy,1,259.735
1704,9cce2_00005,109,0.64,entropy,1,259.735
1705,9cce2_00005,110,0.7,entropy,1,259.735
1706,9cce2_00005,111,0.69,entropy,1,259.735
1707,9cce2_00005,112,0.79,entropy,1,259.735
1708,9cce2_00005,113,0.83,entropy,1,259.735
1709,9cce2_00005,114,0.8,entropy,1,259.735
1710,9cce2_00005,115,0.85,entropy,1,259.735
1711,9cce2_00005,116,0.85,entropy,1,259.735
1712,9cce2_00005,117,0.76,entropy,1,259.735
1713,9cce2_00005,118,0.75,entropy,1,259.735
1714,9cce2_00005,119,0.81,entropy,1,259.735
1715,9cce2_00005,120,0.71,entropy,1,259.735
1716,9cce2_00005,121,0.69,entropy,1,259.735
1717,9cce2_00005,122,0.79,entropy,1,259.735
1718,9cce2_00005,123,0.73,entropy,1,259.735
1719,9cce2_00005,124,0.76,entropy,1,259.735
1720,9cce2_00005,125,0.79,entropy,1,259.735
1721,9cce2_00005,126,0.71,entropy,1,259.735
1722,9cce2_00005,127,0.8999999999999999,entropy,1,259.735
1723,9cce2_00005,128,0.81,entropy,1,259.735
1724,9cce2_00005,129,0.87,entropy,1,259.735
1725,9cce2_00005,130,0.79,entropy,1,259.735
1726,9cce2_00005,131,0.83,entropy,1,259.735
1727,9cce2_00005,132,0.75,entropy,1,259.735
1728,9cce2_00005,133,0.69,entropy,1,259.735
1729,9cce2_00005,134,0.88,entropy,1,259.735
1730,9cce2_00005,135,0.73,entropy,1,259.735
1731,9cce2_00005,136,0.78,entropy,1,259.735
1732,9cce2_00005,137,0.79,entropy,1,259.735
1733,9cce2_00005,138,0.77,entropy,1,259.735
1734,9cce2_00005,139,0.81,entropy,1,259.735
1735,9cce2_00005,140,0.81,entropy,1,259.735
1736,9cce2_00005,141,0.72,entropy,1,259.735
1737,9cce2_00005,142,0.76,entropy,1,259.735
1738,9cce2_00005,143,0.81,entropy,1,259.735
1739,9cce2_00005,144,0.78,entropy,1,259.735
1740,9cce2_00005,145,0.77,entropy,1,259.735
1741,9cce2_00005,146,0.78,entropy,1,259.735
1742,9cce2_00005,147,0.78,entropy,1,259.735
1743,9cce2_00005,148,0.78,entropy,1,259.735
1744,9cce2_00005,149,0.8,entropy,1,259.735
1745,9cce2_00005,150,0.7,entropy,1,259.735
1746,9cce2_00005,151,0.89,entropy,1,259.735
1747,9cce2_00005,152,0.77,entropy,1,259.735
1748,9cce2_00005,153,0.78,entropy,1,259.735
1749,9cce2_00005,154,0.8200000000000001,entropy,1,259.735
1750,9cce2_00005,155,0.89,entropy,1,259.735
1751,9cce2_00005,156,0.8300000000000001,entropy,1,259.735
1752,9cce2_00005,157,0.78,entropy,1,259.735
1753,9cce2_00005,158,0.84,entropy,1,259.735
1754,9cce2_00005,159,0.85,entropy,1,259.735
1755,9cce2_00005,160,0.8200000000000001,entropy,1,259.735
1756,9cce2_00005,161,0.85,entropy,1,259.735
1757,9cce2_00005,162,0.79,entropy,1,259.735
1758,9cce2_00005,163,0.84,entropy,1,259.735
1759,9cce2_00005,164,0.84,entropy,1,259.735
1760,9cce2_00005,165,0.79,entropy,1,259.735
1761,9cce2_00005,166,0.8200000000000001,entropy,1,259.735
1762,9cce2_00005,167,0.81,entropy,1,259.735
1763,9cce2_00005,168,0.78,entropy,1,259.735
1764,9cce2_00005,169,0.83,entropy,1,259.735
1765,9cce2_00005,170,0.81,entropy,1,259.735
1766,9cce2_00005,171,0.83,entropy,1,259.735
1767,9cce2_00005,172,0.83,entropy,1,259.735
1768,9cce2_00005,173,0.86,entropy,1,259.735
1769,9cce2_00005,174,0.88,entropy,1,259.735
1770,9cce2_00005,175,0.88,entropy,1,259.735
1771,9cce2_00005,176,0.94,entropy,1,259.735
1772,9cce2_00005,177,0.87,entropy,1,259.735
1773,9cce2_00005,178,0.87,entropy,1,259.735
1774,9cce2_00005,179,0.8,entropy,1,259.735
1775,9cce2_00005,180,0.8799999999999999,entropy,1,259.735
1776,9cce2_00005,181,0.79,entropy,1,259.735
1777,9cce2_00005,182,0.8,entropy,1,259.735
1778,9cce2_00005,183,0.8200000000000001,entropy,1,259.735
1779,9cce2_00005,184,0.77,entropy,1,259.735
1780,9cce2_00005,185,0.95,entropy,1,259.735
1781,9cce2_00005,186,0.88,entropy,1,259.735
1782,9cce2_00005,187,0.85,entropy,1,259.735
1783,9cce2_00005,188,0.81,entropy,1,259.735
1784,9cce2_00005,189,0.89,entropy,1,259.735
1785,9cce2_00005,190,0.85,entropy,1,259.735
1786,9cce2_00005,191,0.88,entropy,1,259.735
1787,9cce2_00005,192,0.9199999999999999,entropy,1,259.735
1788,9cce2_00005,193,0.9099999999999999,entropy,1,259.735
1789,9cce2_00005,194,0.94,entropy,1,259.735
1790,9cce2_00005,195,0.82,entropy,1,259.735
1791,9cce2_00005,196,0.8999999999999999,entropy,1,259.735
1792,9cce2_00005,197,0.86,entropy,1,259.735
1793,9cce2_00005,198,0.8999999999999999,entropy,1,259.735
1794,9cce2_00005,199,0.8400000000000001,entropy,1,259.735
1795,9cce2_00005,200,0.8999999999999999,entropy,1,259.735
1796,9cce2_00005,201,0.76,entropy,1,259.735
1797,9cce2_00005,202,0.94,entropy,1,259.735
1798,9cce2_00005,203,0.8999999999999999,entropy,1,259.735
1799,9cce2_00005,204,0.87,entropy,1,259.735
1800,9cce2_00005,205,0.84,entropy,1,259.735
1801,9cce2_00005,206,0.88,entropy,1,259.735
1802,9cce2_00005,207,0.75,entropy,1,259.735
1803,9cce2_00005,208,0.8899999999999999,entropy,1,259.735
1804,9cce2_00005,209,0.8899999999999999,entropy,1,259.735
1805,9cce2_00005,210,0.8899999999999999,entropy,1,259.735
1806,9cce2_00005,211,0.9299999999999999,entropy,1,259.735
1807,9cce2_00005,212,0.8799999999999999,entropy,1,259.735
1808,9cce2_00005,213,0.9199999999999999,entropy,1,259.735
1809,9cce2_00005,214,0.9199999999999999,entropy,1,259.735
1810,9cce2_00005,215,0.8999999999999999,entropy,1,259.735
1811,9cce2_00005,216,0.84,entropy,1,259.735
1812,9cce2_00005,217,0.8899999999999999,entropy,1,259.735
1813,9cce2_00005,218,0.8999999999999999,entropy,1,259.735
1814,9cce2_00005,219,0.88,entropy,1,259.735
1815,9cce2_00005,220,0.87,entropy,1,259.735
1816,9cce2_00005,221,0.89,entropy,1,259.735
1817,9cce2_00005,222,0.94,entropy,1,259.735
1818,9cce2_00005,223,0.8999999999999999,entropy,1,259.735
1819,9cce2_00005,224,0.87,entropy,1,259.735
1820,9cce2_00005,225,0.9199999999999999,entropy,1,259.735
1821,9cce2_00005,226,0.89,entropy,1,259.735
1822,9cce2_00005,227,0.86,entropy,1,259.735
1823,9cce2_00005,228,0.9199999999999999,entropy,1,259.735
1824,9cce2_00005,229,0.89,entropy,1,259.735
1825,9cce2_00005,230,0.86,entropy,1,259.735
1826,9cce2_00005,231,0.9299999999999999,entropy,1,259.735
1827,9cce2_00005,232,0.88,entropy,1,259.735
1828,9cce2_00005,233,0.86,entropy,1,259.735
1829,9cce2_00005,234,0.9299999999999999,entropy,1,259.735
1830,9cce2_00005,235,0.95,entropy,1,259.735
1831,9cce2_00005,236,0.9299999999999999,entropy,1,259.735
1832,9cce2_00005,237,0.9299999999999999,entropy,1,259.735
1833,9cce2_00005,238,0.9199999999999999,entropy,1,259.735
1834,9cce2_00005,239,0.8999999999999999,entropy,1,259.735
1835,9cce2_00005,240,0.9,entropy,1,259.735
1836,9cce2_00005,241,0.94,entropy,1,259.735
1837,9cce2_00005,242,0.9099999999999999,entropy,1,259.735
1838,9cce2_00005,243,0.9099999999999999,entropy,1,259.735
1839,9cce2_00005,244,0.9299999999999999,entropy,1,259.735
1840,9cce2_00005,245,0.8899999999999999,entropy,1,259.735
1841,9cce2_00005,246,0.9,entropy,1,259.735
1842,9cce2_00005,247,0.9299999999999999,entropy,1,259.735
1843,9cce2_00005,248,0.89,entropy,1,259.735
1844,9cce2_00005,249,0.8999999999999999,entropy,1,259.735
1845,9cce2_00005,250,0.9299999999999999,entropy,1,259.735
1846,9cce2_00005,251,0.9099999999999999,entropy,1,259.735
1847,9cce2_00005,252,0.9099999999999999,entropy,1,259.735
1848,9cce2_00005,253,0.84,entropy,1,259.735
1849,9cce2_00005,254,0.8999999999999999,entropy,1,259.735
1850,9cce2_00005,255,0.9,entropy,1,259.735
1851,9cce2_00005,256,0.9299999999999999,entropy,1,259.735
1852,9cce2_00005,257,0.9199999999999999,entropy,1,259.735
1853,9cce2_00005,258,0.85,entropy,1,259.735
1854,9cce2_00005,259,0.89,entropy,1,259.735
1855,9cce2_00005,260,0.8999999999999999,entropy,1,259.735
1856,9cce2_00005,261,0.9,entropy,1,259.735
1857,9cce2_00005,262,0.9299999999999999,entropy,1,259.735
1858,9cce2_00005,263,0.95,entropy,1,259.735
1859,9cce2_00005,264,0.9099999999999999,entropy,1,259.735
1860,9cce2_00005,265,0.9299999999999999,entropy,1,259.735
1861,9cce2_00005,266,0.9199999999999999,entropy,1,259.735
1862,9cce2_00005,267,0.94,entropy,1,259.735
1863,9cce2_00005,268,0.9299999999999999,entropy,1,259.735
1864,9cce2_00005,269,0.94,entropy,1,259.735
1865,9cce2_00005,270,0.9199999999999999,entropy,1,259.735
1866,9cce2_00005,271,0.85,entropy,1,259.735
1867,9cce2_00005,272,0.9199999999999999,entropy,1,259.735
1868,9cce2_00005,273,0.89,entropy,1,259.735
1869,9cce2_00005,274,0.9099999999999999,entropy,1,259.735
1870,9cce2_00005,275,0.9299999999999999,entropy,1,259.735
1871,9cce2_00005,276,0.9299999999999999,entropy,1,259.735
1872,9cce2_00005,277,0.95,entropy,1,259.735
1873,9cce2_00005,278,0.9299999999999999,entropy,1,259.735
1874,9cce2_00005,279,0.8999999999999999,entropy,1,259.735
1875,9cce2_00005,280,0.9299999999999999,entropy,1,259.735
1876,9cce2_00005,281,0.95,entropy,1,259.735
1877,9cce2_00005,282,0.92,entropy,1,259.735
1878,9cce2_00005,283,0.9299999999999999,entropy,1,259.735
1879,9cce2_00005,284,0.9199999999999999,entropy,1,259.735
1880,9cce2_00005,285,0.8999999999999999,entropy,1,259.735
1881,9cce2_00005,286,0.9099999999999999,entropy,1,259.735
1882,9cce2_00005,287,0.94,entropy,1,259.735
1883,9cce2_00005,288,0.9199999999999999,entropy,1,259.735
1884,9cce2_00005,289,0.8999999999999999,entropy,1,259.735
1885,9cce2_00005,290,0.88,entropy,1,259.735
1886,9cce2_00005,291,0.9299999999999999,entropy,1,259.735
1887,9cce2_00005,292,0.9099999999999999,entropy,1,259.735
1888,9cce2_00005,293,0.9199999999999999,entropy,1,259.735
1889,9cce2_00005,294,0.94,entropy,1,259.735
1890,9cce2_00005,295,0.9099999999999999,entropy,1,259.735
1891,9cce2_00005,296,0.9199999999999999,entropy,1,259.735
1892,9cce2_00005,297,0.86,entropy,1,259.735
1893,9cce2_00005,298,0.95,entropy,1,259.735
1894,9cce2_00005,299,0.86,entropy,1,259.735
1895,9cce2_00005,300,0.8899999999999999,entropy,1,259.735
1896,9cce2_00005,301,0.9299999999999999,entropy,1,259.735
1897,9cce2_00005,302,0.9199999999999999,entropy,1,259.735
1898,9cce2_00005,303,0.8999999999999999,entropy,1,259.735
1899,9cce2_00005,304,0.9299999999999999,entropy,1,259.735
1900,9cce2_00005,305,0.9099999999999999,entropy,1,259.735
1901,9cce2_00005,306,0.8999999999999999,entropy,1,259.735
1902,9cce2_00005,307,0.9199999999999999,entropy,1,259.735
1903,9cce2_00005,308,0.9199999999999999,entropy,1,259.735
1904,9cce2_00005,309,0.9199999999999999,entropy,1,259.735
1905,9cce2_00005,310,0.8300000000000001,entropy,1,259.735
1906,9cce2_00005,311,0.9199999999999999,entropy,1,259.735
1907,9cce2_00005,312,0.8999999999999999,entropy,1,259.735
1908,9cce2_00005,313,0.94,entropy,1,259.735
1909,9cce2_00005,314,0.94,entropy,1,259.735
1910,9cce2_00005,315,0.94,entropy,1,259.735
1911,9cce2_00005,316,0.9199999999999999,entropy,1,259.735
1912,9cce2_00005,317,0.9299999999999999,entropy,1,259.735
1913,9cce2_00005,318,0.9099999999999999,entropy,1,259.735
1914,9cce2_00006,0,0.8,entropy,2,285.42
1915,9cce2_00006,1,0.81,entropy,2,285.42
1916,9cce2_00006,2,0.9,entropy,2,285.42
1917,9cce2_00006,3,0.81,entropy,2,285.42
1918,9cce2_00006,4,0.82,entropy,2,285.42
1919,9cce2_00006,5,0.8200000000000001,entropy,2,285.42
1920,9cce2_00006,6,0.81,entropy,2,285.42
1921,9cce2_00006,7,0.81,entropy,2,285.42
1922,9cce2_00006,8,0.8200000000000001,entropy,2,285.42
1923,9cce2_00006,9,0.81,entropy,2,285.42
1924,9cce2_00006,10,0.82,entropy,2,285.42
1925,9cce2_00006,11,0.81,entropy,2,285.42
1926,9cce2_00006,12,0.9,entropy,2,285.42
1927,9cce2_00006,13,0.8400000000000001,entropy,2,285.42
1928,9cce2_00006,14,0.8,entropy,2,285.42
1929,9cce2_00006,15,0.8200000000000001,entropy,2,285.42
1930,9cce2_00006,16,0.8300000000000001,entropy,2,285.42
1931,9cce2_00006,17,0.8500000000000001,entropy,2,285.42
1932,9cce2_00006,18,0.9299999999999999,entropy,2,285.42
1933,9cce2_00006,19,0.8,entropy,2,285.42
1934,9cce2_00006,20,0.8300000000000001,entropy,2,285.42
1935,9cce2_00006,21,0.8500000000000001,entropy,2,285.42
1936,9cce2_00006,22,0.8999999999999999,entropy,2,285.42
1937,9cce2_00006,23,0.8,entropy,2,285.42
1938,9cce2_00006,24,0.91,entropy,2,285.42
1939,9cce2_00006,25,0.89,entropy,2,285.42
1940,9cce2_00006,26,0.8,entropy,2,285.42
1941,9cce2_00006,27,0.8,entropy,2,285.42
1942,9cce2_00006,28,0.8,entropy,2,285.42
1943,9cce2_00006,29,0.84,entropy,2,285.42
1944,9cce2_00006,30,0.8,entropy,2,285.42
1945,9cce2_00006,31,0.85,entropy,2,285.42
1946,9cce2_00006,32,0.8300000000000001,entropy,2,285.42
1947,9cce2_00006,33,0.8,entropy,2,285.42
1948,9cce2_00006,34,0.92,entropy,2,285.42
1949,9cce2_00006,35,0.84,entropy,2,285.42
1950,9cce2_00006,36,0.77,entropy,2,285.42
1951,9cce2_00006,37,0.88,entropy,2,285.42
1952,9cce2_00006,38,0.91,entropy,2,285.42
1953,9cce2_00006,39,0.8600000000000001,entropy,2,285.42
1954,9cce2_00006,40,0.9299999999999999,entropy,2,285.42
1955,9cce2_00006,41,0.85,entropy,2,285.42
1956,9cce2_00006,42,0.8,entropy,2,285.42
1957,9cce2_00006,43,0.9099999999999999,entropy,2,285.42
1958,9cce2_00006,44,0.84,entropy,2,285.42
1959,9cce2_00006,45,0.9,entropy,2,285.42
1960,9cce2_00006,46,0.86,entropy,2,285.42
1961,9cce2_00006,47,0.89,entropy,2,285.42
1962,9cce2_00006,48,0.8899999999999999,entropy,2,285.42
1963,9cce2_00006,49,0.87,entropy,2,285.42
1964,9cce2_00006,50,0.9099999999999999,entropy,2,285.42
1965,9cce2_00006,51,0.91,entropy,2,285.42
1966,9cce2_00006,52,0.92,entropy,2,285.42
1967,9cce2_00006,53,0.94,entropy,2,285.42
1968,9cce2_00006,54,0.8600000000000001,entropy,2,285.42
1969,9cce2_00006,55,0.9299999999999999,entropy,2,285.42
1970,9cce2_00006,56,0.9299999999999999,entropy,2,285.42
1971,9cce2_00006,57,0.8999999999999999,entropy,2,285.42
1972,9cce2_00006,58,0.9199999999999999,entropy,2,285.42
1973,9cce2_00006,59,0.86,entropy,2,285.42
1974,9cce2_00006,60,0.9099999999999999,entropy,2,285.42
1975,9cce2_00006,61,0.8999999999999999,entropy,2,285.42
1976,9cce2_00006,62,0.9,entropy,2,285.42
1977,9cce2_00006,63,0.9299999999999999,entropy,2,285.42
1978,9cce2_00006,64,0.86,entropy,2,285.42
1979,9cce2_00006,65,0.9199999999999999,entropy,2,285.42
1980,9cce2_00006,66,0.92,entropy,2,285.42
1981,9cce2_00006,67,0.9099999999999999,entropy,2,285.42
1982,9cce2_00006,68,0.8999999999999999,entropy,2,285.42
1983,9cce2_00006,69,0.91,entropy,2,285.42
1984,9cce2_00006,70,0.94,entropy,2,285.42
1985,9cce2_00006,71,0.9,entropy,2,285.42
1986,9cce2_00006,72,0.91,entropy,2,285.42
1987,9cce2_00006,73,0.91,entropy,2,285.42
1988,9cce2_00006,74,0.87,entropy,2,285.42
1989,9cce2_00006,75,0.9099999999999999,entropy,2,285.42
1990,9cce2_00006,76,0.91,entropy,2,285.42
1991,9cce2_00006,77,0.94,entropy,2,285.42
1992,9cce2_00006,78,0.86,entropy,2,285.42
1993,9cce2_00006,79,0.8899999999999999,entropy,2,285.42
1994,9cce2_00006,80,0.9299999999999999,entropy,2,285.42
1995,9cce2_00006,81,0.94,entropy,2,285.42
1996,9cce2_00006,82,0.9199999999999999,entropy,2,285.42
1997,9cce2_00006,83,0.9199999999999999,entropy,2,285.42
1998,9cce2_00006,84,0.9199999999999999,entropy,2,285.42
1999,9cce2_00006,85,0.92,entropy,2,285.42
2000,9cce2_00006,86,0.9199999999999999,entropy,2,285.42
2001,9cce2_00006,87,0.89,entropy,2,285.42
2002,9cce2_00006,88,0.9299999999999999,entropy,2,285.42
2003,9cce2_00006,89,0.87,entropy,2,285.42
2004,9cce2_00006,90,0.88,entropy,2,285.42
2005,9cce2_00006,91,0.85,entropy,2,285.42
2006,9cce2_00006,92,0.8999999999999999,entropy,2,285.42
2007,9cce2_00006,93,0.94,entropy,2,285.42
2008,9cce2_00006,94,0.95,entropy,2,285.42
2009,9cce2_00006,95,0.9099999999999999,entropy,2,285.42
2010,9cce2_00006,96,0.8799999999999999,entropy,2,285.42
2011,9cce2_00006,97,0.9,entropy,2,285.42
2012,9cce2_00006,98,0.9199999999999999,entropy,2,285.42
2013,9cce2_00006,99,0.85,entropy,2,285.42
2014,9cce2_00006,100,0.9099999999999999,entropy,2,285.42
2015,9cce2_00006,101,0.89,entropy,2,285.42
2016,9cce2_00006,102,0.91,entropy,2,285.42
2017,9cce2_00006,103,0.9299999999999999,entropy,2,285.42
2018,9cce2_00006,104,0.91,entropy,2,285.42
2019,9cce2_00006,105,0.89,entropy,2,285.42
2020,9cce2_00006,106,0.91,entropy,2,285.42
2021,9cce2_00006,107,0.94,entropy,2,285.42
2022,9cce2_00006,108,0.9299999999999999,entropy,2,285.42
2023,9cce2_00006,109,0.92,entropy,2,285.42
2024,9cce2_00006,110,0.94,entropy,2,285.42
2025,9cce2_00006,111,0.9199999999999999,entropy,2,285.42
2026,9cce2_00006,112,0.9199999999999999,entropy,2,285.42
2027,9cce2_00006,113,0.9199999999999999,entropy,2,285.42
2028,9cce2_00006,114,0.9199999999999999,entropy,2,285.42
2029,9cce2_00006,115,0.88,entropy,2,285.42
2030,9cce2_00006,116,0.94,entropy,2,285.42
2031,9cce2_00006,117,0.95,entropy,2,285.42
2032,9cce2_00006,118,0.94,entropy,2,285.42
2033,9cce2_00006,119,0.89,entropy,2,285.42
2034,9cce2_00006,120,0.9299999999999999,entropy,2,285.42
2035,9cce2_00006,121,0.94,entropy,2,285.42
2036,9cce2_00006,122,0.91,entropy,2,285.42
2037,9cce2_00006,123,0.8200000000000001,entropy,2,285.42
2038,9cce2_00006,124,0.89,entropy,2,285.42
2039,9cce2_00006,125,0.9199999999999999,entropy,2,285.42
2040,9cce2_00006,126,0.87,entropy,2,285.42
2041,9cce2_00006,127,0.84,entropy,2,285.42
2042,9cce2_00006,128,0.9199999999999999,entropy,2,285.42
2043,9cce2_00006,129,0.94,entropy,2,285.42
2044,9cce2_00006,130,0.9199999999999999,entropy,2,285.42
2045,9cce2_00006,131,0.9099999999999999,entropy,2,285.42
2046,9cce2_00006,132,0.9199999999999999,entropy,2,285.42
2047,9cce2_00006,133,0.9099999999999999,entropy,2,285.42
2048,9cce2_00006,134,0.91,entropy,2,285.42
2049,9cce2_00006,135,0.9,entropy,2,285.42
2050,9cce2_00006,136,0.91,entropy,2,285.42
2051,9cce2_00006,137,0.9199999999999999,entropy,2,285.42
2052,9cce2_00006,138,0.91,entropy,2,285.42
2053,9cce2_00006,139,0.91,entropy,2,285.42
2054,9cce2_00006,140,0.87,entropy,2,285.42
2055,9cce2_00006,141,0.9199999999999999,entropy,2,285.42
2056,9cce2_00006,142,0.9199999999999999,entropy,2,285.42
2057,9cce2_00006,143,0.9199999999999999,entropy,2,285.42
2058,9cce2_00006,144,0.94,entropy,2,285.42
2059,9cce2_00006,145,0.9299999999999999,entropy,2,285.42
2060,9cce2_00006,146,0.8799999999999999,entropy,2,285.42
2061,9cce2_00006,147,0.9199999999999999,entropy,2,285.42
2062,9cce2_00006,148,0.91,entropy,2,285.42
2063,9cce2_00006,149,0.9,entropy,2,285.42
2064,9cce2_00006,150,0.94,entropy,2,285.42
2065,9cce2_00006,151,0.88,entropy,2,285.42
2066,9cce2_00006,152,0.9299999999999999,entropy,2,285.42
2067,9cce2_00006,153,0.9199999999999999,entropy,2,285.42
2068,9cce2_00006,154,0.9199999999999999,entropy,2,285.42
2069,9cce2_00006,155,0.9099999999999999,entropy,2,285.42
2070,9cce2_00006,156,0.9299999999999999,entropy,2,285.42
2071,9cce2_00006,157,0.9,entropy,2,285.42
2072,9cce2_00006,158,0.9099999999999999,entropy,2,285.42
2073,9cce2_00006,159,0.9099999999999999,entropy,2,285.42
2074,9cce2_00006,160,0.9299999999999999,entropy,2,285.42
2075,9cce2_00006,161,0.9299999999999999,entropy,2,285.42
2076,9cce2_00006,162,0.85,entropy,2,285.42
2077,9cce2_00006,163,0.9199999999999999,entropy,2,285.42
2078,9cce2_00006,164,0.92,entropy,2,285.42
2079,9cce2_00006,165,0.9199999999999999,entropy,2,285.42
2080,9cce2_00006,166,0.88,entropy,2,285.42
2081,9cce2_00006,167,0.8899999999999999,entropy,2,285.42
2082,9cce2_00006,168,0.8400000000000001,entropy,2,285.42
2083,9cce2_00006,169,0.9199999999999999,entropy,2,285.42
2084,9cce2_00006,170,0.94,entropy,2,285.42
2085,9cce2_00006,171,0.8799999999999999,entropy,2,285.42
2086,9cce2_00006,172,0.91,entropy,2,285.42
2087,9cce2_00006,173,0.9199999999999999,entropy,2,285.42
2088,9cce2_00006,174,0.91,entropy,2,285.42
2089,9cce2_00006,175,0.9199999999999999,entropy,2,285.42
2090,9cce2_00006,176,0.9099999999999999,entropy,2,285.42
2091,9cce2_00006,177,0.9099999999999999,entropy,2,285.42
2092,9cce2_00006,178,0.8899999999999999,entropy,2,285.42
2093,9cce2_00006,179,0.94,entropy,2,285.42
2094,9cce2_00006,180,0.88,entropy,2,285.42
2095,9cce2_00006,181,0.87,entropy,2,285.42
2096,9cce2_00006,182,0.89,entropy,2,285.42
2097,9cce2_00006,183,0.9299999999999999,entropy,2,285.42
2098,9cce2_00006,184,0.8899999999999999,entropy,2,285.42
2099,9cce2_00006,185,0.9099999999999999,entropy,2,285.42
2100,9cce2_00006,186,0.96,entropy,2,285.42
2101,9cce2_00006,187,0.94,entropy,2,285.42
2102,9cce2_00006,188,0.8999999999999999,entropy,2,285.42
2103,9cce2_00006,189,0.9199999999999999,entropy,2,285.42
2104,9cce2_00006,190,0.9299999999999999,entropy,2,285.42
2105,9cce2_00006,191,0.94,entropy,2,285.42
2106,9cce2_00006,192,0.88,entropy,2,285.42
2107,9cce2_00006,193,0.94,entropy,2,285.42
2108,9cce2_00006,194,0.89,entropy,2,285.42
2109,9cce2_00006,195,0.88,entropy,2,285.42
2110,9cce2_00006,196,0.9,entropy,2,285.42
2111,9cce2_00006,197,0.89,entropy,2,285.42
2112,9cce2_00006,198,0.9199999999999999,entropy,2,285.42
2113,9cce2_00006,199,0.9099999999999999,entropy,2,285.42
2114,9cce2_00006,200,0.95,entropy,2,285.42
2115,9cce2_00006,201,0.9199999999999999,entropy,2,285.42
2116,9cce2_00006,202,0.8799999999999999,entropy,2,285.42
2117,9cce2_00006,203,0.9299999999999999,entropy,2,285.42
2118,9cce2_00006,204,0.9199999999999999,entropy,2,285.42
2119,9cce2_00006,205,0.89,entropy,2,285.42
2120,9cce2_00006,206,0.89,entropy,2,285.42
2121,9cce2_00006,207,0.9099999999999999,entropy,2,285.42
2122,9cce2_00006,208,0.8999999999999999,entropy,2,285.42
2123,9cce2_00006,209,0.86,entropy,2,285.42
2124,9cce2_00006,210,0.8999999999999999,entropy,2,285.42
2125,9cce2_00006,211,0.86,entropy,2,285.42
2126,9cce2_00006,212,0.87,entropy,2,285.42
2127,9cce2_00006,213,0.94,entropy,2,285.42
2128,9cce2_00006,214,0.9099999999999999,entropy,2,285.42
2129,9cce2_00006,215,0.86,entropy,2,285.42
2130,9cce2_00006,216,0.8500000000000001,entropy,2,285.42
2131,9cce2_00006,217,0.94,entropy,2,285.42
2132,9cce2_00006,218,0.87,entropy,2,285.42
2133,9cce2_00006,219,0.8999999999999999,entropy,2,285.42
2134,9cce2_00006,220,0.8999999999999999,entropy,2,285.42
2135,9cce2_00006,221,0.8899999999999999,entropy,2,285.42
2136,9cce2_00006,222,0.9299999999999999,entropy,2,285.42
2137,9cce2_00006,223,0.91,entropy,2,285.42
2138,9cce2_00006,224,0.8999999999999999,entropy,2,285.42
2139,9cce2_00006,225,0.9199999999999999,entropy,2,285.42
2140,9cce2_00006,226,0.88,entropy,2,285.42
2141,9cce2_00006,227,0.8899999999999999,entropy,2,285.42
2142,9cce2_00006,228,0.89,entropy,2,285.42
2143,9cce2_00006,229,0.8600000000000001,entropy,2,285.42
2144,9cce2_00006,230,0.8999999999999999,entropy,2,285.42
2145,9cce2_00006,231,0.91,entropy,2,285.42
2146,9cce2_00006,232,0.9099999999999999,entropy,2,285.42
2147,9cce2_00006,233,0.9099999999999999,entropy,2,285.42
2148,9cce2_00006,234,0.9099999999999999,entropy,2,285.42
2149,9cce2_00006,235,0.96,entropy,2,285.42
2150,9cce2_00006,236,0.9299999999999999,entropy,2,285.42
2151,9cce2_00006,237,0.85,entropy,2,285.42
2152,9cce2_00006,238,0.94,entropy,2,285.42
2153,9cce2_00006,239,0.88,entropy,2,285.42
2154,9cce2_00006,240,0.86,entropy,2,285.42
2155,9cce2_00006,241,0.8899999999999999,entropy,2,285.42
2156,9cce2_00006,242,0.9099999999999999,entropy,2,285.42
2157,9cce2_00006,243,0.87,entropy,2,285.42
2158,9cce2_00006,244,0.9199999999999999,entropy,2,285.42
2159,9cce2_00006,245,0.9199999999999999,entropy,2,285.42
2160,9cce2_00006,246,0.9199999999999999,entropy,2,285.42
2161,9cce2_00006,247,0.88,entropy,2,285.42
2162,9cce2_00006,248,0.9099999999999999,entropy,2,285.42
2163,9cce2_00006,249,0.9099999999999999,entropy,2,285.42
2164,9cce2_00006,250,0.9299999999999999,entropy,2,285.42
2165,9cce2_00006,251,0.9199999999999999,entropy,2,285.42
2166,9cce2_00006,252,0.89,entropy,2,285.42
2167,9cce2_00006,253,0.86,entropy,2,285.42
2168,9cce2_00006,254,0.9,entropy,2,285.42
2169,9cce2_00006,255,0.91,entropy,2,285.42
2170,9cce2_00006,256,0.9199999999999999,entropy,2,285.42
2171,9cce2_00006,257,0.9,entropy,2,285.42
2172,9cce2_00006,258,0.9299999999999999,entropy,2,285.42
2173,9cce2_00006,259,0.95,entropy,2,285.42
2174,9cce2_00006,260,0.8899999999999999,entropy,2,285.42
2175,9cce2_00006,261,0.87,entropy,2,285.42
2176,9cce2_00006,262,0.92,entropy,2,285.42
2177,9cce2_00006,263,0.9,entropy,2,285.42
2178,9cce2_00006,264,0.9199999999999999,entropy,2,285.42
2179,9cce2_00006,265,0.9299999999999999,entropy,2,285.42
2180,9cce2_00006,266,0.95,entropy,2,285.42
2181,9cce2_00006,267,0.9099999999999999,entropy,2,285.42
2182,9cce2_00006,268,0.94,entropy,2,285.42
2183,9cce2_00006,269,0.8999999999999999,entropy,2,285.42
2184,9cce2_00006,270,0.9299999999999999,entropy,2,285.42
2185,9cce2_00006,271,0.8500000000000001,entropy,2,285.42
2186,9cce2_00006,272,0.87,entropy,2,285.42
2187,9cce2_00006,273,0.88,entropy,2,285.42
2188,9cce2_00006,274,0.9299999999999999,entropy,2,285.42
2189,9cce2_00006,275,0.9299999999999999,entropy,2,285.42
2190,9cce2_00006,276,0.94,entropy,2,285.42
2191,9cce2_00006,277,0.95,entropy,2,285.42
2192,9cce2_00006,278,0.9299999999999999,entropy,2,285.42
2193,9cce2_00006,279,0.9299999999999999,entropy,2,285.42
2194,9cce2_00006,280,0.9299999999999999,entropy,2,285.42
2195,9cce2_00006,281,0.8500000000000001,entropy,2,285.42
2196,9cce2_00006,282,0.9199999999999999,entropy,2,285.42
2197,9cce2_00006,283,0.9099999999999999,entropy,2,285.42
2198,9cce2_00006,284,0.9299999999999999,entropy,2,285.42
2199,9cce2_00006,285,0.89,entropy,2,285.42
2200,9cce2_00006,286,0.9099999999999999,entropy,2,285.42
2201,9cce2_00006,287,0.9199999999999999,entropy,2,285.42
2202,9cce2_00006,288,0.94,entropy,2,285.42
2203,9cce2_00006,289,0.9199999999999999,entropy,2,285.42
2204,9cce2_00006,290,0.9,entropy,2,285.42
2205,9cce2_00006,291,0.9099999999999999,entropy,2,285.42
2206,9cce2_00006,292,0.8999999999999999,entropy,2,285.42
2207,9cce2_00006,293,0.9299999999999999,entropy,2,285.42
2208,9cce2_00006,294,0.9099999999999999,entropy,2,285.42
2209,9cce2_00006,295,0.8899999999999999,entropy,2,285.42
2210,9cce2_00006,296,0.8600000000000001,entropy,2,285.42
2211,9cce2_00006,297,0.9199999999999999,entropy,2,285.42
2212,9cce2_00006,298,0.9299999999999999,entropy,2,285.42
2213,9cce2_00006,299,0.9199999999999999,entropy,2,285.42
2214,9cce2_00006,300,0.88,entropy,2,285.42
2215,9cce2_00006,301,0.9299999999999999,entropy,2,285.42
2216,9cce2_00006,302,0.9099999999999999,entropy,2,285.42
2217,9cce2_00006,303,0.9299999999999999,entropy,2,285.42
2218,9cce2_00006,304,0.9099999999999999,entropy,2,285.42
2219,9cce2_00006,305,0.9199999999999999,entropy,2,285.42
2220,9cce2_00006,306,0.8899999999999999,entropy,2,285.42
2221,9cce2_00006,307,0.8999999999999999,entropy,2,285.42
2222,9cce2_00006,308,0.8999999999999999,entropy,2,285.42
2223,9cce2_00006,309,0.8200000000000001,entropy,2,285.42
2224,9cce2_00006,310,0.9099999999999999,entropy,2,285.42
2225,9cce2_00006,311,0.9199999999999999,entropy,2,285.42
2226,9cce2_00006,312,0.89,entropy,2,285.42
2227,9cce2_00006,313,0.9299999999999999,entropy,2,285.42
2228,9cce2_00006,314,0.8899999999999999,entropy,2,285.42
2229,9cce2_00006,315,0.9099999999999999,entropy,2,285.42
2230,9cce2_00006,316,0.9199999999999999,entropy,2,285.42
2231,9cce2_00006,317,0.8799999999999999,entropy,2,285.42
2232,9cce2_00006,318,0.8600000000000001,entropy,2,285.42
2233,9cce2_00007,0,0.81,entropy,3,279.955
2234,9cce2_00007,1,0.81,entropy,3,279.955
2235,9cce2_00007,2,0.81,entropy,3,279.955
2236,9cce2_00007,3,0.64,entropy,3,279.955
2237,9cce2_00007,4,0.5,entropy,3,279.955
2238,9cce2_00007,5,0.81,entropy,3,279.955
2239,9cce2_00007,6,0.84,entropy,3,279.955
2240,9cce2_00007,7,0.79,entropy,3,279.955
2241,9cce2_00007,8,0.84,entropy,3,279.955
2242,9cce2_00007,9,0.8500000000000001,entropy,3,279.955
2243,9cce2_00007,10,0.8300000000000001,entropy,3,279.955
2244,9cce2_00007,11,0.88,entropy,3,279.955
2245,9cce2_00007,12,0.78,entropy,3,279.955
2246,9cce2_00007,13,0.84,entropy,3,279.955
2247,9cce2_00007,14,0.84,entropy,3,279.955
2248,9cce2_00007,15,0.8999999999999999,entropy,3,279.955
2249,9cce2_00007,16,0.8500000000000001,entropy,3,279.955
2250,9cce2_00007,17,0.87,entropy,3,279.955
2251,9cce2_00007,18,0.8500000000000001,entropy,3,279.955
2252,9cce2_00007,19,0.79,entropy,3,279.955
2253,9cce2_00007,20,0.84,entropy,3,279.955
2254,9cce2_00007,21,0.8,entropy,3,279.955
2255,9cce2_00007,22,0.84,entropy,3,279.955
2256,9cce2_00007,23,0.84,entropy,3,279.955
2257,9cce2_00007,24,0.85,entropy,3,279.955
2258,9cce2_00007,25,0.89,entropy,3,279.955
2259,9cce2_00007,26,0.8500000000000001,entropy,3,279.955
2260,9cce2_00007,27,0.85,entropy,3,279.955
2261,9cce2_00007,28,0.86,entropy,3,279.955
2262,9cce2_00007,29,0.85,entropy,3,279.955
2263,9cce2_00007,30,0.86,entropy,3,279.955
2264,9cce2_00007,31,0.88,entropy,3,279.955
2265,9cce2_00007,32,0.89,entropy,3,279.955
2266,9cce2_00007,33,0.87,entropy,3,279.955
2267,9cce2_00007,34,0.87,entropy,3,279.955
2268,9cce2_00007,35,0.85,entropy,3,279.955
2269,9cce2_00007,36,0.85,entropy,3,279.955
2270,9cce2_00007,37,0.87,entropy,3,279.955
2271,9cce2_00007,38,0.89,entropy,3,279.955
2272,9cce2_00007,39,0.87,entropy,3,279.955
2273,9cce2_00007,40,0.89,entropy,3,279.955
2274,9cce2_00007,41,0.89,entropy,3,279.955
2275,9cce2_00007,42,0.86,entropy,3,279.955
2276,9cce2_00007,43,0.85,entropy,3,279.955
2277,9cce2_00007,44,0.8899999999999999,entropy,3,279.955
2278,9cce2_00007,45,0.83,entropy,3,279.955
2279,9cce2_00007,46,0.89,entropy,3,279.955
2280,9cce2_00007,47,0.8300000000000001,entropy,3,279.955
2281,9cce2_00007,48,0.89,entropy,3,279.955
2282,9cce2_00007,49,0.87,entropy,3,279.955
2283,9cce2_00007,50,0.86,entropy,3,279.955
2284,9cce2_00007,51,0.8600000000000001,entropy,3,279.955
2285,9cce2_00007,52,0.86,entropy,3,279.955
2286,9cce2_00007,53,0.85,entropy,3,279.955
2287,9cce2_00007,54,0.8200000000000001,entropy,3,279.955
2288,9cce2_00007,55,0.8899999999999999,entropy,3,279.955
2289,9cce2_00007,56,0.87,entropy,3,279.955
2290,9cce2_00007,57,0.89,entropy,3,279.955
2291,9cce2_00007,58,0.85,entropy,3,279.955
2292,9cce2_00007,59,0.89,entropy,3,279.955
2293,9cce2_00007,60,0.88,entropy,3,279.955
2294,9cce2_00007,61,0.92,entropy,3,279.955
2295,9cce2_00007,62,0.86,entropy,3,279.955
2296,9cce2_00007,63,0.8500000000000001,entropy,3,279.955
2297,9cce2_00007,64,0.8899999999999999,entropy,3,279.955
2298,9cce2_00007,65,0.87,entropy,3,279.955
2299,9cce2_00007,66,0.8799999999999999,entropy,3,279.955
2300,9cce2_00007,67,0.91,entropy,3,279.955
2301,9cce2_00007,68,0.8899999999999999,entropy,3,279.955
2302,9cce2_00007,69,0.8799999999999999,entropy,3,279.955
2303,9cce2_00007,70,0.86,entropy,3,279.955
2304,9cce2_00007,71,0.8799999999999999,entropy,3,279.955
2305,9cce2_00007,72,0.9199999999999999,entropy,3,279.955
2306,9cce2_00007,73,0.91,entropy,3,279.955
2307,9cce2_00007,74,0.8500000000000001,entropy,3,279.955
2308,9cce2_00007,75,0.85,entropy,3,279.955
2309,9cce2_00007,76,0.87,entropy,3,279.955
2310,9cce2_00007,77,0.8999999999999999,entropy,3,279.955
2311,9cce2_00007,78,0.8999999999999999,entropy,3,279.955
2312,9cce2_00007,79,0.9199999999999999,entropy,3,279.955
2313,9cce2_00007,80,0.89,entropy,3,279.955
2314,9cce2_00007,81,0.88,entropy,3,279.955
2315,9cce2_00007,82,0.87,entropy,3,279.955
2316,9cce2_00007,83,0.9,entropy,3,279.955
2317,9cce2_00007,84,0.88,entropy,3,279.955
2318,9cce2_00007,85,0.9,entropy,3,279.955
2319,9cce2_00007,86,0.86,entropy,3,279.955
2320,9cce2_00007,87,0.85,entropy,3,279.955
2321,9cce2_00007,88,0.86,entropy,3,279.955
2322,9cce2_00007,89,0.91,entropy,3,279.955
2323,9cce2_00007,90,0.8899999999999999,entropy,3,279.955
2324,9cce2_00007,91,0.87,entropy,3,279.955
2325,9cce2_00007,92,0.8799999999999999,entropy,3,279.955
2326,9cce2_00007,93,0.86,entropy,3,279.955
2327,9cce2_00007,94,0.8400000000000001,entropy,3,279.955
2328,9cce2_00007,95,0.89,entropy,3,279.955
2329,9cce2_00007,96,0.8999999999999999,entropy,3,279.955
2330,9cce2_00007,97,0.87,entropy,3,279.955
2331,9cce2_00007,98,0.8899999999999999,entropy,3,279.955
2332,9cce2_00007,99,0.86,entropy,3,279.955
2333,9cce2_00007,100,0.86,entropy,3,279.955
2334,9cce2_00007,101,0.8799999999999999,entropy,3,279.955
2335,9cce2_00007,102,0.88,entropy,3,279.955
2336,9cce2_00007,103,0.88,entropy,3,279.955
2337,9cce2_00007,104,0.89,entropy,3,279.955
2338,9cce2_00007,105,0.9,entropy,3,279.955
2339,9cce2_00007,106,0.9099999999999999,entropy,3,279.955
2340,9cce2_00007,107,0.8899999999999999,entropy,3,279.955
2341,9cce2_00007,108,0.8899999999999999,entropy,3,279.955
2342,9cce2_00007,109,0.86,entropy,3,279.955
2343,9cce2_00007,110,0.88,entropy,3,279.955
2344,9cce2_00007,111,0.8999999999999999,entropy,3,279.955
2345,9cce2_00007,112,0.8899999999999999,entropy,3,279.955
2346,9cce2_00007,113,0.89,entropy,3,279.955
2347,9cce2_00007,114,0.85,entropy,3,279.955
2348,9cce2_00007,115,0.88,entropy,3,279.955
2349,9cce2_00007,116,0.87,entropy,3,279.955
2350,9cce2_00007,117,0.88,entropy,3,279.955
2351,9cce2_00007,118,0.8799999999999999,entropy,3,279.955
2352,9cce2_00007,119,0.8999999999999999,entropy,3,279.955
2353,9cce2_00007,120,0.89,entropy,3,279.955
2354,9cce2_00007,121,0.88,entropy,3,279.955
2355,9cce2_00007,122,0.85,entropy,3,279.955
2356,9cce2_00007,123,0.86,entropy,3,279.955
2357,9cce2_00007,124,0.89,entropy,3,279.955
2358,9cce2_00007,125,0.8999999999999999,entropy,3,279.955
2359,9cce2_00007,126,0.91,entropy,3,279.955
2360,9cce2_00007,127,0.87,entropy,3,279.955
2361,9cce2_00007,128,0.9,entropy,3,279.955
2362,9cce2_00007,129,0.86,entropy,3,279.955
2363,9cce2_00007,130,0.8999999999999999,entropy,3,279.955
2364,9cce2_00007,131,0.9,entropy,3,279.955
2365,9cce2_00007,132,0.88,entropy,3,279.955
2366,9cce2_00007,133,0.8899999999999999,entropy,3,279.955
2367,9cce2_00007,134,0.9,entropy,3,279.955
2368,9cce2_00007,135,0.89,entropy,3,279.955
2369,9cce2_00007,136,0.91,entropy,3,279.955
2370,9cce2_00007,137,0.88,entropy,3,279.955
2371,9cce2_00007,138,0.9,entropy,3,279.955
2372,9cce2_00007,139,0.9,entropy,3,279.955
2373,9cce2_00007,140,0.92,entropy,3,279.955
2374,9cce2_00007,141,0.8799999999999999,entropy,3,279.955
2375,9cce2_00007,142,0.88,entropy,3,279.955
2376,9cce2_00007,143,0.8899999999999999,entropy,3,279.955
2377,9cce2_00007,144,0.91,entropy,3,279.955
2378,9cce2_00007,145,0.89,entropy,3,279.955
2379,9cce2_00007,146,0.91,entropy,3,279.955
2380,9cce2_00007,147,0.8799999999999999,entropy,3,279.955
2381,9cce2_00007,148,0.9,entropy,3,279.955
2382,9cce2_00007,149,0.9199999999999999,entropy,3,279.955
2383,9cce2_00007,150,0.8899999999999999,entropy,3,279.955
2384,9cce2_00007,151,0.8600000000000001,entropy,3,279.955
2385,9cce2_00007,152,0.89,entropy,3,279.955
2386,9cce2_00007,153,0.9,entropy,3,279.955
2387,9cce2_00007,154,0.88,entropy,3,279.955
2388,9cce2_00007,155,0.9099999999999999,entropy,3,279.955
2389,9cce2_00007,156,0.87,entropy,3,279.955
2390,9cce2_00007,157,0.9,entropy,3,279.955
2391,9cce2_00007,158,0.8999999999999999,entropy,3,279.955
2392,9cce2_00007,159,0.89,entropy,3,279.955
2393,9cce2_00007,160,0.8799999999999999,entropy,3,279.955
2394,9cce2_00007,161,0.8999999999999999,entropy,3,279.955
2395,9cce2_00007,162,0.89,entropy,3,279.955
2396,9cce2_00007,163,0.9,entropy,3,279.955
2397,9cce2_00007,164,0.89,entropy,3,279.955
2398,9cce2_00007,165,0.8899999999999999,entropy,3,279.955
2399,9cce2_00007,166,0.9,entropy,3,279.955
2400,9cce2_00007,167,0.8999999999999999,entropy,3,279.955
2401,9cce2_00007,168,0.9199999999999999,entropy,3,279.955
2402,9cce2_00007,169,0.9,entropy,3,279.955
2403,9cce2_00007,170,0.9,entropy,3,279.955
2404,9cce2_00007,171,0.92,entropy,3,279.955
2405,9cce2_00007,172,0.9,entropy,3,279.955
2406,9cce2_00007,173,0.86,entropy,3,279.955
2407,9cce2_00007,174,0.8500000000000001,entropy,3,279.955
2408,9cce2_00007,175,0.89,entropy,3,279.955
2409,9cce2_00007,176,0.91,entropy,3,279.955
2410,9cce2_00007,177,0.87,entropy,3,279.955
2411,9cce2_00007,178,0.9,entropy,3,279.955
2412,9cce2_00007,179,0.9199999999999999,entropy,3,279.955
2413,9cce2_00007,180,0.9,entropy,3,279.955
2414,9cce2_00007,181,0.91,entropy,3,279.955
2415,9cce2_00007,182,0.8899999999999999,entropy,3,279.955
2416,9cce2_00007,183,0.9,entropy,3,279.955
2417,9cce2_00007,184,0.88,entropy,3,279.955
2418,9cce2_00007,185,0.89,entropy,3,279.955
2419,9cce2_00007,186,0.8999999999999999,entropy,3,279.955
2420,9cce2_00007,187,0.9,entropy,3,279.955
2421,9cce2_00007,188,0.89,entropy,3,279.955
2422,9cce2_00007,189,0.8899999999999999,entropy,3,279.955
2423,9cce2_00007,190,0.88,entropy,3,279.955
2424,9cce2_00007,191,0.8899999999999999,entropy,3,279.955
2425,9cce2_00007,192,0.9,entropy,3,279.955
2426,9cce2_00007,193,0.9,entropy,3,279.955
2427,9cce2_00007,194,0.8600000000000001,entropy,3,279.955
2428,9cce2_00007,195,0.8200000000000001,entropy,3,279.955
2429,9cce2_00007,196,0.8999999999999999,entropy,3,279.955
2430,9cce2_00007,197,0.9,entropy,3,279.955
2431,9cce2_00007,198,0.89,entropy,3,279.955
2432,9cce2_00007,199,0.91,entropy,3,279.955
2433,9cce2_00007,200,0.8899999999999999,entropy,3,279.955
2434,9cce2_00007,201,0.9299999999999999,entropy,3,279.955
2435,9cce2_00007,202,0.88,entropy,3,279.955
2436,9cce2_00007,203,0.9,entropy,3,279.955
2437,9cce2_00007,204,0.89,entropy,3,279.955
2438,9cce2_00007,205,0.9299999999999999,entropy,3,279.955
2439,9cce2_00007,206,0.8899999999999999,entropy,3,279.955
2440,9cce2_00007,207,0.9099999999999999,entropy,3,279.955
2441,9cce2_00007,208,0.9,entropy,3,279.955
2442,9cce2_00007,209,0.88,entropy,3,279.955
2443,9cce2_00007,210,0.89,entropy,3,279.955
2444,9cce2_00007,211,0.9,entropy,3,279.955
2445,9cce2_00007,212,0.8999999999999999,entropy,3,279.955
2446,9cce2_00007,213,0.88,entropy,3,279.955
2447,9cce2_00007,214,0.89,entropy,3,279.955
2448,9cce2_00007,215,0.89,entropy,3,279.955
2449,9cce2_00007,216,0.9099999999999999,entropy,3,279.955
2450,9cce2_00007,217,0.87,entropy,3,279.955
2451,9cce2_00007,218,0.8899999999999999,entropy,3,279.955
2452,9cce2_00007,219,0.92,entropy,3,279.955
2453,9cce2_00007,220,0.87,entropy,3,279.955
2454,9cce2_00007,221,0.9,entropy,3,279.955
2455,9cce2_00007,222,0.8999999999999999,entropy,3,279.955
2456,9cce2_00007,223,0.9099999999999999,entropy,3,279.955
2457,9cce2_00007,224,0.9,entropy,3,279.955
2458,9cce2_00007,225,0.82,entropy,3,279.955
2459,9cce2_00007,226,0.88,entropy,3,279.955
2460,9cce2_00007,227,0.9,entropy,3,279.955
2461,9cce2_00007,228,0.89,entropy,3,279.955
2462,9cce2_00007,229,0.88,entropy,3,279.955
2463,9cce2_00007,230,0.88,entropy,3,279.955
2464,9cce2_00007,231,0.89,entropy,3,279.955
2465,9cce2_00007,232,0.89,entropy,3,279.955
2466,9cce2_00007,233,0.88,entropy,3,279.955
2467,9cce2_00007,234,0.8799999999999999,entropy,3,279.955
2468,9cce2_00007,235,0.87,entropy,3,279.955
2469,9cce2_00007,236,0.9,entropy,3,279.955
2470,9cce2_00007,237,0.88,entropy,3,279.955
2471,9cce2_00007,238,0.89,entropy,3,279.955
2472,9cce2_00007,239,0.8899999999999999,entropy,3,279.955
2473,9cce2_00007,240,0.9,entropy,3,279.955
2474,9cce2_00007,241,0.8999999999999999,entropy,3,279.955
2475,9cce2_00007,242,0.89,entropy,3,279.955
2476,9cce2_00007,243,0.89,entropy,3,279.955
2477,9cce2_00007,244,0.9299999999999999,entropy,3,279.955
2478,9cce2_00007,245,0.89,entropy,3,279.955
2479,9cce2_00007,246,0.8999999999999999,entropy,3,279.955
2480,9cce2_00007,247,0.8999999999999999,entropy,3,279.955
2481,9cce2_00007,248,0.8999999999999999,entropy,3,279.955
2482,9cce2_00007,249,0.9199999999999999,entropy,3,279.955
2483,9cce2_00007,250,0.88,entropy,3,279.955
2484,9cce2_00007,251,0.88,entropy,3,279.955
2485,9cce2_00007,252,0.8899999999999999,entropy,3,279.955
2486,9cce2_00007,253,0.8999999999999999,entropy,3,279.955
2487,9cce2_00007,254,0.9199999999999999,entropy,3,279.955
2488,9cce2_00007,255,0.91,entropy,3,279.955
2489,9cce2_00007,256,0.87,entropy,3,279.955
2490,9cce2_00007,257,0.89,entropy,3,279.955
2491,9cce2_00007,258,0.9,entropy,3,279.955
2492,9cce2_00007,259,0.89,entropy,3,279.955
2493,9cce2_00007,260,0.88,entropy,3,279.955
2494,9cce2_00007,261,0.8899999999999999,entropy,3,279.955
2495,9cce2_00007,262,0.9,entropy,3,279.955
2496,9cce2_00007,263,0.88,entropy,3,279.955
2497,9cce2_00007,264,0.87,entropy,3,279.955
2498,9cce2_00007,265,0.89,entropy,3,279.955
2499,9cce2_00007,266,0.89,entropy,3,279.955
2500,9cce2_00007,267,0.8999999999999999,entropy,3,279.955
2501,9cce2_00007,268,0.86,entropy,3,279.955
2502,9cce2_00007,269,0.9199999999999999,entropy,3,279.955
2503,9cce2_00007,270,0.87,entropy,3,279.955
2504,9cce2_00007,271,0.9,entropy,3,279.955
2505,9cce2_00007,272,0.8999999999999999,entropy,3,279.955
2506,9cce2_00007,273,0.89,entropy,3,279.955
2507,9cce2_00007,274,0.8799999999999999,entropy,3,279.955
2508,9cce2_00007,275,0.9,entropy,3,279.955
2509,9cce2_00007,276,0.8799999999999999,entropy,3,279.955
2510,9cce2_00007,277,0.88,entropy,3,279.955
2511,9cce2_00007,278,0.8799999999999999,entropy,3,279.955
2512,9cce2_00007,279,0.89,entropy,3,279.955
2513,9cce2_00007,280,0.88,entropy,3,279.955
2514,9cce2_00007,281,0.8999999999999999,entropy,3,279.955
2515,9cce2_00007,282,0.88,entropy,3,279.955
2516,9cce2_00007,283,0.8899999999999999,entropy,3,279.955
2517,9cce2_00007,284,0.9,entropy,3,279.955
2518,9cce2_00007,285,0.89,entropy,3,279.955
2519,9cce2_00007,286,0.8999999999999999,entropy,3,279.955
2520,9cce2_00007,287,0.8899999999999999,entropy,3,279.955
2521,9cce2_00007,288,0.89,entropy,3,279.955
2522,9cce2_00007,289,0.89,entropy,3,279.955
2523,9cce2_00007,290,0.8799999999999999,entropy,3,279.955
2524,9cce2_00007,291,0.86,entropy,3,279.955
2525,9cce2_00007,292,0.8999999999999999,entropy,3,279.955
2526,9cce2_00007,293,0.9,entropy,3,279.955
2527,9cce2_00007,294,0.88,entropy,3,279.955
2528,9cce2_00007,295,0.9,entropy,3,279.955
2529,9cce2_00007,296,0.89,entropy,3,279.955
2530,9cce2_00007,297,0.88,entropy,3,279.955
2531,9cce2_00007,298,0.8999999999999999,entropy,3,279.955
2532,9cce2_00007,299,0.88,entropy,3,279.955
2533,9cce2_00007,300,0.8999999999999999,entropy,3,279.955
2534,9cce2_00007,301,0.8799999999999999,entropy,3,279.955
2535,9cce2_00007,302,0.88,entropy,3,279.955
2536,9cce2_00007,303,0.87,entropy,3,279.955
2537,9cce2_00007,304,0.89,entropy,3,279.955
2538,9cce2_00007,305,0.88,entropy,3,279.955
2539,9cce2_00007,306,0.8899999999999999,entropy,3,279.955
2540,9cce2_00007,307,0.88,entropy,3,279.955
2541,9cce2_00007,308,0.9,entropy,3,279.955
2542,9cce2_00007,309,0.9,entropy,3,279.955
2543,9cce2_00007,310,0.89,entropy,3,279.955
2544,9cce2_00007,311,0.8899999999999999,entropy,3,279.955
2545,9cce2_00007,312,0.89,entropy,3,279.955
2546,9cce2_00007,313,0.88,entropy,3,279.955
2547,9cce2_00007,314,0.87,entropy,3,279.955
2548,9cce2_00007,315,0.88,entropy,3,279.955
2549,9cce2_00007,316,0.88,entropy,3,279.955
2550,9cce2_00007,317,0.89,entropy,3,279.955
2551,9cce2_00007,318,0.8999999999999999,entropy,3,279.955
2552,9cce2_00008,0,0.5,entropy,4,280.625
2553,9cce2_00008,1,0.5,entropy,4,280.625
2554,9cce2_00008,2,0.85,entropy,4,280.625
2555,9cce2_00008,3,0.73,entropy,4,280.625
2556,9cce2_00008,4,0.57,entropy,4,280.625
2557,9cce2_00008,5,0.6699999999999999,entropy,4,280.625
2558,9cce2_00008,6,0.8600000000000001,entropy,4,280.625
2559,9cce2_00008,7,0.71,entropy,4,280.625
2560,9cce2_00008,8,0.71,entropy,4,280.625
2561,9cce2_00008,9,0.77,entropy,4,280.625
2562,9cce2_00008,10,0.71,entropy,4,280.625
2563,9cce2_00008,11,0.71,entropy,4,280.625
2564,9cce2_00008,12,0.71,entropy,4,280.625
2565,9cce2_00008,13,0.71,entropy,4,280.625
2566,9cce2_00008,14,0.89,entropy,4,280.625
2567,9cce2_00008,15,0.87,entropy,4,280.625
2568,9cce2_00008,16,0.71,entropy,4,280.625
2569,9cce2_00008,17,0.87,entropy,4,280.625
2570,9cce2_00008,18,0.76,entropy,4,280.625
2571,9cce2_00008,19,0.92,entropy,4,280.625
2572,9cce2_00008,20,0.9,entropy,4,280.625
2573,9cce2_00008,21,0.8999999999999999,entropy,4,280.625
2574,9cce2_00008,22,0.9099999999999999,entropy,4,280.625
2575,9cce2_00008,23,0.9199999999999999,entropy,4,280.625
2576,9cce2_00008,24,0.86,entropy,4,280.625
2577,9cce2_00008,25,0.9299999999999999,entropy,4,280.625
2578,9cce2_00008,26,0.78,entropy,4,280.625
2579,9cce2_00008,27,0.9199999999999999,entropy,4,280.625
2580,9cce2_00008,28,0.9199999999999999,entropy,4,280.625
2581,9cce2_00008,29,0.78,entropy,4,280.625
2582,9cce2_00008,30,0.9099999999999999,entropy,4,280.625
2583,9cce2_00008,31,0.8600000000000001,entropy,4,280.625
2584,9cce2_00008,32,0.8799999999999999,entropy,4,280.625
2585,9cce2_00008,33,0.85,entropy,4,280.625
2586,9cce2_00008,34,0.9099999999999999,entropy,4,280.625
2587,9cce2_00008,35,0.79,entropy,4,280.625
2588,9cce2_00008,36,0.8400000000000001,entropy,4,280.625
2589,9cce2_00008,37,0.79,entropy,4,280.625
2590,9cce2_00008,38,0.79,entropy,4,280.625
2591,9cce2_00008,39,0.78,entropy,4,280.625
2592,9cce2_00008,40,0.91,entropy,4,280.625
2593,9cce2_00008,41,0.9199999999999999,entropy,4,280.625
2594,9cce2_00008,42,0.95,entropy,4,280.625
2595,9cce2_00008,43,0.8,entropy,4,280.625
2596,9cce2_00008,44,0.87,entropy,4,280.625
2597,9cce2_00008,45,0.9099999999999999,entropy,4,280.625
2598,9cce2_00008,46,0.79,entropy,4,280.625
2599,9cce2_00008,47,0.86,entropy,4,280.625
2600,9cce2_00008,48,0.9,entropy,4,280.625
2601,9cce2_00008,49,0.88,entropy,4,280.625
2602,9cce2_00008,50,0.8999999999999999,entropy,4,280.625
2603,9cce2_00008,51,0.9299999999999999,entropy,4,280.625
2604,9cce2_00008,52,0.94,entropy,4,280.625
2605,9cce2_00008,53,0.88,entropy,4,280.625
2606,9cce2_00008,54,0.8899999999999999,entropy,4,280.625
2607,9cce2_00008,55,0.8600000000000001,entropy,4,280.625
2608,9cce2_00008,56,0.95,entropy,4,280.625
2609,9cce2_00008,57,0.87,entropy,4,280.625
2610,9cce2_00008,58,0.87,entropy,4,280.625
2611,9cce2_00008,59,0.81,entropy,4,280.625
2612,9cce2_00008,60,0.92,entropy,4,280.625
2613,9cce2_00008,61,0.8899999999999999,entropy,4,280.625
2614,9cce2_00008,62,0.89,entropy,4,280.625
2615,9cce2_00008,63,0.91,entropy,4,280.625
2616,9cce2_00008,64,0.89,entropy,4,280.625
2617,9cce2_00008,65,0.8799999999999999,entropy,4,280.625
2618,9cce2_00008,66,0.87,entropy,4,280.625
2619,9cce2_00008,67,0.8300000000000001,entropy,4,280.625
2620,9cce2_00008,68,0.91,entropy,4,280.625
2621,9cce2_00008,69,0.8899999999999999,entropy,4,280.625
2622,9cce2_00008,70,0.87,entropy,4,280.625
2623,9cce2_00008,71,0.84,entropy,4,280.625
2624,9cce2_00008,72,0.8899999999999999,entropy,4,280.625
2625,9cce2_00008,73,0.8899999999999999,entropy,4,280.625
2626,9cce2_00008,74,0.8999999999999999,entropy,4,280.625
2627,9cce2_00008,75,0.9099999999999999,entropy,4,280.625
2628,9cce2_00008,76,0.8799999999999999,entropy,4,280.625
2629,9cce2_00008,77,0.8500000000000001,entropy,4,280.625
2630,9cce2_00008,78,0.95,entropy,4,280.625
2631,9cce2_00008,79,0.8899999999999999,entropy,4,280.625
2632,9cce2_00008,80,0.95,entropy,4,280.625
2633,9cce2_00008,81,0.81,entropy,4,280.625
2634,9cce2_00008,82,0.8999999999999999,entropy,4,280.625
2635,9cce2_00008,83,0.8,entropy,4,280.625
2636,9cce2_00008,84,0.87,entropy,4,280.625
2637,9cce2_00008,85,0.9299999999999999,entropy,4,280.625
2638,9cce2_00008,86,0.8999999999999999,entropy,4,280.625
2639,9cce2_00008,87,0.9299999999999999,entropy,4,280.625
2640,9cce2_00008,88,0.8899999999999999,entropy,4,280.625
2641,9cce2_00008,89,0.95,entropy,4,280.625
2642,9cce2_00008,90,0.95,entropy,4,280.625
2643,9cce2_00008,91,0.8999999999999999,entropy,4,280.625
2644,9cce2_00008,92,0.9299999999999999,entropy,4,280.625
2645,9cce2_00008,93,0.95,entropy,4,280.625
2646,9cce2_00008,94,0.8799999999999999,entropy,4,280.625
2647,9cce2_00008,95,0.96,entropy,4,280.625
2648,9cce2_00008,96,0.91,entropy,4,280.625
2649,9cce2_00008,97,0.9299999999999999,entropy,4,280.625
2650,9cce2_00008,98,0.87,entropy,4,280.625
2651,9cce2_00008,99,0.9199999999999999,entropy,4,280.625
2652,9cce2_00008,100,0.89,entropy,4,280.625
2653,9cce2_00008,101,0.9099999999999999,entropy,4,280.625
2654,9cce2_00008,102,0.9,entropy,4,280.625
2655,9cce2_00008,103,0.87,entropy,4,280.625
2656,9cce2_00008,104,0.84,entropy,4,280.625
2657,9cce2_00008,105,0.91,entropy,4,280.625
2658,9cce2_00008,106,0.8999999999999999,entropy,4,280.625
2659,9cce2_00008,107,0.8999999999999999,entropy,4,280.625
2660,9cce2_00008,108,0.91,entropy,4,280.625
2661,9cce2_00008,109,0.94,entropy,4,280.625
2662,9cce2_00008,110,0.86,entropy,4,280.625
2663,9cce2_00008,111,0.8799999999999999,entropy,4,280.625
2664,9cce2_00008,112,0.92,entropy,4,280.625
2665,9cce2_00008,113,0.85,entropy,4,280.625
2666,9cce2_00008,114,0.8999999999999999,entropy,4,280.625
2667,9cce2_00008,115,0.8999999999999999,entropy,4,280.625
2668,9cce2_00008,116,0.8899999999999999,entropy,4,280.625
2669,9cce2_00008,117,0.9299999999999999,entropy,4,280.625
2670,9cce2_00008,118,0.9099999999999999,entropy,4,280.625
2671,9cce2_00008,119,0.95,entropy,4,280.625
2672,9cce2_00008,120,0.88,entropy,4,280.625
2673,9cce2_00008,121,0.9299999999999999,entropy,4,280.625
2674,9cce2_00008,122,0.8899999999999999,entropy,4,280.625
2675,9cce2_00008,123,0.8899999999999999,entropy,4,280.625
2676,9cce2_00008,124,0.95,entropy,4,280.625
2677,9cce2_00008,125,0.91,entropy,4,280.625
2678,9cce2_00008,126,0.8999999999999999,entropy,4,280.625
2679,9cce2_00008,127,0.86,entropy,4,280.625
2680,9cce2_00008,128,0.8999999999999999,entropy,4,280.625
2681,9cce2_00008,129,0.94,entropy,4,280.625
2682,9cce2_00008,130,0.91,entropy,4,280.625
2683,9cce2_00008,131,0.9,entropy,4,280.625
2684,9cce2_00008,132,0.9299999999999999,entropy,4,280.625
2685,9cce2_00008,133,0.9299999999999999,entropy,4,280.625
2686,9cce2_00008,134,0.9099999999999999,entropy,4,280.625
2687,9cce2_00008,135,0.9299999999999999,entropy,4,280.625
2688,9cce2_00008,136,0.8300000000000001,entropy,4,280.625
2689,9cce2_00008,137,0.95,entropy,4,280.625
2690,9cce2_00008,138,0.9199999999999999,entropy,4,280.625
2691,9cce2_00008,139,0.87,entropy,4,280.625
2692,9cce2_00008,140,0.9299999999999999,entropy,4,280.625
2693,9cce2_00008,141,0.9299999999999999,entropy,4,280.625
2694,9cce2_00008,142,0.89,entropy,4,280.625
2695,9cce2_00008,143,0.9299999999999999,entropy,4,280.625
2696,9cce2_00008,144,0.9299999999999999,entropy,4,280.625
2697,9cce2_00008,145,0.9,entropy,4,280.625
2698,9cce2_00008,146,0.92,entropy,4,280.625
2699,9cce2_00008,147,0.9099999999999999,entropy,4,280.625
2700,9cce2_00008,148,0.9299999999999999,entropy,4,280.625
2701,9cce2_00008,149,0.92,entropy,4,280.625
2702,9cce2_00008,150,0.9,entropy,4,280.625
2703,9cce2_00008,151,0.91,entropy,4,280.625
2704,9cce2_00008,152,0.9099999999999999,entropy,4,280.625
2705,9cce2_00008,153,0.9099999999999999,entropy,4,280.625
2706,9cce2_00008,154,0.9199999999999999,entropy,4,280.625
2707,9cce2_00008,155,0.8899999999999999,entropy,4,280.625
2708,9cce2_00008,156,0.9199999999999999,entropy,4,280.625
2709,9cce2_00008,157,0.88,entropy,4,280.625
2710,9cce2_00008,158,0.9299999999999999,entropy,4,280.625
2711,9cce2_00008,159,0.8300000000000001,entropy,4,280.625
2712,9cce2_00008,160,0.88,entropy,4,280.625
2713,9cce2_00008,161,0.9299999999999999,entropy,4,280.625
2714,9cce2_00008,162,0.8899999999999999,entropy,4,280.625
2715,9cce2_00008,163,0.9,entropy,4,280.625
2716,9cce2_00008,164,0.9099999999999999,entropy,4,280.625
2717,9cce2_00008,165,0.8899999999999999,entropy,4,280.625
2718,9cce2_00008,166,0.9299999999999999,entropy,4,280.625
2719,9cce2_00008,167,0.89,entropy,4,280.625
2720,9cce2_00008,168,0.8899999999999999,entropy,4,280.625
2721,9cce2_00008,169,0.88,entropy,4,280.625
2722,9cce2_00008,170,0.8999999999999999,entropy,4,280.625
2723,9cce2_00008,171,0.96,entropy,4,280.625
2724,9cce2_00008,172,0.92,entropy,4,280.625
2725,9cce2_00008,173,0.88,entropy,4,280.625
2726,9cce2_00008,174,0.88,entropy,4,280.625
2727,9cce2_00008,175,0.8999999999999999,entropy,4,280.625
2728,9cce2_00008,176,0.89,entropy,4,280.625
2729,9cce2_00008,177,0.9199999999999999,entropy,4,280.625
2730,9cce2_00008,178,0.88,entropy,4,280.625
2731,9cce2_00008,179,0.8999999999999999,entropy,4,280.625
2732,9cce2_00008,180,0.88,entropy,4,280.625
2733,9cce2_00008,181,0.9,entropy,4,280.625
2734,9cce2_00008,182,0.8999999999999999,entropy,4,280.625
2735,9cce2_00008,183,0.8999999999999999,entropy,4,280.625
2736,9cce2_00008,184,0.8999999999999999,entropy,4,280.625
2737,9cce2_00008,185,0.8999999999999999,entropy,4,280.625
2738,9cce2_00008,186,0.94,entropy,4,280.625
2739,9cce2_00008,187,0.9099999999999999,entropy,4,280.625
2740,9cce2_00008,188,0.95,entropy,4,280.625
2741,9cce2_00008,189,0.8899999999999999,entropy,4,280.625
2742,9cce2_00008,190,0.8999999999999999,entropy,4,280.625
2743,9cce2_00008,191,0.95,entropy,4,280.625
2744,9cce2_00008,192,0.85,entropy,4,280.625
2745,9cce2_00008,193,0.94,entropy,4,280.625
2746,9cce2_00008,194,0.87,entropy,4,280.625
2747,9cce2_00008,195,0.9,entropy,4,280.625
2748,9cce2_00008,196,0.9,entropy,4,280.625
2749,9cce2_00008,197,0.8500000000000001,entropy,4,280.625
2750,9cce2_00008,198,0.88,entropy,4,280.625
2751,9cce2_00008,199,0.8999999999999999,entropy,4,280.625
2752,9cce2_00008,200,0.84,entropy,4,280.625
2753,9cce2_00008,201,0.8999999999999999,entropy,4,280.625
2754,9cce2_00008,202,0.86,entropy,4,280.625
2755,9cce2_00008,203,0.8899999999999999,entropy,4,280.625
2756,9cce2_00008,204,0.87,entropy,4,280.625
2757,9cce2_00008,205,0.94,entropy,4,280.625
2758,9cce2_00008,206,0.88,entropy,4,280.625
2759,9cce2_00008,207,0.8600000000000001,entropy,4,280.625
2760,9cce2_00008,208,0.8899999999999999,entropy,4,280.625
2761,9cce2_00008,209,0.92,entropy,4,280.625
2762,9cce2_00008,210,0.8899999999999999,entropy,4,280.625
2763,9cce2_00008,211,0.87,entropy,4,280.625
2764,9cce2_00008,212,0.86,entropy,4,280.625
2765,9cce2_00008,213,0.85,entropy,4,280.625
2766,9cce2_00008,214,0.85,entropy,4,280.625
2767,9cce2_00008,215,0.8899999999999999,entropy,4,280.625
2768,9cce2_00008,216,0.9099999999999999,entropy,4,280.625
2769,9cce2_00008,217,0.87,entropy,4,280.625
2770,9cce2_00008,218,0.88,entropy,4,280.625
2771,9cce2_00008,219,0.86,entropy,4,280.625
2772,9cce2_00008,220,0.86,entropy,4,280.625
2773,9cce2_00008,221,0.87,entropy,4,280.625
2774,9cce2_00008,222,0.86,entropy,4,280.625
2775,9cce2_00008,223,0.81,entropy,4,280.625
2776,9cce2_00008,224,0.89,entropy,4,280.625
2777,9cce2_00008,225,0.88,entropy,4,280.625
2778,9cce2_00008,226,0.8899999999999999,entropy,4,280.625
2779,9cce2_00008,227,0.87,entropy,4,280.625
2780,9cce2_00008,228,0.88,entropy,4,280.625
2781,9cce2_00008,229,0.87,entropy,4,280.625
2782,9cce2_00008,230,0.8799999999999999,entropy,4,280.625
2783,9cce2_00008,231,0.88,entropy,4,280.625
2784,9cce2_00008,232,0.8899999999999999,entropy,4,280.625
2785,9cce2_00008,233,0.84,entropy,4,280.625
2786,9cce2_00008,234,0.89,entropy,4,280.625
2787,9cce2_00008,235,0.9299999999999999,entropy,4,280.625
2788,9cce2_00008,236,0.87,entropy,4,280.625
2789,9cce2_00008,237,0.91,entropy,4,280.625
2790,9cce2_00008,238,0.8200000000000001,entropy,4,280.625
2791,9cce2_00008,239,0.9299999999999999,entropy,4,280.625
2792,9cce2_00008,240,0.9099999999999999,entropy,4,280.625
2793,9cce2_00008,241,0.85,entropy,4,280.625
2794,9cce2_00008,242,0.9099999999999999,entropy,4,280.625
2795,9cce2_00008,243,0.9,entropy,4,280.625
2796,9cce2_00008,244,0.8999999999999999,entropy,4,280.625
2797,9cce2_00008,245,0.8899999999999999,entropy,4,280.625
2798,9cce2_00008,246,0.86,entropy,4,280.625
2799,9cce2_00008,247,0.91,entropy,4,280.625
2800,9cce2_00008,248,0.9199999999999999,entropy,4,280.625
2801,9cce2_00008,249,0.8799999999999999,entropy,4,280.625
2802,9cce2_00008,250,0.89,entropy,4,280.625
2803,9cce2_00008,251,0.88,entropy,4,280.625
2804,9cce2_00008,252,0.8999999999999999,entropy,4,280.625
2805,9cce2_00008,253,0.9299999999999999,entropy,4,280.625
2806,9cce2_00008,254,0.8799999999999999,entropy,4,280.625
2807,9cce2_00008,255,0.86,entropy,4,280.625
2808,9cce2_00008,256,0.88,entropy,4,280.625
2809,9cce2_00008,257,0.88,entropy,4,280.625
2810,9cce2_00008,258,0.9299999999999999,entropy,4,280.625
2811,9cce2_00008,259,0.9099999999999999,entropy,4,280.625
2812,9cce2_00008,260,0.86,entropy,4,280.625
2813,9cce2_00008,261,0.85,entropy,4,280.625
2814,9cce2_00008,262,0.9199999999999999,entropy,4,280.625
2815,9cce2_00008,263,0.87,entropy,4,280.625
2816,9cce2_00008,264,0.8899999999999999,entropy,4,280.625
2817,9cce2_00008,265,0.9299999999999999,entropy,4,280.625
2818,9cce2_00008,266,0.9299999999999999,entropy,4,280.625
2819,9cce2_00008,267,0.91,entropy,4,280.625
2820,9cce2_00008,268,0.8300000000000001,entropy,4,280.625
2821,9cce2_00008,269,0.87,entropy,4,280.625
2822,9cce2_00008,270,0.88,entropy,4,280.625
2823,9cce2_00008,271,0.9199999999999999,entropy,4,280.625
2824,9cce2_00008,272,0.87,entropy,4,280.625
2825,9cce2_00008,273,0.88,entropy,4,280.625
2826,9cce2_00008,274,0.8899999999999999,entropy,4,280.625
2827,9cce2_00008,275,0.88,entropy,4,280.625
2828,9cce2_00008,276,0.84,entropy,4,280.625
2829,9cce2_00008,277,0.94,entropy,4,280.625
2830,9cce2_00008,278,0.9199999999999999,entropy,4,280.625
2831,9cce2_00008,279,0.9,entropy,4,280.625
2832,9cce2_00008,280,0.9199999999999999,entropy,4,280.625
2833,9cce2_00008,281,0.8899999999999999,entropy,4,280.625
2834,9cce2_00008,282,0.87,entropy,4,280.625
2835,9cce2_00008,283,0.9,entropy,4,280.625
2836,9cce2_00008,284,0.9099999999999999,entropy,4,280.625
2837,9cce2_00008,285,0.8799999999999999,entropy,4,280.625
2838,9cce2_00008,286,0.87,entropy,4,280.625
2839,9cce2_00008,287,0.8899999999999999,entropy,4,280.625
2840,9cce2_00008,288,0.86,entropy,4,280.625
2841,9cce2_00008,289,0.89,entropy,4,280.625
2842,9cce2_00008,290,0.9199999999999999,entropy,4,280.625
2843,9cce2_00008,291,0.9099999999999999,entropy,4,280.625
2844,9cce2_00008,292,0.8999999999999999,entropy,4,280.625
2845,9cce2_00008,293,0.89,entropy,4,280.625
2846,9cce2_00008,294,0.87,entropy,4,280.625
2847,9cce2_00008,295,0.88,entropy,4,280.625
2848,9cce2_00008,296,0.9199999999999999,entropy,4,280.625
2849,9cce2_00008,297,0.8899999999999999,entropy,4,280.625
2850,9cce2_00008,298,0.8899999999999999,entropy,4,280.625
2851,9cce2_00008,299,0.9099999999999999,entropy,4,280.625
2852,9cce2_00008,300,0.86,entropy,4,280.625
2853,9cce2_00008,301,0.87,entropy,4,280.625
2854,9cce2_00008,302,0.9299999999999999,entropy,4,280.625
2855,9cce2_00008,303,0.84,entropy,4,280.625
2856,9cce2_00008,304,0.87,entropy,4,280.625
2857,9cce2_00008,305,0.8400000000000001,entropy,4,280.625
2858,9cce2_00008,306,0.9199999999999999,entropy,4,280.625
2859,9cce2_00008,307,0.87,entropy,4,280.625
2860,9cce2_00008,308,0.8999999999999999,entropy,4,280.625
2861,9cce2_00008,309,0.9199999999999999,entropy,4,280.625
2862,9cce2_00008,310,0.9099999999999999,entropy,4,280.625
2863,9cce2_00008,311,0.9299999999999999,entropy,4,280.625
2864,9cce2_00008,312,0.86,entropy,4,280.625
2865,9cce2_00008,313,0.92,entropy,4,280.625
2866,9cce2_00008,314,0.87,entropy,4,280.625
2867,9cce2_00008,315,0.9299999999999999,entropy,4,280.625
2868,9cce2_00008,316,0.8899999999999999,entropy,4,280.625
2869,9cce2_00008,317,0.88,entropy,4,280.625
2870,9cce2_00008,318,0.85,entropy,4,280.625
2871,9cce2_00009,0,0.75,entropy,5,281.57500000000005
2872,9cce2_00009,1,0.75,entropy,5,281.57500000000005
2873,9cce2_00009,2,0.8300000000000001,entropy,5,281.57500000000005
2874,9cce2_00009,3,0.86,entropy,5,281.57500000000005
2875,9cce2_00009,4,0.69,entropy,5,281.57500000000005
2876,9cce2_00009,5,0.8300000000000001,entropy,5,281.57500000000005
2877,9cce2_00009,6,0.7,entropy,5,281.57500000000005
2878,9cce2_00009,7,0.78,entropy,5,281.57500000000005
2879,9cce2_00009,8,0.7,entropy,5,281.57500000000005
2880,9cce2_00009,9,0.7,entropy,5,281.57500000000005
2881,9cce2_00009,10,0.8300000000000001,entropy,5,281.57500000000005
2882,9cce2_00009,11,0.75,entropy,5,281.57500000000005
2883,9cce2_00009,12,0.74,entropy,5,281.57500000000005
2884,9cce2_00009,13,0.77,entropy,5,281.57500000000005
2885,9cce2_00009,14,0.75,entropy,5,281.57500000000005
2886,9cce2_00009,15,0.75,entropy,5,281.57500000000005
2887,9cce2_00009,16,0.75,entropy,5,281.57500000000005
2888,9cce2_00009,17,0.75,entropy,5,281.57500000000005
2889,9cce2_00009,18,0.73,entropy,5,281.57500000000005
2890,9cce2_00009,19,0.8200000000000001,entropy,5,281.57500000000005
2891,9cce2_00009,20,0.75,entropy,5,281.57500000000005
2892,9cce2_00009,21,0.77,entropy,5,281.57500000000005
2893,9cce2_00009,22,0.77,entropy,5,281.57500000000005
2894,9cce2_00009,23,0.75,entropy,5,281.57500000000005
2895,9cce2_00009,24,0.75,entropy,5,281.57500000000005
2896,9cce2_00009,25,0.75,entropy,5,281.57500000000005
2897,9cce2_00009,26,0.74,entropy,5,281.57500000000005
2898,9cce2_00009,27,0.73,entropy,5,281.57500000000005
2899,9cce2_00009,28,0.71,entropy,5,281.57500000000005
2900,9cce2_00009,29,0.74,entropy,5,281.57500000000005
2901,9cce2_00009,30,0.7,entropy,5,281.57500000000005
2902,9cce2_00009,31,0.75,entropy,5,281.57500000000005
2903,9cce2_00009,32,0.74,entropy,5,281.57500000000005
2904,9cce2_00009,33,0.69,entropy,5,281.57500000000005
2905,9cce2_00009,34,0.73,entropy,5,281.57500000000005
2906,9cce2_00009,35,0.75,entropy,5,281.57500000000005
2907,9cce2_00009,36,0.75,entropy,5,281.57500000000005
2908,9cce2_00009,37,0.74,entropy,5,281.57500000000005
2909,9cce2_00009,38,0.7,entropy,5,281.57500000000005
2910,9cce2_00009,39,0.75,entropy,5,281.57500000000005
2911,9cce2_00009,40,0.75,entropy,5,281.57500000000005
2912,9cce2_00009,41,0.71,entropy,5,281.57500000000005
2913,9cce2_00009,42,0.75,entropy,5,281.57500000000005
2914,9cce2_00009,43,0.75,entropy,5,281.57500000000005
2915,9cce2_00009,44,0.75,entropy,5,281.57500000000005
2916,9cce2_00009,45,0.5,entropy,5,281.57500000000005
2917,9cce2_00009,46,0.75,entropy,5,281.57500000000005
2918,9cce2_00009,47,0.7,entropy,5,281.57500000000005
2919,9cce2_00009,48,0.77,entropy,5,281.57500000000005
2920,9cce2_00009,49,0.8799999999999999,entropy,5,281.57500000000005
2921,9cce2_00009,50,0.8300000000000001,entropy,5,281.57500000000005
2922,9cce2_00009,51,0.8300000000000001,entropy,5,281.57500000000005
2923,9cce2_00009,52,0.69,entropy,5,281.57500000000005
2924,9cce2_00009,53,0.89,entropy,5,281.57500000000005
2925,9cce2_00009,54,0.8200000000000001,entropy,5,281.57500000000005
2926,9cce2_00009,55,0.89,entropy,5,281.57500000000005
2927,9cce2_00009,56,0.86,entropy,5,281.57500000000005
2928,9cce2_00009,57,0.8200000000000001,entropy,5,281.57500000000005
2929,9cce2_00009,58,0.9299999999999999,entropy,5,281.57500000000005
2930,9cce2_00009,59,0.8,entropy,5,281.57500000000005
2931,9cce2_00009,60,0.9199999999999999,entropy,5,281.57500000000005
2932,9cce2_00009,61,0.87,entropy,5,281.57500000000005
2933,9cce2_00009,62,0.87,entropy,5,281.57500000000005
2934,9cce2_00009,63,0.76,entropy,5,281.57500000000005
2935,9cce2_00009,64,0.88,entropy,5,281.57500000000005
2936,9cce2_00009,65,0.9299999999999999,entropy,5,281.57500000000005
2937,9cce2_00009,66,0.85,entropy,5,281.57500000000005
2938,9cce2_00009,67,0.89,entropy,5,281.57500000000005
2939,9cce2_00009,68,0.8300000000000001,entropy,5,281.57500000000005
2940,9cce2_00009,69,0.89,entropy,5,281.57500000000005
2941,9cce2_00009,70,0.8400000000000001,entropy,5,281.57500000000005
2942,9cce2_00009,71,0.86,entropy,5,281.57500000000005
2943,9cce2_00009,72,0.78,entropy,5,281.57500000000005
2944,9cce2_00009,73,0.89,entropy,5,281.57500000000005
2945,9cce2_00009,74,0.8300000000000001,entropy,5,281.57500000000005
2946,9cce2_00009,75,0.85,entropy,5,281.57500000000005
2947,9cce2_00009,76,0.9099999999999999,entropy,5,281.57500000000005
2948,9cce2_00009,77,0.7,entropy,5,281.57500000000005
2949,9cce2_00009,78,0.87,entropy,5,281.57500000000005
2950,9cce2_00009,79,0.85,entropy,5,281.57500000000005
2951,9cce2_00009,80,0.9099999999999999,entropy,5,281.57500000000005
2952,9cce2_00009,81,0.96,entropy,5,281.57500000000005
2953,9cce2_00009,82,0.8999999999999999,entropy,5,281.57500000000005
2954,9cce2_00009,83,0.88,entropy,5,281.57500000000005
2955,9cce2_00009,84,0.8300000000000001,entropy,5,281.57500000000005
2956,9cce2_00009,85,0.9299999999999999,entropy,5,281.57500000000005
2957,9cce2_00009,86,0.8899999999999999,entropy,5,281.57500000000005
2958,9cce2_00009,87,0.87,entropy,5,281.57500000000005
2959,9cce2_00009,88,0.84,entropy,5,281.57500000000005
2960,9cce2_00009,89,0.9,entropy,5,281.57500000000005
2961,9cce2_00009,90,0.85,entropy,5,281.57500000000005
2962,9cce2_00009,91,0.89,entropy,5,281.57500000000005
2963,9cce2_00009,92,0.89,entropy,5,281.57500000000005
2964,9cce2_00009,93,0.88,entropy,5,281.57500000000005
2965,9cce2_00009,94,0.89,entropy,5,281.57500000000005
2966,9cce2_00009,95,0.9299999999999999,entropy,5,281.57500000000005
2967,9cce2_00009,96,0.9,entropy,5,281.57500000000005
2968,9cce2_00009,97,0.9099999999999999,entropy,5,281.57500000000005
2969,9cce2_00009,98,0.8400000000000001,entropy,5,281.57500000000005
2970,9cce2_00009,99,0.9,entropy,5,281.57500000000005
2971,9cce2_00009,100,0.94,entropy,5,281.57500000000005
2972,9cce2_00009,101,0.85,entropy,5,281.57500000000005
2973,9cce2_00009,102,0.9199999999999999,entropy,5,281.57500000000005
2974,9cce2_00009,103,0.9199999999999999,entropy,5,281.57500000000005
2975,9cce2_00009,104,0.88,entropy,5,281.57500000000005
2976,9cce2_00009,105,0.76,entropy,5,281.57500000000005
2977,9cce2_00009,106,0.9,entropy,5,281.57500000000005
2978,9cce2_00009,107,0.86,entropy,5,281.57500000000005
2979,9cce2_00009,108,0.88,entropy,5,281.57500000000005
2980,9cce2_00009,109,0.9099999999999999,entropy,5,281.57500000000005
2981,9cce2_00009,110,0.9199999999999999,entropy,5,281.57500000000005
2982,9cce2_00009,111,0.8999999999999999,entropy,5,281.57500000000005
2983,9cce2_00009,112,0.9,entropy,5,281.57500000000005
2984,9cce2_00009,113,0.9099999999999999,entropy,5,281.57500000000005
2985,9cce2_00009,114,0.87,entropy,5,281.57500000000005
2986,9cce2_00009,115,0.87,entropy,5,281.57500000000005
2987,9cce2_00009,116,0.85,entropy,5,281.57500000000005
2988,9cce2_00009,117,0.8200000000000001,entropy,5,281.57500000000005
2989,9cce2_00009,118,0.81,entropy,5,281.57500000000005
2990,9cce2_00009,119,0.9299999999999999,entropy,5,281.57500000000005
2991,9cce2_00009,120,0.9199999999999999,entropy,5,281.57500000000005
2992,9cce2_00009,121,0.9299999999999999,entropy,5,281.57500000000005
2993,9cce2_00009,122,0.9199999999999999,entropy,5,281.57500000000005
2994,9cce2_00009,123,0.9199999999999999,entropy,5,281.57500000000005
2995,9cce2_00009,124,0.8999999999999999,entropy,5,281.57500000000005
2996,9cce2_00009,125,0.94,entropy,5,281.57500000000005
2997,9cce2_00009,126,0.94,entropy,5,281.57500000000005
2998,9cce2_00009,127,0.83,entropy,5,281.57500000000005
2999,9cce2_00009,128,0.9299999999999999,entropy,5,281.57500000000005
3000,9cce2_00009,129,0.9299999999999999,entropy,5,281.57500000000005
3001,9cce2_00009,130,0.9099999999999999,entropy,5,281.57500000000005
3002,9cce2_00009,131,0.8400000000000001,entropy,5,281.57500000000005
3003,9cce2_00009,132,0.89,entropy,5,281.57500000000005
3004,9cce2_00009,133,0.9099999999999999,entropy,5,281.57500000000005
3005,9cce2_00009,134,0.91,entropy,5,281.57500000000005
3006,9cce2_00009,135,0.9199999999999999,entropy,5,281.57500000000005
3007,9cce2_00009,136,0.8999999999999999,entropy,5,281.57500000000005
3008,9cce2_00009,137,0.9299999999999999,entropy,5,281.57500000000005
3009,9cce2_00009,138,0.8899999999999999,entropy,5,281.57500000000005
3010,9cce2_00009,139,0.94,entropy,5,281.57500000000005
3011,9cce2_00009,140,0.9299999999999999,entropy,5,281.57500000000005
3012,9cce2_00009,141,0.94,entropy,5,281.57500000000005
3013,9cce2_00009,142,0.8999999999999999,entropy,5,281.57500000000005
3014,9cce2_00009,143,0.9299999999999999,entropy,5,281.57500000000005
3015,9cce2_00009,144,0.9299999999999999,entropy,5,281.57500000000005
3016,9cce2_00009,145,0.9199999999999999,entropy,5,281.57500000000005
3017,9cce2_00009,146,0.9199999999999999,entropy,5,281.57500000000005
3018,9cce2_00009,147,0.9099999999999999,entropy,5,281.57500000000005
3019,9cce2_00009,148,0.95,entropy,5,281.57500000000005
3020,9cce2_00009,149,0.9299999999999999,entropy,5,281.57500000000005
3021,9cce2_00009,150,0.9199999999999999,entropy,5,281.57500000000005
3022,9cce2_00009,151,0.9299999999999999,entropy,5,281.57500000000005
3023,9cce2_00009,152,0.9299999999999999,entropy,5,281.57500000000005
3024,9cce2_00009,153,0.9299999999999999,entropy,5,281.57500000000005
3025,9cce2_00009,154,0.9299999999999999,entropy,5,281.57500000000005
3026,9cce2_00009,155,0.91,entropy,5,281.57500000000005
3027,9cce2_00009,156,0.95,entropy,5,281.57500000000005
3028,9cce2_00009,157,0.89,entropy,5,281.57500000000005
3029,9cce2_00009,158,0.94,entropy,5,281.57500000000005
3030,9cce2_00009,159,0.9299999999999999,entropy,5,281.57500000000005
3031,9cce2_00009,160,0.89,entropy,5,281.57500000000005
3032,9cce2_00009,161,0.8999999999999999,entropy,5,281.57500000000005
3033,9cce2_00009,162,0.88,entropy,5,281.57500000000005
3034,9cce2_00009,163,0.9299999999999999,entropy,5,281.57500000000005
3035,9cce2_00009,164,0.94,entropy,5,281.57500000000005
3036,9cce2_00009,165,0.9099999999999999,entropy,5,281.57500000000005
3037,9cce2_00009,166,0.9199999999999999,entropy,5,281.57500000000005
3038,9cce2_00009,167,0.96,entropy,5,281.57500000000005
3039,9cce2_00009,168,0.9299999999999999,entropy,5,281.57500000000005
3040,9cce2_00009,169,0.94,entropy,5,281.57500000000005
3041,9cce2_00009,170,0.9199999999999999,entropy,5,281.57500000000005
3042,9cce2_00009,171,0.9099999999999999,entropy,5,281.57500000000005
3043,9cce2_00009,172,0.89,entropy,5,281.57500000000005
3044,9cce2_00009,173,0.94,entropy,5,281.57500000000005
3045,9cce2_00009,174,0.8999999999999999,entropy,5,281.57500000000005
3046,9cce2_00009,175,0.94,entropy,5,281.57500000000005
3047,9cce2_00009,176,0.9099999999999999,entropy,5,281.57500000000005
3048,9cce2_00009,177,0.9,entropy,5,281.57500000000005
3049,9cce2_00009,178,0.9299999999999999,entropy,5,281.57500000000005
3050,9cce2_00009,179,0.94,entropy,5,281.57500000000005
3051,9cce2_00009,180,0.96,entropy,5,281.57500000000005
3052,9cce2_00009,181,0.9299999999999999,entropy,5,281.57500000000005
3053,9cce2_00009,182,0.9,entropy,5,281.57500000000005
3054,9cce2_00009,183,0.95,entropy,5,281.57500000000005
3055,9cce2_00009,184,0.95,entropy,5,281.57500000000005
3056,9cce2_00009,185,0.9299999999999999,entropy,5,281.57500000000005
3057,9cce2_00009,186,0.9299999999999999,entropy,5,281.57500000000005
3058,9cce2_00009,187,0.95,entropy,5,281.57500000000005
3059,9cce2_00009,188,0.88,entropy,5,281.57500000000005
3060,9cce2_00009,189,0.9299999999999999,entropy,5,281.57500000000005
3061,9cce2_00009,190,0.9299999999999999,entropy,5,281.57500000000005
3062,9cce2_00009,191,0.9099999999999999,entropy,5,281.57500000000005
3063,9cce2_00009,192,0.94,entropy,5,281.57500000000005
3064,9cce2_00009,193,0.94,entropy,5,281.57500000000005
3065,9cce2_00009,194,0.95,entropy,5,281.57500000000005
3066,9cce2_00009,195,0.89,entropy,5,281.57500000000005
3067,9cce2_00009,196,0.8999999999999999,entropy,5,281.57500000000005
3068,9cce2_00009,197,0.9299999999999999,entropy,5,281.57500000000005
3069,9cce2_00009,198,0.94,entropy,5,281.57500000000005
3070,9cce2_00009,199,0.97,entropy,5,281.57500000000005
3071,9cce2_00009,200,0.9199999999999999,entropy,5,281.57500000000005
3072,9cce2_00009,201,0.86,entropy,5,281.57500000000005
3073,9cce2_00009,202,0.96,entropy,5,281.57500000000005
3074,9cce2_00009,203,0.9199999999999999,entropy,5,281.57500000000005
3075,9cce2_00009,204,0.92,entropy,5,281.57500000000005
3076,9cce2_00009,205,0.94,entropy,5,281.57500000000005
3077,9cce2_00009,206,0.9099999999999999,entropy,5,281.57500000000005
3078,9cce2_00009,207,0.95,entropy,5,281.57500000000005
3079,9cce2_00009,208,0.95,entropy,5,281.57500000000005
3080,9cce2_00009,209,0.9099999999999999,entropy,5,281.57500000000005
3081,9cce2_00009,210,0.87,entropy,5,281.57500000000005
3082,9cce2_00009,211,0.9299999999999999,entropy,5,281.57500000000005
3083,9cce2_00009,212,0.8899999999999999,entropy,5,281.57500000000005
3084,9cce2_00009,213,0.9299999999999999,entropy,5,281.57500000000005
3085,9cce2_00009,214,0.94,entropy,5,281.57500000000005
3086,9cce2_00009,215,0.9099999999999999,entropy,5,281.57500000000005
3087,9cce2_00009,216,0.9099999999999999,entropy,5,281.57500000000005
3088,9cce2_00009,217,0.9299999999999999,entropy,5,281.57500000000005
3089,9cce2_00009,218,0.96,entropy,5,281.57500000000005
3090,9cce2_00009,219,0.9299999999999999,entropy,5,281.57500000000005
3091,9cce2_00009,220,0.9299999999999999,entropy,5,281.57500000000005
3092,9cce2_00009,221,0.94,entropy,5,281.57500000000005
3093,9cce2_00009,222,0.94,entropy,5,281.57500000000005
3094,9cce2_00009,223,0.97,entropy,5,281.57500000000005
3095,9cce2_00009,224,0.87,entropy,5,281.57500000000005
3096,9cce2_00009,225,0.9299999999999999,entropy,5,281.57500000000005
3097,9cce2_00009,226,0.94,entropy,5,281.57500000000005
3098,9cce2_00009,227,0.94,entropy,5,281.57500000000005
3099,9cce2_00009,228,0.9299999999999999,entropy,5,281.57500000000005
3100,9cce2_00009,229,0.9299999999999999,entropy,5,281.57500000000005
3101,9cce2_00009,230,0.94,entropy,5,281.57500000000005
3102,9cce2_00009,231,0.96,entropy,5,281.57500000000005
3103,9cce2_00009,232,0.96,entropy,5,281.57500000000005
3104,9cce2_00009,233,0.9299999999999999,entropy,5,281.57500000000005
3105,9cce2_00009,234,0.94,entropy,5,281.57500000000005
3106,9cce2_00009,235,0.9299999999999999,entropy,5,281.57500000000005
3107,9cce2_00009,236,0.9099999999999999,entropy,5,281.57500000000005
3108,9cce2_00009,237,0.94,entropy,5,281.57500000000005
3109,9cce2_00009,238,0.9299999999999999,entropy,5,281.57500000000005
3110,9cce2_00009,239,0.9199999999999999,entropy,5,281.57500000000005
3111,9cce2_00009,240,0.9099999999999999,entropy,5,281.57500000000005
3112,9cce2_00009,241,0.94,entropy,5,281.57500000000005
3113,9cce2_00009,242,0.94,entropy,5,281.57500000000005
3114,9cce2_00009,243,0.95,entropy,5,281.57500000000005
3115,9cce2_00009,244,0.94,entropy,5,281.57500000000005
3116,9cce2_00009,245,0.94,entropy,5,281.57500000000005
3117,9cce2_00009,246,0.9,entropy,5,281.57500000000005
3118,9cce2_00009,247,0.92,entropy,5,281.57500000000005
3119,9cce2_00009,248,0.94,entropy,5,281.57500000000005
3120,9cce2_00009,249,0.97,entropy,5,281.57500000000005
3121,9cce2_00009,250,0.9299999999999999,entropy,5,281.57500000000005
3122,9cce2_00009,251,0.95,entropy,5,281.57500000000005
3123,9cce2_00009,252,0.96,entropy,5,281.57500000000005
3124,9cce2_00009,253,0.9199999999999999,entropy,5,281.57500000000005
3125,9cce2_00009,254,0.94,entropy,5,281.57500000000005
3126,9cce2_00009,255,0.94,entropy,5,281.57500000000005
3127,9cce2_00009,256,0.94,entropy,5,281.57500000000005
3128,9cce2_00009,257,0.9299999999999999,entropy,5,281.57500000000005
3129,9cce2_00009,258,0.96,entropy,5,281.57500000000005
3130,9cce2_00009,259,0.8899999999999999,entropy,5,281.57500000000005
3131,9cce2_00009,260,0.97,entropy,5,281.57500000000005
3132,9cce2_00009,261,0.96,entropy,5,281.57500000000005
3133,9cce2_00009,262,0.9299999999999999,entropy,5,281.57500000000005
3134,9cce2_00009,263,0.9199999999999999,entropy,5,281.57500000000005
3135,9cce2_00009,264,0.94,entropy,5,281.57500000000005
3136,9cce2_00009,265,0.94,entropy,5,281.57500000000005
3137,9cce2_00009,266,0.9299999999999999,entropy,5,281.57500000000005
3138,9cce2_00009,267,0.94,entropy,5,281.57500000000005
3139,9cce2_00009,268,0.8999999999999999,entropy,5,281.57500000000005
3140,9cce2_00009,269,0.94,entropy,5,281.57500000000005
3141,9cce2_00009,270,0.9299999999999999,entropy,5,281.57500000000005
3142,9cce2_00009,271,0.8899999999999999,entropy,5,281.57500000000005
3143,9cce2_00009,272,0.96,entropy,5,281.57500000000005
3144,9cce2_00009,273,0.94,entropy,5,281.57500000000005
3145,9cce2_00009,274,0.9299999999999999,entropy,5,281.57500000000005
3146,9cce2_00009,275,0.94,entropy,5,281.57500000000005
3147,9cce2_00009,276,0.95,entropy,5,281.57500000000005
3148,9cce2_00009,277,0.89,entropy,5,281.57500000000005
3149,9cce2_00009,278,0.9299999999999999,entropy,5,281.57500000000005
3150,9cce2_00009,279,0.95,entropy,5,281.57500000000005
3151,9cce2_00009,280,0.97,entropy,5,281.57500000000005
3152,9cce2_00009,281,0.94,entropy,5,281.57500000000005
3153,9cce2_00009,282,0.9199999999999999,entropy,5,281.57500000000005
3154,9cce2_00009,283,0.9199999999999999,entropy,5,281.57500000000005
3155,9cce2_00009,284,0.94,entropy,5,281.57500000000005
3156,9cce2_00009,285,0.94,entropy,5,281.57500000000005
3157,9cce2_00009,286,0.94,entropy,5,281.57500000000005
3158,9cce2_00009,287,0.89,entropy,5,281.57500000000005
3159,9cce2_00009,288,0.9199999999999999,entropy,5,281.57500000000005
3160,9cce2_00009,289,0.9199999999999999,entropy,5,281.57500000000005
3161,9cce2_00009,290,0.9299999999999999,entropy,5,281.57500000000005
3162,9cce2_00009,291,0.97,entropy,5,281.57500000000005
3163,9cce2_00009,292,0.94,entropy,5,281.57500000000005
3164,9cce2_00009,293,0.9199999999999999,entropy,5,281.57500000000005
3165,9cce2_00009,294,0.92,entropy,5,281.57500000000005
3166,9cce2_00009,295,0.9099999999999999,entropy,5,281.57500000000005
3167,9cce2_00009,296,0.9299999999999999,entropy,5,281.57500000000005
3168,9cce2_00009,297,0.97,entropy,5,281.57500000000005
3169,9cce2_00009,298,0.91,entropy,5,281.57500000000005
3170,9cce2_00009,299,0.9299999999999999,entropy,5,281.57500000000005
3171,9cce2_00009,300,0.94,entropy,5,281.57500000000005
3172,9cce2_00009,301,0.96,entropy,5,281.57500000000005
3173,9cce2_00009,302,0.9099999999999999,entropy,5,281.57500000000005
3174,9cce2_00009,303,0.9299999999999999,entropy,5,281.57500000000005
3175,9cce2_00009,304,0.89,entropy,5,281.57500000000005
3176,9cce2_00009,305,0.8899999999999999,entropy,5,281.57500000000005
3177,9cce2_00009,306,0.88,entropy,5,281.57500000000005
3178,9cce2_00009,307,0.8899999999999999,entropy,5,281.57500000000005
3179,9cce2_00009,308,0.87,entropy,5,281.57500000000005
3180,9cce2_00009,309,0.91,entropy,5,281.57500000000005
3181,9cce2_00009,310,0.9099999999999999,entropy,5,281.57500000000005
3182,9cce2_00009,311,0.9099999999999999,entropy,5,281.57500000000005
3183,9cce2_00009,312,0.9299999999999999,entropy,5,281.57500000000005
3184,9cce2_00009,313,0.94,entropy,5,281.57500000000005
3185,9cce2_00009,314,0.96,entropy,5,281.57500000000005
3186,9cce2_00009,315,0.9199999999999999,entropy,5,281.57500000000005
3187,9cce2_00009,316,0.94,entropy,5,281.57500000000005
3188,9cce2_00009,317,0.9199999999999999,entropy,5,281.57500000000005
3189,9cce2_00009,318,0.96,entropy,5,281.57500000000005
3190,9cce2_00010,0,0.5,marginal_confidence,1,285.365
3191,9cce2_00010,1,0.75,marginal_confidence,1,285.365
3192,9cce2_00010,2,0.84,marginal_confidence,1,285.365
3193,9cce2_00010,3,0.8200000000000001,marginal_confidence,1,285.365
3194,9cce2_00010,4,0.87,marginal_confidence,1,285.365
3195,9cce2_00010,5,0.8899999999999999,marginal_confidence,1,285.365
3196,9cce2_00010,6,0.74,marginal_confidence,1,285.365
3197,9cce2_00010,7,0.8600000000000001,marginal_confidence,1,285.365
3198,9cce2_00010,8,0.9199999999999999,marginal_confidence,1,285.365
3199,9cce2_00010,9,0.9099999999999999,marginal_confidence,1,285.365
3200,9cce2_00010,10,0.85,marginal_confidence,1,285.365
3201,9cce2_00010,11,0.87,marginal_confidence,1,285.365
3202,9cce2_00010,12,0.86,marginal_confidence,1,285.365
3203,9cce2_00010,13,0.64,marginal_confidence,1,285.365
3204,9cce2_00010,14,0.8200000000000001,marginal_confidence,1,285.365
3205,9cce2_00010,15,0.86,marginal_confidence,1,285.365
3206,9cce2_00010,16,0.8,marginal_confidence,1,285.365
3207,9cce2_00010,17,0.85,marginal_confidence,1,285.365
3208,9cce2_00010,18,0.84,marginal_confidence,1,285.365
3209,9cce2_00010,19,0.84,marginal_confidence,1,285.365
3210,9cce2_00010,20,0.62,marginal_confidence,1,285.365
3211,9cce2_00010,21,0.86,marginal_confidence,1,285.365
3212,9cce2_00010,22,0.6799999999999999,marginal_confidence,1,285.365
3213,9cce2_00010,23,0.79,marginal_confidence,1,285.365
3214,9cce2_00010,24,0.86,marginal_confidence,1,285.365
3215,9cce2_00010,25,0.6799999999999999,marginal_confidence,1,285.365
3216,9cce2_00010,26,0.8300000000000001,marginal_confidence,1,285.365
3217,9cce2_00010,27,0.73,marginal_confidence,1,285.365
3218,9cce2_00010,28,0.87,marginal_confidence,1,285.365
3219,9cce2_00010,29,0.89,marginal_confidence,1,285.365
3220,9cce2_00010,30,0.85,marginal_confidence,1,285.365
3221,9cce2_00010,31,0.87,marginal_confidence,1,285.365
3222,9cce2_00010,32,0.86,marginal_confidence,1,285.365
3223,9cce2_00010,33,0.8799999999999999,marginal_confidence,1,285.365
3224,9cce2_00010,34,0.85,marginal_confidence,1,285.365
3225,9cce2_00010,35,0.84,marginal_confidence,1,285.365
3226,9cce2_00010,36,0.88,marginal_confidence,1,285.365
3227,9cce2_00010,37,0.88,marginal_confidence,1,285.365
3228,9cce2_00010,38,0.86,marginal_confidence,1,285.365
3229,9cce2_00010,39,0.85,marginal_confidence,1,285.365
3230,9cce2_00010,40,0.87,marginal_confidence,1,285.365
3231,9cce2_00010,41,0.82,marginal_confidence,1,285.365
3232,9cce2_00010,42,0.78,marginal_confidence,1,285.365
3233,9cce2_00010,43,0.88,marginal_confidence,1,285.365
3234,9cce2_00010,44,0.9099999999999999,marginal_confidence,1,285.365
3235,9cce2_00010,45,0.8899999999999999,marginal_confidence,1,285.365
3236,9cce2_00010,46,0.87,marginal_confidence,1,285.365
3237,9cce2_00010,47,0.89,marginal_confidence,1,285.365
3238,9cce2_00010,48,0.94,marginal_confidence,1,285.365
3239,9cce2_00010,49,0.86,marginal_confidence,1,285.365
3240,9cce2_00010,50,0.9099999999999999,marginal_confidence,1,285.365
3241,9cce2_00010,51,0.89,marginal_confidence,1,285.365
3242,9cce2_00010,52,0.89,marginal_confidence,1,285.365
3243,9cce2_00010,53,0.9099999999999999,marginal_confidence,1,285.365
3244,9cce2_00010,54,0.8999999999999999,marginal_confidence,1,285.365
3245,9cce2_00010,55,0.89,marginal_confidence,1,285.365
3246,9cce2_00010,56,0.88,marginal_confidence,1,285.365
3247,9cce2_00010,57,0.89,marginal_confidence,1,285.365
3248,9cce2_00010,58,0.9099999999999999,marginal_confidence,1,285.365
3249,9cce2_00010,59,0.87,marginal_confidence,1,285.365
3250,9cce2_00010,60,0.8500000000000001,marginal_confidence,1,285.365
3251,9cce2_00010,61,0.9299999999999999,marginal_confidence,1,285.365
3252,9cce2_00010,62,0.8999999999999999,marginal_confidence,1,285.365
3253,9cce2_00010,63,0.9199999999999999,marginal_confidence,1,285.365
3254,9cce2_00010,64,0.9,marginal_confidence,1,285.365
3255,9cce2_00010,65,0.87,marginal_confidence,1,285.365
3256,9cce2_00010,66,0.94,marginal_confidence,1,285.365
3257,9cce2_00010,67,0.94,marginal_confidence,1,285.365
3258,9cce2_00010,68,0.8999999999999999,marginal_confidence,1,285.365
3259,9cce2_00010,69,0.87,marginal_confidence,1,285.365
3260,9cce2_00010,70,0.9299999999999999,marginal_confidence,1,285.365
3261,9cce2_00010,71,0.9199999999999999,marginal_confidence,1,285.365
3262,9cce2_00010,72,0.9099999999999999,marginal_confidence,1,285.365
3263,9cce2_00010,73,0.8999999999999999,marginal_confidence,1,285.365
3264,9cce2_00010,74,0.9199999999999999,marginal_confidence,1,285.365
3265,9cce2_00010,75,0.9199999999999999,marginal_confidence,1,285.365
3266,9cce2_00010,76,0.94,marginal_confidence,1,285.365
3267,9cce2_00010,77,0.84,marginal_confidence,1,285.365
3268,9cce2_00010,78,0.9099999999999999,marginal_confidence,1,285.365
3269,9cce2_00010,79,0.88,marginal_confidence,1,285.365
3270,9cce2_00010,80,0.8500000000000001,marginal_confidence,1,285.365
3271,9cce2_00010,81,0.89,marginal_confidence,1,285.365
3272,9cce2_00010,82,0.8999999999999999,marginal_confidence,1,285.365
3273,9cce2_00010,83,0.9199999999999999,marginal_confidence,1,285.365
3274,9cce2_00010,84,0.9099999999999999,marginal_confidence,1,285.365
3275,9cce2_00010,85,0.9,marginal_confidence,1,285.365
3276,9cce2_00010,86,0.9099999999999999,marginal_confidence,1,285.365
3277,9cce2_00010,87,0.91,marginal_confidence,1,285.365
3278,9cce2_00010,88,0.9199999999999999,marginal_confidence,1,285.365
3279,9cce2_00010,89,0.8999999999999999,marginal_confidence,1,285.365
3280,9cce2_00010,90,0.9199999999999999,marginal_confidence,1,285.365
3281,9cce2_00010,91,0.94,marginal_confidence,1,285.365
3282,9cce2_00010,92,0.8999999999999999,marginal_confidence,1,285.365
3283,9cce2_00010,93,0.9299999999999999,marginal_confidence,1,285.365
3284,9cce2_00010,94,0.9099999999999999,marginal_confidence,1,285.365
3285,9cce2_00010,95,0.9,marginal_confidence,1,285.365
3286,9cce2_00010,96,0.91,marginal_confidence,1,285.365
3287,9cce2_00010,97,0.88,marginal_confidence,1,285.365
3288,9cce2_00010,98,0.94,marginal_confidence,1,285.365
3289,9cce2_00010,99,0.89,marginal_confidence,1,285.365
3290,9cce2_00010,100,0.9299999999999999,marginal_confidence,1,285.365
3291,9cce2_00010,101,0.9199999999999999,marginal_confidence,1,285.365
3292,9cce2_00010,102,0.92,marginal_confidence,1,285.365
3293,9cce2_00010,103,0.9299999999999999,marginal_confidence,1,285.365
3294,9cce2_00010,104,0.9199999999999999,marginal_confidence,1,285.365
3295,9cce2_00010,105,0.91,marginal_confidence,1,285.365
3296,9cce2_00010,106,0.9199999999999999,marginal_confidence,1,285.365
3297,9cce2_00010,107,0.91,marginal_confidence,1,285.365
3298,9cce2_00010,108,0.9099999999999999,marginal_confidence,1,285.365
3299,9cce2_00010,109,0.91,marginal_confidence,1,285.365
3300,9cce2_00010,110,0.9099999999999999,marginal_confidence,1,285.365
3301,9cce2_00010,111,0.87,marginal_confidence,1,285.365
3302,9cce2_00010,112,0.89,marginal_confidence,1,285.365
3303,9cce2_00010,113,0.9299999999999999,marginal_confidence,1,285.365
3304,9cce2_00010,114,0.8899999999999999,marginal_confidence,1,285.365
3305,9cce2_00010,115,0.9199999999999999,marginal_confidence,1,285.365
3306,9cce2_00010,116,0.9299999999999999,marginal_confidence,1,285.365
3307,9cce2_00010,117,0.9099999999999999,marginal_confidence,1,285.365
3308,9cce2_00010,118,0.9199999999999999,marginal_confidence,1,285.365
3309,9cce2_00010,119,0.94,marginal_confidence,1,285.365
3310,9cce2_00010,120,0.8999999999999999,marginal_confidence,1,285.365
3311,9cce2_00010,121,0.92,marginal_confidence,1,285.365
3312,9cce2_00010,122,0.8999999999999999,marginal_confidence,1,285.365
3313,9cce2_00010,123,0.9199999999999999,marginal_confidence,1,285.365
3314,9cce2_00010,124,0.8999999999999999,marginal_confidence,1,285.365
3315,9cce2_00010,125,0.8999999999999999,marginal_confidence,1,285.365
3316,9cce2_00010,126,0.8999999999999999,marginal_confidence,1,285.365
3317,9cce2_00010,127,0.9299999999999999,marginal_confidence,1,285.365
3318,9cce2_00010,128,0.91,marginal_confidence,1,285.365
3319,9cce2_00010,129,0.89,marginal_confidence,1,285.365
3320,9cce2_00010,130,0.9,marginal_confidence,1,285.365
3321,9cce2_00010,131,0.88,marginal_confidence,1,285.365
3322,9cce2_00010,132,0.8999999999999999,marginal_confidence,1,285.365
3323,9cce2_00010,133,0.9099999999999999,marginal_confidence,1,285.365
3324,9cce2_00010,134,0.9299999999999999,marginal_confidence,1,285.365
3325,9cce2_00010,135,0.9199999999999999,marginal_confidence,1,285.365
3326,9cce2_00010,136,0.8999999999999999,marginal_confidence,1,285.365
3327,9cce2_00010,137,0.9099999999999999,marginal_confidence,1,285.365
3328,9cce2_00010,138,0.9299999999999999,marginal_confidence,1,285.365
3329,9cce2_00010,139,0.9199999999999999,marginal_confidence,1,285.365
3330,9cce2_00010,140,0.94,marginal_confidence,1,285.365
3331,9cce2_00010,141,0.9099999999999999,marginal_confidence,1,285.365
3332,9cce2_00010,142,0.9099999999999999,marginal_confidence,1,285.365
3333,9cce2_00010,143,0.9199999999999999,marginal_confidence,1,285.365
3334,9cce2_00010,144,0.95,marginal_confidence,1,285.365
3335,9cce2_00010,145,0.9299999999999999,marginal_confidence,1,285.365
3336,9cce2_00010,146,0.8899999999999999,marginal_confidence,1,285.365
3337,9cce2_00010,147,0.88,marginal_confidence,1,285.365
3338,9cce2_00010,148,0.95,marginal_confidence,1,285.365
3339,9cce2_00010,149,0.9099999999999999,marginal_confidence,1,285.365
3340,9cce2_00010,150,0.9099999999999999,marginal_confidence,1,285.365
3341,9cce2_00010,151,0.9199999999999999,marginal_confidence,1,285.365
3342,9cce2_00010,152,0.9299999999999999,marginal_confidence,1,285.365
3343,9cce2_00010,153,0.95,marginal_confidence,1,285.365
3344,9cce2_00010,154,0.9099999999999999,marginal_confidence,1,285.365
3345,9cce2_00010,155,0.8999999999999999,marginal_confidence,1,285.365
3346,9cce2_00010,156,0.8799999999999999,marginal_confidence,1,285.365
3347,9cce2_00010,157,0.9299999999999999,marginal_confidence,1,285.365
3348,9cce2_00010,158,0.9099999999999999,marginal_confidence,1,285.365
3349,9cce2_00010,159,0.94,marginal_confidence,1,285.365
3350,9cce2_00010,160,0.9299999999999999,marginal_confidence,1,285.365
3351,9cce2_00010,161,0.9099999999999999,marginal_confidence,1,285.365
3352,9cce2_00010,162,0.8999999999999999,marginal_confidence,1,285.365
3353,9cce2_00010,163,0.9299999999999999,marginal_confidence,1,285.365
3354,9cce2_00010,164,0.9199999999999999,marginal_confidence,1,285.365
3355,9cce2_00010,165,0.8999999999999999,marginal_confidence,1,285.365
3356,9cce2_00010,166,0.9199999999999999,marginal_confidence,1,285.365
3357,9cce2_00010,167,0.9199999999999999,marginal_confidence,1,285.365
3358,9cce2_00010,168,0.88,marginal_confidence,1,285.365
3359,9cce2_00010,169,0.9099999999999999,marginal_confidence,1,285.365
3360,9cce2_00010,170,0.9199999999999999,marginal_confidence,1,285.365
3361,9cce2_00010,171,0.9299999999999999,marginal_confidence,1,285.365
3362,9cce2_00010,172,0.9199999999999999,marginal_confidence,1,285.365
3363,9cce2_00010,173,0.8999999999999999,marginal_confidence,1,285.365
3364,9cce2_00010,174,0.88,marginal_confidence,1,285.365
3365,9cce2_00010,175,0.91,marginal_confidence,1,285.365
3366,9cce2_00010,176,0.89,marginal_confidence,1,285.365
3367,9cce2_00010,177,0.9099999999999999,marginal_confidence,1,285.365
3368,9cce2_00010,178,0.9199999999999999,marginal_confidence,1,285.365
3369,9cce2_00010,179,0.88,marginal_confidence,1,285.365
3370,9cce2_00010,180,0.9299999999999999,marginal_confidence,1,285.365
3371,9cce2_00010,181,0.9199999999999999,marginal_confidence,1,285.365
3372,9cce2_00010,182,0.8999999999999999,marginal_confidence,1,285.365
3373,9cce2_00010,183,0.8999999999999999,marginal_confidence,1,285.365
3374,9cce2_00010,184,0.9099999999999999,marginal_confidence,1,285.365
3375,9cce2_00010,185,0.8999999999999999,marginal_confidence,1,285.365
3376,9cce2_00010,186,0.8899999999999999,marginal_confidence,1,285.365
3377,9cce2_00010,187,0.9299999999999999,marginal_confidence,1,285.365
3378,9cce2_00010,188,0.9199999999999999,marginal_confidence,1,285.365
3379,9cce2_00010,189,0.9199999999999999,marginal_confidence,1,285.365
3380,9cce2_00010,190,0.86,marginal_confidence,1,285.365
3381,9cce2_00010,191,0.9199999999999999,marginal_confidence,1,285.365
3382,9cce2_00010,192,0.9199999999999999,marginal_confidence,1,285.365
3383,9cce2_00010,193,0.9099999999999999,marginal_confidence,1,285.365
3384,9cce2_00010,194,0.88,marginal_confidence,1,285.365
3385,9cce2_00010,195,0.9299999999999999,marginal_confidence,1,285.365
3386,9cce2_00010,196,0.88,marginal_confidence,1,285.365
3387,9cce2_00010,197,0.9199999999999999,marginal_confidence,1,285.365
3388,9cce2_00010,198,0.8999999999999999,marginal_confidence,1,285.365
3389,9cce2_00010,199,0.9199999999999999,marginal_confidence,1,285.365
3390,9cce2_00010,200,0.89,marginal_confidence,1,285.365
3391,9cce2_00010,201,0.9199999999999999,marginal_confidence,1,285.365
3392,9cce2_00010,202,0.86,marginal_confidence,1,285.365
3393,9cce2_00010,203,0.9299999999999999,marginal_confidence,1,285.365
3394,9cce2_00010,204,0.8999999999999999,marginal_confidence,1,285.365
3395,9cce2_00010,205,0.9199999999999999,marginal_confidence,1,285.365
3396,9cce2_00010,206,0.9199999999999999,marginal_confidence,1,285.365
3397,9cce2_00010,207,0.94,marginal_confidence,1,285.365
3398,9cce2_00010,208,0.9199999999999999,marginal_confidence,1,285.365
3399,9cce2_00010,209,0.9199999999999999,marginal_confidence,1,285.365
3400,9cce2_00010,210,0.8899999999999999,marginal_confidence,1,285.365
3401,9cce2_00010,211,0.8999999999999999,marginal_confidence,1,285.365
3402,9cce2_00010,212,0.9199999999999999,marginal_confidence,1,285.365
3403,9cce2_00010,213,0.8300000000000001,marginal_confidence,1,285.365
3404,9cce2_00010,214,0.88,marginal_confidence,1,285.365
3405,9cce2_00010,215,0.9299999999999999,marginal_confidence,1,285.365
3406,9cce2_00010,216,0.9299999999999999,marginal_confidence,1,285.365
3407,9cce2_00010,217,0.8999999999999999,marginal_confidence,1,285.365
3408,9cce2_00010,218,0.9099999999999999,marginal_confidence,1,285.365
3409,9cce2_00010,219,0.87,marginal_confidence,1,285.365
3410,9cce2_00010,220,0.9099999999999999,marginal_confidence,1,285.365
3411,9cce2_00010,221,0.87,marginal_confidence,1,285.365
3412,9cce2_00010,222,0.94,marginal_confidence,1,285.365
3413,9cce2_00010,223,0.9099999999999999,marginal_confidence,1,285.365
3414,9cce2_00010,224,0.9099999999999999,marginal_confidence,1,285.365
3415,9cce2_00010,225,0.9299999999999999,marginal_confidence,1,285.365
3416,9cce2_00010,226,0.94,marginal_confidence,1,285.365
3417,9cce2_00010,227,0.8999999999999999,marginal_confidence,1,285.365
3418,9cce2_00010,228,0.8899999999999999,marginal_confidence,1,285.365
3419,9cce2_00010,229,0.9099999999999999,marginal_confidence,1,285.365
3420,9cce2_00010,230,0.9099999999999999,marginal_confidence,1,285.365
3421,9cce2_00010,231,0.91,marginal_confidence,1,285.365
3422,9cce2_00010,232,0.94,marginal_confidence,1,285.365
3423,9cce2_00010,233,0.9299999999999999,marginal_confidence,1,285.365
3424,9cce2_00010,234,0.9199999999999999,marginal_confidence,1,285.365
3425,9cce2_00010,235,0.9099999999999999,marginal_confidence,1,285.365
3426,9cce2_00010,236,0.9299999999999999,marginal_confidence,1,285.365
3427,9cce2_00010,237,0.9299999999999999,marginal_confidence,1,285.365
3428,9cce2_00010,238,0.9099999999999999,marginal_confidence,1,285.365
3429,9cce2_00010,239,0.88,marginal_confidence,1,285.365
3430,9cce2_00010,240,0.8999999999999999,marginal_confidence,1,285.365
3431,9cce2_00010,241,0.9299999999999999,marginal_confidence,1,285.365
3432,9cce2_00010,242,0.9199999999999999,marginal_confidence,1,285.365
3433,9cce2_00010,243,0.9199999999999999,marginal_confidence,1,285.365
3434,9cce2_00010,244,0.94,marginal_confidence,1,285.365
3435,9cce2_00010,245,0.8999999999999999,marginal_confidence,1,285.365
3436,9cce2_00010,246,0.8999999999999999,marginal_confidence,1,285.365
3437,9cce2_00010,247,0.9199999999999999,marginal_confidence,1,285.365
3438,9cce2_00010,248,0.9199999999999999,marginal_confidence,1,285.365
3439,9cce2_00010,249,0.8899999999999999,marginal_confidence,1,285.365
3440,9cce2_00010,250,0.9099999999999999,marginal_confidence,1,285.365
3441,9cce2_00010,251,0.9299999999999999,marginal_confidence,1,285.365
3442,9cce2_00010,252,0.9199999999999999,marginal_confidence,1,285.365
3443,9cce2_00010,253,0.8999999999999999,marginal_confidence,1,285.365
3444,9cce2_00010,254,0.9199999999999999,marginal_confidence,1,285.365
3445,9cce2_00010,255,0.8999999999999999,marginal_confidence,1,285.365
3446,9cce2_00010,256,0.9199999999999999,marginal_confidence,1,285.365
3447,9cce2_00010,257,0.8999999999999999,marginal_confidence,1,285.365
3448,9cce2_00010,258,0.9099999999999999,marginal_confidence,1,285.365
3449,9cce2_00010,259,0.9199999999999999,marginal_confidence,1,285.365
3450,9cce2_00010,260,0.89,marginal_confidence,1,285.365
3451,9cce2_00010,261,0.84,marginal_confidence,1,285.365
3452,9cce2_00010,262,0.9099999999999999,marginal_confidence,1,285.365
3453,9cce2_00010,263,0.9299999999999999,marginal_confidence,1,285.365
3454,9cce2_00010,264,0.89,marginal_confidence,1,285.365
3455,9cce2_00010,265,0.8899999999999999,marginal_confidence,1,285.365
3456,9cce2_00010,266,0.8999999999999999,marginal_confidence,1,285.365
3457,9cce2_00010,267,0.89,marginal_confidence,1,285.365
3458,9cce2_00010,268,0.9199999999999999,marginal_confidence,1,285.365
3459,9cce2_00010,269,0.9099999999999999,marginal_confidence,1,285.365
3460,9cce2_00010,270,0.9099999999999999,marginal_confidence,1,285.365
3461,9cce2_00010,271,0.9299999999999999,marginal_confidence,1,285.365
3462,9cce2_00010,272,0.9299999999999999,marginal_confidence,1,285.365
3463,9cce2_00010,273,0.8999999999999999,marginal_confidence,1,285.365
3464,9cce2_00010,274,0.9299999999999999,marginal_confidence,1,285.365
3465,9cce2_00010,275,0.91,marginal_confidence,1,285.365
3466,9cce2_00010,276,0.9199999999999999,marginal_confidence,1,285.365
3467,9cce2_00010,277,0.9099999999999999,marginal_confidence,1,285.365
3468,9cce2_00010,278,0.89,marginal_confidence,1,285.365
3469,9cce2_00010,279,0.9299999999999999,marginal_confidence,1,285.365
3470,9cce2_00010,280,0.94,marginal_confidence,1,285.365
3471,9cce2_00010,281,0.9199999999999999,marginal_confidence,1,285.365
3472,9cce2_00010,282,0.9199999999999999,marginal_confidence,1,285.365
3473,9cce2_00010,283,0.9199999999999999,marginal_confidence,1,285.365
3474,9cce2_00010,284,0.9199999999999999,marginal_confidence,1,285.365
3475,9cce2_00010,285,0.9199999999999999,marginal_confidence,1,285.365
3476,9cce2_00010,286,0.9199999999999999,marginal_confidence,1,285.365
3477,9cce2_00010,287,0.89,marginal_confidence,1,285.365
3478,9cce2_00010,288,0.9199999999999999,marginal_confidence,1,285.365
3479,9cce2_00010,289,0.88,marginal_confidence,1,285.365
3480,9cce2_00010,290,0.89,marginal_confidence,1,285.365
3481,9cce2_00010,291,0.9199999999999999,marginal_confidence,1,285.365
3482,9cce2_00010,292,0.9099999999999999,marginal_confidence,1,285.365
3483,9cce2_00010,293,0.89,marginal_confidence,1,285.365
3484,9cce2_00010,294,0.91,marginal_confidence,1,285.365
3485,9cce2_00010,295,0.9199999999999999,marginal_confidence,1,285.365
3486,9cce2_00010,296,0.9099999999999999,marginal_confidence,1,285.365
3487,9cce2_00010,297,0.8899999999999999,marginal_confidence,1,285.365
3488,9cce2_00010,298,0.95,marginal_confidence,1,285.365
3489,9cce2_00010,299,0.87,marginal_confidence,1,285.365
3490,9cce2_00010,300,0.9099999999999999,marginal_confidence,1,285.365
3491,9cce2_00010,301,0.9199999999999999,marginal_confidence,1,285.365
3492,9cce2_00010,302,0.8999999999999999,marginal_confidence,1,285.365
3493,9cce2_00010,303,0.94,marginal_confidence,1,285.365
3494,9cce2_00010,304,0.9199999999999999,marginal_confidence,1,285.365
3495,9cce2_00010,305,0.9199999999999999,marginal_confidence,1,285.365
3496,9cce2_00010,306,0.8899999999999999,marginal_confidence,1,285.365
3497,9cce2_00010,307,0.9099999999999999,marginal_confidence,1,285.365
3498,9cce2_00010,308,0.9099999999999999,marginal_confidence,1,285.365
3499,9cce2_00010,309,0.8999999999999999,marginal_confidence,1,285.365
3500,9cce2_00010,310,0.8899999999999999,marginal_confidence,1,285.365
3501,9cce2_00010,311,0.9099999999999999,marginal_confidence,1,285.365
3502,9cce2_00010,312,0.88,marginal_confidence,1,285.365
3503,9cce2_00010,313,0.9199999999999999,marginal_confidence,1,285.365
3504,9cce2_00010,314,0.9299999999999999,marginal_confidence,1,285.365
3505,9cce2_00010,315,0.8999999999999999,marginal_confidence,1,285.365
3506,9cce2_00010,316,0.9199999999999999,marginal_confidence,1,285.365
3507,9cce2_00010,317,0.9199999999999999,marginal_confidence,1,285.365
3508,9cce2_00010,318,0.9099999999999999,marginal_confidence,1,285.365
3509,9cce2_00011,0,0.8,marginal_confidence,2,285.59999999999997
3510,9cce2_00011,1,0.81,marginal_confidence,2,285.59999999999997
3511,9cce2_00011,2,0.9,marginal_confidence,2,285.59999999999997
3512,9cce2_00011,3,0.81,marginal_confidence,2,285.59999999999997
3513,9cce2_00011,4,0.82,marginal_confidence,2,285.59999999999997
3514,9cce2_00011,5,0.78,marginal_confidence,2,285.59999999999997
3515,9cce2_00011,6,0.8600000000000001,marginal_confidence,2,285.59999999999997
3516,9cce2_00011,7,0.78,marginal_confidence,2,285.59999999999997
3517,9cce2_00011,8,0.88,marginal_confidence,2,285.59999999999997
3518,9cce2_00011,9,0.78,marginal_confidence,2,285.59999999999997
3519,9cce2_00011,10,0.84,marginal_confidence,2,285.59999999999997
3520,9cce2_00011,11,0.65,marginal_confidence,2,285.59999999999997
3521,9cce2_00011,12,0.75,marginal_confidence,2,285.59999999999997
3522,9cce2_00011,13,0.8999999999999999,marginal_confidence,2,285.59999999999997
3523,9cce2_00011,14,0.76,marginal_confidence,2,285.59999999999997
3524,9cce2_00011,15,0.91,marginal_confidence,2,285.59999999999997
3525,9cce2_00011,16,0.8999999999999999,marginal_confidence,2,285.59999999999997
3526,9cce2_00011,17,0.89,marginal_confidence,2,285.59999999999997
3527,9cce2_00011,18,0.9199999999999999,marginal_confidence,2,285.59999999999997
3528,9cce2_00011,19,0.9,marginal_confidence,2,285.59999999999997
3529,9cce2_00011,20,0.86,marginal_confidence,2,285.59999999999997
3530,9cce2_00011,21,0.8999999999999999,marginal_confidence,2,285.59999999999997
3531,9cce2_00011,22,0.9199999999999999,marginal_confidence,2,285.59999999999997
3532,9cce2_00011,23,0.9299999999999999,marginal_confidence,2,285.59999999999997
3533,9cce2_00011,24,0.8600000000000001,marginal_confidence,2,285.59999999999997
3534,9cce2_00011,25,0.8999999999999999,marginal_confidence,2,285.59999999999997
3535,9cce2_00011,26,0.91,marginal_confidence,2,285.59999999999997
3536,9cce2_00011,27,0.9199999999999999,marginal_confidence,2,285.59999999999997
3537,9cce2_00011,28,0.8999999999999999,marginal_confidence,2,285.59999999999997
3538,9cce2_00011,29,0.89,marginal_confidence,2,285.59999999999997
3539,9cce2_00011,30,0.9099999999999999,marginal_confidence,2,285.59999999999997
3540,9cce2_00011,31,0.96,marginal_confidence,2,285.59999999999997
3541,9cce2_00011,32,0.86,marginal_confidence,2,285.59999999999997
3542,9cce2_00011,33,0.88,marginal_confidence,2,285.59999999999997
3543,9cce2_00011,34,0.85,marginal_confidence,2,285.59999999999997
3544,9cce2_00011,35,0.91,marginal_confidence,2,285.59999999999997
3545,9cce2_00011,36,0.9099999999999999,marginal_confidence,2,285.59999999999997
3546,9cce2_00011,37,0.86,marginal_confidence,2,285.59999999999997
3547,9cce2_00011,38,0.8899999999999999,marginal_confidence,2,285.59999999999997
3548,9cce2_00011,39,0.94,marginal_confidence,2,285.59999999999997
3549,9cce2_00011,40,0.8200000000000001,marginal_confidence,2,285.59999999999997
3550,9cce2_00011,41,0.89,marginal_confidence,2,285.59999999999997
3551,9cce2_00011,42,0.8999999999999999,marginal_confidence,2,285.59999999999997
3552,9cce2_00011,43,0.9099999999999999,marginal_confidence,2,285.59999999999997
3553,9cce2_00011,44,0.87,marginal_confidence,2,285.59999999999997
3554,9cce2_00011,45,0.86,marginal_confidence,2,285.59999999999997
3555,9cce2_00011,46,0.9199999999999999,marginal_confidence,2,285.59999999999997
3556,9cce2_00011,47,0.94,marginal_confidence,2,285.59999999999997
3557,9cce2_00011,48,0.9099999999999999,marginal_confidence,2,285.59999999999997
3558,9cce2_00011,49,0.9199999999999999,marginal_confidence,2,285.59999999999997
3559,9cce2_00011,50,0.9299999999999999,marginal_confidence,2,285.59999999999997
3560,9cce2_00011,51,0.94,marginal_confidence,2,285.59999999999997
3561,9cce2_00011,52,0.9199999999999999,marginal_confidence,2,285.59999999999997
3562,9cce2_00011,53,0.91,marginal_confidence,2,285.59999999999997
3563,9cce2_00011,54,0.81,marginal_confidence,2,285.59999999999997
3564,9cce2_00011,55,0.9199999999999999,marginal_confidence,2,285.59999999999997
3565,9cce2_00011,56,0.9099999999999999,marginal_confidence,2,285.59999999999997
3566,9cce2_00011,57,0.87,marginal_confidence,2,285.59999999999997
3567,9cce2_00011,58,0.88,marginal_confidence,2,285.59999999999997
3568,9cce2_00011,59,0.9299999999999999,marginal_confidence,2,285.59999999999997
3569,9cce2_00011,60,0.9099999999999999,marginal_confidence,2,285.59999999999997
3570,9cce2_00011,61,0.9299999999999999,marginal_confidence,2,285.59999999999997
3571,9cce2_00011,62,0.88,marginal_confidence,2,285.59999999999997
3572,9cce2_00011,63,0.86,marginal_confidence,2,285.59999999999997
3573,9cce2_00011,64,0.87,marginal_confidence,2,285.59999999999997
3574,9cce2_00011,65,0.95,marginal_confidence,2,285.59999999999997
3575,9cce2_00011,66,0.96,marginal_confidence,2,285.59999999999997
3576,9cce2_00011,67,0.86,marginal_confidence,2,285.59999999999997
3577,9cce2_00011,68,0.9299999999999999,marginal_confidence,2,285.59999999999997
3578,9cce2_00011,69,0.9299999999999999,marginal_confidence,2,285.59999999999997
3579,9cce2_00011,70,0.9099999999999999,marginal_confidence,2,285.59999999999997
3580,9cce2_00011,71,0.9199999999999999,marginal_confidence,2,285.59999999999997
3581,9cce2_00011,72,0.8200000000000001,marginal_confidence,2,285.59999999999997
3582,9cce2_00011,73,0.92,marginal_confidence,2,285.59999999999997
3583,9cce2_00011,74,0.85,marginal_confidence,2,285.59999999999997
3584,9cce2_00011,75,0.86,marginal_confidence,2,285.59999999999997
3585,9cce2_00011,76,0.91,marginal_confidence,2,285.59999999999997
3586,9cce2_00011,77,0.8799999999999999,marginal_confidence,2,285.59999999999997
3587,9cce2_00011,78,0.85,marginal_confidence,2,285.59999999999997
3588,9cce2_00011,79,0.9099999999999999,marginal_confidence,2,285.59999999999997
3589,9cce2_00011,80,0.86,marginal_confidence,2,285.59999999999997
3590,9cce2_00011,81,0.9199999999999999,marginal_confidence,2,285.59999999999997
3591,9cce2_00011,82,0.8999999999999999,marginal_confidence,2,285.59999999999997
3592,9cce2_00011,83,0.8899999999999999,marginal_confidence,2,285.59999999999997
3593,9cce2_00011,84,0.9099999999999999,marginal_confidence,2,285.59999999999997
3594,9cce2_00011,85,0.88,marginal_confidence,2,285.59999999999997
3595,9cce2_00011,86,0.89,marginal_confidence,2,285.59999999999997
3596,9cce2_00011,87,0.83,marginal_confidence,2,285.59999999999997
3597,9cce2_00011,88,0.9199999999999999,marginal_confidence,2,285.59999999999997
3598,9cce2_00011,89,0.8999999999999999,marginal_confidence,2,285.59999999999997
3599,9cce2_00011,90,0.9099999999999999,marginal_confidence,2,285.59999999999997
3600,9cce2_00011,91,0.87,marginal_confidence,2,285.59999999999997
3601,9cce2_00011,92,0.87,marginal_confidence,2,285.59999999999997
3602,9cce2_00011,93,0.8999999999999999,marginal_confidence,2,285.59999999999997
3603,9cce2_00011,94,0.92,marginal_confidence,2,285.59999999999997
3604,9cce2_00011,95,0.9099999999999999,marginal_confidence,2,285.59999999999997
3605,9cce2_00011,96,0.9099999999999999,marginal_confidence,2,285.59999999999997
3606,9cce2_00011,97,0.86,marginal_confidence,2,285.59999999999997
3607,9cce2_00011,98,0.9199999999999999,marginal_confidence,2,285.59999999999997
3608,9cce2_00011,99,0.85,marginal_confidence,2,285.59999999999997
3609,9cce2_00011,100,0.9299999999999999,marginal_confidence,2,285.59999999999997
3610,9cce2_00011,101,0.86,marginal_confidence,2,285.59999999999997
3611,9cce2_00011,102,0.88,marginal_confidence,2,285.59999999999997
3612,9cce2_00011,103,0.8899999999999999,marginal_confidence,2,285.59999999999997
3613,9cce2_00011,104,0.8600000000000001,marginal_confidence,2,285.59999999999997
3614,9cce2_00011,105,0.9099999999999999,marginal_confidence,2,285.59999999999997
3615,9cce2_00011,106,0.9199999999999999,marginal_confidence,2,285.59999999999997
3616,9cce2_00011,107,0.9199999999999999,marginal_confidence,2,285.59999999999997
3617,9cce2_00011,108,0.8500000000000001,marginal_confidence,2,285.59999999999997
3618,9cce2_00011,109,0.9199999999999999,marginal_confidence,2,285.59999999999997
3619,9cce2_00011,110,0.88,marginal_confidence,2,285.59999999999997
3620,9cce2_00011,111,0.9299999999999999,marginal_confidence,2,285.59999999999997
3621,9cce2_00011,112,0.9299999999999999,marginal_confidence,2,285.59999999999997
3622,9cce2_00011,113,0.9299999999999999,marginal_confidence,2,285.59999999999997
3623,9cce2_00011,114,0.88,marginal_confidence,2,285.59999999999997
3624,9cce2_00011,115,0.94,marginal_confidence,2,285.59999999999997
3625,9cce2_00011,116,0.8799999999999999,marginal_confidence,2,285.59999999999997
3626,9cce2_00011,117,0.89,marginal_confidence,2,285.59999999999997
3627,9cce2_00011,118,0.8899999999999999,marginal_confidence,2,285.59999999999997
3628,9cce2_00011,119,0.9199999999999999,marginal_confidence,2,285.59999999999997
3629,9cce2_00011,120,0.8999999999999999,marginal_confidence,2,285.59999999999997
3630,9cce2_00011,121,0.8999999999999999,marginal_confidence,2,285.59999999999997
3631,9cce2_00011,122,0.9099999999999999,marginal_confidence,2,285.59999999999997
3632,9cce2_00011,123,0.8999999999999999,marginal_confidence,2,285.59999999999997
3633,9cce2_00011,124,0.9099999999999999,marginal_confidence,2,285.59999999999997
3634,9cce2_00011,125,0.88,marginal_confidence,2,285.59999999999997
3635,9cce2_00011,126,0.9099999999999999,marginal_confidence,2,285.59999999999997
3636,9cce2_00011,127,0.8799999999999999,marginal_confidence,2,285.59999999999997
3637,9cce2_00011,128,0.86,marginal_confidence,2,285.59999999999997
3638,9cce2_00011,129,0.85,marginal_confidence,2,285.59999999999997
3639,9cce2_00011,130,0.9299999999999999,marginal_confidence,2,285.59999999999997
3640,9cce2_00011,131,0.8999999999999999,marginal_confidence,2,285.59999999999997
3641,9cce2_00011,132,0.9099999999999999,marginal_confidence,2,285.59999999999997
3642,9cce2_00011,133,0.9299999999999999,marginal_confidence,2,285.59999999999997
3643,9cce2_00011,134,0.8999999999999999,marginal_confidence,2,285.59999999999997
3644,9cce2_00011,135,0.87,marginal_confidence,2,285.59999999999997
3645,9cce2_00011,136,0.91,marginal_confidence,2,285.59999999999997
3646,9cce2_00011,137,0.9199999999999999,marginal_confidence,2,285.59999999999997
3647,9cce2_00011,138,0.8999999999999999,marginal_confidence,2,285.59999999999997
3648,9cce2_00011,139,0.8600000000000001,marginal_confidence,2,285.59999999999997
3649,9cce2_00011,140,0.86,marginal_confidence,2,285.59999999999997
3650,9cce2_00011,141,0.87,marginal_confidence,2,285.59999999999997
3651,9cce2_00011,142,0.87,marginal_confidence,2,285.59999999999997
3652,9cce2_00011,143,0.86,marginal_confidence,2,285.59999999999997
3653,9cce2_00011,144,0.9299999999999999,marginal_confidence,2,285.59999999999997
3654,9cce2_00011,145,0.8899999999999999,marginal_confidence,2,285.59999999999997
3655,9cce2_00011,146,0.88,marginal_confidence,2,285.59999999999997
3656,9cce2_00011,147,0.9199999999999999,marginal_confidence,2,285.59999999999997
3657,9cce2_00011,148,0.9199999999999999,marginal_confidence,2,285.59999999999997
3658,9cce2_00011,149,0.9199999999999999,marginal_confidence,2,285.59999999999997
3659,9cce2_00011,150,0.9299999999999999,marginal_confidence,2,285.59999999999997
3660,9cce2_00011,151,0.86,marginal_confidence,2,285.59999999999997
3661,9cce2_00011,152,0.9099999999999999,marginal_confidence,2,285.59999999999997
3662,9cce2_00011,153,0.9199999999999999,marginal_confidence,2,285.59999999999997
3663,9cce2_00011,154,0.94,marginal_confidence,2,285.59999999999997
3664,9cce2_00011,155,0.8999999999999999,marginal_confidence,2,285.59999999999997
3665,9cce2_00011,156,0.9299999999999999,marginal_confidence,2,285.59999999999997
3666,9cce2_00011,157,0.9199999999999999,marginal_confidence,2,285.59999999999997
3667,9cce2_00011,158,0.9299999999999999,marginal_confidence,2,285.59999999999997
3668,9cce2_00011,159,0.86,marginal_confidence,2,285.59999999999997
3669,9cce2_00011,160,0.9099999999999999,marginal_confidence,2,285.59999999999997
3670,9cce2_00011,161,0.9199999999999999,marginal_confidence,2,285.59999999999997
3671,9cce2_00011,162,0.8999999999999999,marginal_confidence,2,285.59999999999997
3672,9cce2_00011,163,0.9099999999999999,marginal_confidence,2,285.59999999999997
3673,9cce2_00011,164,0.9299999999999999,marginal_confidence,2,285.59999999999997
3674,9cce2_00011,165,0.9299999999999999,marginal_confidence,2,285.59999999999997
3675,9cce2_00011,166,0.9099999999999999,marginal_confidence,2,285.59999999999997
3676,9cce2_00011,167,0.9299999999999999,marginal_confidence,2,285.59999999999997
3677,9cce2_00011,168,0.9199999999999999,marginal_confidence,2,285.59999999999997
3678,9cce2_00011,169,0.9199999999999999,marginal_confidence,2,285.59999999999997
3679,9cce2_00011,170,0.9099999999999999,marginal_confidence,2,285.59999999999997
3680,9cce2_00011,171,0.9099999999999999,marginal_confidence,2,285.59999999999997
3681,9cce2_00011,172,0.86,marginal_confidence,2,285.59999999999997
3682,9cce2_00011,173,0.9299999999999999,marginal_confidence,2,285.59999999999997
3683,9cce2_00011,174,0.9199999999999999,marginal_confidence,2,285.59999999999997
3684,9cce2_00011,175,0.95,marginal_confidence,2,285.59999999999997
3685,9cce2_00011,176,0.8899999999999999,marginal_confidence,2,285.59999999999997
3686,9cce2_00011,177,0.88,marginal_confidence,2,285.59999999999997
3687,9cce2_00011,178,0.89,marginal_confidence,2,285.59999999999997
3688,9cce2_00011,179,0.9299999999999999,marginal_confidence,2,285.59999999999997
3689,9cce2_00011,180,0.9199999999999999,marginal_confidence,2,285.59999999999997
3690,9cce2_00011,181,0.9199999999999999,marginal_confidence,2,285.59999999999997
3691,9cce2_00011,182,0.8999999999999999,marginal_confidence,2,285.59999999999997
3692,9cce2_00011,183,0.8999999999999999,marginal_confidence,2,285.59999999999997
3693,9cce2_00011,184,0.8899999999999999,marginal_confidence,2,285.59999999999997
3694,9cce2_00011,185,0.8899999999999999,marginal_confidence,2,285.59999999999997
3695,9cce2_00011,186,0.87,marginal_confidence,2,285.59999999999997
3696,9cce2_00011,187,0.9299999999999999,marginal_confidence,2,285.59999999999997
3697,9cce2_00011,188,0.94,marginal_confidence,2,285.59999999999997
3698,9cce2_00011,189,0.9199999999999999,marginal_confidence,2,285.59999999999997
3699,9cce2_00011,190,0.9199999999999999,marginal_confidence,2,285.59999999999997
3700,9cce2_00011,191,0.9099999999999999,marginal_confidence,2,285.59999999999997
3701,9cce2_00011,192,0.87,marginal_confidence,2,285.59999999999997
3702,9cce2_00011,193,0.9299999999999999,marginal_confidence,2,285.59999999999997
3703,9cce2_00011,194,0.9199999999999999,marginal_confidence,2,285.59999999999997
3704,9cce2_00011,195,0.9299999999999999,marginal_confidence,2,285.59999999999997
3705,9cce2_00011,196,0.91,marginal_confidence,2,285.59999999999997
3706,9cce2_00011,197,0.9199999999999999,marginal_confidence,2,285.59999999999997
3707,9cce2_00011,198,0.9199999999999999,marginal_confidence,2,285.59999999999997
3708,9cce2_00011,199,0.94,marginal_confidence,2,285.59999999999997
3709,9cce2_00011,200,0.9299999999999999,marginal_confidence,2,285.59999999999997
3710,9cce2_00011,201,0.86,marginal_confidence,2,285.59999999999997
3711,9cce2_00011,202,0.8799999999999999,marginal_confidence,2,285.59999999999997
3712,9cce2_00011,203,0.9299999999999999,marginal_confidence,2,285.59999999999997
3713,9cce2_00011,204,0.8999999999999999,marginal_confidence,2,285.59999999999997
3714,9cce2_00011,205,0.89,marginal_confidence,2,285.59999999999997
3715,9cce2_00011,206,0.8899999999999999,marginal_confidence,2,285.59999999999997
3716,9cce2_00011,207,0.9099999999999999,marginal_confidence,2,285.59999999999997
3717,9cce2_00011,208,0.89,marginal_confidence,2,285.59999999999997
3718,9cce2_00011,209,0.9199999999999999,marginal_confidence,2,285.59999999999997
3719,9cce2_00011,210,0.9,marginal_confidence,2,285.59999999999997
3720,9cce2_00011,211,0.85,marginal_confidence,2,285.59999999999997
3721,9cce2_00011,212,0.94,marginal_confidence,2,285.59999999999997
3722,9cce2_00011,213,0.9199999999999999,marginal_confidence,2,285.59999999999997
3723,9cce2_00011,214,0.9099999999999999,marginal_confidence,2,285.59999999999997
3724,9cce2_00011,215,0.86,marginal_confidence,2,285.59999999999997
3725,9cce2_00011,216,0.89,marginal_confidence,2,285.59999999999997
3726,9cce2_00011,217,0.88,marginal_confidence,2,285.59999999999997
3727,9cce2_00011,218,0.88,marginal_confidence,2,285.59999999999997
3728,9cce2_00011,219,0.8999999999999999,marginal_confidence,2,285.59999999999997
3729,9cce2_00011,220,0.9199999999999999,marginal_confidence,2,285.59999999999997
3730,9cce2_00011,221,0.9299999999999999,marginal_confidence,2,285.59999999999997
3731,9cce2_00011,222,0.8999999999999999,marginal_confidence,2,285.59999999999997
3732,9cce2_00011,223,0.92,marginal_confidence,2,285.59999999999997
3733,9cce2_00011,224,0.8899999999999999,marginal_confidence,2,285.59999999999997
3734,9cce2_00011,225,0.91,marginal_confidence,2,285.59999999999997
3735,9cce2_00011,226,0.9199999999999999,marginal_confidence,2,285.59999999999997
3736,9cce2_00011,227,0.9099999999999999,marginal_confidence,2,285.59999999999997
3737,9cce2_00011,228,0.94,marginal_confidence,2,285.59999999999997
3738,9cce2_00011,229,0.87,marginal_confidence,2,285.59999999999997
3739,9cce2_00011,230,0.8999999999999999,marginal_confidence,2,285.59999999999997
3740,9cce2_00011,231,0.9099999999999999,marginal_confidence,2,285.59999999999997
3741,9cce2_00011,232,0.88,marginal_confidence,2,285.59999999999997
3742,9cce2_00011,233,0.95,marginal_confidence,2,285.59999999999997
3743,9cce2_00011,234,0.9299999999999999,marginal_confidence,2,285.59999999999997
3744,9cce2_00011,235,0.9099999999999999,marginal_confidence,2,285.59999999999997
3745,9cce2_00011,236,0.91,marginal_confidence,2,285.59999999999997
3746,9cce2_00011,237,0.8899999999999999,marginal_confidence,2,285.59999999999997
3747,9cce2_00011,238,0.8999999999999999,marginal_confidence,2,285.59999999999997
3748,9cce2_00011,239,0.87,marginal_confidence,2,285.59999999999997
3749,9cce2_00011,240,0.8899999999999999,marginal_confidence,2,285.59999999999997
3750,9cce2_00011,241,0.91,marginal_confidence,2,285.59999999999997
3751,9cce2_00011,242,0.91,marginal_confidence,2,285.59999999999997
3752,9cce2_00011,243,0.9099999999999999,marginal_confidence,2,285.59999999999997
3753,9cce2_00011,244,0.9199999999999999,marginal_confidence,2,285.59999999999997
3754,9cce2_00011,245,0.8999999999999999,marginal_confidence,2,285.59999999999997
3755,9cce2_00011,246,0.8899999999999999,marginal_confidence,2,285.59999999999997
3756,9cce2_00011,247,0.9099999999999999,marginal_confidence,2,285.59999999999997
3757,9cce2_00011,248,0.9299999999999999,marginal_confidence,2,285.59999999999997
3758,9cce2_00011,249,0.8899999999999999,marginal_confidence,2,285.59999999999997
3759,9cce2_00011,250,0.89,marginal_confidence,2,285.59999999999997
3760,9cce2_00011,251,0.9299999999999999,marginal_confidence,2,285.59999999999997
3761,9cce2_00011,252,0.87,marginal_confidence,2,285.59999999999997
3762,9cce2_00011,253,0.88,marginal_confidence,2,285.59999999999997
3763,9cce2_00011,254,0.88,marginal_confidence,2,285.59999999999997
3764,9cce2_00011,255,0.9099999999999999,marginal_confidence,2,285.59999999999997
3765,9cce2_00011,256,0.95,marginal_confidence,2,285.59999999999997
3766,9cce2_00011,257,0.9199999999999999,marginal_confidence,2,285.59999999999997
3767,9cce2_00011,258,0.9,marginal_confidence,2,285.59999999999997
3768,9cce2_00011,259,0.9299999999999999,marginal_confidence,2,285.59999999999997
3769,9cce2_00011,260,0.9099999999999999,marginal_confidence,2,285.59999999999997
3770,9cce2_00011,261,0.9299999999999999,marginal_confidence,2,285.59999999999997
3771,9cce2_00011,262,0.9099999999999999,marginal_confidence,2,285.59999999999997
3772,9cce2_00011,263,0.9199999999999999,marginal_confidence,2,285.59999999999997
3773,9cce2_00011,264,0.9199999999999999,marginal_confidence,2,285.59999999999997
3774,9cce2_00011,265,0.9299999999999999,marginal_confidence,2,285.59999999999997
3775,9cce2_00011,266,0.9099999999999999,marginal_confidence,2,285.59999999999997
3776,9cce2_00011,267,0.9199999999999999,marginal_confidence,2,285.59999999999997
3777,9cce2_00011,268,0.88,marginal_confidence,2,285.59999999999997
3778,9cce2_00011,269,0.9299999999999999,marginal_confidence,2,285.59999999999997
3779,9cce2_00011,270,0.87,marginal_confidence,2,285.59999999999997
3780,9cce2_00011,271,0.9099999999999999,marginal_confidence,2,285.59999999999997
3781,9cce2_00011,272,0.8999999999999999,marginal_confidence,2,285.59999999999997
3782,9cce2_00011,273,0.86,marginal_confidence,2,285.59999999999997
3783,9cce2_00011,274,0.9099999999999999,marginal_confidence,2,285.59999999999997
3784,9cce2_00011,275,0.8999999999999999,marginal_confidence,2,285.59999999999997
3785,9cce2_00011,276,0.9099999999999999,marginal_confidence,2,285.59999999999997
3786,9cce2_00011,277,0.88,marginal_confidence,2,285.59999999999997
3787,9cce2_00011,278,0.8899999999999999,marginal_confidence,2,285.59999999999997
3788,9cce2_00011,279,0.8899999999999999,marginal_confidence,2,285.59999999999997
3789,9cce2_00011,280,0.9299999999999999,marginal_confidence,2,285.59999999999997
3790,9cce2_00011,281,0.8999999999999999,marginal_confidence,2,285.59999999999997
3791,9cce2_00011,282,0.8799999999999999,marginal_confidence,2,285.59999999999997
3792,9cce2_00011,283,0.9,marginal_confidence,2,285.59999999999997
3793,9cce2_00011,284,0.9099999999999999,marginal_confidence,2,285.59999999999997
3794,9cce2_00011,285,0.9099999999999999,marginal_confidence,2,285.59999999999997
3795,9cce2_00011,286,0.9299999999999999,marginal_confidence,2,285.59999999999997
3796,9cce2_00011,287,0.9199999999999999,marginal_confidence,2,285.59999999999997
3797,9cce2_00011,288,0.9199999999999999,marginal_confidence,2,285.59999999999997
3798,9cce2_00011,289,0.89,marginal_confidence,2,285.59999999999997
3799,9cce2_00011,290,0.8999999999999999,marginal_confidence,2,285.59999999999997
3800,9cce2_00011,291,0.9199999999999999,marginal_confidence,2,285.59999999999997
3801,9cce2_00011,292,0.9,marginal_confidence,2,285.59999999999997
3802,9cce2_00011,293,0.9199999999999999,marginal_confidence,2,285.59999999999997
3803,9cce2_00011,294,0.9199999999999999,marginal_confidence,2,285.59999999999997
3804,9cce2_00011,295,0.8999999999999999,marginal_confidence,2,285.59999999999997
3805,9cce2_00011,296,0.87,marginal_confidence,2,285.59999999999997
3806,9cce2_00011,297,0.9199999999999999,marginal_confidence,2,285.59999999999997
3807,9cce2_00011,298,0.9199999999999999,marginal_confidence,2,285.59999999999997
3808,9cce2_00011,299,0.9199999999999999,marginal_confidence,2,285.59999999999997
3809,9cce2_00011,300,0.9299999999999999,marginal_confidence,2,285.59999999999997
3810,9cce2_00011,301,0.94,marginal_confidence,2,285.59999999999997
3811,9cce2_00011,302,0.86,marginal_confidence,2,285.59999999999997
3812,9cce2_00011,303,0.88,marginal_confidence,2,285.59999999999997
3813,9cce2_00011,304,0.9199999999999999,marginal_confidence,2,285.59999999999997
3814,9cce2_00011,305,0.9299999999999999,marginal_confidence,2,285.59999999999997
3815,9cce2_00011,306,0.9299999999999999,marginal_confidence,2,285.59999999999997
3816,9cce2_00011,307,0.8899999999999999,marginal_confidence,2,285.59999999999997
3817,9cce2_00011,308,0.9199999999999999,marginal_confidence,2,285.59999999999997
3818,9cce2_00011,309,0.83,marginal_confidence,2,285.59999999999997
3819,9cce2_00011,310,0.9099999999999999,marginal_confidence,2,285.59999999999997
3820,9cce2_00011,311,0.92,marginal_confidence,2,285.59999999999997
3821,9cce2_00011,312,0.95,marginal_confidence,2,285.59999999999997
3822,9cce2_00011,313,0.94,marginal_confidence,2,285.59999999999997
3823,9cce2_00011,314,0.8899999999999999,marginal_confidence,2,285.59999999999997
3824,9cce2_00011,315,0.9199999999999999,marginal_confidence,2,285.59999999999997
3825,9cce2_00011,316,0.9199999999999999,marginal_confidence,2,285.59999999999997
3826,9cce2_00011,317,0.87,marginal_confidence,2,285.59999999999997
3827,9cce2_00011,318,0.8600000000000001,marginal_confidence,2,285.59999999999997
3828,9cce2_00012,0,0.81,marginal_confidence,3,279.36499999999995
3829,9cce2_00012,1,0.5,marginal_confidence,3,279.36499999999995
3830,9cce2_00012,2,0.52,marginal_confidence,3,279.36499999999995
3831,9cce2_00012,3,0.53,marginal_confidence,3,279.36499999999995
3832,9cce2_00012,4,0.42000000000000004,marginal_confidence,3,279.36499999999995
3833,9cce2_00012,5,0.81,marginal_confidence,3,279.36499999999995
3834,9cce2_00012,6,0.8500000000000001,marginal_confidence,3,279.36499999999995
3835,9cce2_00012,7,0.56,marginal_confidence,3,279.36499999999995
3836,9cce2_00012,8,0.87,marginal_confidence,3,279.36499999999995
3837,9cce2_00012,9,0.81,marginal_confidence,3,279.36499999999995
3838,9cce2_00012,10,0.79,marginal_confidence,3,279.36499999999995
3839,9cce2_00012,11,0.8899999999999999,marginal_confidence,3,279.36499999999995
3840,9cce2_00012,12,0.75,marginal_confidence,3,279.36499999999995
3841,9cce2_00012,13,0.88,marginal_confidence,3,279.36499999999995
3842,9cce2_00012,14,0.88,marginal_confidence,3,279.36499999999995
3843,9cce2_00012,15,0.86,marginal_confidence,3,279.36499999999995
3844,9cce2_00012,16,0.8899999999999999,marginal_confidence,3,279.36499999999995
3845,9cce2_00012,17,0.7,marginal_confidence,3,279.36499999999995
3846,9cce2_00012,18,0.79,marginal_confidence,3,279.36499999999995
3847,9cce2_00012,19,0.79,marginal_confidence,3,279.36499999999995
3848,9cce2_00012,20,0.86,marginal_confidence,3,279.36499999999995
3849,9cce2_00012,21,0.88,marginal_confidence,3,279.36499999999995
3850,9cce2_00012,22,0.8300000000000001,marginal_confidence,3,279.36499999999995
3851,9cce2_00012,23,0.89,marginal_confidence,3,279.36499999999995
3852,9cce2_00012,24,0.88,marginal_confidence,3,279.36499999999995
3853,9cce2_00012,25,0.8899999999999999,marginal_confidence,3,279.36499999999995
3854,9cce2_00012,26,0.8899999999999999,marginal_confidence,3,279.36499999999995
3855,9cce2_00012,27,0.89,marginal_confidence,3,279.36499999999995
3856,9cce2_00012,28,0.87,marginal_confidence,3,279.36499999999995
3857,9cce2_00012,29,0.89,marginal_confidence,3,279.36499999999995
3858,9cce2_00012,30,0.88,marginal_confidence,3,279.36499999999995
3859,9cce2_00012,31,0.8799999999999999,marginal_confidence,3,279.36499999999995
3860,9cce2_00012,32,0.9099999999999999,marginal_confidence,3,279.36499999999995
3861,9cce2_00012,33,0.87,marginal_confidence,3,279.36499999999995
3862,9cce2_00012,34,0.89,marginal_confidence,3,279.36499999999995
3863,9cce2_00012,35,0.87,marginal_confidence,3,279.36499999999995
3864,9cce2_00012,36,0.87,marginal_confidence,3,279.36499999999995
3865,9cce2_00012,37,0.91,marginal_confidence,3,279.36499999999995
3866,9cce2_00012,38,0.9,marginal_confidence,3,279.36499999999995
3867,9cce2_00012,39,0.8999999999999999,marginal_confidence,3,279.36499999999995
3868,9cce2_00012,40,0.85,marginal_confidence,3,279.36499999999995
3869,9cce2_00012,41,0.9199999999999999,marginal_confidence,3,279.36499999999995
3870,9cce2_00012,42,0.85,marginal_confidence,3,279.36499999999995
3871,9cce2_00012,43,0.8999999999999999,marginal_confidence,3,279.36499999999995
3872,9cce2_00012,44,0.9199999999999999,marginal_confidence,3,279.36499999999995
3873,9cce2_00012,45,0.8899999999999999,marginal_confidence,3,279.36499999999995
3874,9cce2_00012,46,0.91,marginal_confidence,3,279.36499999999995
3875,9cce2_00012,47,0.88,marginal_confidence,3,279.36499999999995
3876,9cce2_00012,48,0.8899999999999999,marginal_confidence,3,279.36499999999995
3877,9cce2_00012,49,0.9,marginal_confidence,3,279.36499999999995
3878,9cce2_00012,50,0.89,marginal_confidence,3,279.36499999999995
3879,9cce2_00012,51,0.89,marginal_confidence,3,279.36499999999995
3880,9cce2_00012,52,0.9,marginal_confidence,3,279.36499999999995
3881,9cce2_00012,53,0.87,marginal_confidence,3,279.36499999999995
3882,9cce2_00012,54,0.8999999999999999,marginal_confidence,3,279.36499999999995
3883,9cce2_00012,55,0.8999999999999999,marginal_confidence,3,279.36499999999995
3884,9cce2_00012,56,0.87,marginal_confidence,3,279.36499999999995
3885,9cce2_00012,57,0.8500000000000001,marginal_confidence,3,279.36499999999995
3886,9cce2_00012,58,0.83,marginal_confidence,3,279.36499999999995
3887,9cce2_00012,59,0.8999999999999999,marginal_confidence,3,279.36499999999995
3888,9cce2_00012,60,0.8999999999999999,marginal_confidence,3,279.36499999999995
3889,9cce2_00012,61,0.8899999999999999,marginal_confidence,3,279.36499999999995
3890,9cce2_00012,62,0.88,marginal_confidence,3,279.36499999999995
3891,9cce2_00012,63,0.9299999999999999,marginal_confidence,3,279.36499999999995
3892,9cce2_00012,64,0.87,marginal_confidence,3,279.36499999999995
3893,9cce2_00012,65,0.89,marginal_confidence,3,279.36499999999995
3894,9cce2_00012,66,0.9199999999999999,marginal_confidence,3,279.36499999999995
3895,9cce2_00012,67,0.86,marginal_confidence,3,279.36499999999995
3896,9cce2_00012,68,0.88,marginal_confidence,3,279.36499999999995
3897,9cce2_00012,69,0.8999999999999999,marginal_confidence,3,279.36499999999995
3898,9cce2_00012,70,0.88,marginal_confidence,3,279.36499999999995
3899,9cce2_00012,71,0.8799999999999999,marginal_confidence,3,279.36499999999995
3900,9cce2_00012,72,0.88,marginal_confidence,3,279.36499999999995
3901,9cce2_00012,73,0.9199999999999999,marginal_confidence,3,279.36499999999995
3902,9cce2_00012,74,0.8999999999999999,marginal_confidence,3,279.36499999999995
3903,9cce2_00012,75,0.9199999999999999,marginal_confidence,3,279.36499999999995
3904,9cce2_00012,76,0.8899999999999999,marginal_confidence,3,279.36499999999995
3905,9cce2_00012,77,0.8999999999999999,marginal_confidence,3,279.36499999999995
3906,9cce2_00012,78,0.8799999999999999,marginal_confidence,3,279.36499999999995
3907,9cce2_00012,79,0.87,marginal_confidence,3,279.36499999999995
3908,9cce2_00012,80,0.88,marginal_confidence,3,279.36499999999995
3909,9cce2_00012,81,0.8400000000000001,marginal_confidence,3,279.36499999999995
3910,9cce2_00012,82,0.89,marginal_confidence,3,279.36499999999995
3911,9cce2_00012,83,0.88,marginal_confidence,3,279.36499999999995
3912,9cce2_00012,84,0.89,marginal_confidence,3,279.36499999999995
3913,9cce2_00012,85,0.86,marginal_confidence,3,279.36499999999995
3914,9cce2_00012,86,0.9,marginal_confidence,3,279.36499999999995
3915,9cce2_00012,87,0.9199999999999999,marginal_confidence,3,279.36499999999995
3916,9cce2_00012,88,0.91,marginal_confidence,3,279.36499999999995
3917,9cce2_00012,89,0.88,marginal_confidence,3,279.36499999999995
3918,9cce2_00012,90,0.89,marginal_confidence,3,279.36499999999995
3919,9cce2_00012,91,0.8600000000000001,marginal_confidence,3,279.36499999999995
3920,9cce2_00012,92,0.9099999999999999,marginal_confidence,3,279.36499999999995
3921,9cce2_00012,93,0.87,marginal_confidence,3,279.36499999999995
3922,9cce2_00012,94,0.87,marginal_confidence,3,279.36499999999995
3923,9cce2_00012,95,0.9099999999999999,marginal_confidence,3,279.36499999999995
3924,9cce2_00012,96,0.9299999999999999,marginal_confidence,3,279.36499999999995
3925,9cce2_00012,97,0.88,marginal_confidence,3,279.36499999999995
3926,9cce2_00012,98,0.8999999999999999,marginal_confidence,3,279.36499999999995
3927,9cce2_00012,99,0.87,marginal_confidence,3,279.36499999999995
3928,9cce2_00012,100,0.84,marginal_confidence,3,279.36499999999995
3929,9cce2_00012,101,0.9,marginal_confidence,3,279.36499999999995
3930,9cce2_00012,102,0.89,marginal_confidence,3,279.36499999999995
3931,9cce2_00012,103,0.89,marginal_confidence,3,279.36499999999995
3932,9cce2_00012,104,0.88,marginal_confidence,3,279.36499999999995
3933,9cce2_00012,105,0.88,marginal_confidence,3,279.36499999999995
3934,9cce2_00012,106,0.8999999999999999,marginal_confidence,3,279.36499999999995
3935,9cce2_00012,107,0.8300000000000001,marginal_confidence,3,279.36499999999995
3936,9cce2_00012,108,0.89,marginal_confidence,3,279.36499999999995
3937,9cce2_00012,109,0.89,marginal_confidence,3,279.36499999999995
3938,9cce2_00012,110,0.89,marginal_confidence,3,279.36499999999995
3939,9cce2_00012,111,0.88,marginal_confidence,3,279.36499999999995
3940,9cce2_00012,112,0.8500000000000001,marginal_confidence,3,279.36499999999995
3941,9cce2_00012,113,0.9299999999999999,marginal_confidence,3,279.36499999999995
3942,9cce2_00012,114,0.89,marginal_confidence,3,279.36499999999995
3943,9cce2_00012,115,0.88,marginal_confidence,3,279.36499999999995
3944,9cce2_00012,116,0.88,marginal_confidence,3,279.36499999999995
3945,9cce2_00012,117,0.9199999999999999,marginal_confidence,3,279.36499999999995
3946,9cce2_00012,118,0.81,marginal_confidence,3,279.36499999999995
3947,9cce2_00012,119,0.87,marginal_confidence,3,279.36499999999995
3948,9cce2_00012,120,0.8999999999999999,marginal_confidence,3,279.36499999999995
3949,9cce2_00012,121,0.8999999999999999,marginal_confidence,3,279.36499999999995
3950,9cce2_00012,122,0.8200000000000001,marginal_confidence,3,279.36499999999995
3951,9cce2_00012,123,0.8999999999999999,marginal_confidence,3,279.36499999999995
3952,9cce2_00012,124,0.89,marginal_confidence,3,279.36499999999995
3953,9cce2_00012,125,0.91,marginal_confidence,3,279.36499999999995
3954,9cce2_00012,126,0.88,marginal_confidence,3,279.36499999999995
3955,9cce2_00012,127,0.9199999999999999,marginal_confidence,3,279.36499999999995
3956,9cce2_00012,128,0.89,marginal_confidence,3,279.36499999999995
3957,9cce2_00012,129,0.88,marginal_confidence,3,279.36499999999995
3958,9cce2_00012,130,0.9,marginal_confidence,3,279.36499999999995
3959,9cce2_00012,131,0.8999999999999999,marginal_confidence,3,279.36499999999995
3960,9cce2_00012,132,0.9,marginal_confidence,3,279.36499999999995
3961,9cce2_00012,133,0.88,marginal_confidence,3,279.36499999999995
3962,9cce2_00012,134,0.89,marginal_confidence,3,279.36499999999995
3963,9cce2_00012,135,0.9,marginal_confidence,3,279.36499999999995
3964,9cce2_00012,136,0.9,marginal_confidence,3,279.36499999999995
3965,9cce2_00012,137,0.89,marginal_confidence,3,279.36499999999995
3966,9cce2_00012,138,0.9099999999999999,marginal_confidence,3,279.36499999999995
3967,9cce2_00012,139,0.87,marginal_confidence,3,279.36499999999995
3968,9cce2_00012,140,0.91,marginal_confidence,3,279.36499999999995
3969,9cce2_00012,141,0.9099999999999999,marginal_confidence,3,279.36499999999995
3970,9cce2_00012,142,0.89,marginal_confidence,3,279.36499999999995
3971,9cce2_00012,143,0.89,marginal_confidence,3,279.36499999999995
3972,9cce2_00012,144,0.85,marginal_confidence,3,279.36499999999995
3973,9cce2_00012,145,0.88,marginal_confidence,3,279.36499999999995
3974,9cce2_00012,146,0.89,marginal_confidence,3,279.36499999999995
3975,9cce2_00012,147,0.9099999999999999,marginal_confidence,3,279.36499999999995
3976,9cce2_00012,148,0.89,marginal_confidence,3,279.36499999999995
3977,9cce2_00012,149,0.8999999999999999,marginal_confidence,3,279.36499999999995
3978,9cce2_00012,150,0.9099999999999999,marginal_confidence,3,279.36499999999995
3979,9cce2_00012,151,0.8999999999999999,marginal_confidence,3,279.36499999999995
3980,9cce2_00012,152,0.88,marginal_confidence,3,279.36499999999995
3981,9cce2_00012,153,0.9,marginal_confidence,3,279.36499999999995
3982,9cce2_00012,154,0.88,marginal_confidence,3,279.36499999999995
3983,9cce2_00012,155,0.9,marginal_confidence,3,279.36499999999995
3984,9cce2_00012,156,0.88,marginal_confidence,3,279.36499999999995
3985,9cce2_00012,157,0.89,marginal_confidence,3,279.36499999999995
3986,9cce2_00012,158,0.89,marginal_confidence,3,279.36499999999995
3987,9cce2_00012,159,0.9,marginal_confidence,3,279.36499999999995
3988,9cce2_00012,160,0.88,marginal_confidence,3,279.36499999999995
3989,9cce2_00012,161,0.88,marginal_confidence,3,279.36499999999995
3990,9cce2_00012,162,0.8999999999999999,marginal_confidence,3,279.36499999999995
3991,9cce2_00012,163,0.87,marginal_confidence,3,279.36499999999995
3992,9cce2_00012,164,0.8899999999999999,marginal_confidence,3,279.36499999999995
3993,9cce2_00012,165,0.8899999999999999,marginal_confidence,3,279.36499999999995
3994,9cce2_00012,166,0.88,marginal_confidence,3,279.36499999999995
3995,9cce2_00012,167,0.8300000000000001,marginal_confidence,3,279.36499999999995
3996,9cce2_00012,168,0.88,marginal_confidence,3,279.36499999999995
3997,9cce2_00012,169,0.8999999999999999,marginal_confidence,3,279.36499999999995
3998,9cce2_00012,170,0.88,marginal_confidence,3,279.36499999999995
3999,9cce2_00012,171,0.8999999999999999,marginal_confidence,3,279.36499999999995
4000,9cce2_00012,172,0.89,marginal_confidence,3,279.36499999999995
4001,9cce2_00012,173,0.89,marginal_confidence,3,279.36499999999995
4002,9cce2_00012,174,0.89,marginal_confidence,3,279.36499999999995
4003,9cce2_00012,175,0.88,marginal_confidence,3,279.36499999999995
4004,9cce2_00012,176,0.9199999999999999,marginal_confidence,3,279.36499999999995
4005,9cce2_00012,177,0.89,marginal_confidence,3,279.36499999999995
4006,9cce2_00012,178,0.8999999999999999,marginal_confidence,3,279.36499999999995
4007,9cce2_00012,179,0.89,marginal_confidence,3,279.36499999999995
4008,9cce2_00012,180,0.8899999999999999,marginal_confidence,3,279.36499999999995
4009,9cce2_00012,181,0.9,marginal_confidence,3,279.36499999999995
4010,9cce2_00012,182,0.8899999999999999,marginal_confidence,3,279.36499999999995
4011,9cce2_00012,183,0.91,marginal_confidence,3,279.36499999999995
4012,9cce2_00012,184,0.89,marginal_confidence,3,279.36499999999995
4013,9cce2_00012,185,0.8999999999999999,marginal_confidence,3,279.36499999999995
4014,9cce2_00012,186,0.88,marginal_confidence,3,279.36499999999995
4015,9cce2_00012,187,0.89,marginal_confidence,3,279.36499999999995
4016,9cce2_00012,188,0.89,marginal_confidence,3,279.36499999999995
4017,9cce2_00012,189,0.88,marginal_confidence,3,279.36499999999995
4018,9cce2_00012,190,0.89,marginal_confidence,3,279.36499999999995
4019,9cce2_00012,191,0.89,marginal_confidence,3,279.36499999999995
4020,9cce2_00012,192,0.86,marginal_confidence,3,279.36499999999995
4021,9cce2_00012,193,0.88,marginal_confidence,3,279.36499999999995
4022,9cce2_00012,194,0.8500000000000001,marginal_confidence,3,279.36499999999995
4023,9cce2_00012,195,0.9099999999999999,marginal_confidence,3,279.36499999999995
4024,9cce2_00012,196,0.89,marginal_confidence,3,279.36499999999995
4025,9cce2_00012,197,0.89,marginal_confidence,3,279.36499999999995
4026,9cce2_00012,198,0.8899999999999999,marginal_confidence,3,279.36499999999995
4027,9cce2_00012,199,0.89,marginal_confidence,3,279.36499999999995
4028,9cce2_00012,200,0.8999999999999999,marginal_confidence,3,279.36499999999995
4029,9cce2_00012,201,0.88,marginal_confidence,3,279.36499999999995
4030,9cce2_00012,202,0.89,marginal_confidence,3,279.36499999999995
4031,9cce2_00012,203,0.89,marginal_confidence,3,279.36499999999995
4032,9cce2_00012,204,0.8999999999999999,marginal_confidence,3,279.36499999999995
4033,9cce2_00012,205,0.9,marginal_confidence,3,279.36499999999995
4034,9cce2_00012,206,0.89,marginal_confidence,3,279.36499999999995
4035,9cce2_00012,207,0.9,marginal_confidence,3,279.36499999999995
4036,9cce2_00012,208,0.87,marginal_confidence,3,279.36499999999995
4037,9cce2_00012,209,0.8899999999999999,marginal_confidence,3,279.36499999999995
4038,9cce2_00012,210,0.8999999999999999,marginal_confidence,3,279.36499999999995
4039,9cce2_00012,211,0.89,marginal_confidence,3,279.36499999999995
4040,9cce2_00012,212,0.8999999999999999,marginal_confidence,3,279.36499999999995
4041,9cce2_00012,213,0.86,marginal_confidence,3,279.36499999999995
4042,9cce2_00012,214,0.89,marginal_confidence,3,279.36499999999995
4043,9cce2_00012,215,0.87,marginal_confidence,3,279.36499999999995
4044,9cce2_00012,216,0.9,marginal_confidence,3,279.36499999999995
4045,9cce2_00012,217,0.8999999999999999,marginal_confidence,3,279.36499999999995
4046,9cce2_00012,218,0.89,marginal_confidence,3,279.36499999999995
4047,9cce2_00012,219,0.91,marginal_confidence,3,279.36499999999995
4048,9cce2_00012,220,0.87,marginal_confidence,3,279.36499999999995
4049,9cce2_00012,221,0.88,marginal_confidence,3,279.36499999999995
4050,9cce2_00012,222,0.8799999999999999,marginal_confidence,3,279.36499999999995
4051,9cce2_00012,223,0.87,marginal_confidence,3,279.36499999999995
4052,9cce2_00012,224,0.89,marginal_confidence,3,279.36499999999995
4053,9cce2_00012,225,0.87,marginal_confidence,3,279.36499999999995
4054,9cce2_00012,226,0.86,marginal_confidence,3,279.36499999999995
4055,9cce2_00012,227,0.89,marginal_confidence,3,279.36499999999995
4056,9cce2_00012,228,0.87,marginal_confidence,3,279.36499999999995
4057,9cce2_00012,229,0.8999999999999999,marginal_confidence,3,279.36499999999995
4058,9cce2_00012,230,0.8899999999999999,marginal_confidence,3,279.36499999999995
4059,9cce2_00012,231,0.9,marginal_confidence,3,279.36499999999995
4060,9cce2_00012,232,0.89,marginal_confidence,3,279.36499999999995
4061,9cce2_00012,233,0.87,marginal_confidence,3,279.36499999999995
4062,9cce2_00012,234,0.8999999999999999,marginal_confidence,3,279.36499999999995
4063,9cce2_00012,235,0.88,marginal_confidence,3,279.36499999999995
4064,9cce2_00012,236,0.89,marginal_confidence,3,279.36499999999995
4065,9cce2_00012,237,0.89,marginal_confidence,3,279.36499999999995
4066,9cce2_00012,238,0.8899999999999999,marginal_confidence,3,279.36499999999995
4067,9cce2_00012,239,0.8899999999999999,marginal_confidence,3,279.36499999999995
4068,9cce2_00012,240,0.9,marginal_confidence,3,279.36499999999995
4069,9cce2_00012,241,0.8899999999999999,marginal_confidence,3,279.36499999999995
4070,9cce2_00012,242,0.88,marginal_confidence,3,279.36499999999995
4071,9cce2_00012,243,0.9,marginal_confidence,3,279.36499999999995
4072,9cce2_00012,244,0.8999999999999999,marginal_confidence,3,279.36499999999995
4073,9cce2_00012,245,0.87,marginal_confidence,3,279.36499999999995
4074,9cce2_00012,246,0.88,marginal_confidence,3,279.36499999999995
4075,9cce2_00012,247,0.89,marginal_confidence,3,279.36499999999995
4076,9cce2_00012,248,0.8999999999999999,marginal_confidence,3,279.36499999999995
4077,9cce2_00012,249,0.9,marginal_confidence,3,279.36499999999995
4078,9cce2_00012,250,0.88,marginal_confidence,3,279.36499999999995
4079,9cce2_00012,251,0.89,marginal_confidence,3,279.36499999999995
4080,9cce2_00012,252,0.8899999999999999,marginal_confidence,3,279.36499999999995
4081,9cce2_00012,253,0.88,marginal_confidence,3,279.36499999999995
4082,9cce2_00012,254,0.89,marginal_confidence,3,279.36499999999995
4083,9cce2_00012,255,0.89,marginal_confidence,3,279.36499999999995
4084,9cce2_00012,256,0.88,marginal_confidence,3,279.36499999999995
4085,9cce2_00012,257,0.88,marginal_confidence,3,279.36499999999995
4086,9cce2_00012,258,0.87,marginal_confidence,3,279.36499999999995
4087,9cce2_00012,259,0.89,marginal_confidence,3,279.36499999999995
4088,9cce2_00012,260,0.89,marginal_confidence,3,279.36499999999995
4089,9cce2_00012,261,0.8999999999999999,marginal_confidence,3,279.36499999999995
4090,9cce2_00012,262,0.88,marginal_confidence,3,279.36499999999995
4091,9cce2_00012,263,0.89,marginal_confidence,3,279.36499999999995
4092,9cce2_00012,264,0.87,marginal_confidence,3,279.36499999999995
4093,9cce2_00012,265,0.88,marginal_confidence,3,279.36499999999995
4094,9cce2_00012,266,0.8899999999999999,marginal_confidence,3,279.36499999999995
4095,9cce2_00012,267,0.8899999999999999,marginal_confidence,3,279.36499999999995
4096,9cce2_00012,268,0.88,marginal_confidence,3,279.36499999999995
4097,9cce2_00012,269,0.91,marginal_confidence,3,279.36499999999995
4098,9cce2_00012,270,0.89,marginal_confidence,3,279.36499999999995
4099,9cce2_00012,271,0.9,marginal_confidence,3,279.36499999999995
4100,9cce2_00012,272,0.89,marginal_confidence,3,279.36499999999995
4101,9cce2_00012,273,0.89,marginal_confidence,3,279.36499999999995
4102,9cce2_00012,274,0.89,marginal_confidence,3,279.36499999999995
4103,9cce2_00012,275,0.88,marginal_confidence,3,279.36499999999995
4104,9cce2_00012,276,0.8999999999999999,marginal_confidence,3,279.36499999999995
4105,9cce2_00012,277,0.88,marginal_confidence,3,279.36499999999995
4106,9cce2_00012,278,0.88,marginal_confidence,3,279.36499999999995
4107,9cce2_00012,279,0.88,marginal_confidence,3,279.36499999999995
4108,9cce2_00012,280,0.89,marginal_confidence,3,279.36499999999995
4109,9cce2_00012,281,0.8999999999999999,marginal_confidence,3,279.36499999999995
4110,9cce2_00012,282,0.8999999999999999,marginal_confidence,3,279.36499999999995
4111,9cce2_00012,283,0.8999999999999999,marginal_confidence,3,279.36499999999995
4112,9cce2_00012,284,0.8899999999999999,marginal_confidence,3,279.36499999999995
4113,9cce2_00012,285,0.88,marginal_confidence,3,279.36499999999995
4114,9cce2_00012,286,0.89,marginal_confidence,3,279.36499999999995
4115,9cce2_00012,287,0.88,marginal_confidence,3,279.36499999999995
4116,9cce2_00012,288,0.89,marginal_confidence,3,279.36499999999995
4117,9cce2_00012,289,0.89,marginal_confidence,3,279.36499999999995
4118,9cce2_00012,290,0.8899999999999999,marginal_confidence,3,279.36499999999995
4119,9cce2_00012,291,0.88,marginal_confidence,3,279.36499999999995
4120,9cce2_00012,292,0.8999999999999999,marginal_confidence,3,279.36499999999995
4121,9cce2_00012,293,0.88,marginal_confidence,3,279.36499999999995
4122,9cce2_00012,294,0.8999999999999999,marginal_confidence,3,279.36499999999995
4123,9cce2_00012,295,0.89,marginal_confidence,3,279.36499999999995
4124,9cce2_00012,296,0.89,marginal_confidence,3,279.36499999999995
4125,9cce2_00012,297,0.8999999999999999,marginal_confidence,3,279.36499999999995
4126,9cce2_00012,298,0.89,marginal_confidence,3,279.36499999999995
4127,9cce2_00012,299,0.89,marginal_confidence,3,279.36499999999995
4128,9cce2_00012,300,0.89,marginal_confidence,3,279.36499999999995
4129,9cce2_00012,301,0.89,marginal_confidence,3,279.36499999999995
4130,9cce2_00012,302,0.88,marginal_confidence,3,279.36499999999995
4131,9cce2_00012,303,0.88,marginal_confidence,3,279.36499999999995
4132,9cce2_00012,304,0.89,marginal_confidence,3,279.36499999999995
4133,9cce2_00012,305,0.87,marginal_confidence,3,279.36499999999995
4134,9cce2_00012,306,0.9,marginal_confidence,3,279.36499999999995
4135,9cce2_00012,307,0.88,marginal_confidence,3,279.36499999999995
4136,9cce2_00012,308,0.88,marginal_confidence,3,279.36499999999995
4137,9cce2_00012,309,0.89,marginal_confidence,3,279.36499999999995
4138,9cce2_00012,310,0.85,marginal_confidence,3,279.36499999999995
4139,9cce2_00012,311,0.87,marginal_confidence,3,279.36499999999995
4140,9cce2_00012,312,0.88,marginal_confidence,3,279.36499999999995
4141,9cce2_00012,313,0.8899999999999999,marginal_confidence,3,279.36499999999995
4142,9cce2_00012,314,0.87,marginal_confidence,3,279.36499999999995
4143,9cce2_00012,315,0.9199999999999999,marginal_confidence,3,279.36499999999995
4144,9cce2_00012,316,0.88,marginal_confidence,3,279.36499999999995
4145,9cce2_00012,317,0.89,marginal_confidence,3,279.36499999999995
4146,9cce2_00012,318,0.8999999999999999,marginal_confidence,3,279.36499999999995
4147,9cce2_00013,0,0.5,marginal_confidence,4,279.505
4148,9cce2_00013,1,0.5,marginal_confidence,4,279.505
4149,9cce2_00013,2,0.85,marginal_confidence,4,279.505
4150,9cce2_00013,3,0.87,marginal_confidence,4,279.505
4151,9cce2_00013,4,0.88,marginal_confidence,4,279.505
4152,9cce2_00013,5,0.84,marginal_confidence,4,279.505
4153,9cce2_00013,6,0.8600000000000001,marginal_confidence,4,279.505
4154,9cce2_00013,7,0.86,marginal_confidence,4,279.505
4155,9cce2_00013,8,0.79,marginal_confidence,4,279.505
4156,9cce2_00013,9,0.85,marginal_confidence,4,279.505
4157,9cce2_00013,10,0.94,marginal_confidence,4,279.505
4158,9cce2_00013,11,0.88,marginal_confidence,4,279.505
4159,9cce2_00013,12,0.85,marginal_confidence,4,279.505
4160,9cce2_00013,13,0.86,marginal_confidence,4,279.505
4161,9cce2_00013,14,0.88,marginal_confidence,4,279.505
4162,9cce2_00013,15,0.85,marginal_confidence,4,279.505
4163,9cce2_00013,16,0.8600000000000001,marginal_confidence,4,279.505
4164,9cce2_00013,17,0.89,marginal_confidence,4,279.505
4165,9cce2_00013,18,0.79,marginal_confidence,4,279.505
4166,9cce2_00013,19,0.72,marginal_confidence,4,279.505
4167,9cce2_00013,20,0.8899999999999999,marginal_confidence,4,279.505
4168,9cce2_00013,21,0.89,marginal_confidence,4,279.505
4169,9cce2_00013,22,0.84,marginal_confidence,4,279.505
4170,9cce2_00013,23,0.84,marginal_confidence,4,279.505
4171,9cce2_00013,24,0.86,marginal_confidence,4,279.505
4172,9cce2_00013,25,0.84,marginal_confidence,4,279.505
4173,9cce2_00013,26,0.81,marginal_confidence,4,279.505
4174,9cce2_00013,27,0.84,marginal_confidence,4,279.505
4175,9cce2_00013,28,0.87,marginal_confidence,4,279.505
4176,9cce2_00013,29,0.88,marginal_confidence,4,279.505
4177,9cce2_00013,30,0.87,marginal_confidence,4,279.505
4178,9cce2_00013,31,0.76,marginal_confidence,4,279.505
4179,9cce2_00013,32,0.87,marginal_confidence,4,279.505
4180,9cce2_00013,33,0.87,marginal_confidence,4,279.505
4181,9cce2_00013,34,0.87,marginal_confidence,4,279.505
4182,9cce2_00013,35,0.84,marginal_confidence,4,279.505
4183,9cce2_00013,36,0.87,marginal_confidence,4,279.505
4184,9cce2_00013,37,0.8899999999999999,marginal_confidence,4,279.505
4185,9cce2_00013,38,0.76,marginal_confidence,4,279.505
4186,9cce2_00013,39,0.8899999999999999,marginal_confidence,4,279.505
4187,9cce2_00013,40,0.86,marginal_confidence,4,279.505
4188,9cce2_00013,41,0.84,marginal_confidence,4,279.505
4189,9cce2_00013,42,0.8899999999999999,marginal_confidence,4,279.505
4190,9cce2_00013,43,0.87,marginal_confidence,4,279.505
4191,9cce2_00013,44,0.8899999999999999,marginal_confidence,4,279.505
4192,9cce2_00013,45,0.8999999999999999,marginal_confidence,4,279.505
4193,9cce2_00013,46,0.88,marginal_confidence,4,279.505
4194,9cce2_00013,47,0.8999999999999999,marginal_confidence,4,279.505
4195,9cce2_00013,48,0.8899999999999999,marginal_confidence,4,279.505
4196,9cce2_00013,49,0.88,marginal_confidence,4,279.505
4197,9cce2_00013,50,0.86,marginal_confidence,4,279.505
4198,9cce2_00013,51,0.8999999999999999,marginal_confidence,4,279.505
4199,9cce2_00013,52,0.84,marginal_confidence,4,279.505
4200,9cce2_00013,53,0.8899999999999999,marginal_confidence,4,279.505
4201,9cce2_00013,54,0.88,marginal_confidence,4,279.505
4202,9cce2_00013,55,0.83,marginal_confidence,4,279.505
4203,9cce2_00013,56,0.86,marginal_confidence,4,279.505
4204,9cce2_00013,57,0.87,marginal_confidence,4,279.505
4205,9cce2_00013,58,0.87,marginal_confidence,4,279.505
4206,9cce2_00013,59,0.86,marginal_confidence,4,279.505
4207,9cce2_00013,60,0.88,marginal_confidence,4,279.505
4208,9cce2_00013,61,0.87,marginal_confidence,4,279.505
4209,9cce2_00013,62,0.8899999999999999,marginal_confidence,4,279.505
4210,9cce2_00013,63,0.9,marginal_confidence,4,279.505
4211,9cce2_00013,64,0.87,marginal_confidence,4,279.505
4212,9cce2_00013,65,0.8999999999999999,marginal_confidence,4,279.505
4213,9cce2_00013,66,0.8200000000000001,marginal_confidence,4,279.505
4214,9cce2_00013,67,0.85,marginal_confidence,4,279.505
4215,9cce2_00013,68,0.86,marginal_confidence,4,279.505
4216,9cce2_00013,69,0.85,marginal_confidence,4,279.505
4217,9cce2_00013,70,0.87,marginal_confidence,4,279.505
4218,9cce2_00013,71,0.8500000000000001,marginal_confidence,4,279.505
4219,9cce2_00013,72,0.8899999999999999,marginal_confidence,4,279.505
4220,9cce2_00013,73,0.8799999999999999,marginal_confidence,4,279.505
4221,9cce2_00013,74,0.87,marginal_confidence,4,279.505
4222,9cce2_00013,75,0.9099999999999999,marginal_confidence,4,279.505
4223,9cce2_00013,76,0.86,marginal_confidence,4,279.505
4224,9cce2_00013,77,0.87,marginal_confidence,4,279.505
4225,9cce2_00013,78,0.8899999999999999,marginal_confidence,4,279.505
4226,9cce2_00013,79,0.88,marginal_confidence,4,279.505
4227,9cce2_00013,80,0.8600000000000001,marginal_confidence,4,279.505
4228,9cce2_00013,81,0.85,marginal_confidence,4,279.505
4229,9cce2_00013,82,0.8899999999999999,marginal_confidence,4,279.505
4230,9cce2_00013,83,0.9199999999999999,marginal_confidence,4,279.505
4231,9cce2_00013,84,0.9199999999999999,marginal_confidence,4,279.505
4232,9cce2_00013,85,0.84,marginal_confidence,4,279.505
4233,9cce2_00013,86,0.85,marginal_confidence,4,279.505
4234,9cce2_00013,87,0.8899999999999999,marginal_confidence,4,279.505
4235,9cce2_00013,88,0.8999999999999999,marginal_confidence,4,279.505
4236,9cce2_00013,89,0.9099999999999999,marginal_confidence,4,279.505
4237,9cce2_00013,90,0.86,marginal_confidence,4,279.505
4238,9cce2_00013,91,0.86,marginal_confidence,4,279.505
4239,9cce2_00013,92,0.9099999999999999,marginal_confidence,4,279.505
4240,9cce2_00013,93,0.85,marginal_confidence,4,279.505
4241,9cce2_00013,94,0.8799999999999999,marginal_confidence,4,279.505
4242,9cce2_00013,95,0.8899999999999999,marginal_confidence,4,279.505
4243,9cce2_00013,96,0.8500000000000001,marginal_confidence,4,279.505
4244,9cce2_00013,97,0.89,marginal_confidence,4,279.505
4245,9cce2_00013,98,0.88,marginal_confidence,4,279.505
4246,9cce2_00013,99,0.8999999999999999,marginal_confidence,4,279.505
4247,9cce2_00013,100,0.8999999999999999,marginal_confidence,4,279.505
4248,9cce2_00013,101,0.86,marginal_confidence,4,279.505
4249,9cce2_00013,102,0.9099999999999999,marginal_confidence,4,279.505
4250,9cce2_00013,103,0.88,marginal_confidence,4,279.505
4251,9cce2_00013,104,0.84,marginal_confidence,4,279.505
4252,9cce2_00013,105,0.86,marginal_confidence,4,279.505
4253,9cce2_00013,106,0.87,marginal_confidence,4,279.505
4254,9cce2_00013,107,0.87,marginal_confidence,4,279.505
4255,9cce2_00013,108,0.8899999999999999,marginal_confidence,4,279.505
4256,9cce2_00013,109,0.9199999999999999,marginal_confidence,4,279.505
4257,9cce2_00013,110,0.88,marginal_confidence,4,279.505
4258,9cce2_00013,111,0.85,marginal_confidence,4,279.505
4259,9cce2_00013,112,0.8600000000000001,marginal_confidence,4,279.505
4260,9cce2_00013,113,0.87,marginal_confidence,4,279.505
4261,9cce2_00013,114,0.8899999999999999,marginal_confidence,4,279.505
4262,9cce2_00013,115,0.85,marginal_confidence,4,279.505
4263,9cce2_00013,116,0.8799999999999999,marginal_confidence,4,279.505
4264,9cce2_00013,117,0.88,marginal_confidence,4,279.505
4265,9cce2_00013,118,0.9099999999999999,marginal_confidence,4,279.505
4266,9cce2_00013,119,0.88,marginal_confidence,4,279.505
4267,9cce2_00013,120,0.8300000000000001,marginal_confidence,4,279.505
4268,9cce2_00013,121,0.9099999999999999,marginal_confidence,4,279.505
4269,9cce2_00013,122,0.9099999999999999,marginal_confidence,4,279.505
4270,9cce2_00013,123,0.88,marginal_confidence,4,279.505
4271,9cce2_00013,124,0.8899999999999999,marginal_confidence,4,279.505
4272,9cce2_00013,125,0.9299999999999999,marginal_confidence,4,279.505
4273,9cce2_00013,126,0.86,marginal_confidence,4,279.505
4274,9cce2_00013,127,0.8999999999999999,marginal_confidence,4,279.505
4275,9cce2_00013,128,0.9099999999999999,marginal_confidence,4,279.505
4276,9cce2_00013,129,0.9299999999999999,marginal_confidence,4,279.505
4277,9cce2_00013,130,0.9,marginal_confidence,4,279.505
4278,9cce2_00013,131,0.9299999999999999,marginal_confidence,4,279.505
4279,9cce2_00013,132,0.85,marginal_confidence,4,279.505
4280,9cce2_00013,133,0.87,marginal_confidence,4,279.505
4281,9cce2_00013,134,0.86,marginal_confidence,4,279.505
4282,9cce2_00013,135,0.88,marginal_confidence,4,279.505
4283,9cce2_00013,136,0.9199999999999999,marginal_confidence,4,279.505
4284,9cce2_00013,137,0.88,marginal_confidence,4,279.505
4285,9cce2_00013,138,0.86,marginal_confidence,4,279.505
4286,9cce2_00013,139,0.84,marginal_confidence,4,279.505
4287,9cce2_00013,140,0.9099999999999999,marginal_confidence,4,279.505
4288,9cce2_00013,141,0.88,marginal_confidence,4,279.505
4289,9cce2_00013,142,0.87,marginal_confidence,4,279.505
4290,9cce2_00013,143,0.9199999999999999,marginal_confidence,4,279.505
4291,9cce2_00013,144,0.9299999999999999,marginal_confidence,4,279.505
4292,9cce2_00013,145,0.86,marginal_confidence,4,279.505
4293,9cce2_00013,146,0.86,marginal_confidence,4,279.505
4294,9cce2_00013,147,0.8899999999999999,marginal_confidence,4,279.505
4295,9cce2_00013,148,0.9199999999999999,marginal_confidence,4,279.505
4296,9cce2_00013,149,0.95,marginal_confidence,4,279.505
4297,9cce2_00013,150,0.88,marginal_confidence,4,279.505
4298,9cce2_00013,151,0.88,marginal_confidence,4,279.505
4299,9cce2_00013,152,0.9299999999999999,marginal_confidence,4,279.505
4300,9cce2_00013,153,0.94,marginal_confidence,4,279.505
4301,9cce2_00013,154,0.8899999999999999,marginal_confidence,4,279.505
4302,9cce2_00013,155,0.8899999999999999,marginal_confidence,4,279.505
4303,9cce2_00013,156,0.8899999999999999,marginal_confidence,4,279.505
4304,9cce2_00013,157,0.8999999999999999,marginal_confidence,4,279.505
4305,9cce2_00013,158,0.86,marginal_confidence,4,279.505
4306,9cce2_00013,159,0.87,marginal_confidence,4,279.505
4307,9cce2_00013,160,0.9099999999999999,marginal_confidence,4,279.505
4308,9cce2_00013,161,0.8999999999999999,marginal_confidence,4,279.505
4309,9cce2_00013,162,0.9199999999999999,marginal_confidence,4,279.505
4310,9cce2_00013,163,0.86,marginal_confidence,4,279.505
4311,9cce2_00013,164,0.9199999999999999,marginal_confidence,4,279.505
4312,9cce2_00013,165,0.84,marginal_confidence,4,279.505
4313,9cce2_00013,166,0.8999999999999999,marginal_confidence,4,279.505
4314,9cce2_00013,167,0.8999999999999999,marginal_confidence,4,279.505
4315,9cce2_00013,168,0.8899999999999999,marginal_confidence,4,279.505
4316,9cce2_00013,169,0.8899999999999999,marginal_confidence,4,279.505
4317,9cce2_00013,170,0.86,marginal_confidence,4,279.505
4318,9cce2_00013,171,0.87,marginal_confidence,4,279.505
4319,9cce2_00013,172,0.87,marginal_confidence,4,279.505
4320,9cce2_00013,173,0.8999999999999999,marginal_confidence,4,279.505
4321,9cce2_00013,174,0.86,marginal_confidence,4,279.505
4322,9cce2_00013,175,0.9099999999999999,marginal_confidence,4,279.505
4323,9cce2_00013,176,0.9099999999999999,marginal_confidence,4,279.505
4324,9cce2_00013,177,0.8899999999999999,marginal_confidence,4,279.505
4325,9cce2_00013,178,0.84,marginal_confidence,4,279.505
4326,9cce2_00013,179,0.9199999999999999,marginal_confidence,4,279.505
4327,9cce2_00013,180,0.86,marginal_confidence,4,279.505
4328,9cce2_00013,181,0.9099999999999999,marginal_confidence,4,279.505
4329,9cce2_00013,182,0.9199999999999999,marginal_confidence,4,279.505
4330,9cce2_00013,183,0.88,marginal_confidence,4,279.505
4331,9cce2_00013,184,0.8899999999999999,marginal_confidence,4,279.505
4332,9cce2_00013,185,0.86,marginal_confidence,4,279.505
4333,9cce2_00013,186,0.9099999999999999,marginal_confidence,4,279.505
4334,9cce2_00013,187,0.9199999999999999,marginal_confidence,4,279.505
4335,9cce2_00013,188,0.9199999999999999,marginal_confidence,4,279.505
4336,9cce2_00013,189,0.9299999999999999,marginal_confidence,4,279.505
4337,9cce2_00013,190,0.88,marginal_confidence,4,279.505
4338,9cce2_00013,191,0.8799999999999999,marginal_confidence,4,279.505
4339,9cce2_00013,192,0.8999999999999999,marginal_confidence,4,279.505
4340,9cce2_00013,193,0.85,marginal_confidence,4,279.505
4341,9cce2_00013,194,0.86,marginal_confidence,4,279.505
4342,9cce2_00013,195,0.8999999999999999,marginal_confidence,4,279.505
4343,9cce2_00013,196,0.9099999999999999,marginal_confidence,4,279.505
4344,9cce2_00013,197,0.89,marginal_confidence,4,279.505
4345,9cce2_00013,198,0.88,marginal_confidence,4,279.505
4346,9cce2_00013,199,0.8999999999999999,marginal_confidence,4,279.505
4347,9cce2_00013,200,0.8999999999999999,marginal_confidence,4,279.505
4348,9cce2_00013,201,0.8899999999999999,marginal_confidence,4,279.505
4349,9cce2_00013,202,0.84,marginal_confidence,4,279.505
4350,9cce2_00013,203,0.88,marginal_confidence,4,279.505
4351,9cce2_00013,204,0.92,marginal_confidence,4,279.505
4352,9cce2_00013,205,0.94,marginal_confidence,4,279.505
4353,9cce2_00013,206,0.8999999999999999,marginal_confidence,4,279.505
4354,9cce2_00013,207,0.84,marginal_confidence,4,279.505
4355,9cce2_00013,208,0.89,marginal_confidence,4,279.505
4356,9cce2_00013,209,0.87,marginal_confidence,4,279.505
4357,9cce2_00013,210,0.94,marginal_confidence,4,279.505
4358,9cce2_00013,211,0.8899999999999999,marginal_confidence,4,279.505
4359,9cce2_00013,212,0.88,marginal_confidence,4,279.505
4360,9cce2_00013,213,0.9,marginal_confidence,4,279.505
4361,9cce2_00013,214,0.9099999999999999,marginal_confidence,4,279.505
4362,9cce2_00013,215,0.87,marginal_confidence,4,279.505
4363,9cce2_00013,216,0.86,marginal_confidence,4,279.505
4364,9cce2_00013,217,0.8500000000000001,marginal_confidence,4,279.505
4365,9cce2_00013,218,0.8999999999999999,marginal_confidence,4,279.505
4366,9cce2_00013,219,0.9199999999999999,marginal_confidence,4,279.505
4367,9cce2_00013,220,0.8999999999999999,marginal_confidence,4,279.505
4368,9cce2_00013,221,0.89,marginal_confidence,4,279.505
4369,9cce2_00013,222,0.88,marginal_confidence,4,279.505
4370,9cce2_00013,223,0.8999999999999999,marginal_confidence,4,279.505
4371,9cce2_00013,224,0.87,marginal_confidence,4,279.505
4372,9cce2_00013,225,0.79,marginal_confidence,4,279.505
4373,9cce2_00013,226,0.87,marginal_confidence,4,279.505
4374,9cce2_00013,227,0.88,marginal_confidence,4,279.505
4375,9cce2_00013,228,0.9199999999999999,marginal_confidence,4,279.505
4376,9cce2_00013,229,0.8799999999999999,marginal_confidence,4,279.505
4377,9cce2_00013,230,0.9099999999999999,marginal_confidence,4,279.505
4378,9cce2_00013,231,0.84,marginal_confidence,4,279.505
4379,9cce2_00013,232,0.9299999999999999,marginal_confidence,4,279.505
4380,9cce2_00013,233,0.87,marginal_confidence,4,279.505
4381,9cce2_00013,234,0.9199999999999999,marginal_confidence,4,279.505
4382,9cce2_00013,235,0.8999999999999999,marginal_confidence,4,279.505
4383,9cce2_00013,236,0.86,marginal_confidence,4,279.505
4384,9cce2_00013,237,0.87,marginal_confidence,4,279.505
4385,9cce2_00013,238,0.9099999999999999,marginal_confidence,4,279.505
4386,9cce2_00013,239,0.8899999999999999,marginal_confidence,4,279.505
4387,9cce2_00013,240,0.9199999999999999,marginal_confidence,4,279.505
4388,9cce2_00013,241,0.8899999999999999,marginal_confidence,4,279.505
4389,9cce2_00013,242,0.87,marginal_confidence,4,279.505
4390,9cce2_00013,243,0.9099999999999999,marginal_confidence,4,279.505
4391,9cce2_00013,244,0.8899999999999999,marginal_confidence,4,279.505
4392,9cce2_00013,245,0.8999999999999999,marginal_confidence,4,279.505
4393,9cce2_00013,246,0.78,marginal_confidence,4,279.505
4394,9cce2_00013,247,0.9099999999999999,marginal_confidence,4,279.505
4395,9cce2_00013,248,0.84,marginal_confidence,4,279.505
4396,9cce2_00013,249,0.88,marginal_confidence,4,279.505
4397,9cce2_00013,250,0.86,marginal_confidence,4,279.505
4398,9cce2_00013,251,0.87,marginal_confidence,4,279.505
4399,9cce2_00013,252,0.9299999999999999,marginal_confidence,4,279.505
4400,9cce2_00013,253,0.9,marginal_confidence,4,279.505
4401,9cce2_00013,254,0.8899999999999999,marginal_confidence,4,279.505
4402,9cce2_00013,255,0.9299999999999999,marginal_confidence,4,279.505
4403,9cce2_00013,256,0.8999999999999999,marginal_confidence,4,279.505
4404,9cce2_00013,257,0.8999999999999999,marginal_confidence,4,279.505
4405,9cce2_00013,258,0.95,marginal_confidence,4,279.505
4406,9cce2_00013,259,0.8999999999999999,marginal_confidence,4,279.505
4407,9cce2_00013,260,0.94,marginal_confidence,4,279.505
4408,9cce2_00013,261,0.9099999999999999,marginal_confidence,4,279.505
4409,9cce2_00013,262,0.8999999999999999,marginal_confidence,4,279.505
4410,9cce2_00013,263,0.8799999999999999,marginal_confidence,4,279.505
4411,9cce2_00013,264,0.86,marginal_confidence,4,279.505
4412,9cce2_00013,265,0.9099999999999999,marginal_confidence,4,279.505
4413,9cce2_00013,266,0.8999999999999999,marginal_confidence,4,279.505
4414,9cce2_00013,267,0.9199999999999999,marginal_confidence,4,279.505
4415,9cce2_00013,268,0.88,marginal_confidence,4,279.505
4416,9cce2_00013,269,0.8999999999999999,marginal_confidence,4,279.505
4417,9cce2_00013,270,0.8999999999999999,marginal_confidence,4,279.505
4418,9cce2_00013,271,0.87,marginal_confidence,4,279.505
4419,9cce2_00013,272,0.8999999999999999,marginal_confidence,4,279.505
4420,9cce2_00013,273,0.88,marginal_confidence,4,279.505
4421,9cce2_00013,274,0.9099999999999999,marginal_confidence,4,279.505
4422,9cce2_00013,275,0.86,marginal_confidence,4,279.505
4423,9cce2_00013,276,0.8,marginal_confidence,4,279.505
4424,9cce2_00013,277,0.8999999999999999,marginal_confidence,4,279.505
4425,9cce2_00013,278,0.8500000000000001,marginal_confidence,4,279.505
4426,9cce2_00013,279,0.86,marginal_confidence,4,279.505
4427,9cce2_00013,280,0.85,marginal_confidence,4,279.505
4428,9cce2_00013,281,0.9199999999999999,marginal_confidence,4,279.505
4429,9cce2_00013,282,0.88,marginal_confidence,4,279.505
4430,9cce2_00013,283,0.9099999999999999,marginal_confidence,4,279.505
4431,9cce2_00013,284,0.8899999999999999,marginal_confidence,4,279.505
4432,9cce2_00013,285,0.88,marginal_confidence,4,279.505
4433,9cce2_00013,286,0.8,marginal_confidence,4,279.505
4434,9cce2_00013,287,0.85,marginal_confidence,4,279.505
4435,9cce2_00013,288,0.8999999999999999,marginal_confidence,4,279.505
4436,9cce2_00013,289,0.8899999999999999,marginal_confidence,4,279.505
4437,9cce2_00013,290,0.88,marginal_confidence,4,279.505
4438,9cce2_00013,291,0.9099999999999999,marginal_confidence,4,279.505
4439,9cce2_00013,292,0.8899999999999999,marginal_confidence,4,279.505
4440,9cce2_00013,293,0.9099999999999999,marginal_confidence,4,279.505
4441,9cce2_00013,294,0.9199999999999999,marginal_confidence,4,279.505
4442,9cce2_00013,295,0.84,marginal_confidence,4,279.505
4443,9cce2_00013,296,0.8999999999999999,marginal_confidence,4,279.505
4444,9cce2_00013,297,0.85,marginal_confidence,4,279.505
4445,9cce2_00013,298,0.85,marginal_confidence,4,279.505
4446,9cce2_00013,299,0.8999999999999999,marginal_confidence,4,279.505
4447,9cce2_00013,300,0.8999999999999999,marginal_confidence,4,279.505
4448,9cce2_00013,301,0.87,marginal_confidence,4,279.505
4449,9cce2_00013,302,0.8999999999999999,marginal_confidence,4,279.505
4450,9cce2_00013,303,0.8400000000000001,marginal_confidence,4,279.505
4451,9cce2_00013,304,0.9099999999999999,marginal_confidence,4,279.505
4452,9cce2_00013,305,0.88,marginal_confidence,4,279.505
4453,9cce2_00013,306,0.9099999999999999,marginal_confidence,4,279.505
4454,9cce2_00013,307,0.87,marginal_confidence,4,279.505
4455,9cce2_00013,308,0.87,marginal_confidence,4,279.505
4456,9cce2_00013,309,0.8999999999999999,marginal_confidence,4,279.505
4457,9cce2_00013,310,0.9099999999999999,marginal_confidence,4,279.505
4458,9cce2_00013,311,0.8999999999999999,marginal_confidence,4,279.505
4459,9cce2_00013,312,0.83,marginal_confidence,4,279.505
4460,9cce2_00013,313,0.91,marginal_confidence,4,279.505
4461,9cce2_00013,314,0.86,marginal_confidence,4,279.505
4462,9cce2_00013,315,0.88,marginal_confidence,4,279.505
4463,9cce2_00013,316,0.94,marginal_confidence,4,279.505
4464,9cce2_00013,317,0.8999999999999999,marginal_confidence,4,279.505
4465,9cce2_00013,318,0.85,marginal_confidence,4,279.505
4466,9cce2_00014,0,0.75,marginal_confidence,5,290.825
4467,9cce2_00014,1,0.75,marginal_confidence,5,290.825
4468,9cce2_00014,2,0.88,marginal_confidence,5,290.825
4469,9cce2_00014,3,0.8200000000000001,marginal_confidence,5,290.825
4470,9cce2_00014,4,0.8400000000000001,marginal_confidence,5,290.825
4471,9cce2_00014,5,0.84,marginal_confidence,5,290.825
4472,9cce2_00014,6,0.8300000000000001,marginal_confidence,5,290.825
4473,9cce2_00014,7,0.8400000000000001,marginal_confidence,5,290.825
4474,9cce2_00014,8,0.94,marginal_confidence,5,290.825
4475,9cce2_00014,9,0.8200000000000001,marginal_confidence,5,290.825
4476,9cce2_00014,10,0.94,marginal_confidence,5,290.825
4477,9cce2_00014,11,0.9299999999999999,marginal_confidence,5,290.825
4478,9cce2_00014,12,0.9099999999999999,marginal_confidence,5,290.825
4479,9cce2_00014,13,0.91,marginal_confidence,5,290.825
4480,9cce2_00014,14,0.54,marginal_confidence,5,290.825
4481,9cce2_00014,15,0.8,marginal_confidence,5,290.825
4482,9cce2_00014,16,0.87,marginal_confidence,5,290.825
4483,9cce2_00014,17,0.89,marginal_confidence,5,290.825
4484,9cce2_00014,18,0.8300000000000001,marginal_confidence,5,290.825
4485,9cce2_00014,19,0.95,marginal_confidence,5,290.825
4486,9cce2_00014,20,0.8999999999999999,marginal_confidence,5,290.825
4487,9cce2_00014,21,0.86,marginal_confidence,5,290.825
4488,9cce2_00014,22,0.94,marginal_confidence,5,290.825
4489,9cce2_00014,23,0.89,marginal_confidence,5,290.825
4490,9cce2_00014,24,0.78,marginal_confidence,5,290.825
4491,9cce2_00014,25,0.9199999999999999,marginal_confidence,5,290.825
4492,9cce2_00014,26,0.81,marginal_confidence,5,290.825
4493,9cce2_00014,27,0.87,marginal_confidence,5,290.825
4494,9cce2_00014,28,0.9299999999999999,marginal_confidence,5,290.825
4495,9cce2_00014,29,0.9099999999999999,marginal_confidence,5,290.825
4496,9cce2_00014,30,0.88,marginal_confidence,5,290.825
4497,9cce2_00014,31,0.85,marginal_confidence,5,290.825
4498,9cce2_00014,32,0.78,marginal_confidence,5,290.825
4499,9cce2_00014,33,0.9199999999999999,marginal_confidence,5,290.825
4500,9cce2_00014,34,0.84,marginal_confidence,5,290.825
4501,9cce2_00014,35,0.9199999999999999,marginal_confidence,5,290.825
4502,9cce2_00014,36,0.85,marginal_confidence,5,290.825
4503,9cce2_00014,37,0.9199999999999999,marginal_confidence,5,290.825
4504,9cce2_00014,38,0.8999999999999999,marginal_confidence,5,290.825
4505,9cce2_00014,39,0.9199999999999999,marginal_confidence,5,290.825
4506,9cce2_00014,40,0.8500000000000001,marginal_confidence,5,290.825
4507,9cce2_00014,41,0.95,marginal_confidence,5,290.825
4508,9cce2_00014,42,0.9199999999999999,marginal_confidence,5,290.825
4509,9cce2_00014,43,0.84,marginal_confidence,5,290.825
4510,9cce2_00014,44,0.89,marginal_confidence,5,290.825
4511,9cce2_00014,45,0.89,marginal_confidence,5,290.825
4512,9cce2_00014,46,0.94,marginal_confidence,5,290.825
4513,9cce2_00014,47,0.85,marginal_confidence,5,290.825
4514,9cce2_00014,48,0.9099999999999999,marginal_confidence,5,290.825
4515,9cce2_00014,49,0.9,marginal_confidence,5,290.825
4516,9cce2_00014,50,0.9099999999999999,marginal_confidence,5,290.825
4517,9cce2_00014,51,0.9,marginal_confidence,5,290.825
4518,9cce2_00014,52,0.9199999999999999,marginal_confidence,5,290.825
4519,9cce2_00014,53,0.86,marginal_confidence,5,290.825
4520,9cce2_00014,54,0.9099999999999999,marginal_confidence,5,290.825
4521,9cce2_00014,55,0.88,marginal_confidence,5,290.825
4522,9cce2_00014,56,0.95,marginal_confidence,5,290.825
4523,9cce2_00014,57,0.9099999999999999,marginal_confidence,5,290.825
4524,9cce2_00014,58,0.75,marginal_confidence,5,290.825
4525,9cce2_00014,59,0.8400000000000001,marginal_confidence,5,290.825
4526,9cce2_00014,60,0.9,marginal_confidence,5,290.825
4527,9cce2_00014,61,0.9199999999999999,marginal_confidence,5,290.825
4528,9cce2_00014,62,0.8600000000000001,marginal_confidence,5,290.825
4529,9cce2_00014,63,0.9,marginal_confidence,5,290.825
4530,9cce2_00014,64,0.87,marginal_confidence,5,290.825
4531,9cce2_00014,65,0.9299999999999999,marginal_confidence,5,290.825
4532,9cce2_00014,66,0.91,marginal_confidence,5,290.825
4533,9cce2_00014,67,0.88,marginal_confidence,5,290.825
4534,9cce2_00014,68,0.89,marginal_confidence,5,290.825
4535,9cce2_00014,69,0.95,marginal_confidence,5,290.825
4536,9cce2_00014,70,0.8300000000000001,marginal_confidence,5,290.825
4537,9cce2_00014,71,0.94,marginal_confidence,5,290.825
4538,9cce2_00014,72,0.87,marginal_confidence,5,290.825
4539,9cce2_00014,73,0.9299999999999999,marginal_confidence,5,290.825
4540,9cce2_00014,74,0.88,marginal_confidence,5,290.825
4541,9cce2_00014,75,0.9299999999999999,marginal_confidence,5,290.825
4542,9cce2_00014,76,0.9199999999999999,marginal_confidence,5,290.825
4543,9cce2_00014,77,0.9099999999999999,marginal_confidence,5,290.825
4544,9cce2_00014,78,0.9099999999999999,marginal_confidence,5,290.825
4545,9cce2_00014,79,0.94,marginal_confidence,5,290.825
4546,9cce2_00014,80,0.9,marginal_confidence,5,290.825
4547,9cce2_00014,81,0.9,marginal_confidence,5,290.825
4548,9cce2_00014,82,0.95,marginal_confidence,5,290.825
4549,9cce2_00014,83,0.8799999999999999,marginal_confidence,5,290.825
4550,9cce2_00014,84,0.9099999999999999,marginal_confidence,5,290.825
4551,9cce2_00014,85,0.9099999999999999,marginal_confidence,5,290.825
4552,9cce2_00014,86,0.9199999999999999,marginal_confidence,5,290.825
4553,9cce2_00014,87,0.94,marginal_confidence,5,290.825
4554,9cce2_00014,88,0.9099999999999999,marginal_confidence,5,290.825
4555,9cce2_00014,89,0.94,marginal_confidence,5,290.825
4556,9cce2_00014,90,0.8999999999999999,marginal_confidence,5,290.825
4557,9cce2_00014,91,0.9299999999999999,marginal_confidence,5,290.825
4558,9cce2_00014,92,0.89,marginal_confidence,5,290.825
4559,9cce2_00014,93,0.9299999999999999,marginal_confidence,5,290.825
4560,9cce2_00014,94,0.9099999999999999,marginal_confidence,5,290.825
4561,9cce2_00014,95,0.9299999999999999,marginal_confidence,5,290.825
4562,9cce2_00014,96,0.9199999999999999,marginal_confidence,5,290.825
4563,9cce2_00014,97,0.9299999999999999,marginal_confidence,5,290.825
4564,9cce2_00014,98,0.94,marginal_confidence,5,290.825
4565,9cce2_00014,99,0.9299999999999999,marginal_confidence,5,290.825
4566,9cce2_00014,100,0.9199999999999999,marginal_confidence,5,290.825
4567,9cce2_00014,101,0.8999999999999999,marginal_confidence,5,290.825
4568,9cce2_00014,102,0.94,marginal_confidence,5,290.825
4569,9cce2_00014,103,0.9199999999999999,marginal_confidence,5,290.825
4570,9cce2_00014,104,0.94,marginal_confidence,5,290.825
4571,9cce2_00014,105,0.9099999999999999,marginal_confidence,5,290.825
4572,9cce2_00014,106,0.94,marginal_confidence,5,290.825
4573,9cce2_00014,107,0.9099999999999999,marginal_confidence,5,290.825
4574,9cce2_00014,108,0.94,marginal_confidence,5,290.825
4575,9cce2_00014,109,0.94,marginal_confidence,5,290.825
4576,9cce2_00014,110,0.8799999999999999,marginal_confidence,5,290.825
4577,9cce2_00014,111,0.8999999999999999,marginal_confidence,5,290.825
4578,9cce2_00014,112,0.9,marginal_confidence,5,290.825
4579,9cce2_00014,113,0.8999999999999999,marginal_confidence,5,290.825
4580,9cce2_00014,114,0.94,marginal_confidence,5,290.825
4581,9cce2_00014,115,0.9199999999999999,marginal_confidence,5,290.825
4582,9cce2_00014,116,0.95,marginal_confidence,5,290.825
4583,9cce2_00014,117,0.86,marginal_confidence,5,290.825
4584,9cce2_00014,118,0.9299999999999999,marginal_confidence,5,290.825
4585,9cce2_00014,119,0.9099999999999999,marginal_confidence,5,290.825
4586,9cce2_00014,120,0.9199999999999999,marginal_confidence,5,290.825
4587,9cce2_00014,121,0.9099999999999999,marginal_confidence,5,290.825
4588,9cce2_00014,122,0.9099999999999999,marginal_confidence,5,290.825
4589,9cce2_00014,123,0.94,marginal_confidence,5,290.825
4590,9cce2_00014,124,0.89,marginal_confidence,5,290.825
4591,9cce2_00014,125,0.9299999999999999,marginal_confidence,5,290.825
4592,9cce2_00014,126,0.94,marginal_confidence,5,290.825
4593,9cce2_00014,127,0.94,marginal_confidence,5,290.825
4594,9cce2_00014,128,0.99,marginal_confidence,5,290.825
4595,9cce2_00014,129,0.9099999999999999,marginal_confidence,5,290.825
4596,9cce2_00014,130,0.85,marginal_confidence,5,290.825
4597,9cce2_00014,131,0.8999999999999999,marginal_confidence,5,290.825
4598,9cce2_00014,132,0.9299999999999999,marginal_confidence,5,290.825
4599,9cce2_00014,133,0.9299999999999999,marginal_confidence,5,290.825
4600,9cce2_00014,134,0.9099999999999999,marginal_confidence,5,290.825
4601,9cce2_00014,135,0.9199999999999999,marginal_confidence,5,290.825
4602,9cce2_00014,136,0.97,marginal_confidence,5,290.825
4603,9cce2_00014,137,0.9099999999999999,marginal_confidence,5,290.825
4604,9cce2_00014,138,0.9299999999999999,marginal_confidence,5,290.825
4605,9cce2_00014,139,0.94,marginal_confidence,5,290.825
4606,9cce2_00014,140,0.9,marginal_confidence,5,290.825
4607,9cce2_00014,141,0.88,marginal_confidence,5,290.825
4608,9cce2_00014,142,0.9199999999999999,marginal_confidence,5,290.825
4609,9cce2_00014,143,0.89,marginal_confidence,5,290.825
4610,9cce2_00014,144,0.88,marginal_confidence,5,290.825
4611,9cce2_00014,145,0.9199999999999999,marginal_confidence,5,290.825
4612,9cce2_00014,146,0.95,marginal_confidence,5,290.825
4613,9cce2_00014,147,0.95,marginal_confidence,5,290.825
4614,9cce2_00014,148,0.9299999999999999,marginal_confidence,5,290.825
4615,9cce2_00014,149,0.94,marginal_confidence,5,290.825
4616,9cce2_00014,150,0.88,marginal_confidence,5,290.825
4617,9cce2_00014,151,0.94,marginal_confidence,5,290.825
4618,9cce2_00014,152,0.8999999999999999,marginal_confidence,5,290.825
4619,9cce2_00014,153,0.9,marginal_confidence,5,290.825
4620,9cce2_00014,154,0.94,marginal_confidence,5,290.825
4621,9cce2_00014,155,0.94,marginal_confidence,5,290.825
4622,9cce2_00014,156,0.94,marginal_confidence,5,290.825
4623,9cce2_00014,157,0.96,marginal_confidence,5,290.825
4624,9cce2_00014,158,0.94,marginal_confidence,5,290.825
4625,9cce2_00014,159,0.94,marginal_confidence,5,290.825
4626,9cce2_00014,160,0.89,marginal_confidence,5,290.825
4627,9cce2_00014,161,0.8999999999999999,marginal_confidence,5,290.825
4628,9cce2_00014,162,0.96,marginal_confidence,5,290.825
4629,9cce2_00014,163,0.94,marginal_confidence,5,290.825
4630,9cce2_00014,164,0.95,marginal_confidence,5,290.825
4631,9cce2_00014,165,0.9,marginal_confidence,5,290.825
4632,9cce2_00014,166,0.9299999999999999,marginal_confidence,5,290.825
4633,9cce2_00014,167,0.9299999999999999,marginal_confidence,5,290.825
4634,9cce2_00014,168,0.95,marginal_confidence,5,290.825
4635,9cce2_00014,169,0.88,marginal_confidence,5,290.825
4636,9cce2_00014,170,0.95,marginal_confidence,5,290.825
4637,9cce2_00014,171,0.9199999999999999,marginal_confidence,5,290.825
4638,9cce2_00014,172,0.95,marginal_confidence,5,290.825
4639,9cce2_00014,173,0.95,marginal_confidence,5,290.825
4640,9cce2_00014,174,0.9099999999999999,marginal_confidence,5,290.825
4641,9cce2_00014,175,0.9299999999999999,marginal_confidence,5,290.825
4642,9cce2_00014,176,0.94,marginal_confidence,5,290.825
4643,9cce2_00014,177,0.94,marginal_confidence,5,290.825
4644,9cce2_00014,178,0.96,marginal_confidence,5,290.825
4645,9cce2_00014,179,0.95,marginal_confidence,5,290.825
4646,9cce2_00014,180,0.96,marginal_confidence,5,290.825
4647,9cce2_00014,181,0.9099999999999999,marginal_confidence,5,290.825
4648,9cce2_00014,182,0.95,marginal_confidence,5,290.825
4649,9cce2_00014,183,0.9299999999999999,marginal_confidence,5,290.825
4650,9cce2_00014,184,0.8999999999999999,marginal_confidence,5,290.825
4651,9cce2_00014,185,0.8400000000000001,marginal_confidence,5,290.825
4652,9cce2_00014,186,0.9199999999999999,marginal_confidence,5,290.825
4653,9cce2_00014,187,0.95,marginal_confidence,5,290.825
4654,9cce2_00014,188,0.9299999999999999,marginal_confidence,5,290.825
4655,9cce2_00014,189,0.96,marginal_confidence,5,290.825
4656,9cce2_00014,190,0.88,marginal_confidence,5,290.825
4657,9cce2_00014,191,0.91,marginal_confidence,5,290.825
4658,9cce2_00014,192,0.8999999999999999,marginal_confidence,5,290.825
4659,9cce2_00014,193,0.9099999999999999,marginal_confidence,5,290.825
4660,9cce2_00014,194,0.94,marginal_confidence,5,290.825
4661,9cce2_00014,195,0.9099999999999999,marginal_confidence,5,290.825
4662,9cce2_00014,196,0.9299999999999999,marginal_confidence,5,290.825
4663,9cce2_00014,197,0.94,marginal_confidence,5,290.825
4664,9cce2_00014,198,0.8899999999999999,marginal_confidence,5,290.825
4665,9cce2_00014,199,0.94,marginal_confidence,5,290.825
4666,9cce2_00014,200,0.96,marginal_confidence,5,290.825
4667,9cce2_00014,201,0.88,marginal_confidence,5,290.825
4668,9cce2_00014,202,0.87,marginal_confidence,5,290.825
4669,9cce2_00014,203,0.88,marginal_confidence,5,290.825
4670,9cce2_00014,204,0.95,marginal_confidence,5,290.825
4671,9cce2_00014,205,0.95,marginal_confidence,5,290.825
4672,9cce2_00014,206,0.8999999999999999,marginal_confidence,5,290.825
4673,9cce2_00014,207,0.96,marginal_confidence,5,290.825
4674,9cce2_00014,208,0.87,marginal_confidence,5,290.825
4675,9cce2_00014,209,0.88,marginal_confidence,5,290.825
4676,9cce2_00014,210,0.94,marginal_confidence,5,290.825
4677,9cce2_00014,211,0.9299999999999999,marginal_confidence,5,290.825
4678,9cce2_00014,212,0.9099999999999999,marginal_confidence,5,290.825
4679,9cce2_00014,213,0.95,marginal_confidence,5,290.825
4680,9cce2_00014,214,0.96,marginal_confidence,5,290.825
4681,9cce2_00014,215,0.9099999999999999,marginal_confidence,5,290.825
4682,9cce2_00014,216,0.94,marginal_confidence,5,290.825
4683,9cce2_00014,217,0.9099999999999999,marginal_confidence,5,290.825
4684,9cce2_00014,218,0.98,marginal_confidence,5,290.825
4685,9cce2_00014,219,0.96,marginal_confidence,5,290.825
4686,9cce2_00014,220,0.9,marginal_confidence,5,290.825
4687,9cce2_00014,221,0.96,marginal_confidence,5,290.825
4688,9cce2_00014,222,0.95,marginal_confidence,5,290.825
4689,9cce2_00014,223,0.9199999999999999,marginal_confidence,5,290.825
4690,9cce2_00014,224,0.97,marginal_confidence,5,290.825
4691,9cce2_00014,225,0.88,marginal_confidence,5,290.825
4692,9cce2_00014,226,0.96,marginal_confidence,5,290.825
4693,9cce2_00014,227,0.95,marginal_confidence,5,290.825
4694,9cce2_00014,228,0.95,marginal_confidence,5,290.825
4695,9cce2_00014,229,0.94,marginal_confidence,5,290.825
4696,9cce2_00014,230,0.9299999999999999,marginal_confidence,5,290.825
4697,9cce2_00014,231,0.9299999999999999,marginal_confidence,5,290.825
4698,9cce2_00014,232,0.8999999999999999,marginal_confidence,5,290.825
4699,9cce2_00014,233,0.96,marginal_confidence,5,290.825
4700,9cce2_00014,234,0.95,marginal_confidence,5,290.825
4701,9cce2_00014,235,0.95,marginal_confidence,5,290.825
4702,9cce2_00014,236,0.9299999999999999,marginal_confidence,5,290.825
4703,9cce2_00014,237,0.96,marginal_confidence,5,290.825
4704,9cce2_00014,238,0.96,marginal_confidence,5,290.825
4705,9cce2_00014,239,0.96,marginal_confidence,5,290.825
4706,9cce2_00014,240,0.9099999999999999,marginal_confidence,5,290.825
4707,9cce2_00014,241,0.95,marginal_confidence,5,290.825
4708,9cce2_00014,242,0.9299999999999999,marginal_confidence,5,290.825
4709,9cce2_00014,243,0.9299999999999999,marginal_confidence,5,290.825
4710,9cce2_00014,244,0.9099999999999999,marginal_confidence,5,290.825
4711,9cce2_00014,245,0.96,marginal_confidence,5,290.825
4712,9cce2_00014,246,0.8400000000000001,marginal_confidence,5,290.825
4713,9cce2_00014,247,0.95,marginal_confidence,5,290.825
4714,9cce2_00014,248,0.97,marginal_confidence,5,290.825
4715,9cce2_00014,249,0.96,marginal_confidence,5,290.825
4716,9cce2_00014,250,0.9299999999999999,marginal_confidence,5,290.825
4717,9cce2_00014,251,0.95,marginal_confidence,5,290.825
4718,9cce2_00014,252,0.9299999999999999,marginal_confidence,5,290.825
4719,9cce2_00014,253,0.9,marginal_confidence,5,290.825
4720,9cce2_00014,254,0.9299999999999999,marginal_confidence,5,290.825
4721,9cce2_00014,255,0.9199999999999999,marginal_confidence,5,290.825
4722,9cce2_00014,256,0.96,marginal_confidence,5,290.825
4723,9cce2_00014,257,0.94,marginal_confidence,5,290.825
4724,9cce2_00014,258,0.9299999999999999,marginal_confidence,5,290.825
4725,9cce2_00014,259,0.9299999999999999,marginal_confidence,5,290.825
4726,9cce2_00014,260,0.97,marginal_confidence,5,290.825
4727,9cce2_00014,261,0.98,marginal_confidence,5,290.825
4728,9cce2_00014,262,0.9299999999999999,marginal_confidence,5,290.825
4729,9cce2_00014,263,0.9199999999999999,marginal_confidence,5,290.825
4730,9cce2_00014,264,0.95,marginal_confidence,5,290.825
4731,9cce2_00014,265,0.87,marginal_confidence,5,290.825
4732,9cce2_00014,266,0.95,marginal_confidence,5,290.825
4733,9cce2_00014,267,0.9299999999999999,marginal_confidence,5,290.825
4734,9cce2_00014,268,0.87,marginal_confidence,5,290.825
4735,9cce2_00014,269,0.9299999999999999,marginal_confidence,5,290.825
4736,9cce2_00014,270,0.88,marginal_confidence,5,290.825
4737,9cce2_00014,271,0.8899999999999999,marginal_confidence,5,290.825
4738,9cce2_00014,272,0.97,marginal_confidence,5,290.825
4739,9cce2_00014,273,0.94,marginal_confidence,5,290.825
4740,9cce2_00014,274,0.97,marginal_confidence,5,290.825
4741,9cce2_00014,275,0.97,marginal_confidence,5,290.825
4742,9cce2_00014,276,0.96,marginal_confidence,5,290.825
4743,9cce2_00014,277,0.9199999999999999,marginal_confidence,5,290.825
4744,9cce2_00014,278,0.8999999999999999,marginal_confidence,5,290.825
4745,9cce2_00014,279,0.89,marginal_confidence,5,290.825
4746,9cce2_00014,280,0.95,marginal_confidence,5,290.825
4747,9cce2_00014,281,0.9099999999999999,marginal_confidence,5,290.825
4748,9cce2_00014,282,0.95,marginal_confidence,5,290.825
4749,9cce2_00014,283,0.9299999999999999,marginal_confidence,5,290.825
4750,9cce2_00014,284,0.9099999999999999,marginal_confidence,5,290.825
4751,9cce2_00014,285,0.9199999999999999,marginal_confidence,5,290.825
4752,9cce2_00014,286,0.9199999999999999,marginal_confidence,5,290.825
4753,9cce2_00014,287,0.9199999999999999,marginal_confidence,5,290.825
4754,9cce2_00014,288,0.88,marginal_confidence,5,290.825
4755,9cce2_00014,289,0.95,marginal_confidence,5,290.825
4756,9cce2_00014,290,0.95,marginal_confidence,5,290.825
4757,9cce2_00014,291,0.9099999999999999,marginal_confidence,5,290.825
4758,9cce2_00014,292,0.88,marginal_confidence,5,290.825
4759,9cce2_00014,293,0.94,marginal_confidence,5,290.825
4760,9cce2_00014,294,0.91,marginal_confidence,5,290.825
4761,9cce2_00014,295,0.89,marginal_confidence,5,290.825
4762,9cce2_00014,296,0.94,marginal_confidence,5,290.825
4763,9cce2_00014,297,0.94,marginal_confidence,5,290.825
4764,9cce2_00014,298,0.9099999999999999,marginal_confidence,5,290.825
4765,9cce2_00014,299,0.95,marginal_confidence,5,290.825
4766,9cce2_00014,300,0.9199999999999999,marginal_confidence,5,290.825
4767,9cce2_00014,301,0.94,marginal_confidence,5,290.825
4768,9cce2_00014,302,0.95,marginal_confidence,5,290.825
4769,9cce2_00014,303,0.97,marginal_confidence,5,290.825
4770,9cce2_00014,304,0.94,marginal_confidence,5,290.825
4771,9cce2_00014,305,0.9099999999999999,marginal_confidence,5,290.825
4772,9cce2_00014,306,0.94,marginal_confidence,5,290.825
4773,9cce2_00014,307,0.89,marginal_confidence,5,290.825
4774,9cce2_00014,308,0.8899999999999999,marginal_confidence,5,290.825
4775,9cce2_00014,309,0.9299999999999999,marginal_confidence,5,290.825
4776,9cce2_00014,310,0.9,marginal_confidence,5,290.825
4777,9cce2_00014,311,0.9299999999999999,marginal_confidence,5,290.825
4778,9cce2_00014,312,0.94,marginal_confidence,5,290.825
4779,9cce2_00014,313,0.9299999999999999,marginal_confidence,5,290.825
4780,9cce2_00014,314,0.98,marginal_confidence,5,290.825
4781,9cce2_00014,315,0.9299999999999999,marginal_confidence,5,290.825
4782,9cce2_00014,316,0.9299999999999999,marginal_confidence,5,290.825
4783,9cce2_00014,317,0.95,marginal_confidence,5,290.825
4784,9cce2_00014,318,0.96,marginal_confidence,5,290.825
4785,9cce2_00015,0,0.5,ratio_confidence,1,285.365
4786,9cce2_00015,1,0.75,ratio_confidence,1,285.365
4787,9cce2_00015,2,0.84,ratio_confidence,1,285.365
4788,9cce2_00015,3,0.8200000000000001,ratio_confidence,1,285.365
4789,9cce2_00015,4,0.87,ratio_confidence,1,285.365
4790,9cce2_00015,5,0.8899999999999999,ratio_confidence,1,285.365
4791,9cce2_00015,6,0.74,ratio_confidence,1,285.365
4792,9cce2_00015,7,0.8600000000000001,ratio_confidence,1,285.365
4793,9cce2_00015,8,0.9199999999999999,ratio_confidence,1,285.365
4794,9cce2_00015,9,0.9099999999999999,ratio_confidence,1,285.365
4795,9cce2_00015,10,0.85,ratio_confidence,1,285.365
4796,9cce2_00015,11,0.87,ratio_confidence,1,285.365
4797,9cce2_00015,12,0.86,ratio_confidence,1,285.365
4798,9cce2_00015,13,0.64,ratio_confidence,1,285.365
4799,9cce2_00015,14,0.8200000000000001,ratio_confidence,1,285.365
4800,9cce2_00015,15,0.86,ratio_confidence,1,285.365
4801,9cce2_00015,16,0.8,ratio_confidence,1,285.365
4802,9cce2_00015,17,0.85,ratio_confidence,1,285.365
4803,9cce2_00015,18,0.84,ratio_confidence,1,285.365
4804,9cce2_00015,19,0.84,ratio_confidence,1,285.365
4805,9cce2_00015,20,0.62,ratio_confidence,1,285.365
4806,9cce2_00015,21,0.86,ratio_confidence,1,285.365
4807,9cce2_00015,22,0.6799999999999999,ratio_confidence,1,285.365
4808,9cce2_00015,23,0.79,ratio_confidence,1,285.365
4809,9cce2_00015,24,0.86,ratio_confidence,1,285.365
4810,9cce2_00015,25,0.6799999999999999,ratio_confidence,1,285.365
4811,9cce2_00015,26,0.8300000000000001,ratio_confidence,1,285.365
4812,9cce2_00015,27,0.73,ratio_confidence,1,285.365
4813,9cce2_00015,28,0.87,ratio_confidence,1,285.365
4814,9cce2_00015,29,0.89,ratio_confidence,1,285.365
4815,9cce2_00015,30,0.85,ratio_confidence,1,285.365
4816,9cce2_00015,31,0.87,ratio_confidence,1,285.365
4817,9cce2_00015,32,0.86,ratio_confidence,1,285.365
4818,9cce2_00015,33,0.8799999999999999,ratio_confidence,1,285.365
4819,9cce2_00015,34,0.85,ratio_confidence,1,285.365
4820,9cce2_00015,35,0.84,ratio_confidence,1,285.365
4821,9cce2_00015,36,0.88,ratio_confidence,1,285.365
4822,9cce2_00015,37,0.88,ratio_confidence,1,285.365
4823,9cce2_00015,38,0.86,ratio_confidence,1,285.365
4824,9cce2_00015,39,0.85,ratio_confidence,1,285.365
4825,9cce2_00015,40,0.87,ratio_confidence,1,285.365
4826,9cce2_00015,41,0.82,ratio_confidence,1,285.365
4827,9cce2_00015,42,0.78,ratio_confidence,1,285.365
4828,9cce2_00015,43,0.88,ratio_confidence,1,285.365
4829,9cce2_00015,44,0.9099999999999999,ratio_confidence,1,285.365
4830,9cce2_00015,45,0.8899999999999999,ratio_confidence,1,285.365
4831,9cce2_00015,46,0.87,ratio_confidence,1,285.365
4832,9cce2_00015,47,0.89,ratio_confidence,1,285.365
4833,9cce2_00015,48,0.94,ratio_confidence,1,285.365
4834,9cce2_00015,49,0.86,ratio_confidence,1,285.365
4835,9cce2_00015,50,0.9099999999999999,ratio_confidence,1,285.365
4836,9cce2_00015,51,0.89,ratio_confidence,1,285.365
4837,9cce2_00015,52,0.89,ratio_confidence,1,285.365
4838,9cce2_00015,53,0.9099999999999999,ratio_confidence,1,285.365
4839,9cce2_00015,54,0.8999999999999999,ratio_confidence,1,285.365
4840,9cce2_00015,55,0.89,ratio_confidence,1,285.365
4841,9cce2_00015,56,0.88,ratio_confidence,1,285.365
4842,9cce2_00015,57,0.89,ratio_confidence,1,285.365
4843,9cce2_00015,58,0.9099999999999999,ratio_confidence,1,285.365
4844,9cce2_00015,59,0.87,ratio_confidence,1,285.365
4845,9cce2_00015,60,0.8500000000000001,ratio_confidence,1,285.365
4846,9cce2_00015,61,0.9299999999999999,ratio_confidence,1,285.365
4847,9cce2_00015,62,0.8999999999999999,ratio_confidence,1,285.365
4848,9cce2_00015,63,0.9199999999999999,ratio_confidence,1,285.365
4849,9cce2_00015,64,0.9,ratio_confidence,1,285.365
4850,9cce2_00015,65,0.87,ratio_confidence,1,285.365
4851,9cce2_00015,66,0.94,ratio_confidence,1,285.365
4852,9cce2_00015,67,0.94,ratio_confidence,1,285.365
4853,9cce2_00015,68,0.8999999999999999,ratio_confidence,1,285.365
4854,9cce2_00015,69,0.87,ratio_confidence,1,285.365
4855,9cce2_00015,70,0.9299999999999999,ratio_confidence,1,285.365
4856,9cce2_00015,71,0.9199999999999999,ratio_confidence,1,285.365
4857,9cce2_00015,72,0.9099999999999999,ratio_confidence,1,285.365
4858,9cce2_00015,73,0.8999999999999999,ratio_confidence,1,285.365
4859,9cce2_00015,74,0.9199999999999999,ratio_confidence,1,285.365
4860,9cce2_00015,75,0.9199999999999999,ratio_confidence,1,285.365
4861,9cce2_00015,76,0.94,ratio_confidence,1,285.365
4862,9cce2_00015,77,0.84,ratio_confidence,1,285.365
4863,9cce2_00015,78,0.9099999999999999,ratio_confidence,1,285.365
4864,9cce2_00015,79,0.88,ratio_confidence,1,285.365
4865,9cce2_00015,80,0.8500000000000001,ratio_confidence,1,285.365
4866,9cce2_00015,81,0.89,ratio_confidence,1,285.365
4867,9cce2_00015,82,0.8999999999999999,ratio_confidence,1,285.365
4868,9cce2_00015,83,0.9199999999999999,ratio_confidence,1,285.365
4869,9cce2_00015,84,0.9099999999999999,ratio_confidence,1,285.365
4870,9cce2_00015,85,0.9,ratio_confidence,1,285.365
4871,9cce2_00015,86,0.9099999999999999,ratio_confidence,1,285.365
4872,9cce2_00015,87,0.91,ratio_confidence,1,285.365
4873,9cce2_00015,88,0.9199999999999999,ratio_confidence,1,285.365
4874,9cce2_00015,89,0.8999999999999999,ratio_confidence,1,285.365
4875,9cce2_00015,90,0.9199999999999999,ratio_confidence,1,285.365
4876,9cce2_00015,91,0.94,ratio_confidence,1,285.365
4877,9cce2_00015,92,0.8999999999999999,ratio_confidence,1,285.365
4878,9cce2_00015,93,0.9299999999999999,ratio_confidence,1,285.365
4879,9cce2_00015,94,0.9099999999999999,ratio_confidence,1,285.365
4880,9cce2_00015,95,0.9,ratio_confidence,1,285.365
4881,9cce2_00015,96,0.91,ratio_confidence,1,285.365
4882,9cce2_00015,97,0.88,ratio_confidence,1,285.365
4883,9cce2_00015,98,0.94,ratio_confidence,1,285.365
4884,9cce2_00015,99,0.89,ratio_confidence,1,285.365
4885,9cce2_00015,100,0.9299999999999999,ratio_confidence,1,285.365
4886,9cce2_00015,101,0.9199999999999999,ratio_confidence,1,285.365
4887,9cce2_00015,102,0.92,ratio_confidence,1,285.365
4888,9cce2_00015,103,0.9299999999999999,ratio_confidence,1,285.365
4889,9cce2_00015,104,0.9199999999999999,ratio_confidence,1,285.365
4890,9cce2_00015,105,0.91,ratio_confidence,1,285.365
4891,9cce2_00015,106,0.9199999999999999,ratio_confidence,1,285.365
4892,9cce2_00015,107,0.91,ratio_confidence,1,285.365
4893,9cce2_00015,108,0.9099999999999999,ratio_confidence,1,285.365
4894,9cce2_00015,109,0.91,ratio_confidence,1,285.365
4895,9cce2_00015,110,0.9099999999999999,ratio_confidence,1,285.365
4896,9cce2_00015,111,0.87,ratio_confidence,1,285.365
4897,9cce2_00015,112,0.89,ratio_confidence,1,285.365
4898,9cce2_00015,113,0.9299999999999999,ratio_confidence,1,285.365
4899,9cce2_00015,114,0.8899999999999999,ratio_confidence,1,285.365
4900,9cce2_00015,115,0.9199999999999999,ratio_confidence,1,285.365
4901,9cce2_00015,116,0.9299999999999999,ratio_confidence,1,285.365
4902,9cce2_00015,117,0.9099999999999999,ratio_confidence,1,285.365
4903,9cce2_00015,118,0.9199999999999999,ratio_confidence,1,285.365
4904,9cce2_00015,119,0.94,ratio_confidence,1,285.365
4905,9cce2_00015,120,0.8999999999999999,ratio_confidence,1,285.365
4906,9cce2_00015,121,0.92,ratio_confidence,1,285.365
4907,9cce2_00015,122,0.8999999999999999,ratio_confidence,1,285.365
4908,9cce2_00015,123,0.9199999999999999,ratio_confidence,1,285.365
4909,9cce2_00015,124,0.8999999999999999,ratio_confidence,1,285.365
4910,9cce2_00015,125,0.8999999999999999,ratio_confidence,1,285.365
4911,9cce2_00015,126,0.8999999999999999,ratio_confidence,1,285.365
4912,9cce2_00015,127,0.9299999999999999,ratio_confidence,1,285.365
4913,9cce2_00015,128,0.91,ratio_confidence,1,285.365
4914,9cce2_00015,129,0.89,ratio_confidence,1,285.365
4915,9cce2_00015,130,0.9,ratio_confidence,1,285.365
4916,9cce2_00015,131,0.88,ratio_confidence,1,285.365
4917,9cce2_00015,132,0.8999999999999999,ratio_confidence,1,285.365
4918,9cce2_00015,133,0.9099999999999999,ratio_confidence,1,285.365
4919,9cce2_00015,134,0.9299999999999999,ratio_confidence,1,285.365
4920,9cce2_00015,135,0.9199999999999999,ratio_confidence,1,285.365
4921,9cce2_00015,136,0.8999999999999999,ratio_confidence,1,285.365
4922,9cce2_00015,137,0.9099999999999999,ratio_confidence,1,285.365
4923,9cce2_00015,138,0.9299999999999999,ratio_confidence,1,285.365
4924,9cce2_00015,139,0.9199999999999999,ratio_confidence,1,285.365
4925,9cce2_00015,140,0.94,ratio_confidence,1,285.365
4926,9cce2_00015,141,0.9099999999999999,ratio_confidence,1,285.365
4927,9cce2_00015,142,0.9099999999999999,ratio_confidence,1,285.365
4928,9cce2_00015,143,0.9199999999999999,ratio_confidence,1,285.365
4929,9cce2_00015,144,0.95,ratio_confidence,1,285.365
4930,9cce2_00015,145,0.9299999999999999,ratio_confidence,1,285.365
4931,9cce2_00015,146,0.8899999999999999,ratio_confidence,1,285.365
4932,9cce2_00015,147,0.88,ratio_confidence,1,285.365
4933,9cce2_00015,148,0.95,ratio_confidence,1,285.365
4934,9cce2_00015,149,0.9099999999999999,ratio_confidence,1,285.365
4935,9cce2_00015,150,0.9099999999999999,ratio_confidence,1,285.365
4936,9cce2_00015,151,0.9199999999999999,ratio_confidence,1,285.365
4937,9cce2_00015,152,0.9299999999999999,ratio_confidence,1,285.365
4938,9cce2_00015,153,0.95,ratio_confidence,1,285.365
4939,9cce2_00015,154,0.9099999999999999,ratio_confidence,1,285.365
4940,9cce2_00015,155,0.8999999999999999,ratio_confidence,1,285.365
4941,9cce2_00015,156,0.8799999999999999,ratio_confidence,1,285.365
4942,9cce2_00015,157,0.9299999999999999,ratio_confidence,1,285.365
4943,9cce2_00015,158,0.9099999999999999,ratio_confidence,1,285.365
4944,9cce2_00015,159,0.94,ratio_confidence,1,285.365
4945,9cce2_00015,160,0.9299999999999999,ratio_confidence,1,285.365
4946,9cce2_00015,161,0.9099999999999999,ratio_confidence,1,285.365
4947,9cce2_00015,162,0.8999999999999999,ratio_confidence,1,285.365
4948,9cce2_00015,163,0.9299999999999999,ratio_confidence,1,285.365
4949,9cce2_00015,164,0.9199999999999999,ratio_confidence,1,285.365
4950,9cce2_00015,165,0.8999999999999999,ratio_confidence,1,285.365
4951,9cce2_00015,166,0.9199999999999999,ratio_confidence,1,285.365
4952,9cce2_00015,167,0.9199999999999999,ratio_confidence,1,285.365
4953,9cce2_00015,168,0.88,ratio_confidence,1,285.365
4954,9cce2_00015,169,0.9099999999999999,ratio_confidence,1,285.365
4955,9cce2_00015,170,0.9199999999999999,ratio_confidence,1,285.365
4956,9cce2_00015,171,0.9299999999999999,ratio_confidence,1,285.365
4957,9cce2_00015,172,0.9199999999999999,ratio_confidence,1,285.365
4958,9cce2_00015,173,0.8999999999999999,ratio_confidence,1,285.365
4959,9cce2_00015,174,0.88,ratio_confidence,1,285.365
4960,9cce2_00015,175,0.91,ratio_confidence,1,285.365
4961,9cce2_00015,176,0.89,ratio_confidence,1,285.365
4962,9cce2_00015,177,0.9099999999999999,ratio_confidence,1,285.365
4963,9cce2_00015,178,0.9199999999999999,ratio_confidence,1,285.365
4964,9cce2_00015,179,0.88,ratio_confidence,1,285.365
4965,9cce2_00015,180,0.9299999999999999,ratio_confidence,1,285.365
4966,9cce2_00015,181,0.9199999999999999,ratio_confidence,1,285.365
4967,9cce2_00015,182,0.8999999999999999,ratio_confidence,1,285.365
4968,9cce2_00015,183,0.8999999999999999,ratio_confidence,1,285.365
4969,9cce2_00015,184,0.9099999999999999,ratio_confidence,1,285.365
4970,9cce2_00015,185,0.8999999999999999,ratio_confidence,1,285.365
4971,9cce2_00015,186,0.8899999999999999,ratio_confidence,1,285.365
4972,9cce2_00015,187,0.9299999999999999,ratio_confidence,1,285.365
4973,9cce2_00015,188,0.9199999999999999,ratio_confidence,1,285.365
4974,9cce2_00015,189,0.9199999999999999,ratio_confidence,1,285.365
4975,9cce2_00015,190,0.86,ratio_confidence,1,285.365
4976,9cce2_00015,191,0.9199999999999999,ratio_confidence,1,285.365
4977,9cce2_00015,192,0.9199999999999999,ratio_confidence,1,285.365
4978,9cce2_00015,193,0.9099999999999999,ratio_confidence,1,285.365
4979,9cce2_00015,194,0.88,ratio_confidence,1,285.365
4980,9cce2_00015,195,0.9299999999999999,ratio_confidence,1,285.365
4981,9cce2_00015,196,0.88,ratio_confidence,1,285.365
4982,9cce2_00015,197,0.9199999999999999,ratio_confidence,1,285.365
4983,9cce2_00015,198,0.8999999999999999,ratio_confidence,1,285.365
4984,9cce2_00015,199,0.9199999999999999,ratio_confidence,1,285.365
4985,9cce2_00015,200,0.89,ratio_confidence,1,285.365
4986,9cce2_00015,201,0.9199999999999999,ratio_confidence,1,285.365
4987,9cce2_00015,202,0.86,ratio_confidence,1,285.365
4988,9cce2_00015,203,0.9299999999999999,ratio_confidence,1,285.365
4989,9cce2_00015,204,0.8999999999999999,ratio_confidence,1,285.365
4990,9cce2_00015,205,0.9199999999999999,ratio_confidence,1,285.365
4991,9cce2_00015,206,0.9199999999999999,ratio_confidence,1,285.365
4992,9cce2_00015,207,0.94,ratio_confidence,1,285.365
4993,9cce2_00015,208,0.9199999999999999,ratio_confidence,1,285.365
4994,9cce2_00015,209,0.9199999999999999,ratio_confidence,1,285.365
4995,9cce2_00015,210,0.8899999999999999,ratio_confidence,1,285.365
4996,9cce2_00015,211,0.8999999999999999,ratio_confidence,1,285.365
4997,9cce2_00015,212,0.9199999999999999,ratio_confidence,1,285.365
4998,9cce2_00015,213,0.8300000000000001,ratio_confidence,1,285.365
4999,9cce2_00015,214,0.88,ratio_confidence,1,285.365
5000,9cce2_00015,215,0.9299999999999999,ratio_confidence,1,285.365
5001,9cce2_00015,216,0.9299999999999999,ratio_confidence,1,285.365
5002,9cce2_00015,217,0.8999999999999999,ratio_confidence,1,285.365
5003,9cce2_00015,218,0.9099999999999999,ratio_confidence,1,285.365
5004,9cce2_00015,219,0.87,ratio_confidence,1,285.365
5005,9cce2_00015,220,0.9099999999999999,ratio_confidence,1,285.365
5006,9cce2_00015,221,0.87,ratio_confidence,1,285.365
5007,9cce2_00015,222,0.94,ratio_confidence,1,285.365
5008,9cce2_00015,223,0.9099999999999999,ratio_confidence,1,285.365
5009,9cce2_00015,224,0.9099999999999999,ratio_confidence,1,285.365
5010,9cce2_00015,225,0.9299999999999999,ratio_confidence,1,285.365
5011,9cce2_00015,226,0.94,ratio_confidence,1,285.365
5012,9cce2_00015,227,0.8999999999999999,ratio_confidence,1,285.365
5013,9cce2_00015,228,0.8899999999999999,ratio_confidence,1,285.365
5014,9cce2_00015,229,0.9099999999999999,ratio_confidence,1,285.365
5015,9cce2_00015,230,0.9099999999999999,ratio_confidence,1,285.365
5016,9cce2_00015,231,0.91,ratio_confidence,1,285.365
5017,9cce2_00015,232,0.94,ratio_confidence,1,285.365
5018,9cce2_00015,233,0.9299999999999999,ratio_confidence,1,285.365
5019,9cce2_00015,234,0.9199999999999999,ratio_confidence,1,285.365
5020,9cce2_00015,235,0.9099999999999999,ratio_confidence,1,285.365
5021,9cce2_00015,236,0.9299999999999999,ratio_confidence,1,285.365
5022,9cce2_00015,237,0.9299999999999999,ratio_confidence,1,285.365
5023,9cce2_00015,238,0.9099999999999999,ratio_confidence,1,285.365
5024,9cce2_00015,239,0.88,ratio_confidence,1,285.365
5025,9cce2_00015,240,0.8999999999999999,ratio_confidence,1,285.365
5026,9cce2_00015,241,0.9299999999999999,ratio_confidence,1,285.365
5027,9cce2_00015,242,0.9199999999999999,ratio_confidence,1,285.365
5028,9cce2_00015,243,0.9199999999999999,ratio_confidence,1,285.365
5029,9cce2_00015,244,0.94,ratio_confidence,1,285.365
5030,9cce2_00015,245,0.8999999999999999,ratio_confidence,1,285.365
5031,9cce2_00015,246,0.8999999999999999,ratio_confidence,1,285.365
5032,9cce2_00015,247,0.9199999999999999,ratio_confidence,1,285.365
5033,9cce2_00015,248,0.9199999999999999,ratio_confidence,1,285.365
5034,9cce2_00015,249,0.8899999999999999,ratio_confidence,1,285.365
5035,9cce2_00015,250,0.9099999999999999,ratio_confidence,1,285.365
5036,9cce2_00015,251,0.9299999999999999,ratio_confidence,1,285.365
5037,9cce2_00015,252,0.9199999999999999,ratio_confidence,1,285.365
5038,9cce2_00015,253,0.8999999999999999,ratio_confidence,1,285.365
5039,9cce2_00015,254,0.9199999999999999,ratio_confidence,1,285.365
5040,9cce2_00015,255,0.8999999999999999,ratio_confidence,1,285.365
5041,9cce2_00015,256,0.9199999999999999,ratio_confidence,1,285.365
5042,9cce2_00015,257,0.8999999999999999,ratio_confidence,1,285.365
5043,9cce2_00015,258,0.9099999999999999,ratio_confidence,1,285.365
5044,9cce2_00015,259,0.9199999999999999,ratio_confidence,1,285.365
5045,9cce2_00015,260,0.89,ratio_confidence,1,285.365
5046,9cce2_00015,261,0.84,ratio_confidence,1,285.365
5047,9cce2_00015,262,0.9099999999999999,ratio_confidence,1,285.365
5048,9cce2_00015,263,0.9299999999999999,ratio_confidence,1,285.365
5049,9cce2_00015,264,0.89,ratio_confidence,1,285.365
5050,9cce2_00015,265,0.8899999999999999,ratio_confidence,1,285.365
5051,9cce2_00015,266,0.8999999999999999,ratio_confidence,1,285.365
5052,9cce2_00015,267,0.89,ratio_confidence,1,285.365
5053,9cce2_00015,268,0.9199999999999999,ratio_confidence,1,285.365
5054,9cce2_00015,269,0.9099999999999999,ratio_confidence,1,285.365
5055,9cce2_00015,270,0.9099999999999999,ratio_confidence,1,285.365
5056,9cce2_00015,271,0.9299999999999999,ratio_confidence,1,285.365
5057,9cce2_00015,272,0.9299999999999999,ratio_confidence,1,285.365
5058,9cce2_00015,273,0.8999999999999999,ratio_confidence,1,285.365
5059,9cce2_00015,274,0.9299999999999999,ratio_confidence,1,285.365
5060,9cce2_00015,275,0.91,ratio_confidence,1,285.365
5061,9cce2_00015,276,0.9199999999999999,ratio_confidence,1,285.365
5062,9cce2_00015,277,0.9099999999999999,ratio_confidence,1,285.365
5063,9cce2_00015,278,0.89,ratio_confidence,1,285.365
5064,9cce2_00015,279,0.9299999999999999,ratio_confidence,1,285.365
5065,9cce2_00015,280,0.94,ratio_confidence,1,285.365
5066,9cce2_00015,281,0.9199999999999999,ratio_confidence,1,285.365
5067,9cce2_00015,282,0.9199999999999999,ratio_confidence,1,285.365
5068,9cce2_00015,283,0.9199999999999999,ratio_confidence,1,285.365
5069,9cce2_00015,284,0.9199999999999999,ratio_confidence,1,285.365
5070,9cce2_00015,285,0.9199999999999999,ratio_confidence,1,285.365
5071,9cce2_00015,286,0.9199999999999999,ratio_confidence,1,285.365
5072,9cce2_00015,287,0.89,ratio_confidence,1,285.365
5073,9cce2_00015,288,0.9199999999999999,ratio_confidence,1,285.365
5074,9cce2_00015,289,0.88,ratio_confidence,1,285.365
5075,9cce2_00015,290,0.89,ratio_confidence,1,285.365
5076,9cce2_00015,291,0.9199999999999999,ratio_confidence,1,285.365
5077,9cce2_00015,292,0.9099999999999999,ratio_confidence,1,285.365
5078,9cce2_00015,293,0.89,ratio_confidence,1,285.365
5079,9cce2_00015,294,0.91,ratio_confidence,1,285.365
5080,9cce2_00015,295,0.9199999999999999,ratio_confidence,1,285.365
5081,9cce2_00015,296,0.9099999999999999,ratio_confidence,1,285.365
5082,9cce2_00015,297,0.8899999999999999,ratio_confidence,1,285.365
5083,9cce2_00015,298,0.95,ratio_confidence,1,285.365
5084,9cce2_00015,299,0.87,ratio_confidence,1,285.365
5085,9cce2_00015,300,0.9099999999999999,ratio_confidence,1,285.365
5086,9cce2_00015,301,0.9199999999999999,ratio_confidence,1,285.365
5087,9cce2_00015,302,0.8999999999999999,ratio_confidence,1,285.365
5088,9cce2_00015,303,0.94,ratio_confidence,1,285.365
5089,9cce2_00015,304,0.9199999999999999,ratio_confidence,1,285.365
5090,9cce2_00015,305,0.9199999999999999,ratio_confidence,1,285.365
5091,9cce2_00015,306,0.8899999999999999,ratio_confidence,1,285.365
5092,9cce2_00015,307,0.9099999999999999,ratio_confidence,1,285.365
5093,9cce2_00015,308,0.9099999999999999,ratio_confidence,1,285.365
5094,9cce2_00015,309,0.8999999999999999,ratio_confidence,1,285.365
5095,9cce2_00015,310,0.8899999999999999,ratio_confidence,1,285.365
5096,9cce2_00015,311,0.9099999999999999,ratio_confidence,1,285.365
5097,9cce2_00015,312,0.88,ratio_confidence,1,285.365
5098,9cce2_00015,313,0.9199999999999999,ratio_confidence,1,285.365
5099,9cce2_00015,314,0.9299999999999999,ratio_confidence,1,285.365
5100,9cce2_00015,315,0.8999999999999999,ratio_confidence,1,285.365
5101,9cce2_00015,316,0.9199999999999999,ratio_confidence,1,285.365
5102,9cce2_00015,317,0.9199999999999999,ratio_confidence,1,285.365
5103,9cce2_00015,318,0.9099999999999999,ratio_confidence,1,285.365
5104,9cce2_00016,0,0.8,ratio_confidence,2,285.59999999999997
5105,9cce2_00016,1,0.81,ratio_confidence,2,285.59999999999997
5106,9cce2_00016,2,0.9,ratio_confidence,2,285.59999999999997
5107,9cce2_00016,3,0.81,ratio_confidence,2,285.59999999999997
5108,9cce2_00016,4,0.82,ratio_confidence,2,285.59999999999997
5109,9cce2_00016,5,0.78,ratio_confidence,2,285.59999999999997
5110,9cce2_00016,6,0.8600000000000001,ratio_confidence,2,285.59999999999997
5111,9cce2_00016,7,0.78,ratio_confidence,2,285.59999999999997
5112,9cce2_00016,8,0.88,ratio_confidence,2,285.59999999999997
5113,9cce2_00016,9,0.78,ratio_confidence,2,285.59999999999997
5114,9cce2_00016,10,0.84,ratio_confidence,2,285.59999999999997
5115,9cce2_00016,11,0.65,ratio_confidence,2,285.59999999999997
5116,9cce2_00016,12,0.75,ratio_confidence,2,285.59999999999997
5117,9cce2_00016,13,0.8999999999999999,ratio_confidence,2,285.59999999999997
5118,9cce2_00016,14,0.76,ratio_confidence,2,285.59999999999997
5119,9cce2_00016,15,0.91,ratio_confidence,2,285.59999999999997
5120,9cce2_00016,16,0.8999999999999999,ratio_confidence,2,285.59999999999997
5121,9cce2_00016,17,0.89,ratio_confidence,2,285.59999999999997
5122,9cce2_00016,18,0.9199999999999999,ratio_confidence,2,285.59999999999997
5123,9cce2_00016,19,0.9,ratio_confidence,2,285.59999999999997
5124,9cce2_00016,20,0.86,ratio_confidence,2,285.59999999999997
5125,9cce2_00016,21,0.8999999999999999,ratio_confidence,2,285.59999999999997
5126,9cce2_00016,22,0.9199999999999999,ratio_confidence,2,285.59999999999997
5127,9cce2_00016,23,0.9299999999999999,ratio_confidence,2,285.59999999999997
5128,9cce2_00016,24,0.8600000000000001,ratio_confidence,2,285.59999999999997
5129,9cce2_00016,25,0.8999999999999999,ratio_confidence,2,285.59999999999997
5130,9cce2_00016,26,0.91,ratio_confidence,2,285.59999999999997
5131,9cce2_00016,27,0.9199999999999999,ratio_confidence,2,285.59999999999997
5132,9cce2_00016,28,0.8999999999999999,ratio_confidence,2,285.59999999999997
5133,9cce2_00016,29,0.89,ratio_confidence,2,285.59999999999997
5134,9cce2_00016,30,0.9099999999999999,ratio_confidence,2,285.59999999999997
5135,9cce2_00016,31,0.96,ratio_confidence,2,285.59999999999997
5136,9cce2_00016,32,0.86,ratio_confidence,2,285.59999999999997
5137,9cce2_00016,33,0.88,ratio_confidence,2,285.59999999999997
5138,9cce2_00016,34,0.85,ratio_confidence,2,285.59999999999997
5139,9cce2_00016,35,0.91,ratio_confidence,2,285.59999999999997
5140,9cce2_00016,36,0.9099999999999999,ratio_confidence,2,285.59999999999997
5141,9cce2_00016,37,0.86,ratio_confidence,2,285.59999999999997
5142,9cce2_00016,38,0.8899999999999999,ratio_confidence,2,285.59999999999997
5143,9cce2_00016,39,0.94,ratio_confidence,2,285.59999999999997
5144,9cce2_00016,40,0.8200000000000001,ratio_confidence,2,285.59999999999997
5145,9cce2_00016,41,0.89,ratio_confidence,2,285.59999999999997
5146,9cce2_00016,42,0.8999999999999999,ratio_confidence,2,285.59999999999997
5147,9cce2_00016,43,0.9099999999999999,ratio_confidence,2,285.59999999999997
5148,9cce2_00016,44,0.87,ratio_confidence,2,285.59999999999997
5149,9cce2_00016,45,0.86,ratio_confidence,2,285.59999999999997
5150,9cce2_00016,46,0.9199999999999999,ratio_confidence,2,285.59999999999997
5151,9cce2_00016,47,0.94,ratio_confidence,2,285.59999999999997
5152,9cce2_00016,48,0.9099999999999999,ratio_confidence,2,285.59999999999997
5153,9cce2_00016,49,0.9199999999999999,ratio_confidence,2,285.59999999999997
5154,9cce2_00016,50,0.9299999999999999,ratio_confidence,2,285.59999999999997
5155,9cce2_00016,51,0.94,ratio_confidence,2,285.59999999999997
5156,9cce2_00016,52,0.9199999999999999,ratio_confidence,2,285.59999999999997
5157,9cce2_00016,53,0.91,ratio_confidence,2,285.59999999999997
5158,9cce2_00016,54,0.81,ratio_confidence,2,285.59999999999997
5159,9cce2_00016,55,0.9199999999999999,ratio_confidence,2,285.59999999999997
5160,9cce2_00016,56,0.9099999999999999,ratio_confidence,2,285.59999999999997
5161,9cce2_00016,57,0.87,ratio_confidence,2,285.59999999999997
5162,9cce2_00016,58,0.88,ratio_confidence,2,285.59999999999997
5163,9cce2_00016,59,0.9299999999999999,ratio_confidence,2,285.59999999999997
5164,9cce2_00016,60,0.9099999999999999,ratio_confidence,2,285.59999999999997
5165,9cce2_00016,61,0.9299999999999999,ratio_confidence,2,285.59999999999997
5166,9cce2_00016,62,0.88,ratio_confidence,2,285.59999999999997
5167,9cce2_00016,63,0.86,ratio_confidence,2,285.59999999999997
5168,9cce2_00016,64,0.87,ratio_confidence,2,285.59999999999997
5169,9cce2_00016,65,0.95,ratio_confidence,2,285.59999999999997
5170,9cce2_00016,66,0.96,ratio_confidence,2,285.59999999999997
5171,9cce2_00016,67,0.86,ratio_confidence,2,285.59999999999997
5172,9cce2_00016,68,0.9299999999999999,ratio_confidence,2,285.59999999999997
5173,9cce2_00016,69,0.9299999999999999,ratio_confidence,2,285.59999999999997
5174,9cce2_00016,70,0.9099999999999999,ratio_confidence,2,285.59999999999997
5175,9cce2_00016,71,0.9199999999999999,ratio_confidence,2,285.59999999999997
5176,9cce2_00016,72,0.8200000000000001,ratio_confidence,2,285.59999999999997
5177,9cce2_00016,73,0.92,ratio_confidence,2,285.59999999999997
5178,9cce2_00016,74,0.85,ratio_confidence,2,285.59999999999997
5179,9cce2_00016,75,0.86,ratio_confidence,2,285.59999999999997
5180,9cce2_00016,76,0.91,ratio_confidence,2,285.59999999999997
5181,9cce2_00016,77,0.8799999999999999,ratio_confidence,2,285.59999999999997
5182,9cce2_00016,78,0.85,ratio_confidence,2,285.59999999999997
5183,9cce2_00016,79,0.9099999999999999,ratio_confidence,2,285.59999999999997
5184,9cce2_00016,80,0.86,ratio_confidence,2,285.59999999999997
5185,9cce2_00016,81,0.9199999999999999,ratio_confidence,2,285.59999999999997
5186,9cce2_00016,82,0.8999999999999999,ratio_confidence,2,285.59999999999997
5187,9cce2_00016,83,0.8899999999999999,ratio_confidence,2,285.59999999999997
5188,9cce2_00016,84,0.9099999999999999,ratio_confidence,2,285.59999999999997
5189,9cce2_00016,85,0.88,ratio_confidence,2,285.59999999999997
5190,9cce2_00016,86,0.89,ratio_confidence,2,285.59999999999997
5191,9cce2_00016,87,0.83,ratio_confidence,2,285.59999999999997
5192,9cce2_00016,88,0.9199999999999999,ratio_confidence,2,285.59999999999997
5193,9cce2_00016,89,0.8999999999999999,ratio_confidence,2,285.59999999999997
5194,9cce2_00016,90,0.9099999999999999,ratio_confidence,2,285.59999999999997
5195,9cce2_00016,91,0.87,ratio_confidence,2,285.59999999999997
5196,9cce2_00016,92,0.87,ratio_confidence,2,285.59999999999997
5197,9cce2_00016,93,0.8999999999999999,ratio_confidence,2,285.59999999999997
5198,9cce2_00016,94,0.92,ratio_confidence,2,285.59999999999997
5199,9cce2_00016,95,0.9099999999999999,ratio_confidence,2,285.59999999999997
5200,9cce2_00016,96,0.9099999999999999,ratio_confidence,2,285.59999999999997
5201,9cce2_00016,97,0.86,ratio_confidence,2,285.59999999999997
5202,9cce2_00016,98,0.9199999999999999,ratio_confidence,2,285.59999999999997
5203,9cce2_00016,99,0.85,ratio_confidence,2,285.59999999999997
5204,9cce2_00016,100,0.9299999999999999,ratio_confidence,2,285.59999999999997
5205,9cce2_00016,101,0.86,ratio_confidence,2,285.59999999999997
5206,9cce2_00016,102,0.88,ratio_confidence,2,285.59999999999997
5207,9cce2_00016,103,0.8899999999999999,ratio_confidence,2,285.59999999999997
5208,9cce2_00016,104,0.8600000000000001,ratio_confidence,2,285.59999999999997
5209,9cce2_00016,105,0.9099999999999999,ratio_confidence,2,285.59999999999997
5210,9cce2_00016,106,0.9199999999999999,ratio_confidence,2,285.59999999999997
5211,9cce2_00016,107,0.9199999999999999,ratio_confidence,2,285.59999999999997
5212,9cce2_00016,108,0.8500000000000001,ratio_confidence,2,285.59999999999997
5213,9cce2_00016,109,0.9199999999999999,ratio_confidence,2,285.59999999999997
5214,9cce2_00016,110,0.88,ratio_confidence,2,285.59999999999997
5215,9cce2_00016,111,0.9299999999999999,ratio_confidence,2,285.59999999999997
5216,9cce2_00016,112,0.9299999999999999,ratio_confidence,2,285.59999999999997
5217,9cce2_00016,113,0.9299999999999999,ratio_confidence,2,285.59999999999997
5218,9cce2_00016,114,0.88,ratio_confidence,2,285.59999999999997
5219,9cce2_00016,115,0.94,ratio_confidence,2,285.59999999999997
5220,9cce2_00016,116,0.8799999999999999,ratio_confidence,2,285.59999999999997
5221,9cce2_00016,117,0.89,ratio_confidence,2,285.59999999999997
5222,9cce2_00016,118,0.8899999999999999,ratio_confidence,2,285.59999999999997
5223,9cce2_00016,119,0.9199999999999999,ratio_confidence,2,285.59999999999997
5224,9cce2_00016,120,0.8999999999999999,ratio_confidence,2,285.59999999999997
5225,9cce2_00016,121,0.8999999999999999,ratio_confidence,2,285.59999999999997
5226,9cce2_00016,122,0.9099999999999999,ratio_confidence,2,285.59999999999997
5227,9cce2_00016,123,0.8999999999999999,ratio_confidence,2,285.59999999999997
5228,9cce2_00016,124,0.9099999999999999,ratio_confidence,2,285.59999999999997
5229,9cce2_00016,125,0.88,ratio_confidence,2,285.59999999999997
5230,9cce2_00016,126,0.9099999999999999,ratio_confidence,2,285.59999999999997
5231,9cce2_00016,127,0.8799999999999999,ratio_confidence,2,285.59999999999997
5232,9cce2_00016,128,0.86,ratio_confidence,2,285.59999999999997
5233,9cce2_00016,129,0.85,ratio_confidence,2,285.59999999999997
5234,9cce2_00016,130,0.9299999999999999,ratio_confidence,2,285.59999999999997
5235,9cce2_00016,131,0.8999999999999999,ratio_confidence,2,285.59999999999997
5236,9cce2_00016,132,0.9099999999999999,ratio_confidence,2,285.59999999999997
5237,9cce2_00016,133,0.9299999999999999,ratio_confidence,2,285.59999999999997
5238,9cce2_00016,134,0.8999999999999999,ratio_confidence,2,285.59999999999997
5239,9cce2_00016,135,0.87,ratio_confidence,2,285.59999999999997
5240,9cce2_00016,136,0.91,ratio_confidence,2,285.59999999999997
5241,9cce2_00016,137,0.9199999999999999,ratio_confidence,2,285.59999999999997
5242,9cce2_00016,138,0.8999999999999999,ratio_confidence,2,285.59999999999997
5243,9cce2_00016,139,0.8600000000000001,ratio_confidence,2,285.59999999999997
5244,9cce2_00016,140,0.86,ratio_confidence,2,285.59999999999997
5245,9cce2_00016,141,0.87,ratio_confidence,2,285.59999999999997
5246,9cce2_00016,142,0.87,ratio_confidence,2,285.59999999999997
5247,9cce2_00016,143,0.86,ratio_confidence,2,285.59999999999997
5248,9cce2_00016,144,0.9299999999999999,ratio_confidence,2,285.59999999999997
5249,9cce2_00016,145,0.8899999999999999,ratio_confidence,2,285.59999999999997
5250,9cce2_00016,146,0.88,ratio_confidence,2,285.59999999999997
5251,9cce2_00016,147,0.9199999999999999,ratio_confidence,2,285.59999999999997
5252,9cce2_00016,148,0.9199999999999999,ratio_confidence,2,285.59999999999997
5253,9cce2_00016,149,0.9199999999999999,ratio_confidence,2,285.59999999999997
5254,9cce2_00016,150,0.9299999999999999,ratio_confidence,2,285.59999999999997
5255,9cce2_00016,151,0.86,ratio_confidence,2,285.59999999999997
5256,9cce2_00016,152,0.9099999999999999,ratio_confidence,2,285.59999999999997
5257,9cce2_00016,153,0.9199999999999999,ratio_confidence,2,285.59999999999997
5258,9cce2_00016,154,0.94,ratio_confidence,2,285.59999999999997
5259,9cce2_00016,155,0.8999999999999999,ratio_confidence,2,285.59999999999997
5260,9cce2_00016,156,0.9299999999999999,ratio_confidence,2,285.59999999999997
5261,9cce2_00016,157,0.9199999999999999,ratio_confidence,2,285.59999999999997
5262,9cce2_00016,158,0.9299999999999999,ratio_confidence,2,285.59999999999997
5263,9cce2_00016,159,0.86,ratio_confidence,2,285.59999999999997
5264,9cce2_00016,160,0.9099999999999999,ratio_confidence,2,285.59999999999997
5265,9cce2_00016,161,0.9199999999999999,ratio_confidence,2,285.59999999999997
5266,9cce2_00016,162,0.8999999999999999,ratio_confidence,2,285.59999999999997
5267,9cce2_00016,163,0.9099999999999999,ratio_confidence,2,285.59999999999997
5268,9cce2_00016,164,0.9299999999999999,ratio_confidence,2,285.59999999999997
5269,9cce2_00016,165,0.9299999999999999,ratio_confidence,2,285.59999999999997
5270,9cce2_00016,166,0.9099999999999999,ratio_confidence,2,285.59999999999997
5271,9cce2_00016,167,0.9299999999999999,ratio_confidence,2,285.59999999999997
5272,9cce2_00016,168,0.9199999999999999,ratio_confidence,2,285.59999999999997
5273,9cce2_00016,169,0.9199999999999999,ratio_confidence,2,285.59999999999997
5274,9cce2_00016,170,0.9099999999999999,ratio_confidence,2,285.59999999999997
5275,9cce2_00016,171,0.9099999999999999,ratio_confidence,2,285.59999999999997
5276,9cce2_00016,172,0.86,ratio_confidence,2,285.59999999999997
5277,9cce2_00016,173,0.9299999999999999,ratio_confidence,2,285.59999999999997
5278,9cce2_00016,174,0.9199999999999999,ratio_confidence,2,285.59999999999997
5279,9cce2_00016,175,0.95,ratio_confidence,2,285.59999999999997
5280,9cce2_00016,176,0.8899999999999999,ratio_confidence,2,285.59999999999997
5281,9cce2_00016,177,0.88,ratio_confidence,2,285.59999999999997
5282,9cce2_00016,178,0.89,ratio_confidence,2,285.59999999999997
5283,9cce2_00016,179,0.9299999999999999,ratio_confidence,2,285.59999999999997
5284,9cce2_00016,180,0.9199999999999999,ratio_confidence,2,285.59999999999997
5285,9cce2_00016,181,0.9199999999999999,ratio_confidence,2,285.59999999999997
5286,9cce2_00016,182,0.8999999999999999,ratio_confidence,2,285.59999999999997
5287,9cce2_00016,183,0.8999999999999999,ratio_confidence,2,285.59999999999997
5288,9cce2_00016,184,0.8899999999999999,ratio_confidence,2,285.59999999999997
5289,9cce2_00016,185,0.8899999999999999,ratio_confidence,2,285.59999999999997
5290,9cce2_00016,186,0.87,ratio_confidence,2,285.59999999999997
5291,9cce2_00016,187,0.9299999999999999,ratio_confidence,2,285.59999999999997
5292,9cce2_00016,188,0.94,ratio_confidence,2,285.59999999999997
5293,9cce2_00016,189,0.9199999999999999,ratio_confidence,2,285.59999999999997
5294,9cce2_00016,190,0.9199999999999999,ratio_confidence,2,285.59999999999997
5295,9cce2_00016,191,0.9099999999999999,ratio_confidence,2,285.59999999999997
5296,9cce2_00016,192,0.87,ratio_confidence,2,285.59999999999997
5297,9cce2_00016,193,0.9299999999999999,ratio_confidence,2,285.59999999999997
5298,9cce2_00016,194,0.9199999999999999,ratio_confidence,2,285.59999999999997
5299,9cce2_00016,195,0.9299999999999999,ratio_confidence,2,285.59999999999997
5300,9cce2_00016,196,0.91,ratio_confidence,2,285.59999999999997
5301,9cce2_00016,197,0.9199999999999999,ratio_confidence,2,285.59999999999997
5302,9cce2_00016,198,0.9199999999999999,ratio_confidence,2,285.59999999999997
5303,9cce2_00016,199,0.94,ratio_confidence,2,285.59999999999997
5304,9cce2_00016,200,0.9299999999999999,ratio_confidence,2,285.59999999999997
5305,9cce2_00016,201,0.86,ratio_confidence,2,285.59999999999997
5306,9cce2_00016,202,0.8799999999999999,ratio_confidence,2,285.59999999999997
5307,9cce2_00016,203,0.9299999999999999,ratio_confidence,2,285.59999999999997
5308,9cce2_00016,204,0.8999999999999999,ratio_confidence,2,285.59999999999997
5309,9cce2_00016,205,0.89,ratio_confidence,2,285.59999999999997
5310,9cce2_00016,206,0.8899999999999999,ratio_confidence,2,285.59999999999997
5311,9cce2_00016,207,0.9099999999999999,ratio_confidence,2,285.59999999999997
5312,9cce2_00016,208,0.89,ratio_confidence,2,285.59999999999997
5313,9cce2_00016,209,0.9199999999999999,ratio_confidence,2,285.59999999999997
5314,9cce2_00016,210,0.9,ratio_confidence,2,285.59999999999997
5315,9cce2_00016,211,0.85,ratio_confidence,2,285.59999999999997
5316,9cce2_00016,212,0.94,ratio_confidence,2,285.59999999999997
5317,9cce2_00016,213,0.9199999999999999,ratio_confidence,2,285.59999999999997
5318,9cce2_00016,214,0.9099999999999999,ratio_confidence,2,285.59999999999997
5319,9cce2_00016,215,0.86,ratio_confidence,2,285.59999999999997
5320,9cce2_00016,216,0.89,ratio_confidence,2,285.59999999999997
5321,9cce2_00016,217,0.88,ratio_confidence,2,285.59999999999997
5322,9cce2_00016,218,0.88,ratio_confidence,2,285.59999999999997
5323,9cce2_00016,219,0.8999999999999999,ratio_confidence,2,285.59999999999997
5324,9cce2_00016,220,0.9199999999999999,ratio_confidence,2,285.59999999999997
5325,9cce2_00016,221,0.9299999999999999,ratio_confidence,2,285.59999999999997
5326,9cce2_00016,222,0.8999999999999999,ratio_confidence,2,285.59999999999997
5327,9cce2_00016,223,0.92,ratio_confidence,2,285.59999999999997
5328,9cce2_00016,224,0.8899999999999999,ratio_confidence,2,285.59999999999997
5329,9cce2_00016,225,0.91,ratio_confidence,2,285.59999999999997
5330,9cce2_00016,226,0.9199999999999999,ratio_confidence,2,285.59999999999997
5331,9cce2_00016,227,0.9099999999999999,ratio_confidence,2,285.59999999999997
5332,9cce2_00016,228,0.94,ratio_confidence,2,285.59999999999997
5333,9cce2_00016,229,0.87,ratio_confidence,2,285.59999999999997
5334,9cce2_00016,230,0.8999999999999999,ratio_confidence,2,285.59999999999997
5335,9cce2_00016,231,0.9099999999999999,ratio_confidence,2,285.59999999999997
5336,9cce2_00016,232,0.88,ratio_confidence,2,285.59999999999997
5337,9cce2_00016,233,0.95,ratio_confidence,2,285.59999999999997
5338,9cce2_00016,234,0.9299999999999999,ratio_confidence,2,285.59999999999997
5339,9cce2_00016,235,0.9099999999999999,ratio_confidence,2,285.59999999999997
5340,9cce2_00016,236,0.91,ratio_confidence,2,285.59999999999997
5341,9cce2_00016,237,0.8899999999999999,ratio_confidence,2,285.59999999999997
5342,9cce2_00016,238,0.8999999999999999,ratio_confidence,2,285.59999999999997
5343,9cce2_00016,239,0.87,ratio_confidence,2,285.59999999999997
5344,9cce2_00016,240,0.8899999999999999,ratio_confidence,2,285.59999999999997
5345,9cce2_00016,241,0.91,ratio_confidence,2,285.59999999999997
5346,9cce2_00016,242,0.91,ratio_confidence,2,285.59999999999997
5347,9cce2_00016,243,0.9099999999999999,ratio_confidence,2,285.59999999999997
5348,9cce2_00016,244,0.9199999999999999,ratio_confidence,2,285.59999999999997
5349,9cce2_00016,245,0.8999999999999999,ratio_confidence,2,285.59999999999997
5350,9cce2_00016,246,0.8899999999999999,ratio_confidence,2,285.59999999999997
5351,9cce2_00016,247,0.9099999999999999,ratio_confidence,2,285.59999999999997
5352,9cce2_00016,248,0.9299999999999999,ratio_confidence,2,285.59999999999997
5353,9cce2_00016,249,0.8899999999999999,ratio_confidence,2,285.59999999999997
5354,9cce2_00016,250,0.89,ratio_confidence,2,285.59999999999997
5355,9cce2_00016,251,0.9299999999999999,ratio_confidence,2,285.59999999999997
5356,9cce2_00016,252,0.87,ratio_confidence,2,285.59999999999997
5357,9cce2_00016,253,0.88,ratio_confidence,2,285.59999999999997
5358,9cce2_00016,254,0.88,ratio_confidence,2,285.59999999999997
5359,9cce2_00016,255,0.9099999999999999,ratio_confidence,2,285.59999999999997
5360,9cce2_00016,256,0.95,ratio_confidence,2,285.59999999999997
5361,9cce2_00016,257,0.9199999999999999,ratio_confidence,2,285.59999999999997
5362,9cce2_00016,258,0.9,ratio_confidence,2,285.59999999999997
5363,9cce2_00016,259,0.9299999999999999,ratio_confidence,2,285.59999999999997
5364,9cce2_00016,260,0.9099999999999999,ratio_confidence,2,285.59999999999997
5365,9cce2_00016,261,0.9299999999999999,ratio_confidence,2,285.59999999999997
5366,9cce2_00016,262,0.9099999999999999,ratio_confidence,2,285.59999999999997
5367,9cce2_00016,263,0.9199999999999999,ratio_confidence,2,285.59999999999997
5368,9cce2_00016,264,0.9199999999999999,ratio_confidence,2,285.59999999999997
5369,9cce2_00016,265,0.9299999999999999,ratio_confidence,2,285.59999999999997
5370,9cce2_00016,266,0.9099999999999999,ratio_confidence,2,285.59999999999997
5371,9cce2_00016,267,0.9199999999999999,ratio_confidence,2,285.59999999999997
5372,9cce2_00016,268,0.88,ratio_confidence,2,285.59999999999997
5373,9cce2_00016,269,0.9299999999999999,ratio_confidence,2,285.59999999999997
5374,9cce2_00016,270,0.87,ratio_confidence,2,285.59999999999997
5375,9cce2_00016,271,0.9099999999999999,ratio_confidence,2,285.59999999999997
5376,9cce2_00016,272,0.8999999999999999,ratio_confidence,2,285.59999999999997
5377,9cce2_00016,273,0.86,ratio_confidence,2,285.59999999999997
5378,9cce2_00016,274,0.9099999999999999,ratio_confidence,2,285.59999999999997
5379,9cce2_00016,275,0.8999999999999999,ratio_confidence,2,285.59999999999997
5380,9cce2_00016,276,0.9099999999999999,ratio_confidence,2,285.59999999999997
5381,9cce2_00016,277,0.88,ratio_confidence,2,285.59999999999997
5382,9cce2_00016,278,0.8899999999999999,ratio_confidence,2,285.59999999999997
5383,9cce2_00016,279,0.8899999999999999,ratio_confidence,2,285.59999999999997
5384,9cce2_00016,280,0.9299999999999999,ratio_confidence,2,285.59999999999997
5385,9cce2_00016,281,0.8999999999999999,ratio_confidence,2,285.59999999999997
5386,9cce2_00016,282,0.8799999999999999,ratio_confidence,2,285.59999999999997
5387,9cce2_00016,283,0.9,ratio_confidence,2,285.59999999999997
5388,9cce2_00016,284,0.9099999999999999,ratio_confidence,2,285.59999999999997
5389,9cce2_00016,285,0.9099999999999999,ratio_confidence,2,285.59999999999997
5390,9cce2_00016,286,0.9299999999999999,ratio_confidence,2,285.59999999999997
5391,9cce2_00016,287,0.9199999999999999,ratio_confidence,2,285.59999999999997
5392,9cce2_00016,288,0.9199999999999999,ratio_confidence,2,285.59999999999997
5393,9cce2_00016,289,0.89,ratio_confidence,2,285.59999999999997
5394,9cce2_00016,290,0.8999999999999999,ratio_confidence,2,285.59999999999997
5395,9cce2_00016,291,0.9199999999999999,ratio_confidence,2,285.59999999999997
5396,9cce2_00016,292,0.9,ratio_confidence,2,285.59999999999997
5397,9cce2_00016,293,0.9199999999999999,ratio_confidence,2,285.59999999999997
5398,9cce2_00016,294,0.9199999999999999,ratio_confidence,2,285.59999999999997
5399,9cce2_00016,295,0.8999999999999999,ratio_confidence,2,285.59999999999997
5400,9cce2_00016,296,0.87,ratio_confidence,2,285.59999999999997
5401,9cce2_00016,297,0.9199999999999999,ratio_confidence,2,285.59999999999997
5402,9cce2_00016,298,0.9199999999999999,ratio_confidence,2,285.59999999999997
5403,9cce2_00016,299,0.9199999999999999,ratio_confidence,2,285.59999999999997
5404,9cce2_00016,300,0.9299999999999999,ratio_confidence,2,285.59999999999997
5405,9cce2_00016,301,0.94,ratio_confidence,2,285.59999999999997
5406,9cce2_00016,302,0.86,ratio_confidence,2,285.59999999999997
5407,9cce2_00016,303,0.88,ratio_confidence,2,285.59999999999997
5408,9cce2_00016,304,0.9199999999999999,ratio_confidence,2,285.59999999999997
5409,9cce2_00016,305,0.9299999999999999,ratio_confidence,2,285.59999999999997
5410,9cce2_00016,306,0.9299999999999999,ratio_confidence,2,285.59999999999997
5411,9cce2_00016,307,0.8899999999999999,ratio_confidence,2,285.59999999999997
5412,9cce2_00016,308,0.9199999999999999,ratio_confidence,2,285.59999999999997
5413,9cce2_00016,309,0.83,ratio_confidence,2,285.59999999999997
5414,9cce2_00016,310,0.9099999999999999,ratio_confidence,2,285.59999999999997
5415,9cce2_00016,311,0.92,ratio_confidence,2,285.59999999999997
5416,9cce2_00016,312,0.95,ratio_confidence,2,285.59999999999997
5417,9cce2_00016,313,0.94,ratio_confidence,2,285.59999999999997
5418,9cce2_00016,314,0.8899999999999999,ratio_confidence,2,285.59999999999997
5419,9cce2_00016,315,0.9199999999999999,ratio_confidence,2,285.59999999999997
5420,9cce2_00016,316,0.9199999999999999,ratio_confidence,2,285.59999999999997
5421,9cce2_00016,317,0.87,ratio_confidence,2,285.59999999999997
5422,9cce2_00016,318,0.8600000000000001,ratio_confidence,2,285.59999999999997
5423,9cce2_00017,0,0.81,ratio_confidence,3,279.36499999999995
5424,9cce2_00017,1,0.5,ratio_confidence,3,279.36499999999995
5425,9cce2_00017,2,0.52,ratio_confidence,3,279.36499999999995
5426,9cce2_00017,3,0.53,ratio_confidence,3,279.36499999999995
5427,9cce2_00017,4,0.42000000000000004,ratio_confidence,3,279.36499999999995
5428,9cce2_00017,5,0.81,ratio_confidence,3,279.36499999999995
5429,9cce2_00017,6,0.8500000000000001,ratio_confidence,3,279.36499999999995
5430,9cce2_00017,7,0.56,ratio_confidence,3,279.36499999999995
5431,9cce2_00017,8,0.87,ratio_confidence,3,279.36499999999995
5432,9cce2_00017,9,0.81,ratio_confidence,3,279.36499999999995
5433,9cce2_00017,10,0.79,ratio_confidence,3,279.36499999999995
5434,9cce2_00017,11,0.8899999999999999,ratio_confidence,3,279.36499999999995
5435,9cce2_00017,12,0.75,ratio_confidence,3,279.36499999999995
5436,9cce2_00017,13,0.88,ratio_confidence,3,279.36499999999995
5437,9cce2_00017,14,0.88,ratio_confidence,3,279.36499999999995
5438,9cce2_00017,15,0.86,ratio_confidence,3,279.36499999999995
5439,9cce2_00017,16,0.8899999999999999,ratio_confidence,3,279.36499999999995
5440,9cce2_00017,17,0.7,ratio_confidence,3,279.36499999999995
5441,9cce2_00017,18,0.79,ratio_confidence,3,279.36499999999995
5442,9cce2_00017,19,0.79,ratio_confidence,3,279.36499999999995
5443,9cce2_00017,20,0.86,ratio_confidence,3,279.36499999999995
5444,9cce2_00017,21,0.88,ratio_confidence,3,279.36499999999995
5445,9cce2_00017,22,0.8300000000000001,ratio_confidence,3,279.36499999999995
5446,9cce2_00017,23,0.89,ratio_confidence,3,279.36499999999995
5447,9cce2_00017,24,0.88,ratio_confidence,3,279.36499999999995
5448,9cce2_00017,25,0.8899999999999999,ratio_confidence,3,279.36499999999995
5449,9cce2_00017,26,0.8899999999999999,ratio_confidence,3,279.36499999999995
5450,9cce2_00017,27,0.89,ratio_confidence,3,279.36499999999995
5451,9cce2_00017,28,0.87,ratio_confidence,3,279.36499999999995
5452,9cce2_00017,29,0.89,ratio_confidence,3,279.36499999999995
5453,9cce2_00017,30,0.88,ratio_confidence,3,279.36499999999995
5454,9cce2_00017,31,0.8799999999999999,ratio_confidence,3,279.36499999999995
5455,9cce2_00017,32,0.9099999999999999,ratio_confidence,3,279.36499999999995
5456,9cce2_00017,33,0.87,ratio_confidence,3,279.36499999999995
5457,9cce2_00017,34,0.89,ratio_confidence,3,279.36499999999995
5458,9cce2_00017,35,0.87,ratio_confidence,3,279.36499999999995
5459,9cce2_00017,36,0.87,ratio_confidence,3,279.36499999999995
5460,9cce2_00017,37,0.91,ratio_confidence,3,279.36499999999995
5461,9cce2_00017,38,0.9,ratio_confidence,3,279.36499999999995
5462,9cce2_00017,39,0.8999999999999999,ratio_confidence,3,279.36499999999995
5463,9cce2_00017,40,0.85,ratio_confidence,3,279.36499999999995
5464,9cce2_00017,41,0.9199999999999999,ratio_confidence,3,279.36499999999995
5465,9cce2_00017,42,0.85,ratio_confidence,3,279.36499999999995
5466,9cce2_00017,43,0.8999999999999999,ratio_confidence,3,279.36499999999995
5467,9cce2_00017,44,0.9199999999999999,ratio_confidence,3,279.36499999999995
5468,9cce2_00017,45,0.8899999999999999,ratio_confidence,3,279.36499999999995
5469,9cce2_00017,46,0.91,ratio_confidence,3,279.36499999999995
5470,9cce2_00017,47,0.88,ratio_confidence,3,279.36499999999995
5471,9cce2_00017,48,0.8899999999999999,ratio_confidence,3,279.36499999999995
5472,9cce2_00017,49,0.9,ratio_confidence,3,279.36499999999995
5473,9cce2_00017,50,0.89,ratio_confidence,3,279.36499999999995
5474,9cce2_00017,51,0.89,ratio_confidence,3,279.36499999999995
5475,9cce2_00017,52,0.9,ratio_confidence,3,279.36499999999995
5476,9cce2_00017,53,0.87,ratio_confidence,3,279.36499999999995
5477,9cce2_00017,54,0.8999999999999999,ratio_confidence,3,279.36499999999995
5478,9cce2_00017,55,0.8999999999999999,ratio_confidence,3,279.36499999999995
5479,9cce2_00017,56,0.87,ratio_confidence,3,279.36499999999995
5480,9cce2_00017,57,0.8500000000000001,ratio_confidence,3,279.36499999999995
5481,9cce2_00017,58,0.83,ratio_confidence,3,279.36499999999995
5482,9cce2_00017,59,0.8999999999999999,ratio_confidence,3,279.36499999999995
5483,9cce2_00017,60,0.8999999999999999,ratio_confidence,3,279.36499999999995
5484,9cce2_00017,61,0.8899999999999999,ratio_confidence,3,279.36499999999995
5485,9cce2_00017,62,0.88,ratio_confidence,3,279.36499999999995
5486,9cce2_00017,63,0.9299999999999999,ratio_confidence,3,279.36499999999995
5487,9cce2_00017,64,0.87,ratio_confidence,3,279.36499999999995
5488,9cce2_00017,65,0.89,ratio_confidence,3,279.36499999999995
5489,9cce2_00017,66,0.9199999999999999,ratio_confidence,3,279.36499999999995
5490,9cce2_00017,67,0.86,ratio_confidence,3,279.36499999999995
5491,9cce2_00017,68,0.88,ratio_confidence,3,279.36499999999995
5492,9cce2_00017,69,0.8999999999999999,ratio_confidence,3,279.36499999999995
5493,9cce2_00017,70,0.88,ratio_confidence,3,279.36499999999995
5494,9cce2_00017,71,0.8799999999999999,ratio_confidence,3,279.36499999999995
5495,9cce2_00017,72,0.88,ratio_confidence,3,279.36499999999995
5496,9cce2_00017,73,0.9199999999999999,ratio_confidence,3,279.36499999999995
5497,9cce2_00017,74,0.8999999999999999,ratio_confidence,3,279.36499999999995
5498,9cce2_00017,75,0.9199999999999999,ratio_confidence,3,279.36499999999995
5499,9cce2_00017,76,0.8899999999999999,ratio_confidence,3,279.36499999999995
5500,9cce2_00017,77,0.8999999999999999,ratio_confidence,3,279.36499999999995
5501,9cce2_00017,78,0.8799999999999999,ratio_confidence,3,279.36499999999995
5502,9cce2_00017,79,0.87,ratio_confidence,3,279.36499999999995
5503,9cce2_00017,80,0.88,ratio_confidence,3,279.36499999999995
5504,9cce2_00017,81,0.8400000000000001,ratio_confidence,3,279.36499999999995
5505,9cce2_00017,82,0.89,ratio_confidence,3,279.36499999999995
5506,9cce2_00017,83,0.88,ratio_confidence,3,279.36499999999995
5507,9cce2_00017,84,0.89,ratio_confidence,3,279.36499999999995
5508,9cce2_00017,85,0.86,ratio_confidence,3,279.36499999999995
5509,9cce2_00017,86,0.9,ratio_confidence,3,279.36499999999995
5510,9cce2_00017,87,0.9199999999999999,ratio_confidence,3,279.36499999999995
5511,9cce2_00017,88,0.91,ratio_confidence,3,279.36499999999995
5512,9cce2_00017,89,0.88,ratio_confidence,3,279.36499999999995
5513,9cce2_00017,90,0.89,ratio_confidence,3,279.36499999999995
5514,9cce2_00017,91,0.8600000000000001,ratio_confidence,3,279.36499999999995
5515,9cce2_00017,92,0.9099999999999999,ratio_confidence,3,279.36499999999995
5516,9cce2_00017,93,0.87,ratio_confidence,3,279.36499999999995
5517,9cce2_00017,94,0.87,ratio_confidence,3,279.36499999999995
5518,9cce2_00017,95,0.9099999999999999,ratio_confidence,3,279.36499999999995
5519,9cce2_00017,96,0.9299999999999999,ratio_confidence,3,279.36499999999995
5520,9cce2_00017,97,0.88,ratio_confidence,3,279.36499999999995
5521,9cce2_00017,98,0.8999999999999999,ratio_confidence,3,279.36499999999995
5522,9cce2_00017,99,0.87,ratio_confidence,3,279.36499999999995
5523,9cce2_00017,100,0.84,ratio_confidence,3,279.36499999999995
5524,9cce2_00017,101,0.9,ratio_confidence,3,279.36499999999995
5525,9cce2_00017,102,0.89,ratio_confidence,3,279.36499999999995
5526,9cce2_00017,103,0.89,ratio_confidence,3,279.36499999999995
5527,9cce2_00017,104,0.88,ratio_confidence,3,279.36499999999995
5528,9cce2_00017,105,0.88,ratio_confidence,3,279.36499999999995
5529,9cce2_00017,106,0.8999999999999999,ratio_confidence,3,279.36499999999995
5530,9cce2_00017,107,0.8300000000000001,ratio_confidence,3,279.36499999999995
5531,9cce2_00017,108,0.89,ratio_confidence,3,279.36499999999995
5532,9cce2_00017,109,0.89,ratio_confidence,3,279.36499999999995
5533,9cce2_00017,110,0.89,ratio_confidence,3,279.36499999999995
5534,9cce2_00017,111,0.88,ratio_confidence,3,279.36499999999995
5535,9cce2_00017,112,0.8500000000000001,ratio_confidence,3,279.36499999999995
5536,9cce2_00017,113,0.9299999999999999,ratio_confidence,3,279.36499999999995
5537,9cce2_00017,114,0.89,ratio_confidence,3,279.36499999999995
5538,9cce2_00017,115,0.88,ratio_confidence,3,279.36499999999995
5539,9cce2_00017,116,0.88,ratio_confidence,3,279.36499999999995
5540,9cce2_00017,117,0.9199999999999999,ratio_confidence,3,279.36499999999995
5541,9cce2_00017,118,0.81,ratio_confidence,3,279.36499999999995
5542,9cce2_00017,119,0.87,ratio_confidence,3,279.36499999999995
5543,9cce2_00017,120,0.8999999999999999,ratio_confidence,3,279.36499999999995
5544,9cce2_00017,121,0.8999999999999999,ratio_confidence,3,279.36499999999995
5545,9cce2_00017,122,0.8200000000000001,ratio_confidence,3,279.36499999999995
5546,9cce2_00017,123,0.8999999999999999,ratio_confidence,3,279.36499999999995
5547,9cce2_00017,124,0.89,ratio_confidence,3,279.36499999999995
5548,9cce2_00017,125,0.91,ratio_confidence,3,279.36499999999995
5549,9cce2_00017,126,0.88,ratio_confidence,3,279.36499999999995
5550,9cce2_00017,127,0.9199999999999999,ratio_confidence,3,279.36499999999995
5551,9cce2_00017,128,0.89,ratio_confidence,3,279.36499999999995
5552,9cce2_00017,129,0.88,ratio_confidence,3,279.36499999999995
5553,9cce2_00017,130,0.9,ratio_confidence,3,279.36499999999995
5554,9cce2_00017,131,0.8999999999999999,ratio_confidence,3,279.36499999999995
5555,9cce2_00017,132,0.9,ratio_confidence,3,279.36499999999995
5556,9cce2_00017,133,0.88,ratio_confidence,3,279.36499999999995
5557,9cce2_00017,134,0.89,ratio_confidence,3,279.36499999999995
5558,9cce2_00017,135,0.9,ratio_confidence,3,279.36499999999995
5559,9cce2_00017,136,0.9,ratio_confidence,3,279.36499999999995
5560,9cce2_00017,137,0.89,ratio_confidence,3,279.36499999999995
5561,9cce2_00017,138,0.9099999999999999,ratio_confidence,3,279.36499999999995
5562,9cce2_00017,139,0.87,ratio_confidence,3,279.36499999999995
5563,9cce2_00017,140,0.91,ratio_confidence,3,279.36499999999995
5564,9cce2_00017,141,0.9099999999999999,ratio_confidence,3,279.36499999999995
5565,9cce2_00017,142,0.89,ratio_confidence,3,279.36499999999995
5566,9cce2_00017,143,0.89,ratio_confidence,3,279.36499999999995
5567,9cce2_00017,144,0.85,ratio_confidence,3,279.36499999999995
5568,9cce2_00017,145,0.88,ratio_confidence,3,279.36499999999995
5569,9cce2_00017,146,0.89,ratio_confidence,3,279.36499999999995
5570,9cce2_00017,147,0.9099999999999999,ratio_confidence,3,279.36499999999995
5571,9cce2_00017,148,0.89,ratio_confidence,3,279.36499999999995
5572,9cce2_00017,149,0.8999999999999999,ratio_confidence,3,279.36499999999995
5573,9cce2_00017,150,0.9099999999999999,ratio_confidence,3,279.36499999999995
5574,9cce2_00017,151,0.8999999999999999,ratio_confidence,3,279.36499999999995
5575,9cce2_00017,152,0.88,ratio_confidence,3,279.36499999999995
5576,9cce2_00017,153,0.9,ratio_confidence,3,279.36499999999995
5577,9cce2_00017,154,0.88,ratio_confidence,3,279.36499999999995
5578,9cce2_00017,155,0.9,ratio_confidence,3,279.36499999999995
5579,9cce2_00017,156,0.88,ratio_confidence,3,279.36499999999995
5580,9cce2_00017,157,0.89,ratio_confidence,3,279.36499999999995
5581,9cce2_00017,158,0.89,ratio_confidence,3,279.36499999999995
5582,9cce2_00017,159,0.9,ratio_confidence,3,279.36499999999995
5583,9cce2_00017,160,0.88,ratio_confidence,3,279.36499999999995
5584,9cce2_00017,161,0.88,ratio_confidence,3,279.36499999999995
5585,9cce2_00017,162,0.8999999999999999,ratio_confidence,3,279.36499999999995
5586,9cce2_00017,163,0.87,ratio_confidence,3,279.36499999999995
5587,9cce2_00017,164,0.8899999999999999,ratio_confidence,3,279.36499999999995
5588,9cce2_00017,165,0.8899999999999999,ratio_confidence,3,279.36499999999995
5589,9cce2_00017,166,0.88,ratio_confidence,3,279.36499999999995
5590,9cce2_00017,167,0.8300000000000001,ratio_confidence,3,279.36499999999995
5591,9cce2_00017,168,0.88,ratio_confidence,3,279.36499999999995
5592,9cce2_00017,169,0.8999999999999999,ratio_confidence,3,279.36499999999995
5593,9cce2_00017,170,0.88,ratio_confidence,3,279.36499999999995
5594,9cce2_00017,171,0.8999999999999999,ratio_confidence,3,279.36499999999995
5595,9cce2_00017,172,0.89,ratio_confidence,3,279.36499999999995
5596,9cce2_00017,173,0.89,ratio_confidence,3,279.36499999999995
5597,9cce2_00017,174,0.89,ratio_confidence,3,279.36499999999995
5598,9cce2_00017,175,0.88,ratio_confidence,3,279.36499999999995
5599,9cce2_00017,176,0.9199999999999999,ratio_confidence,3,279.36499999999995
5600,9cce2_00017,177,0.89,ratio_confidence,3,279.36499999999995
5601,9cce2_00017,178,0.8999999999999999,ratio_confidence,3,279.36499999999995
5602,9cce2_00017,179,0.89,ratio_confidence,3,279.36499999999995
5603,9cce2_00017,180,0.8899999999999999,ratio_confidence,3,279.36499999999995
5604,9cce2_00017,181,0.9,ratio_confidence,3,279.36499999999995
5605,9cce2_00017,182,0.8899999999999999,ratio_confidence,3,279.36499999999995
5606,9cce2_00017,183,0.91,ratio_confidence,3,279.36499999999995
5607,9cce2_00017,184,0.89,ratio_confidence,3,279.36499999999995
5608,9cce2_00017,185,0.8999999999999999,ratio_confidence,3,279.36499999999995
5609,9cce2_00017,186,0.88,ratio_confidence,3,279.36499999999995
5610,9cce2_00017,187,0.89,ratio_confidence,3,279.36499999999995
5611,9cce2_00017,188,0.89,ratio_confidence,3,279.36499999999995
5612,9cce2_00017,189,0.88,ratio_confidence,3,279.36499999999995
5613,9cce2_00017,190,0.89,ratio_confidence,3,279.36499999999995
5614,9cce2_00017,191,0.89,ratio_confidence,3,279.36499999999995
5615,9cce2_00017,192,0.86,ratio_confidence,3,279.36499999999995
5616,9cce2_00017,193,0.88,ratio_confidence,3,279.36499999999995
5617,9cce2_00017,194,0.8500000000000001,ratio_confidence,3,279.36499999999995
5618,9cce2_00017,195,0.9099999999999999,ratio_confidence,3,279.36499999999995
5619,9cce2_00017,196,0.89,ratio_confidence,3,279.36499999999995
5620,9cce2_00017,197,0.89,ratio_confidence,3,279.36499999999995
5621,9cce2_00017,198,0.8899999999999999,ratio_confidence,3,279.36499999999995
5622,9cce2_00017,199,0.89,ratio_confidence,3,279.36499999999995
5623,9cce2_00017,200,0.8999999999999999,ratio_confidence,3,279.36499999999995
5624,9cce2_00017,201,0.88,ratio_confidence,3,279.36499999999995
5625,9cce2_00017,202,0.89,ratio_confidence,3,279.36499999999995
5626,9cce2_00017,203,0.89,ratio_confidence,3,279.36499999999995
5627,9cce2_00017,204,0.8999999999999999,ratio_confidence,3,279.36499999999995
5628,9cce2_00017,205,0.9,ratio_confidence,3,279.36499999999995
5629,9cce2_00017,206,0.89,ratio_confidence,3,279.36499999999995
5630,9cce2_00017,207,0.9,ratio_confidence,3,279.36499999999995
5631,9cce2_00017,208,0.87,ratio_confidence,3,279.36499999999995
5632,9cce2_00017,209,0.8899999999999999,ratio_confidence,3,279.36499999999995
5633,9cce2_00017,210,0.8999999999999999,ratio_confidence,3,279.36499999999995
5634,9cce2_00017,211,0.89,ratio_confidence,3,279.36499999999995
5635,9cce2_00017,212,0.8999999999999999,ratio_confidence,3,279.36499999999995
5636,9cce2_00017,213,0.86,ratio_confidence,3,279.36499999999995
5637,9cce2_00017,214,0.89,ratio_confidence,3,279.36499999999995
5638,9cce2_00017,215,0.87,ratio_confidence,3,279.36499999999995
5639,9cce2_00017,216,0.9,ratio_confidence,3,279.36499999999995
5640,9cce2_00017,217,0.8999999999999999,ratio_confidence,3,279.36499999999995
5641,9cce2_00017,218,0.89,ratio_confidence,3,279.36499999999995
5642,9cce2_00017,219,0.91,ratio_confidence,3,279.36499999999995
5643,9cce2_00017,220,0.87,ratio_confidence,3,279.36499999999995
5644,9cce2_00017,221,0.88,ratio_confidence,3,279.36499999999995
5645,9cce2_00017,222,0.8799999999999999,ratio_confidence,3,279.36499999999995
5646,9cce2_00017,223,0.87,ratio_confidence,3,279.36499999999995
5647,9cce2_00017,224,0.89,ratio_confidence,3,279.36499999999995
5648,9cce2_00017,225,0.87,ratio_confidence,3,279.36499999999995
5649,9cce2_00017,226,0.86,ratio_confidence,3,279.36499999999995
5650,9cce2_00017,227,0.89,ratio_confidence,3,279.36499999999995
5651,9cce2_00017,228,0.87,ratio_confidence,3,279.36499999999995
5652,9cce2_00017,229,0.8999999999999999,ratio_confidence,3,279.36499999999995
5653,9cce2_00017,230,0.8899999999999999,ratio_confidence,3,279.36499999999995
5654,9cce2_00017,231,0.9,ratio_confidence,3,279.36499999999995
5655,9cce2_00017,232,0.89,ratio_confidence,3,279.36499999999995
5656,9cce2_00017,233,0.87,ratio_confidence,3,279.36499999999995
5657,9cce2_00017,234,0.8999999999999999,ratio_confidence,3,279.36499999999995
5658,9cce2_00017,235,0.88,ratio_confidence,3,279.36499999999995
5659,9cce2_00017,236,0.89,ratio_confidence,3,279.36499999999995
5660,9cce2_00017,237,0.89,ratio_confidence,3,279.36499999999995
5661,9cce2_00017,238,0.8899999999999999,ratio_confidence,3,279.36499999999995
5662,9cce2_00017,239,0.8899999999999999,ratio_confidence,3,279.36499999999995
5663,9cce2_00017,240,0.9,ratio_confidence,3,279.36499999999995
5664,9cce2_00017,241,0.8899999999999999,ratio_confidence,3,279.36499999999995
5665,9cce2_00017,242,0.88,ratio_confidence,3,279.36499999999995
5666,9cce2_00017,243,0.9,ratio_confidence,3,279.36499999999995
5667,9cce2_00017,244,0.8999999999999999,ratio_confidence,3,279.36499999999995
5668,9cce2_00017,245,0.87,ratio_confidence,3,279.36499999999995
5669,9cce2_00017,246,0.88,ratio_confidence,3,279.36499999999995
5670,9cce2_00017,247,0.89,ratio_confidence,3,279.36499999999995
5671,9cce2_00017,248,0.8999999999999999,ratio_confidence,3,279.36499999999995
5672,9cce2_00017,249,0.9,ratio_confidence,3,279.36499999999995
5673,9cce2_00017,250,0.88,ratio_confidence,3,279.36499999999995
5674,9cce2_00017,251,0.89,ratio_confidence,3,279.36499999999995
5675,9cce2_00017,252,0.8899999999999999,ratio_confidence,3,279.36499999999995
5676,9cce2_00017,253,0.88,ratio_confidence,3,279.36499999999995
5677,9cce2_00017,254,0.89,ratio_confidence,3,279.36499999999995
5678,9cce2_00017,255,0.89,ratio_confidence,3,279.36499999999995
5679,9cce2_00017,256,0.88,ratio_confidence,3,279.36499999999995
5680,9cce2_00017,257,0.88,ratio_confidence,3,279.36499999999995
5681,9cce2_00017,258,0.87,ratio_confidence,3,279.36499999999995
5682,9cce2_00017,259,0.89,ratio_confidence,3,279.36499999999995
5683,9cce2_00017,260,0.89,ratio_confidence,3,279.36499999999995
5684,9cce2_00017,261,0.8999999999999999,ratio_confidence,3,279.36499999999995
5685,9cce2_00017,262,0.88,ratio_confidence,3,279.36499999999995
5686,9cce2_00017,263,0.89,ratio_confidence,3,279.36499999999995
5687,9cce2_00017,264,0.87,ratio_confidence,3,279.36499999999995
5688,9cce2_00017,265,0.88,ratio_confidence,3,279.36499999999995
5689,9cce2_00017,266,0.8899999999999999,ratio_confidence,3,279.36499999999995
5690,9cce2_00017,267,0.8899999999999999,ratio_confidence,3,279.36499999999995
5691,9cce2_00017,268,0.88,ratio_confidence,3,279.36499999999995
5692,9cce2_00017,269,0.91,ratio_confidence,3,279.36499999999995
5693,9cce2_00017,270,0.89,ratio_confidence,3,279.36499999999995
5694,9cce2_00017,271,0.9,ratio_confidence,3,279.36499999999995
5695,9cce2_00017,272,0.89,ratio_confidence,3,279.36499999999995
5696,9cce2_00017,273,0.89,ratio_confidence,3,279.36499999999995
5697,9cce2_00017,274,0.89,ratio_confidence,3,279.36499999999995
5698,9cce2_00017,275,0.88,ratio_confidence,3,279.36499999999995
5699,9cce2_00017,276,0.8999999999999999,ratio_confidence,3,279.36499999999995
5700,9cce2_00017,277,0.88,ratio_confidence,3,279.36499999999995
5701,9cce2_00017,278,0.88,ratio_confidence,3,279.36499999999995
5702,9cce2_00017,279,0.88,ratio_confidence,3,279.36499999999995
5703,9cce2_00017,280,0.89,ratio_confidence,3,279.36499999999995
5704,9cce2_00017,281,0.8999999999999999,ratio_confidence,3,279.36499999999995
5705,9cce2_00017,282,0.8999999999999999,ratio_confidence,3,279.36499999999995
5706,9cce2_00017,283,0.8999999999999999,ratio_confidence,3,279.36499999999995
5707,9cce2_00017,284,0.8899999999999999,ratio_confidence,3,279.36499999999995
5708,9cce2_00017,285,0.88,ratio_confidence,3,279.36499999999995
5709,9cce2_00017,286,0.89,ratio_confidence,3,279.36499999999995
5710,9cce2_00017,287,0.88,ratio_confidence,3,279.36499999999995
5711,9cce2_00017,288,0.89,ratio_confidence,3,279.36499999999995
5712,9cce2_00017,289,0.89,ratio_confidence,3,279.36499999999995
5713,9cce2_00017,290,0.8899999999999999,ratio_confidence,3,279.36499999999995
5714,9cce2_00017,291,0.88,ratio_confidence,3,279.36499999999995
5715,9cce2_00017,292,0.8999999999999999,ratio_confidence,3,279.36499999999995
5716,9cce2_00017,293,0.88,ratio_confidence,3,279.36499999999995
5717,9cce2_00017,294,0.8999999999999999,ratio_confidence,3,279.36499999999995
5718,9cce2_00017,295,0.89,ratio_confidence,3,279.36499999999995
5719,9cce2_00017,296,0.89,ratio_confidence,3,279.36499999999995
5720,9cce2_00017,297,0.8999999999999999,ratio_confidence,3,279.36499999999995
5721,9cce2_00017,298,0.89,ratio_confidence,3,279.36499999999995
5722,9cce2_00017,299,0.89,ratio_confidence,3,279.36499999999995
5723,9cce2_00017,300,0.89,ratio_confidence,3,279.36499999999995
5724,9cce2_00017,301,0.89,ratio_confidence,3,279.36499999999995
5725,9cce2_00017,302,0.88,ratio_confidence,3,279.36499999999995
5726,9cce2_00017,303,0.88,ratio_confidence,3,279.36499999999995
5727,9cce2_00017,304,0.89,ratio_confidence,3,279.36499999999995
5728,9cce2_00017,305,0.87,ratio_confidence,3,279.36499999999995
5729,9cce2_00017,306,0.9,ratio_confidence,3,279.36499999999995
5730,9cce2_00017,307,0.88,ratio_confidence,3,279.36499999999995
5731,9cce2_00017,308,0.88,ratio_confidence,3,279.36499999999995
5732,9cce2_00017,309,0.89,ratio_confidence,3,279.36499999999995
5733,9cce2_00017,310,0.85,ratio_confidence,3,279.36499999999995
5734,9cce2_00017,311,0.87,ratio_confidence,3,279.36499999999995
5735,9cce2_00017,312,0.88,ratio_confidence,3,279.36499999999995
5736,9cce2_00017,313,0.8899999999999999,ratio_confidence,3,279.36499999999995
5737,9cce2_00017,314,0.87,ratio_confidence,3,279.36499999999995
5738,9cce2_00017,315,0.9199999999999999,ratio_confidence,3,279.36499999999995
5739,9cce2_00017,316,0.88,ratio_confidence,3,279.36499999999995
5740,9cce2_00017,317,0.89,ratio_confidence,3,279.36499999999995
5741,9cce2_00017,318,0.8999999999999999,ratio_confidence,3,279.36499999999995
5742,9cce2_00018,0,0.5,ratio_confidence,4,279.505
5743,9cce2_00018,1,0.5,ratio_confidence,4,279.505
5744,9cce2_00018,2,0.85,ratio_confidence,4,279.505
5745,9cce2_00018,3,0.87,ratio_confidence,4,279.505
5746,9cce2_00018,4,0.88,ratio_confidence,4,279.505
5747,9cce2_00018,5,0.84,ratio_confidence,4,279.505
5748,9cce2_00018,6,0.8600000000000001,ratio_confidence,4,279.505
5749,9cce2_00018,7,0.86,ratio_confidence,4,279.505
5750,9cce2_00018,8,0.79,ratio_confidence,4,279.505
5751,9cce2_00018,9,0.85,ratio_confidence,4,279.505
5752,9cce2_00018,10,0.94,ratio_confidence,4,279.505
5753,9cce2_00018,11,0.88,ratio_confidence,4,279.505
5754,9cce2_00018,12,0.85,ratio_confidence,4,279.505
5755,9cce2_00018,13,0.86,ratio_confidence,4,279.505
5756,9cce2_00018,14,0.88,ratio_confidence,4,279.505
5757,9cce2_00018,15,0.85,ratio_confidence,4,279.505
5758,9cce2_00018,16,0.8600000000000001,ratio_confidence,4,279.505
5759,9cce2_00018,17,0.89,ratio_confidence,4,279.505
5760,9cce2_00018,18,0.79,ratio_confidence,4,279.505
5761,9cce2_00018,19,0.72,ratio_confidence,4,279.505
5762,9cce2_00018,20,0.8899999999999999,ratio_confidence,4,279.505
5763,9cce2_00018,21,0.89,ratio_confidence,4,279.505
5764,9cce2_00018,22,0.84,ratio_confidence,4,279.505
5765,9cce2_00018,23,0.84,ratio_confidence,4,279.505
5766,9cce2_00018,24,0.86,ratio_confidence,4,279.505
5767,9cce2_00018,25,0.84,ratio_confidence,4,279.505
5768,9cce2_00018,26,0.81,ratio_confidence,4,279.505
5769,9cce2_00018,27,0.84,ratio_confidence,4,279.505
5770,9cce2_00018,28,0.87,ratio_confidence,4,279.505
5771,9cce2_00018,29,0.88,ratio_confidence,4,279.505
5772,9cce2_00018,30,0.87,ratio_confidence,4,279.505
5773,9cce2_00018,31,0.76,ratio_confidence,4,279.505
5774,9cce2_00018,32,0.87,ratio_confidence,4,279.505
5775,9cce2_00018,33,0.87,ratio_confidence,4,279.505
5776,9cce2_00018,34,0.87,ratio_confidence,4,279.505
5777,9cce2_00018,35,0.84,ratio_confidence,4,279.505
5778,9cce2_00018,36,0.87,ratio_confidence,4,279.505
5779,9cce2_00018,37,0.8899999999999999,ratio_confidence,4,279.505
5780,9cce2_00018,38,0.76,ratio_confidence,4,279.505
5781,9cce2_00018,39,0.8899999999999999,ratio_confidence,4,279.505
5782,9cce2_00018,40,0.86,ratio_confidence,4,279.505
5783,9cce2_00018,41,0.84,ratio_confidence,4,279.505
5784,9cce2_00018,42,0.8899999999999999,ratio_confidence,4,279.505
5785,9cce2_00018,43,0.87,ratio_confidence,4,279.505
5786,9cce2_00018,44,0.8899999999999999,ratio_confidence,4,279.505
5787,9cce2_00018,45,0.8999999999999999,ratio_confidence,4,279.505
5788,9cce2_00018,46,0.88,ratio_confidence,4,279.505
5789,9cce2_00018,47,0.8999999999999999,ratio_confidence,4,279.505
5790,9cce2_00018,48,0.8899999999999999,ratio_confidence,4,279.505
5791,9cce2_00018,49,0.88,ratio_confidence,4,279.505
5792,9cce2_00018,50,0.86,ratio_confidence,4,279.505
5793,9cce2_00018,51,0.8999999999999999,ratio_confidence,4,279.505
5794,9cce2_00018,52,0.84,ratio_confidence,4,279.505
5795,9cce2_00018,53,0.8899999999999999,ratio_confidence,4,279.505
5796,9cce2_00018,54,0.88,ratio_confidence,4,279.505
5797,9cce2_00018,55,0.83,ratio_confidence,4,279.505
5798,9cce2_00018,56,0.86,ratio_confidence,4,279.505
5799,9cce2_00018,57,0.87,ratio_confidence,4,279.505
5800,9cce2_00018,58,0.87,ratio_confidence,4,279.505
5801,9cce2_00018,59,0.86,ratio_confidence,4,279.505
5802,9cce2_00018,60,0.88,ratio_confidence,4,279.505
5803,9cce2_00018,61,0.87,ratio_confidence,4,279.505
5804,9cce2_00018,62,0.8899999999999999,ratio_confidence,4,279.505
5805,9cce2_00018,63,0.9,ratio_confidence,4,279.505
5806,9cce2_00018,64,0.87,ratio_confidence,4,279.505
5807,9cce2_00018,65,0.8999999999999999,ratio_confidence,4,279.505
5808,9cce2_00018,66,0.8200000000000001,ratio_confidence,4,279.505
5809,9cce2_00018,67,0.85,ratio_confidence,4,279.505
5810,9cce2_00018,68,0.86,ratio_confidence,4,279.505
5811,9cce2_00018,69,0.85,ratio_confidence,4,279.505
5812,9cce2_00018,70,0.87,ratio_confidence,4,279.505
5813,9cce2_00018,71,0.8500000000000001,ratio_confidence,4,279.505
5814,9cce2_00018,72,0.8899999999999999,ratio_confidence,4,279.505
5815,9cce2_00018,73,0.8799999999999999,ratio_confidence,4,279.505
5816,9cce2_00018,74,0.87,ratio_confidence,4,279.505
5817,9cce2_00018,75,0.9099999999999999,ratio_confidence,4,279.505
5818,9cce2_00018,76,0.86,ratio_confidence,4,279.505
5819,9cce2_00018,77,0.87,ratio_confidence,4,279.505
5820,9cce2_00018,78,0.8899999999999999,ratio_confidence,4,279.505
5821,9cce2_00018,79,0.88,ratio_confidence,4,279.505
5822,9cce2_00018,80,0.8600000000000001,ratio_confidence,4,279.505
5823,9cce2_00018,81,0.85,ratio_confidence,4,279.505
5824,9cce2_00018,82,0.8899999999999999,ratio_confidence,4,279.505
5825,9cce2_00018,83,0.9199999999999999,ratio_confidence,4,279.505
5826,9cce2_00018,84,0.9199999999999999,ratio_confidence,4,279.505
5827,9cce2_00018,85,0.84,ratio_confidence,4,279.505
5828,9cce2_00018,86,0.85,ratio_confidence,4,279.505
5829,9cce2_00018,87,0.8899999999999999,ratio_confidence,4,279.505
5830,9cce2_00018,88,0.8999999999999999,ratio_confidence,4,279.505
5831,9cce2_00018,89,0.9099999999999999,ratio_confidence,4,279.505
5832,9cce2_00018,90,0.86,ratio_confidence,4,279.505
5833,9cce2_00018,91,0.86,ratio_confidence,4,279.505
5834,9cce2_00018,92,0.9099999999999999,ratio_confidence,4,279.505
5835,9cce2_00018,93,0.85,ratio_confidence,4,279.505
5836,9cce2_00018,94,0.8799999999999999,ratio_confidence,4,279.505
5837,9cce2_00018,95,0.8899999999999999,ratio_confidence,4,279.505
5838,9cce2_00018,96,0.8500000000000001,ratio_confidence,4,279.505
5839,9cce2_00018,97,0.89,ratio_confidence,4,279.505
5840,9cce2_00018,98,0.88,ratio_confidence,4,279.505
5841,9cce2_00018,99,0.8999999999999999,ratio_confidence,4,279.505
5842,9cce2_00018,100,0.8999999999999999,ratio_confidence,4,279.505
5843,9cce2_00018,101,0.86,ratio_confidence,4,279.505
5844,9cce2_00018,102,0.9099999999999999,ratio_confidence,4,279.505
5845,9cce2_00018,103,0.88,ratio_confidence,4,279.505
5846,9cce2_00018,104,0.84,ratio_confidence,4,279.505
5847,9cce2_00018,105,0.86,ratio_confidence,4,279.505
5848,9cce2_00018,106,0.87,ratio_confidence,4,279.505
5849,9cce2_00018,107,0.87,ratio_confidence,4,279.505
5850,9cce2_00018,108,0.8899999999999999,ratio_confidence,4,279.505
5851,9cce2_00018,109,0.9199999999999999,ratio_confidence,4,279.505
5852,9cce2_00018,110,0.88,ratio_confidence,4,279.505
5853,9cce2_00018,111,0.85,ratio_confidence,4,279.505
5854,9cce2_00018,112,0.8600000000000001,ratio_confidence,4,279.505
5855,9cce2_00018,113,0.87,ratio_confidence,4,279.505
5856,9cce2_00018,114,0.8899999999999999,ratio_confidence,4,279.505
5857,9cce2_00018,115,0.85,ratio_confidence,4,279.505
5858,9cce2_00018,116,0.8799999999999999,ratio_confidence,4,279.505
5859,9cce2_00018,117,0.88,ratio_confidence,4,279.505
5860,9cce2_00018,118,0.9099999999999999,ratio_confidence,4,279.505
5861,9cce2_00018,119,0.88,ratio_confidence,4,279.505
5862,9cce2_00018,120,0.8300000000000001,ratio_confidence,4,279.505
5863,9cce2_00018,121,0.9099999999999999,ratio_confidence,4,279.505
5864,9cce2_00018,122,0.9099999999999999,ratio_confidence,4,279.505
5865,9cce2_00018,123,0.88,ratio_confidence,4,279.505
5866,9cce2_00018,124,0.8899999999999999,ratio_confidence,4,279.505
5867,9cce2_00018,125,0.9299999999999999,ratio_confidence,4,279.505
5868,9cce2_00018,126,0.86,ratio_confidence,4,279.505
5869,9cce2_00018,127,0.8999999999999999,ratio_confidence,4,279.505
5870,9cce2_00018,128,0.9099999999999999,ratio_confidence,4,279.505
5871,9cce2_00018,129,0.9299999999999999,ratio_confidence,4,279.505
5872,9cce2_00018,130,0.9,ratio_confidence,4,279.505
5873,9cce2_00018,131,0.9299999999999999,ratio_confidence,4,279.505
5874,9cce2_00018,132,0.85,ratio_confidence,4,279.505
5875,9cce2_00018,133,0.87,ratio_confidence,4,279.505
5876,9cce2_00018,134,0.86,ratio_confidence,4,279.505
5877,9cce2_00018,135,0.88,ratio_confidence,4,279.505
5878,9cce2_00018,136,0.9199999999999999,ratio_confidence,4,279.505
5879,9cce2_00018,137,0.88,ratio_confidence,4,279.505
5880,9cce2_00018,138,0.86,ratio_confidence,4,279.505
5881,9cce2_00018,139,0.84,ratio_confidence,4,279.505
5882,9cce2_00018,140,0.9099999999999999,ratio_confidence,4,279.505
5883,9cce2_00018,141,0.88,ratio_confidence,4,279.505
5884,9cce2_00018,142,0.87,ratio_confidence,4,279.505
5885,9cce2_00018,143,0.9199999999999999,ratio_confidence,4,279.505
5886,9cce2_00018,144,0.9299999999999999,ratio_confidence,4,279.505
5887,9cce2_00018,145,0.86,ratio_confidence,4,279.505
5888,9cce2_00018,146,0.86,ratio_confidence,4,279.505
5889,9cce2_00018,147,0.8899999999999999,ratio_confidence,4,279.505
5890,9cce2_00018,148,0.9199999999999999,ratio_confidence,4,279.505
5891,9cce2_00018,149,0.95,ratio_confidence,4,279.505
5892,9cce2_00018,150,0.88,ratio_confidence,4,279.505
5893,9cce2_00018,151,0.88,ratio_confidence,4,279.505
5894,9cce2_00018,152,0.9299999999999999,ratio_confidence,4,279.505
5895,9cce2_00018,153,0.94,ratio_confidence,4,279.505
5896,9cce2_00018,154,0.8899999999999999,ratio_confidence,4,279.505
5897,9cce2_00018,155,0.8899999999999999,ratio_confidence,4,279.505
5898,9cce2_00018,156,0.8899999999999999,ratio_confidence,4,279.505
5899,9cce2_00018,157,0.8999999999999999,ratio_confidence,4,279.505
5900,9cce2_00018,158,0.86,ratio_confidence,4,279.505
5901,9cce2_00018,159,0.87,ratio_confidence,4,279.505
5902,9cce2_00018,160,0.9099999999999999,ratio_confidence,4,279.505
5903,9cce2_00018,161,0.8999999999999999,ratio_confidence,4,279.505
5904,9cce2_00018,162,0.9199999999999999,ratio_confidence,4,279.505
5905,9cce2_00018,163,0.86,ratio_confidence,4,279.505
5906,9cce2_00018,164,0.9199999999999999,ratio_confidence,4,279.505
5907,9cce2_00018,165,0.84,ratio_confidence,4,279.505
5908,9cce2_00018,166,0.8999999999999999,ratio_confidence,4,279.505
5909,9cce2_00018,167,0.8999999999999999,ratio_confidence,4,279.505
5910,9cce2_00018,168,0.8899999999999999,ratio_confidence,4,279.505
5911,9cce2_00018,169,0.8899999999999999,ratio_confidence,4,279.505
5912,9cce2_00018,170,0.86,ratio_confidence,4,279.505
5913,9cce2_00018,171,0.87,ratio_confidence,4,279.505
5914,9cce2_00018,172,0.87,ratio_confidence,4,279.505
5915,9cce2_00018,173,0.8999999999999999,ratio_confidence,4,279.505
5916,9cce2_00018,174,0.86,ratio_confidence,4,279.505
5917,9cce2_00018,175,0.9099999999999999,ratio_confidence,4,279.505
5918,9cce2_00018,176,0.9099999999999999,ratio_confidence,4,279.505
5919,9cce2_00018,177,0.8899999999999999,ratio_confidence,4,279.505
5920,9cce2_00018,178,0.84,ratio_confidence,4,279.505
5921,9cce2_00018,179,0.9199999999999999,ratio_confidence,4,279.505
5922,9cce2_00018,180,0.86,ratio_confidence,4,279.505
5923,9cce2_00018,181,0.9099999999999999,ratio_confidence,4,279.505
5924,9cce2_00018,182,0.9199999999999999,ratio_confidence,4,279.505
5925,9cce2_00018,183,0.88,ratio_confidence,4,279.505
5926,9cce2_00018,184,0.8899999999999999,ratio_confidence,4,279.505
5927,9cce2_00018,185,0.86,ratio_confidence,4,279.505
5928,9cce2_00018,186,0.9099999999999999,ratio_confidence,4,279.505
5929,9cce2_00018,187,0.9199999999999999,ratio_confidence,4,279.505
5930,9cce2_00018,188,0.9199999999999999,ratio_confidence,4,279.505
5931,9cce2_00018,189,0.9299999999999999,ratio_confidence,4,279.505
5932,9cce2_00018,190,0.88,ratio_confidence,4,279.505
5933,9cce2_00018,191,0.8799999999999999,ratio_confidence,4,279.505
5934,9cce2_00018,192,0.8999999999999999,ratio_confidence,4,279.505
5935,9cce2_00018,193,0.85,ratio_confidence,4,279.505
5936,9cce2_00018,194,0.86,ratio_confidence,4,279.505
5937,9cce2_00018,195,0.8999999999999999,ratio_confidence,4,279.505
5938,9cce2_00018,196,0.9099999999999999,ratio_confidence,4,279.505
5939,9cce2_00018,197,0.89,ratio_confidence,4,279.505
5940,9cce2_00018,198,0.88,ratio_confidence,4,279.505
5941,9cce2_00018,199,0.8999999999999999,ratio_confidence,4,279.505
5942,9cce2_00018,200,0.8999999999999999,ratio_confidence,4,279.505
5943,9cce2_00018,201,0.8899999999999999,ratio_confidence,4,279.505
5944,9cce2_00018,202,0.84,ratio_confidence,4,279.505
5945,9cce2_00018,203,0.88,ratio_confidence,4,279.505
5946,9cce2_00018,204,0.92,ratio_confidence,4,279.505
5947,9cce2_00018,205,0.94,ratio_confidence,4,279.505
5948,9cce2_00018,206,0.8999999999999999,ratio_confidence,4,279.505
5949,9cce2_00018,207,0.84,ratio_confidence,4,279.505
5950,9cce2_00018,208,0.89,ratio_confidence,4,279.505
5951,9cce2_00018,209,0.87,ratio_confidence,4,279.505
5952,9cce2_00018,210,0.94,ratio_confidence,4,279.505
5953,9cce2_00018,211,0.8899999999999999,ratio_confidence,4,279.505
5954,9cce2_00018,212,0.88,ratio_confidence,4,279.505
5955,9cce2_00018,213,0.9,ratio_confidence,4,279.505
5956,9cce2_00018,214,0.9099999999999999,ratio_confidence,4,279.505
5957,9cce2_00018,215,0.87,ratio_confidence,4,279.505
5958,9cce2_00018,216,0.86,ratio_confidence,4,279.505
5959,9cce2_00018,217,0.8500000000000001,ratio_confidence,4,279.505
5960,9cce2_00018,218,0.8999999999999999,ratio_confidence,4,279.505
5961,9cce2_00018,219,0.9199999999999999,ratio_confidence,4,279.505
5962,9cce2_00018,220,0.8999999999999999,ratio_confidence,4,279.505
5963,9cce2_00018,221,0.89,ratio_confidence,4,279.505
5964,9cce2_00018,222,0.88,ratio_confidence,4,279.505
5965,9cce2_00018,223,0.8999999999999999,ratio_confidence,4,279.505
5966,9cce2_00018,224,0.87,ratio_confidence,4,279.505
5967,9cce2_00018,225,0.79,ratio_confidence,4,279.505
5968,9cce2_00018,226,0.87,ratio_confidence,4,279.505
5969,9cce2_00018,227,0.88,ratio_confidence,4,279.505
5970,9cce2_00018,228,0.9199999999999999,ratio_confidence,4,279.505
5971,9cce2_00018,229,0.8799999999999999,ratio_confidence,4,279.505
5972,9cce2_00018,230,0.9099999999999999,ratio_confidence,4,279.505
5973,9cce2_00018,231,0.84,ratio_confidence,4,279.505
5974,9cce2_00018,232,0.9299999999999999,ratio_confidence,4,279.505
5975,9cce2_00018,233,0.87,ratio_confidence,4,279.505
5976,9cce2_00018,234,0.9199999999999999,ratio_confidence,4,279.505
5977,9cce2_00018,235,0.8999999999999999,ratio_confidence,4,279.505
5978,9cce2_00018,236,0.86,ratio_confidence,4,279.505
5979,9cce2_00018,237,0.87,ratio_confidence,4,279.505
5980,9cce2_00018,238,0.9099999999999999,ratio_confidence,4,279.505
5981,9cce2_00018,239,0.8899999999999999,ratio_confidence,4,279.505
5982,9cce2_00018,240,0.9199999999999999,ratio_confidence,4,279.505
5983,9cce2_00018,241,0.8899999999999999,ratio_confidence,4,279.505
5984,9cce2_00018,242,0.87,ratio_confidence,4,279.505
5985,9cce2_00018,243,0.9099999999999999,ratio_confidence,4,279.505
5986,9cce2_00018,244,0.8899999999999999,ratio_confidence,4,279.505
5987,9cce2_00018,245,0.8999999999999999,ratio_confidence,4,279.505
5988,9cce2_00018,246,0.78,ratio_confidence,4,279.505
5989,9cce2_00018,247,0.9099999999999999,ratio_confidence,4,279.505
5990,9cce2_00018,248,0.84,ratio_confidence,4,279.505
5991,9cce2_00018,249,0.88,ratio_confidence,4,279.505
5992,9cce2_00018,250,0.86,ratio_confidence,4,279.505
5993,9cce2_00018,251,0.87,ratio_confidence,4,279.505
5994,9cce2_00018,252,0.9299999999999999,ratio_confidence,4,279.505
5995,9cce2_00018,253,0.9,ratio_confidence,4,279.505
5996,9cce2_00018,254,0.8899999999999999,ratio_confidence,4,279.505
5997,9cce2_00018,255,0.9299999999999999,ratio_confidence,4,279.505
5998,9cce2_00018,256,0.8999999999999999,ratio_confidence,4,279.505
5999,9cce2_00018,257,0.8999999999999999,ratio_confidence,4,279.505
6000,9cce2_00018,258,0.95,ratio_confidence,4,279.505
6001,9cce2_00018,259,0.8999999999999999,ratio_confidence,4,279.505
6002,9cce2_00018,260,0.94,ratio_confidence,4,279.505
6003,9cce2_00018,261,0.9099999999999999,ratio_confidence,4,279.505
6004,9cce2_00018,262,0.8999999999999999,ratio_confidence,4,279.505
6005,9cce2_00018,263,0.8799999999999999,ratio_confidence,4,279.505
6006,9cce2_00018,264,0.86,ratio_confidence,4,279.505
6007,9cce2_00018,265,0.9099999999999999,ratio_confidence,4,279.505
6008,9cce2_00018,266,0.8999999999999999,ratio_confidence,4,279.505
6009,9cce2_00018,267,0.9199999999999999,ratio_confidence,4,279.505
6010,9cce2_00018,268,0.88,ratio_confidence,4,279.505
6011,9cce2_00018,269,0.8999999999999999,ratio_confidence,4,279.505
6012,9cce2_00018,270,0.8999999999999999,ratio_confidence,4,279.505
6013,9cce2_00018,271,0.87,ratio_confidence,4,279.505
6014,9cce2_00018,272,0.8999999999999999,ratio_confidence,4,279.505
6015,9cce2_00018,273,0.88,ratio_confidence,4,279.505
6016,9cce2_00018,274,0.9099999999999999,ratio_confidence,4,279.505
6017,9cce2_00018,275,0.86,ratio_confidence,4,279.505
6018,9cce2_00018,276,0.8,ratio_confidence,4,279.505
6019,9cce2_00018,277,0.8999999999999999,ratio_confidence,4,279.505
6020,9cce2_00018,278,0.8500000000000001,ratio_confidence,4,279.505
6021,9cce2_00018,279,0.86,ratio_confidence,4,279.505
6022,9cce2_00018,280,0.85,ratio_confidence,4,279.505
6023,9cce2_00018,281,0.9199999999999999,ratio_confidence,4,279.505
6024,9cce2_00018,282,0.88,ratio_confidence,4,279.505
6025,9cce2_00018,283,0.9099999999999999,ratio_confidence,4,279.505
6026,9cce2_00018,284,0.8899999999999999,ratio_confidence,4,279.505
6027,9cce2_00018,285,0.88,ratio_confidence,4,279.505
6028,9cce2_00018,286,0.8,ratio_confidence,4,279.505
6029,9cce2_00018,287,0.85,ratio_confidence,4,279.505
6030,9cce2_00018,288,0.8999999999999999,ratio_confidence,4,279.505
6031,9cce2_00018,289,0.8899999999999999,ratio_confidence,4,279.505
6032,9cce2_00018,290,0.88,ratio_confidence,4,279.505
6033,9cce2_00018,291,0.9099999999999999,ratio_confidence,4,279.505
6034,9cce2_00018,292,0.8899999999999999,ratio_confidence,4,279.505
6035,9cce2_00018,293,0.9099999999999999,ratio_confidence,4,279.505
6036,9cce2_00018,294,0.9199999999999999,ratio_confidence,4,279.505
6037,9cce2_00018,295,0.84,ratio_confidence,4,279.505
6038,9cce2_00018,296,0.8999999999999999,ratio_confidence,4,279.505
6039,9cce2_00018,297,0.85,ratio_confidence,4,279.505
6040,9cce2_00018,298,0.85,ratio_confidence,4,279.505
6041,9cce2_00018,299,0.8999999999999999,ratio_confidence,4,279.505
6042,9cce2_00018,300,0.8999999999999999,ratio_confidence,4,279.505
6043,9cce2_00018,301,0.87,ratio_confidence,4,279.505
6044,9cce2_00018,302,0.8999999999999999,ratio_confidence,4,279.505
6045,9cce2_00018,303,0.8400000000000001,ratio_confidence,4,279.505
6046,9cce2_00018,304,0.9099999999999999,ratio_confidence,4,279.505
6047,9cce2_00018,305,0.88,ratio_confidence,4,279.505
6048,9cce2_00018,306,0.9099999999999999,ratio_confidence,4,279.505
6049,9cce2_00018,307,0.87,ratio_confidence,4,279.505
6050,9cce2_00018,308,0.87,ratio_confidence,4,279.505
6051,9cce2_00018,309,0.8999999999999999,ratio_confidence,4,279.505
6052,9cce2_00018,310,0.9099999999999999,ratio_confidence,4,279.505
6053,9cce2_00018,311,0.8999999999999999,ratio_confidence,4,279.505
6054,9cce2_00018,312,0.83,ratio_confidence,4,279.505
6055,9cce2_00018,313,0.91,ratio_confidence,4,279.505
6056,9cce2_00018,314,0.86,ratio_confidence,4,279.505
6057,9cce2_00018,315,0.88,ratio_confidence,4,279.505
6058,9cce2_00018,316,0.94,ratio_confidence,4,279.505
6059,9cce2_00018,317,0.8999999999999999,ratio_confidence,4,279.505
6060,9cce2_00018,318,0.85,ratio_confidence,4,279.505
6061,9cce2_00019,0,0.75,ratio_confidence,5,290.825
6062,9cce2_00019,1,0.75,ratio_confidence,5,290.825
6063,9cce2_00019,2,0.88,ratio_confidence,5,290.825
6064,9cce2_00019,3,0.8200000000000001,ratio_confidence,5,290.825
6065,9cce2_00019,4,0.8400000000000001,ratio_confidence,5,290.825
6066,9cce2_00019,5,0.84,ratio_confidence,5,290.825
6067,9cce2_00019,6,0.8300000000000001,ratio_confidence,5,290.825
6068,9cce2_00019,7,0.8400000000000001,ratio_confidence,5,290.825
6069,9cce2_00019,8,0.94,ratio_confidence,5,290.825
6070,9cce2_00019,9,0.8200000000000001,ratio_confidence,5,290.825
6071,9cce2_00019,10,0.94,ratio_confidence,5,290.825
6072,9cce2_00019,11,0.9299999999999999,ratio_confidence,5,290.825
6073,9cce2_00019,12,0.9099999999999999,ratio_confidence,5,290.825
6074,9cce2_00019,13,0.91,ratio_confidence,5,290.825
6075,9cce2_00019,14,0.54,ratio_confidence,5,290.825
6076,9cce2_00019,15,0.8,ratio_confidence,5,290.825
6077,9cce2_00019,16,0.87,ratio_confidence,5,290.825
6078,9cce2_00019,17,0.89,ratio_confidence,5,290.825
6079,9cce2_00019,18,0.8300000000000001,ratio_confidence,5,290.825
6080,9cce2_00019,19,0.95,ratio_confidence,5,290.825
6081,9cce2_00019,20,0.8999999999999999,ratio_confidence,5,290.825
6082,9cce2_00019,21,0.86,ratio_confidence,5,290.825
6083,9cce2_00019,22,0.94,ratio_confidence,5,290.825
6084,9cce2_00019,23,0.89,ratio_confidence,5,290.825
6085,9cce2_00019,24,0.78,ratio_confidence,5,290.825
6086,9cce2_00019,25,0.9199999999999999,ratio_confidence,5,290.825
6087,9cce2_00019,26,0.81,ratio_confidence,5,290.825
6088,9cce2_00019,27,0.87,ratio_confidence,5,290.825
6089,9cce2_00019,28,0.9299999999999999,ratio_confidence,5,290.825
6090,9cce2_00019,29,0.9099999999999999,ratio_confidence,5,290.825
6091,9cce2_00019,30,0.88,ratio_confidence,5,290.825
6092,9cce2_00019,31,0.85,ratio_confidence,5,290.825
6093,9cce2_00019,32,0.78,ratio_confidence,5,290.825
6094,9cce2_00019,33,0.9199999999999999,ratio_confidence,5,290.825
6095,9cce2_00019,34,0.84,ratio_confidence,5,290.825
6096,9cce2_00019,35,0.9199999999999999,ratio_confidence,5,290.825
6097,9cce2_00019,36,0.85,ratio_confidence,5,290.825
6098,9cce2_00019,37,0.9199999999999999,ratio_confidence,5,290.825
6099,9cce2_00019,38,0.8999999999999999,ratio_confidence,5,290.825
6100,9cce2_00019,39,0.9199999999999999,ratio_confidence,5,290.825
6101,9cce2_00019,40,0.8500000000000001,ratio_confidence,5,290.825
6102,9cce2_00019,41,0.95,ratio_confidence,5,290.825
6103,9cce2_00019,42,0.9199999999999999,ratio_confidence,5,290.825
6104,9cce2_00019,43,0.84,ratio_confidence,5,290.825
6105,9cce2_00019,44,0.89,ratio_confidence,5,290.825
6106,9cce2_00019,45,0.89,ratio_confidence,5,290.825
6107,9cce2_00019,46,0.94,ratio_confidence,5,290.825
6108,9cce2_00019,47,0.85,ratio_confidence,5,290.825
6109,9cce2_00019,48,0.9099999999999999,ratio_confidence,5,290.825
6110,9cce2_00019,49,0.9,ratio_confidence,5,290.825
6111,9cce2_00019,50,0.9099999999999999,ratio_confidence,5,290.825
6112,9cce2_00019,51,0.9,ratio_confidence,5,290.825
6113,9cce2_00019,52,0.9199999999999999,ratio_confidence,5,290.825
6114,9cce2_00019,53,0.86,ratio_confidence,5,290.825
6115,9cce2_00019,54,0.9099999999999999,ratio_confidence,5,290.825
6116,9cce2_00019,55,0.88,ratio_confidence,5,290.825
6117,9cce2_00019,56,0.95,ratio_confidence,5,290.825
6118,9cce2_00019,57,0.9099999999999999,ratio_confidence,5,290.825
6119,9cce2_00019,58,0.75,ratio_confidence,5,290.825
6120,9cce2_00019,59,0.8400000000000001,ratio_confidence,5,290.825
6121,9cce2_00019,60,0.9,ratio_confidence,5,290.825
6122,9cce2_00019,61,0.9199999999999999,ratio_confidence,5,290.825
6123,9cce2_00019,62,0.8600000000000001,ratio_confidence,5,290.825
6124,9cce2_00019,63,0.9,ratio_confidence,5,290.825
6125,9cce2_00019,64,0.87,ratio_confidence,5,290.825
6126,9cce2_00019,65,0.9299999999999999,ratio_confidence,5,290.825
6127,9cce2_00019,66,0.91,ratio_confidence,5,290.825
6128,9cce2_00019,67,0.88,ratio_confidence,5,290.825
6129,9cce2_00019,68,0.89,ratio_confidence,5,290.825
6130,9cce2_00019,69,0.95,ratio_confidence,5,290.825
6131,9cce2_00019,70,0.8300000000000001,ratio_confidence,5,290.825
6132,9cce2_00019,71,0.94,ratio_confidence,5,290.825
6133,9cce2_00019,72,0.87,ratio_confidence,5,290.825
6134,9cce2_00019,73,0.9299999999999999,ratio_confidence,5,290.825
6135,9cce2_00019,74,0.88,ratio_confidence,5,290.825
6136,9cce2_00019,75,0.9299999999999999,ratio_confidence,5,290.825
6137,9cce2_00019,76,0.9199999999999999,ratio_confidence,5,290.825
6138,9cce2_00019,77,0.9099999999999999,ratio_confidence,5,290.825
6139,9cce2_00019,78,0.9099999999999999,ratio_confidence,5,290.825
6140,9cce2_00019,79,0.94,ratio_confidence,5,290.825
6141,9cce2_00019,80,0.9,ratio_confidence,5,290.825
6142,9cce2_00019,81,0.9,ratio_confidence,5,290.825
6143,9cce2_00019,82,0.95,ratio_confidence,5,290.825
6144,9cce2_00019,83,0.8799999999999999,ratio_confidence,5,290.825
6145,9cce2_00019,84,0.9099999999999999,ratio_confidence,5,290.825
6146,9cce2_00019,85,0.9099999999999999,ratio_confidence,5,290.825
6147,9cce2_00019,86,0.9199999999999999,ratio_confidence,5,290.825
6148,9cce2_00019,87,0.94,ratio_confidence,5,290.825
6149,9cce2_00019,88,0.9099999999999999,ratio_confidence,5,290.825
6150,9cce2_00019,89,0.94,ratio_confidence,5,290.825
6151,9cce2_00019,90,0.8999999999999999,ratio_confidence,5,290.825
6152,9cce2_00019,91,0.9299999999999999,ratio_confidence,5,290.825
6153,9cce2_00019,92,0.89,ratio_confidence,5,290.825
6154,9cce2_00019,93,0.9299999999999999,ratio_confidence,5,290.825
6155,9cce2_00019,94,0.9099999999999999,ratio_confidence,5,290.825
6156,9cce2_00019,95,0.9299999999999999,ratio_confidence,5,290.825
6157,9cce2_00019,96,0.9199999999999999,ratio_confidence,5,290.825
6158,9cce2_00019,97,0.9299999999999999,ratio_confidence,5,290.825
6159,9cce2_00019,98,0.94,ratio_confidence,5,290.825
6160,9cce2_00019,99,0.9299999999999999,ratio_confidence,5,290.825
6161,9cce2_00019,100,0.9199999999999999,ratio_confidence,5,290.825
6162,9cce2_00019,101,0.8999999999999999,ratio_confidence,5,290.825
6163,9cce2_00019,102,0.94,ratio_confidence,5,290.825
6164,9cce2_00019,103,0.9199999999999999,ratio_confidence,5,290.825
6165,9cce2_00019,104,0.94,ratio_confidence,5,290.825
6166,9cce2_00019,105,0.9099999999999999,ratio_confidence,5,290.825
6167,9cce2_00019,106,0.94,ratio_confidence,5,290.825
6168,9cce2_00019,107,0.9099999999999999,ratio_confidence,5,290.825
6169,9cce2_00019,108,0.94,ratio_confidence,5,290.825
6170,9cce2_00019,109,0.94,ratio_confidence,5,290.825
6171,9cce2_00019,110,0.8799999999999999,ratio_confidence,5,290.825
6172,9cce2_00019,111,0.8999999999999999,ratio_confidence,5,290.825
6173,9cce2_00019,112,0.9,ratio_confidence,5,290.825
6174,9cce2_00019,113,0.8999999999999999,ratio_confidence,5,290.825
6175,9cce2_00019,114,0.94,ratio_confidence,5,290.825
6176,9cce2_00019,115,0.9199999999999999,ratio_confidence,5,290.825
6177,9cce2_00019,116,0.95,ratio_confidence,5,290.825
6178,9cce2_00019,117,0.86,ratio_confidence,5,290.825
6179,9cce2_00019,118,0.9299999999999999,ratio_confidence,5,290.825
6180,9cce2_00019,119,0.9099999999999999,ratio_confidence,5,290.825
6181,9cce2_00019,120,0.9199999999999999,ratio_confidence,5,290.825
6182,9cce2_00019,121,0.9099999999999999,ratio_confidence,5,290.825
6183,9cce2_00019,122,0.9099999999999999,ratio_confidence,5,290.825
6184,9cce2_00019,123,0.94,ratio_confidence,5,290.825
6185,9cce2_00019,124,0.89,ratio_confidence,5,290.825
6186,9cce2_00019,125,0.9299999999999999,ratio_confidence,5,290.825
6187,9cce2_00019,126,0.94,ratio_confidence,5,290.825
6188,9cce2_00019,127,0.94,ratio_confidence,5,290.825
6189,9cce2_00019,128,0.99,ratio_confidence,5,290.825
6190,9cce2_00019,129,0.9099999999999999,ratio_confidence,5,290.825
6191,9cce2_00019,130,0.85,ratio_confidence,5,290.825
6192,9cce2_00019,131,0.8999999999999999,ratio_confidence,5,290.825
6193,9cce2_00019,132,0.9299999999999999,ratio_confidence,5,290.825
6194,9cce2_00019,133,0.9299999999999999,ratio_confidence,5,290.825
6195,9cce2_00019,134,0.9099999999999999,ratio_confidence,5,290.825
6196,9cce2_00019,135,0.9199999999999999,ratio_confidence,5,290.825
6197,9cce2_00019,136,0.97,ratio_confidence,5,290.825
6198,9cce2_00019,137,0.9099999999999999,ratio_confidence,5,290.825
6199,9cce2_00019,138,0.9299999999999999,ratio_confidence,5,290.825
6200,9cce2_00019,139,0.94,ratio_confidence,5,290.825
6201,9cce2_00019,140,0.9,ratio_confidence,5,290.825
6202,9cce2_00019,141,0.88,ratio_confidence,5,290.825
6203,9cce2_00019,142,0.9199999999999999,ratio_confidence,5,290.825
6204,9cce2_00019,143,0.89,ratio_confidence,5,290.825
6205,9cce2_00019,144,0.88,ratio_confidence,5,290.825
6206,9cce2_00019,145,0.9199999999999999,ratio_confidence,5,290.825
6207,9cce2_00019,146,0.95,ratio_confidence,5,290.825
6208,9cce2_00019,147,0.95,ratio_confidence,5,290.825
6209,9cce2_00019,148,0.9299999999999999,ratio_confidence,5,290.825
6210,9cce2_00019,149,0.94,ratio_confidence,5,290.825
6211,9cce2_00019,150,0.88,ratio_confidence,5,290.825
6212,9cce2_00019,151,0.94,ratio_confidence,5,290.825
6213,9cce2_00019,152,0.8999999999999999,ratio_confidence,5,290.825
6214,9cce2_00019,153,0.9,ratio_confidence,5,290.825
6215,9cce2_00019,154,0.94,ratio_confidence,5,290.825
6216,9cce2_00019,155,0.94,ratio_confidence,5,290.825
6217,9cce2_00019,156,0.94,ratio_confidence,5,290.825
6218,9cce2_00019,157,0.96,ratio_confidence,5,290.825
6219,9cce2_00019,158,0.94,ratio_confidence,5,290.825
6220,9cce2_00019,159,0.94,ratio_confidence,5,290.825
6221,9cce2_00019,160,0.89,ratio_confidence,5,290.825
6222,9cce2_00019,161,0.8999999999999999,ratio_confidence,5,290.825
6223,9cce2_00019,162,0.96,ratio_confidence,5,290.825
6224,9cce2_00019,163,0.94,ratio_confidence,5,290.825
6225,9cce2_00019,164,0.95,ratio_confidence,5,290.825
6226,9cce2_00019,165,0.9,ratio_confidence,5,290.825
6227,9cce2_00019,166,0.9299999999999999,ratio_confidence,5,290.825
6228,9cce2_00019,167,0.9299999999999999,ratio_confidence,5,290.825
6229,9cce2_00019,168,0.95,ratio_confidence,5,290.825
6230,9cce2_00019,169,0.88,ratio_confidence,5,290.825
6231,9cce2_00019,170,0.95,ratio_confidence,5,290.825
6232,9cce2_00019,171,0.9199999999999999,ratio_confidence,5,290.825
6233,9cce2_00019,172,0.95,ratio_confidence,5,290.825
6234,9cce2_00019,173,0.95,ratio_confidence,5,290.825
6235,9cce2_00019,174,0.9099999999999999,ratio_confidence,5,290.825
6236,9cce2_00019,175,0.9299999999999999,ratio_confidence,5,290.825
6237,9cce2_00019,176,0.94,ratio_confidence,5,290.825
6238,9cce2_00019,177,0.94,ratio_confidence,5,290.825
6239,9cce2_00019,178,0.96,ratio_confidence,5,290.825
6240,9cce2_00019,179,0.95,ratio_confidence,5,290.825
6241,9cce2_00019,180,0.96,ratio_confidence,5,290.825
6242,9cce2_00019,181,0.9099999999999999,ratio_confidence,5,290.825
6243,9cce2_00019,182,0.95,ratio_confidence,5,290.825
6244,9cce2_00019,183,0.9299999999999999,ratio_confidence,5,290.825
6245,9cce2_00019,184,0.8999999999999999,ratio_confidence,5,290.825
6246,9cce2_00019,185,0.8400000000000001,ratio_confidence,5,290.825
6247,9cce2_00019,186,0.9199999999999999,ratio_confidence,5,290.825
6248,9cce2_00019,187,0.95,ratio_confidence,5,290.825
6249,9cce2_00019,188,0.9299999999999999,ratio_confidence,5,290.825
6250,9cce2_00019,189,0.96,ratio_confidence,5,290.825
6251,9cce2_00019,190,0.88,ratio_confidence,5,290.825
6252,9cce2_00019,191,0.91,ratio_confidence,5,290.825
6253,9cce2_00019,192,0.8999999999999999,ratio_confidence,5,290.825
6254,9cce2_00019,193,0.9099999999999999,ratio_confidence,5,290.825
6255,9cce2_00019,194,0.94,ratio_confidence,5,290.825
6256,9cce2_00019,195,0.9099999999999999,ratio_confidence,5,290.825
6257,9cce2_00019,196,0.9299999999999999,ratio_confidence,5,290.825
6258,9cce2_00019,197,0.94,ratio_confidence,5,290.825
6259,9cce2_00019,198,0.8899999999999999,ratio_confidence,5,290.825
6260,9cce2_00019,199,0.94,ratio_confidence,5,290.825
6261,9cce2_00019,200,0.96,ratio_confidence,5,290.825
6262,9cce2_00019,201,0.88,ratio_confidence,5,290.825
6263,9cce2_00019,202,0.87,ratio_confidence,5,290.825
6264,9cce2_00019,203,0.88,ratio_confidence,5,290.825
6265,9cce2_00019,204,0.95,ratio_confidence,5,290.825
6266,9cce2_00019,205,0.95,ratio_confidence,5,290.825
6267,9cce2_00019,206,0.8999999999999999,ratio_confidence,5,290.825
6268,9cce2_00019,207,0.96,ratio_confidence,5,290.825
6269,9cce2_00019,208,0.87,ratio_confidence,5,290.825
6270,9cce2_00019,209,0.88,ratio_confidence,5,290.825
6271,9cce2_00019,210,0.94,ratio_confidence,5,290.825
6272,9cce2_00019,211,0.9299999999999999,ratio_confidence,5,290.825
6273,9cce2_00019,212,0.9099999999999999,ratio_confidence,5,290.825
6274,9cce2_00019,213,0.95,ratio_confidence,5,290.825
6275,9cce2_00019,214,0.96,ratio_confidence,5,290.825
6276,9cce2_00019,215,0.9099999999999999,ratio_confidence,5,290.825
6277,9cce2_00019,216,0.94,ratio_confidence,5,290.825
6278,9cce2_00019,217,0.9099999999999999,ratio_confidence,5,290.825
6279,9cce2_00019,218,0.98,ratio_confidence,5,290.825
6280,9cce2_00019,219,0.96,ratio_confidence,5,290.825
6281,9cce2_00019,220,0.9,ratio_confidence,5,290.825
6282,9cce2_00019,221,0.96,ratio_confidence,5,290.825
6283,9cce2_00019,222,0.95,ratio_confidence,5,290.825
6284,9cce2_00019,223,0.9199999999999999,ratio_confidence,5,290.825
6285,9cce2_00019,224,0.97,ratio_confidence,5,290.825
6286,9cce2_00019,225,0.88,ratio_confidence,5,290.825
6287,9cce2_00019,226,0.96,ratio_confidence,5,290.825
6288,9cce2_00019,227,0.95,ratio_confidence,5,290.825
6289,9cce2_00019,228,0.95,ratio_confidence,5,290.825
6290,9cce2_00019,229,0.94,ratio_confidence,5,290.825
6291,9cce2_00019,230,0.9299999999999999,ratio_confidence,5,290.825
6292,9cce2_00019,231,0.9299999999999999,ratio_confidence,5,290.825
6293,9cce2_00019,232,0.8999999999999999,ratio_confidence,5,290.825
6294,9cce2_00019,233,0.96,ratio_confidence,5,290.825
6295,9cce2_00019,234,0.95,ratio_confidence,5,290.825
6296,9cce2_00019,235,0.95,ratio_confidence,5,290.825
6297,9cce2_00019,236,0.9299999999999999,ratio_confidence,5,290.825
6298,9cce2_00019,237,0.96,ratio_confidence,5,290.825
6299,9cce2_00019,238,0.96,ratio_confidence,5,290.825
6300,9cce2_00019,239,0.96,ratio_confidence,5,290.825
6301,9cce2_00019,240,0.9099999999999999,ratio_confidence,5,290.825
6302,9cce2_00019,241,0.95,ratio_confidence,5,290.825
6303,9cce2_00019,242,0.9299999999999999,ratio_confidence,5,290.825
6304,9cce2_00019,243,0.9299999999999999,ratio_confidence,5,290.825
6305,9cce2_00019,244,0.9099999999999999,ratio_confidence,5,290.825
6306,9cce2_00019,245,0.96,ratio_confidence,5,290.825
6307,9cce2_00019,246,0.8400000000000001,ratio_confidence,5,290.825
6308,9cce2_00019,247,0.95,ratio_confidence,5,290.825
6309,9cce2_00019,248,0.97,ratio_confidence,5,290.825
6310,9cce2_00019,249,0.96,ratio_confidence,5,290.825
6311,9cce2_00019,250,0.9299999999999999,ratio_confidence,5,290.825
6312,9cce2_00019,251,0.95,ratio_confidence,5,290.825
6313,9cce2_00019,252,0.9299999999999999,ratio_confidence,5,290.825
6314,9cce2_00019,253,0.9,ratio_confidence,5,290.825
6315,9cce2_00019,254,0.9299999999999999,ratio_confidence,5,290.825
6316,9cce2_00019,255,0.9199999999999999,ratio_confidence,5,290.825
6317,9cce2_00019,256,0.96,ratio_confidence,5,290.825
6318,9cce2_00019,257,0.94,ratio_confidence,5,290.825
6319,9cce2_00019,258,0.9299999999999999,ratio_confidence,5,290.825
6320,9cce2_00019,259,0.9299999999999999,ratio_confidence,5,290.825
6321,9cce2_00019,260,0.97,ratio_confidence,5,290.825
6322,9cce2_00019,261,0.98,ratio_confidence,5,290.825
6323,9cce2_00019,262,0.9299999999999999,ratio_confidence,5,290.825
6324,9cce2_00019,263,0.9199999999999999,ratio_confidence,5,290.825
6325,9cce2_00019,264,0.95,ratio_confidence,5,290.825
6326,9cce2_00019,265,0.87,ratio_confidence,5,290.825
6327,9cce2_00019,266,0.95,ratio_confidence,5,290.825
6328,9cce2_00019,267,0.9299999999999999,ratio_confidence,5,290.825
6329,9cce2_00019,268,0.87,ratio_confidence,5,290.825
6330,9cce2_00019,269,0.9299999999999999,ratio_confidence,5,290.825
6331,9cce2_00019,270,0.88,ratio_confidence,5,290.825
6332,9cce2_00019,271,0.8899999999999999,ratio_confidence,5,290.825
6333,9cce2_00019,272,0.97,ratio_confidence,5,290.825
6334,9cce2_00019,273,0.94,ratio_confidence,5,290.825
6335,9cce2_00019,274,0.97,ratio_confidence,5,290.825
6336,9cce2_00019,275,0.97,ratio_confidence,5,290.825
6337,9cce2_00019,276,0.96,ratio_confidence,5,290.825
6338,9cce2_00019,277,0.9199999999999999,ratio_confidence,5,290.825
6339,9cce2_00019,278,0.8999999999999999,ratio_confidence,5,290.825
6340,9cce2_00019,279,0.89,ratio_confidence,5,290.825
6341,9cce2_00019,280,0.95,ratio_confidence,5,290.825
6342,9cce2_00019,281,0.9099999999999999,ratio_confidence,5,290.825
6343,9cce2_00019,282,0.95,ratio_confidence,5,290.825
6344,9cce2_00019,283,0.9299999999999999,ratio_confidence,5,290.825
6345,9cce2_00019,284,0.9099999999999999,ratio_confidence,5,290.825
6346,9cce2_00019,285,0.9199999999999999,ratio_confidence,5,290.825
6347,9cce2_00019,286,0.9199999999999999,ratio_confidence,5,290.825
6348,9cce2_00019,287,0.9199999999999999,ratio_confidence,5,290.825
6349,9cce2_00019,288,0.88,ratio_confidence,5,290.825
6350,9cce2_00019,289,0.95,ratio_confidence,5,290.825
6351,9cce2_00019,290,0.95,ratio_confidence,5,290.825
6352,9cce2_00019,291,0.9099999999999999,ratio_confidence,5,290.825
6353,9cce2_00019,292,0.88,ratio_confidence,5,290.825
6354,9cce2_00019,293,0.94,ratio_confidence,5,290.825
6355,9cce2_00019,294,0.91,ratio_confidence,5,290.825
6356,9cce2_00019,295,0.89,ratio_confidence,5,290.825
6357,9cce2_00019,296,0.94,ratio_confidence,5,290.825
6358,9cce2_00019,297,0.94,ratio_confidence,5,290.825
6359,9cce2_00019,298,0.9099999999999999,ratio_confidence,5,290.825
6360,9cce2_00019,299,0.95,ratio_confidence,5,290.825
6361,9cce2_00019,300,0.9199999999999999,ratio_confidence,5,290.825
6362,9cce2_00019,301,0.94,ratio_confidence,5,290.825
6363,9cce2_00019,302,0.95,ratio_confidence,5,290.825
6364,9cce2_00019,303,0.97,ratio_confidence,5,290.825
6365,9cce2_00019,304,0.94,ratio_confidence,5,290.825
6366,9cce2_00019,305,0.9099999999999999,ratio_confidence,5,290.825
6367,9cce2_00019,306,0.94,ratio_confidence,5,290.825
6368,9cce2_00019,307,0.89,ratio_confidence,5,290.825
6369,9cce2_00019,308,0.8899999999999999,ratio_confidence,5,290.825
6370,9cce2_00019,309,0.9299999999999999,ratio_confidence,5,290.825
6371,9cce2_00019,310,0.9,ratio_confidence,5,290.825
6372,9cce2_00019,311,0.9299999999999999,ratio_confidence,5,290.825
6373,9cce2_00019,312,0.94,ratio_confidence,5,290.825
6374,9cce2_00019,313,0.9299999999999999,ratio_confidence,5,290.825
6375,9cce2_00019,314,0.98,ratio_confidence,5,290.825
6376,9cce2_00019,315,0.9299999999999999,ratio_confidence,5,290.825
6377,9cce2_00019,316,0.9299999999999999,ratio_confidence,5,290.825
6378,9cce2_00019,317,0.95,ratio_confidence,5,290.825
6379,9cce2_00019,318,0.96,ratio_confidence,5,290.825
6380,9cce2_00020,0,0.86,random,1,283.85499999999996
6381,9cce2_00020,1,0.8999999999999999,random,1,283.85499999999996
6382,9cce2_00020,2,0.75,random,1,283.85499999999996
6383,9cce2_00020,3,0.87,random,1,283.85499999999996
6384,9cce2_00020,4,0.83,random,1,283.85499999999996
6385,9cce2_00020,5,0.76,random,1,283.85499999999996
6386,9cce2_00020,6,0.8,random,1,283.85499999999996
6387,9cce2_00020,7,0.8,random,1,283.85499999999996
6388,9cce2_00020,8,0.92,random,1,283.85499999999996
6389,9cce2_00020,9,0.8799999999999999,random,1,283.85499999999996
6390,9cce2_00020,10,0.91,random,1,283.85499999999996
6391,9cce2_00020,11,0.8300000000000001,random,1,283.85499999999996
6392,9cce2_00020,12,0.81,random,1,283.85499999999996
6393,9cce2_00020,13,0.9299999999999999,random,1,283.85499999999996
6394,9cce2_00020,14,0.71,random,1,283.85499999999996
6395,9cce2_00020,15,0.88,random,1,283.85499999999996
6396,9cce2_00020,16,0.78,random,1,283.85499999999996
6397,9cce2_00020,17,0.7,random,1,283.85499999999996
6398,9cce2_00020,18,0.83,random,1,283.85499999999996
6399,9cce2_00020,19,0.8200000000000001,random,1,283.85499999999996
6400,9cce2_00020,20,0.81,random,1,283.85499999999996
6401,9cce2_00020,21,0.65,random,1,283.85499999999996
6402,9cce2_00020,22,0.8500000000000001,random,1,283.85499999999996
6403,9cce2_00020,23,0.76,random,1,283.85499999999996
6404,9cce2_00020,24,0.61,random,1,283.85499999999996
6405,9cce2_00020,25,0.87,random,1,283.85499999999996
6406,9cce2_00020,26,0.86,random,1,283.85499999999996
6407,9cce2_00020,27,0.8500000000000001,random,1,283.85499999999996
6408,9cce2_00020,28,0.59,random,1,283.85499999999996
6409,9cce2_00020,29,0.9099999999999999,random,1,283.85499999999996
6410,9cce2_00020,30,0.8999999999999999,random,1,283.85499999999996
6411,9cce2_00020,31,0.86,random,1,283.85499999999996
6412,9cce2_00020,32,0.9099999999999999,random,1,283.85499999999996
6413,9cce2_00020,33,0.83,random,1,283.85499999999996
6414,9cce2_00020,34,0.85,random,1,283.85499999999996
6415,9cce2_00020,35,0.8300000000000001,random,1,283.85499999999996
6416,9cce2_00020,36,0.87,random,1,283.85499999999996
6417,9cce2_00020,37,0.89,random,1,283.85499999999996
6418,9cce2_00020,38,0.8,random,1,283.85499999999996
6419,9cce2_00020,39,0.87,random,1,283.85499999999996
6420,9cce2_00020,40,0.8200000000000001,random,1,283.85499999999996
6421,9cce2_00020,41,0.9,random,1,283.85499999999996
6422,9cce2_00020,42,0.85,random,1,283.85499999999996
6423,9cce2_00020,43,0.87,random,1,283.85499999999996
6424,9cce2_00020,44,0.86,random,1,283.85499999999996
6425,9cce2_00020,45,0.89,random,1,283.85499999999996
6426,9cce2_00020,46,0.89,random,1,283.85499999999996
6427,9cce2_00020,47,0.9099999999999999,random,1,283.85499999999996
6428,9cce2_00020,48,0.87,random,1,283.85499999999996
6429,9cce2_00020,49,0.8999999999999999,random,1,283.85499999999996
6430,9cce2_00020,50,0.9099999999999999,random,1,283.85499999999996
6431,9cce2_00020,51,0.88,random,1,283.85499999999996
6432,9cce2_00020,52,0.9099999999999999,random,1,283.85499999999996
6433,9cce2_00020,53,0.8899999999999999,random,1,283.85499999999996
6434,9cce2_00020,54,0.87,random,1,283.85499999999996
6435,9cce2_00020,55,0.9099999999999999,random,1,283.85499999999996
6436,9cce2_00020,56,0.88,random,1,283.85499999999996
6437,9cce2_00020,57,0.8999999999999999,random,1,283.85499999999996
6438,9cce2_00020,58,0.9099999999999999,random,1,283.85499999999996
6439,9cce2_00020,59,0.8899999999999999,random,1,283.85499999999996
6440,9cce2_00020,60,0.8999999999999999,random,1,283.85499999999996
6441,9cce2_00020,61,0.9,random,1,283.85499999999996
6442,9cce2_00020,62,0.8999999999999999,random,1,283.85499999999996
6443,9cce2_00020,63,0.88,random,1,283.85499999999996
6444,9cce2_00020,64,0.9199999999999999,random,1,283.85499999999996
6445,9cce2_00020,65,0.89,random,1,283.85499999999996
6446,9cce2_00020,66,0.89,random,1,283.85499999999996
6447,9cce2_00020,67,0.9199999999999999,random,1,283.85499999999996
6448,9cce2_00020,68,0.87,random,1,283.85499999999996
6449,9cce2_00020,69,0.86,random,1,283.85499999999996
6450,9cce2_00020,70,0.8899999999999999,random,1,283.85499999999996
6451,9cce2_00020,71,0.9299999999999999,random,1,283.85499999999996
6452,9cce2_00020,72,0.85,random,1,283.85499999999996
6453,9cce2_00020,73,0.87,random,1,283.85499999999996
6454,9cce2_00020,74,0.8899999999999999,random,1,283.85499999999996
6455,9cce2_00020,75,0.87,random,1,283.85499999999996
6456,9cce2_00020,76,0.8999999999999999,random,1,283.85499999999996
6457,9cce2_00020,77,0.9099999999999999,random,1,283.85499999999996
6458,9cce2_00020,78,0.89,random,1,283.85499999999996
6459,9cce2_00020,79,0.9199999999999999,random,1,283.85499999999996
6460,9cce2_00020,80,0.88,random,1,283.85499999999996
6461,9cce2_00020,81,0.86,random,1,283.85499999999996
6462,9cce2_00020,82,0.9199999999999999,random,1,283.85499999999996
6463,9cce2_00020,83,0.94,random,1,283.85499999999996
6464,9cce2_00020,84,0.87,random,1,283.85499999999996
6465,9cce2_00020,85,0.88,random,1,283.85499999999996
6466,9cce2_00020,86,0.86,random,1,283.85499999999996
6467,9cce2_00020,87,0.88,random,1,283.85499999999996
6468,9cce2_00020,88,0.88,random,1,283.85499999999996
6469,9cce2_00020,89,0.89,random,1,283.85499999999996
6470,9cce2_00020,90,0.86,random,1,283.85499999999996
6471,9cce2_00020,91,0.9099999999999999,random,1,283.85499999999996
6472,9cce2_00020,92,0.8999999999999999,random,1,283.85499999999996
6473,9cce2_00020,93,0.89,random,1,283.85499999999996
6474,9cce2_00020,94,0.9099999999999999,random,1,283.85499999999996
6475,9cce2_00020,95,0.8300000000000001,random,1,283.85499999999996
6476,9cce2_00020,96,0.8799999999999999,random,1,283.85499999999996
6477,9cce2_00020,97,0.89,random,1,283.85499999999996
6478,9cce2_00020,98,0.87,random,1,283.85499999999996
6479,9cce2_00020,99,0.8999999999999999,random,1,283.85499999999996
6480,9cce2_00020,100,0.8300000000000001,random,1,283.85499999999996
6481,9cce2_00020,101,0.88,random,1,283.85499999999996
6482,9cce2_00020,102,0.88,random,1,283.85499999999996
6483,9cce2_00020,103,0.9099999999999999,random,1,283.85499999999996
6484,9cce2_00020,104,0.9099999999999999,random,1,283.85499999999996
6485,9cce2_00020,105,0.9099999999999999,random,1,283.85499999999996
6486,9cce2_00020,106,0.9199999999999999,random,1,283.85499999999996
6487,9cce2_00020,107,0.88,random,1,283.85499999999996
6488,9cce2_00020,108,0.9299999999999999,random,1,283.85499999999996
6489,9cce2_00020,109,0.9099999999999999,random,1,283.85499999999996
6490,9cce2_00020,110,0.9099999999999999,random,1,283.85499999999996
6491,9cce2_00020,111,0.8899999999999999,random,1,283.85499999999996
6492,9cce2_00020,112,0.9299999999999999,random,1,283.85499999999996
6493,9cce2_00020,113,0.9299999999999999,random,1,283.85499999999996
6494,9cce2_00020,114,0.8999999999999999,random,1,283.85499999999996
6495,9cce2_00020,115,0.8899999999999999,random,1,283.85499999999996
6496,9cce2_00020,116,0.88,random,1,283.85499999999996
6497,9cce2_00020,117,0.9099999999999999,random,1,283.85499999999996
6498,9cce2_00020,118,0.86,random,1,283.85499999999996
6499,9cce2_00020,119,0.87,random,1,283.85499999999996
6500,9cce2_00020,120,0.9099999999999999,random,1,283.85499999999996
6501,9cce2_00020,121,0.9099999999999999,random,1,283.85499999999996
6502,9cce2_00020,122,0.8899999999999999,random,1,283.85499999999996
6503,9cce2_00020,123,0.8999999999999999,random,1,283.85499999999996
6504,9cce2_00020,124,0.9199999999999999,random,1,283.85499999999996
6505,9cce2_00020,125,0.86,random,1,283.85499999999996
6506,9cce2_00020,126,0.88,random,1,283.85499999999996
6507,9cce2_00020,127,0.9099999999999999,random,1,283.85499999999996
6508,9cce2_00020,128,0.9199999999999999,random,1,283.85499999999996
6509,9cce2_00020,129,0.8899999999999999,random,1,283.85499999999996
6510,9cce2_00020,130,0.8999999999999999,random,1,283.85499999999996
6511,9cce2_00020,131,0.9199999999999999,random,1,283.85499999999996
6512,9cce2_00020,132,0.87,random,1,283.85499999999996
6513,9cce2_00020,133,0.8899999999999999,random,1,283.85499999999996
6514,9cce2_00020,134,0.9299999999999999,random,1,283.85499999999996
6515,9cce2_00020,135,0.8899999999999999,random,1,283.85499999999996
6516,9cce2_00020,136,0.9299999999999999,random,1,283.85499999999996
6517,9cce2_00020,137,0.8899999999999999,random,1,283.85499999999996
6518,9cce2_00020,138,0.91,random,1,283.85499999999996
6519,9cce2_00020,139,0.9199999999999999,random,1,283.85499999999996
6520,9cce2_00020,140,0.88,random,1,283.85499999999996
6521,9cce2_00020,141,0.87,random,1,283.85499999999996
6522,9cce2_00020,142,0.8899999999999999,random,1,283.85499999999996
6523,9cce2_00020,143,0.88,random,1,283.85499999999996
6524,9cce2_00020,144,0.9099999999999999,random,1,283.85499999999996
6525,9cce2_00020,145,0.89,random,1,283.85499999999996
6526,9cce2_00020,146,0.91,random,1,283.85499999999996
6527,9cce2_00020,147,0.9299999999999999,random,1,283.85499999999996
6528,9cce2_00020,148,0.9099999999999999,random,1,283.85499999999996
6529,9cce2_00020,149,0.95,random,1,283.85499999999996
6530,9cce2_00020,150,0.8999999999999999,random,1,283.85499999999996
6531,9cce2_00020,151,0.8899999999999999,random,1,283.85499999999996
6532,9cce2_00020,152,0.9299999999999999,random,1,283.85499999999996
6533,9cce2_00020,153,0.9199999999999999,random,1,283.85499999999996
6534,9cce2_00020,154,0.88,random,1,283.85499999999996
6535,9cce2_00020,155,0.8999999999999999,random,1,283.85499999999996
6536,9cce2_00020,156,0.9099999999999999,random,1,283.85499999999996
6537,9cce2_00020,157,0.8999999999999999,random,1,283.85499999999996
6538,9cce2_00020,158,0.9199999999999999,random,1,283.85499999999996
6539,9cce2_00020,159,0.8999999999999999,random,1,283.85499999999996
6540,9cce2_00020,160,0.8899999999999999,random,1,283.85499999999996
6541,9cce2_00020,161,0.89,random,1,283.85499999999996
6542,9cce2_00020,162,0.9299999999999999,random,1,283.85499999999996
6543,9cce2_00020,163,0.8999999999999999,random,1,283.85499999999996
6544,9cce2_00020,164,0.87,random,1,283.85499999999996
6545,9cce2_00020,165,0.8899999999999999,random,1,283.85499999999996
6546,9cce2_00020,166,0.8999999999999999,random,1,283.85499999999996
6547,9cce2_00020,167,0.9099999999999999,random,1,283.85499999999996
6548,9cce2_00020,168,0.9199999999999999,random,1,283.85499999999996
6549,9cce2_00020,169,0.9099999999999999,random,1,283.85499999999996
6550,9cce2_00020,170,0.9099999999999999,random,1,283.85499999999996
6551,9cce2_00020,171,0.9299999999999999,random,1,283.85499999999996
6552,9cce2_00020,172,0.88,random,1,283.85499999999996
6553,9cce2_00020,173,0.88,random,1,283.85499999999996
6554,9cce2_00020,174,0.9099999999999999,random,1,283.85499999999996
6555,9cce2_00020,175,0.9099999999999999,random,1,283.85499999999996
6556,9cce2_00020,176,0.9099999999999999,random,1,283.85499999999996
6557,9cce2_00020,177,0.8999999999999999,random,1,283.85499999999996
6558,9cce2_00020,178,0.8999999999999999,random,1,283.85499999999996
6559,9cce2_00020,179,0.8999999999999999,random,1,283.85499999999996
6560,9cce2_00020,180,0.89,random,1,283.85499999999996
6561,9cce2_00020,181,0.8999999999999999,random,1,283.85499999999996
6562,9cce2_00020,182,0.89,random,1,283.85499999999996
6563,9cce2_00020,183,0.8999999999999999,random,1,283.85499999999996
6564,9cce2_00020,184,0.9299999999999999,random,1,283.85499999999996
6565,9cce2_00020,185,0.9199999999999999,random,1,283.85499999999996
6566,9cce2_00020,186,0.8999999999999999,random,1,283.85499999999996
6567,9cce2_00020,187,0.9199999999999999,random,1,283.85499999999996
6568,9cce2_00020,188,0.87,random,1,283.85499999999996
6569,9cce2_00020,189,0.9099999999999999,random,1,283.85499999999996
6570,9cce2_00020,190,0.87,random,1,283.85499999999996
6571,9cce2_00020,191,0.89,random,1,283.85499999999996
6572,9cce2_00020,192,0.9199999999999999,random,1,283.85499999999996
6573,9cce2_00020,193,0.91,random,1,283.85499999999996
6574,9cce2_00020,194,0.92,random,1,283.85499999999996
6575,9cce2_00020,195,0.9199999999999999,random,1,283.85499999999996
6576,9cce2_00020,196,0.9099999999999999,random,1,283.85499999999996
6577,9cce2_00020,197,0.9099999999999999,random,1,283.85499999999996
6578,9cce2_00020,198,0.94,random,1,283.85499999999996
6579,9cce2_00020,199,0.8999999999999999,random,1,283.85499999999996
6580,9cce2_00020,200,0.9199999999999999,random,1,283.85499999999996
6581,9cce2_00020,201,0.9099999999999999,random,1,283.85499999999996
6582,9cce2_00020,202,0.9099999999999999,random,1,283.85499999999996
6583,9cce2_00020,203,0.94,random,1,283.85499999999996
6584,9cce2_00020,204,0.8999999999999999,random,1,283.85499999999996
6585,9cce2_00020,205,0.9299999999999999,random,1,283.85499999999996
6586,9cce2_00020,206,0.8999999999999999,random,1,283.85499999999996
6587,9cce2_00020,207,0.9199999999999999,random,1,283.85499999999996
6588,9cce2_00020,208,0.8999999999999999,random,1,283.85499999999996
6589,9cce2_00020,209,0.9,random,1,283.85499999999996
6590,9cce2_00020,210,0.9199999999999999,random,1,283.85499999999996
6591,9cce2_00020,211,0.9099999999999999,random,1,283.85499999999996
6592,9cce2_00020,212,0.9099999999999999,random,1,283.85499999999996
6593,9cce2_00020,213,0.92,random,1,283.85499999999996
6594,9cce2_00020,214,0.94,random,1,283.85499999999996
6595,9cce2_00020,215,0.9199999999999999,random,1,283.85499999999996
6596,9cce2_00020,216,0.89,random,1,283.85499999999996
6597,9cce2_00020,217,0.9199999999999999,random,1,283.85499999999996
6598,9cce2_00020,218,0.9199999999999999,random,1,283.85499999999996
6599,9cce2_00020,219,0.86,random,1,283.85499999999996
6600,9cce2_00020,220,0.9099999999999999,random,1,283.85499999999996
6601,9cce2_00020,221,0.9199999999999999,random,1,283.85499999999996
6602,9cce2_00020,222,0.92,random,1,283.85499999999996
6603,9cce2_00020,223,0.9199999999999999,random,1,283.85499999999996
6604,9cce2_00020,224,0.9099999999999999,random,1,283.85499999999996
6605,9cce2_00020,225,0.9299999999999999,random,1,283.85499999999996
6606,9cce2_00020,226,0.92,random,1,283.85499999999996
6607,9cce2_00020,227,0.88,random,1,283.85499999999996
6608,9cce2_00020,228,0.8999999999999999,random,1,283.85499999999996
6609,9cce2_00020,229,0.9099999999999999,random,1,283.85499999999996
6610,9cce2_00020,230,0.8999999999999999,random,1,283.85499999999996
6611,9cce2_00020,231,0.8999999999999999,random,1,283.85499999999996
6612,9cce2_00020,232,0.9099999999999999,random,1,283.85499999999996
6613,9cce2_00020,233,0.9199999999999999,random,1,283.85499999999996
6614,9cce2_00020,234,0.9099999999999999,random,1,283.85499999999996
6615,9cce2_00020,235,0.91,random,1,283.85499999999996
6616,9cce2_00020,236,0.9099999999999999,random,1,283.85499999999996
6617,9cce2_00020,237,0.95,random,1,283.85499999999996
6618,9cce2_00020,238,0.92,random,1,283.85499999999996
6619,9cce2_00020,239,0.9199999999999999,random,1,283.85499999999996
6620,9cce2_00020,240,0.9199999999999999,random,1,283.85499999999996
6621,9cce2_00020,241,0.9299999999999999,random,1,283.85499999999996
6622,9cce2_00020,242,0.92,random,1,283.85499999999996
6623,9cce2_00020,243,0.9099999999999999,random,1,283.85499999999996
6624,9cce2_00020,244,0.9199999999999999,random,1,283.85499999999996
6625,9cce2_00020,245,0.87,random,1,283.85499999999996
6626,9cce2_00020,246,0.94,random,1,283.85499999999996
6627,9cce2_00020,247,0.8899999999999999,random,1,283.85499999999996
6628,9cce2_00020,248,0.9199999999999999,random,1,283.85499999999996
6629,9cce2_00020,249,0.9099999999999999,random,1,283.85499999999996
6630,9cce2_00020,250,0.9299999999999999,random,1,283.85499999999996
6631,9cce2_00020,251,0.9199999999999999,random,1,283.85499999999996
6632,9cce2_00020,252,0.9299999999999999,random,1,283.85499999999996
6633,9cce2_00020,253,0.94,random,1,283.85499999999996
6634,9cce2_00020,254,0.87,random,1,283.85499999999996
6635,9cce2_00020,255,0.9299999999999999,random,1,283.85499999999996
6636,9cce2_00020,256,0.9099999999999999,random,1,283.85499999999996
6637,9cce2_00020,257,0.9299999999999999,random,1,283.85499999999996
6638,9cce2_00020,258,0.8999999999999999,random,1,283.85499999999996
6639,9cce2_00020,259,0.9099999999999999,random,1,283.85499999999996
6640,9cce2_00020,260,0.8999999999999999,random,1,283.85499999999996
6641,9cce2_00020,261,0.9099999999999999,random,1,283.85499999999996
6642,9cce2_00020,262,0.9199999999999999,random,1,283.85499999999996
6643,9cce2_00020,263,0.8999999999999999,random,1,283.85499999999996
6644,9cce2_00020,264,0.95,random,1,283.85499999999996
6645,9cce2_00020,265,0.92,random,1,283.85499999999996
6646,9cce2_00020,266,0.9299999999999999,random,1,283.85499999999996
6647,9cce2_00020,267,0.9099999999999999,random,1,283.85499999999996
6648,9cce2_00020,268,0.91,random,1,283.85499999999996
6649,9cce2_00020,269,0.9099999999999999,random,1,283.85499999999996
6650,9cce2_00020,270,0.9199999999999999,random,1,283.85499999999996
6651,9cce2_00020,271,0.9099999999999999,random,1,283.85499999999996
6652,9cce2_00020,272,0.9099999999999999,random,1,283.85499999999996
6653,9cce2_00020,273,0.9099999999999999,random,1,283.85499999999996
6654,9cce2_00020,274,0.9299999999999999,random,1,283.85499999999996
6655,9cce2_00020,275,0.86,random,1,283.85499999999996
6656,9cce2_00020,276,0.9099999999999999,random,1,283.85499999999996
6657,9cce2_00020,277,0.9299999999999999,random,1,283.85499999999996
6658,9cce2_00020,278,0.88,random,1,283.85499999999996
6659,9cce2_00020,279,0.9099999999999999,random,1,283.85499999999996
6660,9cce2_00020,280,0.9099999999999999,random,1,283.85499999999996
6661,9cce2_00020,281,0.9099999999999999,random,1,283.85499999999996
6662,9cce2_00020,282,0.9099999999999999,random,1,283.85499999999996
6663,9cce2_00020,283,0.8999999999999999,random,1,283.85499999999996
6664,9cce2_00020,284,0.8999999999999999,random,1,283.85499999999996
6665,9cce2_00020,285,0.9099999999999999,random,1,283.85499999999996
6666,9cce2_00020,286,0.9199999999999999,random,1,283.85499999999996
6667,9cce2_00020,287,0.9199999999999999,random,1,283.85499999999996
6668,9cce2_00020,288,0.8899999999999999,random,1,283.85499999999996
6669,9cce2_00020,289,0.9199999999999999,random,1,283.85499999999996
6670,9cce2_00020,290,0.9099999999999999,random,1,283.85499999999996
6671,9cce2_00020,291,0.87,random,1,283.85499999999996
6672,9cce2_00020,292,0.94,random,1,283.85499999999996
6673,9cce2_00020,293,0.9099999999999999,random,1,283.85499999999996
6674,9cce2_00020,294,0.8999999999999999,random,1,283.85499999999996
6675,9cce2_00020,295,0.9099999999999999,random,1,283.85499999999996
6676,9cce2_00020,296,0.8999999999999999,random,1,283.85499999999996
6677,9cce2_00020,297,0.9199999999999999,random,1,283.85499999999996
6678,9cce2_00020,298,0.88,random,1,283.85499999999996
6679,9cce2_00020,299,0.8999999999999999,random,1,283.85499999999996
6680,9cce2_00020,300,0.9199999999999999,random,1,283.85499999999996
6681,9cce2_00020,301,0.87,random,1,283.85499999999996
6682,9cce2_00020,302,0.89,random,1,283.85499999999996
6683,9cce2_00020,303,0.9199999999999999,random,1,283.85499999999996
6684,9cce2_00020,304,0.8899999999999999,random,1,283.85499999999996
6685,9cce2_00020,305,0.9299999999999999,random,1,283.85499999999996
6686,9cce2_00020,306,0.89,random,1,283.85499999999996
6687,9cce2_00020,307,0.87,random,1,283.85499999999996
6688,9cce2_00020,308,0.8999999999999999,random,1,283.85499999999996
6689,9cce2_00020,309,0.88,random,1,283.85499999999996
6690,9cce2_00020,310,0.94,random,1,283.85499999999996
6691,9cce2_00020,311,0.9099999999999999,random,1,283.85499999999996
6692,9cce2_00020,312,0.9099999999999999,random,1,283.85499999999996
6693,9cce2_00020,313,0.8999999999999999,random,1,283.85499999999996
6694,9cce2_00020,314,0.9099999999999999,random,1,283.85499999999996
6695,9cce2_00020,315,0.9199999999999999,random,1,283.85499999999996
6696,9cce2_00020,316,0.8999999999999999,random,1,283.85499999999996
6697,9cce2_00020,317,0.9099999999999999,random,1,283.85499999999996
6698,9cce2_00020,318,0.9099999999999999,random,1,283.85499999999996
6699,9cce2_00021,0,0.5,random,2,281.21
6700,9cce2_00021,1,0.5,random,2,281.21
6701,9cce2_00021,2,0.8,random,2,281.21
6702,9cce2_00021,3,0.8300000000000001,random,2,281.21
6703,9cce2_00021,4,0.5,random,2,281.21
6704,9cce2_00021,5,0.74,random,2,281.21
6705,9cce2_00021,6,0.8200000000000001,random,2,281.21
6706,9cce2_00021,7,0.8300000000000001,random,2,281.21
6707,9cce2_00021,8,0.77,random,2,281.21
6708,9cce2_00021,9,0.8300000000000001,random,2,281.21
6709,9cce2_00021,10,0.86,random,2,281.21
6710,9cce2_00021,11,0.8300000000000001,random,2,281.21
6711,9cce2_00021,12,0.86,random,2,281.21
6712,9cce2_00021,13,0.86,random,2,281.21
6713,9cce2_00021,14,0.76,random,2,281.21
6714,9cce2_00021,15,0.86,random,2,281.21
6715,9cce2_00021,16,0.87,random,2,281.21
6716,9cce2_00021,17,0.8,random,2,281.21
6717,9cce2_00021,18,0.8999999999999999,random,2,281.21
6718,9cce2_00021,19,0.9199999999999999,random,2,281.21
6719,9cce2_00021,20,0.85,random,2,281.21
6720,9cce2_00021,21,0.8400000000000001,random,2,281.21
6721,9cce2_00021,22,0.83,random,2,281.21
6722,9cce2_00021,23,0.81,random,2,281.21
6723,9cce2_00021,24,0.8200000000000001,random,2,281.21
6724,9cce2_00021,25,0.81,random,2,281.21
6725,9cce2_00021,26,0.8200000000000001,random,2,281.21
6726,9cce2_00021,27,0.8200000000000001,random,2,281.21
6727,9cce2_00021,28,0.85,random,2,281.21
6728,9cce2_00021,29,0.85,random,2,281.21
6729,9cce2_00021,30,0.92,random,2,281.21
6730,9cce2_00021,31,0.87,random,2,281.21
6731,9cce2_00021,32,0.8200000000000001,random,2,281.21
6732,9cce2_00021,33,0.85,random,2,281.21
6733,9cce2_00021,34,0.9,random,2,281.21
6734,9cce2_00021,35,0.8400000000000001,random,2,281.21
6735,9cce2_00021,36,0.85,random,2,281.21
6736,9cce2_00021,37,0.8,random,2,281.21
6737,9cce2_00021,38,0.85,random,2,281.21
6738,9cce2_00021,39,0.87,random,2,281.21
6739,9cce2_00021,40,0.88,random,2,281.21
6740,9cce2_00021,41,0.88,random,2,281.21
6741,9cce2_00021,42,0.88,random,2,281.21
6742,9cce2_00021,43,0.8500000000000001,random,2,281.21
6743,9cce2_00021,44,0.88,random,2,281.21
6744,9cce2_00021,45,0.8999999999999999,random,2,281.21
6745,9cce2_00021,46,0.8300000000000001,random,2,281.21
6746,9cce2_00021,47,0.82,random,2,281.21
6747,9cce2_00021,48,0.88,random,2,281.21
6748,9cce2_00021,49,0.86,random,2,281.21
6749,9cce2_00021,50,0.86,random,2,281.21
6750,9cce2_00021,51,0.8300000000000001,random,2,281.21
6751,9cce2_00021,52,0.87,random,2,281.21
6752,9cce2_00021,53,0.86,random,2,281.21
6753,9cce2_00021,54,0.8300000000000001,random,2,281.21
6754,9cce2_00021,55,0.8600000000000001,random,2,281.21
6755,9cce2_00021,56,0.8300000000000001,random,2,281.21
6756,9cce2_00021,57,0.8300000000000001,random,2,281.21
6757,9cce2_00021,58,0.88,random,2,281.21
6758,9cce2_00021,59,0.8300000000000001,random,2,281.21
6759,9cce2_00021,60,0.8300000000000001,random,2,281.21
6760,9cce2_00021,61,0.81,random,2,281.21
6761,9cce2_00021,62,0.8999999999999999,random,2,281.21
6762,9cce2_00021,63,0.85,random,2,281.21
6763,9cce2_00021,64,0.8500000000000001,random,2,281.21
6764,9cce2_00021,65,0.8999999999999999,random,2,281.21
6765,9cce2_00021,66,0.8300000000000001,random,2,281.21
6766,9cce2_00021,67,0.8300000000000001,random,2,281.21
6767,9cce2_00021,68,0.9,random,2,281.21
6768,9cce2_00021,69,0.8400000000000001,random,2,281.21
6769,9cce2_00021,70,0.85,random,2,281.21
6770,9cce2_00021,71,0.86,random,2,281.21
6771,9cce2_00021,72,0.8300000000000001,random,2,281.21
6772,9cce2_00021,73,0.88,random,2,281.21
6773,9cce2_00021,74,0.8300000000000001,random,2,281.21
6774,9cce2_00021,75,0.8999999999999999,random,2,281.21
6775,9cce2_00021,76,0.9,random,2,281.21
6776,9cce2_00021,77,0.9099999999999999,random,2,281.21
6777,9cce2_00021,78,0.8300000000000001,random,2,281.21
6778,9cce2_00021,79,0.88,random,2,281.21
6779,9cce2_00021,80,0.8500000000000001,random,2,281.21
6780,9cce2_00021,81,0.8799999999999999,random,2,281.21
6781,9cce2_00021,82,0.9199999999999999,random,2,281.21
6782,9cce2_00021,83,0.8300000000000001,random,2,281.21
6783,9cce2_00021,84,0.88,random,2,281.21
6784,9cce2_00021,85,0.87,random,2,281.21
6785,9cce2_00021,86,0.8400000000000001,random,2,281.21
6786,9cce2_00021,87,0.86,random,2,281.21
6787,9cce2_00021,88,0.87,random,2,281.21
6788,9cce2_00021,89,0.86,random,2,281.21
6789,9cce2_00021,90,0.82,random,2,281.21
6790,9cce2_00021,91,0.86,random,2,281.21
6791,9cce2_00021,92,0.86,random,2,281.21
6792,9cce2_00021,93,0.85,random,2,281.21
6793,9cce2_00021,94,0.86,random,2,281.21
6794,9cce2_00021,95,0.8300000000000001,random,2,281.21
6795,9cce2_00021,96,0.9199999999999999,random,2,281.21
6796,9cce2_00021,97,0.9199999999999999,random,2,281.21
6797,9cce2_00021,98,0.8300000000000001,random,2,281.21
6798,9cce2_00021,99,0.8500000000000001,random,2,281.21
6799,9cce2_00021,100,0.9099999999999999,random,2,281.21
6800,9cce2_00021,101,0.84,random,2,281.21
6801,9cce2_00021,102,0.86,random,2,281.21
6802,9cce2_00021,103,0.91,random,2,281.21
6803,9cce2_00021,104,0.89,random,2,281.21
6804,9cce2_00021,105,0.89,random,2,281.21
6805,9cce2_00021,106,0.89,random,2,281.21
6806,9cce2_00021,107,0.86,random,2,281.21
6807,9cce2_00021,108,0.9299999999999999,random,2,281.21
6808,9cce2_00021,109,0.88,random,2,281.21
6809,9cce2_00021,110,0.88,random,2,281.21
6810,9cce2_00021,111,0.8300000000000001,random,2,281.21
6811,9cce2_00021,112,0.9299999999999999,random,2,281.21
6812,9cce2_00021,113,0.88,random,2,281.21
6813,9cce2_00021,114,0.9199999999999999,random,2,281.21
6814,9cce2_00021,115,0.87,random,2,281.21
6815,9cce2_00021,116,0.87,random,2,281.21
6816,9cce2_00021,117,0.91,random,2,281.21
6817,9cce2_00021,118,0.8400000000000001,random,2,281.21
6818,9cce2_00021,119,0.87,random,2,281.21
6819,9cce2_00021,120,0.91,random,2,281.21
6820,9cce2_00021,121,0.9,random,2,281.21
6821,9cce2_00021,122,0.85,random,2,281.21
6822,9cce2_00021,123,0.8200000000000001,random,2,281.21
6823,9cce2_00021,124,0.8999999999999999,random,2,281.21
6824,9cce2_00021,125,0.9099999999999999,random,2,281.21
6825,9cce2_00021,126,0.88,random,2,281.21
6826,9cce2_00021,127,0.8300000000000001,random,2,281.21
6827,9cce2_00021,128,0.8799999999999999,random,2,281.21
6828,9cce2_00021,129,0.8799999999999999,random,2,281.21
6829,9cce2_00021,130,0.86,random,2,281.21
6830,9cce2_00021,131,0.85,random,2,281.21
6831,9cce2_00021,132,0.8600000000000001,random,2,281.21
6832,9cce2_00021,133,0.78,random,2,281.21
6833,9cce2_00021,134,0.88,random,2,281.21
6834,9cce2_00021,135,0.8799999999999999,random,2,281.21
6835,9cce2_00021,136,0.89,random,2,281.21
6836,9cce2_00021,137,0.86,random,2,281.21
6837,9cce2_00021,138,0.9099999999999999,random,2,281.21
6838,9cce2_00021,139,0.8999999999999999,random,2,281.21
6839,9cce2_00021,140,0.9299999999999999,random,2,281.21
6840,9cce2_00021,141,0.8300000000000001,random,2,281.21
6841,9cce2_00021,142,0.8899999999999999,random,2,281.21
6842,9cce2_00021,143,0.8500000000000001,random,2,281.21
6843,9cce2_00021,144,0.9299999999999999,random,2,281.21
6844,9cce2_00021,145,0.8999999999999999,random,2,281.21
6845,9cce2_00021,146,0.8400000000000001,random,2,281.21
6846,9cce2_00021,147,0.9199999999999999,random,2,281.21
6847,9cce2_00021,148,0.9,random,2,281.21
6848,9cce2_00021,149,0.86,random,2,281.21
6849,9cce2_00021,150,0.86,random,2,281.21
6850,9cce2_00021,151,0.88,random,2,281.21
6851,9cce2_00021,152,0.9299999999999999,random,2,281.21
6852,9cce2_00021,153,0.95,random,2,281.21
6853,9cce2_00021,154,0.86,random,2,281.21
6854,9cce2_00021,155,0.87,random,2,281.21
6855,9cce2_00021,156,0.8799999999999999,random,2,281.21
6856,9cce2_00021,157,0.84,random,2,281.21
6857,9cce2_00021,158,0.8999999999999999,random,2,281.21
6858,9cce2_00021,159,0.88,random,2,281.21
6859,9cce2_00021,160,0.8999999999999999,random,2,281.21
6860,9cce2_00021,161,0.87,random,2,281.21
6861,9cce2_00021,162,0.89,random,2,281.21
6862,9cce2_00021,163,0.88,random,2,281.21
6863,9cce2_00021,164,0.94,random,2,281.21
6864,9cce2_00021,165,0.9199999999999999,random,2,281.21
6865,9cce2_00021,166,0.9,random,2,281.21
6866,9cce2_00021,167,0.95,random,2,281.21
6867,9cce2_00021,168,0.89,random,2,281.21
6868,9cce2_00021,169,0.9099999999999999,random,2,281.21
6869,9cce2_00021,170,0.92,random,2,281.21
6870,9cce2_00021,171,0.9299999999999999,random,2,281.21
6871,9cce2_00021,172,0.8999999999999999,random,2,281.21
6872,9cce2_00021,173,0.88,random,2,281.21
6873,9cce2_00021,174,0.91,random,2,281.21
6874,9cce2_00021,175,0.9199999999999999,random,2,281.21
6875,9cce2_00021,176,0.87,random,2,281.21
6876,9cce2_00021,177,0.8799999999999999,random,2,281.21
6877,9cce2_00021,178,0.9099999999999999,random,2,281.21
6878,9cce2_00021,179,0.95,random,2,281.21
6879,9cce2_00021,180,0.9199999999999999,random,2,281.21
6880,9cce2_00021,181,0.8999999999999999,random,2,281.21
6881,9cce2_00021,182,0.9199999999999999,random,2,281.21
6882,9cce2_00021,183,0.9,random,2,281.21
6883,9cce2_00021,184,0.8999999999999999,random,2,281.21
6884,9cce2_00021,185,0.95,random,2,281.21
6885,9cce2_00021,186,0.92,random,2,281.21
6886,9cce2_00021,187,0.92,random,2,281.21
6887,9cce2_00021,188,0.89,random,2,281.21
6888,9cce2_00021,189,0.94,random,2,281.21
6889,9cce2_00021,190,0.9199999999999999,random,2,281.21
6890,9cce2_00021,191,0.79,random,2,281.21
6891,9cce2_00021,192,0.9099999999999999,random,2,281.21
6892,9cce2_00021,193,0.94,random,2,281.21
6893,9cce2_00021,194,0.9199999999999999,random,2,281.21
6894,9cce2_00021,195,0.96,random,2,281.21
6895,9cce2_00021,196,0.9099999999999999,random,2,281.21
6896,9cce2_00021,197,0.9099999999999999,random,2,281.21
6897,9cce2_00021,198,0.91,random,2,281.21
6898,9cce2_00021,199,0.9199999999999999,random,2,281.21
6899,9cce2_00021,200,0.9299999999999999,random,2,281.21
6900,9cce2_00021,201,0.86,random,2,281.21
6901,9cce2_00021,202,0.92,random,2,281.21
6902,9cce2_00021,203,0.9199999999999999,random,2,281.21
6903,9cce2_00021,204,0.9199999999999999,random,2,281.21
6904,9cce2_00021,205,0.9299999999999999,random,2,281.21
6905,9cce2_00021,206,0.9099999999999999,random,2,281.21
6906,9cce2_00021,207,0.9299999999999999,random,2,281.21
6907,9cce2_00021,208,0.9299999999999999,random,2,281.21
6908,9cce2_00021,209,0.9299999999999999,random,2,281.21
6909,9cce2_00021,210,0.9299999999999999,random,2,281.21
6910,9cce2_00021,211,0.9199999999999999,random,2,281.21
6911,9cce2_00021,212,0.9199999999999999,random,2,281.21
6912,9cce2_00021,213,0.9,random,2,281.21
6913,9cce2_00021,214,0.9299999999999999,random,2,281.21
6914,9cce2_00021,215,0.9099999999999999,random,2,281.21
6915,9cce2_00021,216,0.9299999999999999,random,2,281.21
6916,9cce2_00021,217,0.89,random,2,281.21
6917,9cce2_00021,218,0.9299999999999999,random,2,281.21
6918,9cce2_00021,219,0.9299999999999999,random,2,281.21
6919,9cce2_00021,220,0.9,random,2,281.21
6920,9cce2_00021,221,0.9299999999999999,random,2,281.21
6921,9cce2_00021,222,0.9199999999999999,random,2,281.21
6922,9cce2_00021,223,0.9099999999999999,random,2,281.21
6923,9cce2_00021,224,0.95,random,2,281.21
6924,9cce2_00021,225,0.9299999999999999,random,2,281.21
6925,9cce2_00021,226,0.86,random,2,281.21
6926,9cce2_00021,227,0.8999999999999999,random,2,281.21
6927,9cce2_00021,228,0.87,random,2,281.21
6928,9cce2_00021,229,0.9199999999999999,random,2,281.21
6929,9cce2_00021,230,0.9299999999999999,random,2,281.21
6930,9cce2_00021,231,0.8799999999999999,random,2,281.21
6931,9cce2_00021,232,0.9299999999999999,random,2,281.21
6932,9cce2_00021,233,0.94,random,2,281.21
6933,9cce2_00021,234,0.94,random,2,281.21
6934,9cce2_00021,235,0.9299999999999999,random,2,281.21
6935,9cce2_00021,236,0.94,random,2,281.21
6936,9cce2_00021,237,0.89,random,2,281.21
6937,9cce2_00021,238,0.92,random,2,281.21
6938,9cce2_00021,239,0.9299999999999999,random,2,281.21
6939,9cce2_00021,240,0.9299999999999999,random,2,281.21
6940,9cce2_00021,241,0.9,random,2,281.21
6941,9cce2_00021,242,0.9299999999999999,random,2,281.21
6942,9cce2_00021,243,0.9299999999999999,random,2,281.21
6943,9cce2_00021,244,0.9299999999999999,random,2,281.21
6944,9cce2_00021,245,0.8799999999999999,random,2,281.21
6945,9cce2_00021,246,0.92,random,2,281.21
6946,9cce2_00021,247,0.9299999999999999,random,2,281.21
6947,9cce2_00021,248,0.88,random,2,281.21
6948,9cce2_00021,249,0.95,random,2,281.21
6949,9cce2_00021,250,0.95,random,2,281.21
6950,9cce2_00021,251,0.94,random,2,281.21
6951,9cce2_00021,252,0.88,random,2,281.21
6952,9cce2_00021,253,0.9099999999999999,random,2,281.21
6953,9cce2_00021,254,0.9199999999999999,random,2,281.21
6954,9cce2_00021,255,0.96,random,2,281.21
6955,9cce2_00021,256,0.92,random,2,281.21
6956,9cce2_00021,257,0.9199999999999999,random,2,281.21
6957,9cce2_00021,258,0.94,random,2,281.21
6958,9cce2_00021,259,0.92,random,2,281.21
6959,9cce2_00021,260,0.91,random,2,281.21
6960,9cce2_00021,261,0.9299999999999999,random,2,281.21
6961,9cce2_00021,262,0.94,random,2,281.21
6962,9cce2_00021,263,0.8899999999999999,random,2,281.21
6963,9cce2_00021,264,0.91,random,2,281.21
6964,9cce2_00021,265,0.94,random,2,281.21
6965,9cce2_00021,266,0.9099999999999999,random,2,281.21
6966,9cce2_00021,267,0.8999999999999999,random,2,281.21
6967,9cce2_00021,268,0.94,random,2,281.21
6968,9cce2_00021,269,0.9199999999999999,random,2,281.21
6969,9cce2_00021,270,0.8899999999999999,random,2,281.21
6970,9cce2_00021,271,0.94,random,2,281.21
6971,9cce2_00021,272,0.9199999999999999,random,2,281.21
6972,9cce2_00021,273,0.9299999999999999,random,2,281.21
6973,9cce2_00021,274,0.94,random,2,281.21
6974,9cce2_00021,275,0.94,random,2,281.21
6975,9cce2_00021,276,0.94,random,2,281.21
6976,9cce2_00021,277,0.86,random,2,281.21
6977,9cce2_00021,278,0.8999999999999999,random,2,281.21
6978,9cce2_00021,279,0.84,random,2,281.21
6979,9cce2_00021,280,0.9199999999999999,random,2,281.21
6980,9cce2_00021,281,0.87,random,2,281.21
6981,9cce2_00021,282,0.8899999999999999,random,2,281.21
6982,9cce2_00021,283,0.8899999999999999,random,2,281.21
6983,9cce2_00021,284,0.9299999999999999,random,2,281.21
6984,9cce2_00021,285,0.94,random,2,281.21
6985,9cce2_00021,286,0.9199999999999999,random,2,281.21
6986,9cce2_00021,287,0.88,random,2,281.21
6987,9cce2_00021,288,0.8300000000000001,random,2,281.21
6988,9cce2_00021,289,0.8999999999999999,random,2,281.21
6989,9cce2_00021,290,0.9299999999999999,random,2,281.21
6990,9cce2_00021,291,0.94,random,2,281.21
6991,9cce2_00021,292,0.9299999999999999,random,2,281.21
6992,9cce2_00021,293,0.8999999999999999,random,2,281.21
6993,9cce2_00021,294,0.89,random,2,281.21
6994,9cce2_00021,295,0.92,random,2,281.21
6995,9cce2_00021,296,0.8300000000000001,random,2,281.21
6996,9cce2_00021,297,0.9099999999999999,random,2,281.21
6997,9cce2_00021,298,0.95,random,2,281.21
6998,9cce2_00021,299,0.8899999999999999,random,2,281.21
6999,9cce2_00021,300,0.9099999999999999,random,2,281.21
7000,9cce2_00021,301,0.91,random,2,281.21
7001,9cce2_00021,302,0.83,random,2,281.21
7002,9cce2_00021,303,0.9199999999999999,random,2,281.21
7003,9cce2_00021,304,0.8999999999999999,random,2,281.21
7004,9cce2_00021,305,0.9199999999999999,random,2,281.21
7005,9cce2_00021,306,0.9099999999999999,random,2,281.21
7006,9cce2_00021,307,0.9199999999999999,random,2,281.21
7007,9cce2_00021,308,0.88,random,2,281.21
7008,9cce2_00021,309,0.9099999999999999,random,2,281.21
7009,9cce2_00021,310,0.9099999999999999,random,2,281.21
7010,9cce2_00021,311,0.9299999999999999,random,2,281.21
7011,9cce2_00021,312,0.8899999999999999,random,2,281.21
7012,9cce2_00021,313,0.9199999999999999,random,2,281.21
7013,9cce2_00021,314,0.9099999999999999,random,2,281.21
7014,9cce2_00021,315,0.87,random,2,281.21
7015,9cce2_00021,316,0.9099999999999999,random,2,281.21
7016,9cce2_00021,317,0.9099999999999999,random,2,281.21
7017,9cce2_00021,318,0.88,random,2,281.21
7018,9cce2_00022,0,0.81,random,3,278.465
7019,9cce2_00022,1,0.51,random,3,278.465
7020,9cce2_00022,2,0.52,random,3,278.465
7021,9cce2_00022,3,0.86,random,3,278.465
7022,9cce2_00022,4,0.74,random,3,278.465
7023,9cce2_00022,5,0.8799999999999999,random,3,278.465
7024,9cce2_00022,6,0.86,random,3,278.465
7025,9cce2_00022,7,0.85,random,3,278.465
7026,9cce2_00022,8,0.8899999999999999,random,3,278.465
7027,9cce2_00022,9,0.81,random,3,278.465
7028,9cce2_00022,10,0.89,random,3,278.465
7029,9cce2_00022,11,0.8899999999999999,random,3,278.465
7030,9cce2_00022,12,0.86,random,3,278.465
7031,9cce2_00022,13,0.83,random,3,278.465
7032,9cce2_00022,14,0.8,random,3,278.465
7033,9cce2_00022,15,0.85,random,3,278.465
7034,9cce2_00022,16,0.88,random,3,278.465
7035,9cce2_00022,17,0.8999999999999999,random,3,278.465
7036,9cce2_00022,18,0.87,random,3,278.465
7037,9cce2_00022,19,0.87,random,3,278.465
7038,9cce2_00022,20,0.89,random,3,278.465
7039,9cce2_00022,21,0.8999999999999999,random,3,278.465
7040,9cce2_00022,22,0.8200000000000001,random,3,278.465
7041,9cce2_00022,23,0.89,random,3,278.465
7042,9cce2_00022,24,0.8999999999999999,random,3,278.465
7043,9cce2_00022,25,0.78,random,3,278.465
7044,9cce2_00022,26,0.86,random,3,278.465
7045,9cce2_00022,27,0.8899999999999999,random,3,278.465
7046,9cce2_00022,28,0.8999999999999999,random,3,278.465
7047,9cce2_00022,29,0.87,random,3,278.465
7048,9cce2_00022,30,0.85,random,3,278.465
7049,9cce2_00022,31,0.87,random,3,278.465
7050,9cce2_00022,32,0.8300000000000001,random,3,278.465
7051,9cce2_00022,33,0.8999999999999999,random,3,278.465
7052,9cce2_00022,34,0.8999999999999999,random,3,278.465
7053,9cce2_00022,35,0.88,random,3,278.465
7054,9cce2_00022,36,0.88,random,3,278.465
7055,9cce2_00022,37,0.87,random,3,278.465
7056,9cce2_00022,38,0.85,random,3,278.465
7057,9cce2_00022,39,0.89,random,3,278.465
7058,9cce2_00022,40,0.89,random,3,278.465
7059,9cce2_00022,41,0.86,random,3,278.465
7060,9cce2_00022,42,0.9199999999999999,random,3,278.465
7061,9cce2_00022,43,0.88,random,3,278.465
7062,9cce2_00022,44,0.86,random,3,278.465
7063,9cce2_00022,45,0.89,random,3,278.465
7064,9cce2_00022,46,0.8899999999999999,random,3,278.465
7065,9cce2_00022,47,0.8899999999999999,random,3,278.465
7066,9cce2_00022,48,0.85,random,3,278.465
7067,9cce2_00022,49,0.8899999999999999,random,3,278.465
7068,9cce2_00022,50,0.88,random,3,278.465
7069,9cce2_00022,51,0.85,random,3,278.465
7070,9cce2_00022,52,0.8400000000000001,random,3,278.465
7071,9cce2_00022,53,0.8,random,3,278.465
7072,9cce2_00022,54,0.84,random,3,278.465
7073,9cce2_00022,55,0.81,random,3,278.465
7074,9cce2_00022,56,0.8899999999999999,random,3,278.465
7075,9cce2_00022,57,0.89,random,3,278.465
7076,9cce2_00022,58,0.88,random,3,278.465
7077,9cce2_00022,59,0.87,random,3,278.465
7078,9cce2_00022,60,0.87,random,3,278.465
7079,9cce2_00022,61,0.9,random,3,278.465
7080,9cce2_00022,62,0.8999999999999999,random,3,278.465
7081,9cce2_00022,63,0.8500000000000001,random,3,278.465
7082,9cce2_00022,64,0.86,random,3,278.465
7083,9cce2_00022,65,0.89,random,3,278.465
7084,9cce2_00022,66,0.79,random,3,278.465
7085,9cce2_00022,67,0.84,random,3,278.465
7086,9cce2_00022,68,0.87,random,3,278.465
7087,9cce2_00022,69,0.8200000000000001,random,3,278.465
7088,9cce2_00022,70,0.8600000000000001,random,3,278.465
7089,9cce2_00022,71,0.86,random,3,278.465
7090,9cce2_00022,72,0.85,random,3,278.465
7091,9cce2_00022,73,0.85,random,3,278.465
7092,9cce2_00022,74,0.85,random,3,278.465
7093,9cce2_00022,75,0.8200000000000001,random,3,278.465
7094,9cce2_00022,76,0.87,random,3,278.465
7095,9cce2_00022,77,0.89,random,3,278.465
7096,9cce2_00022,78,0.88,random,3,278.465
7097,9cce2_00022,79,0.86,random,3,278.465
7098,9cce2_00022,80,0.81,random,3,278.465
7099,9cce2_00022,81,0.84,random,3,278.465
7100,9cce2_00022,82,0.8999999999999999,random,3,278.465
7101,9cce2_00022,83,0.87,random,3,278.465
7102,9cce2_00022,84,0.85,random,3,278.465
7103,9cce2_00022,85,0.88,random,3,278.465
7104,9cce2_00022,86,0.87,random,3,278.465
7105,9cce2_00022,87,0.87,random,3,278.465
7106,9cce2_00022,88,0.89,random,3,278.465
7107,9cce2_00022,89,0.8999999999999999,random,3,278.465
7108,9cce2_00022,90,0.8899999999999999,random,3,278.465
7109,9cce2_00022,91,0.8,random,3,278.465
7110,9cce2_00022,92,0.8500000000000001,random,3,278.465
7111,9cce2_00022,93,0.89,random,3,278.465
7112,9cce2_00022,94,0.8500000000000001,random,3,278.465
7113,9cce2_00022,95,0.88,random,3,278.465
7114,9cce2_00022,96,0.89,random,3,278.465
7115,9cce2_00022,97,0.8400000000000001,random,3,278.465
7116,9cce2_00022,98,0.88,random,3,278.465
7117,9cce2_00022,99,0.8400000000000001,random,3,278.465
7118,9cce2_00022,100,0.8899999999999999,random,3,278.465
7119,9cce2_00022,101,0.89,random,3,278.465
7120,9cce2_00022,102,0.88,random,3,278.465
7121,9cce2_00022,103,0.8899999999999999,random,3,278.465
7122,9cce2_00022,104,0.84,random,3,278.465
7123,9cce2_00022,105,0.8999999999999999,random,3,278.465
7124,9cce2_00022,106,0.91,random,3,278.465
7125,9cce2_00022,107,0.8999999999999999,random,3,278.465
7126,9cce2_00022,108,0.89,random,3,278.465
7127,9cce2_00022,109,0.89,random,3,278.465
7128,9cce2_00022,110,0.8999999999999999,random,3,278.465
7129,9cce2_00022,111,0.9,random,3,278.465
7130,9cce2_00022,112,0.8999999999999999,random,3,278.465
7131,9cce2_00022,113,0.89,random,3,278.465
7132,9cce2_00022,114,0.89,random,3,278.465
7133,9cce2_00022,115,0.89,random,3,278.465
7134,9cce2_00022,116,0.87,random,3,278.465
7135,9cce2_00022,117,0.8600000000000001,random,3,278.465
7136,9cce2_00022,118,0.89,random,3,278.465
7137,9cce2_00022,119,0.88,random,3,278.465
7138,9cce2_00022,120,0.89,random,3,278.465
7139,9cce2_00022,121,0.9199999999999999,random,3,278.465
7140,9cce2_00022,122,0.8899999999999999,random,3,278.465
7141,9cce2_00022,123,0.87,random,3,278.465
7142,9cce2_00022,124,0.89,random,3,278.465
7143,9cce2_00022,125,0.88,random,3,278.465
7144,9cce2_00022,126,0.8899999999999999,random,3,278.465
7145,9cce2_00022,127,0.89,random,3,278.465
7146,9cce2_00022,128,0.89,random,3,278.465
7147,9cce2_00022,129,0.89,random,3,278.465
7148,9cce2_00022,130,0.87,random,3,278.465
7149,9cce2_00022,131,0.88,random,3,278.465
7150,9cce2_00022,132,0.86,random,3,278.465
7151,9cce2_00022,133,0.88,random,3,278.465
7152,9cce2_00022,134,0.88,random,3,278.465
7153,9cce2_00022,135,0.87,random,3,278.465
7154,9cce2_00022,136,0.8899999999999999,random,3,278.465
7155,9cce2_00022,137,0.8899999999999999,random,3,278.465
7156,9cce2_00022,138,0.8999999999999999,random,3,278.465
7157,9cce2_00022,139,0.9,random,3,278.465
7158,9cce2_00022,140,0.81,random,3,278.465
7159,9cce2_00022,141,0.8999999999999999,random,3,278.465
7160,9cce2_00022,142,0.85,random,3,278.465
7161,9cce2_00022,143,0.87,random,3,278.465
7162,9cce2_00022,144,0.88,random,3,278.465
7163,9cce2_00022,145,0.89,random,3,278.465
7164,9cce2_00022,146,0.89,random,3,278.465
7165,9cce2_00022,147,0.88,random,3,278.465
7166,9cce2_00022,148,0.87,random,3,278.465
7167,9cce2_00022,149,0.89,random,3,278.465
7168,9cce2_00022,150,0.8899999999999999,random,3,278.465
7169,9cce2_00022,151,0.88,random,3,278.465
7170,9cce2_00022,152,0.87,random,3,278.465
7171,9cce2_00022,153,0.89,random,3,278.465
7172,9cce2_00022,154,0.87,random,3,278.465
7173,9cce2_00022,155,0.8799999999999999,random,3,278.465
7174,9cce2_00022,156,0.88,random,3,278.465
7175,9cce2_00022,157,0.89,random,3,278.465
7176,9cce2_00022,158,0.88,random,3,278.465
7177,9cce2_00022,159,0.87,random,3,278.465
7178,9cce2_00022,160,0.87,random,3,278.465
7179,9cce2_00022,161,0.8400000000000001,random,3,278.465
7180,9cce2_00022,162,0.89,random,3,278.465
7181,9cce2_00022,163,0.88,random,3,278.465
7182,9cce2_00022,164,0.89,random,3,278.465
7183,9cce2_00022,165,0.8999999999999999,random,3,278.465
7184,9cce2_00022,166,0.89,random,3,278.465
7185,9cce2_00022,167,0.87,random,3,278.465
7186,9cce2_00022,168,0.8999999999999999,random,3,278.465
7187,9cce2_00022,169,0.87,random,3,278.465
7188,9cce2_00022,170,0.87,random,3,278.465
7189,9cce2_00022,171,0.89,random,3,278.465
7190,9cce2_00022,172,0.91,random,3,278.465
7191,9cce2_00022,173,0.88,random,3,278.465
7192,9cce2_00022,174,0.89,random,3,278.465
7193,9cce2_00022,175,0.89,random,3,278.465
7194,9cce2_00022,176,0.78,random,3,278.465
7195,9cce2_00022,177,0.8899999999999999,random,3,278.465
7196,9cce2_00022,178,0.88,random,3,278.465
7197,9cce2_00022,179,0.86,random,3,278.465
7198,9cce2_00022,180,0.8200000000000001,random,3,278.465
7199,9cce2_00022,181,0.89,random,3,278.465
7200,9cce2_00022,182,0.8999999999999999,random,3,278.465
7201,9cce2_00022,183,0.89,random,3,278.465
7202,9cce2_00022,184,0.89,random,3,278.465
7203,9cce2_00022,185,0.87,random,3,278.465
7204,9cce2_00022,186,0.8999999999999999,random,3,278.465
7205,9cce2_00022,187,0.9,random,3,278.465
7206,9cce2_00022,188,0.86,random,3,278.465
7207,9cce2_00022,189,0.85,random,3,278.465
7208,9cce2_00022,190,0.88,random,3,278.465
7209,9cce2_00022,191,0.88,random,3,278.465
7210,9cce2_00022,192,0.89,random,3,278.465
7211,9cce2_00022,193,0.89,random,3,278.465
7212,9cce2_00022,194,0.88,random,3,278.465
7213,9cce2_00022,195,0.89,random,3,278.465
7214,9cce2_00022,196,0.88,random,3,278.465
7215,9cce2_00022,197,0.86,random,3,278.465
7216,9cce2_00022,198,0.89,random,3,278.465
7217,9cce2_00022,199,0.89,random,3,278.465
7218,9cce2_00022,200,0.88,random,3,278.465
7219,9cce2_00022,201,0.87,random,3,278.465
7220,9cce2_00022,202,0.88,random,3,278.465
7221,9cce2_00022,203,0.87,random,3,278.465
7222,9cce2_00022,204,0.8999999999999999,random,3,278.465
7223,9cce2_00022,205,0.8899999999999999,random,3,278.465
7224,9cce2_00022,206,0.89,random,3,278.465
7225,9cce2_00022,207,0.89,random,3,278.465
7226,9cce2_00022,208,0.89,random,3,278.465
7227,9cce2_00022,209,0.9,random,3,278.465
7228,9cce2_00022,210,0.88,random,3,278.465
7229,9cce2_00022,211,0.88,random,3,278.465
7230,9cce2_00022,212,0.8899999999999999,random,3,278.465
7231,9cce2_00022,213,0.89,random,3,278.465
7232,9cce2_00022,214,0.89,random,3,278.465
7233,9cce2_00022,215,0.8899999999999999,random,3,278.465
7234,9cce2_00022,216,0.88,random,3,278.465
7235,9cce2_00022,217,0.87,random,3,278.465
7236,9cce2_00022,218,0.8999999999999999,random,3,278.465
7237,9cce2_00022,219,0.88,random,3,278.465
7238,9cce2_00022,220,0.88,random,3,278.465
7239,9cce2_00022,221,0.8999999999999999,random,3,278.465
7240,9cce2_00022,222,0.8600000000000001,random,3,278.465
7241,9cce2_00022,223,0.88,random,3,278.465
7242,9cce2_00022,224,0.88,random,3,278.465
7243,9cce2_00022,225,0.8600000000000001,random,3,278.465
7244,9cce2_00022,226,0.77,random,3,278.465
7245,9cce2_00022,227,0.89,random,3,278.465
7246,9cce2_00022,228,0.89,random,3,278.465
7247,9cce2_00022,229,0.89,random,3,278.465
7248,9cce2_00022,230,0.89,random,3,278.465
7249,9cce2_00022,231,0.91,random,3,278.465
7250,9cce2_00022,232,0.88,random,3,278.465
7251,9cce2_00022,233,0.88,random,3,278.465
7252,9cce2_00022,234,0.88,random,3,278.465
7253,9cce2_00022,235,0.88,random,3,278.465
7254,9cce2_00022,236,0.89,random,3,278.465
7255,9cce2_00022,237,0.89,random,3,278.465
7256,9cce2_00022,238,0.88,random,3,278.465
7257,9cce2_00022,239,0.87,random,3,278.465
7258,9cce2_00022,240,0.89,random,3,278.465
7259,9cce2_00022,241,0.9,random,3,278.465
7260,9cce2_00022,242,0.89,random,3,278.465
7261,9cce2_00022,243,0.8999999999999999,random,3,278.465
7262,9cce2_00022,244,0.88,random,3,278.465
7263,9cce2_00022,245,0.85,random,3,278.465
7264,9cce2_00022,246,0.89,random,3,278.465
7265,9cce2_00022,247,0.89,random,3,278.465
7266,9cce2_00022,248,0.8799999999999999,random,3,278.465
7267,9cce2_00022,249,0.8999999999999999,random,3,278.465
7268,9cce2_00022,250,0.86,random,3,278.465
7269,9cce2_00022,251,0.9,random,3,278.465
7270,9cce2_00022,252,0.89,random,3,278.465
7271,9cce2_00022,253,0.88,random,3,278.465
7272,9cce2_00022,254,0.88,random,3,278.465
7273,9cce2_00022,255,0.8999999999999999,random,3,278.465
7274,9cce2_00022,256,0.9,random,3,278.465
7275,9cce2_00022,257,0.8999999999999999,random,3,278.465
7276,9cce2_00022,258,0.88,random,3,278.465
7277,9cce2_00022,259,0.89,random,3,278.465
7278,9cce2_00022,260,0.89,random,3,278.465
7279,9cce2_00022,261,0.88,random,3,278.465
7280,9cce2_00022,262,0.88,random,3,278.465
7281,9cce2_00022,263,0.88,random,3,278.465
7282,9cce2_00022,264,0.89,random,3,278.465
7283,9cce2_00022,265,0.89,random,3,278.465
7284,9cce2_00022,266,0.87,random,3,278.465
7285,9cce2_00022,267,0.91,random,3,278.465
7286,9cce2_00022,268,0.89,random,3,278.465
7287,9cce2_00022,269,0.8899999999999999,random,3,278.465
7288,9cce2_00022,270,0.8999999999999999,random,3,278.465
7289,9cce2_00022,271,0.87,random,3,278.465
7290,9cce2_00022,272,0.8999999999999999,random,3,278.465
7291,9cce2_00022,273,0.89,random,3,278.465
7292,9cce2_00022,274,0.91,random,3,278.465
7293,9cce2_00022,275,0.87,random,3,278.465
7294,9cce2_00022,276,0.8999999999999999,random,3,278.465
7295,9cce2_00022,277,0.89,random,3,278.465
7296,9cce2_00022,278,0.9,random,3,278.465
7297,9cce2_00022,279,0.8899999999999999,random,3,278.465
7298,9cce2_00022,280,0.88,random,3,278.465
7299,9cce2_00022,281,0.89,random,3,278.465
7300,9cce2_00022,282,0.88,random,3,278.465
7301,9cce2_00022,283,0.89,random,3,278.465
7302,9cce2_00022,284,0.8999999999999999,random,3,278.465
7303,9cce2_00022,285,0.8999999999999999,random,3,278.465
7304,9cce2_00022,286,0.87,random,3,278.465
7305,9cce2_00022,287,0.89,random,3,278.465
7306,9cce2_00022,288,0.9299999999999999,random,3,278.465
7307,9cce2_00022,289,0.89,random,3,278.465
7308,9cce2_00022,290,0.91,random,3,278.465
7309,9cce2_00022,291,0.87,random,3,278.465
7310,9cce2_00022,292,0.9199999999999999,random,3,278.465
7311,9cce2_00022,293,0.89,random,3,278.465
7312,9cce2_00022,294,0.88,random,3,278.465
7313,9cce2_00022,295,0.88,random,3,278.465
7314,9cce2_00022,296,0.88,random,3,278.465
7315,9cce2_00022,297,0.8999999999999999,random,3,278.465
7316,9cce2_00022,298,0.89,random,3,278.465
7317,9cce2_00022,299,0.8899999999999999,random,3,278.465
7318,9cce2_00022,300,0.8999999999999999,random,3,278.465
7319,9cce2_00022,301,0.9,random,3,278.465
7320,9cce2_00022,302,0.89,random,3,278.465
7321,9cce2_00022,303,0.89,random,3,278.465
7322,9cce2_00022,304,0.88,random,3,278.465
7323,9cce2_00022,305,0.9,random,3,278.465
7324,9cce2_00022,306,0.88,random,3,278.465
7325,9cce2_00022,307,0.8899999999999999,random,3,278.465
7326,9cce2_00022,308,0.88,random,3,278.465
7327,9cce2_00022,309,0.89,random,3,278.465
7328,9cce2_00022,310,0.8899999999999999,random,3,278.465
7329,9cce2_00022,311,0.87,random,3,278.465
7330,9cce2_00022,312,0.89,random,3,278.465
7331,9cce2_00022,313,0.88,random,3,278.465
7332,9cce2_00022,314,0.9199999999999999,random,3,278.465
7333,9cce2_00022,315,0.8899999999999999,random,3,278.465
7334,9cce2_00022,316,0.89,random,3,278.465
7335,9cce2_00022,317,0.8999999999999999,random,3,278.465
7336,9cce2_00022,318,0.88,random,3,278.465
7337,9cce2_00023,0,0.5,random,4,280.59
7338,9cce2_00023,1,0.5,random,4,280.59
7339,9cce2_00023,2,0.9099999999999999,random,4,280.59
7340,9cce2_00023,3,0.56,random,4,280.59
7341,9cce2_00023,4,0.86,random,4,280.59
7342,9cce2_00023,5,0.78,random,4,280.59
7343,9cce2_00023,6,0.91,random,4,280.59
7344,9cce2_00023,7,0.8999999999999999,random,4,280.59
7345,9cce2_00023,8,0.77,random,4,280.59
7346,9cce2_00023,9,0.91,random,4,280.59
7347,9cce2_00023,10,0.86,random,4,280.59
7348,9cce2_00023,11,0.85,random,4,280.59
7349,9cce2_00023,12,0.75,random,4,280.59
7350,9cce2_00023,13,0.89,random,4,280.59
7351,9cce2_00023,14,0.8200000000000001,random,4,280.59
7352,9cce2_00023,15,0.88,random,4,280.59
7353,9cce2_00023,16,0.89,random,4,280.59
7354,9cce2_00023,17,0.87,random,4,280.59
7355,9cce2_00023,18,0.87,random,4,280.59
7356,9cce2_00023,19,0.88,random,4,280.59
7357,9cce2_00023,20,0.8300000000000001,random,4,280.59
7358,9cce2_00023,21,0.81,random,4,280.59
7359,9cce2_00023,22,0.8500000000000001,random,4,280.59
7360,9cce2_00023,23,0.75,random,4,280.59
7361,9cce2_00023,24,0.8400000000000001,random,4,280.59
7362,9cce2_00023,25,0.8500000000000001,random,4,280.59
7363,9cce2_00023,26,0.76,random,4,280.59
7364,9cce2_00023,27,0.9,random,4,280.59
7365,9cce2_00023,28,0.9,random,4,280.59
7366,9cce2_00023,29,0.89,random,4,280.59
7367,9cce2_00023,30,0.88,random,4,280.59
7368,9cce2_00023,31,0.87,random,4,280.59
7369,9cce2_00023,32,0.78,random,4,280.59
7370,9cce2_00023,33,0.86,random,4,280.59
7371,9cce2_00023,34,0.82,random,4,280.59
7372,9cce2_00023,35,0.88,random,4,280.59
7373,9cce2_00023,36,0.9,random,4,280.59
7374,9cce2_00023,37,0.9299999999999999,random,4,280.59
7375,9cce2_00023,38,0.8999999999999999,random,4,280.59
7376,9cce2_00023,39,0.91,random,4,280.59
7377,9cce2_00023,40,0.8300000000000001,random,4,280.59
7378,9cce2_00023,41,0.8400000000000001,random,4,280.59
7379,9cce2_00023,42,0.9099999999999999,random,4,280.59
7380,9cce2_00023,43,0.9199999999999999,random,4,280.59
7381,9cce2_00023,44,0.88,random,4,280.59
7382,9cce2_00023,45,0.9199999999999999,random,4,280.59
7383,9cce2_00023,46,0.8999999999999999,random,4,280.59
7384,9cce2_00023,47,0.84,random,4,280.59
7385,9cce2_00023,48,0.8899999999999999,random,4,280.59
7386,9cce2_00023,49,0.89,random,4,280.59
7387,9cce2_00023,50,0.9199999999999999,random,4,280.59
7388,9cce2_00023,51,0.88,random,4,280.59
7389,9cce2_00023,52,0.8999999999999999,random,4,280.59
7390,9cce2_00023,53,0.9099999999999999,random,4,280.59
7391,9cce2_00023,54,0.8999999999999999,random,4,280.59
7392,9cce2_00023,55,0.9199999999999999,random,4,280.59
7393,9cce2_00023,56,0.88,random,4,280.59
7394,9cce2_00023,57,0.8899999999999999,random,4,280.59
7395,9cce2_00023,58,0.87,random,4,280.59
7396,9cce2_00023,59,0.8799999999999999,random,4,280.59
7397,9cce2_00023,60,0.86,random,4,280.59
7398,9cce2_00023,61,0.87,random,4,280.59
7399,9cce2_00023,62,0.85,random,4,280.59
7400,9cce2_00023,63,0.94,random,4,280.59
7401,9cce2_00023,64,0.9099999999999999,random,4,280.59
7402,9cce2_00023,65,0.9299999999999999,random,4,280.59
7403,9cce2_00023,66,0.87,random,4,280.59
7404,9cce2_00023,67,0.9099999999999999,random,4,280.59
7405,9cce2_00023,68,0.87,random,4,280.59
7406,9cce2_00023,69,0.87,random,4,280.59
7407,9cce2_00023,70,0.8200000000000001,random,4,280.59
7408,9cce2_00023,71,0.89,random,4,280.59
7409,9cce2_00023,72,0.9099999999999999,random,4,280.59
7410,9cce2_00023,73,0.89,random,4,280.59
7411,9cce2_00023,74,0.8899999999999999,random,4,280.59
7412,9cce2_00023,75,0.9099999999999999,random,4,280.59
7413,9cce2_00023,76,0.9099999999999999,random,4,280.59
7414,9cce2_00023,77,0.9299999999999999,random,4,280.59
7415,9cce2_00023,78,0.8999999999999999,random,4,280.59
7416,9cce2_00023,79,0.9199999999999999,random,4,280.59
7417,9cce2_00023,80,0.9099999999999999,random,4,280.59
7418,9cce2_00023,81,0.9099999999999999,random,4,280.59
7419,9cce2_00023,82,0.9099999999999999,random,4,280.59
7420,9cce2_00023,83,0.87,random,4,280.59
7421,9cce2_00023,84,0.87,random,4,280.59
7422,9cce2_00023,85,0.94,random,4,280.59
7423,9cce2_00023,86,0.9199999999999999,random,4,280.59
7424,9cce2_00023,87,0.87,random,4,280.59
7425,9cce2_00023,88,0.8899999999999999,random,4,280.59
7426,9cce2_00023,89,0.87,random,4,280.59
7427,9cce2_00023,90,0.89,random,4,280.59
7428,9cce2_00023,91,0.85,random,4,280.59
7429,9cce2_00023,92,0.9299999999999999,random,4,280.59
7430,9cce2_00023,93,0.85,random,4,280.59
7431,9cce2_00023,94,0.87,random,4,280.59
7432,9cce2_00023,95,0.86,random,4,280.59
7433,9cce2_00023,96,0.87,random,4,280.59
7434,9cce2_00023,97,0.8999999999999999,random,4,280.59
7435,9cce2_00023,98,0.89,random,4,280.59
7436,9cce2_00023,99,0.95,random,4,280.59
7437,9cce2_00023,100,0.9099999999999999,random,4,280.59
7438,9cce2_00023,101,0.87,random,4,280.59
7439,9cce2_00023,102,0.88,random,4,280.59
7440,9cce2_00023,103,0.91,random,4,280.59
7441,9cce2_00023,104,0.85,random,4,280.59
7442,9cce2_00023,105,0.8899999999999999,random,4,280.59
7443,9cce2_00023,106,0.8899999999999999,random,4,280.59
7444,9cce2_00023,107,0.9099999999999999,random,4,280.59
7445,9cce2_00023,108,0.8799999999999999,random,4,280.59
7446,9cce2_00023,109,0.87,random,4,280.59
7447,9cce2_00023,110,0.77,random,4,280.59
7448,9cce2_00023,111,0.76,random,4,280.59
7449,9cce2_00023,112,0.84,random,4,280.59
7450,9cce2_00023,113,0.88,random,4,280.59
7451,9cce2_00023,114,0.86,random,4,280.59
7452,9cce2_00023,115,0.87,random,4,280.59
7453,9cce2_00023,116,0.86,random,4,280.59
7454,9cce2_00023,117,0.8999999999999999,random,4,280.59
7455,9cce2_00023,118,0.87,random,4,280.59
7456,9cce2_00023,119,0.89,random,4,280.59
7457,9cce2_00023,120,0.8999999999999999,random,4,280.59
7458,9cce2_00023,121,0.86,random,4,280.59
7459,9cce2_00023,122,0.94,random,4,280.59
7460,9cce2_00023,123,0.78,random,4,280.59
7461,9cce2_00023,124,0.86,random,4,280.59
7462,9cce2_00023,125,0.88,random,4,280.59
7463,9cce2_00023,126,0.8999999999999999,random,4,280.59
7464,9cce2_00023,127,0.8799999999999999,random,4,280.59
7465,9cce2_00023,128,0.87,random,4,280.59
7466,9cce2_00023,129,0.8200000000000001,random,4,280.59
7467,9cce2_00023,130,0.88,random,4,280.59
7468,9cce2_00023,131,0.8500000000000001,random,4,280.59
7469,9cce2_00023,132,0.83,random,4,280.59
7470,9cce2_00023,133,0.9299999999999999,random,4,280.59
7471,9cce2_00023,134,0.75,random,4,280.59
7472,9cce2_00023,135,0.8999999999999999,random,4,280.59
7473,9cce2_00023,136,0.9199999999999999,random,4,280.59
7474,9cce2_00023,137,0.84,random,4,280.59
7475,9cce2_00023,138,0.88,random,4,280.59
7476,9cce2_00023,139,0.85,random,4,280.59
7477,9cce2_00023,140,0.8899999999999999,random,4,280.59
7478,9cce2_00023,141,0.9299999999999999,random,4,280.59
7479,9cce2_00023,142,0.85,random,4,280.59
7480,9cce2_00023,143,0.85,random,4,280.59
7481,9cce2_00023,144,0.8,random,4,280.59
7482,9cce2_00023,145,0.8,random,4,280.59
7483,9cce2_00023,146,0.8999999999999999,random,4,280.59
7484,9cce2_00023,147,0.9099999999999999,random,4,280.59
7485,9cce2_00023,148,0.83,random,4,280.59
7486,9cce2_00023,149,0.8899999999999999,random,4,280.59
7487,9cce2_00023,150,0.88,random,4,280.59
7488,9cce2_00023,151,0.87,random,4,280.59
7489,9cce2_00023,152,0.9199999999999999,random,4,280.59
7490,9cce2_00023,153,0.96,random,4,280.59
7491,9cce2_00023,154,0.88,random,4,280.59
7492,9cce2_00023,155,0.94,random,4,280.59
7493,9cce2_00023,156,0.79,random,4,280.59
7494,9cce2_00023,157,0.8899999999999999,random,4,280.59
7495,9cce2_00023,158,0.8999999999999999,random,4,280.59
7496,9cce2_00023,159,0.8999999999999999,random,4,280.59
7497,9cce2_00023,160,0.9099999999999999,random,4,280.59
7498,9cce2_00023,161,0.84,random,4,280.59
7499,9cce2_00023,162,0.8799999999999999,random,4,280.59
7500,9cce2_00023,163,0.9099999999999999,random,4,280.59
7501,9cce2_00023,164,0.9299999999999999,random,4,280.59
7502,9cce2_00023,165,0.87,random,4,280.59
7503,9cce2_00023,166,0.8899999999999999,random,4,280.59
7504,9cce2_00023,167,0.94,random,4,280.59
7505,9cce2_00023,168,0.9199999999999999,random,4,280.59
7506,9cce2_00023,169,0.78,random,4,280.59
7507,9cce2_00023,170,0.9099999999999999,random,4,280.59
7508,9cce2_00023,171,0.87,random,4,280.59
7509,9cce2_00023,172,0.91,random,4,280.59
7510,9cce2_00023,173,0.8899999999999999,random,4,280.59
7511,9cce2_00023,174,0.9199999999999999,random,4,280.59
7512,9cce2_00023,175,0.8500000000000001,random,4,280.59
7513,9cce2_00023,176,0.9299999999999999,random,4,280.59
7514,9cce2_00023,177,0.8999999999999999,random,4,280.59
7515,9cce2_00023,178,0.8899999999999999,random,4,280.59
7516,9cce2_00023,179,0.89,random,4,280.59
7517,9cce2_00023,180,0.8799999999999999,random,4,280.59
7518,9cce2_00023,181,0.86,random,4,280.59
7519,9cce2_00023,182,0.9199999999999999,random,4,280.59
7520,9cce2_00023,183,0.88,random,4,280.59
7521,9cce2_00023,184,0.88,random,4,280.59
7522,9cce2_00023,185,0.9,random,4,280.59
7523,9cce2_00023,186,0.89,random,4,280.59
7524,9cce2_00023,187,0.9299999999999999,random,4,280.59
7525,9cce2_00023,188,0.89,random,4,280.59
7526,9cce2_00023,189,0.9099999999999999,random,4,280.59
7527,9cce2_00023,190,0.86,random,4,280.59
7528,9cce2_00023,191,0.9,random,4,280.59
7529,9cce2_00023,192,0.92,random,4,280.59
7530,9cce2_00023,193,0.92,random,4,280.59
7531,9cce2_00023,194,0.95,random,4,280.59
7532,9cce2_00023,195,0.94,random,4,280.59
7533,9cce2_00023,196,0.9199999999999999,random,4,280.59
7534,9cce2_00023,197,0.8999999999999999,random,4,280.59
7535,9cce2_00023,198,0.8799999999999999,random,4,280.59
7536,9cce2_00023,199,0.8999999999999999,random,4,280.59
7537,9cce2_00023,200,0.9199999999999999,random,4,280.59
7538,9cce2_00023,201,0.94,random,4,280.59
7539,9cce2_00023,202,0.91,random,4,280.59
7540,9cce2_00023,203,0.9299999999999999,random,4,280.59
7541,9cce2_00023,204,0.9199999999999999,random,4,280.59
7542,9cce2_00023,205,0.91,random,4,280.59
7543,9cce2_00023,206,0.87,random,4,280.59
7544,9cce2_00023,207,0.89,random,4,280.59
7545,9cce2_00023,208,0.8999999999999999,random,4,280.59
7546,9cce2_00023,209,0.86,random,4,280.59
7547,9cce2_00023,210,0.9199999999999999,random,4,280.59
7548,9cce2_00023,211,0.9099999999999999,random,4,280.59
7549,9cce2_00023,212,0.9,random,4,280.59
7550,9cce2_00023,213,0.86,random,4,280.59
7551,9cce2_00023,214,0.9099999999999999,random,4,280.59
7552,9cce2_00023,215,0.8799999999999999,random,4,280.59
7553,9cce2_00023,216,0.88,random,4,280.59
7554,9cce2_00023,217,0.9099999999999999,random,4,280.59
7555,9cce2_00023,218,0.9099999999999999,random,4,280.59
7556,9cce2_00023,219,0.9299999999999999,random,4,280.59
7557,9cce2_00023,220,0.88,random,4,280.59
7558,9cce2_00023,221,0.94,random,4,280.59
7559,9cce2_00023,222,0.9199999999999999,random,4,280.59
7560,9cce2_00023,223,0.9299999999999999,random,4,280.59
7561,9cce2_00023,224,0.9299999999999999,random,4,280.59
7562,9cce2_00023,225,0.8899999999999999,random,4,280.59
7563,9cce2_00023,226,0.92,random,4,280.59
7564,9cce2_00023,227,0.94,random,4,280.59
7565,9cce2_00023,228,0.8999999999999999,random,4,280.59
7566,9cce2_00023,229,0.91,random,4,280.59
7567,9cce2_00023,230,0.8899999999999999,random,4,280.59
7568,9cce2_00023,231,0.86,random,4,280.59
7569,9cce2_00023,232,0.92,random,4,280.59
7570,9cce2_00023,233,0.8899999999999999,random,4,280.59
7571,9cce2_00023,234,0.86,random,4,280.59
7572,9cce2_00023,235,0.9199999999999999,random,4,280.59
7573,9cce2_00023,236,0.87,random,4,280.59
7574,9cce2_00023,237,0.87,random,4,280.59
7575,9cce2_00023,238,0.8999999999999999,random,4,280.59
7576,9cce2_00023,239,0.89,random,4,280.59
7577,9cce2_00023,240,0.9099999999999999,random,4,280.59
7578,9cce2_00023,241,0.9,random,4,280.59
7579,9cce2_00023,242,0.9199999999999999,random,4,280.59
7580,9cce2_00023,243,0.8999999999999999,random,4,280.59
7581,9cce2_00023,244,0.85,random,4,280.59
7582,9cce2_00023,245,0.94,random,4,280.59
7583,9cce2_00023,246,0.85,random,4,280.59
7584,9cce2_00023,247,0.86,random,4,280.59
7585,9cce2_00023,248,0.85,random,4,280.59
7586,9cce2_00023,249,0.87,random,4,280.59
7587,9cce2_00023,250,0.8999999999999999,random,4,280.59
7588,9cce2_00023,251,0.9099999999999999,random,4,280.59
7589,9cce2_00023,252,0.9099999999999999,random,4,280.59
7590,9cce2_00023,253,0.88,random,4,280.59
7591,9cce2_00023,254,0.8899999999999999,random,4,280.59
7592,9cce2_00023,255,0.94,random,4,280.59
7593,9cce2_00023,256,0.85,random,4,280.59
7594,9cce2_00023,257,0.87,random,4,280.59
7595,9cce2_00023,258,0.87,random,4,280.59
7596,9cce2_00023,259,0.8799999999999999,random,4,280.59
7597,9cce2_00023,260,0.95,random,4,280.59
7598,9cce2_00023,261,0.87,random,4,280.59
7599,9cce2_00023,262,0.86,random,4,280.59
7600,9cce2_00023,263,0.84,random,4,280.59
7601,9cce2_00023,264,0.86,random,4,280.59
7602,9cce2_00023,265,0.94,random,4,280.59
7603,9cce2_00023,266,0.9299999999999999,random,4,280.59
7604,9cce2_00023,267,0.94,random,4,280.59
7605,9cce2_00023,268,0.9099999999999999,random,4,280.59
7606,9cce2_00023,269,0.88,random,4,280.59
7607,9cce2_00023,270,0.9199999999999999,random,4,280.59
7608,9cce2_00023,271,0.8300000000000001,random,4,280.59
7609,9cce2_00023,272,0.8899999999999999,random,4,280.59
7610,9cce2_00023,273,0.87,random,4,280.59
7611,9cce2_00023,274,0.8899999999999999,random,4,280.59
7612,9cce2_00023,275,0.8999999999999999,random,4,280.59
7613,9cce2_00023,276,0.87,random,4,280.59
7614,9cce2_00023,277,0.9299999999999999,random,4,280.59
7615,9cce2_00023,278,0.9199999999999999,random,4,280.59
7616,9cce2_00023,279,0.86,random,4,280.59
7617,9cce2_00023,280,0.94,random,4,280.59
7618,9cce2_00023,281,0.91,random,4,280.59
7619,9cce2_00023,282,0.88,random,4,280.59
7620,9cce2_00023,283,0.9099999999999999,random,4,280.59
7621,9cce2_00023,284,0.87,random,4,280.59
7622,9cce2_00023,285,0.8999999999999999,random,4,280.59
7623,9cce2_00023,286,0.87,random,4,280.59
7624,9cce2_00023,287,0.9,random,4,280.59
7625,9cce2_00023,288,0.9199999999999999,random,4,280.59
7626,9cce2_00023,289,0.91,random,4,280.59
7627,9cce2_00023,290,0.87,random,4,280.59
7628,9cce2_00023,291,0.8999999999999999,random,4,280.59
7629,9cce2_00023,292,0.86,random,4,280.59
7630,9cce2_00023,293,0.88,random,4,280.59
7631,9cce2_00023,294,0.9199999999999999,random,4,280.59
7632,9cce2_00023,295,0.85,random,4,280.59
7633,9cce2_00023,296,0.88,random,4,280.59
7634,9cce2_00023,297,0.87,random,4,280.59
7635,9cce2_00023,298,0.86,random,4,280.59
7636,9cce2_00023,299,0.87,random,4,280.59
7637,9cce2_00023,300,0.87,random,4,280.59
7638,9cce2_00023,301,0.9099999999999999,random,4,280.59
7639,9cce2_00023,302,0.9099999999999999,random,4,280.59
7640,9cce2_00023,303,0.9299999999999999,random,4,280.59
7641,9cce2_00023,304,0.92,random,4,280.59
7642,9cce2_00023,305,0.9199999999999999,random,4,280.59
7643,9cce2_00023,306,0.8500000000000001,random,4,280.59
7644,9cce2_00023,307,0.91,random,4,280.59
7645,9cce2_00023,308,0.95,random,4,280.59
7646,9cce2_00023,309,0.9199999999999999,random,4,280.59
7647,9cce2_00023,310,0.89,random,4,280.59
7648,9cce2_00023,311,0.84,random,4,280.59
7649,9cce2_00023,312,0.87,random,4,280.59
7650,9cce2_00023,313,0.8500000000000001,random,4,280.59
7651,9cce2_00023,314,0.88,random,4,280.59
7652,9cce2_00023,315,0.8899999999999999,random,4,280.59
7653,9cce2_00023,316,0.89,random,4,280.59
7654,9cce2_00023,317,0.8899999999999999,random,4,280.59
7655,9cce2_00023,318,0.8999999999999999,random,4,280.59
7656,9cce2_00024,0,0.75,random,5,288.905
7657,9cce2_00024,1,0.87,random,5,288.905
7658,9cce2_00024,2,0.89,random,5,288.905
7659,9cce2_00024,3,0.75,random,5,288.905
7660,9cce2_00024,4,0.75,random,5,288.905
7661,9cce2_00024,5,0.5,random,5,288.905
7662,9cce2_00024,6,0.5,random,5,288.905
7663,9cce2_00024,7,0.85,random,5,288.905
7664,9cce2_00024,8,0.5,random,5,288.905
7665,9cce2_00024,9,0.83,random,5,288.905
7666,9cce2_00024,10,0.51,random,5,288.905
7667,9cce2_00024,11,0.83,random,5,288.905
7668,9cce2_00024,12,0.76,random,5,288.905
7669,9cce2_00024,13,0.8,random,5,288.905
7670,9cce2_00024,14,0.74,random,5,288.905
7671,9cce2_00024,15,0.84,random,5,288.905
7672,9cce2_00024,16,0.77,random,5,288.905
7673,9cce2_00024,17,0.94,random,5,288.905
7674,9cce2_00024,18,0.95,random,5,288.905
7675,9cce2_00024,19,0.85,random,5,288.905
7676,9cce2_00024,20,0.8999999999999999,random,5,288.905
7677,9cce2_00024,21,0.9099999999999999,random,5,288.905
7678,9cce2_00024,22,0.9199999999999999,random,5,288.905
7679,9cce2_00024,23,0.9299999999999999,random,5,288.905
7680,9cce2_00024,24,0.89,random,5,288.905
7681,9cce2_00024,25,0.77,random,5,288.905
7682,9cce2_00024,26,0.9099999999999999,random,5,288.905
7683,9cce2_00024,27,0.9199999999999999,random,5,288.905
7684,9cce2_00024,28,0.87,random,5,288.905
7685,9cce2_00024,29,0.9299999999999999,random,5,288.905
7686,9cce2_00024,30,0.8999999999999999,random,5,288.905
7687,9cce2_00024,31,0.9099999999999999,random,5,288.905
7688,9cce2_00024,32,0.8999999999999999,random,5,288.905
7689,9cce2_00024,33,0.9299999999999999,random,5,288.905
7690,9cce2_00024,34,0.9,random,5,288.905
7691,9cce2_00024,35,0.91,random,5,288.905
7692,9cce2_00024,36,0.9299999999999999,random,5,288.905
7693,9cce2_00024,37,0.9299999999999999,random,5,288.905
7694,9cce2_00024,38,0.87,random,5,288.905
7695,9cce2_00024,39,0.9099999999999999,random,5,288.905
7696,9cce2_00024,40,0.9199999999999999,random,5,288.905
7697,9cce2_00024,41,0.89,random,5,288.905
7698,9cce2_00024,42,0.9299999999999999,random,5,288.905
7699,9cce2_00024,43,0.9099999999999999,random,5,288.905
7700,9cce2_00024,44,0.9199999999999999,random,5,288.905
7701,9cce2_00024,45,0.9099999999999999,random,5,288.905
7702,9cce2_00024,46,0.9099999999999999,random,5,288.905
7703,9cce2_00024,47,0.9299999999999999,random,5,288.905
7704,9cce2_00024,48,0.8999999999999999,random,5,288.905
7705,9cce2_00024,49,0.8999999999999999,random,5,288.905
7706,9cce2_00024,50,0.9199999999999999,random,5,288.905
7707,9cce2_00024,51,0.9099999999999999,random,5,288.905
7708,9cce2_00024,52,0.9099999999999999,random,5,288.905
7709,9cce2_00024,53,0.86,random,5,288.905
7710,9cce2_00024,54,0.9299999999999999,random,5,288.905
7711,9cce2_00024,55,0.95,random,5,288.905
7712,9cce2_00024,56,0.94,random,5,288.905
7713,9cce2_00024,57,0.9299999999999999,random,5,288.905
7714,9cce2_00024,58,0.9199999999999999,random,5,288.905
7715,9cce2_00024,59,0.88,random,5,288.905
7716,9cce2_00024,60,0.87,random,5,288.905
7717,9cce2_00024,61,0.94,random,5,288.905
7718,9cce2_00024,62,0.9199999999999999,random,5,288.905
7719,9cce2_00024,63,0.87,random,5,288.905
7720,9cce2_00024,64,0.9199999999999999,random,5,288.905
7721,9cce2_00024,65,0.94,random,5,288.905
7722,9cce2_00024,66,0.9199999999999999,random,5,288.905
7723,9cce2_00024,67,0.9299999999999999,random,5,288.905
7724,9cce2_00024,68,0.86,random,5,288.905
7725,9cce2_00024,69,0.9099999999999999,random,5,288.905
7726,9cce2_00024,70,0.92,random,5,288.905
7727,9cce2_00024,71,0.9199999999999999,random,5,288.905
7728,9cce2_00024,72,0.89,random,5,288.905
7729,9cce2_00024,73,0.88,random,5,288.905
7730,9cce2_00024,74,0.9,random,5,288.905
7731,9cce2_00024,75,0.88,random,5,288.905
7732,9cce2_00024,76,0.95,random,5,288.905
7733,9cce2_00024,77,0.96,random,5,288.905
7734,9cce2_00024,78,0.9299999999999999,random,5,288.905
7735,9cce2_00024,79,0.87,random,5,288.905
7736,9cce2_00024,80,0.9299999999999999,random,5,288.905
7737,9cce2_00024,81,0.9299999999999999,random,5,288.905
7738,9cce2_00024,82,0.87,random,5,288.905
7739,9cce2_00024,83,0.86,random,5,288.905
7740,9cce2_00024,84,0.91,random,5,288.905
7741,9cce2_00024,85,0.91,random,5,288.905
7742,9cce2_00024,86,0.8500000000000001,random,5,288.905
7743,9cce2_00024,87,0.9099999999999999,random,5,288.905
7744,9cce2_00024,88,0.9099999999999999,random,5,288.905
7745,9cce2_00024,89,0.94,random,5,288.905
7746,9cce2_00024,90,0.9299999999999999,random,5,288.905
7747,9cce2_00024,91,0.8999999999999999,random,5,288.905
7748,9cce2_00024,92,0.8899999999999999,random,5,288.905
7749,9cce2_00024,93,0.94,random,5,288.905
7750,9cce2_00024,94,0.94,random,5,288.905
7751,9cce2_00024,95,0.9299999999999999,random,5,288.905
7752,9cce2_00024,96,0.94,random,5,288.905
7753,9cce2_00024,97,0.95,random,5,288.905
7754,9cce2_00024,98,0.94,random,5,288.905
7755,9cce2_00024,99,0.91,random,5,288.905
7756,9cce2_00024,100,0.9299999999999999,random,5,288.905
7757,9cce2_00024,101,0.95,random,5,288.905
7758,9cce2_00024,102,0.86,random,5,288.905
7759,9cce2_00024,103,0.9099999999999999,random,5,288.905
7760,9cce2_00024,104,0.8999999999999999,random,5,288.905
7761,9cce2_00024,105,0.9199999999999999,random,5,288.905
7762,9cce2_00024,106,0.9299999999999999,random,5,288.905
7763,9cce2_00024,107,0.9299999999999999,random,5,288.905
7764,9cce2_00024,108,0.87,random,5,288.905
7765,9cce2_00024,109,0.9099999999999999,random,5,288.905
7766,9cce2_00024,110,0.9199999999999999,random,5,288.905
7767,9cce2_00024,111,0.9099999999999999,random,5,288.905
7768,9cce2_00024,112,0.94,random,5,288.905
7769,9cce2_00024,113,0.87,random,5,288.905
7770,9cce2_00024,114,0.88,random,5,288.905
7771,9cce2_00024,115,0.9099999999999999,random,5,288.905
7772,9cce2_00024,116,0.8899999999999999,random,5,288.905
7773,9cce2_00024,117,0.8999999999999999,random,5,288.905
7774,9cce2_00024,118,0.9199999999999999,random,5,288.905
7775,9cce2_00024,119,0.9099999999999999,random,5,288.905
7776,9cce2_00024,120,0.88,random,5,288.905
7777,9cce2_00024,121,0.97,random,5,288.905
7778,9cce2_00024,122,0.94,random,5,288.905
7779,9cce2_00024,123,0.88,random,5,288.905
7780,9cce2_00024,124,0.8300000000000001,random,5,288.905
7781,9cce2_00024,125,0.95,random,5,288.905
7782,9cce2_00024,126,0.9299999999999999,random,5,288.905
7783,9cce2_00024,127,0.9099999999999999,random,5,288.905
7784,9cce2_00024,128,0.8999999999999999,random,5,288.905
7785,9cce2_00024,129,0.88,random,5,288.905
7786,9cce2_00024,130,0.9099999999999999,random,5,288.905
7787,9cce2_00024,131,0.87,random,5,288.905
7788,9cce2_00024,132,0.8999999999999999,random,5,288.905
7789,9cce2_00024,133,0.94,random,5,288.905
7790,9cce2_00024,134,0.97,random,5,288.905
7791,9cce2_00024,135,0.92,random,5,288.905
7792,9cce2_00024,136,0.9299999999999999,random,5,288.905
7793,9cce2_00024,137,0.98,random,5,288.905
7794,9cce2_00024,138,0.9199999999999999,random,5,288.905
7795,9cce2_00024,139,0.89,random,5,288.905
7796,9cce2_00024,140,0.94,random,5,288.905
7797,9cce2_00024,141,0.9299999999999999,random,5,288.905
7798,9cce2_00024,142,0.9299999999999999,random,5,288.905
7799,9cce2_00024,143,0.8899999999999999,random,5,288.905
7800,9cce2_00024,144,0.86,random,5,288.905
7801,9cce2_00024,145,0.97,random,5,288.905
7802,9cce2_00024,146,0.9299999999999999,random,5,288.905
7803,9cce2_00024,147,0.84,random,5,288.905
7804,9cce2_00024,148,0.9099999999999999,random,5,288.905
7805,9cce2_00024,149,0.95,random,5,288.905
7806,9cce2_00024,150,0.9199999999999999,random,5,288.905
7807,9cce2_00024,151,0.89,random,5,288.905
7808,9cce2_00024,152,0.86,random,5,288.905
7809,9cce2_00024,153,0.9299999999999999,random,5,288.905
7810,9cce2_00024,154,0.9299999999999999,random,5,288.905
7811,9cce2_00024,155,0.9199999999999999,random,5,288.905
7812,9cce2_00024,156,0.94,random,5,288.905
7813,9cce2_00024,157,0.91,random,5,288.905
7814,9cce2_00024,158,0.9299999999999999,random,5,288.905
7815,9cce2_00024,159,0.9199999999999999,random,5,288.905
7816,9cce2_00024,160,0.95,random,5,288.905
7817,9cce2_00024,161,0.96,random,5,288.905
7818,9cce2_00024,162,0.96,random,5,288.905
7819,9cce2_00024,163,0.8999999999999999,random,5,288.905
7820,9cce2_00024,164,0.87,random,5,288.905
7821,9cce2_00024,165,0.8899999999999999,random,5,288.905
7822,9cce2_00024,166,0.9199999999999999,random,5,288.905
7823,9cce2_00024,167,0.9099999999999999,random,5,288.905
7824,9cce2_00024,168,0.9199999999999999,random,5,288.905
7825,9cce2_00024,169,0.9,random,5,288.905
7826,9cce2_00024,170,0.91,random,5,288.905
7827,9cce2_00024,171,0.97,random,5,288.905
7828,9cce2_00024,172,0.98,random,5,288.905
7829,9cce2_00024,173,0.87,random,5,288.905
7830,9cce2_00024,174,0.94,random,5,288.905
7831,9cce2_00024,175,0.9299999999999999,random,5,288.905
7832,9cce2_00024,176,0.95,random,5,288.905
7833,9cce2_00024,177,0.88,random,5,288.905
7834,9cce2_00024,178,0.9199999999999999,random,5,288.905
7835,9cce2_00024,179,0.9,random,5,288.905
7836,9cce2_00024,180,0.89,random,5,288.905
7837,9cce2_00024,181,0.89,random,5,288.905
7838,9cce2_00024,182,0.94,random,5,288.905
7839,9cce2_00024,183,0.9299999999999999,random,5,288.905
7840,9cce2_00024,184,0.9299999999999999,random,5,288.905
7841,9cce2_00024,185,0.9199999999999999,random,5,288.905
7842,9cce2_00024,186,0.88,random,5,288.905
7843,9cce2_00024,187,0.9299999999999999,random,5,288.905
7844,9cce2_00024,188,0.9199999999999999,random,5,288.905
7845,9cce2_00024,189,0.94,random,5,288.905
7846,9cce2_00024,190,0.9099999999999999,random,5,288.905
7847,9cce2_00024,191,0.89,random,5,288.905
7848,9cce2_00024,192,0.9,random,5,288.905
7849,9cce2_00024,193,0.8999999999999999,random,5,288.905
7850,9cce2_00024,194,0.9299999999999999,random,5,288.905
7851,9cce2_00024,195,0.88,random,5,288.905
7852,9cce2_00024,196,0.94,random,5,288.905
7853,9cce2_00024,197,0.91,random,5,288.905
7854,9cce2_00024,198,0.95,random,5,288.905
7855,9cce2_00024,199,0.9,random,5,288.905
7856,9cce2_00024,200,0.9299999999999999,random,5,288.905
7857,9cce2_00024,201,0.9299999999999999,random,5,288.905
7858,9cce2_00024,202,0.95,random,5,288.905
7859,9cce2_00024,203,0.87,random,5,288.905
7860,9cce2_00024,204,0.9299999999999999,random,5,288.905
7861,9cce2_00024,205,0.9199999999999999,random,5,288.905
7862,9cce2_00024,206,0.85,random,5,288.905
7863,9cce2_00024,207,0.88,random,5,288.905
7864,9cce2_00024,208,0.95,random,5,288.905
7865,9cce2_00024,209,0.9199999999999999,random,5,288.905
7866,9cce2_00024,210,0.9299999999999999,random,5,288.905
7867,9cce2_00024,211,0.96,random,5,288.905
7868,9cce2_00024,212,0.91,random,5,288.905
7869,9cce2_00024,213,0.91,random,5,288.905
7870,9cce2_00024,214,0.8899999999999999,random,5,288.905
7871,9cce2_00024,215,0.96,random,5,288.905
7872,9cce2_00024,216,0.91,random,5,288.905
7873,9cce2_00024,217,0.9299999999999999,random,5,288.905
7874,9cce2_00024,218,0.94,random,5,288.905
7875,9cce2_00024,219,0.94,random,5,288.905
7876,9cce2_00024,220,0.9099999999999999,random,5,288.905
7877,9cce2_00024,221,0.9299999999999999,random,5,288.905
7878,9cce2_00024,222,0.9199999999999999,random,5,288.905
7879,9cce2_00024,223,0.9099999999999999,random,5,288.905
7880,9cce2_00024,224,0.97,random,5,288.905
7881,9cce2_00024,225,0.9099999999999999,random,5,288.905
7882,9cce2_00024,226,0.94,random,5,288.905
7883,9cce2_00024,227,0.9099999999999999,random,5,288.905
7884,9cce2_00024,228,0.87,random,5,288.905
7885,9cce2_00024,229,0.9299999999999999,random,5,288.905
7886,9cce2_00024,230,0.9099999999999999,random,5,288.905
7887,9cce2_00024,231,0.92,random,5,288.905
7888,9cce2_00024,232,0.9199999999999999,random,5,288.905
7889,9cce2_00024,233,0.94,random,5,288.905
7890,9cce2_00024,234,0.95,random,5,288.905
7891,9cce2_00024,235,0.9099999999999999,random,5,288.905
7892,9cce2_00024,236,0.94,random,5,288.905
7893,9cce2_00024,237,0.9299999999999999,random,5,288.905
7894,9cce2_00024,238,0.95,random,5,288.905
7895,9cce2_00024,239,0.9299999999999999,random,5,288.905
7896,9cce2_00024,240,0.94,random,5,288.905
7897,9cce2_00024,241,0.9199999999999999,random,5,288.905
7898,9cce2_00024,242,0.9299999999999999,random,5,288.905
7899,9cce2_00024,243,0.9199999999999999,random,5,288.905
7900,9cce2_00024,244,0.9299999999999999,random,5,288.905
7901,9cce2_00024,245,0.94,random,5,288.905
7902,9cce2_00024,246,0.96,random,5,288.905
7903,9cce2_00024,247,0.9299999999999999,random,5,288.905
7904,9cce2_00024,248,0.9199999999999999,random,5,288.905
7905,9cce2_00024,249,0.95,random,5,288.905
7906,9cce2_00024,250,0.9199999999999999,random,5,288.905
7907,9cce2_00024,251,0.89,random,5,288.905
7908,9cce2_00024,252,0.89,random,5,288.905
7909,9cce2_00024,253,0.8799999999999999,random,5,288.905
7910,9cce2_00024,254,0.9,random,5,288.905
7911,9cce2_00024,255,0.9299999999999999,random,5,288.905
7912,9cce2_00024,256,0.95,random,5,288.905
7913,9cce2_00024,257,0.9299999999999999,random,5,288.905
7914,9cce2_00024,258,0.94,random,5,288.905
7915,9cce2_00024,259,0.95,random,5,288.905
7916,9cce2_00024,260,0.9199999999999999,random,5,288.905
7917,9cce2_00024,261,0.92,random,5,288.905
7918,9cce2_00024,262,0.96,random,5,288.905
7919,9cce2_00024,263,0.94,random,5,288.905
7920,9cce2_00024,264,0.9199999999999999,random,5,288.905
7921,9cce2_00024,265,0.9299999999999999,random,5,288.905
7922,9cce2_00024,266,0.8999999999999999,random,5,288.905
7923,9cce2_00024,267,0.9199999999999999,random,5,288.905
7924,9cce2_00024,268,0.94,random,5,288.905
7925,9cce2_00024,269,0.9199999999999999,random,5,288.905
7926,9cce2_00024,270,0.9299999999999999,random,5,288.905
7927,9cce2_00024,271,0.9199999999999999,random,5,288.905
7928,9cce2_00024,272,0.8999999999999999,random,5,288.905
7929,9cce2_00024,273,0.9299999999999999,random,5,288.905
7930,9cce2_00024,274,0.97,random,5,288.905
7931,9cce2_00024,275,0.8999999999999999,random,5,288.905
7932,9cce2_00024,276,0.95,random,5,288.905
7933,9cce2_00024,277,0.9299999999999999,random,5,288.905
7934,9cce2_00024,278,1.0,random,5,288.905
7935,9cce2_00024,279,0.9199999999999999,random,5,288.905
7936,9cce2_00024,280,0.97,random,5,288.905
7937,9cce2_00024,281,0.9299999999999999,random,5,288.905
7938,9cce2_00024,282,0.9099999999999999,random,5,288.905
7939,9cce2_00024,283,0.94,random,5,288.905
7940,9cce2_00024,284,0.9299999999999999,random,5,288.905
7941,9cce2_00024,285,0.91,random,5,288.905
7942,9cce2_00024,286,0.94,random,5,288.905
7943,9cce2_00024,287,0.9299999999999999,random,5,288.905
7944,9cce2_00024,288,0.94,random,5,288.905
7945,9cce2_00024,289,0.96,random,5,288.905
7946,9cce2_00024,290,0.9299999999999999,random,5,288.905
7947,9cce2_00024,291,0.95,random,5,288.905
7948,9cce2_00024,292,0.94,random,5,288.905
7949,9cce2_00024,293,0.95,random,5,288.905
7950,9cce2_00024,294,0.8999999999999999,random,5,288.905
7951,9cce2_00024,295,0.94,random,5,288.905
7952,9cce2_00024,296,0.96,random,5,288.905
7953,9cce2_00024,297,0.9199999999999999,random,5,288.905
7954,9cce2_00024,298,0.9199999999999999,random,5,288.905
7955,9cce2_00024,299,0.9299999999999999,random,5,288.905
7956,9cce2_00024,300,0.94,random,5,288.905
7957,9cce2_00024,301,0.9199999999999999,random,5,288.905
7958,9cce2_00024,302,0.95,random,5,288.905
7959,9cce2_00024,303,0.9199999999999999,random,5,288.905
7960,9cce2_00024,304,0.89,random,5,288.905
7961,9cce2_00024,305,0.85,random,5,288.905
7962,9cce2_00024,306,0.94,random,5,288.905
7963,9cce2_00024,307,0.8899999999999999,random,5,288.905
7964,9cce2_00024,308,0.9299999999999999,random,5,288.905
7965,9cce2_00024,309,0.9299999999999999,random,5,288.905
7966,9cce2_00024,310,0.95,random,5,288.905
7967,9cce2_00024,311,0.97,random,5,288.905
7968,9cce2_00024,312,0.94,random,5,288.905
7969,9cce2_00024,313,0.95,random,5,288.905
7970,9cce2_00024,314,0.9099999999999999,random,5,288.905
7971,9cce2_00024,315,0.95,random,5,288.905
7972,9cce2_00024,316,0.9199999999999999,random,5,288.905
7973,9cce2_00024,317,0.9,random,5,288.905
7974,9cce2_00024,318,0.8999999999999999,random,5,288.905
