{"score": 276.1110624454378, "iteration_metrics": [0.891025641025641, 0.9344262295081966, 0.9070289132602194, 0.9110047846889953, 0.9294079375406636, 0.9114255765199162, 0.8699541284403669, 0.9381018949984468, 0.924481658692185, 0.9394353369763206, 0.898726312519416, 0.9249767008387698, 0.9202694235588973, 0.8588674275680421, 0.8987720874513327, 0.898726312519416, 0.9336553945249597, 0.9379585326953748, 0.9202694235588973, 0.9379585326953748, 0.9423198482932996, 0.9431522446324008, 0.9467418546365916, 0.9423198482932996, 0.9423198482932996, 0.9608695652173913, 0.9472624798711755, 0.9514354066985646, 0.9423198482932996, 0.955673198482933, 0.9472624798711755, 0.9381018949984468, 0.9472624798711755, 0.9649122807017544, 0.9249767008387698, 0.955673198482933, 0.9512270891581236, 0.9599780701754386, 0.9557781201848998, 0.9381018949984468, 0.9474770642201835, 0.9345565749235474, 0.9275522212415417, 0.9650880388585306, 0.9443774495025625, 0.9571148628278565, 0.9557781201848998, 0.9474770642201835, 0.9557781201848998, 0.9474770642201835, 0.9818181818181818, 0.9512270891581236, 0.9599780701754386, 0.9474770642201835, 0.9522616879174256, 0.9471153846153846, 0.9443774495025625, 0.9650880388585306, 0.9427580893682589, 0.9687981510015409, 0.9687981510015409, 0.9522616879174256, 0.9474770642201835, 0.9544642857142858, 0.9650880388585306, 0.9650880388585306, 0.9522616879174256, 0.9443774495025625, 0.9557781201848998, 0.9746930218628331, 0.9650880388585306, 0.9603975535168197, 0.9522616879174256, 0.9603975535168197, 0.9603975535168197, 0.9650880388585306, 0.9544642857142858, 0.9493860437256664, 0.9522616879174256, 0.9732142857142857, 0.9557781201848998, 0.9571148628278565, 0.9571148628278565, 0.9774774774774775, 0.9733180428134556, 0.9394353369763206, 0.9571148628278565, 0.9557781201848998, 0.9698522761531505, 0.9620395327942497, 0.9474770642201835, 0.9522616879174256, 0.9733180428134556, 0.9620395327942497, 0.9427580893682589, 0.9603975535168197, 0.9474770642201835, 0.9443774495025625, 0.9522616879174256, 0.9687981510015409, 0.9571148628278565, 0.9733180428134556, 0.9474770642201835, 0.9650880388585306, 0.9650880388585306, 0.9687981510015409, 0.9687981510015409, 0.9687981510015409, 0.9603975535168197, 0.9571148628278565, 0.9571148628278565, 0.9603975535168197, 0.9571148628278565, 0.9544642857142858, 0.9557781201848998, 0.9474770642201835, 0.9522616879174256, 0.9571148628278565, 0.9471153846153846, 0.9643522833178005, 0.9698522761531505, 0.9443774495025625, 0.9443774495025625, 0.9643522833178005, 0.9522616879174256, 0.9650880388585306, 0.9493860437256664, 0.9522616879174256, 0.9603975535168197, 0.9216360856269112, 0.9733180428134556, 0.9493860437256664, 0.9571148628278565, 0.9522616879174256, 0.9571148628278565, 0.9733180428134556, 0.9571148628278565, 0.9603975535168197, 0.9746930218628331, 0.9346153846153846, 0.9571148628278565, 0.9643522833178005, 0.9522616879174256, 0.9571148628278565, 0.9571148628278565, 0.9571148628278565, 0.9698522761531505, 0.9345565749235474, 0.9571148628278565, 0.9557781201848998, 0.9522616879174256, 0.9367325546570829, 0.941889880952381, 0.9650880388585306, 0.9557781201848998, 0.9471153846153846, 0.9443774495025625, 0.9493860437256664, 0.9522616879174256, 0.9643522833178005, 0.9571148628278565, 0.9698522761531505, 0.9571148628278565, 0.9620395327942497, 0.9493860437256664, 0.9493860437256664, 0.9603975535168197, 0.9603975535168197, 0.9522616879174256, 0.9493860437256664, 0.9467418546365916, 0.9571148628278565, 0.9603975535168197, 0.9493860437256664, 0.9522616879174256, 0.9443774495025625, 0.9599780701754386, 0.9650880388585306, 0.9571148628278565, 0.9522616879174256, 0.9650880388585306, 0.9557781201848998, 0.941889880952381, 0.9443774495025625, 0.9493860437256664, 0.941889880952381, 0.9571148628278565, 0.9620395327942497, 0.9544642857142858, 0.9544642857142858, 0.941889880952381, 0.9474770642201835, 0.9571148628278565, 0.9345565749235474, 0.9394353369763206, 0.9650880388585306, 0.9557781201848998, 0.9557781201848998, 0.9650880388585306, 0.9471153846153846, 0.9367325546570829, 0.9512270891581236, 0.9522616879174256, 0.9650880388585306, 0.9474770642201835, 0.9367325546570829, 0.9367325546570829, 0.9512270891581236, 0.9493860437256664, 0.9493860437256664, 0.9603975535168197, 0.9427580893682589, 0.9599780701754386, 0.9443774495025625, 0.9522616879174256, 0.9698522761531505, 0.9293154761904762, 0.9571148628278565, 0.9620395327942497, 0.9394353369763206, 0.9399823477493381, 0.9650880388585306, 0.9571148628278565, 0.9571148628278565, 0.9557781201848998, 0.9571148628278565, 0.9687981510015409, 0.9571148628278565, 0.9603975535168197, 0.9493860437256664, 0.9650880388585306, 0.9620395327942497, 0.9650880388585306, 0.9493860437256664, 0.9522616879174256, 0.9557781201848998, 0.9571148628278565, 0.9603975535168197, 0.9394353369763206, 0.9603975535168197, 0.9746930218628331, 0.9474770642201835, 0.9557781201848998, 0.9443774495025625, 0.9522616879174256, 0.9603975535168197, 0.9733180428134556, 0.9493860437256664, 0.9733180428134556, 0.9603975535168197, 0.9650880388585306, 0.9493860437256664, 0.9650880388585306, 0.9571148628278565, 0.9474770642201835, 0.9620395327942497, 0.9571148628278565, 0.9443774495025625, 0.9603975535168197, 0.9650880388585306, 0.9650880388585306, 0.9443774495025625, 0.9493860437256664, 0.9522616879174256, 0.9698522761531505, 0.9571148628278565, 0.9443774495025625, 0.9571148628278565, 0.9733180428134556, 0.9571148628278565, 0.9733180428134556, 0.9620395327942497, 0.9650880388585306, 0.9471153846153846, 0.9443774495025625, 0.9650880388585306, 0.9779143897996356, 0.941889880952381, 0.9603975535168197, 0.9522616879174256, 0.9474770642201835, 0.9367325546570829, 0.9427580893682589, 0.9687981510015409, 0.9471153846153846, 0.9544642857142858, 0.9571148628278565, 0.9544642857142858, 0.9571148628278565, 0.9240790655884996, 0.9571148628278565], "timestamp": 1725204410, "checkpoint_dir_name": null, "done": false, "training_iteration": 1, "trial_id": "805f1_00012", "date": "2024-09-01_16-26-50", "time_this_iter_s": 13.812055826187134, "time_total_s": 13.812055826187134, "pid": 32251, "hostname": "nemo.cl.cam.ac.uk", "node_ip": "128.232.64.154", "config": {"seed": 3, "strategy": "marginal_confidence"}, "time_since_restore": 13.812055826187134, "iterations_since_restore": 1}
