{"score": 269.9888024951371, "iteration_metrics": [0.8626543209876543, 0.8993598862019914, 0.9012640449438202, 0.9120879120879121, 0.8633001422475106, 0.8934075342465753, 0.9001831501831502, 0.9238258877434136, 0.9032803765813475, 0.9155793724759242, 0.9247474747474748, 0.9131476489967056, 0.9332748024582967, 0.9003607503607504, 0.9117268041237113, 0.885576923076923, 0.9210129635212541, 0.8838162130523851, 0.8939907550077042, 0.8637806637806638, 0.8803571428571428, 0.8947826086956522, 0.8947826086956522, 0.8784201235657547, 0.9230769230769231, 0.9105769230769231, 0.9405707561047367, 0.9405707561047367, 0.9210129635212541, 0.9003607503607504, 0.9192753623188405, 0.9332748024582967, 0.8947826086956522, 0.9315217391304347, 0.9181517677493534, 0.9302960620868066, 0.9209101551068188, 0.9173758865248227, 0.943768115942029, 0.9332748024582967, 0.936940836940837, 0.9384828188701223, 0.9247474747474748, 0.943768115942029, 0.9456394498097747, 0.9332748024582967, 0.9261793826441467, 0.9192753623188405, 0.9456394498097747, 0.9491341991341992, 0.936940836940837, 0.9060074734118999, 0.9302960620868066, 0.9238258877434136, 0.9332748024582967, 0.9315217391304347, 0.9238258877434136, 0.9530008826125331, 0.9384828188701223, 0.9456394498097747, 0.9354196301564723, 0.943768115942029, 0.9315217391304347, 0.9192753623188405, 0.9315217391304347, 0.936940836940837, 0.9456394498097747, 0.9424403564242598, 0.9405707561047367, 0.9238258877434136, 0.9302960620868066, 0.9315217391304347, 0.9384828188701223, 0.9315217391304347, 0.943768115942029, 0.9117268041237113, 0.9332748024582967, 0.943768115942029, 0.9507862550960978, 0.9247474747474748, 0.9247474747474748, 0.9247474747474748, 0.9332748024582967, 0.9315217391304347, 0.9456394498097747, 0.936940836940837, 0.9315217391304347, 0.9181517677493534, 0.936940836940837, 0.9070289855072464, 0.9507862550960978, 0.9315217391304347, 0.948076923076923, 0.9432291666666667, 0.948076923076923, 0.9281406295969403, 0.9306547619047619, 0.943768115942029, 0.9070289855072464, 0.9384828188701223, 0.9261793826441467, 0.9456394498097747, 0.9456394498097747, 0.9332748024582967, 0.9491341991341992, 0.9315217391304347, 0.9281406295969403, 0.9281406295969403, 0.943768115942029, 0.9157105030891439, 0.943768115942029, 0.9247474747474748, 0.9332748024582967, 0.9192753623188405, 0.9332748024582967, 0.9332748024582967, 0.9315217391304347, 0.9261793826441467, 0.943768115942029, 0.936940836940837, 0.948076923076923, 0.9209101551068188, 0.9125541125541126, 0.9332748024582967, 0.9332748024582967, 0.936940836940837, 0.9332748024582967, 0.9580040971612526, 0.9209101551068188, 0.9302960620868066, 0.943768115942029, 0.9507862550960978, 0.943768115942029, 0.9530008826125331, 0.9456394498097747, 0.9424403564242598, 0.9507862550960978, 0.9302960620868066, 0.9405707561047367, 0.9247474747474748, 0.9302960620868066, 0.9209101551068188, 0.960576923076923, 0.9261793826441467, 0.9302960620868066, 0.9230769230769231, 0.9315217391304347, 0.9181517677493534, 0.943768115942029, 0.9654310091203295, 0.9261793826441467, 0.9384828188701223, 0.9359249713631157, 0.943768115942029, 0.9491341991341992, 0.9424403564242598, 0.943768115942029, 0.9261793826441467, 0.936940836940837, 0.9238258877434136, 0.936940836940837, 0.9315217391304347, 0.948076923076923, 0.9125541125541126, 0.9384828188701223, 0.9302960620868066, 0.9247474747474748, 0.9491341991341992, 0.943768115942029, 0.936940836940837, 0.9480240549828178, 0.9247474747474748, 0.9209101551068188, 0.9181517677493534, 0.936940836940837, 0.9507862550960978, 0.9405707561047367, 0.9070289855072464, 0.9281406295969403, 0.9302960620868066, 0.9424403564242598, 0.936940836940837, 0.9315217391304347, 0.943768115942029, 0.9384828188701223, 0.9209101551068188, 0.9238258877434136, 0.9530008826125331, 0.9281406295969403, 0.9384828188701223, 0.9238258877434136, 0.9281406295969403, 0.9247474747474748, 0.9530008826125331, 0.9530008826125331, 0.948076923076923, 0.9456394498097747, 0.943768115942029, 0.9247474747474748, 0.9085455077553409, 0.9580040971612526, 0.9125541125541126, 0.9261793826441467, 0.9332748024582967, 0.9507862550960978, 0.9125541125541126, 0.9491341991341992, 0.9580040971612526, 0.9209101551068188, 0.9181517677493534, 0.9424403564242598, 0.9384828188701223, 0.9192753623188405, 0.9247474747474748, 0.9247474747474748, 0.9507862550960978, 0.9138759464181713, 0.9261793826441467, 0.9261793826441467, 0.9456394498097747, 0.9315217391304347, 0.9247474747474748, 0.9332748024582967, 0.9456394498097747, 0.9384828188701223, 0.9332748024582967, 0.9209101551068188, 0.9315217391304347, 0.9405707561047367, 0.9261793826441467, 0.9247474747474748, 0.9405707561047367, 0.9209101551068188, 0.9560144927536232, 0.9261793826441467, 0.9580040971612526, 0.948076923076923, 0.9405707561047367, 0.9070289855072464, 0.9456394498097747, 0.9332748024582967, 0.9192753623188405, 0.9209101551068188, 0.9507862550960978, 0.9138759464181713, 0.9359249713631157, 0.9507862550960978, 0.9209101551068188, 0.9456394498097747, 0.9355769230769231, 0.9302960620868066, 0.9630896913220734, 0.9456394498097747, 0.9281406295969403, 0.943768115942029, 0.9209101551068188, 0.9558035714285714, 0.9315217391304347, 0.9507862550960978, 0.9384828188701223, 0.9491341991341992, 0.9315217391304347, 0.9138759464181713, 0.9070289855072464, 0.9315217391304347, 0.9181517677493534, 0.936940836940837, 0.9355769230769231, 0.9302960620868066, 0.943768115942029, 0.9384828188701223, 0.9560144927536232, 0.9384828188701223, 0.943768115942029, 0.9491341991341992, 0.9181517677493534, 0.9247474747474748, 0.9261793826441467, 0.9281406295969403, 0.9315217391304347, 0.9491341991341992, 0.9315217391304347, 0.9384828188701223, 0.9302960620868066, 0.9315217391304347, 0.943768115942029, 0.9315217391304347, 0.9384828188701223, 0.9209101551068188, 0.9125541125541126, 0.9507862550960978], "timestamp": 1725204408, "checkpoint_dir_name": null, "done": false, "training_iteration": 1, "trial_id": "805f1_00010", "date": "2024-09-01_16-26-48", "time_this_iter_s": 14.369797229766846, "time_total_s": 14.369797229766846, "pid": 32179, "hostname": "nemo.cl.cam.ac.uk", "node_ip": "128.232.64.154", "config": {"seed": 1, "strategy": "marginal_confidence"}, "time_since_restore": 14.369797229766846, "iterations_since_restore": 1}
