{"score": 274.9995244671452, "iteration_metrics": [0.9026342975206612, 0.89775600505689, 0.9208605156881019, 0.8991341991341992, 0.9082060497154837, 0.9049694189602446, 0.9197767145135566, 0.8869408369408369, 0.940985830569792, 0.912788906009245, 0.9648690292758089, 0.9082060497154837, 0.9437308868501529, 0.9821428571428572, 0.956651376146789, 0.9467304625199362, 0.9423510466988727, 0.9395798319327731, 0.9602073365231261, 0.938828967642527, 0.940985830569792, 0.8931445817763726, 0.8942307692307692, 0.9511694058154235, 0.9471109040074557, 0.9778890600924499, 0.940985830569792, 0.8931445817763726, 0.8893604980192417, 0.9178899082568808, 0.926264880952381, 0.924830832597823, 0.917536231884058, 0.9388392857142858, 0.9442307692307692, 0.9461665169212339, 0.9664606572203799, 0.9514136904761905, 0.9514136904761905, 0.9648690292758089, 0.9824923547400611, 0.9486945962355798, 0.96890664160401, 0.9335130278526504, 0.9537232438950859, 0.9335130278526504, 0.940985830569792, 0.9291979949874687, 0.9664606572203799, 0.9461665169212339, 0.9639880952380953, 0.9317307692307693, 0.9588200059898173, 0.956651376146789, 0.9335130278526504, 0.9514136904761905, 0.9388392857142858, 0.9486945962355798, 0.9372609591056194, 0.9639880952380953, 0.915511003919204, 0.9388392857142858, 0.9664606572203799, 0.9714734950584007, 0.9695718654434251, 0.9567307692307693, 0.9567307692307693, 0.9514136904761905, 0.9714734950584007, 0.9514136904761905, 0.9639880952380953, 0.9514136904761905, 0.9695718654434251, 0.9514136904761905, 0.9588200059898173, 0.9639880952380953, 0.9442307692307692, 0.9567307692307693, 0.9317307692307693, 0.9442307692307692, 0.9442307692307692, 0.9588200059898173, 0.9743472981177899, 0.9588200059898173, 0.9304945858940591, 0.9442307692307692, 0.9639880952380953, 0.9514136904761905, 0.9664606572203799, 0.924830832597823, 0.9335130278526504, 0.9461665169212339, 0.9514136904761905, 0.9615209471766848, 0.9639880952380953, 0.9514136904761905, 0.9615209471766848, 0.9496910856134158, 0.9304945858940591, 0.9362259755387303, 0.9239225393127548, 0.9486945962355798, 0.9743472981177899, 0.940985830569792, 0.9514136904761905, 0.9304945858940591, 0.9639880952380953, 0.9372609591056194, 0.9304945858940591, 0.9461665169212339, 0.9442307692307692, 0.9442307692307692, 0.940985830569792, 0.9639880952380953, 0.9514136904761905, 0.9297826086956522, 0.9567307692307693, 0.9297826086956522, 0.9588200059898173, 0.9537232438950859, 0.9388392857142858, 0.9514136904761905, 0.9537232438950859, 0.9362259755387303, 0.9714734950584007, 0.942859233245537, 0.9639880952380953, 0.9639880952380953, 0.9567307692307693, 0.9388392857142858, 0.9372609591056194, 0.9442307692307692, 0.9588200059898173, 0.9304945858940591, 0.9442307692307692, 0.9496910856134158, 0.9514136904761905, 0.9442307692307692, 0.9567307692307693, 0.940985830569792, 0.9514136904761905, 0.9304945858940591, 0.9639880952380953, 0.9514136904761905, 0.9639880952380953, 0.9615209471766848, 0.9615209471766848, 0.9442307692307692, 0.9362259755387303, 0.9639880952380953, 0.9567307692307693, 0.9461665169212339, 0.9442307692307692, 0.9442307692307692, 0.9317307692307693, 0.942859233245537, 0.9372609591056194, 0.9496910856134158, 0.9537232438950859, 0.942859233245537, 0.9714734950584007, 0.9778890600924499, 0.9567307692307693, 0.942859233245537, 0.9639880952380953, 0.9588200059898173, 0.9372609591056194, 0.9639880952380953, 0.9714734950584007, 0.9639880952380953, 0.942859233245537, 0.942859233245537, 0.9304945858940591, 0.9639880952380953, 0.9639880952380953, 0.9496910856134158, 0.9388392857142858, 0.942859233245537, 0.9639880952380953, 0.9639880952380953, 0.9496910856134158, 0.9442307692307692, 0.9496910856134158, 0.9514136904761905, 0.9664606572203799, 0.9442307692307692, 0.940985830569792, 0.9304945858940591, 0.9537232438950859, 0.9514136904761905, 0.9442307692307692, 0.9639880952380953, 0.9496910856134158, 0.9639880952380953, 0.9567307692307693, 0.9496910856134158, 0.9639880952380953, 0.9461665169212339, 0.9639880952380953, 0.9664606572203799, 0.9664606572203799, 0.9537232438950859, 0.9714734950584007, 0.9442307692307692, 0.9442307692307692, 0.9235209235209235, 0.9461665169212339, 0.9514136904761905, 0.9496910856134158, 0.9664606572203799, 0.9362259755387303, 0.9791980705456738, 0.9442307692307692, 0.9496910856134158, 0.9639880952380953, 0.9588200059898173, 0.942859233245537, 0.9496910856134158, 0.926264880952381, 0.9588200059898173, 0.942859233245537, 0.9496910856134158, 0.9486945962355798, 0.942859233245537, 0.9362259755387303, 0.9664606572203799, 0.9567307692307693, 0.9639880952380953, 0.9639880952380953, 0.9442307692307692, 0.9486945962355798, 0.9362259755387303, 0.9615209471766848, 0.9442307692307692, 0.9317307692307693, 0.9442307692307692, 0.9639880952380953, 0.9442307692307692, 0.9714734950584007, 0.942859233245537, 0.9496910856134158, 0.9639880952380953, 0.9514136904761905, 0.9639880952380953, 0.9514136904761905, 0.9567307692307693, 0.9588200059898173, 0.9442307692307692, 0.9514136904761905, 0.9372609591056194, 0.9639880952380953, 0.9588200059898173, 0.9372609591056194, 0.9567307692307693, 0.9514136904761905, 0.942859233245537, 0.9567307692307693, 0.9514136904761905, 0.9461665169212339, 0.9388392857142858, 0.9442307692307692, 0.9639880952380953, 0.9335130278526504, 0.942859233245537, 0.9496910856134158, 0.9514136904761905, 0.9588200059898173, 0.9514136904761905, 0.942859233245537, 0.9664606572203799, 0.9461665169212339, 0.9588200059898173, 0.9496910856134158, 0.9442307692307692, 0.940985830569792, 0.9461665169212339, 0.9461665169212339, 0.9664606572203799, 0.9791980705456738, 0.9639880952380953, 0.9588200059898173, 0.9317307692307693, 0.9714734950584007, 0.9442307692307692, 0.9496910856134158, 0.9537232438950859, 0.9496910856134158, 0.9514136904761905, 0.9317307692307693, 0.942859233245537, 0.9615209471766848], "timestamp": 1725204387, "checkpoint_dir_name": null, "done": false, "training_iteration": 1, "trial_id": "805f1_00002", "date": "2024-09-01_16-26-27", "time_this_iter_s": 14.486326456069946, "time_total_s": 14.486326456069946, "pid": 31209, "hostname": "nemo.cl.cam.ac.uk", "node_ip": "128.232.64.154", "config": {"seed": 3, "strategy": "least_confidence"}, "time_since_restore": 14.486326456069946, "iterations_since_restore": 1}
