,trial_id,iteration,test_metric,strategy,seed,score
0,1b6e1_00000,0,0.6898395721925134,least_confidence,1,98.11172950098458
1,1b6e1_00000,1,0.6851851851851851,least_confidence,1,98.11172950098458
2,1b6e1_00000,2,0.7646103896103896,least_confidence,1,98.11172950098458
3,1b6e1_00000,3,0.7065217391304348,least_confidence,1,98.11172950098458
4,1b6e1_00000,4,0.7310344827586206,least_confidence,1,98.11172950098458
5,1b6e1_00000,5,0.6919642857142857,least_confidence,1,98.11172950098458
6,1b6e1_00000,6,0.7646103896103896,least_confidence,1,98.11172950098458
7,1b6e1_00000,7,0.5714285714285714,least_confidence,1,98.11172950098458
8,1b6e1_00000,8,0.6944444444444444,least_confidence,1,98.11172950098458
9,1b6e1_00000,9,0.8409090909090909,least_confidence,1,98.11172950098458
10,1b6e1_00000,10,0.810483870967742,least_confidence,1,98.11172950098458
11,1b6e1_00000,11,0.7790178571428572,least_confidence,1,98.11172950098458
12,1b6e1_00000,12,0.6919642857142857,least_confidence,1,98.11172950098458
13,1b6e1_00000,13,0.7790178571428572,least_confidence,1,98.11172950098458
14,1b6e1_00000,14,0.7790178571428572,least_confidence,1,98.11172950098458
15,1b6e1_00000,15,0.775,least_confidence,1,98.11172950098458
16,1b6e1_00000,16,0.7646103896103896,least_confidence,1,98.11172950098458
17,1b6e1_00000,17,0.7790178571428572,least_confidence,1,98.11172950098458
18,1b6e1_00000,18,0.8409090909090909,least_confidence,1,98.11172950098458
19,1b6e1_00000,19,0.6532258064516129,least_confidence,1,98.11172950098458
20,1b6e1_00000,20,0.7790178571428572,least_confidence,1,98.11172950098458
21,1b6e1_00000,21,0.8117647058823529,least_confidence,1,98.11172950098458
22,1b6e1_00000,22,0.6532258064516129,least_confidence,1,98.11172950098458
23,1b6e1_00000,23,0.7424242424242424,least_confidence,1,98.11172950098458
24,1b6e1_00000,24,0.8660714285714286,least_confidence,1,98.11172950098458
25,1b6e1_00000,25,0.5745967741935484,least_confidence,1,98.11172950098458
26,1b6e1_00000,26,0.7424242424242424,least_confidence,1,98.11172950098458
27,1b6e1_00000,27,0.810483870967742,least_confidence,1,98.11172950098458
28,1b6e1_00000,28,0.7318548387096775,least_confidence,1,98.11172950098458
29,1b6e1_00000,29,0.7790178571428572,least_confidence,1,98.11172950098458
30,1b6e1_00000,30,0.775,least_confidence,1,98.11172950098458
31,1b6e1_00000,31,0.6222222222222222,least_confidence,1,98.11172950098458
32,1b6e1_00000,32,0.5746753246753247,least_confidence,1,98.11172950098458
33,1b6e1_00000,33,0.7790178571428572,least_confidence,1,98.11172950098458
34,1b6e1_00000,34,0.7790178571428572,least_confidence,1,98.11172950098458
35,1b6e1_00000,35,0.8409090909090909,least_confidence,1,98.11172950098458
36,1b6e1_00000,36,0.7424242424242424,least_confidence,1,98.11172950098458
37,1b6e1_00000,37,0.9142857142857144,least_confidence,1,98.11172950098458
38,1b6e1_00000,38,0.6919642857142857,least_confidence,1,98.11172950098458
39,1b6e1_00000,39,0.7318548387096775,least_confidence,1,98.11172950098458
40,1b6e1_00000,40,0.9393939393939394,least_confidence,1,98.11172950098458
41,1b6e1_00000,41,0.8409090909090909,least_confidence,1,98.11172950098458
42,1b6e1_00000,42,0.9142857142857144,least_confidence,1,98.11172950098458
43,1b6e1_00000,43,0.9027777777777778,least_confidence,1,98.11172950098458
44,1b6e1_00000,44,0.9027777777777778,least_confidence,1,98.11172950098458
45,1b6e1_00000,45,0.9142857142857144,least_confidence,1,98.11172950098458
46,1b6e1_00000,46,0.775,least_confidence,1,98.11172950098458
47,1b6e1_00000,47,0.7318548387096775,least_confidence,1,98.11172950098458
48,1b6e1_00000,48,0.775,least_confidence,1,98.11172950098458
49,1b6e1_00000,49,0.9264705882352942,least_confidence,1,98.11172950098458
50,1b6e1_00000,50,0.9027777777777778,least_confidence,1,98.11172950098458
51,1b6e1_00000,51,0.953125,least_confidence,1,98.11172950098458
52,1b6e1_00000,52,0.8409090909090909,least_confidence,1,98.11172950098458
53,1b6e1_00000,53,0.8660714285714286,least_confidence,1,98.11172950098458
54,1b6e1_00000,54,0.6708333333333334,least_confidence,1,98.11172950098458
55,1b6e1_00000,55,0.7666666666666666,least_confidence,1,98.11172950098458
56,1b6e1_00000,56,0.7318548387096775,least_confidence,1,98.11172950098458
57,1b6e1_00000,57,0.7318548387096775,least_confidence,1,98.11172950098458
58,1b6e1_00000,58,0.7310344827586206,least_confidence,1,98.11172950098458
59,1b6e1_00000,59,0.8660714285714286,least_confidence,1,98.11172950098458
60,1b6e1_00000,60,0.953125,least_confidence,1,98.11172950098458
61,1b6e1_00000,61,0.9393939393939394,least_confidence,1,98.11172950098458
62,1b6e1_00000,62,0.8660714285714286,least_confidence,1,98.11172950098458
63,1b6e1_00000,63,0.6439393939393939,least_confidence,1,98.11172950098458
64,1b6e1_00000,64,0.8409090909090909,least_confidence,1,98.11172950098458
65,1b6e1_00000,65,0.7424242424242424,least_confidence,1,98.11172950098458
66,1b6e1_00000,66,0.6532258064516129,least_confidence,1,98.11172950098458
67,1b6e1_00000,67,0.7666666666666666,least_confidence,1,98.11172950098458
68,1b6e1_00000,68,0.8409090909090909,least_confidence,1,98.11172950098458
69,1b6e1_00000,69,0.8409090909090909,least_confidence,1,98.11172950098458
70,1b6e1_00000,70,0.8117647058823529,least_confidence,1,98.11172950098458
71,1b6e1_00000,71,0.7310344827586206,least_confidence,1,98.11172950098458
72,1b6e1_00000,72,0.7318548387096775,least_confidence,1,98.11172950098458
73,1b6e1_00000,73,0.5454545454545454,least_confidence,1,98.11172950098458
74,1b6e1_00000,74,0.9142857142857144,least_confidence,1,98.11172950098458
75,1b6e1_00000,75,0.8660714285714286,least_confidence,1,98.11172950098458
76,1b6e1_00000,76,0.9393939393939394,least_confidence,1,98.11172950098458
77,1b6e1_00000,77,0.8409090909090909,least_confidence,1,98.11172950098458
78,1b6e1_00000,78,0.953125,least_confidence,1,98.11172950098458
79,1b6e1_00000,79,0.7790178571428572,least_confidence,1,98.11172950098458
80,1b6e1_00000,80,0.810483870967742,least_confidence,1,98.11172950098458
81,1b6e1_00000,81,0.6919642857142857,least_confidence,1,98.11172950098458
82,1b6e1_00000,82,0.8117647058823529,least_confidence,1,98.11172950098458
83,1b6e1_00000,83,0.6944444444444444,least_confidence,1,98.11172950098458
84,1b6e1_00000,84,0.8409090909090909,least_confidence,1,98.11172950098458
85,1b6e1_00000,85,0.8660714285714286,least_confidence,1,98.11172950098458
86,1b6e1_00000,86,0.8117647058823529,least_confidence,1,98.11172950098458
87,1b6e1_00000,87,0.7982758620689655,least_confidence,1,98.11172950098458
88,1b6e1_00000,88,0.8660714285714286,least_confidence,1,98.11172950098458
89,1b6e1_00000,89,0.8117647058823529,least_confidence,1,98.11172950098458
90,1b6e1_00000,90,0.8388888888888889,least_confidence,1,98.11172950098458
91,1b6e1_00000,91,0.8891129032258065,least_confidence,1,98.11172950098458
92,1b6e1_00000,92,0.9393939393939394,least_confidence,1,98.11172950098458
93,1b6e1_00000,93,0.8117647058823529,least_confidence,1,98.11172950098458
94,1b6e1_00000,94,0.775,least_confidence,1,98.11172950098458
95,1b6e1_00000,95,0.9393939393939394,least_confidence,1,98.11172950098458
96,1b6e1_00000,96,0.8660714285714286,least_confidence,1,98.11172950098458
97,1b6e1_00000,97,0.7790178571428572,least_confidence,1,98.11172950098458
98,1b6e1_00000,98,0.8117647058823529,least_confidence,1,98.11172950098458
99,1b6e1_00000,99,0.8409090909090909,least_confidence,1,98.11172950098458
100,1b6e1_00000,100,0.7424242424242424,least_confidence,1,98.11172950098458
101,1b6e1_00000,101,0.810483870967742,least_confidence,1,98.11172950098458
102,1b6e1_00000,102,0.7790178571428572,least_confidence,1,98.11172950098458
103,1b6e1_00000,103,0.8409090909090909,least_confidence,1,98.11172950098458
104,1b6e1_00000,104,0.7424242424242424,least_confidence,1,98.11172950098458
105,1b6e1_00000,105,0.7318548387096775,least_confidence,1,98.11172950098458
106,1b6e1_00000,106,0.7790178571428572,least_confidence,1,98.11172950098458
107,1b6e1_00000,107,0.8117647058823529,least_confidence,1,98.11172950098458
108,1b6e1_00000,108,0.953125,least_confidence,1,98.11172950098458
109,1b6e1_00000,109,0.8409090909090909,least_confidence,1,98.11172950098458
110,1b6e1_00000,110,0.775,least_confidence,1,98.11172950098458
111,1b6e1_00000,111,0.8660714285714286,least_confidence,1,98.11172950098458
112,1b6e1_00000,112,0.8891129032258065,least_confidence,1,98.11172950098458
113,1b6e1_00000,113,0.9393939393939394,least_confidence,1,98.11172950098458
114,1b6e1_00000,114,0.810483870967742,least_confidence,1,98.11172950098458
115,1b6e1_00000,115,0.9142857142857144,least_confidence,1,98.11172950098458
116,1b6e1_00000,116,0.8117647058823529,least_confidence,1,98.11172950098458
117,1b6e1_00000,117,0.8117647058823529,least_confidence,1,98.11172950098458
118,1b6e1_00000,118,0.8117647058823529,least_confidence,1,98.11172950098458
119,1b6e1_00000,119,0.7790178571428572,least_confidence,1,98.11172950098458
120,1b6e1_00000,120,0.7318548387096775,least_confidence,1,98.11172950098458
121,1b6e1_00000,121,0.8660714285714286,least_confidence,1,98.11172950098458
122,1b6e1_00000,122,0.9142857142857144,least_confidence,1,98.11172950098458
123,1b6e1_00000,123,0.7790178571428572,least_confidence,1,98.11172950098458
124,1b6e1_00001,0,0.2564102564102564,least_confidence,2,101.34082021212004
125,1b6e1_00001,1,0.2727272727272727,least_confidence,2,101.34082021212004
126,1b6e1_00001,2,0.7065217391304348,least_confidence,2,101.34082021212004
127,1b6e1_00001,3,0.7435897435897436,least_confidence,2,101.34082021212004
128,1b6e1_00001,4,0.7435897435897436,least_confidence,2,101.34082021212004
129,1b6e1_00001,5,0.7318548387096775,least_confidence,2,101.34082021212004
130,1b6e1_00001,6,0.7435897435897436,least_confidence,2,101.34082021212004
131,1b6e1_00001,7,0.6944444444444444,least_confidence,2,101.34082021212004
132,1b6e1_00001,8,0.8409090909090909,least_confidence,2,101.34082021212004
133,1b6e1_00001,9,0.7361111111111112,least_confidence,2,101.34082021212004
134,1b6e1_00001,10,0.7790178571428572,least_confidence,2,101.34082021212004
135,1b6e1_00001,11,0.7646103896103896,least_confidence,2,101.34082021212004
136,1b6e1_00001,12,0.7318548387096775,least_confidence,2,101.34082021212004
137,1b6e1_00001,13,0.7982758620689655,least_confidence,2,101.34082021212004
138,1b6e1_00001,14,0.7962962962962963,least_confidence,2,101.34082021212004
139,1b6e1_00001,15,0.8269230769230769,least_confidence,2,101.34082021212004
140,1b6e1_00001,16,0.7310344827586206,least_confidence,2,101.34082021212004
141,1b6e1_00001,17,0.8125,least_confidence,2,101.34082021212004
142,1b6e1_00001,18,0.8014285714285714,least_confidence,2,101.34082021212004
143,1b6e1_00001,19,0.8564814814814814,least_confidence,2,101.34082021212004
144,1b6e1_00001,20,0.8388888888888889,least_confidence,2,101.34082021212004
145,1b6e1_00001,21,0.827922077922078,least_confidence,2,101.34082021212004
146,1b6e1_00001,22,0.8564814814814814,least_confidence,2,101.34082021212004
147,1b6e1_00001,23,0.7595108695652174,least_confidence,2,101.34082021212004
148,1b6e1_00001,24,0.7962962962962963,least_confidence,2,101.34082021212004
149,1b6e1_00001,25,0.7962962962962963,least_confidence,2,101.34082021212004
150,1b6e1_00001,26,0.7361111111111112,least_confidence,2,101.34082021212004
151,1b6e1_00001,27,0.8014285714285714,least_confidence,2,101.34082021212004
152,1b6e1_00001,28,0.8564814814814814,least_confidence,2,101.34082021212004
153,1b6e1_00001,29,0.7361111111111112,least_confidence,2,101.34082021212004
154,1b6e1_00001,30,0.7595108695652174,least_confidence,2,101.34082021212004
155,1b6e1_00001,31,0.8269230769230769,least_confidence,2,101.34082021212004
156,1b6e1_00001,32,0.7361111111111112,least_confidence,2,101.34082021212004
157,1b6e1_00001,33,0.8564814814814814,least_confidence,2,101.34082021212004
158,1b6e1_00001,34,0.7962962962962963,least_confidence,2,101.34082021212004
159,1b6e1_00001,35,0.7115384615384615,least_confidence,2,101.34082021212004
160,1b6e1_00001,36,0.7962962962962963,least_confidence,2,101.34082021212004
161,1b6e1_00001,37,0.8269230769230769,least_confidence,2,101.34082021212004
162,1b6e1_00001,38,0.7962962962962963,least_confidence,2,101.34082021212004
163,1b6e1_00001,39,0.810483870967742,least_confidence,2,101.34082021212004
164,1b6e1_00001,40,0.8014285714285714,least_confidence,2,101.34082021212004
165,1b6e1_00001,41,0.7692307692307693,least_confidence,2,101.34082021212004
166,1b6e1_00001,42,0.8564814814814814,least_confidence,2,101.34082021212004
167,1b6e1_00001,43,0.8564814814814814,least_confidence,2,101.34082021212004
168,1b6e1_00001,44,0.8269230769230769,least_confidence,2,101.34082021212004
169,1b6e1_00001,45,0.7962962962962963,least_confidence,2,101.34082021212004
170,1b6e1_00001,46,0.827922077922078,least_confidence,2,101.34082021212004
171,1b6e1_00001,47,0.8655172413793104,least_confidence,2,101.34082021212004
172,1b6e1_00001,48,0.7962962962962963,least_confidence,2,101.34082021212004
173,1b6e1_00001,49,0.7962962962962963,least_confidence,2,101.34082021212004
174,1b6e1_00001,50,0.8269230769230769,least_confidence,2,101.34082021212004
175,1b6e1_00001,51,0.8912337662337663,least_confidence,2,101.34082021212004
176,1b6e1_00001,52,0.8388888888888889,least_confidence,2,101.34082021212004
177,1b6e1_00001,53,0.827922077922078,least_confidence,2,101.34082021212004
178,1b6e1_00001,54,0.8388888888888889,least_confidence,2,101.34082021212004
179,1b6e1_00001,55,0.8564814814814814,least_confidence,2,101.34082021212004
180,1b6e1_00001,56,0.827922077922078,least_confidence,2,101.34082021212004
181,1b6e1_00001,57,0.9393939393939394,least_confidence,2,101.34082021212004
182,1b6e1_00001,58,0.8564814814814814,least_confidence,2,101.34082021212004
183,1b6e1_00001,59,0.8655172413793104,least_confidence,2,101.34082021212004
184,1b6e1_00001,60,0.827922077922078,least_confidence,2,101.34082021212004
185,1b6e1_00001,61,0.7962962962962963,least_confidence,2,101.34082021212004
186,1b6e1_00001,62,0.8912337662337663,least_confidence,2,101.34082021212004
187,1b6e1_00001,63,0.7962962962962963,least_confidence,2,101.34082021212004
188,1b6e1_00001,64,0.953125,least_confidence,2,101.34082021212004
189,1b6e1_00001,65,0.9111111111111111,least_confidence,2,101.34082021212004
190,1b6e1_00001,66,0.9111111111111111,least_confidence,2,101.34082021212004
191,1b6e1_00001,67,0.8655172413793104,least_confidence,2,101.34082021212004
192,1b6e1_00001,68,0.967741935483871,least_confidence,2,101.34082021212004
193,1b6e1_00001,69,0.827922077922078,least_confidence,2,101.34082021212004
194,1b6e1_00001,70,0.8655172413793104,least_confidence,2,101.34082021212004
195,1b6e1_00001,71,0.7982758620689655,least_confidence,2,101.34082021212004
196,1b6e1_00001,72,0.827922077922078,least_confidence,2,101.34082021212004
197,1b6e1_00001,73,0.8388888888888889,least_confidence,2,101.34082021212004
198,1b6e1_00001,74,0.8655172413793104,least_confidence,2,101.34082021212004
199,1b6e1_00001,75,0.7982758620689655,least_confidence,2,101.34082021212004
200,1b6e1_00001,76,0.8655172413793104,least_confidence,2,101.34082021212004
201,1b6e1_00001,77,0.8655172413793104,least_confidence,2,101.34082021212004
202,1b6e1_00001,78,0.8655172413793104,least_confidence,2,101.34082021212004
203,1b6e1_00001,79,0.827922077922078,least_confidence,2,101.34082021212004
204,1b6e1_00001,80,0.7646103896103896,least_confidence,2,101.34082021212004
205,1b6e1_00001,81,0.9111111111111111,least_confidence,2,101.34082021212004
206,1b6e1_00001,82,0.8655172413793104,least_confidence,2,101.34082021212004
207,1b6e1_00001,83,0.827922077922078,least_confidence,2,101.34082021212004
208,1b6e1_00001,84,0.8388888888888889,least_confidence,2,101.34082021212004
209,1b6e1_00001,85,0.8912337662337663,least_confidence,2,101.34082021212004
210,1b6e1_00001,86,0.827922077922078,least_confidence,2,101.34082021212004
211,1b6e1_00001,87,0.827922077922078,least_confidence,2,101.34082021212004
212,1b6e1_00001,88,0.8269230769230769,least_confidence,2,101.34082021212004
213,1b6e1_00001,89,0.827922077922078,least_confidence,2,101.34082021212004
214,1b6e1_00001,90,0.8655172413793104,least_confidence,2,101.34082021212004
215,1b6e1_00001,91,0.953125,least_confidence,2,101.34082021212004
216,1b6e1_00001,92,0.7982758620689655,least_confidence,2,101.34082021212004
217,1b6e1_00001,93,0.9111111111111111,least_confidence,2,101.34082021212004
218,1b6e1_00001,94,0.8655172413793104,least_confidence,2,101.34082021212004
219,1b6e1_00001,95,0.8655172413793104,least_confidence,2,101.34082021212004
220,1b6e1_00001,96,0.827922077922078,least_confidence,2,101.34082021212004
221,1b6e1_00001,97,0.8655172413793104,least_confidence,2,101.34082021212004
222,1b6e1_00001,98,0.7982758620689655,least_confidence,2,101.34082021212004
223,1b6e1_00001,99,0.8655172413793104,least_confidence,2,101.34082021212004
224,1b6e1_00001,100,0.827922077922078,least_confidence,2,101.34082021212004
225,1b6e1_00001,101,0.810483870967742,least_confidence,2,101.34082021212004
226,1b6e1_00001,102,0.8891129032258065,least_confidence,2,101.34082021212004
227,1b6e1_00001,103,0.7646103896103896,least_confidence,2,101.34082021212004
228,1b6e1_00001,104,0.827922077922078,least_confidence,2,101.34082021212004
229,1b6e1_00001,105,0.8912337662337663,least_confidence,2,101.34082021212004
230,1b6e1_00001,106,0.8564814814814814,least_confidence,2,101.34082021212004
231,1b6e1_00001,107,0.8891129032258065,least_confidence,2,101.34082021212004
232,1b6e1_00001,108,0.827922077922078,least_confidence,2,101.34082021212004
233,1b6e1_00001,109,0.8891129032258065,least_confidence,2,101.34082021212004
234,1b6e1_00001,110,0.9111111111111111,least_confidence,2,101.34082021212004
235,1b6e1_00001,111,0.827922077922078,least_confidence,2,101.34082021212004
236,1b6e1_00001,112,0.9833333333333334,least_confidence,2,101.34082021212004
237,1b6e1_00001,113,0.8655172413793104,least_confidence,2,101.34082021212004
238,1b6e1_00001,114,0.9111111111111111,least_confidence,2,101.34082021212004
239,1b6e1_00001,115,0.827922077922078,least_confidence,2,101.34082021212004
240,1b6e1_00001,116,0.8388888888888889,least_confidence,2,101.34082021212004
241,1b6e1_00001,117,0.8655172413793104,least_confidence,2,101.34082021212004
242,1b6e1_00001,118,0.810483870967742,least_confidence,2,101.34082021212004
243,1b6e1_00001,119,0.8655172413793104,least_confidence,2,101.34082021212004
244,1b6e1_00001,120,0.8655172413793104,least_confidence,2,101.34082021212004
245,1b6e1_00001,121,0.8655172413793104,least_confidence,2,101.34082021212004
246,1b6e1_00001,122,0.9111111111111111,least_confidence,2,101.34082021212004
247,1b6e1_00001,123,0.7982758620689655,least_confidence,2,101.34082021212004
248,1b6e1_00002,0,0.810483870967742,least_confidence,3,102.2451948998415
249,1b6e1_00002,1,0.7435897435897436,least_confidence,3,102.2451948998415
250,1b6e1_00002,2,0.9393939393939394,least_confidence,3,102.2451948998415
251,1b6e1_00002,3,0.9393939393939394,least_confidence,3,102.2451948998415
252,1b6e1_00002,4,0.69,least_confidence,3,102.2451948998415
253,1b6e1_00002,5,0.623015873015873,least_confidence,3,102.2451948998415
254,1b6e1_00002,6,0.6535326086956521,least_confidence,3,102.2451948998415
255,1b6e1_00002,7,0.7666666666666666,least_confidence,3,102.2451948998415
256,1b6e1_00002,8,0.6538461538461539,least_confidence,3,102.2451948998415
257,1b6e1_00002,9,0.5054347826086957,least_confidence,3,102.2451948998415
258,1b6e1_00002,10,0.7361111111111112,least_confidence,3,102.2451948998415
259,1b6e1_00002,11,0.5833333333333334,least_confidence,3,102.2451948998415
260,1b6e1_00002,12,0.6377005347593583,least_confidence,3,102.2451948998415
261,1b6e1_00002,13,0.6708333333333334,least_confidence,3,102.2451948998415
262,1b6e1_00002,14,0.6759259259259259,least_confidence,3,102.2451948998415
263,1b6e1_00002,15,0.7012987012987013,least_confidence,3,102.2451948998415
264,1b6e1_00002,16,0.5714285714285714,least_confidence,3,102.2451948998415
265,1b6e1_00002,17,0.6377005347593583,least_confidence,3,102.2451948998415
266,1b6e1_00002,18,0.6759259259259259,least_confidence,3,102.2451948998415
267,1b6e1_00002,19,0.8388888888888889,least_confidence,3,102.2451948998415
268,1b6e1_00002,20,0.6157407407407407,least_confidence,3,102.2451948998415
269,1b6e1_00002,21,0.7646103896103896,least_confidence,3,102.2451948998415
270,1b6e1_00002,22,0.6944444444444444,least_confidence,3,102.2451948998415
271,1b6e1_00002,23,0.7012987012987013,least_confidence,3,102.2451948998415
272,1b6e1_00002,24,0.810483870967742,least_confidence,3,102.2451948998415
273,1b6e1_00002,25,0.8660714285714286,least_confidence,3,102.2451948998415
274,1b6e1_00002,26,0.7646103896103896,least_confidence,3,102.2451948998415
275,1b6e1_00002,27,0.7012987012987013,least_confidence,3,102.2451948998415
276,1b6e1_00002,28,0.7666666666666666,least_confidence,3,102.2451948998415
277,1b6e1_00002,29,0.8388888888888889,least_confidence,3,102.2451948998415
278,1b6e1_00002,30,0.8388888888888889,least_confidence,3,102.2451948998415
279,1b6e1_00002,31,0.8388888888888889,least_confidence,3,102.2451948998415
280,1b6e1_00002,32,0.7790178571428572,least_confidence,3,102.2451948998415
281,1b6e1_00002,33,0.9393939393939394,least_confidence,3,102.2451948998415
282,1b6e1_00002,34,0.8660714285714286,least_confidence,3,102.2451948998415
283,1b6e1_00002,35,0.7982758620689655,least_confidence,3,102.2451948998415
284,1b6e1_00002,36,0.8891129032258065,least_confidence,3,102.2451948998415
285,1b6e1_00002,37,0.8660714285714286,least_confidence,3,102.2451948998415
286,1b6e1_00002,38,0.8891129032258065,least_confidence,3,102.2451948998415
287,1b6e1_00002,39,0.7982758620689655,least_confidence,3,102.2451948998415
288,1b6e1_00002,40,0.7666666666666666,least_confidence,3,102.2451948998415
289,1b6e1_00002,41,0.810483870967742,least_confidence,3,102.2451948998415
290,1b6e1_00002,42,0.8891129032258065,least_confidence,3,102.2451948998415
291,1b6e1_00002,43,0.8388888888888889,least_confidence,3,102.2451948998415
292,1b6e1_00002,44,0.7982758620689655,least_confidence,3,102.2451948998415
293,1b6e1_00002,45,0.7666666666666666,least_confidence,3,102.2451948998415
294,1b6e1_00002,46,0.8388888888888889,least_confidence,3,102.2451948998415
295,1b6e1_00002,47,0.810483870967742,least_confidence,3,102.2451948998415
296,1b6e1_00002,48,0.8660714285714286,least_confidence,3,102.2451948998415
297,1b6e1_00002,49,0.7666666666666666,least_confidence,3,102.2451948998415
298,1b6e1_00002,50,0.8891129032258065,least_confidence,3,102.2451948998415
299,1b6e1_00002,51,0.8660714285714286,least_confidence,3,102.2451948998415
300,1b6e1_00002,52,0.9264705882352942,least_confidence,3,102.2451948998415
301,1b6e1_00002,53,0.810483870967742,least_confidence,3,102.2451948998415
302,1b6e1_00002,54,0.8891129032258065,least_confidence,3,102.2451948998415
303,1b6e1_00002,55,0.8660714285714286,least_confidence,3,102.2451948998415
304,1b6e1_00002,56,0.7646103896103896,least_confidence,3,102.2451948998415
305,1b6e1_00002,57,0.827922077922078,least_confidence,3,102.2451948998415
306,1b6e1_00002,58,0.8655172413793104,least_confidence,3,102.2451948998415
307,1b6e1_00002,59,0.8660714285714286,least_confidence,3,102.2451948998415
308,1b6e1_00002,60,0.9111111111111111,least_confidence,3,102.2451948998415
309,1b6e1_00002,61,0.8660714285714286,least_confidence,3,102.2451948998415
310,1b6e1_00002,62,0.8409090909090909,least_confidence,3,102.2451948998415
311,1b6e1_00002,63,0.953125,least_confidence,3,102.2451948998415
312,1b6e1_00002,64,0.9393939393939394,least_confidence,3,102.2451948998415
313,1b6e1_00002,65,0.7982758620689655,least_confidence,3,102.2451948998415
314,1b6e1_00002,66,0.9111111111111111,least_confidence,3,102.2451948998415
315,1b6e1_00002,67,0.9327586206896552,least_confidence,3,102.2451948998415
316,1b6e1_00002,68,0.7982758620689655,least_confidence,3,102.2451948998415
317,1b6e1_00002,69,0.8891129032258065,least_confidence,3,102.2451948998415
318,1b6e1_00002,70,0.8564814814814814,least_confidence,3,102.2451948998415
319,1b6e1_00002,71,0.8660714285714286,least_confidence,3,102.2451948998415
320,1b6e1_00002,72,0.8912337662337663,least_confidence,3,102.2451948998415
321,1b6e1_00002,73,0.8655172413793104,least_confidence,3,102.2451948998415
322,1b6e1_00002,74,0.9833333333333334,least_confidence,3,102.2451948998415
323,1b6e1_00002,75,0.7982758620689655,least_confidence,3,102.2451948998415
324,1b6e1_00002,76,0.8891129032258065,least_confidence,3,102.2451948998415
325,1b6e1_00002,77,0.827922077922078,least_confidence,3,102.2451948998415
326,1b6e1_00002,78,0.9327586206896552,least_confidence,3,102.2451948998415
327,1b6e1_00002,79,0.8388888888888889,least_confidence,3,102.2451948998415
328,1b6e1_00002,80,0.9327586206896552,least_confidence,3,102.2451948998415
329,1b6e1_00002,81,0.9393939393939394,least_confidence,3,102.2451948998415
330,1b6e1_00002,82,0.9327586206896552,least_confidence,3,102.2451948998415
331,1b6e1_00002,83,0.8660714285714286,least_confidence,3,102.2451948998415
332,1b6e1_00002,84,0.9327586206896552,least_confidence,3,102.2451948998415
333,1b6e1_00002,85,0.9111111111111111,least_confidence,3,102.2451948998415
334,1b6e1_00002,86,0.8660714285714286,least_confidence,3,102.2451948998415
335,1b6e1_00002,87,0.8891129032258065,least_confidence,3,102.2451948998415
336,1b6e1_00002,88,0.8660714285714286,least_confidence,3,102.2451948998415
337,1b6e1_00002,89,0.8388888888888889,least_confidence,3,102.2451948998415
338,1b6e1_00002,90,0.953125,least_confidence,3,102.2451948998415
339,1b6e1_00002,91,0.8655172413793104,least_confidence,3,102.2451948998415
340,1b6e1_00002,92,0.8660714285714286,least_confidence,3,102.2451948998415
341,1b6e1_00002,93,0.8660714285714286,least_confidence,3,102.2451948998415
342,1b6e1_00002,94,0.8655172413793104,least_confidence,3,102.2451948998415
343,1b6e1_00002,95,0.8388888888888889,least_confidence,3,102.2451948998415
344,1b6e1_00002,96,0.8388888888888889,least_confidence,3,102.2451948998415
345,1b6e1_00002,97,0.9111111111111111,least_confidence,3,102.2451948998415
346,1b6e1_00002,98,0.9393939393939394,least_confidence,3,102.2451948998415
347,1b6e1_00002,99,0.810483870967742,least_confidence,3,102.2451948998415
348,1b6e1_00002,100,0.8660714285714286,least_confidence,3,102.2451948998415
349,1b6e1_00002,101,0.9393939393939394,least_confidence,3,102.2451948998415
350,1b6e1_00002,102,0.967741935483871,least_confidence,3,102.2451948998415
351,1b6e1_00002,103,0.8912337662337663,least_confidence,3,102.2451948998415
352,1b6e1_00002,104,0.810483870967742,least_confidence,3,102.2451948998415
353,1b6e1_00002,105,0.8660714285714286,least_confidence,3,102.2451948998415
354,1b6e1_00002,106,0.8891129032258065,least_confidence,3,102.2451948998415
355,1b6e1_00002,107,0.8891129032258065,least_confidence,3,102.2451948998415
356,1b6e1_00002,108,0.8388888888888889,least_confidence,3,102.2451948998415
357,1b6e1_00002,109,0.827922077922078,least_confidence,3,102.2451948998415
358,1b6e1_00002,110,0.8912337662337663,least_confidence,3,102.2451948998415
359,1b6e1_00002,111,0.8891129032258065,least_confidence,3,102.2451948998415
360,1b6e1_00002,112,0.8655172413793104,least_confidence,3,102.2451948998415
361,1b6e1_00002,113,0.8564814814814814,least_confidence,3,102.2451948998415
362,1b6e1_00002,114,0.8660714285714286,least_confidence,3,102.2451948998415
363,1b6e1_00002,115,0.8655172413793104,least_confidence,3,102.2451948998415
364,1b6e1_00002,116,0.8660714285714286,least_confidence,3,102.2451948998415
365,1b6e1_00002,117,0.8660714285714286,least_confidence,3,102.2451948998415
366,1b6e1_00002,118,0.8655172413793104,least_confidence,3,102.2451948998415
367,1b6e1_00002,119,0.8655172413793104,least_confidence,3,102.2451948998415
368,1b6e1_00002,120,0.9111111111111111,least_confidence,3,102.2451948998415
369,1b6e1_00002,121,0.8891129032258065,least_confidence,3,102.2451948998415
370,1b6e1_00002,122,0.827922077922078,least_confidence,3,102.2451948998415
371,1b6e1_00002,123,0.827922077922078,least_confidence,3,102.2451948998415
372,1b6e1_00003,0,0.6666666666666666,least_confidence,4,95.45589496204713
373,1b6e1_00003,1,0.6605263157894736,least_confidence,4,95.45589496204713
374,1b6e1_00003,2,0.6919642857142857,least_confidence,4,95.45589496204713
375,1b6e1_00003,3,0.7435897435897436,least_confidence,4,95.45589496204713
376,1b6e1_00003,4,0.6532258064516129,least_confidence,4,95.45589496204713
377,1b6e1_00003,5,0.7419786096256684,least_confidence,4,95.45589496204713
378,1b6e1_00003,6,0.55,least_confidence,4,95.45589496204713
379,1b6e1_00003,7,0.7310344827586206,least_confidence,4,95.45589496204713
380,1b6e1_00003,8,0.6759259259259259,least_confidence,4,95.45589496204713
381,1b6e1_00003,9,0.6759259259259259,least_confidence,4,95.45589496204713
382,1b6e1_00003,10,0.6535326086956521,least_confidence,4,95.45589496204713
383,1b6e1_00003,11,0.69,least_confidence,4,95.45589496204713
384,1b6e1_00003,12,0.6538461538461539,least_confidence,4,95.45589496204713
385,1b6e1_00003,13,0.7012987012987013,least_confidence,4,95.45589496204713
386,1b6e1_00003,14,0.6759259259259259,least_confidence,4,95.45589496204713
387,1b6e1_00003,15,0.7310344827586206,least_confidence,4,95.45589496204713
388,1b6e1_00003,16,0.6532258064516129,least_confidence,4,95.45589496204713
389,1b6e1_00003,17,0.7012987012987013,least_confidence,4,95.45589496204713
390,1b6e1_00003,18,0.6708333333333334,least_confidence,4,95.45589496204713
391,1b6e1_00003,19,0.637987012987013,least_confidence,4,95.45589496204713
392,1b6e1_00003,20,0.7012987012987013,least_confidence,4,95.45589496204713
393,1b6e1_00003,21,0.6759259259259259,least_confidence,4,95.45589496204713
394,1b6e1_00003,22,0.7666666666666666,least_confidence,4,95.45589496204713
395,1b6e1_00003,23,0.7115384615384615,least_confidence,4,95.45589496204713
396,1b6e1_00003,24,0.7115384615384615,least_confidence,4,95.45589496204713
397,1b6e1_00003,25,0.637987012987013,least_confidence,4,95.45589496204713
398,1b6e1_00003,26,0.6919642857142857,least_confidence,4,95.45589496204713
399,1b6e1_00003,27,0.7646103896103896,least_confidence,4,95.45589496204713
400,1b6e1_00003,28,0.7310344827586206,least_confidence,4,95.45589496204713
401,1b6e1_00003,29,0.637987012987013,least_confidence,4,95.45589496204713
402,1b6e1_00003,30,0.7115384615384615,least_confidence,4,95.45589496204713
403,1b6e1_00003,31,0.7646103896103896,least_confidence,4,95.45589496204713
404,1b6e1_00003,32,0.6222222222222222,least_confidence,4,95.45589496204713
405,1b6e1_00003,33,0.7790178571428572,least_confidence,4,95.45589496204713
406,1b6e1_00003,34,0.7424242424242424,least_confidence,4,95.45589496204713
407,1b6e1_00003,35,0.7666666666666666,least_confidence,4,95.45589496204713
408,1b6e1_00003,36,0.7666666666666666,least_confidence,4,95.45589496204713
409,1b6e1_00003,37,0.810483870967742,least_confidence,4,95.45589496204713
410,1b6e1_00003,38,0.7424242424242424,least_confidence,4,95.45589496204713
411,1b6e1_00003,39,0.7790178571428572,least_confidence,4,95.45589496204713
412,1b6e1_00003,40,0.7646103896103896,least_confidence,4,95.45589496204713
413,1b6e1_00003,41,0.8388888888888889,least_confidence,4,95.45589496204713
414,1b6e1_00003,42,0.8409090909090909,least_confidence,4,95.45589496204713
415,1b6e1_00003,43,0.7790178571428572,least_confidence,4,95.45589496204713
416,1b6e1_00003,44,0.8891129032258065,least_confidence,4,95.45589496204713
417,1b6e1_00003,45,0.6944444444444444,least_confidence,4,95.45589496204713
418,1b6e1_00003,46,0.7790178571428572,least_confidence,4,95.45589496204713
419,1b6e1_00003,47,0.7318548387096775,least_confidence,4,95.45589496204713
420,1b6e1_00003,48,0.8891129032258065,least_confidence,4,95.45589496204713
421,1b6e1_00003,49,0.8409090909090909,least_confidence,4,95.45589496204713
422,1b6e1_00003,50,0.8660714285714286,least_confidence,4,95.45589496204713
423,1b6e1_00003,51,0.6919642857142857,least_confidence,4,95.45589496204713
424,1b6e1_00003,52,0.8409090909090909,least_confidence,4,95.45589496204713
425,1b6e1_00003,53,0.8660714285714286,least_confidence,4,95.45589496204713
426,1b6e1_00003,54,0.7982758620689655,least_confidence,4,95.45589496204713
427,1b6e1_00003,55,0.8409090909090909,least_confidence,4,95.45589496204713
428,1b6e1_00003,56,0.6919642857142857,least_confidence,4,95.45589496204713
429,1b6e1_00003,57,0.9393939393939394,least_confidence,4,95.45589496204713
430,1b6e1_00003,58,0.9393939393939394,least_confidence,4,95.45589496204713
431,1b6e1_00003,59,0.827922077922078,least_confidence,4,95.45589496204713
432,1b6e1_00003,60,0.7790178571428572,least_confidence,4,95.45589496204713
433,1b6e1_00003,61,0.7666666666666666,least_confidence,4,95.45589496204713
434,1b6e1_00003,62,0.7790178571428572,least_confidence,4,95.45589496204713
435,1b6e1_00003,63,0.7310344827586206,least_confidence,4,95.45589496204713
436,1b6e1_00003,64,0.7666666666666666,least_confidence,4,95.45589496204713
437,1b6e1_00003,65,0.8388888888888889,least_confidence,4,95.45589496204713
438,1b6e1_00003,66,0.8660714285714286,least_confidence,4,95.45589496204713
439,1b6e1_00003,67,0.8891129032258065,least_confidence,4,95.45589496204713
440,1b6e1_00003,68,0.810483870967742,least_confidence,4,95.45589496204713
441,1b6e1_00003,69,0.8388888888888889,least_confidence,4,95.45589496204713
442,1b6e1_00003,70,0.810483870967742,least_confidence,4,95.45589496204713
443,1b6e1_00003,71,0.8660714285714286,least_confidence,4,95.45589496204713
444,1b6e1_00003,72,0.8660714285714286,least_confidence,4,95.45589496204713
445,1b6e1_00003,73,0.810483870967742,least_confidence,4,95.45589496204713
446,1b6e1_00003,74,0.8409090909090909,least_confidence,4,95.45589496204713
447,1b6e1_00003,75,0.7646103896103896,least_confidence,4,95.45589496204713
448,1b6e1_00003,76,0.8660714285714286,least_confidence,4,95.45589496204713
449,1b6e1_00003,77,0.8409090909090909,least_confidence,4,95.45589496204713
450,1b6e1_00003,78,0.7666666666666666,least_confidence,4,95.45589496204713
451,1b6e1_00003,79,0.6919642857142857,least_confidence,4,95.45589496204713
452,1b6e1_00003,80,0.8388888888888889,least_confidence,4,95.45589496204713
453,1b6e1_00003,81,0.7790178571428572,least_confidence,4,95.45589496204713
454,1b6e1_00003,82,0.7790178571428572,least_confidence,4,95.45589496204713
455,1b6e1_00003,83,0.8660714285714286,least_confidence,4,95.45589496204713
456,1b6e1_00003,84,0.827922077922078,least_confidence,4,95.45589496204713
457,1b6e1_00003,85,0.810483870967742,least_confidence,4,95.45589496204713
458,1b6e1_00003,86,0.7962962962962963,least_confidence,4,95.45589496204713
459,1b6e1_00003,87,0.9264705882352942,least_confidence,4,95.45589496204713
460,1b6e1_00003,88,0.6944444444444444,least_confidence,4,95.45589496204713
461,1b6e1_00003,89,0.8660714285714286,least_confidence,4,95.45589496204713
462,1b6e1_00003,90,0.8891129032258065,least_confidence,4,95.45589496204713
463,1b6e1_00003,91,0.8660714285714286,least_confidence,4,95.45589496204713
464,1b6e1_00003,92,0.810483870967742,least_confidence,4,95.45589496204713
465,1b6e1_00003,93,0.7790178571428572,least_confidence,4,95.45589496204713
466,1b6e1_00003,94,0.7666666666666666,least_confidence,4,95.45589496204713
467,1b6e1_00003,95,0.7790178571428572,least_confidence,4,95.45589496204713
468,1b6e1_00003,96,0.7666666666666666,least_confidence,4,95.45589496204713
469,1b6e1_00003,97,0.810483870967742,least_confidence,4,95.45589496204713
470,1b6e1_00003,98,0.810483870967742,least_confidence,4,95.45589496204713
471,1b6e1_00003,99,0.8891129032258065,least_confidence,4,95.45589496204713
472,1b6e1_00003,100,0.637987012987013,least_confidence,4,95.45589496204713
473,1b6e1_00003,101,0.7666666666666666,least_confidence,4,95.45589496204713
474,1b6e1_00003,102,0.8660714285714286,least_confidence,4,95.45589496204713
475,1b6e1_00003,103,0.8409090909090909,least_confidence,4,95.45589496204713
476,1b6e1_00003,104,0.810483870967742,least_confidence,4,95.45589496204713
477,1b6e1_00003,105,0.9264705882352942,least_confidence,4,95.45589496204713
478,1b6e1_00003,106,0.7666666666666666,least_confidence,4,95.45589496204713
479,1b6e1_00003,107,0.8660714285714286,least_confidence,4,95.45589496204713
480,1b6e1_00003,108,0.7424242424242424,least_confidence,4,95.45589496204713
481,1b6e1_00003,109,0.8660714285714286,least_confidence,4,95.45589496204713
482,1b6e1_00003,110,0.8655172413793104,least_confidence,4,95.45589496204713
483,1b6e1_00003,111,0.7982758620689655,least_confidence,4,95.45589496204713
484,1b6e1_00003,112,0.8388888888888889,least_confidence,4,95.45589496204713
485,1b6e1_00003,113,0.6637931034482758,least_confidence,4,95.45589496204713
486,1b6e1_00003,114,0.7318548387096775,least_confidence,4,95.45589496204713
487,1b6e1_00003,115,0.810483870967742,least_confidence,4,95.45589496204713
488,1b6e1_00003,116,0.8388888888888889,least_confidence,4,95.45589496204713
489,1b6e1_00003,117,0.7666666666666666,least_confidence,4,95.45589496204713
490,1b6e1_00003,118,0.810483870967742,least_confidence,4,95.45589496204713
491,1b6e1_00003,119,0.7982758620689655,least_confidence,4,95.45589496204713
492,1b6e1_00003,120,0.7982758620689655,least_confidence,4,95.45589496204713
493,1b6e1_00003,121,0.7666666666666666,least_confidence,4,95.45589496204713
494,1b6e1_00003,122,0.810483870967742,least_confidence,4,95.45589496204713
495,1b6e1_00003,123,0.8655172413793104,least_confidence,4,95.45589496204713
496,1b6e1_00004,0,0.6222222222222222,least_confidence,5,96.20285250639483
497,1b6e1_00004,1,0.7012987012987013,least_confidence,5,96.20285250639483
498,1b6e1_00004,2,0.6898395721925134,least_confidence,5,96.20285250639483
499,1b6e1_00004,3,0.7595108695652174,least_confidence,5,96.20285250639483
500,1b6e1_00004,4,0.7666666666666666,least_confidence,5,96.20285250639483
501,1b6e1_00004,5,0.5823529411764705,least_confidence,5,96.20285250639483
502,1b6e1_00004,6,0.7318548387096775,least_confidence,5,96.20285250639483
503,1b6e1_00004,7,0.6708333333333334,least_confidence,5,96.20285250639483
504,1b6e1_00004,8,0.7361111111111112,least_confidence,5,96.20285250639483
505,1b6e1_00004,9,0.7318548387096775,least_confidence,5,96.20285250639483
506,1b6e1_00004,10,0.7361111111111112,least_confidence,5,96.20285250639483
507,1b6e1_00004,11,0.69,least_confidence,5,96.20285250639483
508,1b6e1_00004,12,0.7012987012987013,least_confidence,5,96.20285250639483
509,1b6e1_00004,13,0.7646103896103896,least_confidence,5,96.20285250639483
510,1b6e1_00004,14,0.725,least_confidence,5,96.20285250639483
511,1b6e1_00004,15,0.7646103896103896,least_confidence,5,96.20285250639483
512,1b6e1_00004,16,0.827922077922078,least_confidence,5,96.20285250639483
513,1b6e1_00004,17,0.7646103896103896,least_confidence,5,96.20285250639483
514,1b6e1_00004,18,0.7318548387096775,least_confidence,5,96.20285250639483
515,1b6e1_00004,19,0.810483870967742,least_confidence,5,96.20285250639483
516,1b6e1_00004,20,0.8409090909090909,least_confidence,5,96.20285250639483
517,1b6e1_00004,21,0.7012987012987013,least_confidence,5,96.20285250639483
518,1b6e1_00004,22,0.7318548387096775,least_confidence,5,96.20285250639483
519,1b6e1_00004,23,0.6944444444444444,least_confidence,5,96.20285250639483
520,1b6e1_00004,24,0.5746753246753247,least_confidence,5,96.20285250639483
521,1b6e1_00004,25,0.8117647058823529,least_confidence,5,96.20285250639483
522,1b6e1_00004,26,0.8117647058823529,least_confidence,5,96.20285250639483
523,1b6e1_00004,27,0.8409090909090909,least_confidence,5,96.20285250639483
524,1b6e1_00004,28,0.6538461538461539,least_confidence,5,96.20285250639483
525,1b6e1_00004,29,0.7692307692307693,least_confidence,5,96.20285250639483
526,1b6e1_00004,30,0.7790178571428572,least_confidence,5,96.20285250639483
527,1b6e1_00004,31,0.6944444444444444,least_confidence,5,96.20285250639483
528,1b6e1_00004,32,0.8660714285714286,least_confidence,5,96.20285250639483
529,1b6e1_00004,33,0.7318548387096775,least_confidence,5,96.20285250639483
530,1b6e1_00004,34,0.6222222222222222,least_confidence,5,96.20285250639483
531,1b6e1_00004,35,0.810483870967742,least_confidence,5,96.20285250639483
532,1b6e1_00004,36,0.8409090909090909,least_confidence,5,96.20285250639483
533,1b6e1_00004,37,0.7790178571428572,least_confidence,5,96.20285250639483
534,1b6e1_00004,38,0.7115384615384615,least_confidence,5,96.20285250639483
535,1b6e1_00004,39,0.7012987012987013,least_confidence,5,96.20285250639483
536,1b6e1_00004,40,0.725,least_confidence,5,96.20285250639483
537,1b6e1_00004,41,0.775,least_confidence,5,96.20285250639483
538,1b6e1_00004,42,0.7982758620689655,least_confidence,5,96.20285250639483
539,1b6e1_00004,43,0.7318548387096775,least_confidence,5,96.20285250639483
540,1b6e1_00004,44,0.7790178571428572,least_confidence,5,96.20285250639483
541,1b6e1_00004,45,0.6222222222222222,least_confidence,5,96.20285250639483
542,1b6e1_00004,46,0.6532258064516129,least_confidence,5,96.20285250639483
543,1b6e1_00004,47,0.7666666666666666,least_confidence,5,96.20285250639483
544,1b6e1_00004,48,0.6919642857142857,least_confidence,5,96.20285250639483
545,1b6e1_00004,49,0.8117647058823529,least_confidence,5,96.20285250639483
546,1b6e1_00004,50,0.7790178571428572,least_confidence,5,96.20285250639483
547,1b6e1_00004,51,0.9264705882352942,least_confidence,5,96.20285250639483
548,1b6e1_00004,52,0.810483870967742,least_confidence,5,96.20285250639483
549,1b6e1_00004,53,0.7318548387096775,least_confidence,5,96.20285250639483
550,1b6e1_00004,54,0.8117647058823529,least_confidence,5,96.20285250639483
551,1b6e1_00004,55,0.6919642857142857,least_confidence,5,96.20285250639483
552,1b6e1_00004,56,0.8388888888888889,least_confidence,5,96.20285250639483
553,1b6e1_00004,57,0.7318548387096775,least_confidence,5,96.20285250639483
554,1b6e1_00004,58,0.7790178571428572,least_confidence,5,96.20285250639483
555,1b6e1_00004,59,0.6222222222222222,least_confidence,5,96.20285250639483
556,1b6e1_00004,60,0.7318548387096775,least_confidence,5,96.20285250639483
557,1b6e1_00004,61,0.6919642857142857,least_confidence,5,96.20285250639483
558,1b6e1_00004,62,0.7424242424242424,least_confidence,5,96.20285250639483
559,1b6e1_00004,63,0.810483870967742,least_confidence,5,96.20285250639483
560,1b6e1_00004,64,0.7790178571428572,least_confidence,5,96.20285250639483
561,1b6e1_00004,65,0.7424242424242424,least_confidence,5,96.20285250639483
562,1b6e1_00004,66,0.8409090909090909,least_confidence,5,96.20285250639483
563,1b6e1_00004,67,0.8409090909090909,least_confidence,5,96.20285250639483
564,1b6e1_00004,68,0.7424242424242424,least_confidence,5,96.20285250639483
565,1b6e1_00004,69,0.7318548387096775,least_confidence,5,96.20285250639483
566,1b6e1_00004,70,0.953125,least_confidence,5,96.20285250639483
567,1b6e1_00004,71,0.8117647058823529,least_confidence,5,96.20285250639483
568,1b6e1_00004,72,0.8660714285714286,least_confidence,5,96.20285250639483
569,1b6e1_00004,73,0.827922077922078,least_confidence,5,96.20285250639483
570,1b6e1_00004,74,0.7790178571428572,least_confidence,5,96.20285250639483
571,1b6e1_00004,75,0.9393939393939394,least_confidence,5,96.20285250639483
572,1b6e1_00004,76,0.7666666666666666,least_confidence,5,96.20285250639483
573,1b6e1_00004,77,0.8409090909090909,least_confidence,5,96.20285250639483
574,1b6e1_00004,78,0.810483870967742,least_confidence,5,96.20285250639483
575,1b6e1_00004,79,0.8388888888888889,least_confidence,5,96.20285250639483
576,1b6e1_00004,80,0.8660714285714286,least_confidence,5,96.20285250639483
577,1b6e1_00004,81,0.7318548387096775,least_confidence,5,96.20285250639483
578,1b6e1_00004,82,0.810483870967742,least_confidence,5,96.20285250639483
579,1b6e1_00004,83,0.9264705882352942,least_confidence,5,96.20285250639483
580,1b6e1_00004,84,0.8660714285714286,least_confidence,5,96.20285250639483
581,1b6e1_00004,85,0.9264705882352942,least_confidence,5,96.20285250639483
582,1b6e1_00004,86,0.8388888888888889,least_confidence,5,96.20285250639483
583,1b6e1_00004,87,0.8409090909090909,least_confidence,5,96.20285250639483
584,1b6e1_00004,88,0.9264705882352942,least_confidence,5,96.20285250639483
585,1b6e1_00004,89,0.9264705882352942,least_confidence,5,96.20285250639483
586,1b6e1_00004,90,0.8117647058823529,least_confidence,5,96.20285250639483
587,1b6e1_00004,91,0.8388888888888889,least_confidence,5,96.20285250639483
588,1b6e1_00004,92,0.8660714285714286,least_confidence,5,96.20285250639483
589,1b6e1_00004,93,0.9264705882352942,least_confidence,5,96.20285250639483
590,1b6e1_00004,94,0.9142857142857144,least_confidence,5,96.20285250639483
591,1b6e1_00004,95,0.7318548387096775,least_confidence,5,96.20285250639483
592,1b6e1_00004,96,0.810483870967742,least_confidence,5,96.20285250639483
593,1b6e1_00004,97,0.7982758620689655,least_confidence,5,96.20285250639483
594,1b6e1_00004,98,0.953125,least_confidence,5,96.20285250639483
595,1b6e1_00004,99,0.8655172413793104,least_confidence,5,96.20285250639483
596,1b6e1_00004,100,0.7318548387096775,least_confidence,5,96.20285250639483
597,1b6e1_00004,101,0.8117647058823529,least_confidence,5,96.20285250639483
598,1b6e1_00004,102,0.8409090909090909,least_confidence,5,96.20285250639483
599,1b6e1_00004,103,0.7982758620689655,least_confidence,5,96.20285250639483
600,1b6e1_00004,104,0.7310344827586206,least_confidence,5,96.20285250639483
601,1b6e1_00004,105,0.8660714285714286,least_confidence,5,96.20285250639483
602,1b6e1_00004,106,0.7790178571428572,least_confidence,5,96.20285250639483
603,1b6e1_00004,107,0.8409090909090909,least_confidence,5,96.20285250639483
604,1b6e1_00004,108,0.7424242424242424,least_confidence,5,96.20285250639483
605,1b6e1_00004,109,0.8409090909090909,least_confidence,5,96.20285250639483
606,1b6e1_00004,110,0.7318548387096775,least_confidence,5,96.20285250639483
607,1b6e1_00004,111,0.7318548387096775,least_confidence,5,96.20285250639483
608,1b6e1_00004,112,0.8660714285714286,least_confidence,5,96.20285250639483
609,1b6e1_00004,113,0.7790178571428572,least_confidence,5,96.20285250639483
610,1b6e1_00004,114,0.810483870967742,least_confidence,5,96.20285250639483
611,1b6e1_00004,115,0.8409090909090909,least_confidence,5,96.20285250639483
612,1b6e1_00004,116,0.7790178571428572,least_confidence,5,96.20285250639483
613,1b6e1_00004,117,0.7982758620689655,least_confidence,5,96.20285250639483
614,1b6e1_00004,118,0.7666666666666666,least_confidence,5,96.20285250639483
615,1b6e1_00004,119,0.8891129032258065,least_confidence,5,96.20285250639483
616,1b6e1_00004,120,0.8660714285714286,least_confidence,5,96.20285250639483
617,1b6e1_00004,121,0.6944444444444444,least_confidence,5,96.20285250639483
618,1b6e1_00004,122,0.810483870967742,least_confidence,5,96.20285250639483
619,1b6e1_00004,123,0.6919642857142857,least_confidence,5,96.20285250639483
620,1b6e1_00005,0,0.6970588235294117,entropy,1,94.49229655297437
621,1b6e1_00005,1,0.6473684210526316,entropy,1,94.49229655297437
622,1b6e1_00005,2,0.6357142857142857,entropy,1,94.49229655297437
623,1b6e1_00005,3,0.49642857142857144,entropy,1,94.49229655297437
624,1b6e1_00005,4,0.7222222222222222,entropy,1,94.49229655297437
625,1b6e1_00005,5,0.8918918918918919,entropy,1,94.49229655297437
626,1b6e1_00005,6,0.775,entropy,1,94.49229655297437
627,1b6e1_00005,7,0.7222222222222222,entropy,1,94.49229655297437
628,1b6e1_00005,8,0.6637931034482758,entropy,1,94.49229655297437
629,1b6e1_00005,9,0.775,entropy,1,94.49229655297437
630,1b6e1_00005,10,0.7222222222222222,entropy,1,94.49229655297437
631,1b6e1_00005,11,0.6439393939393939,entropy,1,94.49229655297437
632,1b6e1_00005,12,0.8918918918918919,entropy,1,94.49229655297437
633,1b6e1_00005,13,0.9027777777777778,entropy,1,94.49229655297437
634,1b6e1_00005,14,0.8918918918918919,entropy,1,94.49229655297437
635,1b6e1_00005,15,0.7222222222222222,entropy,1,94.49229655297437
636,1b6e1_00005,16,0.7424242424242424,entropy,1,94.49229655297437
637,1b6e1_00005,17,0.7424242424242424,entropy,1,94.49229655297437
638,1b6e1_00005,18,0.596551724137931,entropy,1,94.49229655297437
639,1b6e1_00005,19,0.7424242424242424,entropy,1,94.49229655297437
640,1b6e1_00005,20,0.5823529411764705,entropy,1,94.49229655297437
641,1b6e1_00005,21,0.8388888888888889,entropy,1,94.49229655297437
642,1b6e1_00005,22,0.8117647058823529,entropy,1,94.49229655297437
643,1b6e1_00005,23,0.8409090909090909,entropy,1,94.49229655297437
644,1b6e1_00005,24,0.7424242424242424,entropy,1,94.49229655297437
645,1b6e1_00005,25,0.7222222222222222,entropy,1,94.49229655297437
646,1b6e1_00005,26,0.775,entropy,1,94.49229655297437
647,1b6e1_00005,27,0.7790178571428572,entropy,1,94.49229655297437
648,1b6e1_00005,28,0.775,entropy,1,94.49229655297437
649,1b6e1_00005,29,0.7222222222222222,entropy,1,94.49229655297437
650,1b6e1_00005,30,0.7318548387096775,entropy,1,94.49229655297437
651,1b6e1_00005,31,0.7222222222222222,entropy,1,94.49229655297437
652,1b6e1_00005,32,0.7646103896103896,entropy,1,94.49229655297437
653,1b6e1_00005,33,0.8117647058823529,entropy,1,94.49229655297437
654,1b6e1_00005,34,0.7790178571428572,entropy,1,94.49229655297437
655,1b6e1_00005,35,0.810483870967742,entropy,1,94.49229655297437
656,1b6e1_00005,36,0.7982758620689655,entropy,1,94.49229655297437
657,1b6e1_00005,37,0.7318548387096775,entropy,1,94.49229655297437
658,1b6e1_00005,38,0.810483870967742,entropy,1,94.49229655297437
659,1b6e1_00005,39,0.7982758620689655,entropy,1,94.49229655297437
660,1b6e1_00005,40,0.6157407407407407,entropy,1,94.49229655297437
661,1b6e1_00005,41,0.7790178571428572,entropy,1,94.49229655297437
662,1b6e1_00005,42,0.810483870967742,entropy,1,94.49229655297437
663,1b6e1_00005,43,0.8117647058823529,entropy,1,94.49229655297437
664,1b6e1_00005,44,0.7646103896103896,entropy,1,94.49229655297437
665,1b6e1_00005,45,0.7790178571428572,entropy,1,94.49229655297437
666,1b6e1_00005,46,0.827922077922078,entropy,1,94.49229655297437
667,1b6e1_00005,47,0.827922077922078,entropy,1,94.49229655297437
668,1b6e1_00005,48,0.7310344827586206,entropy,1,94.49229655297437
669,1b6e1_00005,49,0.7666666666666666,entropy,1,94.49229655297437
670,1b6e1_00005,50,0.6919642857142857,entropy,1,94.49229655297437
671,1b6e1_00005,51,0.7457142857142858,entropy,1,94.49229655297437
672,1b6e1_00005,52,0.7692307692307693,entropy,1,94.49229655297437
673,1b6e1_00005,53,0.6944444444444444,entropy,1,94.49229655297437
674,1b6e1_00005,54,0.7310344827586206,entropy,1,94.49229655297437
675,1b6e1_00005,55,0.7666666666666666,entropy,1,94.49229655297437
676,1b6e1_00005,56,0.7790178571428572,entropy,1,94.49229655297437
677,1b6e1_00005,57,0.8409090909090909,entropy,1,94.49229655297437
678,1b6e1_00005,58,0.6919642857142857,entropy,1,94.49229655297437
679,1b6e1_00005,59,0.810483870967742,entropy,1,94.49229655297437
680,1b6e1_00005,60,0.6637931034482758,entropy,1,94.49229655297437
681,1b6e1_00005,61,0.6532258064516129,entropy,1,94.49229655297437
682,1b6e1_00005,62,0.7318548387096775,entropy,1,94.49229655297437
683,1b6e1_00005,63,0.6637931034482758,entropy,1,94.49229655297437
684,1b6e1_00005,64,0.7666666666666666,entropy,1,94.49229655297437
685,1b6e1_00005,65,0.6637931034482758,entropy,1,94.49229655297437
686,1b6e1_00005,66,0.7012987012987013,entropy,1,94.49229655297437
687,1b6e1_00005,67,0.6637931034482758,entropy,1,94.49229655297437
688,1b6e1_00005,68,0.827922077922078,entropy,1,94.49229655297437
689,1b6e1_00005,69,0.7666666666666666,entropy,1,94.49229655297437
690,1b6e1_00005,70,0.7318548387096775,entropy,1,94.49229655297437
691,1b6e1_00005,71,0.6759259259259259,entropy,1,94.49229655297437
692,1b6e1_00005,72,0.6532258064516129,entropy,1,94.49229655297437
693,1b6e1_00005,73,0.7646103896103896,entropy,1,94.49229655297437
694,1b6e1_00005,74,0.7424242424242424,entropy,1,94.49229655297437
695,1b6e1_00005,75,0.7666666666666666,entropy,1,94.49229655297437
696,1b6e1_00005,76,0.7692307692307693,entropy,1,94.49229655297437
697,1b6e1_00005,77,0.7790178571428572,entropy,1,94.49229655297437
698,1b6e1_00005,78,0.7790178571428572,entropy,1,94.49229655297437
699,1b6e1_00005,79,0.9142857142857144,entropy,1,94.49229655297437
700,1b6e1_00005,80,0.7424242424242424,entropy,1,94.49229655297437
701,1b6e1_00005,81,0.7318548387096775,entropy,1,94.49229655297437
702,1b6e1_00005,82,0.7666666666666666,entropy,1,94.49229655297437
703,1b6e1_00005,83,0.7666666666666666,entropy,1,94.49229655297437
704,1b6e1_00005,84,0.7424242424242424,entropy,1,94.49229655297437
705,1b6e1_00005,85,0.7318548387096775,entropy,1,94.49229655297437
706,1b6e1_00005,86,0.6532258064516129,entropy,1,94.49229655297437
707,1b6e1_00005,87,0.6439393939393939,entropy,1,94.49229655297437
708,1b6e1_00005,88,0.7310344827586206,entropy,1,94.49229655297437
709,1b6e1_00005,89,0.7012987012987013,entropy,1,94.49229655297437
710,1b6e1_00005,90,0.7318548387096775,entropy,1,94.49229655297437
711,1b6e1_00005,91,0.6637931034482758,entropy,1,94.49229655297437
712,1b6e1_00005,92,0.8409090909090909,entropy,1,94.49229655297437
713,1b6e1_00005,93,0.6970588235294117,entropy,1,94.49229655297437
714,1b6e1_00005,94,0.7790178571428572,entropy,1,94.49229655297437
715,1b6e1_00005,95,0.8409090909090909,entropy,1,94.49229655297437
716,1b6e1_00005,96,0.8409090909090909,entropy,1,94.49229655297437
717,1b6e1_00005,97,0.9264705882352942,entropy,1,94.49229655297437
718,1b6e1_00005,98,0.9142857142857144,entropy,1,94.49229655297437
719,1b6e1_00005,99,0.7424242424242424,entropy,1,94.49229655297437
720,1b6e1_00005,100,0.8409090909090909,entropy,1,94.49229655297437
721,1b6e1_00005,101,0.7790178571428572,entropy,1,94.49229655297437
722,1b6e1_00005,102,0.8117647058823529,entropy,1,94.49229655297437
723,1b6e1_00005,103,0.9027777777777778,entropy,1,94.49229655297437
724,1b6e1_00005,104,0.9142857142857144,entropy,1,94.49229655297437
725,1b6e1_00005,105,0.9264705882352942,entropy,1,94.49229655297437
726,1b6e1_00005,106,0.7424242424242424,entropy,1,94.49229655297437
727,1b6e1_00005,107,0.8117647058823529,entropy,1,94.49229655297437
728,1b6e1_00005,108,0.9264705882352942,entropy,1,94.49229655297437
729,1b6e1_00005,109,0.775,entropy,1,94.49229655297437
730,1b6e1_00005,110,0.7790178571428572,entropy,1,94.49229655297437
731,1b6e1_00005,111,0.9264705882352942,entropy,1,94.49229655297437
732,1b6e1_00005,112,0.8660714285714286,entropy,1,94.49229655297437
733,1b6e1_00005,113,0.9264705882352942,entropy,1,94.49229655297437
734,1b6e1_00005,114,0.9142857142857144,entropy,1,94.49229655297437
735,1b6e1_00005,115,0.9142857142857144,entropy,1,94.49229655297437
736,1b6e1_00005,116,0.8660714285714286,entropy,1,94.49229655297437
737,1b6e1_00005,117,0.7790178571428572,entropy,1,94.49229655297437
738,1b6e1_00005,118,0.7310344827586206,entropy,1,94.49229655297437
739,1b6e1_00005,119,0.810483870967742,entropy,1,94.49229655297437
740,1b6e1_00005,120,0.8409090909090909,entropy,1,94.49229655297437
741,1b6e1_00005,121,0.7318548387096775,entropy,1,94.49229655297437
742,1b6e1_00005,122,0.8409090909090909,entropy,1,94.49229655297437
743,1b6e1_00005,123,0.810483870967742,entropy,1,94.49229655297437
744,1b6e1_00006,0,0.2564102564102564,entropy,2,96.59833855458038
745,1b6e1_00006,1,0.7261904761904762,entropy,2,96.59833855458038
746,1b6e1_00006,2,0.7,entropy,2,96.59833855458038
747,1b6e1_00006,3,0.6708333333333334,entropy,2,96.59833855458038
748,1b6e1_00006,4,0.7666666666666666,entropy,2,96.59833855458038
749,1b6e1_00006,5,0.7361111111111112,entropy,2,96.59833855458038
750,1b6e1_00006,6,0.953125,entropy,2,96.59833855458038
751,1b6e1_00006,7,0.7982758620689655,entropy,2,96.59833855458038
752,1b6e1_00006,8,0.7457142857142858,entropy,2,96.59833855458038
753,1b6e1_00006,9,0.8269230769230769,entropy,2,96.59833855458038
754,1b6e1_00006,10,0.7646103896103896,entropy,2,96.59833855458038
755,1b6e1_00006,11,0.8014285714285714,entropy,2,96.59833855458038
756,1b6e1_00006,12,0.7777777777777778,entropy,2,96.59833855458038
757,1b6e1_00006,13,0.7791666666666667,entropy,2,96.59833855458038
758,1b6e1_00006,14,0.8269230769230769,entropy,2,96.59833855458038
759,1b6e1_00006,15,0.7941176470588236,entropy,2,96.59833855458038
760,1b6e1_00006,16,0.7777777777777778,entropy,2,96.59833855458038
761,1b6e1_00006,17,0.7065217391304348,entropy,2,96.59833855458038
762,1b6e1_00006,18,0.7595108695652174,entropy,2,96.59833855458038
763,1b6e1_00006,19,0.8269230769230769,entropy,2,96.59833855458038
764,1b6e1_00006,20,0.7595108695652174,entropy,2,96.59833855458038
765,1b6e1_00006,21,0.7457142857142858,entropy,2,96.59833855458038
766,1b6e1_00006,22,0.7457142857142858,entropy,2,96.59833855458038
767,1b6e1_00006,23,0.7777777777777778,entropy,2,96.59833855458038
768,1b6e1_00006,24,0.8333333333333333,entropy,2,96.59833855458038
769,1b6e1_00006,25,0.8333333333333333,entropy,2,96.59833855458038
770,1b6e1_00006,26,0.8014285714285714,entropy,2,96.59833855458038
771,1b6e1_00006,27,0.7115384615384615,entropy,2,96.59833855458038
772,1b6e1_00006,28,0.7261904761904762,entropy,2,96.59833855458038
773,1b6e1_00006,29,0.7118421052631578,entropy,2,96.59833855458038
774,1b6e1_00006,30,0.7419786096256684,entropy,2,96.59833855458038
775,1b6e1_00006,31,0.827922077922078,entropy,2,96.59833855458038
776,1b6e1_00006,32,0.7791666666666667,entropy,2,96.59833855458038
777,1b6e1_00006,33,0.8655172413793104,entropy,2,96.59833855458038
778,1b6e1_00006,34,0.725,entropy,2,96.59833855458038
779,1b6e1_00006,35,0.7791666666666667,entropy,2,96.59833855458038
780,1b6e1_00006,36,0.9393939393939394,entropy,2,96.59833855458038
781,1b6e1_00006,37,0.8564814814814814,entropy,2,96.59833855458038
782,1b6e1_00006,38,0.827922077922078,entropy,2,96.59833855458038
783,1b6e1_00006,39,0.7982758620689655,entropy,2,96.59833855458038
784,1b6e1_00006,40,0.810483870967742,entropy,2,96.59833855458038
785,1b6e1_00006,41,0.7982758620689655,entropy,2,96.59833855458038
786,1b6e1_00006,42,0.7361111111111112,entropy,2,96.59833855458038
787,1b6e1_00006,43,0.7962962962962963,entropy,2,96.59833855458038
788,1b6e1_00006,44,0.7982758620689655,entropy,2,96.59833855458038
789,1b6e1_00006,45,0.7646103896103896,entropy,2,96.59833855458038
790,1b6e1_00006,46,0.7962962962962963,entropy,2,96.59833855458038
791,1b6e1_00006,47,0.7646103896103896,entropy,2,96.59833855458038
792,1b6e1_00006,48,0.827922077922078,entropy,2,96.59833855458038
793,1b6e1_00006,49,0.7457142857142858,entropy,2,96.59833855458038
794,1b6e1_00006,50,0.8014285714285714,entropy,2,96.59833855458038
795,1b6e1_00006,51,0.8655172413793104,entropy,2,96.59833855458038
796,1b6e1_00006,52,0.8269230769230769,entropy,2,96.59833855458038
797,1b6e1_00006,53,0.7115384615384615,entropy,2,96.59833855458038
798,1b6e1_00006,54,0.7361111111111112,entropy,2,96.59833855458038
799,1b6e1_00006,55,0.8014285714285714,entropy,2,96.59833855458038
800,1b6e1_00006,56,0.7595108695652174,entropy,2,96.59833855458038
801,1b6e1_00006,57,0.8912337662337663,entropy,2,96.59833855458038
802,1b6e1_00006,58,0.7692307692307693,entropy,2,96.59833855458038
803,1b6e1_00006,59,0.7361111111111112,entropy,2,96.59833855458038
804,1b6e1_00006,60,0.7791666666666667,entropy,2,96.59833855458038
805,1b6e1_00006,61,0.7261904761904762,entropy,2,96.59833855458038
806,1b6e1_00006,62,0.7692307692307693,entropy,2,96.59833855458038
807,1b6e1_00006,63,0.7692307692307693,entropy,2,96.59833855458038
808,1b6e1_00006,64,0.8269230769230769,entropy,2,96.59833855458038
809,1b6e1_00006,65,0.7065217391304348,entropy,2,96.59833855458038
810,1b6e1_00006,66,0.8912337662337663,entropy,2,96.59833855458038
811,1b6e1_00006,67,0.9111111111111111,entropy,2,96.59833855458038
812,1b6e1_00006,68,0.8014285714285714,entropy,2,96.59833855458038
813,1b6e1_00006,69,0.7962962962962963,entropy,2,96.59833855458038
814,1b6e1_00006,70,0.7419786096256684,entropy,2,96.59833855458038
815,1b6e1_00006,71,0.8269230769230769,entropy,2,96.59833855458038
816,1b6e1_00006,72,0.7115384615384615,entropy,2,96.59833855458038
817,1b6e1_00006,73,0.8014285714285714,entropy,2,96.59833855458038
818,1b6e1_00006,74,0.7791666666666667,entropy,2,96.59833855458038
819,1b6e1_00006,75,0.7791666666666667,entropy,2,96.59833855458038
820,1b6e1_00006,76,0.7646103896103896,entropy,2,96.59833855458038
821,1b6e1_00006,77,0.7646103896103896,entropy,2,96.59833855458038
822,1b6e1_00006,78,0.7646103896103896,entropy,2,96.59833855458038
823,1b6e1_00006,79,0.8125,entropy,2,96.59833855458038
824,1b6e1_00006,80,0.7692307692307693,entropy,2,96.59833855458038
825,1b6e1_00006,81,0.7962962962962963,entropy,2,96.59833855458038
826,1b6e1_00006,82,0.8014285714285714,entropy,2,96.59833855458038
827,1b6e1_00006,83,0.7361111111111112,entropy,2,96.59833855458038
828,1b6e1_00006,84,0.7982758620689655,entropy,2,96.59833855458038
829,1b6e1_00006,85,0.7419786096256684,entropy,2,96.59833855458038
830,1b6e1_00006,86,0.7646103896103896,entropy,2,96.59833855458038
831,1b6e1_00006,87,0.7962962962962963,entropy,2,96.59833855458038
832,1b6e1_00006,88,0.7692307692307693,entropy,2,96.59833855458038
833,1b6e1_00006,89,0.7791666666666667,entropy,2,96.59833855458038
834,1b6e1_00006,90,0.7692307692307693,entropy,2,96.59833855458038
835,1b6e1_00006,91,0.7361111111111112,entropy,2,96.59833855458038
836,1b6e1_00006,92,0.8014285714285714,entropy,2,96.59833855458038
837,1b6e1_00006,93,0.7692307692307693,entropy,2,96.59833855458038
838,1b6e1_00006,94,0.7361111111111112,entropy,2,96.59833855458038
839,1b6e1_00006,95,0.7962962962962963,entropy,2,96.59833855458038
840,1b6e1_00006,96,0.725,entropy,2,96.59833855458038
841,1b6e1_00006,97,0.7692307692307693,entropy,2,96.59833855458038
842,1b6e1_00006,98,0.725,entropy,2,96.59833855458038
843,1b6e1_00006,99,0.7361111111111112,entropy,2,96.59833855458038
844,1b6e1_00006,100,0.7457142857142858,entropy,2,96.59833855458038
845,1b6e1_00006,101,0.8564814814814814,entropy,2,96.59833855458038
846,1b6e1_00006,102,0.7692307692307693,entropy,2,96.59833855458038
847,1b6e1_00006,103,0.7962962962962963,entropy,2,96.59833855458038
848,1b6e1_00006,104,0.7692307692307693,entropy,2,96.59833855458038
849,1b6e1_00006,105,0.8891129032258065,entropy,2,96.59833855458038
850,1b6e1_00006,106,0.7962962962962963,entropy,2,96.59833855458038
851,1b6e1_00006,107,0.7646103896103896,entropy,2,96.59833855458038
852,1b6e1_00006,108,0.8655172413793104,entropy,2,96.59833855458038
853,1b6e1_00006,109,0.8655172413793104,entropy,2,96.59833855458038
854,1b6e1_00006,110,0.827922077922078,entropy,2,96.59833855458038
855,1b6e1_00006,111,0.7982758620689655,entropy,2,96.59833855458038
856,1b6e1_00006,112,0.7457142857142858,entropy,2,96.59833855458038
857,1b6e1_00006,113,0.7646103896103896,entropy,2,96.59833855458038
858,1b6e1_00006,114,0.827922077922078,entropy,2,96.59833855458038
859,1b6e1_00006,115,0.8655172413793104,entropy,2,96.59833855458038
860,1b6e1_00006,116,0.7692307692307693,entropy,2,96.59833855458038
861,1b6e1_00006,117,0.7962962962962963,entropy,2,96.59833855458038
862,1b6e1_00006,118,0.7982758620689655,entropy,2,96.59833855458038
863,1b6e1_00006,119,0.8655172413793104,entropy,2,96.59833855458038
864,1b6e1_00006,120,0.827922077922078,entropy,2,96.59833855458038
865,1b6e1_00006,121,0.9111111111111111,entropy,2,96.59833855458038
866,1b6e1_00006,122,0.8655172413793104,entropy,2,96.59833855458038
867,1b6e1_00006,123,0.7692307692307693,entropy,2,96.59833855458038
868,1b6e1_00007,0,0.6157407407407407,entropy,3,102.07844028296581
869,1b6e1_00007,1,0.631578947368421,entropy,3,102.07844028296581
870,1b6e1_00007,2,0.7791666666666667,entropy,3,102.07844028296581
871,1b6e1_00007,3,0.4444444444444444,entropy,3,102.07844028296581
872,1b6e1_00007,4,0.9393939393939394,entropy,3,102.07844028296581
873,1b6e1_00007,5,0.6759259259259259,entropy,3,102.07844028296581
874,1b6e1_00007,6,0.8891129032258065,entropy,3,102.07844028296581
875,1b6e1_00007,7,0.7424242424242424,entropy,3,102.07844028296581
876,1b6e1_00007,8,0.9142857142857144,entropy,3,102.07844028296581
877,1b6e1_00007,9,0.7692307692307693,entropy,3,102.07844028296581
878,1b6e1_00007,10,0.9027777777777778,entropy,3,102.07844028296581
879,1b6e1_00007,11,0.9027777777777778,entropy,3,102.07844028296581
880,1b6e1_00007,12,0.8117647058823529,entropy,3,102.07844028296581
881,1b6e1_00007,13,0.8117647058823529,entropy,3,102.07844028296581
882,1b6e1_00007,14,0.7318548387096775,entropy,3,102.07844028296581
883,1b6e1_00007,15,0.8117647058823529,entropy,3,102.07844028296581
884,1b6e1_00007,16,0.9027777777777778,entropy,3,102.07844028296581
885,1b6e1_00007,17,0.725,entropy,3,102.07844028296581
886,1b6e1_00007,18,0.827922077922078,entropy,3,102.07844028296581
887,1b6e1_00007,19,0.8409090909090909,entropy,3,102.07844028296581
888,1b6e1_00007,20,0.8117647058823529,entropy,3,102.07844028296581
889,1b6e1_00007,21,0.810483870967742,entropy,3,102.07844028296581
890,1b6e1_00007,22,0.9142857142857144,entropy,3,102.07844028296581
891,1b6e1_00007,23,0.7424242424242424,entropy,3,102.07844028296581
892,1b6e1_00007,24,0.9142857142857144,entropy,3,102.07844028296581
893,1b6e1_00007,25,0.7457142857142858,entropy,3,102.07844028296581
894,1b6e1_00007,26,0.9142857142857144,entropy,3,102.07844028296581
895,1b6e1_00007,27,0.7646103896103896,entropy,3,102.07844028296581
896,1b6e1_00007,28,0.775,entropy,3,102.07844028296581
897,1b6e1_00007,29,0.7222222222222222,entropy,3,102.07844028296581
898,1b6e1_00007,30,0.7115384615384615,entropy,3,102.07844028296581
899,1b6e1_00007,31,0.6637931034482758,entropy,3,102.07844028296581
900,1b6e1_00007,32,0.8891129032258065,entropy,3,102.07844028296581
901,1b6e1_00007,33,0.8117647058823529,entropy,3,102.07844028296581
902,1b6e1_00007,34,0.7790178571428572,entropy,3,102.07844028296581
903,1b6e1_00007,35,0.8117647058823529,entropy,3,102.07844028296581
904,1b6e1_00007,36,0.7790178571428572,entropy,3,102.07844028296581
905,1b6e1_00007,37,0.810483870967742,entropy,3,102.07844028296581
906,1b6e1_00007,38,0.9393939393939394,entropy,3,102.07844028296581
907,1b6e1_00007,39,0.9142857142857144,entropy,3,102.07844028296581
908,1b6e1_00007,40,0.8912337662337663,entropy,3,102.07844028296581
909,1b6e1_00007,41,0.7790178571428572,entropy,3,102.07844028296581
910,1b6e1_00007,42,0.7790178571428572,entropy,3,102.07844028296581
911,1b6e1_00007,43,0.8014285714285714,entropy,3,102.07844028296581
912,1b6e1_00007,44,0.7790178571428572,entropy,3,102.07844028296581
913,1b6e1_00007,45,0.7790178571428572,entropy,3,102.07844028296581
914,1b6e1_00007,46,0.8409090909090909,entropy,3,102.07844028296581
915,1b6e1_00007,47,0.8409090909090909,entropy,3,102.07844028296581
916,1b6e1_00007,48,0.9142857142857144,entropy,3,102.07844028296581
917,1b6e1_00007,49,0.9142857142857144,entropy,3,102.07844028296581
918,1b6e1_00007,50,0.8409090909090909,entropy,3,102.07844028296581
919,1b6e1_00007,51,0.8409090909090909,entropy,3,102.07844028296581
920,1b6e1_00007,52,0.7424242424242424,entropy,3,102.07844028296581
921,1b6e1_00007,53,0.7982758620689655,entropy,3,102.07844028296581
922,1b6e1_00007,54,0.953125,entropy,3,102.07844028296581
923,1b6e1_00007,55,0.8891129032258065,entropy,3,102.07844028296581
924,1b6e1_00007,56,0.7666666666666666,entropy,3,102.07844028296581
925,1b6e1_00007,57,0.8655172413793104,entropy,3,102.07844028296581
926,1b6e1_00007,58,0.7982758620689655,entropy,3,102.07844028296581
927,1b6e1_00007,59,0.7790178571428572,entropy,3,102.07844028296581
928,1b6e1_00007,60,0.7982758620689655,entropy,3,102.07844028296581
929,1b6e1_00007,61,0.7318548387096775,entropy,3,102.07844028296581
930,1b6e1_00007,62,0.7457142857142858,entropy,3,102.07844028296581
931,1b6e1_00007,63,0.7982758620689655,entropy,3,102.07844028296581
932,1b6e1_00007,64,0.7646103896103896,entropy,3,102.07844028296581
933,1b6e1_00007,65,0.810483870967742,entropy,3,102.07844028296581
934,1b6e1_00007,66,0.7666666666666666,entropy,3,102.07844028296581
935,1b6e1_00007,67,0.827922077922078,entropy,3,102.07844028296581
936,1b6e1_00007,68,0.8891129032258065,entropy,3,102.07844028296581
937,1b6e1_00007,69,0.8891129032258065,entropy,3,102.07844028296581
938,1b6e1_00007,70,0.8891129032258065,entropy,3,102.07844028296581
939,1b6e1_00007,71,0.8388888888888889,entropy,3,102.07844028296581
940,1b6e1_00007,72,0.8891129032258065,entropy,3,102.07844028296581
941,1b6e1_00007,73,0.7982758620689655,entropy,3,102.07844028296581
942,1b6e1_00007,74,0.7666666666666666,entropy,3,102.07844028296581
943,1b6e1_00007,75,0.827922077922078,entropy,3,102.07844028296581
944,1b6e1_00007,76,0.8388888888888889,entropy,3,102.07844028296581
945,1b6e1_00007,77,0.827922077922078,entropy,3,102.07844028296581
946,1b6e1_00007,78,0.8564814814814814,entropy,3,102.07844028296581
947,1b6e1_00007,79,0.8912337662337663,entropy,3,102.07844028296581
948,1b6e1_00007,80,0.8269230769230769,entropy,3,102.07844028296581
949,1b6e1_00007,81,0.827922077922078,entropy,3,102.07844028296581
950,1b6e1_00007,82,0.827922077922078,entropy,3,102.07844028296581
951,1b6e1_00007,83,0.8269230769230769,entropy,3,102.07844028296581
952,1b6e1_00007,84,0.7646103896103896,entropy,3,102.07844028296581
953,1b6e1_00007,85,0.8655172413793104,entropy,3,102.07844028296581
954,1b6e1_00007,86,0.8564814814814814,entropy,3,102.07844028296581
955,1b6e1_00007,87,0.8269230769230769,entropy,3,102.07844028296581
956,1b6e1_00007,88,0.8269230769230769,entropy,3,102.07844028296581
957,1b6e1_00007,89,0.8388888888888889,entropy,3,102.07844028296581
958,1b6e1_00007,90,0.810483870967742,entropy,3,102.07844028296581
959,1b6e1_00007,91,0.8409090909090909,entropy,3,102.07844028296581
960,1b6e1_00007,92,0.7982758620689655,entropy,3,102.07844028296581
961,1b6e1_00007,93,0.9327586206896552,entropy,3,102.07844028296581
962,1b6e1_00007,94,0.810483870967742,entropy,3,102.07844028296581
963,1b6e1_00007,95,0.8655172413793104,entropy,3,102.07844028296581
964,1b6e1_00007,96,0.8891129032258065,entropy,3,102.07844028296581
965,1b6e1_00007,97,0.8891129032258065,entropy,3,102.07844028296581
966,1b6e1_00007,98,0.8388888888888889,entropy,3,102.07844028296581
967,1b6e1_00007,99,0.8388888888888889,entropy,3,102.07844028296581
968,1b6e1_00007,100,0.8660714285714286,entropy,3,102.07844028296581
969,1b6e1_00007,101,0.8891129032258065,entropy,3,102.07844028296581
970,1b6e1_00007,102,0.8891129032258065,entropy,3,102.07844028296581
971,1b6e1_00007,103,0.8660714285714286,entropy,3,102.07844028296581
972,1b6e1_00007,104,0.8388888888888889,entropy,3,102.07844028296581
973,1b6e1_00007,105,0.8660714285714286,entropy,3,102.07844028296581
974,1b6e1_00007,106,0.8891129032258065,entropy,3,102.07844028296581
975,1b6e1_00007,107,0.9393939393939394,entropy,3,102.07844028296581
976,1b6e1_00007,108,0.953125,entropy,3,102.07844028296581
977,1b6e1_00007,109,0.8660714285714286,entropy,3,102.07844028296581
978,1b6e1_00007,110,0.8660714285714286,entropy,3,102.07844028296581
979,1b6e1_00007,111,0.8655172413793104,entropy,3,102.07844028296581
980,1b6e1_00007,112,0.8655172413793104,entropy,3,102.07844028296581
981,1b6e1_00007,113,0.8660714285714286,entropy,3,102.07844028296581
982,1b6e1_00007,114,0.8891129032258065,entropy,3,102.07844028296581
983,1b6e1_00007,115,0.8660714285714286,entropy,3,102.07844028296581
984,1b6e1_00007,116,0.8660714285714286,entropy,3,102.07844028296581
985,1b6e1_00007,117,0.810483870967742,entropy,3,102.07844028296581
986,1b6e1_00007,118,0.9393939393939394,entropy,3,102.07844028296581
987,1b6e1_00007,119,0.8891129032258065,entropy,3,102.07844028296581
988,1b6e1_00007,120,0.8660714285714286,entropy,3,102.07844028296581
989,1b6e1_00007,121,0.8388888888888889,entropy,3,102.07844028296581
990,1b6e1_00007,122,0.9111111111111111,entropy,3,102.07844028296581
991,1b6e1_00007,123,0.8891129032258065,entropy,3,102.07844028296581
992,1b6e1_00008,0,0.6666666666666666,entropy,4,87.69660682379457
993,1b6e1_00008,1,0.6724137931034483,entropy,4,87.69660682379457
994,1b6e1_00008,2,0.6746031746031746,entropy,4,87.69660682379457
995,1b6e1_00008,3,0.2564102564102564,entropy,4,87.69660682379457
996,1b6e1_00008,4,0.6785714285714286,entropy,4,87.69660682379457
997,1b6e1_00008,5,0.75,entropy,4,87.69660682379457
998,1b6e1_00008,6,0.6515151515151515,entropy,4,87.69660682379457
999,1b6e1_00008,7,0.65625,entropy,4,87.69660682379457
1000,1b6e1_00008,8,0.6428571428571428,entropy,4,87.69660682379457
1001,1b6e1_00008,9,0.7118421052631578,entropy,4,87.69660682379457
1002,1b6e1_00008,10,0.6388888888888888,entropy,4,87.69660682379457
1003,1b6e1_00008,11,0.6851851851851851,entropy,4,87.69660682379457
1004,1b6e1_00008,12,0.2564102564102564,entropy,4,87.69660682379457
1005,1b6e1_00008,13,0.6724137931034483,entropy,4,87.69660682379457
1006,1b6e1_00008,14,0.7083333333333334,entropy,4,87.69660682379457
1007,1b6e1_00008,15,0.6923076923076923,entropy,4,87.69660682379457
1008,1b6e1_00008,16,0.6751336898395722,entropy,4,87.69660682379457
1009,1b6e1_00008,17,0.6851851851851851,entropy,4,87.69660682379457
1010,1b6e1_00008,18,0.6470588235294118,entropy,4,87.69660682379457
1011,1b6e1_00008,19,0.7083333333333334,entropy,4,87.69660682379457
1012,1b6e1_00008,20,0.637987012987013,entropy,4,87.69660682379457
1013,1b6e1_00008,21,0.5855614973262032,entropy,4,87.69660682379457
1014,1b6e1_00008,22,0.7012987012987013,entropy,4,87.69660682379457
1015,1b6e1_00008,23,0.69,entropy,4,87.69660682379457
1016,1b6e1_00008,24,0.6708333333333334,entropy,4,87.69660682379457
1017,1b6e1_00008,25,0.7361111111111112,entropy,4,87.69660682379457
1018,1b6e1_00008,26,0.7115384615384615,entropy,4,87.69660682379457
1019,1b6e1_00008,27,0.7115384615384615,entropy,4,87.69660682379457
1020,1b6e1_00008,28,0.7115384615384615,entropy,4,87.69660682379457
1021,1b6e1_00008,29,0.69,entropy,4,87.69660682379457
1022,1b6e1_00008,30,0.7380952380952381,entropy,4,87.69660682379457
1023,1b6e1_00008,31,0.6898395721925134,entropy,4,87.69660682379457
1024,1b6e1_00008,32,0.7361111111111112,entropy,4,87.69660682379457
1025,1b6e1_00008,33,0.6708333333333334,entropy,4,87.69660682379457
1026,1b6e1_00008,34,0.7361111111111112,entropy,4,87.69660682379457
1027,1b6e1_00008,35,0.69,entropy,4,87.69660682379457
1028,1b6e1_00008,36,0.7380952380952381,entropy,4,87.69660682379457
1029,1b6e1_00008,37,0.7361111111111112,entropy,4,87.69660682379457
1030,1b6e1_00008,38,0.6157407407407407,entropy,4,87.69660682379457
1031,1b6e1_00008,39,0.7261904761904762,entropy,4,87.69660682379457
1032,1b6e1_00008,40,0.6637931034482758,entropy,4,87.69660682379457
1033,1b6e1_00008,41,0.6535326086956521,entropy,4,87.69660682379457
1034,1b6e1_00008,42,0.7361111111111112,entropy,4,87.69660682379457
1035,1b6e1_00008,43,0.6538461538461539,entropy,4,87.69660682379457
1036,1b6e1_00008,44,0.7361111111111112,entropy,4,87.69660682379457
1037,1b6e1_00008,45,0.7118421052631578,entropy,4,87.69660682379457
1038,1b6e1_00008,46,0.6637931034482758,entropy,4,87.69660682379457
1039,1b6e1_00008,47,0.7361111111111112,entropy,4,87.69660682379457
1040,1b6e1_00008,48,0.6898395721925134,entropy,4,87.69660682379457
1041,1b6e1_00008,49,0.6759259259259259,entropy,4,87.69660682379457
1042,1b6e1_00008,50,0.7790178571428572,entropy,4,87.69660682379457
1043,1b6e1_00008,51,0.6919642857142857,entropy,4,87.69660682379457
1044,1b6e1_00008,52,0.7318548387096775,entropy,4,87.69660682379457
1045,1b6e1_00008,53,0.7666666666666666,entropy,4,87.69660682379457
1046,1b6e1_00008,54,0.8117647058823529,entropy,4,87.69660682379457
1047,1b6e1_00008,55,0.7310344827586206,entropy,4,87.69660682379457
1048,1b6e1_00008,56,0.6919642857142857,entropy,4,87.69660682379457
1049,1b6e1_00008,57,0.6919642857142857,entropy,4,87.69660682379457
1050,1b6e1_00008,58,0.6222222222222222,entropy,4,87.69660682379457
1051,1b6e1_00008,59,0.6944444444444444,entropy,4,87.69660682379457
1052,1b6e1_00008,60,0.637987012987013,entropy,4,87.69660682379457
1053,1b6e1_00008,61,0.7012987012987013,entropy,4,87.69660682379457
1054,1b6e1_00008,62,0.6532258064516129,entropy,4,87.69660682379457
1055,1b6e1_00008,63,0.5745967741935484,entropy,4,87.69660682379457
1056,1b6e1_00008,64,0.7790178571428572,entropy,4,87.69660682379457
1057,1b6e1_00008,65,0.7310344827586206,entropy,4,87.69660682379457
1058,1b6e1_00008,66,0.7666666666666666,entropy,4,87.69660682379457
1059,1b6e1_00008,67,0.6538461538461539,entropy,4,87.69660682379457
1060,1b6e1_00008,68,0.6708333333333334,entropy,4,87.69660682379457
1061,1b6e1_00008,69,0.6759259259259259,entropy,4,87.69660682379457
1062,1b6e1_00008,70,0.7318548387096775,entropy,4,87.69660682379457
1063,1b6e1_00008,71,0.7424242424242424,entropy,4,87.69660682379457
1064,1b6e1_00008,72,0.6759259259259259,entropy,4,87.69660682379457
1065,1b6e1_00008,73,0.6535326086956521,entropy,4,87.69660682379457
1066,1b6e1_00008,74,0.7115384615384615,entropy,4,87.69660682379457
1067,1b6e1_00008,75,0.6759259259259259,entropy,4,87.69660682379457
1068,1b6e1_00008,76,0.69,entropy,4,87.69660682379457
1069,1b6e1_00008,77,0.6944444444444444,entropy,4,87.69660682379457
1070,1b6e1_00008,78,0.7115384615384615,entropy,4,87.69660682379457
1071,1b6e1_00008,79,0.6377005347593583,entropy,4,87.69660682379457
1072,1b6e1_00008,80,0.7115384615384615,entropy,4,87.69660682379457
1073,1b6e1_00008,81,0.6538461538461539,entropy,4,87.69660682379457
1074,1b6e1_00008,82,0.7115384615384615,entropy,4,87.69660682379457
1075,1b6e1_00008,83,0.6919642857142857,entropy,4,87.69660682379457
1076,1b6e1_00008,84,0.7310344827586206,entropy,4,87.69660682379457
1077,1b6e1_00008,85,0.810483870967742,entropy,4,87.69660682379457
1078,1b6e1_00008,86,0.7424242424242424,entropy,4,87.69660682379457
1079,1b6e1_00008,87,0.7424242424242424,entropy,4,87.69660682379457
1080,1b6e1_00008,88,0.6919642857142857,entropy,4,87.69660682379457
1081,1b6e1_00008,89,0.7424242424242424,entropy,4,87.69660682379457
1082,1b6e1_00008,90,0.810483870967742,entropy,4,87.69660682379457
1083,1b6e1_00008,91,0.7790178571428572,entropy,4,87.69660682379457
1084,1b6e1_00008,92,0.7424242424242424,entropy,4,87.69660682379457
1085,1b6e1_00008,93,0.7424242424242424,entropy,4,87.69660682379457
1086,1b6e1_00008,94,0.8117647058823529,entropy,4,87.69660682379457
1087,1b6e1_00008,95,0.8660714285714286,entropy,4,87.69660682379457
1088,1b6e1_00008,96,0.7424242424242424,entropy,4,87.69660682379457
1089,1b6e1_00008,97,0.9264705882352942,entropy,4,87.69660682379457
1090,1b6e1_00008,98,0.8409090909090909,entropy,4,87.69660682379457
1091,1b6e1_00008,99,0.6919642857142857,entropy,4,87.69660682379457
1092,1b6e1_00008,100,0.7424242424242424,entropy,4,87.69660682379457
1093,1b6e1_00008,101,0.7790178571428572,entropy,4,87.69660682379457
1094,1b6e1_00008,102,0.9142857142857144,entropy,4,87.69660682379457
1095,1b6e1_00008,103,0.6222222222222222,entropy,4,87.69660682379457
1096,1b6e1_00008,104,0.9264705882352942,entropy,4,87.69660682379457
1097,1b6e1_00008,105,0.8117647058823529,entropy,4,87.69660682379457
1098,1b6e1_00008,106,0.810483870967742,entropy,4,87.69660682379457
1099,1b6e1_00008,107,0.6532258064516129,entropy,4,87.69660682379457
1100,1b6e1_00008,108,0.6944444444444444,entropy,4,87.69660682379457
1101,1b6e1_00008,109,0.7310344827586206,entropy,4,87.69660682379457
1102,1b6e1_00008,110,0.7318548387096775,entropy,4,87.69660682379457
1103,1b6e1_00008,111,0.7115384615384615,entropy,4,87.69660682379457
1104,1b6e1_00008,112,0.7424242424242424,entropy,4,87.69660682379457
1105,1b6e1_00008,113,0.8660714285714286,entropy,4,87.69660682379457
1106,1b6e1_00008,114,0.810483870967742,entropy,4,87.69660682379457
1107,1b6e1_00008,115,0.810483870967742,entropy,4,87.69660682379457
1108,1b6e1_00008,116,0.810483870967742,entropy,4,87.69660682379457
1109,1b6e1_00008,117,0.8388888888888889,entropy,4,87.69660682379457
1110,1b6e1_00008,118,0.7646103896103896,entropy,4,87.69660682379457
1111,1b6e1_00008,119,0.8660714285714286,entropy,4,87.69660682379457
1112,1b6e1_00008,120,0.7310344827586206,entropy,4,87.69660682379457
1113,1b6e1_00008,121,0.7318548387096775,entropy,4,87.69660682379457
1114,1b6e1_00008,122,0.8409090909090909,entropy,4,87.69660682379457
1115,1b6e1_00008,123,0.6944444444444444,entropy,4,87.69660682379457
1116,1b6e1_00009,0,0.6166666666666667,entropy,5,87.74891660598377
1117,1b6e1_00009,1,0.2564102564102564,entropy,5,87.74891660598377
1118,1b6e1_00009,2,0.6388888888888888,entropy,5,87.74891660598377
1119,1b6e1_00009,3,0.6535326086956521,entropy,5,87.74891660598377
1120,1b6e1_00009,4,0.2564102564102564,entropy,5,87.74891660598377
1121,1b6e1_00009,5,0.7380952380952381,entropy,5,87.74891660598377
1122,1b6e1_00009,6,0.7261904761904762,entropy,5,87.74891660598377
1123,1b6e1_00009,7,0.2564102564102564,entropy,5,87.74891660598377
1124,1b6e1_00009,8,0.65625,entropy,5,87.74891660598377
1125,1b6e1_00009,9,0.2564102564102564,entropy,5,87.74891660598377
1126,1b6e1_00009,10,0.7272727272727273,entropy,5,87.74891660598377
1127,1b6e1_00009,11,0.6388888888888888,entropy,5,87.74891660598377
1128,1b6e1_00009,12,0.6923076923076923,entropy,5,87.74891660598377
1129,1b6e1_00009,13,0.6152597402597403,entropy,5,87.74891660598377
1130,1b6e1_00009,14,0.5785714285714286,entropy,5,87.74891660598377
1131,1b6e1_00009,15,0.5578947368421052,entropy,5,87.74891660598377
1132,1b6e1_00009,16,0.6342857142857142,entropy,5,87.74891660598377
1133,1b6e1_00009,17,0.5714285714285714,entropy,5,87.74891660598377
1134,1b6e1_00009,18,0.4444444444444444,entropy,5,87.74891660598377
1135,1b6e1_00009,19,0.4812834224598931,entropy,5,87.74891660598377
1136,1b6e1_00009,20,0.6157407407407407,entropy,5,87.74891660598377
1137,1b6e1_00009,21,0.6222222222222222,entropy,5,87.74891660598377
1138,1b6e1_00009,22,0.6222222222222222,entropy,5,87.74891660598377
1139,1b6e1_00009,23,0.6708333333333334,entropy,5,87.74891660598377
1140,1b6e1_00009,24,0.5961538461538461,entropy,5,87.74891660598377
1141,1b6e1_00009,25,0.596551724137931,entropy,5,87.74891660598377
1142,1b6e1_00009,26,0.7318548387096775,entropy,5,87.74891660598377
1143,1b6e1_00009,27,0.9142857142857144,entropy,5,87.74891660598377
1144,1b6e1_00009,28,0.6222222222222222,entropy,5,87.74891660598377
1145,1b6e1_00009,29,0.5961538461538461,entropy,5,87.74891660598377
1146,1b6e1_00009,30,0.6222222222222222,entropy,5,87.74891660598377
1147,1b6e1_00009,31,0.6637931034482758,entropy,5,87.74891660598377
1148,1b6e1_00009,32,0.7692307692307693,entropy,5,87.74891660598377
1149,1b6e1_00009,33,0.8117647058823529,entropy,5,87.74891660598377
1150,1b6e1_00009,34,0.6919642857142857,entropy,5,87.74891660598377
1151,1b6e1_00009,35,0.6637931034482758,entropy,5,87.74891660598377
1152,1b6e1_00009,36,0.8117647058823529,entropy,5,87.74891660598377
1153,1b6e1_00009,37,0.7310344827586206,entropy,5,87.74891660598377
1154,1b6e1_00009,38,0.7424242424242424,entropy,5,87.74891660598377
1155,1b6e1_00009,39,0.7424242424242424,entropy,5,87.74891660598377
1156,1b6e1_00009,40,0.810483870967742,entropy,5,87.74891660598377
1157,1b6e1_00009,41,0.596551724137931,entropy,5,87.74891660598377
1158,1b6e1_00009,42,0.6919642857142857,entropy,5,87.74891660598377
1159,1b6e1_00009,43,0.6919642857142857,entropy,5,87.74891660598377
1160,1b6e1_00009,44,0.6222222222222222,entropy,5,87.74891660598377
1161,1b6e1_00009,45,0.69,entropy,5,87.74891660598377
1162,1b6e1_00009,46,0.7790178571428572,entropy,5,87.74891660598377
1163,1b6e1_00009,47,0.7424242424242424,entropy,5,87.74891660598377
1164,1b6e1_00009,48,0.6532258064516129,entropy,5,87.74891660598377
1165,1b6e1_00009,49,0.6637931034482758,entropy,5,87.74891660598377
1166,1b6e1_00009,50,0.7318548387096775,entropy,5,87.74891660598377
1167,1b6e1_00009,51,0.7790178571428572,entropy,5,87.74891660598377
1168,1b6e1_00009,52,0.7361111111111112,entropy,5,87.74891660598377
1169,1b6e1_00009,53,0.6532258064516129,entropy,5,87.74891660598377
1170,1b6e1_00009,54,0.7115384615384615,entropy,5,87.74891660598377
1171,1b6e1_00009,55,0.7361111111111112,entropy,5,87.74891660598377
1172,1b6e1_00009,56,0.7318548387096775,entropy,5,87.74891660598377
1173,1b6e1_00009,57,0.596551724137931,entropy,5,87.74891660598377
1174,1b6e1_00009,58,0.7361111111111112,entropy,5,87.74891660598377
1175,1b6e1_00009,59,0.6637931034482758,entropy,5,87.74891660598377
1176,1b6e1_00009,60,0.7692307692307693,entropy,5,87.74891660598377
1177,1b6e1_00009,61,0.7115384615384615,entropy,5,87.74891660598377
1178,1b6e1_00009,62,0.7361111111111112,entropy,5,87.74891660598377
1179,1b6e1_00009,63,0.6708333333333334,entropy,5,87.74891660598377
1180,1b6e1_00009,64,0.7962962962962963,entropy,5,87.74891660598377
1181,1b6e1_00009,65,0.7361111111111112,entropy,5,87.74891660598377
1182,1b6e1_00009,66,0.7791666666666667,entropy,5,87.74891660598377
1183,1b6e1_00009,67,0.7012987012987013,entropy,5,87.74891660598377
1184,1b6e1_00009,68,0.7666666666666666,entropy,5,87.74891660598377
1185,1b6e1_00009,69,0.7692307692307693,entropy,5,87.74891660598377
1186,1b6e1_00009,70,0.7692307692307693,entropy,5,87.74891660598377
1187,1b6e1_00009,71,0.7361111111111112,entropy,5,87.74891660598377
1188,1b6e1_00009,72,0.725,entropy,5,87.74891660598377
1189,1b6e1_00009,73,0.7310344827586206,entropy,5,87.74891660598377
1190,1b6e1_00009,74,0.7012987012987013,entropy,5,87.74891660598377
1191,1b6e1_00009,75,0.6538461538461539,entropy,5,87.74891660598377
1192,1b6e1_00009,76,0.7982758620689655,entropy,5,87.74891660598377
1193,1b6e1_00009,77,0.69,entropy,5,87.74891660598377
1194,1b6e1_00009,78,0.7361111111111112,entropy,5,87.74891660598377
1195,1b6e1_00009,79,0.6342857142857142,entropy,5,87.74891660598377
1196,1b6e1_00009,80,0.7666666666666666,entropy,5,87.74891660598377
1197,1b6e1_00009,81,0.7646103896103896,entropy,5,87.74891660598377
1198,1b6e1_00009,82,0.7666666666666666,entropy,5,87.74891660598377
1199,1b6e1_00009,83,0.7361111111111112,entropy,5,87.74891660598377
1200,1b6e1_00009,84,0.7962962962962963,entropy,5,87.74891660598377
1201,1b6e1_00009,85,0.6637931034482758,entropy,5,87.74891660598377
1202,1b6e1_00009,86,0.69,entropy,5,87.74891660598377
1203,1b6e1_00009,87,0.6708333333333334,entropy,5,87.74891660598377
1204,1b6e1_00009,88,0.7419786096256684,entropy,5,87.74891660598377
1205,1b6e1_00009,89,0.8891129032258065,entropy,5,87.74891660598377
1206,1b6e1_00009,90,0.7646103896103896,entropy,5,87.74891660598377
1207,1b6e1_00009,91,0.8117647058823529,entropy,5,87.74891660598377
1208,1b6e1_00009,92,0.7790178571428572,entropy,5,87.74891660598377
1209,1b6e1_00009,93,0.7646103896103896,entropy,5,87.74891660598377
1210,1b6e1_00009,94,0.810483870967742,entropy,5,87.74891660598377
1211,1b6e1_00009,95,0.953125,entropy,5,87.74891660598377
1212,1b6e1_00009,96,0.7310344827586206,entropy,5,87.74891660598377
1213,1b6e1_00009,97,0.7646103896103896,entropy,5,87.74891660598377
1214,1b6e1_00009,98,0.7666666666666666,entropy,5,87.74891660598377
1215,1b6e1_00009,99,0.7982758620689655,entropy,5,87.74891660598377
1216,1b6e1_00009,100,0.7318548387096775,entropy,5,87.74891660598377
1217,1b6e1_00009,101,0.7115384615384615,entropy,5,87.74891660598377
1218,1b6e1_00009,102,0.7361111111111112,entropy,5,87.74891660598377
1219,1b6e1_00009,103,0.7361111111111112,entropy,5,87.74891660598377
1220,1b6e1_00009,104,0.7646103896103896,entropy,5,87.74891660598377
1221,1b6e1_00009,105,0.9264705882352942,entropy,5,87.74891660598377
1222,1b6e1_00009,106,0.7790178571428572,entropy,5,87.74891660598377
1223,1b6e1_00009,107,0.7310344827586206,entropy,5,87.74891660598377
1224,1b6e1_00009,108,0.7692307692307693,entropy,5,87.74891660598377
1225,1b6e1_00009,109,0.8409090909090909,entropy,5,87.74891660598377
1226,1b6e1_00009,110,0.7790178571428572,entropy,5,87.74891660598377
1227,1b6e1_00009,111,0.8117647058823529,entropy,5,87.74891660598377
1228,1b6e1_00009,112,0.8409090909090909,entropy,5,87.74891660598377
1229,1b6e1_00009,113,0.9264705882352942,entropy,5,87.74891660598377
1230,1b6e1_00009,114,0.8117647058823529,entropy,5,87.74891660598377
1231,1b6e1_00009,115,0.7790178571428572,entropy,5,87.74891660598377
1232,1b6e1_00009,116,0.9264705882352942,entropy,5,87.74891660598377
1233,1b6e1_00009,117,0.6919642857142857,entropy,5,87.74891660598377
1234,1b6e1_00009,118,0.8891129032258065,entropy,5,87.74891660598377
1235,1b6e1_00009,119,0.9264705882352942,entropy,5,87.74891660598377
1236,1b6e1_00009,120,0.9264705882352942,entropy,5,87.74891660598377
1237,1b6e1_00009,121,0.9264705882352942,entropy,5,87.74891660598377
1238,1b6e1_00009,122,0.827922077922078,entropy,5,87.74891660598377
1239,1b6e1_00009,123,0.7424242424242424,entropy,5,87.74891660598377
1240,1b6e1_00010,0,0.49642857142857144,marginal_confidence,1,100.61668074336265
1241,1b6e1_00010,1,0.7435897435897436,marginal_confidence,1,100.61668074336265
1242,1b6e1_00010,2,0.7435897435897436,marginal_confidence,1,100.61668074336265
1243,1b6e1_00010,3,0.775,marginal_confidence,1,100.61668074336265
1244,1b6e1_00010,4,0.8918918918918919,marginal_confidence,1,100.61668074336265
1245,1b6e1_00010,5,0.775,marginal_confidence,1,100.61668074336265
1246,1b6e1_00010,6,0.6346153846153846,marginal_confidence,1,100.61668074336265
1247,1b6e1_00010,7,0.7424242424242424,marginal_confidence,1,100.61668074336265
1248,1b6e1_00010,8,0.8918918918918919,marginal_confidence,1,100.61668074336265
1249,1b6e1_00010,9,0.8918918918918919,marginal_confidence,1,100.61668074336265
1250,1b6e1_00010,10,0.8117647058823529,marginal_confidence,1,100.61668074336265
1251,1b6e1_00010,11,0.8918918918918919,marginal_confidence,1,100.61668074336265
1252,1b6e1_00010,12,0.7222222222222222,marginal_confidence,1,100.61668074336265
1253,1b6e1_00010,13,0.9027777777777778,marginal_confidence,1,100.61668074336265
1254,1b6e1_00010,14,0.8918918918918919,marginal_confidence,1,100.61668074336265
1255,1b6e1_00010,15,0.8918918918918919,marginal_confidence,1,100.61668074336265
1256,1b6e1_00010,16,0.8918918918918919,marginal_confidence,1,100.61668074336265
1257,1b6e1_00010,17,0.6357142857142857,marginal_confidence,1,100.61668074336265
1258,1b6e1_00010,18,0.8918918918918919,marginal_confidence,1,100.61668074336265
1259,1b6e1_00010,19,0.7222222222222222,marginal_confidence,1,100.61668074336265
1260,1b6e1_00010,20,0.6919642857142857,marginal_confidence,1,100.61668074336265
1261,1b6e1_00010,21,0.5823529411764705,marginal_confidence,1,100.61668074336265
1262,1b6e1_00010,22,0.7222222222222222,marginal_confidence,1,100.61668074336265
1263,1b6e1_00010,23,0.810483870967742,marginal_confidence,1,100.61668074336265
1264,1b6e1_00010,24,0.7012987012987013,marginal_confidence,1,100.61668074336265
1265,1b6e1_00010,25,0.7666666666666666,marginal_confidence,1,100.61668074336265
1266,1b6e1_00010,26,0.8388888888888889,marginal_confidence,1,100.61668074336265
1267,1b6e1_00010,27,0.7982758620689655,marginal_confidence,1,100.61668074336265
1268,1b6e1_00010,28,0.7982758620689655,marginal_confidence,1,100.61668074336265
1269,1b6e1_00010,29,0.7646103896103896,marginal_confidence,1,100.61668074336265
1270,1b6e1_00010,30,0.7646103896103896,marginal_confidence,1,100.61668074336265
1271,1b6e1_00010,31,0.9264705882352942,marginal_confidence,1,100.61668074336265
1272,1b6e1_00010,32,0.775,marginal_confidence,1,100.61668074336265
1273,1b6e1_00010,33,0.810483870967742,marginal_confidence,1,100.61668074336265
1274,1b6e1_00010,34,0.7790178571428572,marginal_confidence,1,100.61668074336265
1275,1b6e1_00010,35,0.6222222222222222,marginal_confidence,1,100.61668074336265
1276,1b6e1_00010,36,0.6919642857142857,marginal_confidence,1,100.61668074336265
1277,1b6e1_00010,37,0.7790178571428572,marginal_confidence,1,100.61668074336265
1278,1b6e1_00010,38,0.8117647058823529,marginal_confidence,1,100.61668074336265
1279,1b6e1_00010,39,0.9264705882352942,marginal_confidence,1,100.61668074336265
1280,1b6e1_00010,40,0.9027777777777778,marginal_confidence,1,100.61668074336265
1281,1b6e1_00010,41,0.7424242424242424,marginal_confidence,1,100.61668074336265
1282,1b6e1_00010,42,0.8409090909090909,marginal_confidence,1,100.61668074336265
1283,1b6e1_00010,43,0.8117647058823529,marginal_confidence,1,100.61668074336265
1284,1b6e1_00010,44,0.8117647058823529,marginal_confidence,1,100.61668074336265
1285,1b6e1_00010,45,0.8660714285714286,marginal_confidence,1,100.61668074336265
1286,1b6e1_00010,46,0.6970588235294117,marginal_confidence,1,100.61668074336265
1287,1b6e1_00010,47,0.8117647058823529,marginal_confidence,1,100.61668074336265
1288,1b6e1_00010,48,0.8117647058823529,marginal_confidence,1,100.61668074336265
1289,1b6e1_00010,49,0.8117647058823529,marginal_confidence,1,100.61668074336265
1290,1b6e1_00010,50,0.9264705882352942,marginal_confidence,1,100.61668074336265
1291,1b6e1_00010,51,0.9142857142857144,marginal_confidence,1,100.61668074336265
1292,1b6e1_00010,52,0.9142857142857144,marginal_confidence,1,100.61668074336265
1293,1b6e1_00010,53,0.8409090909090909,marginal_confidence,1,100.61668074336265
1294,1b6e1_00010,54,0.8409090909090909,marginal_confidence,1,100.61668074336265
1295,1b6e1_00010,55,0.8117647058823529,marginal_confidence,1,100.61668074336265
1296,1b6e1_00010,56,0.9264705882352942,marginal_confidence,1,100.61668074336265
1297,1b6e1_00010,57,0.8409090909090909,marginal_confidence,1,100.61668074336265
1298,1b6e1_00010,58,0.7424242424242424,marginal_confidence,1,100.61668074336265
1299,1b6e1_00010,59,0.810483870967742,marginal_confidence,1,100.61668074336265
1300,1b6e1_00010,60,0.8409090909090909,marginal_confidence,1,100.61668074336265
1301,1b6e1_00010,61,0.9142857142857144,marginal_confidence,1,100.61668074336265
1302,1b6e1_00010,62,0.6919642857142857,marginal_confidence,1,100.61668074336265
1303,1b6e1_00010,63,0.9264705882352942,marginal_confidence,1,100.61668074336265
1304,1b6e1_00010,64,0.9142857142857144,marginal_confidence,1,100.61668074336265
1305,1b6e1_00010,65,0.8409090909090909,marginal_confidence,1,100.61668074336265
1306,1b6e1_00010,66,0.8117647058823529,marginal_confidence,1,100.61668074336265
1307,1b6e1_00010,67,0.810483870967742,marginal_confidence,1,100.61668074336265
1308,1b6e1_00010,68,0.9264705882352942,marginal_confidence,1,100.61668074336265
1309,1b6e1_00010,69,0.6919642857142857,marginal_confidence,1,100.61668074336265
1310,1b6e1_00010,70,0.7012987012987013,marginal_confidence,1,100.61668074336265
1311,1b6e1_00010,71,0.7790178571428572,marginal_confidence,1,100.61668074336265
1312,1b6e1_00010,72,0.7666666666666666,marginal_confidence,1,100.61668074336265
1313,1b6e1_00010,73,0.7790178571428572,marginal_confidence,1,100.61668074336265
1314,1b6e1_00010,74,0.7318548387096775,marginal_confidence,1,100.61668074336265
1315,1b6e1_00010,75,0.9393939393939394,marginal_confidence,1,100.61668074336265
1316,1b6e1_00010,76,0.9111111111111111,marginal_confidence,1,100.61668074336265
1317,1b6e1_00010,77,0.8660714285714286,marginal_confidence,1,100.61668074336265
1318,1b6e1_00010,78,0.8409090909090909,marginal_confidence,1,100.61668074336265
1319,1b6e1_00010,79,0.8660714285714286,marginal_confidence,1,100.61668074336265
1320,1b6e1_00010,80,0.8409090909090909,marginal_confidence,1,100.61668074336265
1321,1b6e1_00010,81,0.9264705882352942,marginal_confidence,1,100.61668074336265
1322,1b6e1_00010,82,0.8409090909090909,marginal_confidence,1,100.61668074336265
1323,1b6e1_00010,83,0.810483870967742,marginal_confidence,1,100.61668074336265
1324,1b6e1_00010,84,0.8409090909090909,marginal_confidence,1,100.61668074336265
1325,1b6e1_00010,85,0.8409090909090909,marginal_confidence,1,100.61668074336265
1326,1b6e1_00010,86,0.8117647058823529,marginal_confidence,1,100.61668074336265
1327,1b6e1_00010,87,0.7318548387096775,marginal_confidence,1,100.61668074336265
1328,1b6e1_00010,88,0.8388888888888889,marginal_confidence,1,100.61668074336265
1329,1b6e1_00010,89,0.8117647058823529,marginal_confidence,1,100.61668074336265
1330,1b6e1_00010,90,0.7790178571428572,marginal_confidence,1,100.61668074336265
1331,1b6e1_00010,91,0.810483870967742,marginal_confidence,1,100.61668074336265
1332,1b6e1_00010,92,0.7666666666666666,marginal_confidence,1,100.61668074336265
1333,1b6e1_00010,93,0.8409090909090909,marginal_confidence,1,100.61668074336265
1334,1b6e1_00010,94,0.7666666666666666,marginal_confidence,1,100.61668074336265
1335,1b6e1_00010,95,0.8409090909090909,marginal_confidence,1,100.61668074336265
1336,1b6e1_00010,96,0.8409090909090909,marginal_confidence,1,100.61668074336265
1337,1b6e1_00010,97,0.7962962962962963,marginal_confidence,1,100.61668074336265
1338,1b6e1_00010,98,0.8409090909090909,marginal_confidence,1,100.61668074336265
1339,1b6e1_00010,99,0.8409090909090909,marginal_confidence,1,100.61668074336265
1340,1b6e1_00010,100,0.8891129032258065,marginal_confidence,1,100.61668074336265
1341,1b6e1_00010,101,0.953125,marginal_confidence,1,100.61668074336265
1342,1b6e1_00010,102,0.9264705882352942,marginal_confidence,1,100.61668074336265
1343,1b6e1_00010,103,0.9142857142857144,marginal_confidence,1,100.61668074336265
1344,1b6e1_00010,104,0.8409090909090909,marginal_confidence,1,100.61668074336265
1345,1b6e1_00010,105,0.8660714285714286,marginal_confidence,1,100.61668074336265
1346,1b6e1_00010,106,0.7790178571428572,marginal_confidence,1,100.61668074336265
1347,1b6e1_00010,107,0.9264705882352942,marginal_confidence,1,100.61668074336265
1348,1b6e1_00010,108,0.9393939393939394,marginal_confidence,1,100.61668074336265
1349,1b6e1_00010,109,0.8660714285714286,marginal_confidence,1,100.61668074336265
1350,1b6e1_00010,110,0.8660714285714286,marginal_confidence,1,100.61668074336265
1351,1b6e1_00010,111,0.7790178571428572,marginal_confidence,1,100.61668074336265
1352,1b6e1_00010,112,0.9027777777777778,marginal_confidence,1,100.61668074336265
1353,1b6e1_00010,113,0.827922077922078,marginal_confidence,1,100.61668074336265
1354,1b6e1_00010,114,0.8117647058823529,marginal_confidence,1,100.61668074336265
1355,1b6e1_00010,115,0.810483870967742,marginal_confidence,1,100.61668074336265
1356,1b6e1_00010,116,0.8388888888888889,marginal_confidence,1,100.61668074336265
1357,1b6e1_00010,117,0.8117647058823529,marginal_confidence,1,100.61668074336265
1358,1b6e1_00010,118,0.8409090909090909,marginal_confidence,1,100.61668074336265
1359,1b6e1_00010,119,0.7790178571428572,marginal_confidence,1,100.61668074336265
1360,1b6e1_00010,120,0.8117647058823529,marginal_confidence,1,100.61668074336265
1361,1b6e1_00010,121,0.7790178571428572,marginal_confidence,1,100.61668074336265
1362,1b6e1_00010,122,0.8660714285714286,marginal_confidence,1,100.61668074336265
1363,1b6e1_00010,123,0.7790178571428572,marginal_confidence,1,100.61668074336265
1364,1b6e1_00011,0,0.2564102564102564,marginal_confidence,2,103.0651423739055
1365,1b6e1_00011,1,0.6473684210526316,marginal_confidence,2,103.0651423739055
1366,1b6e1_00011,2,0.7435897435897436,marginal_confidence,2,103.0651423739055
1367,1b6e1_00011,3,0.7435897435897436,marginal_confidence,2,103.0651423739055
1368,1b6e1_00011,4,0.6535326086956521,marginal_confidence,2,103.0651423739055
1369,1b6e1_00011,5,0.8014285714285714,marginal_confidence,2,103.0651423739055
1370,1b6e1_00011,6,0.7646103896103896,marginal_confidence,2,103.0651423739055
1371,1b6e1_00011,7,0.7646103896103896,marginal_confidence,2,103.0651423739055
1372,1b6e1_00011,8,0.8564814814814814,marginal_confidence,2,103.0651423739055
1373,1b6e1_00011,9,0.7646103896103896,marginal_confidence,2,103.0651423739055
1374,1b6e1_00011,10,0.7982758620689655,marginal_confidence,2,103.0651423739055
1375,1b6e1_00011,11,0.7982758620689655,marginal_confidence,2,103.0651423739055
1376,1b6e1_00011,12,0.7982758620689655,marginal_confidence,2,103.0651423739055
1377,1b6e1_00011,13,0.8409090909090909,marginal_confidence,2,103.0651423739055
1378,1b6e1_00011,14,0.7982758620689655,marginal_confidence,2,103.0651423739055
1379,1b6e1_00011,15,0.7982758620689655,marginal_confidence,2,103.0651423739055
1380,1b6e1_00011,16,0.8388888888888889,marginal_confidence,2,103.0651423739055
1381,1b6e1_00011,17,0.7982758620689655,marginal_confidence,2,103.0651423739055
1382,1b6e1_00011,18,0.7692307692307693,marginal_confidence,2,103.0651423739055
1383,1b6e1_00011,19,0.9111111111111111,marginal_confidence,2,103.0651423739055
1384,1b6e1_00011,20,0.8891129032258065,marginal_confidence,2,103.0651423739055
1385,1b6e1_00011,21,0.8891129032258065,marginal_confidence,2,103.0651423739055
1386,1b6e1_00011,22,0.8660714285714286,marginal_confidence,2,103.0651423739055
1387,1b6e1_00011,23,0.7666666666666666,marginal_confidence,2,103.0651423739055
1388,1b6e1_00011,24,0.8891129032258065,marginal_confidence,2,103.0651423739055
1389,1b6e1_00011,25,0.953125,marginal_confidence,2,103.0651423739055
1390,1b6e1_00011,26,0.7982758620689655,marginal_confidence,2,103.0651423739055
1391,1b6e1_00011,27,0.8660714285714286,marginal_confidence,2,103.0651423739055
1392,1b6e1_00011,28,0.8660714285714286,marginal_confidence,2,103.0651423739055
1393,1b6e1_00011,29,0.8891129032258065,marginal_confidence,2,103.0651423739055
1394,1b6e1_00011,30,0.7646103896103896,marginal_confidence,2,103.0651423739055
1395,1b6e1_00011,31,0.967741935483871,marginal_confidence,2,103.0651423739055
1396,1b6e1_00011,32,0.8388888888888889,marginal_confidence,2,103.0651423739055
1397,1b6e1_00011,33,0.7982758620689655,marginal_confidence,2,103.0651423739055
1398,1b6e1_00011,34,0.7982758620689655,marginal_confidence,2,103.0651423739055
1399,1b6e1_00011,35,0.967741935483871,marginal_confidence,2,103.0651423739055
1400,1b6e1_00011,36,0.8388888888888889,marginal_confidence,2,103.0651423739055
1401,1b6e1_00011,37,0.8912337662337663,marginal_confidence,2,103.0651423739055
1402,1b6e1_00011,38,0.8912337662337663,marginal_confidence,2,103.0651423739055
1403,1b6e1_00011,39,0.7982758620689655,marginal_confidence,2,103.0651423739055
1404,1b6e1_00011,40,0.8891129032258065,marginal_confidence,2,103.0651423739055
1405,1b6e1_00011,41,0.8388888888888889,marginal_confidence,2,103.0651423739055
1406,1b6e1_00011,42,0.8388888888888889,marginal_confidence,2,103.0651423739055
1407,1b6e1_00011,43,0.827922077922078,marginal_confidence,2,103.0651423739055
1408,1b6e1_00011,44,0.9111111111111111,marginal_confidence,2,103.0651423739055
1409,1b6e1_00011,45,0.8655172413793104,marginal_confidence,2,103.0651423739055
1410,1b6e1_00011,46,0.827922077922078,marginal_confidence,2,103.0651423739055
1411,1b6e1_00011,47,0.827922077922078,marginal_confidence,2,103.0651423739055
1412,1b6e1_00011,48,0.8912337662337663,marginal_confidence,2,103.0651423739055
1413,1b6e1_00011,49,0.7982758620689655,marginal_confidence,2,103.0651423739055
1414,1b6e1_00011,50,0.827922077922078,marginal_confidence,2,103.0651423739055
1415,1b6e1_00011,51,0.8269230769230769,marginal_confidence,2,103.0651423739055
1416,1b6e1_00011,52,0.953125,marginal_confidence,2,103.0651423739055
1417,1b6e1_00011,53,0.9111111111111111,marginal_confidence,2,103.0651423739055
1418,1b6e1_00011,54,0.8388888888888889,marginal_confidence,2,103.0651423739055
1419,1b6e1_00011,55,0.8388888888888889,marginal_confidence,2,103.0651423739055
1420,1b6e1_00011,56,0.8269230769230769,marginal_confidence,2,103.0651423739055
1421,1b6e1_00011,57,0.953125,marginal_confidence,2,103.0651423739055
1422,1b6e1_00011,58,0.827922077922078,marginal_confidence,2,103.0651423739055
1423,1b6e1_00011,59,0.8564814814814814,marginal_confidence,2,103.0651423739055
1424,1b6e1_00011,60,0.9327586206896552,marginal_confidence,2,103.0651423739055
1425,1b6e1_00011,61,0.8388888888888889,marginal_confidence,2,103.0651423739055
1426,1b6e1_00011,62,0.7791666666666667,marginal_confidence,2,103.0651423739055
1427,1b6e1_00011,63,0.8655172413793104,marginal_confidence,2,103.0651423739055
1428,1b6e1_00011,64,0.9111111111111111,marginal_confidence,2,103.0651423739055
1429,1b6e1_00011,65,0.8564814814814814,marginal_confidence,2,103.0651423739055
1430,1b6e1_00011,66,0.827922077922078,marginal_confidence,2,103.0651423739055
1431,1b6e1_00011,67,0.8655172413793104,marginal_confidence,2,103.0651423739055
1432,1b6e1_00011,68,0.8655172413793104,marginal_confidence,2,103.0651423739055
1433,1b6e1_00011,69,0.827922077922078,marginal_confidence,2,103.0651423739055
1434,1b6e1_00011,70,0.827922077922078,marginal_confidence,2,103.0651423739055
1435,1b6e1_00011,71,0.827922077922078,marginal_confidence,2,103.0651423739055
1436,1b6e1_00011,72,0.7962962962962963,marginal_confidence,2,103.0651423739055
1437,1b6e1_00011,73,0.7982758620689655,marginal_confidence,2,103.0651423739055
1438,1b6e1_00011,74,0.8912337662337663,marginal_confidence,2,103.0651423739055
1439,1b6e1_00011,75,0.8655172413793104,marginal_confidence,2,103.0651423739055
1440,1b6e1_00011,76,0.7982758620689655,marginal_confidence,2,103.0651423739055
1441,1b6e1_00011,77,0.827922077922078,marginal_confidence,2,103.0651423739055
1442,1b6e1_00011,78,0.8655172413793104,marginal_confidence,2,103.0651423739055
1443,1b6e1_00011,79,0.8388888888888889,marginal_confidence,2,103.0651423739055
1444,1b6e1_00011,80,0.8269230769230769,marginal_confidence,2,103.0651423739055
1445,1b6e1_00011,81,0.8655172413793104,marginal_confidence,2,103.0651423739055
1446,1b6e1_00011,82,0.7962962962962963,marginal_confidence,2,103.0651423739055
1447,1b6e1_00011,83,0.8564814814814814,marginal_confidence,2,103.0651423739055
1448,1b6e1_00011,84,0.8655172413793104,marginal_confidence,2,103.0651423739055
1449,1b6e1_00011,85,0.8014285714285714,marginal_confidence,2,103.0651423739055
1450,1b6e1_00011,86,0.8655172413793104,marginal_confidence,2,103.0651423739055
1451,1b6e1_00011,87,0.9111111111111111,marginal_confidence,2,103.0651423739055
1452,1b6e1_00011,88,0.7692307692307693,marginal_confidence,2,103.0651423739055
1453,1b6e1_00011,89,0.8655172413793104,marginal_confidence,2,103.0651423739055
1454,1b6e1_00011,90,0.8269230769230769,marginal_confidence,2,103.0651423739055
1455,1b6e1_00011,91,0.8655172413793104,marginal_confidence,2,103.0651423739055
1456,1b6e1_00011,92,0.7962962962962963,marginal_confidence,2,103.0651423739055
1457,1b6e1_00011,93,0.827922077922078,marginal_confidence,2,103.0651423739055
1458,1b6e1_00011,94,0.9327586206896552,marginal_confidence,2,103.0651423739055
1459,1b6e1_00011,95,0.8912337662337663,marginal_confidence,2,103.0651423739055
1460,1b6e1_00011,96,0.7982758620689655,marginal_confidence,2,103.0651423739055
1461,1b6e1_00011,97,0.9111111111111111,marginal_confidence,2,103.0651423739055
1462,1b6e1_00011,98,0.8655172413793104,marginal_confidence,2,103.0651423739055
1463,1b6e1_00011,99,0.7982758620689655,marginal_confidence,2,103.0651423739055
1464,1b6e1_00011,100,0.7962962962962963,marginal_confidence,2,103.0651423739055
1465,1b6e1_00011,101,0.827922077922078,marginal_confidence,2,103.0651423739055
1466,1b6e1_00011,102,0.8655172413793104,marginal_confidence,2,103.0651423739055
1467,1b6e1_00011,103,0.827922077922078,marginal_confidence,2,103.0651423739055
1468,1b6e1_00011,104,0.8655172413793104,marginal_confidence,2,103.0651423739055
1469,1b6e1_00011,105,0.9327586206896552,marginal_confidence,2,103.0651423739055
1470,1b6e1_00011,106,0.8912337662337663,marginal_confidence,2,103.0651423739055
1471,1b6e1_00011,107,0.9111111111111111,marginal_confidence,2,103.0651423739055
1472,1b6e1_00011,108,0.7646103896103896,marginal_confidence,2,103.0651423739055
1473,1b6e1_00011,109,0.8388888888888889,marginal_confidence,2,103.0651423739055
1474,1b6e1_00011,110,0.8564814814814814,marginal_confidence,2,103.0651423739055
1475,1b6e1_00011,111,0.7962962962962963,marginal_confidence,2,103.0651423739055
1476,1b6e1_00011,112,0.827922077922078,marginal_confidence,2,103.0651423739055
1477,1b6e1_00011,113,0.8388888888888889,marginal_confidence,2,103.0651423739055
1478,1b6e1_00011,114,0.8388888888888889,marginal_confidence,2,103.0651423739055
1479,1b6e1_00011,115,0.7962962962962963,marginal_confidence,2,103.0651423739055
1480,1b6e1_00011,116,0.9111111111111111,marginal_confidence,2,103.0651423739055
1481,1b6e1_00011,117,0.827922077922078,marginal_confidence,2,103.0651423739055
1482,1b6e1_00011,118,0.827922077922078,marginal_confidence,2,103.0651423739055
1483,1b6e1_00011,119,0.810483870967742,marginal_confidence,2,103.0651423739055
1484,1b6e1_00011,120,0.8912337662337663,marginal_confidence,2,103.0651423739055
1485,1b6e1_00011,121,0.7666666666666666,marginal_confidence,2,103.0651423739055
1486,1b6e1_00011,122,0.827922077922078,marginal_confidence,2,103.0651423739055
1487,1b6e1_00011,123,0.9111111111111111,marginal_confidence,2,103.0651423739055
1488,1b6e1_00012,0,0.7118421052631578,marginal_confidence,3,104.52142447252636
1489,1b6e1_00012,1,0.7435897435897436,marginal_confidence,3,104.52142447252636
1490,1b6e1_00012,2,0.7115384615384615,marginal_confidence,3,104.52142447252636
1491,1b6e1_00012,3,0.810483870967742,marginal_confidence,3,104.52142447252636
1492,1b6e1_00012,4,0.7666666666666666,marginal_confidence,3,104.52142447252636
1493,1b6e1_00012,5,0.9393939393939394,marginal_confidence,3,104.52142447252636
1494,1b6e1_00012,6,0.8660714285714286,marginal_confidence,3,104.52142447252636
1495,1b6e1_00012,7,0.8660714285714286,marginal_confidence,3,104.52142447252636
1496,1b6e1_00012,8,0.7012987012987013,marginal_confidence,3,104.52142447252636
1497,1b6e1_00012,9,0.8891129032258065,marginal_confidence,3,104.52142447252636
1498,1b6e1_00012,10,0.7666666666666666,marginal_confidence,3,104.52142447252636
1499,1b6e1_00012,11,0.7318548387096775,marginal_confidence,3,104.52142447252636
1500,1b6e1_00012,12,0.8891129032258065,marginal_confidence,3,104.52142447252636
1501,1b6e1_00012,13,0.7962962962962963,marginal_confidence,3,104.52142447252636
1502,1b6e1_00012,14,0.810483870967742,marginal_confidence,3,104.52142447252636
1503,1b6e1_00012,15,0.7310344827586206,marginal_confidence,3,104.52142447252636
1504,1b6e1_00012,16,0.8117647058823529,marginal_confidence,3,104.52142447252636
1505,1b6e1_00012,17,0.8660714285714286,marginal_confidence,3,104.52142447252636
1506,1b6e1_00012,18,0.8388888888888889,marginal_confidence,3,104.52142447252636
1507,1b6e1_00012,19,0.8660714285714286,marginal_confidence,3,104.52142447252636
1508,1b6e1_00012,20,0.8660714285714286,marginal_confidence,3,104.52142447252636
1509,1b6e1_00012,21,0.8388888888888889,marginal_confidence,3,104.52142447252636
1510,1b6e1_00012,22,0.810483870967742,marginal_confidence,3,104.52142447252636
1511,1b6e1_00012,23,0.8660714285714286,marginal_confidence,3,104.52142447252636
1512,1b6e1_00012,24,0.8660714285714286,marginal_confidence,3,104.52142447252636
1513,1b6e1_00012,25,0.810483870967742,marginal_confidence,3,104.52142447252636
1514,1b6e1_00012,26,0.810483870967742,marginal_confidence,3,104.52142447252636
1515,1b6e1_00012,27,0.8660714285714286,marginal_confidence,3,104.52142447252636
1516,1b6e1_00012,28,0.8388888888888889,marginal_confidence,3,104.52142447252636
1517,1b6e1_00012,29,0.8660714285714286,marginal_confidence,3,104.52142447252636
1518,1b6e1_00012,30,0.7790178571428572,marginal_confidence,3,104.52142447252636
1519,1b6e1_00012,31,0.810483870967742,marginal_confidence,3,104.52142447252636
1520,1b6e1_00012,32,0.7318548387096775,marginal_confidence,3,104.52142447252636
1521,1b6e1_00012,33,0.8117647058823529,marginal_confidence,3,104.52142447252636
1522,1b6e1_00012,34,0.8660714285714286,marginal_confidence,3,104.52142447252636
1523,1b6e1_00012,35,0.7790178571428572,marginal_confidence,3,104.52142447252636
1524,1b6e1_00012,36,0.9393939393939394,marginal_confidence,3,104.52142447252636
1525,1b6e1_00012,37,0.8388888888888889,marginal_confidence,3,104.52142447252636
1526,1b6e1_00012,38,0.953125,marginal_confidence,3,104.52142447252636
1527,1b6e1_00012,39,0.8891129032258065,marginal_confidence,3,104.52142447252636
1528,1b6e1_00012,40,0.8891129032258065,marginal_confidence,3,104.52142447252636
1529,1b6e1_00012,41,0.7310344827586206,marginal_confidence,3,104.52142447252636
1530,1b6e1_00012,42,0.8388888888888889,marginal_confidence,3,104.52142447252636
1531,1b6e1_00012,43,0.8660714285714286,marginal_confidence,3,104.52142447252636
1532,1b6e1_00012,44,0.8891129032258065,marginal_confidence,3,104.52142447252636
1533,1b6e1_00012,45,0.953125,marginal_confidence,3,104.52142447252636
1534,1b6e1_00012,46,0.8655172413793104,marginal_confidence,3,104.52142447252636
1535,1b6e1_00012,47,0.8660714285714286,marginal_confidence,3,104.52142447252636
1536,1b6e1_00012,48,0.9111111111111111,marginal_confidence,3,104.52142447252636
1537,1b6e1_00012,49,0.8564814814814814,marginal_confidence,3,104.52142447252636
1538,1b6e1_00012,50,0.8660714285714286,marginal_confidence,3,104.52142447252636
1539,1b6e1_00012,51,0.7790178571428572,marginal_confidence,3,104.52142447252636
1540,1b6e1_00012,52,0.810483870967742,marginal_confidence,3,104.52142447252636
1541,1b6e1_00012,53,0.8891129032258065,marginal_confidence,3,104.52142447252636
1542,1b6e1_00012,54,0.7666666666666666,marginal_confidence,3,104.52142447252636
1543,1b6e1_00012,55,0.8388888888888889,marginal_confidence,3,104.52142447252636
1544,1b6e1_00012,56,0.8891129032258065,marginal_confidence,3,104.52142447252636
1545,1b6e1_00012,57,0.7457142857142858,marginal_confidence,3,104.52142447252636
1546,1b6e1_00012,58,0.8891129032258065,marginal_confidence,3,104.52142447252636
1547,1b6e1_00012,59,0.5578947368421052,marginal_confidence,3,104.52142447252636
1548,1b6e1_00012,60,0.8660714285714286,marginal_confidence,3,104.52142447252636
1549,1b6e1_00012,61,0.810483870967742,marginal_confidence,3,104.52142447252636
1550,1b6e1_00012,62,0.8388888888888889,marginal_confidence,3,104.52142447252636
1551,1b6e1_00012,63,0.7646103896103896,marginal_confidence,3,104.52142447252636
1552,1b6e1_00012,64,0.8388888888888889,marginal_confidence,3,104.52142447252636
1553,1b6e1_00012,65,0.7982758620689655,marginal_confidence,3,104.52142447252636
1554,1b6e1_00012,66,0.7982758620689655,marginal_confidence,3,104.52142447252636
1555,1b6e1_00012,67,0.8660714285714286,marginal_confidence,3,104.52142447252636
1556,1b6e1_00012,68,0.7646103896103896,marginal_confidence,3,104.52142447252636
1557,1b6e1_00012,69,0.953125,marginal_confidence,3,104.52142447252636
1558,1b6e1_00012,70,0.8388888888888889,marginal_confidence,3,104.52142447252636
1559,1b6e1_00012,71,0.7666666666666666,marginal_confidence,3,104.52142447252636
1560,1b6e1_00012,72,0.8655172413793104,marginal_confidence,3,104.52142447252636
1561,1b6e1_00012,73,0.8564814814814814,marginal_confidence,3,104.52142447252636
1562,1b6e1_00012,74,0.8564814814814814,marginal_confidence,3,104.52142447252636
1563,1b6e1_00012,75,0.9166666666666667,marginal_confidence,3,104.52142447252636
1564,1b6e1_00012,76,0.7646103896103896,marginal_confidence,3,104.52142447252636
1565,1b6e1_00012,77,0.8660714285714286,marginal_confidence,3,104.52142447252636
1566,1b6e1_00012,78,0.8655172413793104,marginal_confidence,3,104.52142447252636
1567,1b6e1_00012,79,0.8388888888888889,marginal_confidence,3,104.52142447252636
1568,1b6e1_00012,80,0.953125,marginal_confidence,3,104.52142447252636
1569,1b6e1_00012,81,0.8655172413793104,marginal_confidence,3,104.52142447252636
1570,1b6e1_00012,82,0.9111111111111111,marginal_confidence,3,104.52142447252636
1571,1b6e1_00012,83,0.8912337662337663,marginal_confidence,3,104.52142447252636
1572,1b6e1_00012,84,0.7982758620689655,marginal_confidence,3,104.52142447252636
1573,1b6e1_00012,85,0.9327586206896552,marginal_confidence,3,104.52142447252636
1574,1b6e1_00012,86,0.8660714285714286,marginal_confidence,3,104.52142447252636
1575,1b6e1_00012,87,0.8388888888888889,marginal_confidence,3,104.52142447252636
1576,1b6e1_00012,88,0.7962962962962963,marginal_confidence,3,104.52142447252636
1577,1b6e1_00012,89,0.8891129032258065,marginal_confidence,3,104.52142447252636
1578,1b6e1_00012,90,0.8655172413793104,marginal_confidence,3,104.52142447252636
1579,1b6e1_00012,91,0.9111111111111111,marginal_confidence,3,104.52142447252636
1580,1b6e1_00012,92,0.7982758620689655,marginal_confidence,3,104.52142447252636
1581,1b6e1_00012,93,0.8891129032258065,marginal_confidence,3,104.52142447252636
1582,1b6e1_00012,94,0.8388888888888889,marginal_confidence,3,104.52142447252636
1583,1b6e1_00012,95,0.8891129032258065,marginal_confidence,3,104.52142447252636
1584,1b6e1_00012,96,0.9111111111111111,marginal_confidence,3,104.52142447252636
1585,1b6e1_00012,97,0.9111111111111111,marginal_confidence,3,104.52142447252636
1586,1b6e1_00012,98,0.9111111111111111,marginal_confidence,3,104.52142447252636
1587,1b6e1_00012,99,0.8655172413793104,marginal_confidence,3,104.52142447252636
1588,1b6e1_00012,100,0.7962962962962963,marginal_confidence,3,104.52142447252636
1589,1b6e1_00012,101,0.9111111111111111,marginal_confidence,3,104.52142447252636
1590,1b6e1_00012,102,0.9327586206896552,marginal_confidence,3,104.52142447252636
1591,1b6e1_00012,103,0.8655172413793104,marginal_confidence,3,104.52142447252636
1592,1b6e1_00012,104,0.8891129032258065,marginal_confidence,3,104.52142447252636
1593,1b6e1_00012,105,0.9327586206896552,marginal_confidence,3,104.52142447252636
1594,1b6e1_00012,106,0.9111111111111111,marginal_confidence,3,104.52142447252636
1595,1b6e1_00012,107,0.9111111111111111,marginal_confidence,3,104.52142447252636
1596,1b6e1_00012,108,0.8655172413793104,marginal_confidence,3,104.52142447252636
1597,1b6e1_00012,109,0.8388888888888889,marginal_confidence,3,104.52142447252636
1598,1b6e1_00012,110,0.8660714285714286,marginal_confidence,3,104.52142447252636
1599,1b6e1_00012,111,0.8655172413793104,marginal_confidence,3,104.52142447252636
1600,1b6e1_00012,112,0.9111111111111111,marginal_confidence,3,104.52142447252636
1601,1b6e1_00012,113,0.9833333333333334,marginal_confidence,3,104.52142447252636
1602,1b6e1_00012,114,0.9111111111111111,marginal_confidence,3,104.52142447252636
1603,1b6e1_00012,115,0.9111111111111111,marginal_confidence,3,104.52142447252636
1604,1b6e1_00012,116,0.8660714285714286,marginal_confidence,3,104.52142447252636
1605,1b6e1_00012,117,0.9393939393939394,marginal_confidence,3,104.52142447252636
1606,1b6e1_00012,118,0.8891129032258065,marginal_confidence,3,104.52142447252636
1607,1b6e1_00012,119,0.8660714285714286,marginal_confidence,3,104.52142447252636
1608,1b6e1_00012,120,0.8891129032258065,marginal_confidence,3,104.52142447252636
1609,1b6e1_00012,121,0.9111111111111111,marginal_confidence,3,104.52142447252636
1610,1b6e1_00012,122,0.9111111111111111,marginal_confidence,3,104.52142447252636
1611,1b6e1_00012,123,0.7666666666666666,marginal_confidence,3,104.52142447252636
1612,1b6e1_00013,0,0.6428571428571428,marginal_confidence,4,98.92014419156061
1613,1b6e1_00013,1,0.7595108695652174,marginal_confidence,4,98.92014419156061
1614,1b6e1_00013,2,0.6759259259259259,marginal_confidence,4,98.92014419156061
1615,1b6e1_00013,3,0.7115384615384615,marginal_confidence,4,98.92014419156061
1616,1b6e1_00013,4,0.6970588235294117,marginal_confidence,4,98.92014419156061
1617,1b6e1_00013,5,0.9027777777777778,marginal_confidence,4,98.92014419156061
1618,1b6e1_00013,6,0.8117647058823529,marginal_confidence,4,98.92014419156061
1619,1b6e1_00013,7,0.8117647058823529,marginal_confidence,4,98.92014419156061
1620,1b6e1_00013,8,0.9393939393939394,marginal_confidence,4,98.92014419156061
1621,1b6e1_00013,9,0.9264705882352942,marginal_confidence,4,98.92014419156061
1622,1b6e1_00013,10,0.8117647058823529,marginal_confidence,4,98.92014419156061
1623,1b6e1_00013,11,0.8891129032258065,marginal_confidence,4,98.92014419156061
1624,1b6e1_00013,12,0.810483870967742,marginal_confidence,4,98.92014419156061
1625,1b6e1_00013,13,0.9142857142857144,marginal_confidence,4,98.92014419156061
1626,1b6e1_00013,14,0.9264705882352942,marginal_confidence,4,98.92014419156061
1627,1b6e1_00013,15,0.6222222222222222,marginal_confidence,4,98.92014419156061
1628,1b6e1_00013,16,0.7790178571428572,marginal_confidence,4,98.92014419156061
1629,1b6e1_00013,17,0.6944444444444444,marginal_confidence,4,98.92014419156061
1630,1b6e1_00013,18,0.8117647058823529,marginal_confidence,4,98.92014419156061
1631,1b6e1_00013,19,0.7318548387096775,marginal_confidence,4,98.92014419156061
1632,1b6e1_00013,20,0.7666666666666666,marginal_confidence,4,98.92014419156061
1633,1b6e1_00013,21,0.8660714285714286,marginal_confidence,4,98.92014419156061
1634,1b6e1_00013,22,0.827922077922078,marginal_confidence,4,98.92014419156061
1635,1b6e1_00013,23,0.7310344827586206,marginal_confidence,4,98.92014419156061
1636,1b6e1_00013,24,0.7666666666666666,marginal_confidence,4,98.92014419156061
1637,1b6e1_00013,25,0.7457142857142858,marginal_confidence,4,98.92014419156061
1638,1b6e1_00013,26,0.8409090909090909,marginal_confidence,4,98.92014419156061
1639,1b6e1_00013,27,0.596551724137931,marginal_confidence,4,98.92014419156061
1640,1b6e1_00013,28,0.8409090909090909,marginal_confidence,4,98.92014419156061
1641,1b6e1_00013,29,0.6538461538461539,marginal_confidence,4,98.92014419156061
1642,1b6e1_00013,30,0.6944444444444444,marginal_confidence,4,98.92014419156061
1643,1b6e1_00013,31,0.6637931034482758,marginal_confidence,4,98.92014419156061
1644,1b6e1_00013,32,0.7791666666666667,marginal_confidence,4,98.92014419156061
1645,1b6e1_00013,33,0.7595108695652174,marginal_confidence,4,98.92014419156061
1646,1b6e1_00013,34,0.6532258064516129,marginal_confidence,4,98.92014419156061
1647,1b6e1_00013,35,0.6538461538461539,marginal_confidence,4,98.92014419156061
1648,1b6e1_00013,36,0.7646103896103896,marginal_confidence,4,98.92014419156061
1649,1b6e1_00013,37,0.725,marginal_confidence,4,98.92014419156061
1650,1b6e1_00013,38,0.8660714285714286,marginal_confidence,4,98.92014419156061
1651,1b6e1_00013,39,0.7982758620689655,marginal_confidence,4,98.92014419156061
1652,1b6e1_00013,40,0.8891129032258065,marginal_confidence,4,98.92014419156061
1653,1b6e1_00013,41,0.7791666666666667,marginal_confidence,4,98.92014419156061
1654,1b6e1_00013,42,0.7666666666666666,marginal_confidence,4,98.92014419156061
1655,1b6e1_00013,43,0.7982758620689655,marginal_confidence,4,98.92014419156061
1656,1b6e1_00013,44,0.7310344827586206,marginal_confidence,4,98.92014419156061
1657,1b6e1_00013,45,0.8388888888888889,marginal_confidence,4,98.92014419156061
1658,1b6e1_00013,46,0.7310344827586206,marginal_confidence,4,98.92014419156061
1659,1b6e1_00013,47,0.8660714285714286,marginal_confidence,4,98.92014419156061
1660,1b6e1_00013,48,0.8891129032258065,marginal_confidence,4,98.92014419156061
1661,1b6e1_00013,49,0.7790178571428572,marginal_confidence,4,98.92014419156061
1662,1b6e1_00013,50,0.827922077922078,marginal_confidence,4,98.92014419156061
1663,1b6e1_00013,51,0.7646103896103896,marginal_confidence,4,98.92014419156061
1664,1b6e1_00013,52,0.7790178571428572,marginal_confidence,4,98.92014419156061
1665,1b6e1_00013,53,0.8388888888888889,marginal_confidence,4,98.92014419156061
1666,1b6e1_00013,54,0.8660714285714286,marginal_confidence,4,98.92014419156061
1667,1b6e1_00013,55,0.8388888888888889,marginal_confidence,4,98.92014419156061
1668,1b6e1_00013,56,0.8891129032258065,marginal_confidence,4,98.92014419156061
1669,1b6e1_00013,57,0.8409090909090909,marginal_confidence,4,98.92014419156061
1670,1b6e1_00013,58,0.8117647058823529,marginal_confidence,4,98.92014419156061
1671,1b6e1_00013,59,0.810483870967742,marginal_confidence,4,98.92014419156061
1672,1b6e1_00013,60,0.7982758620689655,marginal_confidence,4,98.92014419156061
1673,1b6e1_00013,61,0.6944444444444444,marginal_confidence,4,98.92014419156061
1674,1b6e1_00013,62,0.8660714285714286,marginal_confidence,4,98.92014419156061
1675,1b6e1_00013,63,0.7666666666666666,marginal_confidence,4,98.92014419156061
1676,1b6e1_00013,64,0.8388888888888889,marginal_confidence,4,98.92014419156061
1677,1b6e1_00013,65,0.8409090909090909,marginal_confidence,4,98.92014419156061
1678,1b6e1_00013,66,0.7318548387096775,marginal_confidence,4,98.92014419156061
1679,1b6e1_00013,67,0.8660714285714286,marginal_confidence,4,98.92014419156061
1680,1b6e1_00013,68,0.810483870967742,marginal_confidence,4,98.92014419156061
1681,1b6e1_00013,69,0.7790178571428572,marginal_confidence,4,98.92014419156061
1682,1b6e1_00013,70,0.7318548387096775,marginal_confidence,4,98.92014419156061
1683,1b6e1_00013,71,0.810483870967742,marginal_confidence,4,98.92014419156061
1684,1b6e1_00013,72,0.8660714285714286,marginal_confidence,4,98.92014419156061
1685,1b6e1_00013,73,0.9393939393939394,marginal_confidence,4,98.92014419156061
1686,1b6e1_00013,74,0.7361111111111112,marginal_confidence,4,98.92014419156061
1687,1b6e1_00013,75,0.9111111111111111,marginal_confidence,4,98.92014419156061
1688,1b6e1_00013,76,0.8660714285714286,marginal_confidence,4,98.92014419156061
1689,1b6e1_00013,77,0.7790178571428572,marginal_confidence,4,98.92014419156061
1690,1b6e1_00013,78,0.8388888888888889,marginal_confidence,4,98.92014419156061
1691,1b6e1_00013,79,0.810483870967742,marginal_confidence,4,98.92014419156061
1692,1b6e1_00013,80,0.810483870967742,marginal_confidence,4,98.92014419156061
1693,1b6e1_00013,81,0.8388888888888889,marginal_confidence,4,98.92014419156061
1694,1b6e1_00013,82,0.7318548387096775,marginal_confidence,4,98.92014419156061
1695,1b6e1_00013,83,0.810483870967742,marginal_confidence,4,98.92014419156061
1696,1b6e1_00013,84,0.7318548387096775,marginal_confidence,4,98.92014419156061
1697,1b6e1_00013,85,0.7982758620689655,marginal_confidence,4,98.92014419156061
1698,1b6e1_00013,86,0.9393939393939394,marginal_confidence,4,98.92014419156061
1699,1b6e1_00013,87,0.7666666666666666,marginal_confidence,4,98.92014419156061
1700,1b6e1_00013,88,0.8388888888888889,marginal_confidence,4,98.92014419156061
1701,1b6e1_00013,89,0.9264705882352942,marginal_confidence,4,98.92014419156061
1702,1b6e1_00013,90,0.7666666666666666,marginal_confidence,4,98.92014419156061
1703,1b6e1_00013,91,0.8388888888888889,marginal_confidence,4,98.92014419156061
1704,1b6e1_00013,92,0.7982758620689655,marginal_confidence,4,98.92014419156061
1705,1b6e1_00013,93,0.810483870967742,marginal_confidence,4,98.92014419156061
1706,1b6e1_00013,94,0.9111111111111111,marginal_confidence,4,98.92014419156061
1707,1b6e1_00013,95,0.8660714285714286,marginal_confidence,4,98.92014419156061
1708,1b6e1_00013,96,0.7982758620689655,marginal_confidence,4,98.92014419156061
1709,1b6e1_00013,97,0.9393939393939394,marginal_confidence,4,98.92014419156061
1710,1b6e1_00013,98,0.8660714285714286,marginal_confidence,4,98.92014419156061
1711,1b6e1_00013,99,0.9264705882352942,marginal_confidence,4,98.92014419156061
1712,1b6e1_00013,100,0.810483870967742,marginal_confidence,4,98.92014419156061
1713,1b6e1_00013,101,0.7666666666666666,marginal_confidence,4,98.92014419156061
1714,1b6e1_00013,102,0.810483870967742,marginal_confidence,4,98.92014419156061
1715,1b6e1_00013,103,0.810483870967742,marginal_confidence,4,98.92014419156061
1716,1b6e1_00013,104,0.810483870967742,marginal_confidence,4,98.92014419156061
1717,1b6e1_00013,105,0.9264705882352942,marginal_confidence,4,98.92014419156061
1718,1b6e1_00013,106,0.8660714285714286,marginal_confidence,4,98.92014419156061
1719,1b6e1_00013,107,0.8117647058823529,marginal_confidence,4,98.92014419156061
1720,1b6e1_00013,108,0.8660714285714286,marginal_confidence,4,98.92014419156061
1721,1b6e1_00013,109,0.7310344827586206,marginal_confidence,4,98.92014419156061
1722,1b6e1_00013,110,0.8388888888888889,marginal_confidence,4,98.92014419156061
1723,1b6e1_00013,111,0.810483870967742,marginal_confidence,4,98.92014419156061
1724,1b6e1_00013,112,0.7666666666666666,marginal_confidence,4,98.92014419156061
1725,1b6e1_00013,113,0.7310344827586206,marginal_confidence,4,98.92014419156061
1726,1b6e1_00013,114,0.7982758620689655,marginal_confidence,4,98.92014419156061
1727,1b6e1_00013,115,0.7982758620689655,marginal_confidence,4,98.92014419156061
1728,1b6e1_00013,116,0.7962962962962963,marginal_confidence,4,98.92014419156061
1729,1b6e1_00013,117,0.8388888888888889,marginal_confidence,4,98.92014419156061
1730,1b6e1_00013,118,0.810483870967742,marginal_confidence,4,98.92014419156061
1731,1b6e1_00013,119,0.7790178571428572,marginal_confidence,4,98.92014419156061
1732,1b6e1_00013,120,0.7646103896103896,marginal_confidence,4,98.92014419156061
1733,1b6e1_00013,121,0.7790178571428572,marginal_confidence,4,98.92014419156061
1734,1b6e1_00013,122,0.9393939393939394,marginal_confidence,4,98.92014419156061
1735,1b6e1_00013,123,0.7646103896103896,marginal_confidence,4,98.92014419156061
1736,1b6e1_00014,0,0.7065217391304348,marginal_confidence,5,96.29019927406883
1737,1b6e1_00014,1,0.2564102564102564,marginal_confidence,5,96.29019927406883
1738,1b6e1_00014,2,0.8117647058823529,marginal_confidence,5,96.29019927406883
1739,1b6e1_00014,3,0.637987012987013,marginal_confidence,5,96.29019927406883
1740,1b6e1_00014,4,0.7380952380952381,marginal_confidence,5,96.29019927406883
1741,1b6e1_00014,5,0.6986842105263158,marginal_confidence,5,96.29019927406883
1742,1b6e1_00014,6,0.5745967741935484,marginal_confidence,5,96.29019927406883
1743,1b6e1_00014,7,0.6532258064516129,marginal_confidence,5,96.29019927406883
1744,1b6e1_00014,8,0.7424242424242424,marginal_confidence,5,96.29019927406883
1745,1b6e1_00014,9,0.7790178571428572,marginal_confidence,5,96.29019927406883
1746,1b6e1_00014,10,0.7424242424242424,marginal_confidence,5,96.29019927406883
1747,1b6e1_00014,11,0.7790178571428572,marginal_confidence,5,96.29019927406883
1748,1b6e1_00014,12,0.6919642857142857,marginal_confidence,5,96.29019927406883
1749,1b6e1_00014,13,0.7424242424242424,marginal_confidence,5,96.29019927406883
1750,1b6e1_00014,14,0.8388888888888889,marginal_confidence,5,96.29019927406883
1751,1b6e1_00014,15,0.7424242424242424,marginal_confidence,5,96.29019927406883
1752,1b6e1_00014,16,0.7424242424242424,marginal_confidence,5,96.29019927406883
1753,1b6e1_00014,17,0.6919642857142857,marginal_confidence,5,96.29019927406883
1754,1b6e1_00014,18,0.7424242424242424,marginal_confidence,5,96.29019927406883
1755,1b6e1_00014,19,0.7424242424242424,marginal_confidence,5,96.29019927406883
1756,1b6e1_00014,20,0.6919642857142857,marginal_confidence,5,96.29019927406883
1757,1b6e1_00014,21,0.7318548387096775,marginal_confidence,5,96.29019927406883
1758,1b6e1_00014,22,0.8660714285714286,marginal_confidence,5,96.29019927406883
1759,1b6e1_00014,23,0.7424242424242424,marginal_confidence,5,96.29019927406883
1760,1b6e1_00014,24,0.7790178571428572,marginal_confidence,5,96.29019927406883
1761,1b6e1_00014,25,0.8117647058823529,marginal_confidence,5,96.29019927406883
1762,1b6e1_00014,26,0.7790178571428572,marginal_confidence,5,96.29019927406883
1763,1b6e1_00014,27,0.7790178571428572,marginal_confidence,5,96.29019927406883
1764,1b6e1_00014,28,0.7424242424242424,marginal_confidence,5,96.29019927406883
1765,1b6e1_00014,29,0.7310344827586206,marginal_confidence,5,96.29019927406883
1766,1b6e1_00014,30,0.6222222222222222,marginal_confidence,5,96.29019927406883
1767,1b6e1_00014,31,0.6919642857142857,marginal_confidence,5,96.29019927406883
1768,1b6e1_00014,32,0.7310344827586206,marginal_confidence,5,96.29019927406883
1769,1b6e1_00014,33,0.6637931034482758,marginal_confidence,5,96.29019927406883
1770,1b6e1_00014,34,0.6535326086956521,marginal_confidence,5,96.29019927406883
1771,1b6e1_00014,35,0.8117647058823529,marginal_confidence,5,96.29019927406883
1772,1b6e1_00014,36,0.7790178571428572,marginal_confidence,5,96.29019927406883
1773,1b6e1_00014,37,0.8117647058823529,marginal_confidence,5,96.29019927406883
1774,1b6e1_00014,38,0.810483870967742,marginal_confidence,5,96.29019927406883
1775,1b6e1_00014,39,0.7982758620689655,marginal_confidence,5,96.29019927406883
1776,1b6e1_00014,40,0.8409090909090909,marginal_confidence,5,96.29019927406883
1777,1b6e1_00014,41,0.7424242424242424,marginal_confidence,5,96.29019927406883
1778,1b6e1_00014,42,0.8117647058823529,marginal_confidence,5,96.29019927406883
1779,1b6e1_00014,43,0.8409090909090909,marginal_confidence,5,96.29019927406883
1780,1b6e1_00014,44,0.7424242424242424,marginal_confidence,5,96.29019927406883
1781,1b6e1_00014,45,0.9393939393939394,marginal_confidence,5,96.29019927406883
1782,1b6e1_00014,46,0.6532258064516129,marginal_confidence,5,96.29019927406883
1783,1b6e1_00014,47,0.6708333333333334,marginal_confidence,5,96.29019927406883
1784,1b6e1_00014,48,0.8891129032258065,marginal_confidence,5,96.29019927406883
1785,1b6e1_00014,49,0.6637931034482758,marginal_confidence,5,96.29019927406883
1786,1b6e1_00014,50,0.7790178571428572,marginal_confidence,5,96.29019927406883
1787,1b6e1_00014,51,0.6944444444444444,marginal_confidence,5,96.29019927406883
1788,1b6e1_00014,52,0.6708333333333334,marginal_confidence,5,96.29019927406883
1789,1b6e1_00014,53,0.8117647058823529,marginal_confidence,5,96.29019927406883
1790,1b6e1_00014,54,0.7012987012987013,marginal_confidence,5,96.29019927406883
1791,1b6e1_00014,55,0.7318548387096775,marginal_confidence,5,96.29019927406883
1792,1b6e1_00014,56,0.7318548387096775,marginal_confidence,5,96.29019927406883
1793,1b6e1_00014,57,0.7666666666666666,marginal_confidence,5,96.29019927406883
1794,1b6e1_00014,58,0.810483870967742,marginal_confidence,5,96.29019927406883
1795,1b6e1_00014,59,0.6944444444444444,marginal_confidence,5,96.29019927406883
1796,1b6e1_00014,60,0.6944444444444444,marginal_confidence,5,96.29019927406883
1797,1b6e1_00014,61,0.7790178571428572,marginal_confidence,5,96.29019927406883
1798,1b6e1_00014,62,0.6637931034482758,marginal_confidence,5,96.29019927406883
1799,1b6e1_00014,63,0.8409090909090909,marginal_confidence,5,96.29019927406883
1800,1b6e1_00014,64,0.8117647058823529,marginal_confidence,5,96.29019927406883
1801,1b6e1_00014,65,0.8409090909090909,marginal_confidence,5,96.29019927406883
1802,1b6e1_00014,66,0.8117647058823529,marginal_confidence,5,96.29019927406883
1803,1b6e1_00014,67,0.7790178571428572,marginal_confidence,5,96.29019927406883
1804,1b6e1_00014,68,0.8409090909090909,marginal_confidence,5,96.29019927406883
1805,1b6e1_00014,69,0.9393939393939394,marginal_confidence,5,96.29019927406883
1806,1b6e1_00014,70,0.8409090909090909,marginal_confidence,5,96.29019927406883
1807,1b6e1_00014,71,0.7982758620689655,marginal_confidence,5,96.29019927406883
1808,1b6e1_00014,72,0.7790178571428572,marginal_confidence,5,96.29019927406883
1809,1b6e1_00014,73,0.953125,marginal_confidence,5,96.29019927406883
1810,1b6e1_00014,74,0.9142857142857144,marginal_confidence,5,96.29019927406883
1811,1b6e1_00014,75,0.9264705882352942,marginal_confidence,5,96.29019927406883
1812,1b6e1_00014,76,0.7790178571428572,marginal_confidence,5,96.29019927406883
1813,1b6e1_00014,77,0.7318548387096775,marginal_confidence,5,96.29019927406883
1814,1b6e1_00014,78,0.8117647058823529,marginal_confidence,5,96.29019927406883
1815,1b6e1_00014,79,0.7318548387096775,marginal_confidence,5,96.29019927406883
1816,1b6e1_00014,80,0.6222222222222222,marginal_confidence,5,96.29019927406883
1817,1b6e1_00014,81,0.7666666666666666,marginal_confidence,5,96.29019927406883
1818,1b6e1_00014,82,0.7982758620689655,marginal_confidence,5,96.29019927406883
1819,1b6e1_00014,83,0.7318548387096775,marginal_confidence,5,96.29019927406883
1820,1b6e1_00014,84,0.9264705882352942,marginal_confidence,5,96.29019927406883
1821,1b6e1_00014,85,0.9393939393939394,marginal_confidence,5,96.29019927406883
1822,1b6e1_00014,86,0.8660714285714286,marginal_confidence,5,96.29019927406883
1823,1b6e1_00014,87,0.8117647058823529,marginal_confidence,5,96.29019927406883
1824,1b6e1_00014,88,0.7790178571428572,marginal_confidence,5,96.29019927406883
1825,1b6e1_00014,89,0.9393939393939394,marginal_confidence,5,96.29019927406883
1826,1b6e1_00014,90,0.8409090909090909,marginal_confidence,5,96.29019927406883
1827,1b6e1_00014,91,0.7790178571428572,marginal_confidence,5,96.29019927406883
1828,1b6e1_00014,92,0.6919642857142857,marginal_confidence,5,96.29019927406883
1829,1b6e1_00014,93,0.8409090909090909,marginal_confidence,5,96.29019927406883
1830,1b6e1_00014,94,0.8660714285714286,marginal_confidence,5,96.29019927406883
1831,1b6e1_00014,95,0.810483870967742,marginal_confidence,5,96.29019927406883
1832,1b6e1_00014,96,0.8891129032258065,marginal_confidence,5,96.29019927406883
1833,1b6e1_00014,97,0.7790178571428572,marginal_confidence,5,96.29019927406883
1834,1b6e1_00014,98,0.8409090909090909,marginal_confidence,5,96.29019927406883
1835,1b6e1_00014,99,0.7318548387096775,marginal_confidence,5,96.29019927406883
1836,1b6e1_00014,100,0.8409090909090909,marginal_confidence,5,96.29019927406883
1837,1b6e1_00014,101,0.9264705882352942,marginal_confidence,5,96.29019927406883
1838,1b6e1_00014,102,0.9111111111111111,marginal_confidence,5,96.29019927406883
1839,1b6e1_00014,103,0.810483870967742,marginal_confidence,5,96.29019927406883
1840,1b6e1_00014,104,0.8388888888888889,marginal_confidence,5,96.29019927406883
1841,1b6e1_00014,105,0.810483870967742,marginal_confidence,5,96.29019927406883
1842,1b6e1_00014,106,0.7318548387096775,marginal_confidence,5,96.29019927406883
1843,1b6e1_00014,107,0.7318548387096775,marginal_confidence,5,96.29019927406883
1844,1b6e1_00014,108,0.9142857142857144,marginal_confidence,5,96.29019927406883
1845,1b6e1_00014,109,0.8660714285714286,marginal_confidence,5,96.29019927406883
1846,1b6e1_00014,110,0.7790178571428572,marginal_confidence,5,96.29019927406883
1847,1b6e1_00014,111,0.9264705882352942,marginal_confidence,5,96.29019927406883
1848,1b6e1_00014,112,0.8891129032258065,marginal_confidence,5,96.29019927406883
1849,1b6e1_00014,113,0.8655172413793104,marginal_confidence,5,96.29019927406883
1850,1b6e1_00014,114,0.9111111111111111,marginal_confidence,5,96.29019927406883
1851,1b6e1_00014,115,0.9264705882352942,marginal_confidence,5,96.29019927406883
1852,1b6e1_00014,116,0.8117647058823529,marginal_confidence,5,96.29019927406883
1853,1b6e1_00014,117,0.8660714285714286,marginal_confidence,5,96.29019927406883
1854,1b6e1_00014,118,0.7790178571428572,marginal_confidence,5,96.29019927406883
1855,1b6e1_00014,119,0.810483870967742,marginal_confidence,5,96.29019927406883
1856,1b6e1_00014,120,0.9264705882352942,marginal_confidence,5,96.29019927406883
1857,1b6e1_00014,121,0.8409090909090909,marginal_confidence,5,96.29019927406883
1858,1b6e1_00014,122,0.7318548387096775,marginal_confidence,5,96.29019927406883
1859,1b6e1_00014,123,0.8117647058823529,marginal_confidence,5,96.29019927406883
1860,1b6e1_00015,0,0.7118421052631578,ratio_confidence,1,97.3618312805593
1861,1b6e1_00015,1,0.7435897435897436,ratio_confidence,1,97.3618312805593
1862,1b6e1_00015,2,0.725,ratio_confidence,1,97.3618312805593
1863,1b6e1_00015,3,0.7435897435897436,ratio_confidence,1,97.3618312805593
1864,1b6e1_00015,4,0.36486486486486486,ratio_confidence,1,97.3618312805593
1865,1b6e1_00015,5,0.596551724137931,ratio_confidence,1,97.3618312805593
1866,1b6e1_00015,6,0.5745967741935484,ratio_confidence,1,97.3618312805593
1867,1b6e1_00015,7,0.49642857142857144,ratio_confidence,1,97.3618312805593
1868,1b6e1_00015,8,0.7424242424242424,ratio_confidence,1,97.3618312805593
1869,1b6e1_00015,9,0.5745967741935484,ratio_confidence,1,97.3618312805593
1870,1b6e1_00015,10,0.7222222222222222,ratio_confidence,1,97.3618312805593
1871,1b6e1_00015,11,0.9027777777777778,ratio_confidence,1,97.3618312805593
1872,1b6e1_00015,12,0.8918918918918919,ratio_confidence,1,97.3618312805593
1873,1b6e1_00015,13,0.8918918918918919,ratio_confidence,1,97.3618312805593
1874,1b6e1_00015,14,0.6970588235294117,ratio_confidence,1,97.3618312805593
1875,1b6e1_00015,15,0.6222222222222222,ratio_confidence,1,97.3618312805593
1876,1b6e1_00015,16,0.6919642857142857,ratio_confidence,1,97.3618312805593
1877,1b6e1_00015,17,0.6532258064516129,ratio_confidence,1,97.3618312805593
1878,1b6e1_00015,18,0.5293103448275862,ratio_confidence,1,97.3618312805593
1879,1b6e1_00015,19,0.8117647058823529,ratio_confidence,1,97.3618312805593
1880,1b6e1_00015,20,0.7318548387096775,ratio_confidence,1,97.3618312805593
1881,1b6e1_00015,21,0.7424242424242424,ratio_confidence,1,97.3618312805593
1882,1b6e1_00015,22,0.8117647058823529,ratio_confidence,1,97.3618312805593
1883,1b6e1_00015,23,0.6637931034482758,ratio_confidence,1,97.3618312805593
1884,1b6e1_00015,24,0.7646103896103896,ratio_confidence,1,97.3618312805593
1885,1b6e1_00015,25,0.5961538461538461,ratio_confidence,1,97.3618312805593
1886,1b6e1_00015,26,0.7310344827586206,ratio_confidence,1,97.3618312805593
1887,1b6e1_00015,27,0.7115384615384615,ratio_confidence,1,97.3618312805593
1888,1b6e1_00015,28,0.9111111111111111,ratio_confidence,1,97.3618312805593
1889,1b6e1_00015,29,0.7424242424242424,ratio_confidence,1,97.3618312805593
1890,1b6e1_00015,30,0.7318548387096775,ratio_confidence,1,97.3618312805593
1891,1b6e1_00015,31,0.7666666666666666,ratio_confidence,1,97.3618312805593
1892,1b6e1_00015,32,0.9264705882352942,ratio_confidence,1,97.3618312805593
1893,1b6e1_00015,33,0.6637931034482758,ratio_confidence,1,97.3618312805593
1894,1b6e1_00015,34,0.6342857142857142,ratio_confidence,1,97.3618312805593
1895,1b6e1_00015,35,0.7318548387096775,ratio_confidence,1,97.3618312805593
1896,1b6e1_00015,36,0.637987012987013,ratio_confidence,1,97.3618312805593
1897,1b6e1_00015,37,0.810483870967742,ratio_confidence,1,97.3618312805593
1898,1b6e1_00015,38,0.8660714285714286,ratio_confidence,1,97.3618312805593
1899,1b6e1_00015,39,0.7666666666666666,ratio_confidence,1,97.3618312805593
1900,1b6e1_00015,40,0.775,ratio_confidence,1,97.3618312805593
1901,1b6e1_00015,41,0.7790178571428572,ratio_confidence,1,97.3618312805593
1902,1b6e1_00015,42,0.7318548387096775,ratio_confidence,1,97.3618312805593
1903,1b6e1_00015,43,0.810483870967742,ratio_confidence,1,97.3618312805593
1904,1b6e1_00015,44,0.7424242424242424,ratio_confidence,1,97.3618312805593
1905,1b6e1_00015,45,0.7790178571428572,ratio_confidence,1,97.3618312805593
1906,1b6e1_00015,46,0.7790178571428572,ratio_confidence,1,97.3618312805593
1907,1b6e1_00015,47,0.8409090909090909,ratio_confidence,1,97.3618312805593
1908,1b6e1_00015,48,0.8409090909090909,ratio_confidence,1,97.3618312805593
1909,1b6e1_00015,49,0.7790178571428572,ratio_confidence,1,97.3618312805593
1910,1b6e1_00015,50,0.9393939393939394,ratio_confidence,1,97.3618312805593
1911,1b6e1_00015,51,0.6759259259259259,ratio_confidence,1,97.3618312805593
1912,1b6e1_00015,52,0.9264705882352942,ratio_confidence,1,97.3618312805593
1913,1b6e1_00015,53,0.8409090909090909,ratio_confidence,1,97.3618312805593
1914,1b6e1_00015,54,0.7790178571428572,ratio_confidence,1,97.3618312805593
1915,1b6e1_00015,55,0.8409090909090909,ratio_confidence,1,97.3618312805593
1916,1b6e1_00015,56,0.7222222222222222,ratio_confidence,1,97.3618312805593
1917,1b6e1_00015,57,0.7666666666666666,ratio_confidence,1,97.3618312805593
1918,1b6e1_00015,58,0.9142857142857144,ratio_confidence,1,97.3618312805593
1919,1b6e1_00015,59,0.7318548387096775,ratio_confidence,1,97.3618312805593
1920,1b6e1_00015,60,0.9264705882352942,ratio_confidence,1,97.3618312805593
1921,1b6e1_00015,61,0.8409090909090909,ratio_confidence,1,97.3618312805593
1922,1b6e1_00015,62,0.9264705882352942,ratio_confidence,1,97.3618312805593
1923,1b6e1_00015,63,0.7318548387096775,ratio_confidence,1,97.3618312805593
1924,1b6e1_00015,64,0.810483870967742,ratio_confidence,1,97.3618312805593
1925,1b6e1_00015,65,0.8409090909090909,ratio_confidence,1,97.3618312805593
1926,1b6e1_00015,66,0.9264705882352942,ratio_confidence,1,97.3618312805593
1927,1b6e1_00015,67,0.7424242424242424,ratio_confidence,1,97.3618312805593
1928,1b6e1_00015,68,0.8409090909090909,ratio_confidence,1,97.3618312805593
1929,1b6e1_00015,69,0.7424242424242424,ratio_confidence,1,97.3618312805593
1930,1b6e1_00015,70,0.9264705882352942,ratio_confidence,1,97.3618312805593
1931,1b6e1_00015,71,0.810483870967742,ratio_confidence,1,97.3618312805593
1932,1b6e1_00015,72,0.8409090909090909,ratio_confidence,1,97.3618312805593
1933,1b6e1_00015,73,0.8409090909090909,ratio_confidence,1,97.3618312805593
1934,1b6e1_00015,74,0.8409090909090909,ratio_confidence,1,97.3618312805593
1935,1b6e1_00015,75,0.9264705882352942,ratio_confidence,1,97.3618312805593
1936,1b6e1_00015,76,0.8409090909090909,ratio_confidence,1,97.3618312805593
1937,1b6e1_00015,77,0.8660714285714286,ratio_confidence,1,97.3618312805593
1938,1b6e1_00015,78,0.7790178571428572,ratio_confidence,1,97.3618312805593
1939,1b6e1_00015,79,0.9142857142857144,ratio_confidence,1,97.3618312805593
1940,1b6e1_00015,80,0.9264705882352942,ratio_confidence,1,97.3618312805593
1941,1b6e1_00015,81,0.7424242424242424,ratio_confidence,1,97.3618312805593
1942,1b6e1_00015,82,0.775,ratio_confidence,1,97.3618312805593
1943,1b6e1_00015,83,0.8117647058823529,ratio_confidence,1,97.3618312805593
1944,1b6e1_00015,84,0.8660714285714286,ratio_confidence,1,97.3618312805593
1945,1b6e1_00015,85,0.7310344827586206,ratio_confidence,1,97.3618312805593
1946,1b6e1_00015,86,0.9142857142857144,ratio_confidence,1,97.3618312805593
1947,1b6e1_00015,87,0.8409090909090909,ratio_confidence,1,97.3618312805593
1948,1b6e1_00015,88,0.8409090909090909,ratio_confidence,1,97.3618312805593
1949,1b6e1_00015,89,0.8409090909090909,ratio_confidence,1,97.3618312805593
1950,1b6e1_00015,90,0.9264705882352942,ratio_confidence,1,97.3618312805593
1951,1b6e1_00015,91,0.810483870967742,ratio_confidence,1,97.3618312805593
1952,1b6e1_00015,92,0.810483870967742,ratio_confidence,1,97.3618312805593
1953,1b6e1_00015,93,0.8388888888888889,ratio_confidence,1,97.3618312805593
1954,1b6e1_00015,94,0.7790178571428572,ratio_confidence,1,97.3618312805593
1955,1b6e1_00015,95,0.9264705882352942,ratio_confidence,1,97.3618312805593
1956,1b6e1_00015,96,0.7790178571428572,ratio_confidence,1,97.3618312805593
1957,1b6e1_00015,97,0.7666666666666666,ratio_confidence,1,97.3618312805593
1958,1b6e1_00015,98,0.810483870967742,ratio_confidence,1,97.3618312805593
1959,1b6e1_00015,99,0.8388888888888889,ratio_confidence,1,97.3618312805593
1960,1b6e1_00015,100,0.8409090909090909,ratio_confidence,1,97.3618312805593
1961,1b6e1_00015,101,0.827922077922078,ratio_confidence,1,97.3618312805593
1962,1b6e1_00015,102,0.6944444444444444,ratio_confidence,1,97.3618312805593
1963,1b6e1_00015,103,0.8409090909090909,ratio_confidence,1,97.3618312805593
1964,1b6e1_00015,104,0.6970588235294117,ratio_confidence,1,97.3618312805593
1965,1b6e1_00015,105,0.9264705882352942,ratio_confidence,1,97.3618312805593
1966,1b6e1_00015,106,0.9393939393939394,ratio_confidence,1,97.3618312805593
1967,1b6e1_00015,107,0.6637931034482758,ratio_confidence,1,97.3618312805593
1968,1b6e1_00015,108,0.8117647058823529,ratio_confidence,1,97.3618312805593
1969,1b6e1_00015,109,0.7790178571428572,ratio_confidence,1,97.3618312805593
1970,1b6e1_00015,110,0.8409090909090909,ratio_confidence,1,97.3618312805593
1971,1b6e1_00015,111,0.9264705882352942,ratio_confidence,1,97.3618312805593
1972,1b6e1_00015,112,0.810483870967742,ratio_confidence,1,97.3618312805593
1973,1b6e1_00015,113,0.7790178571428572,ratio_confidence,1,97.3618312805593
1974,1b6e1_00015,114,0.9142857142857144,ratio_confidence,1,97.3618312805593
1975,1b6e1_00015,115,0.9142857142857144,ratio_confidence,1,97.3618312805593
1976,1b6e1_00015,116,0.8660714285714286,ratio_confidence,1,97.3618312805593
1977,1b6e1_00015,117,0.8117647058823529,ratio_confidence,1,97.3618312805593
1978,1b6e1_00015,118,0.8409090909090909,ratio_confidence,1,97.3618312805593
1979,1b6e1_00015,119,0.8660714285714286,ratio_confidence,1,97.3618312805593
1980,1b6e1_00015,120,0.6944444444444444,ratio_confidence,1,97.3618312805593
1981,1b6e1_00015,121,0.9393939393939394,ratio_confidence,1,97.3618312805593
1982,1b6e1_00015,122,0.953125,ratio_confidence,1,97.3618312805593
1983,1b6e1_00015,123,0.8409090909090909,ratio_confidence,1,97.3618312805593
1984,1b6e1_00016,0,0.2564102564102564,ratio_confidence,2,101.88386048369425
1985,1b6e1_00016,1,0.6865079365079365,ratio_confidence,2,101.88386048369425
1986,1b6e1_00016,2,0.2916666666666667,ratio_confidence,2,101.88386048369425
1987,1b6e1_00016,3,0.7435897435897436,ratio_confidence,2,101.88386048369425
1988,1b6e1_00016,4,0.8388888888888889,ratio_confidence,2,101.88386048369425
1989,1b6e1_00016,5,0.7457142857142858,ratio_confidence,2,101.88386048369425
1990,1b6e1_00016,6,0.7982758620689655,ratio_confidence,2,101.88386048369425
1991,1b6e1_00016,7,0.7692307692307693,ratio_confidence,2,101.88386048369425
1992,1b6e1_00016,8,0.7065217391304348,ratio_confidence,2,101.88386048369425
1993,1b6e1_00016,9,0.7457142857142858,ratio_confidence,2,101.88386048369425
1994,1b6e1_00016,10,0.6349206349206349,ratio_confidence,2,101.88386048369425
1995,1b6e1_00016,11,0.7115384615384615,ratio_confidence,2,101.88386048369425
1996,1b6e1_00016,12,0.7419786096256684,ratio_confidence,2,101.88386048369425
1997,1b6e1_00016,13,0.7595108695652174,ratio_confidence,2,101.88386048369425
1998,1b6e1_00016,14,0.7118421052631578,ratio_confidence,2,101.88386048369425
1999,1b6e1_00016,15,0.7692307692307693,ratio_confidence,2,101.88386048369425
2000,1b6e1_00016,16,0.7118421052631578,ratio_confidence,2,101.88386048369425
2001,1b6e1_00016,17,0.7595108695652174,ratio_confidence,2,101.88386048369425
2002,1b6e1_00016,18,0.7692307692307693,ratio_confidence,2,101.88386048369425
2003,1b6e1_00016,19,0.8014285714285714,ratio_confidence,2,101.88386048369425
2004,1b6e1_00016,20,0.7962962962962963,ratio_confidence,2,101.88386048369425
2005,1b6e1_00016,21,0.8333333333333333,ratio_confidence,2,101.88386048369425
2006,1b6e1_00016,22,0.7692307692307693,ratio_confidence,2,101.88386048369425
2007,1b6e1_00016,23,0.8269230769230769,ratio_confidence,2,101.88386048369425
2008,1b6e1_00016,24,0.8269230769230769,ratio_confidence,2,101.88386048369425
2009,1b6e1_00016,25,0.8388888888888889,ratio_confidence,2,101.88386048369425
2010,1b6e1_00016,26,0.827922077922078,ratio_confidence,2,101.88386048369425
2011,1b6e1_00016,27,0.827922077922078,ratio_confidence,2,101.88386048369425
2012,1b6e1_00016,28,0.7646103896103896,ratio_confidence,2,101.88386048369425
2013,1b6e1_00016,29,0.9393939393939394,ratio_confidence,2,101.88386048369425
2014,1b6e1_00016,30,0.8846153846153846,ratio_confidence,2,101.88386048369425
2015,1b6e1_00016,31,0.7646103896103896,ratio_confidence,2,101.88386048369425
2016,1b6e1_00016,32,0.9111111111111111,ratio_confidence,2,101.88386048369425
2017,1b6e1_00016,33,0.8846153846153846,ratio_confidence,2,101.88386048369425
2018,1b6e1_00016,34,0.8912337662337663,ratio_confidence,2,101.88386048369425
2019,1b6e1_00016,35,0.9833333333333334,ratio_confidence,2,101.88386048369425
2020,1b6e1_00016,36,0.8912337662337663,ratio_confidence,2,101.88386048369425
2021,1b6e1_00016,37,0.7962962962962963,ratio_confidence,2,101.88386048369425
2022,1b6e1_00016,38,0.827922077922078,ratio_confidence,2,101.88386048369425
2023,1b6e1_00016,39,0.9327586206896552,ratio_confidence,2,101.88386048369425
2024,1b6e1_00016,40,0.8655172413793104,ratio_confidence,2,101.88386048369425
2025,1b6e1_00016,41,0.8388888888888889,ratio_confidence,2,101.88386048369425
2026,1b6e1_00016,42,0.9833333333333334,ratio_confidence,2,101.88386048369425
2027,1b6e1_00016,43,0.9166666666666667,ratio_confidence,2,101.88386048369425
2028,1b6e1_00016,44,0.8388888888888889,ratio_confidence,2,101.88386048369425
2029,1b6e1_00016,45,0.827922077922078,ratio_confidence,2,101.88386048369425
2030,1b6e1_00016,46,0.8564814814814814,ratio_confidence,2,101.88386048369425
2031,1b6e1_00016,47,0.9327586206896552,ratio_confidence,2,101.88386048369425
2032,1b6e1_00016,48,0.7982758620689655,ratio_confidence,2,101.88386048369425
2033,1b6e1_00016,49,0.9327586206896552,ratio_confidence,2,101.88386048369425
2034,1b6e1_00016,50,0.8564814814814814,ratio_confidence,2,101.88386048369425
2035,1b6e1_00016,51,0.967741935483871,ratio_confidence,2,101.88386048369425
2036,1b6e1_00016,52,0.8388888888888889,ratio_confidence,2,101.88386048369425
2037,1b6e1_00016,53,0.827922077922078,ratio_confidence,2,101.88386048369425
2038,1b6e1_00016,54,0.8388888888888889,ratio_confidence,2,101.88386048369425
2039,1b6e1_00016,55,0.7982758620689655,ratio_confidence,2,101.88386048369425
2040,1b6e1_00016,56,0.8564814814814814,ratio_confidence,2,101.88386048369425
2041,1b6e1_00016,57,0.8564814814814814,ratio_confidence,2,101.88386048369425
2042,1b6e1_00016,58,0.7982758620689655,ratio_confidence,2,101.88386048369425
2043,1b6e1_00016,59,0.8388888888888889,ratio_confidence,2,101.88386048369425
2044,1b6e1_00016,60,0.8655172413793104,ratio_confidence,2,101.88386048369425
2045,1b6e1_00016,61,0.8388888888888889,ratio_confidence,2,101.88386048369425
2046,1b6e1_00016,62,0.8409090909090909,ratio_confidence,2,101.88386048369425
2047,1b6e1_00016,63,0.953125,ratio_confidence,2,101.88386048369425
2048,1b6e1_00016,64,0.8891129032258065,ratio_confidence,2,101.88386048369425
2049,1b6e1_00016,65,0.8388888888888889,ratio_confidence,2,101.88386048369425
2050,1b6e1_00016,66,0.7982758620689655,ratio_confidence,2,101.88386048369425
2051,1b6e1_00016,67,0.8655172413793104,ratio_confidence,2,101.88386048369425
2052,1b6e1_00016,68,0.8655172413793104,ratio_confidence,2,101.88386048369425
2053,1b6e1_00016,69,0.8655172413793104,ratio_confidence,2,101.88386048369425
2054,1b6e1_00016,70,0.827922077922078,ratio_confidence,2,101.88386048369425
2055,1b6e1_00016,71,0.827922077922078,ratio_confidence,2,101.88386048369425
2056,1b6e1_00016,72,0.7646103896103896,ratio_confidence,2,101.88386048369425
2057,1b6e1_00016,73,0.8655172413793104,ratio_confidence,2,101.88386048369425
2058,1b6e1_00016,74,0.7962962962962963,ratio_confidence,2,101.88386048369425
2059,1b6e1_00016,75,0.7982758620689655,ratio_confidence,2,101.88386048369425
2060,1b6e1_00016,76,0.827922077922078,ratio_confidence,2,101.88386048369425
2061,1b6e1_00016,77,0.7646103896103896,ratio_confidence,2,101.88386048369425
2062,1b6e1_00016,78,0.8564814814814814,ratio_confidence,2,101.88386048369425
2063,1b6e1_00016,79,0.7982758620689655,ratio_confidence,2,101.88386048369425
2064,1b6e1_00016,80,0.827922077922078,ratio_confidence,2,101.88386048369425
2065,1b6e1_00016,81,0.7982758620689655,ratio_confidence,2,101.88386048369425
2066,1b6e1_00016,82,0.953125,ratio_confidence,2,101.88386048369425
2067,1b6e1_00016,83,0.827922077922078,ratio_confidence,2,101.88386048369425
2068,1b6e1_00016,84,0.7982758620689655,ratio_confidence,2,101.88386048369425
2069,1b6e1_00016,85,0.8655172413793104,ratio_confidence,2,101.88386048369425
2070,1b6e1_00016,86,0.8269230769230769,ratio_confidence,2,101.88386048369425
2071,1b6e1_00016,87,0.953125,ratio_confidence,2,101.88386048369425
2072,1b6e1_00016,88,0.7962962962962963,ratio_confidence,2,101.88386048369425
2073,1b6e1_00016,89,0.8564814814814814,ratio_confidence,2,101.88386048369425
2074,1b6e1_00016,90,0.9111111111111111,ratio_confidence,2,101.88386048369425
2075,1b6e1_00016,91,0.7982758620689655,ratio_confidence,2,101.88386048369425
2076,1b6e1_00016,92,0.7962962962962963,ratio_confidence,2,101.88386048369425
2077,1b6e1_00016,93,0.8891129032258065,ratio_confidence,2,101.88386048369425
2078,1b6e1_00016,94,0.7666666666666666,ratio_confidence,2,101.88386048369425
2079,1b6e1_00016,95,0.8388888888888889,ratio_confidence,2,101.88386048369425
2080,1b6e1_00016,96,0.8655172413793104,ratio_confidence,2,101.88386048369425
2081,1b6e1_00016,97,0.8655172413793104,ratio_confidence,2,101.88386048369425
2082,1b6e1_00016,98,0.8655172413793104,ratio_confidence,2,101.88386048369425
2083,1b6e1_00016,99,0.827922077922078,ratio_confidence,2,101.88386048369425
2084,1b6e1_00016,100,0.8655172413793104,ratio_confidence,2,101.88386048369425
2085,1b6e1_00016,101,0.827922077922078,ratio_confidence,2,101.88386048369425
2086,1b6e1_00016,102,0.827922077922078,ratio_confidence,2,101.88386048369425
2087,1b6e1_00016,103,0.827922077922078,ratio_confidence,2,101.88386048369425
2088,1b6e1_00016,104,0.9111111111111111,ratio_confidence,2,101.88386048369425
2089,1b6e1_00016,105,0.8655172413793104,ratio_confidence,2,101.88386048369425
2090,1b6e1_00016,106,0.8655172413793104,ratio_confidence,2,101.88386048369425
2091,1b6e1_00016,107,0.8655172413793104,ratio_confidence,2,101.88386048369425
2092,1b6e1_00016,108,0.7646103896103896,ratio_confidence,2,101.88386048369425
2093,1b6e1_00016,109,0.9111111111111111,ratio_confidence,2,101.88386048369425
2094,1b6e1_00016,110,0.8655172413793104,ratio_confidence,2,101.88386048369425
2095,1b6e1_00016,111,0.8655172413793104,ratio_confidence,2,101.88386048369425
2096,1b6e1_00016,112,0.827922077922078,ratio_confidence,2,101.88386048369425
2097,1b6e1_00016,113,0.7962962962962963,ratio_confidence,2,101.88386048369425
2098,1b6e1_00016,114,0.8912337662337663,ratio_confidence,2,101.88386048369425
2099,1b6e1_00016,115,0.8655172413793104,ratio_confidence,2,101.88386048369425
2100,1b6e1_00016,116,0.7982758620689655,ratio_confidence,2,101.88386048369425
2101,1b6e1_00016,117,0.827922077922078,ratio_confidence,2,101.88386048369425
2102,1b6e1_00016,118,0.9111111111111111,ratio_confidence,2,101.88386048369425
2103,1b6e1_00016,119,0.9111111111111111,ratio_confidence,2,101.88386048369425
2104,1b6e1_00016,120,0.8912337662337663,ratio_confidence,2,101.88386048369425
2105,1b6e1_00016,121,0.8655172413793104,ratio_confidence,2,101.88386048369425
2106,1b6e1_00016,122,0.827922077922078,ratio_confidence,2,101.88386048369425
2107,1b6e1_00016,123,0.827922077922078,ratio_confidence,2,101.88386048369425
2108,1b6e1_00017,0,0.8891129032258065,ratio_confidence,3,104.9038071281592
2109,1b6e1_00017,1,0.631578947368421,ratio_confidence,3,104.9038071281592
2110,1b6e1_00017,2,0.717391304347826,ratio_confidence,3,104.9038071281592
2111,1b6e1_00017,3,0.8660714285714286,ratio_confidence,3,104.9038071281592
2112,1b6e1_00017,4,0.8891129032258065,ratio_confidence,3,104.9038071281592
2113,1b6e1_00017,5,0.810483870967742,ratio_confidence,3,104.9038071281592
2114,1b6e1_00017,6,0.7962962962962963,ratio_confidence,3,104.9038071281592
2115,1b6e1_00017,7,0.8891129032258065,ratio_confidence,3,104.9038071281592
2116,1b6e1_00017,8,0.8891129032258065,ratio_confidence,3,104.9038071281592
2117,1b6e1_00017,9,0.8660714285714286,ratio_confidence,3,104.9038071281592
2118,1b6e1_00017,10,0.7982758620689655,ratio_confidence,3,104.9038071281592
2119,1b6e1_00017,11,0.7692307692307693,ratio_confidence,3,104.9038071281592
2120,1b6e1_00017,12,0.7982758620689655,ratio_confidence,3,104.9038071281592
2121,1b6e1_00017,13,0.763157894736842,ratio_confidence,3,104.9038071281592
2122,1b6e1_00017,14,0.8269230769230769,ratio_confidence,3,104.9038071281592
2123,1b6e1_00017,15,0.8571428571428572,ratio_confidence,3,104.9038071281592
2124,1b6e1_00017,16,0.8660714285714286,ratio_confidence,3,104.9038071281592
2125,1b6e1_00017,17,0.8660714285714286,ratio_confidence,3,104.9038071281592
2126,1b6e1_00017,18,0.8891129032258065,ratio_confidence,3,104.9038071281592
2127,1b6e1_00017,19,0.810483870967742,ratio_confidence,3,104.9038071281592
2128,1b6e1_00017,20,0.8660714285714286,ratio_confidence,3,104.9038071281592
2129,1b6e1_00017,21,0.8655172413793104,ratio_confidence,3,104.9038071281592
2130,1b6e1_00017,22,0.810483870967742,ratio_confidence,3,104.9038071281592
2131,1b6e1_00017,23,0.7646103896103896,ratio_confidence,3,104.9038071281592
2132,1b6e1_00017,24,0.8891129032258065,ratio_confidence,3,104.9038071281592
2133,1b6e1_00017,25,0.8388888888888889,ratio_confidence,3,104.9038071281592
2134,1b6e1_00017,26,0.8891129032258065,ratio_confidence,3,104.9038071281592
2135,1b6e1_00017,27,0.8660714285714286,ratio_confidence,3,104.9038071281592
2136,1b6e1_00017,28,0.8660714285714286,ratio_confidence,3,104.9038071281592
2137,1b6e1_00017,29,0.8660714285714286,ratio_confidence,3,104.9038071281592
2138,1b6e1_00017,30,0.8660714285714286,ratio_confidence,3,104.9038071281592
2139,1b6e1_00017,31,0.8409090909090909,ratio_confidence,3,104.9038071281592
2140,1b6e1_00017,32,0.7790178571428572,ratio_confidence,3,104.9038071281592
2141,1b6e1_00017,33,0.8660714285714286,ratio_confidence,3,104.9038071281592
2142,1b6e1_00017,34,0.8660714285714286,ratio_confidence,3,104.9038071281592
2143,1b6e1_00017,35,0.8660714285714286,ratio_confidence,3,104.9038071281592
2144,1b6e1_00017,36,0.810483870967742,ratio_confidence,3,104.9038071281592
2145,1b6e1_00017,37,0.8388888888888889,ratio_confidence,3,104.9038071281592
2146,1b6e1_00017,38,0.9111111111111111,ratio_confidence,3,104.9038071281592
2147,1b6e1_00017,39,0.810483870967742,ratio_confidence,3,104.9038071281592
2148,1b6e1_00017,40,0.7666666666666666,ratio_confidence,3,104.9038071281592
2149,1b6e1_00017,41,0.9393939393939394,ratio_confidence,3,104.9038071281592
2150,1b6e1_00017,42,0.8660714285714286,ratio_confidence,3,104.9038071281592
2151,1b6e1_00017,43,0.7790178571428572,ratio_confidence,3,104.9038071281592
2152,1b6e1_00017,44,0.8660714285714286,ratio_confidence,3,104.9038071281592
2153,1b6e1_00017,45,0.810483870967742,ratio_confidence,3,104.9038071281592
2154,1b6e1_00017,46,0.810483870967742,ratio_confidence,3,104.9038071281592
2155,1b6e1_00017,47,0.9393939393939394,ratio_confidence,3,104.9038071281592
2156,1b6e1_00017,48,0.8409090909090909,ratio_confidence,3,104.9038071281592
2157,1b6e1_00017,49,0.8660714285714286,ratio_confidence,3,104.9038071281592
2158,1b6e1_00017,50,0.8660714285714286,ratio_confidence,3,104.9038071281592
2159,1b6e1_00017,51,0.9393939393939394,ratio_confidence,3,104.9038071281592
2160,1b6e1_00017,52,0.8912337662337663,ratio_confidence,3,104.9038071281592
2161,1b6e1_00017,53,0.7962962962962963,ratio_confidence,3,104.9038071281592
2162,1b6e1_00017,54,0.8388888888888889,ratio_confidence,3,104.9038071281592
2163,1b6e1_00017,55,0.810483870967742,ratio_confidence,3,104.9038071281592
2164,1b6e1_00017,56,0.8891129032258065,ratio_confidence,3,104.9038071281592
2165,1b6e1_00017,57,0.8655172413793104,ratio_confidence,3,104.9038071281592
2166,1b6e1_00017,58,0.8655172413793104,ratio_confidence,3,104.9038071281592
2167,1b6e1_00017,59,0.8912337662337663,ratio_confidence,3,104.9038071281592
2168,1b6e1_00017,60,0.8655172413793104,ratio_confidence,3,104.9038071281592
2169,1b6e1_00017,61,0.7666666666666666,ratio_confidence,3,104.9038071281592
2170,1b6e1_00017,62,0.810483870967742,ratio_confidence,3,104.9038071281592
2171,1b6e1_00017,63,0.8912337662337663,ratio_confidence,3,104.9038071281592
2172,1b6e1_00017,64,0.9393939393939394,ratio_confidence,3,104.9038071281592
2173,1b6e1_00017,65,0.8660714285714286,ratio_confidence,3,104.9038071281592
2174,1b6e1_00017,66,0.8660714285714286,ratio_confidence,3,104.9038071281592
2175,1b6e1_00017,67,0.8564814814814814,ratio_confidence,3,104.9038071281592
2176,1b6e1_00017,68,0.7310344827586206,ratio_confidence,3,104.9038071281592
2177,1b6e1_00017,69,0.810483870967742,ratio_confidence,3,104.9038071281592
2178,1b6e1_00017,70,0.827922077922078,ratio_confidence,3,104.9038071281592
2179,1b6e1_00017,71,0.7666666666666666,ratio_confidence,3,104.9038071281592
2180,1b6e1_00017,72,0.9393939393939394,ratio_confidence,3,104.9038071281592
2181,1b6e1_00017,73,0.8388888888888889,ratio_confidence,3,104.9038071281592
2182,1b6e1_00017,74,0.8655172413793104,ratio_confidence,3,104.9038071281592
2183,1b6e1_00017,75,0.7310344827586206,ratio_confidence,3,104.9038071281592
2184,1b6e1_00017,76,0.8388888888888889,ratio_confidence,3,104.9038071281592
2185,1b6e1_00017,77,0.8564814814814814,ratio_confidence,3,104.9038071281592
2186,1b6e1_00017,78,0.8660714285714286,ratio_confidence,3,104.9038071281592
2187,1b6e1_00017,79,0.8655172413793104,ratio_confidence,3,104.9038071281592
2188,1b6e1_00017,80,0.9111111111111111,ratio_confidence,3,104.9038071281592
2189,1b6e1_00017,81,0.7666666666666666,ratio_confidence,3,104.9038071281592
2190,1b6e1_00017,82,0.8891129032258065,ratio_confidence,3,104.9038071281592
2191,1b6e1_00017,83,0.967741935483871,ratio_confidence,3,104.9038071281592
2192,1b6e1_00017,84,0.9111111111111111,ratio_confidence,3,104.9038071281592
2193,1b6e1_00017,85,0.8388888888888889,ratio_confidence,3,104.9038071281592
2194,1b6e1_00017,86,0.8891129032258065,ratio_confidence,3,104.9038071281592
2195,1b6e1_00017,87,0.9111111111111111,ratio_confidence,3,104.9038071281592
2196,1b6e1_00017,88,0.9111111111111111,ratio_confidence,3,104.9038071281592
2197,1b6e1_00017,89,0.8891129032258065,ratio_confidence,3,104.9038071281592
2198,1b6e1_00017,90,0.8655172413793104,ratio_confidence,3,104.9038071281592
2199,1b6e1_00017,91,0.8891129032258065,ratio_confidence,3,104.9038071281592
2200,1b6e1_00017,92,0.9393939393939394,ratio_confidence,3,104.9038071281592
2201,1b6e1_00017,93,0.7666666666666666,ratio_confidence,3,104.9038071281592
2202,1b6e1_00017,94,0.7982758620689655,ratio_confidence,3,104.9038071281592
2203,1b6e1_00017,95,0.810483870967742,ratio_confidence,3,104.9038071281592
2204,1b6e1_00017,96,0.8660714285714286,ratio_confidence,3,104.9038071281592
2205,1b6e1_00017,97,0.8660714285714286,ratio_confidence,3,104.9038071281592
2206,1b6e1_00017,98,0.953125,ratio_confidence,3,104.9038071281592
2207,1b6e1_00017,99,0.8655172413793104,ratio_confidence,3,104.9038071281592
2208,1b6e1_00017,100,0.953125,ratio_confidence,3,104.9038071281592
2209,1b6e1_00017,101,0.810483870967742,ratio_confidence,3,104.9038071281592
2210,1b6e1_00017,102,0.8655172413793104,ratio_confidence,3,104.9038071281592
2211,1b6e1_00017,103,0.9393939393939394,ratio_confidence,3,104.9038071281592
2212,1b6e1_00017,104,0.8660714285714286,ratio_confidence,3,104.9038071281592
2213,1b6e1_00017,105,0.8388888888888889,ratio_confidence,3,104.9038071281592
2214,1b6e1_00017,106,0.8655172413793104,ratio_confidence,3,104.9038071281592
2215,1b6e1_00017,107,0.7982758620689655,ratio_confidence,3,104.9038071281592
2216,1b6e1_00017,108,0.8891129032258065,ratio_confidence,3,104.9038071281592
2217,1b6e1_00017,109,0.8655172413793104,ratio_confidence,3,104.9038071281592
2218,1b6e1_00017,110,0.810483870967742,ratio_confidence,3,104.9038071281592
2219,1b6e1_00017,111,0.9111111111111111,ratio_confidence,3,104.9038071281592
2220,1b6e1_00017,112,0.8891129032258065,ratio_confidence,3,104.9038071281592
2221,1b6e1_00017,113,0.8388888888888889,ratio_confidence,3,104.9038071281592
2222,1b6e1_00017,114,0.7982758620689655,ratio_confidence,3,104.9038071281592
2223,1b6e1_00017,115,0.8891129032258065,ratio_confidence,3,104.9038071281592
2224,1b6e1_00017,116,0.827922077922078,ratio_confidence,3,104.9038071281592
2225,1b6e1_00017,117,0.8660714285714286,ratio_confidence,3,104.9038071281592
2226,1b6e1_00017,118,0.953125,ratio_confidence,3,104.9038071281592
2227,1b6e1_00017,119,0.8655172413793104,ratio_confidence,3,104.9038071281592
2228,1b6e1_00017,120,0.9327586206896552,ratio_confidence,3,104.9038071281592
2229,1b6e1_00017,121,0.8655172413793104,ratio_confidence,3,104.9038071281592
2230,1b6e1_00017,122,0.8660714285714286,ratio_confidence,3,104.9038071281592
2231,1b6e1_00017,123,0.8655172413793104,ratio_confidence,3,104.9038071281592
2232,1b6e1_00018,0,0.6428571428571428,ratio_confidence,4,98.52847622338386
2233,1b6e1_00018,1,0.7115384615384615,ratio_confidence,4,98.52847622338386
2234,1b6e1_00018,2,0.8117647058823529,ratio_confidence,4,98.52847622338386
2235,1b6e1_00018,3,0.6919642857142857,ratio_confidence,4,98.52847622338386
2236,1b6e1_00018,4,0.7318548387096775,ratio_confidence,4,98.52847622338386
2237,1b6e1_00018,5,0.6970588235294117,ratio_confidence,4,98.52847622338386
2238,1b6e1_00018,6,0.7424242424242424,ratio_confidence,4,98.52847622338386
2239,1b6e1_00018,7,0.6222222222222222,ratio_confidence,4,98.52847622338386
2240,1b6e1_00018,8,0.7790178571428572,ratio_confidence,4,98.52847622338386
2241,1b6e1_00018,9,0.6944444444444444,ratio_confidence,4,98.52847622338386
2242,1b6e1_00018,10,0.9027777777777778,ratio_confidence,4,98.52847622338386
2243,1b6e1_00018,11,0.8891129032258065,ratio_confidence,4,98.52847622338386
2244,1b6e1_00018,12,0.7666666666666666,ratio_confidence,4,98.52847622338386
2245,1b6e1_00018,13,0.7790178571428572,ratio_confidence,4,98.52847622338386
2246,1b6e1_00018,14,0.7424242424242424,ratio_confidence,4,98.52847622338386
2247,1b6e1_00018,15,0.8117647058823529,ratio_confidence,4,98.52847622338386
2248,1b6e1_00018,16,0.810483870967742,ratio_confidence,4,98.52847622338386
2249,1b6e1_00018,17,0.9142857142857144,ratio_confidence,4,98.52847622338386
2250,1b6e1_00018,18,0.7457142857142858,ratio_confidence,4,98.52847622338386
2251,1b6e1_00018,19,0.6919642857142857,ratio_confidence,4,98.52847622338386
2252,1b6e1_00018,20,0.7424242424242424,ratio_confidence,4,98.52847622338386
2253,1b6e1_00018,21,0.8117647058823529,ratio_confidence,4,98.52847622338386
2254,1b6e1_00018,22,0.8117647058823529,ratio_confidence,4,98.52847622338386
2255,1b6e1_00018,23,0.8117647058823529,ratio_confidence,4,98.52847622338386
2256,1b6e1_00018,24,0.775,ratio_confidence,4,98.52847622338386
2257,1b6e1_00018,25,0.810483870967742,ratio_confidence,4,98.52847622338386
2258,1b6e1_00018,26,0.7424242424242424,ratio_confidence,4,98.52847622338386
2259,1b6e1_00018,27,0.8409090909090909,ratio_confidence,4,98.52847622338386
2260,1b6e1_00018,28,0.775,ratio_confidence,4,98.52847622338386
2261,1b6e1_00018,29,0.7790178571428572,ratio_confidence,4,98.52847622338386
2262,1b6e1_00018,30,0.5961538461538461,ratio_confidence,4,98.52847622338386
2263,1b6e1_00018,31,0.6970588235294117,ratio_confidence,4,98.52847622338386
2264,1b6e1_00018,32,0.8409090909090909,ratio_confidence,4,98.52847622338386
2265,1b6e1_00018,33,0.6919642857142857,ratio_confidence,4,98.52847622338386
2266,1b6e1_00018,34,0.8409090909090909,ratio_confidence,4,98.52847622338386
2267,1b6e1_00018,35,0.810483870967742,ratio_confidence,4,98.52847622338386
2268,1b6e1_00018,36,0.9264705882352942,ratio_confidence,4,98.52847622338386
2269,1b6e1_00018,37,0.8660714285714286,ratio_confidence,4,98.52847622338386
2270,1b6e1_00018,38,0.8117647058823529,ratio_confidence,4,98.52847622338386
2271,1b6e1_00018,39,0.8409090909090909,ratio_confidence,4,98.52847622338386
2272,1b6e1_00018,40,0.9264705882352942,ratio_confidence,4,98.52847622338386
2273,1b6e1_00018,41,0.9264705882352942,ratio_confidence,4,98.52847622338386
2274,1b6e1_00018,42,0.6439393939393939,ratio_confidence,4,98.52847622338386
2275,1b6e1_00018,43,0.6919642857142857,ratio_confidence,4,98.52847622338386
2276,1b6e1_00018,44,0.7318548387096775,ratio_confidence,4,98.52847622338386
2277,1b6e1_00018,45,0.6944444444444444,ratio_confidence,4,98.52847622338386
2278,1b6e1_00018,46,0.7424242424242424,ratio_confidence,4,98.52847622338386
2279,1b6e1_00018,47,0.7790178571428572,ratio_confidence,4,98.52847622338386
2280,1b6e1_00018,48,0.8409090909090909,ratio_confidence,4,98.52847622338386
2281,1b6e1_00018,49,0.7424242424242424,ratio_confidence,4,98.52847622338386
2282,1b6e1_00018,50,0.8891129032258065,ratio_confidence,4,98.52847622338386
2283,1b6e1_00018,51,0.6919642857142857,ratio_confidence,4,98.52847622338386
2284,1b6e1_00018,52,0.8409090909090909,ratio_confidence,4,98.52847622338386
2285,1b6e1_00018,53,0.8891129032258065,ratio_confidence,4,98.52847622338386
2286,1b6e1_00018,54,0.6919642857142857,ratio_confidence,4,98.52847622338386
2287,1b6e1_00018,55,0.8891129032258065,ratio_confidence,4,98.52847622338386
2288,1b6e1_00018,56,0.6919642857142857,ratio_confidence,4,98.52847622338386
2289,1b6e1_00018,57,0.8409090909090909,ratio_confidence,4,98.52847622338386
2290,1b6e1_00018,58,0.7318548387096775,ratio_confidence,4,98.52847622338386
2291,1b6e1_00018,59,0.6532258064516129,ratio_confidence,4,98.52847622338386
2292,1b6e1_00018,60,0.8660714285714286,ratio_confidence,4,98.52847622338386
2293,1b6e1_00018,61,0.7982758620689655,ratio_confidence,4,98.52847622338386
2294,1b6e1_00018,62,0.953125,ratio_confidence,4,98.52847622338386
2295,1b6e1_00018,63,0.810483870967742,ratio_confidence,4,98.52847622338386
2296,1b6e1_00018,64,0.967741935483871,ratio_confidence,4,98.52847622338386
2297,1b6e1_00018,65,0.8660714285714286,ratio_confidence,4,98.52847622338386
2298,1b6e1_00018,66,0.8660714285714286,ratio_confidence,4,98.52847622338386
2299,1b6e1_00018,67,0.9393939393939394,ratio_confidence,4,98.52847622338386
2300,1b6e1_00018,68,0.810483870967742,ratio_confidence,4,98.52847622338386
2301,1b6e1_00018,69,0.7318548387096775,ratio_confidence,4,98.52847622338386
2302,1b6e1_00018,70,0.8660714285714286,ratio_confidence,4,98.52847622338386
2303,1b6e1_00018,71,0.8409090909090909,ratio_confidence,4,98.52847622338386
2304,1b6e1_00018,72,0.8891129032258065,ratio_confidence,4,98.52847622338386
2305,1b6e1_00018,73,0.7424242424242424,ratio_confidence,4,98.52847622338386
2306,1b6e1_00018,74,0.9264705882352942,ratio_confidence,4,98.52847622338386
2307,1b6e1_00018,75,0.7646103896103896,ratio_confidence,4,98.52847622338386
2308,1b6e1_00018,76,0.8660714285714286,ratio_confidence,4,98.52847622338386
2309,1b6e1_00018,77,0.8388888888888889,ratio_confidence,4,98.52847622338386
2310,1b6e1_00018,78,0.8660714285714286,ratio_confidence,4,98.52847622338386
2311,1b6e1_00018,79,0.8891129032258065,ratio_confidence,4,98.52847622338386
2312,1b6e1_00018,80,0.8409090909090909,ratio_confidence,4,98.52847622338386
2313,1b6e1_00018,81,0.8660714285714286,ratio_confidence,4,98.52847622338386
2314,1b6e1_00018,82,0.7310344827586206,ratio_confidence,4,98.52847622338386
2315,1b6e1_00018,83,0.810483870967742,ratio_confidence,4,98.52847622338386
2316,1b6e1_00018,84,0.953125,ratio_confidence,4,98.52847622338386
2317,1b6e1_00018,85,0.810483870967742,ratio_confidence,4,98.52847622338386
2318,1b6e1_00018,86,0.8891129032258065,ratio_confidence,4,98.52847622338386
2319,1b6e1_00018,87,0.7646103896103896,ratio_confidence,4,98.52847622338386
2320,1b6e1_00018,88,0.810483870967742,ratio_confidence,4,98.52847622338386
2321,1b6e1_00018,89,0.7318548387096775,ratio_confidence,4,98.52847622338386
2322,1b6e1_00018,90,0.7310344827586206,ratio_confidence,4,98.52847622338386
2323,1b6e1_00018,91,0.7982758620689655,ratio_confidence,4,98.52847622338386
2324,1b6e1_00018,92,0.7318548387096775,ratio_confidence,4,98.52847622338386
2325,1b6e1_00018,93,0.7790178571428572,ratio_confidence,4,98.52847622338386
2326,1b6e1_00018,94,0.7310344827586206,ratio_confidence,4,98.52847622338386
2327,1b6e1_00018,95,0.810483870967742,ratio_confidence,4,98.52847622338386
2328,1b6e1_00018,96,0.810483870967742,ratio_confidence,4,98.52847622338386
2329,1b6e1_00018,97,0.8891129032258065,ratio_confidence,4,98.52847622338386
2330,1b6e1_00018,98,0.7646103896103896,ratio_confidence,4,98.52847622338386
2331,1b6e1_00018,99,0.810483870967742,ratio_confidence,4,98.52847622338386
2332,1b6e1_00018,100,0.9393939393939394,ratio_confidence,4,98.52847622338386
2333,1b6e1_00018,101,0.953125,ratio_confidence,4,98.52847622338386
2334,1b6e1_00018,102,0.810483870967742,ratio_confidence,4,98.52847622338386
2335,1b6e1_00018,103,0.7318548387096775,ratio_confidence,4,98.52847622338386
2336,1b6e1_00018,104,0.7666666666666666,ratio_confidence,4,98.52847622338386
2337,1b6e1_00018,105,0.8388888888888889,ratio_confidence,4,98.52847622338386
2338,1b6e1_00018,106,0.8388888888888889,ratio_confidence,4,98.52847622338386
2339,1b6e1_00018,107,0.8655172413793104,ratio_confidence,4,98.52847622338386
2340,1b6e1_00018,108,0.7646103896103896,ratio_confidence,4,98.52847622338386
2341,1b6e1_00018,109,0.8388888888888889,ratio_confidence,4,98.52847622338386
2342,1b6e1_00018,110,0.7646103896103896,ratio_confidence,4,98.52847622338386
2343,1b6e1_00018,111,0.8660714285714286,ratio_confidence,4,98.52847622338386
2344,1b6e1_00018,112,0.7310344827586206,ratio_confidence,4,98.52847622338386
2345,1b6e1_00018,113,0.7666666666666666,ratio_confidence,4,98.52847622338386
2346,1b6e1_00018,114,0.8117647058823529,ratio_confidence,4,98.52847622338386
2347,1b6e1_00018,115,0.6944444444444444,ratio_confidence,4,98.52847622338386
2348,1b6e1_00018,116,0.7982758620689655,ratio_confidence,4,98.52847622338386
2349,1b6e1_00018,117,0.7318548387096775,ratio_confidence,4,98.52847622338386
2350,1b6e1_00018,118,0.8388888888888889,ratio_confidence,4,98.52847622338386
2351,1b6e1_00018,119,0.8409090909090909,ratio_confidence,4,98.52847622338386
2352,1b6e1_00018,120,0.7790178571428572,ratio_confidence,4,98.52847622338386
2353,1b6e1_00018,121,0.810483870967742,ratio_confidence,4,98.52847622338386
2354,1b6e1_00018,122,0.9264705882352942,ratio_confidence,4,98.52847622338386
2355,1b6e1_00018,123,0.8891129032258065,ratio_confidence,4,98.52847622338386
2356,1b6e1_00019,0,0.6637931034482758,ratio_confidence,5,95.42820774972806
2357,1b6e1_00019,1,0.8918918918918919,ratio_confidence,5,95.42820774972806
2358,1b6e1_00019,2,0.7790178571428572,ratio_confidence,5,95.42820774972806
2359,1b6e1_00019,3,0.5416666666666666,ratio_confidence,5,95.42820774972806
2360,1b6e1_00019,4,0.6919642857142857,ratio_confidence,5,95.42820774972806
2361,1b6e1_00019,5,0.6439393939393939,ratio_confidence,5,95.42820774972806
2362,1b6e1_00019,6,0.6357142857142857,ratio_confidence,5,95.42820774972806
2363,1b6e1_00019,7,0.6092105263157894,ratio_confidence,5,95.42820774972806
2364,1b6e1_00019,8,0.6970588235294117,ratio_confidence,5,95.42820774972806
2365,1b6e1_00019,9,0.7310344827586206,ratio_confidence,5,95.42820774972806
2366,1b6e1_00019,10,0.7424242424242424,ratio_confidence,5,95.42820774972806
2367,1b6e1_00019,11,0.6919642857142857,ratio_confidence,5,95.42820774972806
2368,1b6e1_00019,12,0.6357142857142857,ratio_confidence,5,95.42820774972806
2369,1b6e1_00019,13,0.6357142857142857,ratio_confidence,5,95.42820774972806
2370,1b6e1_00019,14,0.7318548387096775,ratio_confidence,5,95.42820774972806
2371,1b6e1_00019,15,0.7424242424242424,ratio_confidence,5,95.42820774972806
2372,1b6e1_00019,16,0.5823529411764705,ratio_confidence,5,95.42820774972806
2373,1b6e1_00019,17,0.6222222222222222,ratio_confidence,5,95.42820774972806
2374,1b6e1_00019,18,0.6919642857142857,ratio_confidence,5,95.42820774972806
2375,1b6e1_00019,19,0.49642857142857144,ratio_confidence,5,95.42820774972806
2376,1b6e1_00019,20,0.6439393939393939,ratio_confidence,5,95.42820774972806
2377,1b6e1_00019,21,0.6532258064516129,ratio_confidence,5,95.42820774972806
2378,1b6e1_00019,22,0.7318548387096775,ratio_confidence,5,95.42820774972806
2379,1b6e1_00019,23,0.6637931034482758,ratio_confidence,5,95.42820774972806
2380,1b6e1_00019,24,0.6532258064516129,ratio_confidence,5,95.42820774972806
2381,1b6e1_00019,25,0.6439393939393939,ratio_confidence,5,95.42820774972806
2382,1b6e1_00019,26,0.7012987012987013,ratio_confidence,5,95.42820774972806
2383,1b6e1_00019,27,0.6637931034482758,ratio_confidence,5,95.42820774972806
2384,1b6e1_00019,28,0.7666666666666666,ratio_confidence,5,95.42820774972806
2385,1b6e1_00019,29,0.7666666666666666,ratio_confidence,5,95.42820774972806
2386,1b6e1_00019,30,0.7666666666666666,ratio_confidence,5,95.42820774972806
2387,1b6e1_00019,31,0.7646103896103896,ratio_confidence,5,95.42820774972806
2388,1b6e1_00019,32,0.7310344827586206,ratio_confidence,5,95.42820774972806
2389,1b6e1_00019,33,0.827922077922078,ratio_confidence,5,95.42820774972806
2390,1b6e1_00019,34,0.7666666666666666,ratio_confidence,5,95.42820774972806
2391,1b6e1_00019,35,0.7982758620689655,ratio_confidence,5,95.42820774972806
2392,1b6e1_00019,36,0.827922077922078,ratio_confidence,5,95.42820774972806
2393,1b6e1_00019,37,0.7012987012987013,ratio_confidence,5,95.42820774972806
2394,1b6e1_00019,38,0.810483870967742,ratio_confidence,5,95.42820774972806
2395,1b6e1_00019,39,0.7318548387096775,ratio_confidence,5,95.42820774972806
2396,1b6e1_00019,40,0.5855614973262032,ratio_confidence,5,95.42820774972806
2397,1b6e1_00019,41,0.7310344827586206,ratio_confidence,5,95.42820774972806
2398,1b6e1_00019,42,0.7982758620689655,ratio_confidence,5,95.42820774972806
2399,1b6e1_00019,43,0.6919642857142857,ratio_confidence,5,95.42820774972806
2400,1b6e1_00019,44,0.7318548387096775,ratio_confidence,5,95.42820774972806
2401,1b6e1_00019,45,0.7666666666666666,ratio_confidence,5,95.42820774972806
2402,1b6e1_00019,46,0.8660714285714286,ratio_confidence,5,95.42820774972806
2403,1b6e1_00019,47,0.7790178571428572,ratio_confidence,5,95.42820774972806
2404,1b6e1_00019,48,0.810483870967742,ratio_confidence,5,95.42820774972806
2405,1b6e1_00019,49,0.7424242424242424,ratio_confidence,5,95.42820774972806
2406,1b6e1_00019,50,0.8891129032258065,ratio_confidence,5,95.42820774972806
2407,1b6e1_00019,51,0.8117647058823529,ratio_confidence,5,95.42820774972806
2408,1b6e1_00019,52,0.8388888888888889,ratio_confidence,5,95.42820774972806
2409,1b6e1_00019,53,0.9142857142857144,ratio_confidence,5,95.42820774972806
2410,1b6e1_00019,54,0.8117647058823529,ratio_confidence,5,95.42820774972806
2411,1b6e1_00019,55,0.7318548387096775,ratio_confidence,5,95.42820774972806
2412,1b6e1_00019,56,0.7310344827586206,ratio_confidence,5,95.42820774972806
2413,1b6e1_00019,57,0.8409090909090909,ratio_confidence,5,95.42820774972806
2414,1b6e1_00019,58,0.810483870967742,ratio_confidence,5,95.42820774972806
2415,1b6e1_00019,59,0.7318548387096775,ratio_confidence,5,95.42820774972806
2416,1b6e1_00019,60,0.9393939393939394,ratio_confidence,5,95.42820774972806
2417,1b6e1_00019,61,0.8409090909090909,ratio_confidence,5,95.42820774972806
2418,1b6e1_00019,62,0.7790178571428572,ratio_confidence,5,95.42820774972806
2419,1b6e1_00019,63,0.9393939393939394,ratio_confidence,5,95.42820774972806
2420,1b6e1_00019,64,0.8660714285714286,ratio_confidence,5,95.42820774972806
2421,1b6e1_00019,65,0.9327586206896552,ratio_confidence,5,95.42820774972806
2422,1b6e1_00019,66,0.8388888888888889,ratio_confidence,5,95.42820774972806
2423,1b6e1_00019,67,0.9264705882352942,ratio_confidence,5,95.42820774972806
2424,1b6e1_00019,68,0.7790178571428572,ratio_confidence,5,95.42820774972806
2425,1b6e1_00019,69,0.7666666666666666,ratio_confidence,5,95.42820774972806
2426,1b6e1_00019,70,0.8409090909090909,ratio_confidence,5,95.42820774972806
2427,1b6e1_00019,71,0.810483870967742,ratio_confidence,5,95.42820774972806
2428,1b6e1_00019,72,0.7318548387096775,ratio_confidence,5,95.42820774972806
2429,1b6e1_00019,73,0.7318548387096775,ratio_confidence,5,95.42820774972806
2430,1b6e1_00019,74,0.6919642857142857,ratio_confidence,5,95.42820774972806
2431,1b6e1_00019,75,0.6759259259259259,ratio_confidence,5,95.42820774972806
2432,1b6e1_00019,76,0.7666666666666666,ratio_confidence,5,95.42820774972806
2433,1b6e1_00019,77,0.8409090909090909,ratio_confidence,5,95.42820774972806
2434,1b6e1_00019,78,0.810483870967742,ratio_confidence,5,95.42820774972806
2435,1b6e1_00019,79,0.810483870967742,ratio_confidence,5,95.42820774972806
2436,1b6e1_00019,80,0.953125,ratio_confidence,5,95.42820774972806
2437,1b6e1_00019,81,0.9393939393939394,ratio_confidence,5,95.42820774972806
2438,1b6e1_00019,82,0.8409090909090909,ratio_confidence,5,95.42820774972806
2439,1b6e1_00019,83,0.810483870967742,ratio_confidence,5,95.42820774972806
2440,1b6e1_00019,84,0.8660714285714286,ratio_confidence,5,95.42820774972806
2441,1b6e1_00019,85,0.8117647058823529,ratio_confidence,5,95.42820774972806
2442,1b6e1_00019,86,0.7318548387096775,ratio_confidence,5,95.42820774972806
2443,1b6e1_00019,87,0.7982758620689655,ratio_confidence,5,95.42820774972806
2444,1b6e1_00019,88,0.9264705882352942,ratio_confidence,5,95.42820774972806
2445,1b6e1_00019,89,0.810483870967742,ratio_confidence,5,95.42820774972806
2446,1b6e1_00019,90,0.8409090909090909,ratio_confidence,5,95.42820774972806
2447,1b6e1_00019,91,0.7790178571428572,ratio_confidence,5,95.42820774972806
2448,1b6e1_00019,92,0.827922077922078,ratio_confidence,5,95.42820774972806
2449,1b6e1_00019,93,0.9264705882352942,ratio_confidence,5,95.42820774972806
2450,1b6e1_00019,94,0.7790178571428572,ratio_confidence,5,95.42820774972806
2451,1b6e1_00019,95,0.8117647058823529,ratio_confidence,5,95.42820774972806
2452,1b6e1_00019,96,0.8409090909090909,ratio_confidence,5,95.42820774972806
2453,1b6e1_00019,97,0.8660714285714286,ratio_confidence,5,95.42820774972806
2454,1b6e1_00019,98,0.7790178571428572,ratio_confidence,5,95.42820774972806
2455,1b6e1_00019,99,0.7666666666666666,ratio_confidence,5,95.42820774972806
2456,1b6e1_00019,100,0.7790178571428572,ratio_confidence,5,95.42820774972806
2457,1b6e1_00019,101,0.8409090909090909,ratio_confidence,5,95.42820774972806
2458,1b6e1_00019,102,0.8388888888888889,ratio_confidence,5,95.42820774972806
2459,1b6e1_00019,103,0.7646103896103896,ratio_confidence,5,95.42820774972806
2460,1b6e1_00019,104,0.8409090909090909,ratio_confidence,5,95.42820774972806
2461,1b6e1_00019,105,0.8388888888888889,ratio_confidence,5,95.42820774972806
2462,1b6e1_00019,106,0.7790178571428572,ratio_confidence,5,95.42820774972806
2463,1b6e1_00019,107,0.8409090909090909,ratio_confidence,5,95.42820774972806
2464,1b6e1_00019,108,0.8660714285714286,ratio_confidence,5,95.42820774972806
2465,1b6e1_00019,109,0.8660714285714286,ratio_confidence,5,95.42820774972806
2466,1b6e1_00019,110,0.7790178571428572,ratio_confidence,5,95.42820774972806
2467,1b6e1_00019,111,0.6532258064516129,ratio_confidence,5,95.42820774972806
2468,1b6e1_00019,112,0.8660714285714286,ratio_confidence,5,95.42820774972806
2469,1b6e1_00019,113,0.7318548387096775,ratio_confidence,5,95.42820774972806
2470,1b6e1_00019,114,0.810483870967742,ratio_confidence,5,95.42820774972806
2471,1b6e1_00019,115,0.810483870967742,ratio_confidence,5,95.42820774972806
2472,1b6e1_00019,116,0.8117647058823529,ratio_confidence,5,95.42820774972806
2473,1b6e1_00019,117,0.8409090909090909,ratio_confidence,5,95.42820774972806
2474,1b6e1_00019,118,0.810483870967742,ratio_confidence,5,95.42820774972806
2475,1b6e1_00019,119,0.8117647058823529,ratio_confidence,5,95.42820774972806
2476,1b6e1_00019,120,0.8891129032258065,ratio_confidence,5,95.42820774972806
2477,1b6e1_00019,121,0.7318548387096775,ratio_confidence,5,95.42820774972806
2478,1b6e1_00019,122,0.7790178571428572,ratio_confidence,5,95.42820774972806
2479,1b6e1_00019,123,0.9264705882352942,ratio_confidence,5,95.42820774972806
2480,1b6e1_00020,0,0.7012987012987013,random,1,92.42223364615721
2481,1b6e1_00020,1,0.7435897435897436,random,1,92.42223364615721
2482,1b6e1_00020,2,0.8918918918918919,random,1,92.42223364615721
2483,1b6e1_00020,3,0.7222222222222222,random,1,92.42223364615721
2484,1b6e1_00020,4,0.6637931034482758,random,1,92.42223364615721
2485,1b6e1_00020,5,0.6970588235294117,random,1,92.42223364615721
2486,1b6e1_00020,6,0.5745967741935484,random,1,92.42223364615721
2487,1b6e1_00020,7,0.5823529411764705,random,1,92.42223364615721
2488,1b6e1_00020,8,0.6283783783783784,random,1,92.42223364615721
2489,1b6e1_00020,9,0.7435897435897436,random,1,92.42223364615721
2490,1b6e1_00020,10,0.6439393939393939,random,1,92.42223364615721
2491,1b6e1_00020,11,0.7222222222222222,random,1,92.42223364615721
2492,1b6e1_00020,12,0.7310344827586206,random,1,92.42223364615721
2493,1b6e1_00020,13,0.6222222222222222,random,1,92.42223364615721
2494,1b6e1_00020,14,0.6342857142857142,random,1,92.42223364615721
2495,1b6e1_00020,15,0.7424242424242424,random,1,92.42223364615721
2496,1b6e1_00020,16,0.7666666666666666,random,1,92.42223364615721
2497,1b6e1_00020,17,0.7310344827586206,random,1,92.42223364615721
2498,1b6e1_00020,18,0.6157407407407407,random,1,92.42223364615721
2499,1b6e1_00020,19,0.7318548387096775,random,1,92.42223364615721
2500,1b6e1_00020,20,0.7318548387096775,random,1,92.42223364615721
2501,1b6e1_00020,21,0.6222222222222222,random,1,92.42223364615721
2502,1b6e1_00020,22,0.7666666666666666,random,1,92.42223364615721
2503,1b6e1_00020,23,0.637987012987013,random,1,92.42223364615721
2504,1b6e1_00020,24,0.7424242424242424,random,1,92.42223364615721
2505,1b6e1_00020,25,0.7982758620689655,random,1,92.42223364615721
2506,1b6e1_00020,26,0.7666666666666666,random,1,92.42223364615721
2507,1b6e1_00020,27,0.6439393939393939,random,1,92.42223364615721
2508,1b6e1_00020,28,0.7310344827586206,random,1,92.42223364615721
2509,1b6e1_00020,29,0.6637931034482758,random,1,92.42223364615721
2510,1b6e1_00020,30,0.7646103896103896,random,1,92.42223364615721
2511,1b6e1_00020,31,0.7012987012987013,random,1,92.42223364615721
2512,1b6e1_00020,32,0.6222222222222222,random,1,92.42223364615721
2513,1b6e1_00020,33,0.6944444444444444,random,1,92.42223364615721
2514,1b6e1_00020,34,0.7318548387096775,random,1,92.42223364615721
2515,1b6e1_00020,35,0.7012987012987013,random,1,92.42223364615721
2516,1b6e1_00020,36,0.6970588235294117,random,1,92.42223364615721
2517,1b6e1_00020,37,0.6637931034482758,random,1,92.42223364615721
2518,1b6e1_00020,38,0.7646103896103896,random,1,92.42223364615721
2519,1b6e1_00020,39,0.7318548387096775,random,1,92.42223364615721
2520,1b6e1_00020,40,0.7666666666666666,random,1,92.42223364615721
2521,1b6e1_00020,41,0.7318548387096775,random,1,92.42223364615721
2522,1b6e1_00020,42,0.637987012987013,random,1,92.42223364615721
2523,1b6e1_00020,43,0.6944444444444444,random,1,92.42223364615721
2524,1b6e1_00020,44,0.6944444444444444,random,1,92.42223364615721
2525,1b6e1_00020,45,0.6342857142857142,random,1,92.42223364615721
2526,1b6e1_00020,46,0.7318548387096775,random,1,92.42223364615721
2527,1b6e1_00020,47,0.7012987012987013,random,1,92.42223364615721
2528,1b6e1_00020,48,0.7790178571428572,random,1,92.42223364615721
2529,1b6e1_00020,49,0.6944444444444444,random,1,92.42223364615721
2530,1b6e1_00020,50,0.7310344827586206,random,1,92.42223364615721
2531,1b6e1_00020,51,0.7310344827586206,random,1,92.42223364615721
2532,1b6e1_00020,52,0.7012987012987013,random,1,92.42223364615721
2533,1b6e1_00020,53,0.7318548387096775,random,1,92.42223364615721
2534,1b6e1_00020,54,0.7310344827586206,random,1,92.42223364615721
2535,1b6e1_00020,55,0.637987012987013,random,1,92.42223364615721
2536,1b6e1_00020,56,0.8660714285714286,random,1,92.42223364615721
2537,1b6e1_00020,57,0.7318548387096775,random,1,92.42223364615721
2538,1b6e1_00020,58,0.6944444444444444,random,1,92.42223364615721
2539,1b6e1_00020,59,0.7310344827586206,random,1,92.42223364615721
2540,1b6e1_00020,60,0.6637931034482758,random,1,92.42223364615721
2541,1b6e1_00020,61,0.7310344827586206,random,1,92.42223364615721
2542,1b6e1_00020,62,0.6919642857142857,random,1,92.42223364615721
2543,1b6e1_00020,63,0.6944444444444444,random,1,92.42223364615721
2544,1b6e1_00020,64,0.6222222222222222,random,1,92.42223364615721
2545,1b6e1_00020,65,0.7666666666666666,random,1,92.42223364615721
2546,1b6e1_00020,66,0.6919642857142857,random,1,92.42223364615721
2547,1b6e1_00020,67,0.6944444444444444,random,1,92.42223364615721
2548,1b6e1_00020,68,0.7790178571428572,random,1,92.42223364615721
2549,1b6e1_00020,69,0.7790178571428572,random,1,92.42223364615721
2550,1b6e1_00020,70,0.6919642857142857,random,1,92.42223364615721
2551,1b6e1_00020,71,0.7424242424242424,random,1,92.42223364615721
2552,1b6e1_00020,72,0.6944444444444444,random,1,92.42223364615721
2553,1b6e1_00020,73,0.7790178571428572,random,1,92.42223364615721
2554,1b6e1_00020,74,0.7790178571428572,random,1,92.42223364615721
2555,1b6e1_00020,75,0.7790178571428572,random,1,92.42223364615721
2556,1b6e1_00020,76,0.9264705882352942,random,1,92.42223364615721
2557,1b6e1_00020,77,0.7790178571428572,random,1,92.42223364615721
2558,1b6e1_00020,78,0.7790178571428572,random,1,92.42223364615721
2559,1b6e1_00020,79,0.8117647058823529,random,1,92.42223364615721
2560,1b6e1_00020,80,0.5745967741935484,random,1,92.42223364615721
2561,1b6e1_00020,81,0.9264705882352942,random,1,92.42223364615721
2562,1b6e1_00020,82,0.8660714285714286,random,1,92.42223364615721
2563,1b6e1_00020,83,0.6919642857142857,random,1,92.42223364615721
2564,1b6e1_00020,84,0.8409090909090909,random,1,92.42223364615721
2565,1b6e1_00020,85,0.9264705882352942,random,1,92.42223364615721
2566,1b6e1_00020,86,0.7790178571428572,random,1,92.42223364615721
2567,1b6e1_00020,87,0.8409090909090909,random,1,92.42223364615721
2568,1b6e1_00020,88,0.810483870967742,random,1,92.42223364615721
2569,1b6e1_00020,89,0.7424242424242424,random,1,92.42223364615721
2570,1b6e1_00020,90,0.7666666666666666,random,1,92.42223364615721
2571,1b6e1_00020,91,0.8409090909090909,random,1,92.42223364615721
2572,1b6e1_00020,92,0.8409090909090909,random,1,92.42223364615721
2573,1b6e1_00020,93,0.810483870967742,random,1,92.42223364615721
2574,1b6e1_00020,94,0.7790178571428572,random,1,92.42223364615721
2575,1b6e1_00020,95,0.8409090909090909,random,1,92.42223364615721
2576,1b6e1_00020,96,0.7012987012987013,random,1,92.42223364615721
2577,1b6e1_00020,97,0.8409090909090909,random,1,92.42223364615721
2578,1b6e1_00020,98,0.810483870967742,random,1,92.42223364615721
2579,1b6e1_00020,99,0.8409090909090909,random,1,92.42223364615721
2580,1b6e1_00020,100,0.7982758620689655,random,1,92.42223364615721
2581,1b6e1_00020,101,0.7424242424242424,random,1,92.42223364615721
2582,1b6e1_00020,102,0.7790178571428572,random,1,92.42223364615721
2583,1b6e1_00020,103,0.8409090909090909,random,1,92.42223364615721
2584,1b6e1_00020,104,0.9027777777777778,random,1,92.42223364615721
2585,1b6e1_00020,105,0.8409090909090909,random,1,92.42223364615721
2586,1b6e1_00020,106,0.7790178571428572,random,1,92.42223364615721
2587,1b6e1_00020,107,0.9393939393939394,random,1,92.42223364615721
2588,1b6e1_00020,108,0.7790178571428572,random,1,92.42223364615721
2589,1b6e1_00020,109,0.8409090909090909,random,1,92.42223364615721
2590,1b6e1_00020,110,0.9393939393939394,random,1,92.42223364615721
2591,1b6e1_00020,111,0.810483870967742,random,1,92.42223364615721
2592,1b6e1_00020,112,0.810483870967742,random,1,92.42223364615721
2593,1b6e1_00020,113,0.7982758620689655,random,1,92.42223364615721
2594,1b6e1_00020,114,0.7318548387096775,random,1,92.42223364615721
2595,1b6e1_00020,115,0.8660714285714286,random,1,92.42223364615721
2596,1b6e1_00020,116,0.810483870967742,random,1,92.42223364615721
2597,1b6e1_00020,117,0.8660714285714286,random,1,92.42223364615721
2598,1b6e1_00020,118,0.8660714285714286,random,1,92.42223364615721
2599,1b6e1_00020,119,0.7790178571428572,random,1,92.42223364615721
2600,1b6e1_00020,120,0.9027777777777778,random,1,92.42223364615721
2601,1b6e1_00020,121,0.7318548387096775,random,1,92.42223364615721
2602,1b6e1_00020,122,0.8409090909090909,random,1,92.42223364615721
2603,1b6e1_00020,123,0.8117647058823529,random,1,92.42223364615721
2604,1b6e1_00021,0,0.2564102564102564,random,2,101.52854853264809
2605,1b6e1_00021,1,0.40344827586206894,random,2,101.52854853264809
2606,1b6e1_00021,2,0.5833333333333334,random,2,101.52854853264809
2607,1b6e1_00021,3,0.7012987012987013,random,2,101.52854853264809
2608,1b6e1_00021,4,0.7115384615384615,random,2,101.52854853264809
2609,1b6e1_00021,5,0.7982758620689655,random,2,101.52854853264809
2610,1b6e1_00021,6,0.6970588235294117,random,2,101.52854853264809
2611,1b6e1_00021,7,0.6283783783783784,random,2,101.52854853264809
2612,1b6e1_00021,8,0.3684210526315789,random,2,101.52854853264809
2613,1b6e1_00021,9,0.7435897435897436,random,2,101.52854853264809
2614,1b6e1_00021,10,0.8117647058823529,random,2,101.52854853264809
2615,1b6e1_00021,11,0.881578947368421,random,2,101.52854853264809
2616,1b6e1_00021,12,0.7435897435897436,random,2,101.52854853264809
2617,1b6e1_00021,13,0.7435897435897436,random,2,101.52854853264809
2618,1b6e1_00021,14,0.7435897435897436,random,2,101.52854853264809
2619,1b6e1_00021,15,0.7435897435897436,random,2,101.52854853264809
2620,1b6e1_00021,16,0.7435897435897436,random,2,101.52854853264809
2621,1b6e1_00021,17,0.9027777777777778,random,2,101.52854853264809
2622,1b6e1_00021,18,0.7666666666666666,random,2,101.52854853264809
2623,1b6e1_00021,19,0.6970588235294117,random,2,101.52854853264809
2624,1b6e1_00021,20,0.8660714285714286,random,2,101.52854853264809
2625,1b6e1_00021,21,0.7666666666666666,random,2,101.52854853264809
2626,1b6e1_00021,22,0.9264705882352942,random,2,101.52854853264809
2627,1b6e1_00021,23,0.7666666666666666,random,2,101.52854853264809
2628,1b6e1_00021,24,0.8409090909090909,random,2,101.52854853264809
2629,1b6e1_00021,25,0.7790178571428572,random,2,101.52854853264809
2630,1b6e1_00021,26,0.9393939393939394,random,2,101.52854853264809
2631,1b6e1_00021,27,0.9142857142857144,random,2,101.52854853264809
2632,1b6e1_00021,28,0.810483870967742,random,2,101.52854853264809
2633,1b6e1_00021,29,0.7692307692307693,random,2,101.52854853264809
2634,1b6e1_00021,30,0.7424242424242424,random,2,101.52854853264809
2635,1b6e1_00021,31,0.8655172413793104,random,2,101.52854853264809
2636,1b6e1_00021,32,0.7982758620689655,random,2,101.52854853264809
2637,1b6e1_00021,33,0.7310344827586206,random,2,101.52854853264809
2638,1b6e1_00021,34,0.9111111111111111,random,2,101.52854853264809
2639,1b6e1_00021,35,0.8655172413793104,random,2,101.52854853264809
2640,1b6e1_00021,36,0.8660714285714286,random,2,101.52854853264809
2641,1b6e1_00021,37,0.6944444444444444,random,2,101.52854853264809
2642,1b6e1_00021,38,0.7982758620689655,random,2,101.52854853264809
2643,1b6e1_00021,39,0.953125,random,2,101.52854853264809
2644,1b6e1_00021,40,0.8891129032258065,random,2,101.52854853264809
2645,1b6e1_00021,41,0.7982758620689655,random,2,101.52854853264809
2646,1b6e1_00021,42,0.827922077922078,random,2,101.52854853264809
2647,1b6e1_00021,43,0.7982758620689655,random,2,101.52854853264809
2648,1b6e1_00021,44,0.967741935483871,random,2,101.52854853264809
2649,1b6e1_00021,45,0.8660714285714286,random,2,101.52854853264809
2650,1b6e1_00021,46,0.6439393939393939,random,2,101.52854853264809
2651,1b6e1_00021,47,0.7310344827586206,random,2,101.52854853264809
2652,1b6e1_00021,48,0.7646103896103896,random,2,101.52854853264809
2653,1b6e1_00021,49,0.7646103896103896,random,2,101.52854853264809
2654,1b6e1_00021,50,0.8891129032258065,random,2,101.52854853264809
2655,1b6e1_00021,51,0.7982758620689655,random,2,101.52854853264809
2656,1b6e1_00021,52,0.8891129032258065,random,2,101.52854853264809
2657,1b6e1_00021,53,0.8655172413793104,random,2,101.52854853264809
2658,1b6e1_00021,54,0.8388888888888889,random,2,101.52854853264809
2659,1b6e1_00021,55,0.8388888888888889,random,2,101.52854853264809
2660,1b6e1_00021,56,0.8655172413793104,random,2,101.52854853264809
2661,1b6e1_00021,57,0.8388888888888889,random,2,101.52854853264809
2662,1b6e1_00021,58,0.967741935483871,random,2,101.52854853264809
2663,1b6e1_00021,59,0.7962962962962963,random,2,101.52854853264809
2664,1b6e1_00021,60,0.7982758620689655,random,2,101.52854853264809
2665,1b6e1_00021,61,0.7982758620689655,random,2,101.52854853264809
2666,1b6e1_00021,62,0.8660714285714286,random,2,101.52854853264809
2667,1b6e1_00021,63,0.9111111111111111,random,2,101.52854853264809
2668,1b6e1_00021,64,0.7982758620689655,random,2,101.52854853264809
2669,1b6e1_00021,65,0.7646103896103896,random,2,101.52854853264809
2670,1b6e1_00021,66,0.8891129032258065,random,2,101.52854853264809
2671,1b6e1_00021,67,0.8388888888888889,random,2,101.52854853264809
2672,1b6e1_00021,68,0.8388888888888889,random,2,101.52854853264809
2673,1b6e1_00021,69,0.8388888888888889,random,2,101.52854853264809
2674,1b6e1_00021,70,0.8891129032258065,random,2,101.52854853264809
2675,1b6e1_00021,71,0.7982758620689655,random,2,101.52854853264809
2676,1b6e1_00021,72,0.8891129032258065,random,2,101.52854853264809
2677,1b6e1_00021,73,0.967741935483871,random,2,101.52854853264809
2678,1b6e1_00021,74,0.8388888888888889,random,2,101.52854853264809
2679,1b6e1_00021,75,0.8655172413793104,random,2,101.52854853264809
2680,1b6e1_00021,76,0.8388888888888889,random,2,101.52854853264809
2681,1b6e1_00021,77,0.8891129032258065,random,2,101.52854853264809
2682,1b6e1_00021,78,0.8891129032258065,random,2,101.52854853264809
2683,1b6e1_00021,79,0.8388888888888889,random,2,101.52854853264809
2684,1b6e1_00021,80,0.7982758620689655,random,2,101.52854853264809
2685,1b6e1_00021,81,0.8388888888888889,random,2,101.52854853264809
2686,1b6e1_00021,82,0.9327586206896552,random,2,101.52854853264809
2687,1b6e1_00021,83,0.8655172413793104,random,2,101.52854853264809
2688,1b6e1_00021,84,0.8388888888888889,random,2,101.52854853264809
2689,1b6e1_00021,85,0.9111111111111111,random,2,101.52854853264809
2690,1b6e1_00021,86,0.7982758620689655,random,2,101.52854853264809
2691,1b6e1_00021,87,0.9111111111111111,random,2,101.52854853264809
2692,1b6e1_00021,88,0.967741935483871,random,2,101.52854853264809
2693,1b6e1_00021,89,0.7982758620689655,random,2,101.52854853264809
2694,1b6e1_00021,90,0.8388888888888889,random,2,101.52854853264809
2695,1b6e1_00021,91,0.827922077922078,random,2,101.52854853264809
2696,1b6e1_00021,92,0.8388888888888889,random,2,101.52854853264809
2697,1b6e1_00021,93,0.8388888888888889,random,2,101.52854853264809
2698,1b6e1_00021,94,0.827922077922078,random,2,101.52854853264809
2699,1b6e1_00021,95,0.8388888888888889,random,2,101.52854853264809
2700,1b6e1_00021,96,0.827922077922078,random,2,101.52854853264809
2701,1b6e1_00021,97,0.9111111111111111,random,2,101.52854853264809
2702,1b6e1_00021,98,0.953125,random,2,101.52854853264809
2703,1b6e1_00021,99,0.827922077922078,random,2,101.52854853264809
2704,1b6e1_00021,100,0.8655172413793104,random,2,101.52854853264809
2705,1b6e1_00021,101,0.8912337662337663,random,2,101.52854853264809
2706,1b6e1_00021,102,0.7982758620689655,random,2,101.52854853264809
2707,1b6e1_00021,103,0.8655172413793104,random,2,101.52854853264809
2708,1b6e1_00021,104,0.8655172413793104,random,2,101.52854853264809
2709,1b6e1_00021,105,0.8655172413793104,random,2,101.52854853264809
2710,1b6e1_00021,106,0.8388888888888889,random,2,101.52854853264809
2711,1b6e1_00021,107,0.7962962962962963,random,2,101.52854853264809
2712,1b6e1_00021,108,0.8891129032258065,random,2,101.52854853264809
2713,1b6e1_00021,109,0.8891129032258065,random,2,101.52854853264809
2714,1b6e1_00021,110,0.8891129032258065,random,2,101.52854853264809
2715,1b6e1_00021,111,0.7962962962962963,random,2,101.52854853264809
2716,1b6e1_00021,112,0.8912337662337663,random,2,101.52854853264809
2717,1b6e1_00021,113,0.9111111111111111,random,2,101.52854853264809
2718,1b6e1_00021,114,0.8655172413793104,random,2,101.52854853264809
2719,1b6e1_00021,115,0.8655172413793104,random,2,101.52854853264809
2720,1b6e1_00021,116,0.9111111111111111,random,2,101.52854853264809
2721,1b6e1_00021,117,0.967741935483871,random,2,101.52854853264809
2722,1b6e1_00021,118,0.8564814814814814,random,2,101.52854853264809
2723,1b6e1_00021,119,0.9327586206896552,random,2,101.52854853264809
2724,1b6e1_00021,120,0.8388888888888889,random,2,101.52854853264809
2725,1b6e1_00021,121,0.8655172413793104,random,2,101.52854853264809
2726,1b6e1_00021,122,0.9327586206896552,random,2,101.52854853264809
2727,1b6e1_00021,123,0.827922077922078,random,2,101.52854853264809
2728,1b6e1_00022,0,0.8409090909090909,random,3,96.03069956453004
2729,1b6e1_00022,1,0.7419786096256684,random,3,96.03069956453004
2730,1b6e1_00022,2,0.717391304347826,random,3,96.03069956453004
2731,1b6e1_00022,3,0.2564102564102564,random,3,96.03069956453004
2732,1b6e1_00022,4,0.6785714285714286,random,3,96.03069956453004
2733,1b6e1_00022,5,0.5769230769230769,random,3,96.03069956453004
2734,1b6e1_00022,6,0.3560606060606061,random,3,96.03069956453004
2735,1b6e1_00022,7,0.5691964285714286,random,3,96.03069956453004
2736,1b6e1_00022,8,0.5885714285714285,random,3,96.03069956453004
2737,1b6e1_00022,9,0.5054347826086957,random,3,96.03069956453004
2738,1b6e1_00022,10,0.4253246753246753,random,3,96.03069956453004
2739,1b6e1_00022,11,0.5198412698412698,random,3,96.03069956453004
2740,1b6e1_00022,12,0.5198412698412698,random,3,96.03069956453004
2741,1b6e1_00022,13,0.570855614973262,random,3,96.03069956453004
2742,1b6e1_00022,14,0.6377005347593583,random,3,96.03069956453004
2743,1b6e1_00022,15,0.5625,random,3,96.03069956453004
2744,1b6e1_00022,16,0.5046296296296297,random,3,96.03069956453004
2745,1b6e1_00022,17,0.5960526315789474,random,3,96.03069956453004
2746,1b6e1_00022,18,0.8014285714285714,random,3,96.03069956453004
2747,1b6e1_00022,19,0.7361111111111112,random,3,96.03069956453004
2748,1b6e1_00022,20,0.6605263157894736,random,3,96.03069956453004
2749,1b6e1_00022,21,0.7361111111111112,random,3,96.03069956453004
2750,1b6e1_00022,22,0.6535326086956521,random,3,96.03069956453004
2751,1b6e1_00022,23,0.7962962962962963,random,3,96.03069956453004
2752,1b6e1_00022,24,0.7790178571428572,random,3,96.03069956453004
2753,1b6e1_00022,25,0.7012987012987013,random,3,96.03069956453004
2754,1b6e1_00022,26,0.7012987012987013,random,3,96.03069956453004
2755,1b6e1_00022,27,0.7318548387096775,random,3,96.03069956453004
2756,1b6e1_00022,28,0.6532258064516129,random,3,96.03069956453004
2757,1b6e1_00022,29,0.7424242424242424,random,3,96.03069956453004
2758,1b6e1_00022,30,0.8117647058823529,random,3,96.03069956453004
2759,1b6e1_00022,31,0.8660714285714286,random,3,96.03069956453004
2760,1b6e1_00022,32,0.8660714285714286,random,3,96.03069956453004
2761,1b6e1_00022,33,0.6049107142857143,random,3,96.03069956453004
2762,1b6e1_00022,34,0.6439393939393939,random,3,96.03069956453004
2763,1b6e1_00022,35,0.7424242424242424,random,3,96.03069956453004
2764,1b6e1_00022,36,0.8117647058823529,random,3,96.03069956453004
2765,1b6e1_00022,37,0.7790178571428572,random,3,96.03069956453004
2766,1b6e1_00022,38,0.7310344827586206,random,3,96.03069956453004
2767,1b6e1_00022,39,0.7666666666666666,random,3,96.03069956453004
2768,1b6e1_00022,40,0.8409090909090909,random,3,96.03069956453004
2769,1b6e1_00022,41,0.9142857142857144,random,3,96.03069956453004
2770,1b6e1_00022,42,0.7790178571428572,random,3,96.03069956453004
2771,1b6e1_00022,43,0.6439393939393939,random,3,96.03069956453004
2772,1b6e1_00022,44,0.7982758620689655,random,3,96.03069956453004
2773,1b6e1_00022,45,0.8660714285714286,random,3,96.03069956453004
2774,1b6e1_00022,46,0.8388888888888889,random,3,96.03069956453004
2775,1b6e1_00022,47,0.8388888888888889,random,3,96.03069956453004
2776,1b6e1_00022,48,0.8388888888888889,random,3,96.03069956453004
2777,1b6e1_00022,49,0.8660714285714286,random,3,96.03069956453004
2778,1b6e1_00022,50,0.8660714285714286,random,3,96.03069956453004
2779,1b6e1_00022,51,0.7666666666666666,random,3,96.03069956453004
2780,1b6e1_00022,52,0.8660714285714286,random,3,96.03069956453004
2781,1b6e1_00022,53,0.8388888888888889,random,3,96.03069956453004
2782,1b6e1_00022,54,0.8660714285714286,random,3,96.03069956453004
2783,1b6e1_00022,55,0.7310344827586206,random,3,96.03069956453004
2784,1b6e1_00022,56,0.827922077922078,random,3,96.03069956453004
2785,1b6e1_00022,57,0.7318548387096775,random,3,96.03069956453004
2786,1b6e1_00022,58,0.8660714285714286,random,3,96.03069956453004
2787,1b6e1_00022,59,0.8388888888888889,random,3,96.03069956453004
2788,1b6e1_00022,60,0.8660714285714286,random,3,96.03069956453004
2789,1b6e1_00022,61,0.7790178571428572,random,3,96.03069956453004
2790,1b6e1_00022,62,0.7962962962962963,random,3,96.03069956453004
2791,1b6e1_00022,63,0.8660714285714286,random,3,96.03069956453004
2792,1b6e1_00022,64,0.8660714285714286,random,3,96.03069956453004
2793,1b6e1_00022,65,0.8660714285714286,random,3,96.03069956453004
2794,1b6e1_00022,66,0.8388888888888889,random,3,96.03069956453004
2795,1b6e1_00022,67,0.8660714285714286,random,3,96.03069956453004
2796,1b6e1_00022,68,0.7666666666666666,random,3,96.03069956453004
2797,1b6e1_00022,69,0.810483870967742,random,3,96.03069956453004
2798,1b6e1_00022,70,0.7982758620689655,random,3,96.03069956453004
2799,1b6e1_00022,71,0.7790178571428572,random,3,96.03069956453004
2800,1b6e1_00022,72,0.810483870967742,random,3,96.03069956453004
2801,1b6e1_00022,73,0.8388888888888889,random,3,96.03069956453004
2802,1b6e1_00022,74,0.7666666666666666,random,3,96.03069956453004
2803,1b6e1_00022,75,0.7982758620689655,random,3,96.03069956453004
2804,1b6e1_00022,76,0.7646103896103896,random,3,96.03069956453004
2805,1b6e1_00022,77,0.810483870967742,random,3,96.03069956453004
2806,1b6e1_00022,78,0.8891129032258065,random,3,96.03069956453004
2807,1b6e1_00022,79,0.8660714285714286,random,3,96.03069956453004
2808,1b6e1_00022,80,0.8655172413793104,random,3,96.03069956453004
2809,1b6e1_00022,81,0.8660714285714286,random,3,96.03069956453004
2810,1b6e1_00022,82,0.8660714285714286,random,3,96.03069956453004
2811,1b6e1_00022,83,0.8660714285714286,random,3,96.03069956453004
2812,1b6e1_00022,84,0.7982758620689655,random,3,96.03069956453004
2813,1b6e1_00022,85,0.810483870967742,random,3,96.03069956453004
2814,1b6e1_00022,86,0.810483870967742,random,3,96.03069956453004
2815,1b6e1_00022,87,0.9142857142857144,random,3,96.03069956453004
2816,1b6e1_00022,88,0.8655172413793104,random,3,96.03069956453004
2817,1b6e1_00022,89,0.8660714285714286,random,3,96.03069956453004
2818,1b6e1_00022,90,0.8660714285714286,random,3,96.03069956453004
2819,1b6e1_00022,91,0.810483870967742,random,3,96.03069956453004
2820,1b6e1_00022,92,0.8660714285714286,random,3,96.03069956453004
2821,1b6e1_00022,93,0.8660714285714286,random,3,96.03069956453004
2822,1b6e1_00022,94,0.8891129032258065,random,3,96.03069956453004
2823,1b6e1_00022,95,0.8660714285714286,random,3,96.03069956453004
2824,1b6e1_00022,96,0.810483870967742,random,3,96.03069956453004
2825,1b6e1_00022,97,0.8388888888888889,random,3,96.03069956453004
2826,1b6e1_00022,98,0.8660714285714286,random,3,96.03069956453004
2827,1b6e1_00022,99,0.8388888888888889,random,3,96.03069956453004
2828,1b6e1_00022,100,0.7982758620689655,random,3,96.03069956453004
2829,1b6e1_00022,101,0.810483870967742,random,3,96.03069956453004
2830,1b6e1_00022,102,0.8660714285714286,random,3,96.03069956453004
2831,1b6e1_00022,103,0.810483870967742,random,3,96.03069956453004
2832,1b6e1_00022,104,0.810483870967742,random,3,96.03069956453004
2833,1b6e1_00022,105,0.8660714285714286,random,3,96.03069956453004
2834,1b6e1_00022,106,0.8388888888888889,random,3,96.03069956453004
2835,1b6e1_00022,107,0.8660714285714286,random,3,96.03069956453004
2836,1b6e1_00022,108,0.8660714285714286,random,3,96.03069956453004
2837,1b6e1_00022,109,0.8409090909090909,random,3,96.03069956453004
2838,1b6e1_00022,110,0.8660714285714286,random,3,96.03069956453004
2839,1b6e1_00022,111,0.8891129032258065,random,3,96.03069956453004
2840,1b6e1_00022,112,0.8660714285714286,random,3,96.03069956453004
2841,1b6e1_00022,113,0.8388888888888889,random,3,96.03069956453004
2842,1b6e1_00022,114,0.8891129032258065,random,3,96.03069956453004
2843,1b6e1_00022,115,0.8891129032258065,random,3,96.03069956453004
2844,1b6e1_00022,116,0.8891129032258065,random,3,96.03069956453004
2845,1b6e1_00022,117,0.8388888888888889,random,3,96.03069956453004
2846,1b6e1_00022,118,0.8655172413793104,random,3,96.03069956453004
2847,1b6e1_00022,119,0.8660714285714286,random,3,96.03069956453004
2848,1b6e1_00022,120,0.827922077922078,random,3,96.03069956453004
2849,1b6e1_00022,121,0.8660714285714286,random,3,96.03069956453004
2850,1b6e1_00022,122,0.8655172413793104,random,3,96.03069956453004
2851,1b6e1_00022,123,0.8388888888888889,random,3,96.03069956453004
2852,1b6e1_00023,0,0.6898395721925134,random,4,93.80599179545332
2853,1b6e1_00023,1,0.637987012987013,random,4,93.80599179545332
2854,1b6e1_00023,2,0.9027777777777778,random,4,93.80599179545332
2855,1b6e1_00023,3,0.9027777777777778,random,4,93.80599179545332
2856,1b6e1_00023,4,0.8117647058823529,random,4,93.80599179545332
2857,1b6e1_00023,5,0.7424242424242424,random,4,93.80599179545332
2858,1b6e1_00023,6,0.9264705882352942,random,4,93.80599179545332
2859,1b6e1_00023,7,0.8117647058823529,random,4,93.80599179545332
2860,1b6e1_00023,8,0.810483870967742,random,4,93.80599179545332
2861,1b6e1_00023,9,0.8117647058823529,random,4,93.80599179545332
2862,1b6e1_00023,10,0.775,random,4,93.80599179545332
2863,1b6e1_00023,11,0.7666666666666666,random,4,93.80599179545332
2864,1b6e1_00023,12,0.8117647058823529,random,4,93.80599179545332
2865,1b6e1_00023,13,0.8117647058823529,random,4,93.80599179545332
2866,1b6e1_00023,14,0.6970588235294117,random,4,93.80599179545332
2867,1b6e1_00023,15,0.6538461538461539,random,4,93.80599179545332
2868,1b6e1_00023,16,0.7982758620689655,random,4,93.80599179545332
2869,1b6e1_00023,17,0.7310344827586206,random,4,93.80599179545332
2870,1b6e1_00023,18,0.6759259259259259,random,4,93.80599179545332
2871,1b6e1_00023,19,0.7982758620689655,random,4,93.80599179545332
2872,1b6e1_00023,20,0.7115384615384615,random,4,93.80599179545332
2873,1b6e1_00023,21,0.5961538461538461,random,4,93.80599179545332
2874,1b6e1_00023,22,0.7790178571428572,random,4,93.80599179545332
2875,1b6e1_00023,23,0.7646103896103896,random,4,93.80599179545332
2876,1b6e1_00023,24,0.7424242424242424,random,4,93.80599179545332
2877,1b6e1_00023,25,0.6944444444444444,random,4,93.80599179545332
2878,1b6e1_00023,26,0.7790178571428572,random,4,93.80599179545332
2879,1b6e1_00023,27,0.7310344827586206,random,4,93.80599179545332
2880,1b6e1_00023,28,0.7790178571428572,random,4,93.80599179545332
2881,1b6e1_00023,29,0.7318548387096775,random,4,93.80599179545332
2882,1b6e1_00023,30,0.7424242424242424,random,4,93.80599179545332
2883,1b6e1_00023,31,0.7790178571428572,random,4,93.80599179545332
2884,1b6e1_00023,32,0.6637931034482758,random,4,93.80599179545332
2885,1b6e1_00023,33,0.7361111111111112,random,4,93.80599179545332
2886,1b6e1_00023,34,0.7318548387096775,random,4,93.80599179545332
2887,1b6e1_00023,35,0.6637931034482758,random,4,93.80599179545332
2888,1b6e1_00023,36,0.7646103896103896,random,4,93.80599179545332
2889,1b6e1_00023,37,0.7310344827586206,random,4,93.80599179545332
2890,1b6e1_00023,38,0.7115384615384615,random,4,93.80599179545332
2891,1b6e1_00023,39,0.8117647058823529,random,4,93.80599179545332
2892,1b6e1_00023,40,0.6919642857142857,random,4,93.80599179545332
2893,1b6e1_00023,41,0.8117647058823529,random,4,93.80599179545332
2894,1b6e1_00023,42,0.6222222222222222,random,4,93.80599179545332
2895,1b6e1_00023,43,0.6944444444444444,random,4,93.80599179545332
2896,1b6e1_00023,44,0.810483870967742,random,4,93.80599179545332
2897,1b6e1_00023,45,0.7790178571428572,random,4,93.80599179545332
2898,1b6e1_00023,46,0.810483870967742,random,4,93.80599179545332
2899,1b6e1_00023,47,0.7666666666666666,random,4,93.80599179545332
2900,1b6e1_00023,48,0.7318548387096775,random,4,93.80599179545332
2901,1b6e1_00023,49,0.9264705882352942,random,4,93.80599179545332
2902,1b6e1_00023,50,0.8660714285714286,random,4,93.80599179545332
2903,1b6e1_00023,51,0.7318548387096775,random,4,93.80599179545332
2904,1b6e1_00023,52,0.810483870967742,random,4,93.80599179545332
2905,1b6e1_00023,53,0.8409090909090909,random,4,93.80599179545332
2906,1b6e1_00023,54,0.8891129032258065,random,4,93.80599179545332
2907,1b6e1_00023,55,0.6944444444444444,random,4,93.80599179545332
2908,1b6e1_00023,56,0.7790178571428572,random,4,93.80599179545332
2909,1b6e1_00023,57,0.7424242424242424,random,4,93.80599179545332
2910,1b6e1_00023,58,0.8409090909090909,random,4,93.80599179545332
2911,1b6e1_00023,59,0.6637931034482758,random,4,93.80599179545332
2912,1b6e1_00023,60,0.8660714285714286,random,4,93.80599179545332
2913,1b6e1_00023,61,0.7424242424242424,random,4,93.80599179545332
2914,1b6e1_00023,62,0.6944444444444444,random,4,93.80599179545332
2915,1b6e1_00023,63,0.7424242424242424,random,4,93.80599179545332
2916,1b6e1_00023,64,0.7666666666666666,random,4,93.80599179545332
2917,1b6e1_00023,65,0.810483870967742,random,4,93.80599179545332
2918,1b6e1_00023,66,0.6944444444444444,random,4,93.80599179545332
2919,1b6e1_00023,67,0.7666666666666666,random,4,93.80599179545332
2920,1b6e1_00023,68,0.7310344827586206,random,4,93.80599179545332
2921,1b6e1_00023,69,0.7424242424242424,random,4,93.80599179545332
2922,1b6e1_00023,70,0.8117647058823529,random,4,93.80599179545332
2923,1b6e1_00023,71,0.7318548387096775,random,4,93.80599179545332
2924,1b6e1_00023,72,0.6944444444444444,random,4,93.80599179545332
2925,1b6e1_00023,73,0.7318548387096775,random,4,93.80599179545332
2926,1b6e1_00023,74,0.7790178571428572,random,4,93.80599179545332
2927,1b6e1_00023,75,0.7424242424242424,random,4,93.80599179545332
2928,1b6e1_00023,76,0.8409090909090909,random,4,93.80599179545332
2929,1b6e1_00023,77,0.6532258064516129,random,4,93.80599179545332
2930,1b6e1_00023,78,0.7310344827586206,random,4,93.80599179545332
2931,1b6e1_00023,79,0.8409090909090909,random,4,93.80599179545332
2932,1b6e1_00023,80,0.7424242424242424,random,4,93.80599179545332
2933,1b6e1_00023,81,0.7666666666666666,random,4,93.80599179545332
2934,1b6e1_00023,82,0.7790178571428572,random,4,93.80599179545332
2935,1b6e1_00023,83,0.7318548387096775,random,4,93.80599179545332
2936,1b6e1_00023,84,0.7318548387096775,random,4,93.80599179545332
2937,1b6e1_00023,85,0.810483870967742,random,4,93.80599179545332
2938,1b6e1_00023,86,0.6759259259259259,random,4,93.80599179545332
2939,1b6e1_00023,87,0.7424242424242424,random,4,93.80599179545332
2940,1b6e1_00023,88,0.6532258064516129,random,4,93.80599179545332
2941,1b6e1_00023,89,0.6637931034482758,random,4,93.80599179545332
2942,1b6e1_00023,90,0.6919642857142857,random,4,93.80599179545332
2943,1b6e1_00023,91,0.6944444444444444,random,4,93.80599179545332
2944,1b6e1_00023,92,0.8409090909090909,random,4,93.80599179545332
2945,1b6e1_00023,93,0.6919642857142857,random,4,93.80599179545332
2946,1b6e1_00023,94,0.7790178571428572,random,4,93.80599179545332
2947,1b6e1_00023,95,0.7790178571428572,random,4,93.80599179545332
2948,1b6e1_00023,96,0.7424242424242424,random,4,93.80599179545332
2949,1b6e1_00023,97,0.7790178571428572,random,4,93.80599179545332
2950,1b6e1_00023,98,0.7318548387096775,random,4,93.80599179545332
2951,1b6e1_00023,99,0.6944444444444444,random,4,93.80599179545332
2952,1b6e1_00023,100,0.7666666666666666,random,4,93.80599179545332
2953,1b6e1_00023,101,0.6919642857142857,random,4,93.80599179545332
2954,1b6e1_00023,102,0.7790178571428572,random,4,93.80599179545332
2955,1b6e1_00023,103,0.6919642857142857,random,4,93.80599179545332
2956,1b6e1_00023,104,0.8409090909090909,random,4,93.80599179545332
2957,1b6e1_00023,105,0.810483870967742,random,4,93.80599179545332
2958,1b6e1_00023,106,0.8117647058823529,random,4,93.80599179545332
2959,1b6e1_00023,107,0.7790178571428572,random,4,93.80599179545332
2960,1b6e1_00023,108,0.7424242424242424,random,4,93.80599179545332
2961,1b6e1_00023,109,0.8117647058823529,random,4,93.80599179545332
2962,1b6e1_00023,110,0.8660714285714286,random,4,93.80599179545332
2963,1b6e1_00023,111,0.7790178571428572,random,4,93.80599179545332
2964,1b6e1_00023,112,0.7982758620689655,random,4,93.80599179545332
2965,1b6e1_00023,113,0.7790178571428572,random,4,93.80599179545332
2966,1b6e1_00023,114,0.8891129032258065,random,4,93.80599179545332
2967,1b6e1_00023,115,0.6532258064516129,random,4,93.80599179545332
2968,1b6e1_00023,116,0.810483870967742,random,4,93.80599179545332
2969,1b6e1_00023,117,0.8660714285714286,random,4,93.80599179545332
2970,1b6e1_00023,118,0.8388888888888889,random,4,93.80599179545332
2971,1b6e1_00023,119,0.810483870967742,random,4,93.80599179545332
2972,1b6e1_00023,120,0.7646103896103896,random,4,93.80599179545332
2973,1b6e1_00023,121,0.7318548387096775,random,4,93.80599179545332
2974,1b6e1_00023,122,0.8388888888888889,random,4,93.80599179545332
2975,1b6e1_00023,123,0.8891129032258065,random,4,93.80599179545332
2976,1b6e1_00024,0,0.6357142857142857,random,5,94.55156007119395
2977,1b6e1_00024,1,0.6439393939393939,random,5,94.55156007119395
2978,1b6e1_00024,2,0.6919642857142857,random,5,94.55156007119395
2979,1b6e1_00024,3,0.7692307692307693,random,5,94.55156007119395
2980,1b6e1_00024,4,0.6439393939393939,random,5,94.55156007119395
2981,1b6e1_00024,5,0.7646103896103896,random,5,94.55156007119395
2982,1b6e1_00024,6,0.7012987012987013,random,5,94.55156007119395
2983,1b6e1_00024,7,0.6759259259259259,random,5,94.55156007119395
2984,1b6e1_00024,8,0.7012987012987013,random,5,94.55156007119395
2985,1b6e1_00024,9,0.6759259259259259,random,5,94.55156007119395
2986,1b6e1_00024,10,0.69,random,5,94.55156007119395
2987,1b6e1_00024,11,0.6759259259259259,random,5,94.55156007119395
2988,1b6e1_00024,12,0.7115384615384615,random,5,94.55156007119395
2989,1b6e1_00024,13,0.7115384615384615,random,5,94.55156007119395
2990,1b6e1_00024,14,0.6759259259259259,random,5,94.55156007119395
2991,1b6e1_00024,15,0.7115384615384615,random,5,94.55156007119395
2992,1b6e1_00024,16,0.6759259259259259,random,5,94.55156007119395
2993,1b6e1_00024,17,0.6538461538461539,random,5,94.55156007119395
2994,1b6e1_00024,18,0.6759259259259259,random,5,94.55156007119395
2995,1b6e1_00024,19,0.6759259259259259,random,5,94.55156007119395
2996,1b6e1_00024,20,0.6538461538461539,random,5,94.55156007119395
2997,1b6e1_00024,21,0.7361111111111112,random,5,94.55156007119395
2998,1b6e1_00024,22,0.6538461538461539,random,5,94.55156007119395
2999,1b6e1_00024,23,0.7361111111111112,random,5,94.55156007119395
3000,1b6e1_00024,24,0.7115384615384615,random,5,94.55156007119395
3001,1b6e1_00024,25,0.7361111111111112,random,5,94.55156007119395
3002,1b6e1_00024,26,0.7361111111111112,random,5,94.55156007119395
3003,1b6e1_00024,27,0.7646103896103896,random,5,94.55156007119395
3004,1b6e1_00024,28,0.7361111111111112,random,5,94.55156007119395
3005,1b6e1_00024,29,0.6944444444444444,random,5,94.55156007119395
3006,1b6e1_00024,30,0.6759259259259259,random,5,94.55156007119395
3007,1b6e1_00024,31,0.7012987012987013,random,5,94.55156007119395
3008,1b6e1_00024,32,0.6538461538461539,random,5,94.55156007119395
3009,1b6e1_00024,33,0.596551724137931,random,5,94.55156007119395
3010,1b6e1_00024,34,0.5961538461538461,random,5,94.55156007119395
3011,1b6e1_00024,35,0.7310344827586206,random,5,94.55156007119395
3012,1b6e1_00024,36,0.7424242424242424,random,5,94.55156007119395
3013,1b6e1_00024,37,0.6944444444444444,random,5,94.55156007119395
3014,1b6e1_00024,38,0.6637931034482758,random,5,94.55156007119395
3015,1b6e1_00024,39,0.7424242424242424,random,5,94.55156007119395
3016,1b6e1_00024,40,0.7012987012987013,random,5,94.55156007119395
3017,1b6e1_00024,41,0.6759259259259259,random,5,94.55156007119395
3018,1b6e1_00024,42,0.7361111111111112,random,5,94.55156007119395
3019,1b6e1_00024,43,0.6919642857142857,random,5,94.55156007119395
3020,1b6e1_00024,44,0.8117647058823529,random,5,94.55156007119395
3021,1b6e1_00024,45,0.637987012987013,random,5,94.55156007119395
3022,1b6e1_00024,46,0.8117647058823529,random,5,94.55156007119395
3023,1b6e1_00024,47,0.6222222222222222,random,5,94.55156007119395
3024,1b6e1_00024,48,0.7790178571428572,random,5,94.55156007119395
3025,1b6e1_00024,49,0.9393939393939394,random,5,94.55156007119395
3026,1b6e1_00024,50,0.7666666666666666,random,5,94.55156007119395
3027,1b6e1_00024,51,0.6919642857142857,random,5,94.55156007119395
3028,1b6e1_00024,52,0.7790178571428572,random,5,94.55156007119395
3029,1b6e1_00024,53,0.7424242424242424,random,5,94.55156007119395
3030,1b6e1_00024,54,0.6919642857142857,random,5,94.55156007119395
3031,1b6e1_00024,55,0.8409090909090909,random,5,94.55156007119395
3032,1b6e1_00024,56,0.7424242424242424,random,5,94.55156007119395
3033,1b6e1_00024,57,0.8117647058823529,random,5,94.55156007119395
3034,1b6e1_00024,58,0.7646103896103896,random,5,94.55156007119395
3035,1b6e1_00024,59,0.9264705882352942,random,5,94.55156007119395
3036,1b6e1_00024,60,0.9142857142857144,random,5,94.55156007119395
3037,1b6e1_00024,61,0.7424242424242424,random,5,94.55156007119395
3038,1b6e1_00024,62,0.6439393939393939,random,5,94.55156007119395
3039,1b6e1_00024,63,0.8117647058823529,random,5,94.55156007119395
3040,1b6e1_00024,64,0.8117647058823529,random,5,94.55156007119395
3041,1b6e1_00024,65,0.9142857142857144,random,5,94.55156007119395
3042,1b6e1_00024,66,0.8409090909090909,random,5,94.55156007119395
3043,1b6e1_00024,67,0.6637931034482758,random,5,94.55156007119395
3044,1b6e1_00024,68,0.9264705882352942,random,5,94.55156007119395
3045,1b6e1_00024,69,0.7666666666666666,random,5,94.55156007119395
3046,1b6e1_00024,70,0.8409090909090909,random,5,94.55156007119395
3047,1b6e1_00024,71,0.7424242424242424,random,5,94.55156007119395
3048,1b6e1_00024,72,0.9142857142857144,random,5,94.55156007119395
3049,1b6e1_00024,73,0.7424242424242424,random,5,94.55156007119395
3050,1b6e1_00024,74,0.9264705882352942,random,5,94.55156007119395
3051,1b6e1_00024,75,0.7424242424242424,random,5,94.55156007119395
3052,1b6e1_00024,76,0.8388888888888889,random,5,94.55156007119395
3053,1b6e1_00024,77,0.8388888888888889,random,5,94.55156007119395
3054,1b6e1_00024,78,0.8117647058823529,random,5,94.55156007119395
3055,1b6e1_00024,79,0.8891129032258065,random,5,94.55156007119395
3056,1b6e1_00024,80,0.810483870967742,random,5,94.55156007119395
3057,1b6e1_00024,81,0.8660714285714286,random,5,94.55156007119395
3058,1b6e1_00024,82,0.810483870967742,random,5,94.55156007119395
3059,1b6e1_00024,83,0.8117647058823529,random,5,94.55156007119395
3060,1b6e1_00024,84,0.8409090909090909,random,5,94.55156007119395
3061,1b6e1_00024,85,0.8117647058823529,random,5,94.55156007119395
3062,1b6e1_00024,86,0.810483870967742,random,5,94.55156007119395
3063,1b6e1_00024,87,0.8117647058823529,random,5,94.55156007119395
3064,1b6e1_00024,88,0.7790178571428572,random,5,94.55156007119395
3065,1b6e1_00024,89,0.8660714285714286,random,5,94.55156007119395
3066,1b6e1_00024,90,0.7666666666666666,random,5,94.55156007119395
3067,1b6e1_00024,91,0.8660714285714286,random,5,94.55156007119395
3068,1b6e1_00024,92,0.7666666666666666,random,5,94.55156007119395
3069,1b6e1_00024,93,0.7790178571428572,random,5,94.55156007119395
3070,1b6e1_00024,94,0.7790178571428572,random,5,94.55156007119395
3071,1b6e1_00024,95,0.810483870967742,random,5,94.55156007119395
3072,1b6e1_00024,96,0.7790178571428572,random,5,94.55156007119395
3073,1b6e1_00024,97,0.810483870967742,random,5,94.55156007119395
3074,1b6e1_00024,98,0.9264705882352942,random,5,94.55156007119395
3075,1b6e1_00024,99,0.9393939393939394,random,5,94.55156007119395
3076,1b6e1_00024,100,0.7790178571428572,random,5,94.55156007119395
3077,1b6e1_00024,101,0.8117647058823529,random,5,94.55156007119395
3078,1b6e1_00024,102,0.8660714285714286,random,5,94.55156007119395
3079,1b6e1_00024,103,0.810483870967742,random,5,94.55156007119395
3080,1b6e1_00024,104,0.7790178571428572,random,5,94.55156007119395
3081,1b6e1_00024,105,0.8409090909090909,random,5,94.55156007119395
3082,1b6e1_00024,106,0.9264705882352942,random,5,94.55156007119395
3083,1b6e1_00024,107,0.8409090909090909,random,5,94.55156007119395
3084,1b6e1_00024,108,0.6944444444444444,random,5,94.55156007119395
3085,1b6e1_00024,109,0.8660714285714286,random,5,94.55156007119395
3086,1b6e1_00024,110,0.9264705882352942,random,5,94.55156007119395
3087,1b6e1_00024,111,0.8409090909090909,random,5,94.55156007119395
3088,1b6e1_00024,112,0.7790178571428572,random,5,94.55156007119395
3089,1b6e1_00024,113,0.8660714285714286,random,5,94.55156007119395
3090,1b6e1_00024,114,0.8409090909090909,random,5,94.55156007119395
3091,1b6e1_00024,115,0.8660714285714286,random,5,94.55156007119395
3092,1b6e1_00024,116,0.8409090909090909,random,5,94.55156007119395
3093,1b6e1_00024,117,0.7318548387096775,random,5,94.55156007119395
3094,1b6e1_00024,118,0.7982758620689655,random,5,94.55156007119395
3095,1b6e1_00024,119,0.8409090909090909,random,5,94.55156007119395
3096,1b6e1_00024,120,0.7310344827586206,random,5,94.55156007119395
3097,1b6e1_00024,121,0.7318548387096775,random,5,94.55156007119395
3098,1b6e1_00024,122,0.810483870967742,random,5,94.55156007119395
3099,1b6e1_00024,123,0.7982758620689655,random,5,94.55156007119395
