{"score": 270.27600047767015, "iteration_metrics": [0.9263565891472868, 0.9360830136030693, 0.9296875, 0.9330708661417323, 0.9263565891472868, 0.9254476584022039, 0.9135338345864661, 0.8854910714285714, 0.9218798151001542, 0.947919876733436, 0.9429947188567878, 0.9270642201834862, 0.9141437308868501, 0.8972491909385114, 0.9333122629582806, 0.9561199130164648, 0.9270642201834862, 0.9561199130164648, 0.932301153612629, 0.9248567983117275, 0.8993819716611395, 0.9270642201834862, 0.9298695246971109, 0.919474802671524, 0.9348998459167951, 0.924890350877193, 0.9218798151001542, 0.9420255183413078, 0.9121193849864335, 0.9176400119796346, 0.9348998459167951, 0.9248567983117275, 0.9381265664160401, 0.9248567983117275, 0.906648451730419, 0.906648451730419, 0.919474802671524, 0.9420255183413078, 0.947919876733436, 0.9270642201834862, 0.9248567983117275, 0.8938221007893139, 0.93743961352657, 0.9429947188567878, 0.9333122629582806, 0.9141437308868501, 0.910639880952381, 0.9270642201834862, 0.9248567983117275, 0.9088597842835131, 0.9513627819548872, 0.9333122629582806, 0.9248567983117275, 0.9298695246971109, 0.9399847094801224, 0.9689792663476874, 0.906648451730419, 0.9451275045537341, 0.932301153612629, 0.9152898550724637, 0.910639880952381, 0.9733723135271808, 0.9279338601112086, 0.9092166569598137, 0.9088597842835131, 0.8679366438356164, 0.9503316249623153, 0.910639880952381, 0.9658256880733944, 0.9121193849864335, 0.9298695246971109, 0.9483630952380953, 0.9429469901168015, 0.8980654761904762, 0.9279338601112086, 0.9555023923444976, 0.9152898550724637, 0.9270642201834862, 0.9429469901168015, 0.8613258877434136, 0.9357886904761905, 0.9215200931857892, 0.9345395704619006, 0.9270642201834862, 0.9420255183413078, 0.9733723135271808, 0.9092166569598137, 0.9302935010482181, 0.9645989974937343, 0.947919876733436, 0.9288461538461539, 0.9248567983117275, 0.9561199130164648, 0.9600189633375474, 0.9375942116370214, 0.9270642201834862, 0.9645989974937343, 0.9733723135271808, 0.9348998459167951, 0.9561965811965811, 0.9381265664160401, 0.9248567983117275, 0.947919876733436, 0.9561199130164648, 0.9218798151001542, 0.9348998459167951, 0.9176400119796346, 0.9429469901168015, 0.9429947188567878, 0.9692451071761417, 0.9561199130164648, 0.9609399075500771, 0.9646537842190016, 0.9238325281803543, 0.8938221007893139, 0.919474802671524, 0.9270642201834862, 0.947919876733436, 0.9141437308868501, 0.9092166569598137, 0.919474802671524, 0.932301153612629, 0.9561199130164648, 0.9357886904761905, 0.8923330338424678, 0.9121193849864335, 0.9483630952380953, 0.9270642201834862, 0.9375942116370214, 0.9381265664160401, 0.9302935010482181, 0.9270642201834862, 0.9218798151001542, 0.9733723135271808, 0.9381265664160401, 0.9348998459167951, 0.9163461538461539, 0.9302935010482181, 0.9689792663476874, 0.9579538554948391, 0.9451275045537341, 0.9088597842835131, 0.9399847094801224, 0.9302935010482181, 0.9381265664160401, 0.9399847094801224, 0.9429469901168015, 0.9038461538461539, 0.9483630952380953, 0.9049865229110512, 0.9176400119796346, 0.9429469901168015, 0.9451275045537341, 0.9163461538461539, 0.9248567983117275, 0.9646537842190016, 0.9092166569598137, 0.9092166569598137, 0.9357886904761905, 0.9733723135271808, 0.932301153612629, 0.9513627819548872, 0.9375942116370214, 0.8969132207338381, 0.9298695246971109, 0.9302935010482181, 0.9248567983117275, 0.9357886904761905, 0.9121193849864335, 0.9279338601112086, 0.9513627819548872, 0.910639880952381, 0.9221094439541042, 0.9375942116370214, 0.9413461538461538, 0.9451275045537341, 0.9152898550724637, 0.9288461538461539, 0.947919876733436, 0.9345395704619006, 0.9215200931857892, 0.9248567983117275, 0.9176400119796346, 0.9176400119796346, 0.932301153612629, 0.9163461538461539, 0.910639880952381, 0.9357886904761905, 0.8846097845078625, 0.9579538554948391, 0.9302935010482181, 0.9429469901168015, 0.9279338601112086, 0.9232142857142858, 0.9155692127597308, 0.9248567983117275, 0.9375942116370214, 0.9218798151001542, 0.9429947188567878, 0.9163461538461539, 0.9155692127597308, 0.9375942116370214, 0.9038461538461539, 0.9279338601112086, 0.9357886904761905, 0.9451275045537341, 0.9348998459167951, 0.9279338601112086, 0.9248567983117275, 0.9556004791853848, 0.9279338601112086, 0.9092352092352093, 0.9345395704619006, 0.9176400119796346, 0.9030434782608696, 0.9429469901168015, 0.9529051987767585, 0.9155692127597308, 0.9399847094801224, 0.9288461538461539, 0.8913461538461538, 0.9345395704619006, 0.9221094439541042, 0.9218798151001542, 0.9630690382876093, 0.9483630952380953, 0.947919876733436, 0.9152898550724637, 0.9579538554948391, 0.8969132207338381, 0.9429469901168015, 0.9556004791853848, 0.9348998459167951, 0.9092166569598137, 0.9092352092352093, 0.9215200931857892, 0.9152898550724637, 0.9345395704619006, 0.9357886904761905, 0.9579538554948391, 0.919474802671524, 0.9221094439541042, 0.9429469901168015, 0.9413461538461538, 0.9429469901168015, 0.9503316249623153, 0.9451275045537341, 0.9357886904761905, 0.9413461538461538, 0.9152898550724637, 0.9288461538461539, 0.9279338601112086, 0.9375942116370214, 0.9429469901168015, 0.9556004791853848, 0.9375942116370214, 0.9345395704619006, 0.9429469901168015, 0.9288461538461539, 0.9279338601112086, 0.9483630952380953, 0.9579538554948391, 0.9658256880733944, 0.9279338601112086, 0.9483630952380953, 0.9503316249623153, 0.9483630952380953, 0.9429469901168015, 0.9483630952380953, 0.9413461538461538, 0.9413461538461538, 0.9413461538461538, 0.9413461538461538, 0.9451275045537341, 0.9345395704619006, 0.9279338601112086, 0.9279338601112086, 0.9357886904761905, 0.9556004791853848, 0.9345395704619006, 0.9413461538461538, 0.9215200931857892, 0.9357886904761905, 0.9483630952380953, 0.9092166569598137, 0.9215200931857892, 0.9345395704619006, 0.9413461538461538, 0.9429469901168015, 0.9556004791853848, 0.9413461538461538], "timestamp": 1725215470, "checkpoint_dir_name": null, "done": false, "training_iteration": 1, "trial_id": "43393_00008", "date": "2024-09-01_19-31-10", "time_this_iter_s": 25.54672622680664, "time_total_s": 25.54672622680664, "pid": 19918, "hostname": "nemo.cl.cam.ac.uk", "node_ip": "128.232.64.154", "config": {"seed": 4, "strategy": "entropy"}, "time_since_restore": 25.54672622680664, "iterations_since_restore": 1}
