{"score": 262.81750590186994, "iteration_metrics": [0.8972491909385114, 0.9032045654082528, 0.8980654761904762, 0.8476994758299359, 0.8958397534668721, 0.8970418470418471, 0.9092166569598137, 0.8932522123893805, 0.7719949565704679, 0.864247311827957, 0.8972491909385114, 0.8611697316852578, 0.8970418470418471, 0.9096793174463078, 0.8726551226551227, 0.8855240549828178, 0.890839918056775, 0.890839918056775, 0.9096793174463078, 0.8599588114151221, 0.9163461538461539, 0.9030434782608696, 0.9176400119796346, 0.8976231386025201, 0.9141437308868501, 0.890839918056775, 0.932301153612629, 0.8912043690715723, 0.9375942116370214, 0.8913461538461538, 0.9038461538461539, 0.8526881720430108, 0.8679366438356164, 0.8972491909385114, 0.9030434782608696, 0.9375942116370214, 0.9038461538461539, 0.9038461538461539, 0.8855240549828178, 0.8785507246376811, 0.8972491909385114, 0.8855240549828178, 0.8734249713631157, 0.9092166569598137, 0.8669157803966656, 0.8972491909385114, 0.8980654761904762, 0.8913461538461538, 0.932301153612629, 0.9163461538461539, 0.8779277813923227, 0.9288461538461539, 0.932301153612629, 0.9288461538461539, 0.9032045654082528, 0.9152898550724637, 0.9038461538461539, 0.8980654761904762, 0.9176400119796346, 0.9032045654082528, 0.9658256880733944, 0.8913461538461538, 0.9429469901168015, 0.9092166569598137, 0.8511183597390494, 0.8746411483253589, 0.9270642201834862, 0.9513627819548872, 0.9232142857142858, 0.8729166666666667, 0.8984179197994987, 0.8938221007893139, 0.9088597842835131, 0.9399847094801224, 0.9555023923444976, 0.9466493168510084, 0.916744330537434, 0.9121193849864335, 0.8938221007893139, 0.9049865229110512, 0.8939090909090909, 0.9288461538461539, 0.8972491909385114, 0.8923330338424678, 0.8719454887218046, 0.8913461538461538, 0.8753822629969419, 0.9053781512605042, 0.9116541353383458, 0.9141437308868501, 0.8724814422057263, 0.8769747899159663, 0.8874160480735243, 0.8798988621997471, 0.906648451730419, 0.9239780658025922, 0.8866445583358457, 0.8771363794907568, 0.8627731092436974, 0.9088597842835131, 0.8818544366899301, 0.9116541353383458, 0.9015948963317384, 0.9270642201834862, 0.9116541353383458, 0.8913461538461538, 0.906648451730419, 0.9141437308868501, 0.8923330338424678, 0.9176400119796346, 0.8972491909385114, 0.8798988621997471, 0.8913461538461538, 0.9049865229110512, 0.8641834743005856, 0.8854910714285714, 0.9038461538461539, 0.8729166666666667, 0.932301153612629, 0.8972491909385114, 0.903619136377757, 0.9279338601112086, 0.9375942116370214, 0.9121193849864335, 0.9096793174463078, 0.9096793174463078, 0.9038461538461539, 0.9221094439541042, 0.8913461538461538, 0.9030434782608696, 0.932301153612629, 0.8923330338424678, 0.8938221007893139, 0.8913461538461538, 0.8980654761904762, 0.8846097845078625, 0.9288461538461539, 0.906648451730419, 0.8923330338424678, 0.9163461538461539, 0.9049865229110512, 0.8972491909385114, 0.890839918056775, 0.878475270705297, 0.9248567983117275, 0.884819064430715, 0.890839918056775, 0.8846097845078625, 0.8980654761904762, 0.906648451730419, 0.8993819716611395, 0.8972491909385114, 0.9270642201834862, 0.910639880952381, 0.8958397534668721, 0.8980654761904762, 0.9049865229110512, 0.8785507246376811, 0.9298695246971109, 0.8904939422180802, 0.924890350877193, 0.9030434782608696, 0.8788461538461538, 0.910639880952381, 0.8788461538461538, 0.9049865229110512, 0.9049865229110512, 0.9399847094801224, 0.910639880952381, 0.884819064430715, 0.924890350877193, 0.8980654761904762, 0.9141437308868501, 0.9116541353383458, 0.8958397534668721, 0.903619136377757, 0.8854910714285714, 0.8923330338424678, 0.9141437308868501, 0.8913461538461538, 0.8828197226502311, 0.906648451730419, 0.8866445583358457, 0.9270642201834862, 0.8729166666666667, 0.8984179197994987, 0.8980654761904762, 0.9218798151001542, 0.8739071450105518, 0.9218798151001542, 0.9038461538461539, 0.9218798151001542, 0.906648451730419, 0.8913461538461538, 0.906648451730419, 0.924890350877193, 0.9049865229110512, 0.9141437308868501, 0.9218798151001542, 0.8923330338424678, 0.9121193849864335, 0.9357886904761905, 0.906648451730419, 0.906648451730419, 0.9176400119796346, 0.9121193849864335, 0.884819064430715, 0.884819064430715, 0.888302752293578, 0.9176400119796346, 0.8980654761904762, 0.9232142857142858, 0.9429469901168015, 0.9012232415902142, 0.9529051987767585, 0.9199589127686473, 0.916744330537434, 0.906648451730419, 0.906648451730419, 0.8913461538461538, 0.9302935010482181, 0.8980654761904762, 0.8913461538461538, 0.919474802671524, 0.9176400119796346, 0.9121193849864335, 0.910639880952381, 0.8980654761904762, 0.924890350877193, 0.9116541353383458, 0.924890350877193, 0.9038461538461539, 0.9096793174463078, 0.9155692127597308, 0.8969132207338381, 0.9221094439541042, 0.8855240549828178, 0.9302935010482181, 0.9096793174463078, 0.9092166569598137, 0.8972491909385114, 0.8848484848484849, 0.9176400119796346, 0.8972491909385114, 0.9096793174463078, 0.9032045654082528, 0.9092166569598137, 0.9030434782608696, 0.9032045654082528, 0.9096793174463078, 0.9038461538461539, 0.910639880952381, 0.9096793174463078, 0.9155692127597308, 0.9302935010482181, 0.9232142857142858, 0.9503316249623153, 0.9215200931857892, 0.9176400119796346, 0.9232142857142858, 0.9096793174463078, 0.9163461538461539, 0.9176400119796346, 0.9049865229110512, 0.890839918056775, 0.9221094439541042, 0.9232142857142858, 0.9345395704619006, 0.9483630952380953, 0.9155692127597308, 0.9232142857142858, 0.9429469901168015, 0.8972491909385114, 0.9357886904761905, 0.9429469901168015, 0.9232142857142858, 0.9302935010482181, 0.9483630952380953, 0.9429469901168015, 0.9483630952380953, 0.9288461538461539, 0.9429947188567878, 0.932301153612629, 0.9345395704619006, 0.9375942116370214, 0.9399847094801224, 0.9451275045537341, 0.9288461538461539, 0.9645989974937343, 0.9451275045537341, 0.9375942116370214], "timestamp": 1725215467, "checkpoint_dir_name": null, "done": false, "training_iteration": 1, "trial_id": "43393_00009", "date": "2024-09-01_19-31-07", "time_this_iter_s": 22.33476972579956, "time_total_s": 22.33476972579956, "pid": 19944, "hostname": "nemo.cl.cam.ac.uk", "node_ip": "128.232.64.154", "config": {"seed": 5, "strategy": "entropy"}, "time_since_restore": 22.33476972579956, "iterations_since_restore": 1}
