{"score": 267.61294194457435, "iteration_metrics": [0.8737520128824476, 0.8526499708794408, 0.8613251155624038, 0.8873651771956856, 0.9001329345297442, 0.9161184210526316, 0.9187308868501529, 0.914573268921095, 0.8949984467225847, 0.9059808612440191, 0.8925039872408294, 0.9058103975535168, 0.9161184210526316, 0.9293546365914787, 0.9212488350419386, 0.9243836915297092, 0.9293546365914787, 0.9445718654434251, 0.9553945249597423, 0.9647039687703318, 0.9212488350419386, 0.9606244175209693, 0.9510903919089759, 0.9212488350419386, 0.9097035040431267, 0.8984517304189434, 0.9264252696456087, 0.9425908521303259, 0.9377370417193427, 0.9161184210526316, 0.9425908521303259, 0.9598883572567782, 0.9212488350419386, 0.9081236408822615, 0.9058103975535168, 0.9509596616785947, 0.9379831932773108, 0.9474992233612923, 0.9295296955079891, 0.9316513761467891, 0.9134052388289676, 0.9212488350419386, 0.8902529761904762, 0.9445718654434251, 0.9293546365914787, 0.8970500149745433, 0.8836538461538461, 0.9425908521303259, 0.9497571341833637, 0.9316513761467891, 0.9212488350419386, 0.8961538461538462, 0.9097035040431267, 0.9316513761467891, 0.9241044323011536, 0.9394453004622496, 0.9474992233612923, 0.9097035040431267, 0.9212488350419386, 0.9187308868501529, 0.9264252696456087, 0.9212488350419386, 0.9167922821826953, 0.9097035040431267, 0.9241044323011536, 0.9134052388289676, 0.9040548688574013, 0.9445718654434251, 0.9295296955079891, 0.9295296955079891, 0.8961538461538462, 0.8896734333627538, 0.9167922821826953, 0.9167922821826953, 0.8970500149745433, 0.9474992233612923, 0.9003852080123267, 0.9058103975535168, 0.9167922821826953, 0.9264252696456087, 0.9264252696456087, 0.8970500149745433, 0.9097035040431267, 0.902827380952381, 0.9040548688574013, 0.9316513761467891, 0.9295296955079891, 0.9445718654434251, 0.9445718654434251, 0.9654853620955316, 0.9350104821802935, 0.9241044323011536, 0.9223569931117102, 0.9510903919089759, 0.9167922821826953, 0.9350104821802935, 0.9293546365914787, 0.8970500149745433, 0.9040548688574013, 0.9445718654434251, 0.9394453004622496, 0.9316513761467891, 0.9145336863783466, 0.9097035040431267, 0.9040548688574013, 0.9264252696456087, 0.9316513761467891, 0.9167922821826953, 0.9264252696456087, 0.9264252696456087, 0.9316513761467891, 0.9316513761467891, 0.902827380952381, 0.9606244175209693, 0.9295296955079891, 0.9394453004622496, 0.9464114832535885, 0.902827380952381, 0.9134052388289676, 0.9167922821826953, 0.9112780813600485, 0.9241044323011536, 0.9058103975535168, 0.9187308868501529, 0.9187308868501529, 0.9394453004622496, 0.9167922821826953, 0.9187308868501529, 0.9134052388289676, 0.9040548688574013, 0.9187308868501529, 0.8902529761904762, 0.9212488350419386, 0.9112780813600485, 0.9316513761467891, 0.9316513761467891, 0.9369307832422586, 0.9295296955079891, 0.9167922821826953, 0.9040548688574013, 0.9343740292016154, 0.9187308868501529, 0.9343740292016154, 0.9241044323011536, 0.9350104821802935, 0.9040548688574013, 0.9212488350419386, 0.9350104821802935, 0.9464114832535885, 0.9167922821826953, 0.9112780813600485, 0.9445718654434251, 0.9040548688574013, 0.9134052388289676, 0.9241044323011536, 0.9058103975535168, 0.9394453004622496, 0.9264252696456087, 0.9097035040431267, 0.9316513761467891, 0.9316513761467891, 0.8984517304189434, 0.9369307832422586, 0.9316513761467891, 0.9112780813600485, 0.9040548688574013, 0.9167922821826953, 0.9316513761467891, 0.9167922821826953, 0.9264252696456087, 0.9058103975535168, 0.9154017857142858, 0.9241044323011536, 0.9161184210526316, 0.9241044323011536, 0.9241044323011536, 0.9134052388289676, 0.9293546365914787, 0.9510903919089759, 0.9167922821826953, 0.9295296955079891, 0.9187308868501529, 0.9316513761467891, 0.9369307832422586, 0.9167922821826953, 0.9264252696456087, 0.9394453004622496, 0.9241044323011536, 0.9167922821826953, 0.9241044323011536, 0.9343740292016154, 0.8970500149745433, 0.9241044323011536, 0.8984517304189434, 0.9134052388289676, 0.9377370417193427, 0.9316513761467891, 0.9058103975535168, 0.9558270676691729, 0.9316513761467891, 0.9316513761467891, 0.9316513761467891, 0.9445718654434251, 0.9369307832422586, 0.9086538461538461, 0.9343740292016154, 0.9279761904761905, 0.9394453004622496, 0.9187308868501529, 0.8913174555321073, 0.9187308868501529, 0.9167922821826953, 0.9097035040431267, 0.9343740292016154, 0.9040548688574013, 0.9241044323011536, 0.8970500149745433, 0.9445718654434251, 0.9187308868501529, 0.9316513761467891, 0.9097035040431267, 0.9264252696456087, 0.9187308868501529, 0.9654853620955316, 0.9212488350419386, 0.9497571341833637, 0.902827380952381, 0.9241044323011536, 0.9040548688574013, 0.9167922821826953, 0.9316513761467891, 0.9241044323011536, 0.9241044323011536, 0.9369307832422586, 0.9154017857142858, 0.9167922821826953, 0.9316513761467891, 0.9167922821826953, 0.9058103975535168, 0.942267108833283, 0.9316513761467891, 0.8913174555321073, 0.9350104821802935, 0.9241044323011536, 0.9241044323011536, 0.9187308868501529, 0.9167922821826953, 0.9295296955079891, 0.9223569931117102, 0.9295296955079891, 0.9425908521303259, 0.9474992233612923, 0.9241044323011536, 0.9167922821826953, 0.9187308868501529, 0.9445718654434251, 0.9316513761467891, 0.9187308868501529, 0.8984517304189434, 0.9295296955079891, 0.9223569931117102, 0.9445718654434251, 0.9316513761467891, 0.9223569931117102, 0.9394453004622496, 0.9112780813600485, 0.9241044323011536, 0.9212488350419386, 0.9394453004622496, 0.9040548688574013, 0.9264252696456087, 0.9445718654434251, 0.9394453004622496, 0.9241044323011536, 0.9040548688574013, 0.9187308868501529, 0.9040548688574013, 0.9241044323011536, 0.9223569931117102, 0.9474992233612923, 0.9167922821826953, 0.9316513761467891, 0.9187308868501529, 0.9264252696456087, 0.9295296955079891, 0.9316513761467891, 0.9040548688574013, 0.9343740292016154, 0.9343740292016154, 0.942267108833283, 0.902827380952381], "timestamp": 1725204410, "checkpoint_dir_name": null, "done": false, "training_iteration": 1, "trial_id": "805f1_00018", "date": "2024-09-01_16-26-50", "time_this_iter_s": 13.584968328475952, "time_total_s": 13.584968328475952, "pid": 32397, "hostname": "nemo.cl.cam.ac.uk", "node_ip": "128.232.64.154", "config": {"seed": 4, "strategy": "ratio_confidence"}, "time_since_restore": 13.584968328475952, "iterations_since_restore": 1}
