{"score": 264.6236941331774, "iteration_metrics": [0.9121665582303188, 0.9041209704220672, 0.9081196581196581, 0.9026570048309179, 0.925910865322056, 0.9365217391304348, 0.9143697478991597, 0.9106292517006802, 0.8900797607178464, 0.8984222511385817, 0.9069377990430623, 0.9047823596792669, 0.8846779440468445, 0.9143697478991597, 0.9081196581196581, 0.9354166666666667, 0.9081196581196581, 0.920916818457802, 0.8962585034013606, 0.9065230052417006, 0.9143697478991597, 0.9181621801262878, 0.9081196581196581, 0.8887181738366988, 0.9220085470085471, 0.9026570048309179, 0.9143697478991597, 0.8900797607178464, 0.9081196581196581, 0.8859663865546219, 0.9026570048309179, 0.8984222511385817, 0.9081196581196581, 0.9028846153846154, 0.9278846153846154, 0.8818877551020408, 0.8942307692307692, 0.9081196581196581, 0.9181621801262878, 0.8900797607178464, 0.9069377990430623, 0.925910865322056, 0.9081196581196581, 0.8818877551020408, 0.9143697478991597, 0.8799840510366825, 0.8984222511385817, 0.9181621801262878, 0.9121665582303188, 0.9181621801262878, 0.9081196581196581, 0.9181621801262878, 0.9026570048309179, 0.8942307692307692, 0.8900797607178464, 0.9041209704220672, 0.9143697478991597, 0.9041209704220672, 0.9081196581196581, 0.9143697478991597, 0.8962585034013606, 0.9220085470085471, 0.8900797607178464, 0.9121665582303188, 0.9220085470085471, 0.9156484962406015, 0.9081196581196581, 0.9081196581196581, 0.9298711755233495, 0.9162640901771336, 0.8900797607178464, 0.9041209704220672, 0.9162079510703365, 0.920916818457802, 0.9081347455133864, 0.9403846153846154, 0.9102678571428571, 0.9256858607175158, 0.8903669724770642, 0.9134474685396547, 0.9329949985289792, 0.9002110340669279, 0.9081347455133864, 0.9178646301287811, 0.9032874617737003, 0.9002110340669279, 0.9278846153846154, 0.9129484473922218, 0.9052111410601977, 0.8903669724770642, 0.9028846153846154, 0.89570461900559, 0.9028846153846154, 0.9153846153846155, 0.9162079510703365, 0.9052111410601977, 0.9278846153846154, 0.9129484473922218, 0.9134474685396547, 0.9153846153846155, 0.8887181738366988, 0.9052111410601977, 0.9069586828207518, 0.9178646301287811, 0.9256858607175158, 0.908090467516697, 0.887473620741634, 0.908090467516697, 0.8976934523809523, 0.9403846153846154, 0.9178646301287811, 0.908090467516697, 0.9153846153846155, 0.9153846153846155, 0.9153846153846155, 0.9102678571428571, 0.9178646301287811, 0.9256858607175158, 0.9153846153846155, 0.9178646301287811, 0.9010828211881767, 0.9052111410601977, 0.9278846153846154, 0.9305181191973645, 0.9052111410601977, 0.89570461900559, 0.8819161327897496, 0.9081347455133864, 0.8989652198907732, 0.9228422619047619, 0.9188264414676761, 0.9102678571428571, 0.9176046176046175, 0.9081347455133864, 0.9134474685396547, 0.9188264414676761, 0.9111095142282265, 0.9111095142282265, 0.9120289855072463, 0.9297979797979798, 0.9297979797979798, 0.9081347455133864, 0.9106735159817352, 0.9188264414676761, 0.9081347455133864, 0.9065230052417006, 0.9205648720211828, 0.9120289855072463, 0.9028846153846154, 0.9168814432989691, 0.9176046176046175, 0.9168814432989691, 0.9111095142282265, 0.9297979797979798, 0.9134474685396547, 0.9111095142282265, 0.9258121158911325, 0.9081347455133864, 0.9081347455133864, 0.9107092198581561, 0.8925576519916143, 0.9329949985289792, 0.9297979797979798, 0.9227311643835616, 0.9134474685396547, 0.9168814432989691, 0.9106735159817352, 0.9111095142282265, 0.9134474685396547, 0.9111095142282265, 0.8986158675799086, 0.9188264414676761, 0.9081347455133864, 0.9242753623188406, 0.9242753623188406, 0.9188264414676761, 0.9120289855072463, 0.9178646301287811, 0.9168814432989691, 0.9120289855072463, 0.9120289855072463, 0.9047823596792669, 0.9176046176046175, 0.9242753623188406, 0.9120289855072463, 0.9176046176046175, 0.9046230440967282, 0.9120289855072463, 0.9120289855072463, 0.9311298776936516, 0.9134474685396547, 0.9054112554112554, 0.9205648720211828, 0.9120289855072463, 0.9188264414676761, 0.9065230052417006, 0.9258121158911325, 0.9106735159817352, 0.9153846153846155, 0.9120289855072463, 0.9010828211881767, 0.9232538085656798, 0.9111095142282265, 0.9176046176046175, 0.9120289855072463, 0.9081347455133864, 0.8997826086956522, 0.9120289855072463, 0.9176046176046175, 0.9054112554112554, 0.9054112554112554, 0.9102678571428571, 0.9227311643835616, 0.8868209255533199, 0.9242753623188406, 0.8926031294452347, 0.9176046176046175, 0.9227311643835616, 0.9065230052417006, 0.8929683078664403, 0.9297979797979798, 0.9166429587482219, 0.9166429587482219, 0.9176046176046175, 0.9232538085656798, 0.9046230440967282, 0.9111095142282265, 0.9046230440967282, 0.9106735159817352, 0.9297979797979798, 0.8976934523809523, 0.9168814432989691, 0.9176046176046175, 0.9120289855072463, 0.9054112554112554, 0.9102678571428571, 0.9176046176046175, 0.9289805269186713, 0.9106735159817352, 0.9120289855072463, 0.9289805269186713, 0.9052111410601977, 0.9111095142282265, 0.9168814432989691, 0.89570461900559, 0.9178646301287811, 0.9081347455133864, 0.9054112554112554, 0.9102678571428571, 0.9289805269186713, 0.9065230052417006, 0.9153846153846155, 0.9102678571428571, 0.9278846153846154, 0.8903846153846153, 0.9311298776936516, 0.9028846153846154, 0.9028846153846154, 0.908090467516697, 0.8976934523809523, 0.9278846153846154, 0.9256858607175158, 0.8875362318840581, 0.9205648720211828, 0.9176046176046175, 0.9242753623188406, 0.9153846153846155, 0.9242753623188406, 0.9227311643835616, 0.9242753623188406, 0.9289805269186713, 0.9168814432989691, 0.9028846153846154, 0.9228422619047619, 0.9102678571428571, 0.9311298776936516, 0.9242753623188406, 0.9065230052417006, 0.9176046176046175, 0.9242753623188406, 0.9188264414676761, 0.9258121158911325, 0.9365217391304348, 0.9381767632426105, 0.9365217391304348, 0.9505414105940884, 0.9434333139196273, 0.9176046176046175, 0.9188264414676761, 0.9434333139196273, 0.9365217391304348], "timestamp": 1725215470, "checkpoint_dir_name": null, "done": false, "training_iteration": 1, "trial_id": "43393_00005", "date": "2024-09-01_19-31-10", "time_this_iter_s": 25.748746871948242, "time_total_s": 25.748746871948242, "pid": 19898, "hostname": "nemo.cl.cam.ac.uk", "node_ip": "128.232.64.154", "config": {"seed": 1, "strategy": "entropy"}, "time_since_restore": 25.748746871948242, "iterations_since_restore": 1}
