,trial_id,iteration,test_metric,strategy,seed,score
0,af4ec_00000,0,0.5852242498403916,least_confidence,1,150.99734487459463
1,af4ec_00000,1,0.5850282059630927,least_confidence,1,150.99734487459463
2,af4ec_00000,2,0.5245480488079173,least_confidence,1,150.99734487459463
3,af4ec_00000,3,0.5773900201179165,least_confidence,1,150.99734487459463
4,af4ec_00000,4,0.541697365751567,least_confidence,1,150.99734487459463
5,af4ec_00000,5,0.5673737690375162,least_confidence,1,150.99734487459463
6,af4ec_00000,6,0.5668891220826554,least_confidence,1,150.99734487459463
7,af4ec_00000,7,0.5770707361551013,least_confidence,1,150.99734487459463
8,af4ec_00000,8,0.5761662538037573,least_confidence,1,150.99734487459463
9,af4ec_00000,9,0.5856656419254231,least_confidence,1,150.99734487459463
10,af4ec_00000,10,0.5767695644149133,least_confidence,1,150.99734487459463
11,af4ec_00000,11,0.5853333333333333,least_confidence,1,150.99734487459463
12,af4ec_00000,12,0.5832433158180609,least_confidence,1,150.99734487459463
13,af4ec_00000,13,0.5832433158180609,least_confidence,1,150.99734487459463
14,af4ec_00000,14,0.5832433158180609,least_confidence,1,150.99734487459463
15,af4ec_00000,15,0.5832433158180609,least_confidence,1,150.99734487459463
16,af4ec_00000,16,0.5837094774383194,least_confidence,1,150.99734487459463
17,af4ec_00000,17,0.5664356311746924,least_confidence,1,150.99734487459463
18,af4ec_00000,18,0.5668080316238645,least_confidence,1,150.99734487459463
19,af4ec_00000,19,0.564989832942935,least_confidence,1,150.99734487459463
20,af4ec_00000,20,0.564989832942935,least_confidence,1,150.99734487459463
21,af4ec_00000,21,0.5659776319735504,least_confidence,1,150.99734487459463
22,af4ec_00000,22,0.5751694339802172,least_confidence,1,150.99734487459463
23,af4ec_00000,23,0.5718127090301003,least_confidence,1,150.99734487459463
24,af4ec_00000,24,0.5737100737100737,least_confidence,1,150.99734487459463
25,af4ec_00000,25,0.5711054398389844,least_confidence,1,150.99734487459463
26,af4ec_00000,26,0.5756596176972009,least_confidence,1,150.99734487459463
27,af4ec_00000,27,0.5746227264388021,least_confidence,1,150.99734487459463
28,af4ec_00000,28,0.5745150961869228,least_confidence,1,150.99734487459463
29,af4ec_00000,29,0.5764290977997684,least_confidence,1,150.99734487459463
30,af4ec_00000,30,0.5843413343413343,least_confidence,1,150.99734487459463
31,af4ec_00000,31,0.5799031476997578,least_confidence,1,150.99734487459463
32,af4ec_00000,32,0.5773092369477911,least_confidence,1,150.99734487459463
33,af4ec_00000,33,0.5774023862160251,least_confidence,1,150.99734487459463
34,af4ec_00000,34,0.5775757575757576,least_confidence,1,150.99734487459463
35,af4ec_00000,35,0.58476254180602,least_confidence,1,150.99734487459463
36,af4ec_00000,36,0.5801989258347017,least_confidence,1,150.99734487459463
37,af4ec_00000,37,0.5885987140608628,least_confidence,1,150.99734487459463
38,af4ec_00000,38,0.5818354711398804,least_confidence,1,150.99734487459463
39,af4ec_00000,39,0.5821220439121243,least_confidence,1,150.99734487459463
40,af4ec_00000,40,0.5799031476997578,least_confidence,1,150.99734487459463
41,af4ec_00000,41,0.5825911350455675,least_confidence,1,150.99734487459463
42,af4ec_00000,42,0.5831204767986378,least_confidence,1,150.99734487459463
43,af4ec_00000,43,0.5816448228174125,least_confidence,1,150.99734487459463
44,af4ec_00000,44,0.5867394608765985,least_confidence,1,150.99734487459463
45,af4ec_00000,45,0.5835852842809365,least_confidence,1,150.99734487459463
46,af4ec_00000,46,0.5894293137272228,least_confidence,1,150.99734487459463
47,af4ec_00000,47,0.5844818727601738,least_confidence,1,150.99734487459463
48,af4ec_00000,48,0.583777789284728,least_confidence,1,150.99734487459463
49,af4ec_00000,49,0.5867038367038367,least_confidence,1,150.99734487459463
50,af4ec_00000,50,0.5870238900465606,least_confidence,1,150.99734487459463
51,af4ec_00000,51,0.5851786718348108,least_confidence,1,150.99734487459463
52,af4ec_00000,52,0.5852437843073942,least_confidence,1,150.99734487459463
53,af4ec_00000,53,0.5851041820440736,least_confidence,1,150.99734487459463
54,af4ec_00000,54,0.5816626062915193,least_confidence,1,150.99734487459463
55,af4ec_00000,55,0.5864942960431896,least_confidence,1,150.99734487459463
56,af4ec_00000,56,0.5834044830706103,least_confidence,1,150.99734487459463
57,af4ec_00000,57,0.5835462830071995,least_confidence,1,150.99734487459463
58,af4ec_00000,58,0.5854618986802895,least_confidence,1,150.99734487459463
59,af4ec_00000,59,0.5876116672048218,least_confidence,1,150.99734487459463
60,af4ec_00000,60,0.5878442673911793,least_confidence,1,150.99734487459463
61,af4ec_00000,61,0.5911634915509633,least_confidence,1,150.99734487459463
62,af4ec_00000,62,0.5914288414288414,least_confidence,1,150.99734487459463
63,af4ec_00000,63,0.5884304871373837,least_confidence,1,150.99734487459463
64,af4ec_00000,64,0.5908977147196908,least_confidence,1,150.99734487459463
65,af4ec_00000,65,0.5893366076517907,least_confidence,1,150.99734487459463
66,af4ec_00000,66,0.5927412737283473,least_confidence,1,150.99734487459463
67,af4ec_00000,67,0.5914248761163632,least_confidence,1,150.99734487459463
68,af4ec_00000,68,0.5919582991242474,least_confidence,1,150.99734487459463
69,af4ec_00000,69,0.5951334339072986,least_confidence,1,150.99734487459463
70,af4ec_00000,70,0.5952147582875346,least_confidence,1,150.99734487459463
71,af4ec_00000,71,0.5947153158971048,least_confidence,1,150.99734487459463
72,af4ec_00000,72,0.589515800895158,least_confidence,1,150.99734487459463
73,af4ec_00000,73,0.5936568752660707,least_confidence,1,150.99734487459463
74,af4ec_00000,74,0.5932650343683894,least_confidence,1,150.99734487459463
75,af4ec_00000,75,0.5913498981429666,least_confidence,1,150.99734487459463
76,af4ec_00000,76,0.5948275862068966,least_confidence,1,150.99734487459463
77,af4ec_00000,77,0.5931438702336536,least_confidence,1,150.99734487459463
78,af4ec_00000,78,0.5910491127618088,least_confidence,1,150.99734487459463
79,af4ec_00000,79,0.591296219248537,least_confidence,1,150.99734487459463
80,af4ec_00000,80,0.5934012471458635,least_confidence,1,150.99734487459463
81,af4ec_00000,81,0.5947153158971048,least_confidence,1,150.99734487459463
82,af4ec_00000,82,0.5932650343683894,least_confidence,1,150.99734487459463
83,af4ec_00000,83,0.5921121077940038,least_confidence,1,150.99734487459463
84,af4ec_00000,84,0.594047910759501,least_confidence,1,150.99734487459463
85,af4ec_00000,85,0.5931438702336536,least_confidence,1,150.99734487459463
86,af4ec_00000,86,0.5935263526320669,least_confidence,1,150.99734487459463
87,af4ec_00000,87,0.595870371495026,least_confidence,1,150.99734487459463
88,af4ec_00000,88,0.5946983620635463,least_confidence,1,150.99734487459463
89,af4ec_00000,89,0.5926184123580913,least_confidence,1,150.99734487459463
90,af4ec_00000,90,0.5956142795665856,least_confidence,1,150.99734487459463
91,af4ec_00000,91,0.5939176532055611,least_confidence,1,150.99734487459463
92,af4ec_00000,92,0.5947153158971048,least_confidence,1,150.99734487459463
93,af4ec_00000,93,0.5939176532055611,least_confidence,1,150.99734487459463
94,af4ec_00000,94,0.592222426070595,least_confidence,1,150.99734487459463
95,af4ec_00000,95,0.5918469415434694,least_confidence,1,150.99734487459463
96,af4ec_00000,96,0.5937913437913438,least_confidence,1,150.99734487459463
97,af4ec_00000,97,0.594047910759501,least_confidence,1,150.99734487459463
98,af4ec_00000,98,0.5939176532055611,least_confidence,1,150.99734487459463
99,af4ec_00000,99,0.5875713311560133,least_confidence,1,150.99734487459463
100,af4ec_00000,100,0.5949567262254701,least_confidence,1,150.99734487459463
101,af4ec_00000,101,0.5961261440361286,least_confidence,1,150.99734487459463
102,af4ec_00000,102,0.5906443859246037,least_confidence,1,150.99734487459463
103,af4ec_00000,103,0.5936568752660707,least_confidence,1,150.99734487459463
104,af4ec_00000,104,0.5995520364982809,least_confidence,1,150.99734487459463
105,af4ec_00000,105,0.6006848494590519,least_confidence,1,150.99734487459463
106,af4ec_00000,106,0.5979061893143455,least_confidence,1,150.99734487459463
107,af4ec_00000,107,0.598957229543577,least_confidence,1,150.99734487459463
108,af4ec_00000,108,0.5960723736524448,least_confidence,1,150.99734487459463
109,af4ec_00000,109,0.5974005146600289,least_confidence,1,150.99734487459463
110,af4ec_00000,110,0.5951011025763968,least_confidence,1,150.99734487459463
111,af4ec_00000,111,0.5994259274771938,least_confidence,1,150.99734487459463
112,af4ec_00000,112,0.5994259274771938,least_confidence,1,150.99734487459463
113,af4ec_00000,113,0.5989241204458273,least_confidence,1,150.99734487459463
114,af4ec_00000,114,0.6166601915265688,least_confidence,1,150.99734487459463
115,af4ec_00000,115,0.6022120181906486,least_confidence,1,150.99734487459463
116,af4ec_00000,116,0.6006441585734819,least_confidence,1,150.99734487459463
117,af4ec_00000,117,0.6181763244477272,least_confidence,1,150.99734487459463
118,af4ec_00000,118,0.6130823782637679,least_confidence,1,150.99734487459463
119,af4ec_00000,119,0.6128105349388377,least_confidence,1,150.99734487459463
120,af4ec_00000,120,0.6120384666601884,least_confidence,1,150.99734487459463
121,af4ec_00000,121,0.6058241093047388,least_confidence,1,150.99734487459463
122,af4ec_00000,122,0.6075323119988169,least_confidence,1,150.99734487459463
123,af4ec_00000,123,0.6059620535211901,least_confidence,1,150.99734487459463
124,af4ec_00000,124,0.6122372894658918,least_confidence,1,150.99734487459463
125,af4ec_00000,125,0.6079150883838385,least_confidence,1,150.99734487459463
126,af4ec_00000,126,0.6101236201206327,least_confidence,1,150.99734487459463
127,af4ec_00000,127,0.6130576419710936,least_confidence,1,150.99734487459463
128,af4ec_00000,128,0.6102383531960996,least_confidence,1,150.99734487459463
129,af4ec_00000,129,0.6127839624623075,least_confidence,1,150.99734487459463
130,af4ec_00000,130,0.6106777302991155,least_confidence,1,150.99734487459463
131,af4ec_00000,131,0.6119301119301119,least_confidence,1,150.99734487459463
132,af4ec_00000,132,0.6097695646271981,least_confidence,1,150.99734487459463
133,af4ec_00000,133,0.6113775646149747,least_confidence,1,150.99734487459463
134,af4ec_00000,134,0.6124921103722306,least_confidence,1,150.99734487459463
135,af4ec_00000,135,0.6123738735646836,least_confidence,1,150.99734487459463
136,af4ec_00000,136,0.6134686043858785,least_confidence,1,150.99734487459463
137,af4ec_00000,137,0.6121318852990602,least_confidence,1,150.99734487459463
138,af4ec_00000,138,0.6140639961306409,least_confidence,1,150.99734487459463
139,af4ec_00000,139,0.6104005684341416,least_confidence,1,150.99734487459463
140,af4ec_00000,140,0.6113775646149747,least_confidence,1,150.99734487459463
141,af4ec_00000,141,0.6088678526545884,least_confidence,1,150.99734487459463
142,af4ec_00000,142,0.6097250973367799,least_confidence,1,150.99734487459463
143,af4ec_00000,143,0.613899289330348,least_confidence,1,150.99734487459463
144,af4ec_00000,144,0.610688127518422,least_confidence,1,150.99734487459463
145,af4ec_00000,145,0.6109821428571429,least_confidence,1,150.99734487459463
146,af4ec_00000,146,0.6066365227407482,least_confidence,1,150.99734487459463
147,af4ec_00000,147,0.6115156163585828,least_confidence,1,150.99734487459463
148,af4ec_00000,148,0.6126472094214029,least_confidence,1,150.99734487459463
149,af4ec_00000,149,0.610688127518422,least_confidence,1,150.99734487459463
150,af4ec_00000,150,0.6113775646149747,least_confidence,1,150.99734487459463
151,af4ec_00000,151,0.6088911088911089,least_confidence,1,150.99734487459463
152,af4ec_00000,152,0.6113775646149747,least_confidence,1,150.99734487459463
153,af4ec_00000,153,0.6063626317579055,least_confidence,1,150.99734487459463
154,af4ec_00000,154,0.6116676684699125,least_confidence,1,150.99734487459463
155,af4ec_00000,155,0.6108259075584479,least_confidence,1,150.99734487459463
156,af4ec_00000,156,0.6127839624623075,least_confidence,1,150.99734487459463
157,af4ec_00000,157,0.6097017362047671,least_confidence,1,150.99734487459463
158,af4ec_00000,158,0.6137629899142372,least_confidence,1,150.99734487459463
159,af4ec_00000,159,0.6110487275554164,least_confidence,1,150.99734487459463
160,af4ec_00000,160,0.6129464285714286,least_confidence,1,150.99734487459463
161,af4ec_00000,161,0.6177573114730351,least_confidence,1,150.99734487459463
162,af4ec_00000,162,0.6175150372564862,least_confidence,1,150.99734487459463
163,af4ec_00000,163,0.6180300210629232,least_confidence,1,150.99734487459463
164,af4ec_00000,164,0.6195039960818363,least_confidence,1,150.99734487459463
165,af4ec_00000,165,0.6185738955091008,least_confidence,1,150.99734487459463
166,af4ec_00000,166,0.618050833049983,least_confidence,1,150.99734487459463
167,af4ec_00000,167,0.6199537033318787,least_confidence,1,150.99734487459463
168,af4ec_00000,168,0.6171427654040864,least_confidence,1,150.99734487459463
169,af4ec_00000,169,0.6173660195695001,least_confidence,1,150.99734487459463
170,af4ec_00000,170,0.6140356492545807,least_confidence,1,150.99734487459463
171,af4ec_00000,171,0.622287173284956,least_confidence,1,150.99734487459463
172,af4ec_00000,172,0.6217876746506986,least_confidence,1,150.99734487459463
173,af4ec_00000,173,0.6195988055726073,least_confidence,1,150.99734487459463
174,af4ec_00000,174,0.624535476622591,least_confidence,1,150.99734487459463
175,af4ec_00000,175,0.6220113976287691,least_confidence,1,150.99734487459463
176,af4ec_00000,176,0.6213414018811919,least_confidence,1,150.99734487459463
177,af4ec_00000,177,0.6286674566851913,least_confidence,1,150.99734487459463
178,af4ec_00000,178,0.6293803944062055,least_confidence,1,150.99734487459463
179,af4ec_00000,179,0.626997111113412,least_confidence,1,150.99734487459463
180,af4ec_00000,180,0.6272869193689745,least_confidence,1,150.99734487459463
181,af4ec_00000,181,0.625426623361547,least_confidence,1,150.99734487459463
182,af4ec_00000,182,0.6201650906648293,least_confidence,1,150.99734487459463
183,af4ec_00000,183,0.6258542317325829,least_confidence,1,150.99734487459463
184,af4ec_00000,184,0.6263550057561914,least_confidence,1,150.99734487459463
185,af4ec_00000,185,0.6299593568009165,least_confidence,1,150.99734487459463
186,af4ec_00000,186,0.6286674566851913,least_confidence,1,150.99734487459463
187,af4ec_00000,187,0.6271463837099877,least_confidence,1,150.99734487459463
188,af4ec_00000,188,0.6274384530198484,least_confidence,1,150.99734487459463
189,af4ec_00000,189,0.6267091874826681,least_confidence,1,150.99734487459463
190,af4ec_00000,190,0.6270677777407534,least_confidence,1,150.99734487459463
191,af4ec_00000,191,0.6271463837099877,least_confidence,1,150.99734487459463
192,af4ec_00000,192,0.6233759284231255,least_confidence,1,150.99734487459463
193,af4ec_00000,193,0.6233917947553326,least_confidence,1,150.99734487459463
194,af4ec_00000,194,0.6263454480718668,least_confidence,1,150.99734487459463
195,af4ec_00000,195,0.6296039010569903,least_confidence,1,150.99734487459463
196,af4ec_00000,196,0.6234544702920064,least_confidence,1,150.99734487459463
197,af4ec_00000,197,0.6285214161200192,least_confidence,1,150.99734487459463
198,af4ec_00000,198,0.6260625657108798,least_confidence,1,150.99734487459463
199,af4ec_00000,199,0.6270380434782609,least_confidence,1,150.99734487459463
200,af4ec_00000,200,0.6287589011237311,least_confidence,1,150.99734487459463
201,af4ec_00000,201,0.6257111810736631,least_confidence,1,150.99734487459463
202,af4ec_00000,202,0.6259557320136353,least_confidence,1,150.99734487459463
203,af4ec_00000,203,0.6234930152452638,least_confidence,1,150.99734487459463
204,af4ec_00000,204,0.6265118453469336,least_confidence,1,150.99734487459463
205,af4ec_00000,205,0.6256596835898687,least_confidence,1,150.99734487459463
206,af4ec_00000,206,0.6253184533587332,least_confidence,1,150.99734487459463
207,af4ec_00000,207,0.6294969398417674,least_confidence,1,150.99734487459463
208,af4ec_00000,208,0.6264007278183441,least_confidence,1,150.99734487459463
209,af4ec_00000,209,0.6265946514737218,least_confidence,1,150.99734487459463
210,af4ec_00000,210,0.625765039558143,least_confidence,1,150.99734487459463
211,af4ec_00000,211,0.6261523697384048,least_confidence,1,150.99734487459463
212,af4ec_00000,212,0.6270380434782609,least_confidence,1,150.99734487459463
213,af4ec_00000,213,0.623837691042759,least_confidence,1,150.99734487459463
214,af4ec_00000,214,0.6241328952172326,least_confidence,1,150.99734487459463
215,af4ec_00000,215,0.6298403532608696,least_confidence,1,150.99734487459463
216,af4ec_00000,216,0.6269614546242266,least_confidence,1,150.99734487459463
217,af4ec_00000,217,0.6266980146290492,least_confidence,1,150.99734487459463
218,af4ec_00000,218,0.6262730655041527,least_confidence,1,150.99734487459463
219,af4ec_00000,219,0.6227965933848287,least_confidence,1,150.99734487459463
220,af4ec_00000,220,0.6201390814650483,least_confidence,1,150.99734487459463
221,af4ec_00000,221,0.6214731275374255,least_confidence,1,150.99734487459463
222,af4ec_00000,222,0.6164120638324135,least_confidence,1,150.99734487459463
223,af4ec_00000,223,0.6212251485033659,least_confidence,1,150.99734487459463
224,af4ec_00000,224,0.6230487904543969,least_confidence,1,150.99734487459463
225,af4ec_00000,225,0.622458095225106,least_confidence,1,150.99734487459463
226,af4ec_00000,226,0.6257706009087225,least_confidence,1,150.99734487459463
227,af4ec_00000,227,0.623308376032447,least_confidence,1,150.99734487459463
228,af4ec_00000,228,0.6216682473824454,least_confidence,1,150.99734487459463
229,af4ec_00000,229,0.6246273106738223,least_confidence,1,150.99734487459463
230,af4ec_00000,230,0.6213244586738562,least_confidence,1,150.99734487459463
231,af4ec_00000,231,0.6231016987897957,least_confidence,1,150.99734487459463
232,af4ec_00000,232,0.622900946027307,least_confidence,1,150.99734487459463
233,af4ec_00000,233,0.622900946027307,least_confidence,1,150.99734487459463
234,af4ec_00000,234,0.6216380915863278,least_confidence,1,150.99734487459463
235,af4ec_00000,235,0.6196963433424781,least_confidence,1,150.99734487459463
236,af4ec_00000,236,0.6186669235214795,least_confidence,1,150.99734487459463
237,af4ec_00000,237,0.6218691958920572,least_confidence,1,150.99734487459463
238,af4ec_00000,238,0.6221590909090908,least_confidence,1,150.99734487459463
239,af4ec_00000,239,0.6276770025049369,least_confidence,1,150.99734487459463
240,af4ec_00000,240,0.6229171272244943,least_confidence,1,150.99734487459463
241,af4ec_00000,241,0.6233016304347826,least_confidence,1,150.99734487459463
242,af4ec_00000,242,0.6225149385546244,least_confidence,1,150.99734487459463
243,af4ec_00000,243,0.6232486691548333,least_confidence,1,150.99734487459463
244,af4ec_00000,244,0.6160869576354326,least_confidence,1,150.99734487459463
245,af4ec_00000,245,0.6254671921623741,least_confidence,1,150.99734487459463
246,af4ec_00000,246,0.6225169976204604,least_confidence,1,150.99734487459463
247,af4ec_00000,247,0.6170261725030333,least_confidence,1,150.99734487459463
248,af4ec_00000,248,0.624384634779309,least_confidence,1,150.99734487459463
249,af4ec_00000,249,0.6251309628353751,least_confidence,1,150.99734487459463
250,af4ec_00000,250,0.6231525629035395,least_confidence,1,150.99734487459463
251,af4ec_00001,0,0.5074538089716755,least_confidence,2,209.00704857943302
252,af4ec_00001,1,0.5305062525211779,least_confidence,2,209.00704857943302
253,af4ec_00001,2,0.5305062525211779,least_confidence,2,209.00704857943302
254,af4ec_00001,3,0.5058570053968121,least_confidence,2,209.00704857943302
255,af4ec_00001,4,0.5288949491752943,least_confidence,2,209.00704857943302
256,af4ec_00001,5,0.5288949491752943,least_confidence,2,209.00704857943302
257,af4ec_00001,6,0.5316996154271462,least_confidence,2,209.00704857943302
258,af4ec_00001,7,0.5335684253356843,least_confidence,2,209.00704857943302
259,af4ec_00001,8,0.5141250517471366,least_confidence,2,209.00704857943302
260,af4ec_00001,9,0.5141250517471366,least_confidence,2,209.00704857943302
261,af4ec_00001,10,0.5158364526346099,least_confidence,2,209.00704857943302
262,af4ec_00001,11,0.5332728372655777,least_confidence,2,209.00704857943302
263,af4ec_00001,12,0.5202832956164614,least_confidence,2,209.00704857943302
264,af4ec_00001,13,0.557656112262645,least_confidence,2,209.00704857943302
265,af4ec_00001,14,0.5510282819778299,least_confidence,2,209.00704857943302
266,af4ec_00001,15,0.9291564291564292,least_confidence,2,209.00704857943302
267,af4ec_00001,16,0.8560606060606061,least_confidence,2,209.00704857943302
268,af4ec_00001,17,0.8749618861719122,least_confidence,2,209.00704857943302
269,af4ec_00001,18,0.8541445357723149,least_confidence,2,209.00704857943302
270,af4ec_00001,19,0.7024150697535185,least_confidence,2,209.00704857943302
271,af4ec_00001,20,0.5475343791496928,least_confidence,2,209.00704857943302
272,af4ec_00001,21,0.55634834983739,least_confidence,2,209.00704857943302
273,af4ec_00001,22,0.5682481497660696,least_confidence,2,209.00704857943302
274,af4ec_00001,23,0.5896303285015867,least_confidence,2,209.00704857943302
275,af4ec_00001,24,0.5336749914107143,least_confidence,2,209.00704857943302
276,af4ec_00001,25,0.5861272914318618,least_confidence,2,209.00704857943302
277,af4ec_00001,26,0.9174107142857143,least_confidence,2,209.00704857943302
278,af4ec_00001,27,0.5989504686500973,least_confidence,2,209.00704857943302
279,af4ec_00001,28,0.9027105077654228,least_confidence,2,209.00704857943302
280,af4ec_00001,29,0.7572577821484274,least_confidence,2,209.00704857943302
281,af4ec_00001,30,0.8387262417322616,least_confidence,2,209.00704857943302
282,af4ec_00001,31,0.8960612848568392,least_confidence,2,209.00704857943302
283,af4ec_00001,32,0.9212358572671888,least_confidence,2,209.00704857943302
284,af4ec_00001,33,0.8506880055900454,least_confidence,2,209.00704857943302
285,af4ec_00001,34,0.8708855935464855,least_confidence,2,209.00704857943302
286,af4ec_00001,35,0.8640322725359062,least_confidence,2,209.00704857943302
287,af4ec_00001,36,0.7956727219022302,least_confidence,2,209.00704857943302
288,af4ec_00001,37,0.888016693163752,least_confidence,2,209.00704857943302
289,af4ec_00001,38,0.8570053562623691,least_confidence,2,209.00704857943302
290,af4ec_00001,39,0.8692201219775941,least_confidence,2,209.00704857943302
291,af4ec_00001,40,0.8150335184702477,least_confidence,2,209.00704857943302
292,af4ec_00001,41,0.8013238929953794,least_confidence,2,209.00704857943302
293,af4ec_00001,42,0.8500870357269508,least_confidence,2,209.00704857943302
294,af4ec_00001,43,0.8466630021529018,least_confidence,2,209.00704857943302
295,af4ec_00001,44,0.8610787252942482,least_confidence,2,209.00704857943302
296,af4ec_00001,45,0.802379812518339,least_confidence,2,209.00704857943302
297,af4ec_00001,46,0.8422459893048129,least_confidence,2,209.00704857943302
298,af4ec_00001,47,0.9137401650355018,least_confidence,2,209.00704857943302
299,af4ec_00001,48,0.8007210886612544,least_confidence,2,209.00704857943302
300,af4ec_00001,49,0.8250908696041358,least_confidence,2,209.00704857943302
301,af4ec_00001,50,0.7327344034729546,least_confidence,2,209.00704857943302
302,af4ec_00001,51,0.7378303365275335,least_confidence,2,209.00704857943302
303,af4ec_00001,52,0.6627782013374482,least_confidence,2,209.00704857943302
304,af4ec_00001,53,0.7252811236854293,least_confidence,2,209.00704857943302
305,af4ec_00001,54,0.7382054580497555,least_confidence,2,209.00704857943302
306,af4ec_00001,55,0.8517312061910665,least_confidence,2,209.00704857943302
307,af4ec_00001,56,0.6913064981060432,least_confidence,2,209.00704857943302
308,af4ec_00001,57,0.8169432745338383,least_confidence,2,209.00704857943302
309,af4ec_00001,58,0.738411110949125,least_confidence,2,209.00704857943302
310,af4ec_00001,59,0.6850855082357472,least_confidence,2,209.00704857943302
311,af4ec_00001,60,0.7942152836398471,least_confidence,2,209.00704857943302
312,af4ec_00001,61,0.8393389458018705,least_confidence,2,209.00704857943302
313,af4ec_00001,62,0.8179850452577726,least_confidence,2,209.00704857943302
314,af4ec_00001,63,0.8136874323466836,least_confidence,2,209.00704857943302
315,af4ec_00001,64,0.8470775179306665,least_confidence,2,209.00704857943302
316,af4ec_00001,65,0.8144213883661571,least_confidence,2,209.00704857943302
317,af4ec_00001,66,0.8052008197923696,least_confidence,2,209.00704857943302
318,af4ec_00001,67,0.793371418061033,least_confidence,2,209.00704857943302
319,af4ec_00001,68,0.8104419961747982,least_confidence,2,209.00704857943302
320,af4ec_00001,69,0.8382119192823683,least_confidence,2,209.00704857943302
321,af4ec_00001,70,0.8131944444444444,least_confidence,2,209.00704857943302
322,af4ec_00001,71,0.8125804516844581,least_confidence,2,209.00704857943302
323,af4ec_00001,72,0.8217649899317978,least_confidence,2,209.00704857943302
324,af4ec_00001,73,0.7844085753920094,least_confidence,2,209.00704857943302
325,af4ec_00001,74,0.7768115495905928,least_confidence,2,209.00704857943302
326,af4ec_00001,75,0.7902803490970012,least_confidence,2,209.00704857943302
327,af4ec_00001,76,0.7419013786686965,least_confidence,2,209.00704857943302
328,af4ec_00001,77,0.7693298262918515,least_confidence,2,209.00704857943302
329,af4ec_00001,78,0.7748160094054677,least_confidence,2,209.00704857943302
330,af4ec_00001,79,0.8147222222222221,least_confidence,2,209.00704857943302
331,af4ec_00001,80,0.8060251012562053,least_confidence,2,209.00704857943302
332,af4ec_00001,81,0.7966426896591878,least_confidence,2,209.00704857943302
333,af4ec_00001,82,0.75977792509115,least_confidence,2,209.00704857943302
334,af4ec_00001,83,0.8075214460784313,least_confidence,2,209.00704857943302
335,af4ec_00001,84,0.8329215666162736,least_confidence,2,209.00704857943302
336,af4ec_00001,85,0.8122690317812269,least_confidence,2,209.00704857943302
337,af4ec_00001,86,0.8178658782343501,least_confidence,2,209.00704857943302
338,af4ec_00001,87,0.7370430123015759,least_confidence,2,209.00704857943302
339,af4ec_00001,88,0.7831458438076084,least_confidence,2,209.00704857943302
340,af4ec_00001,89,0.8415244530721617,least_confidence,2,209.00704857943302
341,af4ec_00001,90,0.830407386288367,least_confidence,2,209.00704857943302
342,af4ec_00001,91,0.8036371752814603,least_confidence,2,209.00704857943302
343,af4ec_00001,92,0.810138888888889,least_confidence,2,209.00704857943302
344,af4ec_00001,93,0.8266482838628129,least_confidence,2,209.00704857943302
345,af4ec_00001,94,0.7423371647509578,least_confidence,2,209.00704857943302
346,af4ec_00001,95,0.7945200815570354,least_confidence,2,209.00704857943302
347,af4ec_00001,96,0.7718658785220822,least_confidence,2,209.00704857943302
348,af4ec_00001,97,0.8189581103691533,least_confidence,2,209.00704857943302
349,af4ec_00001,98,0.7671378587608955,least_confidence,2,209.00704857943302
350,af4ec_00001,99,0.7807613037565868,least_confidence,2,209.00704857943302
351,af4ec_00001,100,0.8454248527737913,least_confidence,2,209.00704857943302
352,af4ec_00001,101,0.7972728879388922,least_confidence,2,209.00704857943302
353,af4ec_00001,102,0.8169432745338383,least_confidence,2,209.00704857943302
354,af4ec_00001,103,0.8732543715737666,least_confidence,2,209.00704857943302
355,af4ec_00001,104,0.7878831694621169,least_confidence,2,209.00704857943302
356,af4ec_00001,105,0.8019535909901359,least_confidence,2,209.00704857943302
357,af4ec_00001,106,0.8560429178970927,least_confidence,2,209.00704857943302
358,af4ec_00001,107,0.8812015853601481,least_confidence,2,209.00704857943302
359,af4ec_00001,108,0.8778518040644857,least_confidence,2,209.00704857943302
360,af4ec_00001,109,0.8787657084571955,least_confidence,2,209.00704857943302
361,af4ec_00001,110,0.857542840301461,least_confidence,2,209.00704857943302
362,af4ec_00001,111,0.836863328784125,least_confidence,2,209.00704857943302
363,af4ec_00001,112,0.8297756214166782,least_confidence,2,209.00704857943302
364,af4ec_00001,113,0.8509173537832131,least_confidence,2,209.00704857943302
365,af4ec_00001,114,0.8766569298094888,least_confidence,2,209.00704857943302
366,af4ec_00001,115,0.8688387551303206,least_confidence,2,209.00704857943302
367,af4ec_00001,116,0.8563461173343458,least_confidence,2,209.00704857943302
368,af4ec_00001,117,0.8945000785392019,least_confidence,2,209.00704857943302
369,af4ec_00001,118,0.8412664683382916,least_confidence,2,209.00704857943302
370,af4ec_00001,119,0.8586215997756552,least_confidence,2,209.00704857943302
371,af4ec_00001,120,0.8351963174029186,least_confidence,2,209.00704857943302
372,af4ec_00001,121,0.8464019935823035,least_confidence,2,209.00704857943302
373,af4ec_00001,122,0.8536728196499563,least_confidence,2,209.00704857943302
374,af4ec_00001,123,0.8645042244161762,least_confidence,2,209.00704857943302
375,af4ec_00001,124,0.8833997932358588,least_confidence,2,209.00704857943302
376,af4ec_00001,125,0.8666309195934583,least_confidence,2,209.00704857943302
377,af4ec_00001,126,0.8845948318638116,least_confidence,2,209.00704857943302
378,af4ec_00001,127,0.840134066426477,least_confidence,2,209.00704857943302
379,af4ec_00001,128,0.8580306819454294,least_confidence,2,209.00704857943302
380,af4ec_00001,129,0.8415977961432507,least_confidence,2,209.00704857943302
381,af4ec_00001,130,0.8612409815834441,least_confidence,2,209.00704857943302
382,af4ec_00001,131,0.8764757859889034,least_confidence,2,209.00704857943302
383,af4ec_00001,132,0.8716578517633868,least_confidence,2,209.00704857943302
384,af4ec_00001,133,0.8828250300721732,least_confidence,2,209.00704857943302
385,af4ec_00001,134,0.853607305936073,least_confidence,2,209.00704857943302
386,af4ec_00001,135,0.8902475845410628,least_confidence,2,209.00704857943302
387,af4ec_00001,136,0.8957698087559471,least_confidence,2,209.00704857943302
388,af4ec_00001,137,0.8805146583864147,least_confidence,2,209.00704857943302
389,af4ec_00001,138,0.885950505766862,least_confidence,2,209.00704857943302
390,af4ec_00001,139,0.8827262887932048,least_confidence,2,209.00704857943302
391,af4ec_00001,140,0.8630968415021572,least_confidence,2,209.00704857943302
392,af4ec_00001,141,0.8928819612973209,least_confidence,2,209.00704857943302
393,af4ec_00001,142,0.8856370656370656,least_confidence,2,209.00704857943302
394,af4ec_00001,143,0.8996328931538378,least_confidence,2,209.00704857943302
395,af4ec_00001,144,0.8873898707445182,least_confidence,2,209.00704857943302
396,af4ec_00001,145,0.8980209717914636,least_confidence,2,209.00704857943302
397,af4ec_00001,146,0.8923380142892339,least_confidence,2,209.00704857943302
398,af4ec_00001,147,0.8895057683405576,least_confidence,2,209.00704857943302
399,af4ec_00001,148,0.8847975319214609,least_confidence,2,209.00704857943302
400,af4ec_00001,149,0.900926640926641,least_confidence,2,209.00704857943302
401,af4ec_00001,150,0.8996455471865308,least_confidence,2,209.00704857943302
402,af4ec_00001,151,0.8912666281087334,least_confidence,2,209.00704857943302
403,af4ec_00001,152,0.8848987108655617,least_confidence,2,209.00704857943302
404,af4ec_00001,153,0.8921805793144759,least_confidence,2,209.00704857943302
405,af4ec_00001,154,0.8775064505792873,least_confidence,2,209.00704857943302
406,af4ec_00001,155,0.8892865507766308,least_confidence,2,209.00704857943302
407,af4ec_00001,156,0.9018194447829584,least_confidence,2,209.00704857943302
408,af4ec_00001,157,0.8989023787675584,least_confidence,2,209.00704857943302
409,af4ec_00001,158,0.9060136237633372,least_confidence,2,209.00704857943302
410,af4ec_00001,159,0.8091992377799047,least_confidence,2,209.00704857943302
411,af4ec_00001,160,0.9050410958904109,least_confidence,2,209.00704857943302
412,af4ec_00001,161,0.8944655192107683,least_confidence,2,209.00704857943302
413,af4ec_00001,162,0.8952294685990339,least_confidence,2,209.00704857943302
414,af4ec_00001,163,0.8899638739050824,least_confidence,2,209.00704857943302
415,af4ec_00001,164,0.9200343889685079,least_confidence,2,209.00704857943302
416,af4ec_00001,165,0.806351375744604,least_confidence,2,209.00704857943302
417,af4ec_00001,166,0.9172702172782201,least_confidence,2,209.00704857943302
418,af4ec_00001,167,0.9256618780653032,least_confidence,2,209.00704857943302
419,af4ec_00001,168,0.9119318181818181,least_confidence,2,209.00704857943302
420,af4ec_00001,169,0.9097866330775983,least_confidence,2,209.00704857943302
421,af4ec_00001,170,0.8751940752281567,least_confidence,2,209.00704857943302
422,af4ec_00001,171,0.9454982509306545,least_confidence,2,209.00704857943302
423,af4ec_00001,172,0.9020315169925954,least_confidence,2,209.00704857943302
424,af4ec_00001,173,0.8692433365250931,least_confidence,2,209.00704857943302
425,af4ec_00001,174,0.9206959036816337,least_confidence,2,209.00704857943302
426,af4ec_00001,175,0.9312037082859075,least_confidence,2,209.00704857943302
427,af4ec_00001,176,0.9352549079428474,least_confidence,2,209.00704857943302
428,af4ec_00001,177,0.906008897046198,least_confidence,2,209.00704857943302
429,af4ec_00001,178,0.9420345794061316,least_confidence,2,209.00704857943302
430,af4ec_00001,179,0.9427054974685234,least_confidence,2,209.00704857943302
431,af4ec_00001,180,0.8908575215222991,least_confidence,2,209.00704857943302
432,af4ec_00001,181,0.9262549281602085,least_confidence,2,209.00704857943302
433,af4ec_00001,182,0.90909626624723,least_confidence,2,209.00704857943302
434,af4ec_00001,183,0.9098096112497218,least_confidence,2,209.00704857943302
435,af4ec_00001,184,0.9234601449275363,least_confidence,2,209.00704857943302
436,af4ec_00001,185,0.8960201302393993,least_confidence,2,209.00704857943302
437,af4ec_00001,186,0.9321366862055611,least_confidence,2,209.00704857943302
438,af4ec_00001,187,0.9308955184964209,least_confidence,2,209.00704857943302
439,af4ec_00001,188,0.9269541056326014,least_confidence,2,209.00704857943302
440,af4ec_00001,189,0.9258340989369486,least_confidence,2,209.00704857943302
441,af4ec_00001,190,0.930102657004831,least_confidence,2,209.00704857943302
442,af4ec_00001,191,0.8821441219623253,least_confidence,2,209.00704857943302
443,af4ec_00001,192,0.916756446168211,least_confidence,2,209.00704857943302
444,af4ec_00001,193,0.9174988724953289,least_confidence,2,209.00704857943302
445,af4ec_00001,194,0.894452354585245,least_confidence,2,209.00704857943302
446,af4ec_00001,195,0.8837747396029605,least_confidence,2,209.00704857943302
447,af4ec_00001,196,0.8973650658733532,least_confidence,2,209.00704857943302
448,af4ec_00001,197,0.9150844883235238,least_confidence,2,209.00704857943302
449,af4ec_00001,198,0.9154881526969283,least_confidence,2,209.00704857943302
450,af4ec_00001,199,0.8982683982683983,least_confidence,2,209.00704857943302
451,af4ec_00001,200,0.892493140621742,least_confidence,2,209.00704857943302
452,af4ec_00001,201,0.9211571875105924,least_confidence,2,209.00704857943302
453,af4ec_00001,202,0.9139449583645365,least_confidence,2,209.00704857943302
454,af4ec_00001,203,0.9278937381404175,least_confidence,2,209.00704857943302
455,af4ec_00001,204,0.9310658079390537,least_confidence,2,209.00704857943302
456,af4ec_00001,205,0.900539724188869,least_confidence,2,209.00704857943302
457,af4ec_00001,206,0.8903974813065723,least_confidence,2,209.00704857943302
458,af4ec_00001,207,0.8930909350169002,least_confidence,2,209.00704857943302
459,af4ec_00001,208,0.8975879058935538,least_confidence,2,209.00704857943302
460,af4ec_00001,209,0.9013916629083178,least_confidence,2,209.00704857943302
461,af4ec_00001,210,0.9126667096192256,least_confidence,2,209.00704857943302
462,af4ec_00001,211,0.9111877156302017,least_confidence,2,209.00704857943302
463,af4ec_00001,212,0.8775064505792873,least_confidence,2,209.00704857943302
464,af4ec_00001,213,0.9077205904261342,least_confidence,2,209.00704857943302
465,af4ec_00001,214,0.9044430937185286,least_confidence,2,209.00704857943302
466,af4ec_00001,215,0.9014167650531286,least_confidence,2,209.00704857943302
467,af4ec_00001,216,0.8996600479915271,least_confidence,2,209.00704857943302
468,af4ec_00001,217,0.9071717755928282,least_confidence,2,209.00704857943302
469,af4ec_00001,218,0.8717158318385312,least_confidence,2,209.00704857943302
470,af4ec_00001,219,0.923242595405354,least_confidence,2,209.00704857943302
471,af4ec_00001,220,0.9273855706717676,least_confidence,2,209.00704857943302
472,af4ec_00001,221,0.9063213283849947,least_confidence,2,209.00704857943302
473,af4ec_00001,222,0.901362425501174,least_confidence,2,209.00704857943302
474,af4ec_00001,223,0.904724626284105,least_confidence,2,209.00704857943302
475,af4ec_00001,224,0.9202999981084609,least_confidence,2,209.00704857943302
476,af4ec_00001,225,0.9116978867809433,least_confidence,2,209.00704857943302
477,af4ec_00001,226,0.8944684557542614,least_confidence,2,209.00704857943302
478,af4ec_00001,227,0.9169746242916974,least_confidence,2,209.00704857943302
479,af4ec_00001,228,0.9235010643545268,least_confidence,2,209.00704857943302
480,af4ec_00001,229,0.9009223561080644,least_confidence,2,209.00704857943302
481,af4ec_00001,230,0.9300109615816374,least_confidence,2,209.00704857943302
482,af4ec_00001,231,0.9054684583799926,least_confidence,2,209.00704857943302
483,af4ec_00001,232,0.9065672289789832,least_confidence,2,209.00704857943302
484,af4ec_00001,233,0.8766983713630903,least_confidence,2,209.00704857943302
485,af4ec_00001,234,0.8914364153564577,least_confidence,2,209.00704857943302
486,af4ec_00001,235,0.8870955526342839,least_confidence,2,209.00704857943302
487,af4ec_00001,236,0.9211045407058696,least_confidence,2,209.00704857943302
488,af4ec_00001,237,0.9151243493348756,least_confidence,2,209.00704857943302
489,af4ec_00001,238,0.8890520063447065,least_confidence,2,209.00704857943302
490,af4ec_00001,239,0.9011360847154528,least_confidence,2,209.00704857943302
491,af4ec_00001,240,0.8781441614749006,least_confidence,2,209.00704857943302
492,af4ec_00001,241,0.9144220827073253,least_confidence,2,209.00704857943302
493,af4ec_00001,242,0.921264154277977,least_confidence,2,209.00704857943302
494,af4ec_00001,243,0.9211928889512255,least_confidence,2,209.00704857943302
495,af4ec_00001,244,0.92621718979442,least_confidence,2,209.00704857943302
496,af4ec_00001,245,0.9238560702649101,least_confidence,2,209.00704857943302
497,af4ec_00001,246,0.9222769364356673,least_confidence,2,209.00704857943302
498,af4ec_00001,247,0.9310294968189705,least_confidence,2,209.00704857943302
499,af4ec_00001,248,0.8854009552538964,least_confidence,2,209.00704857943302
500,af4ec_00001,249,0.8430729491931281,least_confidence,2,209.00704857943302
501,af4ec_00001,250,0.873751732107521,least_confidence,2,209.00704857943302
502,af4ec_00002,0,0.5457804939931185,least_confidence,3,212.21245726434444
503,af4ec_00002,1,0.3883311021865239,least_confidence,3,212.21245726434444
504,af4ec_00002,2,0.37330805609915196,least_confidence,3,212.21245726434444
505,af4ec_00002,3,0.5504921646272912,least_confidence,3,212.21245726434444
506,af4ec_00002,4,0.5388467404174211,least_confidence,3,212.21245726434444
507,af4ec_00002,5,0.5133536560691693,least_confidence,3,212.21245726434444
508,af4ec_00002,6,0.5304931095599142,least_confidence,3,212.21245726434444
509,af4ec_00002,7,0.9151370867105246,least_confidence,3,212.21245726434444
510,af4ec_00002,8,0.7887330545387199,least_confidence,3,212.21245726434444
511,af4ec_00002,9,0.9292682926829268,least_confidence,3,212.21245726434444
512,af4ec_00002,10,0.866917745683931,least_confidence,3,212.21245726434444
513,af4ec_00002,11,0.9051775570024123,least_confidence,3,212.21245726434444
514,af4ec_00002,12,0.9051775570024123,least_confidence,3,212.21245726434444
515,af4ec_00002,13,0.9121301926627333,least_confidence,3,212.21245726434444
516,af4ec_00002,14,0.9108507483124004,least_confidence,3,212.21245726434444
517,af4ec_00002,15,0.9121301926627333,least_confidence,3,212.21245726434444
518,af4ec_00002,16,0.9121301926627333,least_confidence,3,212.21245726434444
519,af4ec_00002,17,0.9121301926627333,least_confidence,3,212.21245726434444
520,af4ec_00002,18,0.9101781680122294,least_confidence,3,212.21245726434444
521,af4ec_00002,19,0.9101781680122294,least_confidence,3,212.21245726434444
522,af4ec_00002,20,0.8268929174817174,least_confidence,3,212.21245726434444
523,af4ec_00002,21,0.8897756983624604,least_confidence,3,212.21245726434444
524,af4ec_00002,22,0.9044412202576048,least_confidence,3,212.21245726434444
525,af4ec_00002,23,0.9021913616499664,least_confidence,3,212.21245726434444
526,af4ec_00002,24,0.9121301926627333,least_confidence,3,212.21245726434444
527,af4ec_00002,25,0.9204507546352154,least_confidence,3,212.21245726434444
528,af4ec_00002,26,0.8964970014629097,least_confidence,3,212.21245726434444
529,af4ec_00002,27,0.7405428801937848,least_confidence,3,212.21245726434444
530,af4ec_00002,28,0.8949922360248448,least_confidence,3,212.21245726434444
531,af4ec_00002,29,0.8733447286730323,least_confidence,3,212.21245726434444
532,af4ec_00002,30,0.9079976818313532,least_confidence,3,212.21245726434444
533,af4ec_00002,31,0.9137373453318336,least_confidence,3,212.21245726434444
534,af4ec_00002,32,0.924370988672784,least_confidence,3,212.21245726434444
535,af4ec_00002,33,0.9202245141102225,least_confidence,3,212.21245726434444
536,af4ec_00002,34,0.9231225613622431,least_confidence,3,212.21245726434444
537,af4ec_00002,35,0.9072403491301037,least_confidence,3,212.21245726434444
538,af4ec_00002,36,0.9199004781334295,least_confidence,3,212.21245726434444
539,af4ec_00002,37,0.9242286751361162,least_confidence,3,212.21245726434444
540,af4ec_00002,38,0.927627437969271,least_confidence,3,212.21245726434444
541,af4ec_00002,39,0.9239167081592691,least_confidence,3,212.21245726434444
542,af4ec_00002,40,0.9172843711820604,least_confidence,3,212.21245726434444
543,af4ec_00002,41,0.8172014090128235,least_confidence,3,212.21245726434444
544,af4ec_00002,42,0.7925386658722474,least_confidence,3,212.21245726434444
545,af4ec_00002,43,0.9280969063987308,least_confidence,3,212.21245726434444
546,af4ec_00002,44,0.8599876871898171,least_confidence,3,212.21245726434444
547,af4ec_00002,45,0.9378308106602284,least_confidence,3,212.21245726434444
548,af4ec_00002,46,0.9391872982704901,least_confidence,3,212.21245726434444
549,af4ec_00002,47,0.9230769230769231,least_confidence,3,212.21245726434444
550,af4ec_00002,48,0.856573619367623,least_confidence,3,212.21245726434444
551,af4ec_00002,49,0.9207141421585048,least_confidence,3,212.21245726434444
552,af4ec_00002,50,0.6437998293053561,least_confidence,3,212.21245726434444
553,af4ec_00002,51,0.8600164690611938,least_confidence,3,212.21245726434444
554,af4ec_00002,52,0.844880108297009,least_confidence,3,212.21245726434444
555,af4ec_00002,53,0.8863392026964203,least_confidence,3,212.21245726434444
556,af4ec_00002,54,0.84375,least_confidence,3,212.21245726434444
557,af4ec_00002,55,0.8369302383296515,least_confidence,3,212.21245726434444
558,af4ec_00002,56,0.8264017347225061,least_confidence,3,212.21245726434444
559,af4ec_00002,57,0.8520031463968393,least_confidence,3,212.21245726434444
560,af4ec_00002,58,0.8525943733722561,least_confidence,3,212.21245726434444
561,af4ec_00002,59,0.7664731256551331,least_confidence,3,212.21245726434444
562,af4ec_00002,60,0.7733940489432702,least_confidence,3,212.21245726434444
563,af4ec_00002,61,0.8391442470251065,least_confidence,3,212.21245726434444
564,af4ec_00002,62,0.7435882951078974,least_confidence,3,212.21245726434444
565,af4ec_00002,63,0.7486687983675484,least_confidence,3,212.21245726434444
566,af4ec_00002,64,0.8257588199086999,least_confidence,3,212.21245726434444
567,af4ec_00002,65,0.7851259689922481,least_confidence,3,212.21245726434444
568,af4ec_00002,66,0.8187752265962288,least_confidence,3,212.21245726434444
569,af4ec_00002,67,0.7914930638698657,least_confidence,3,212.21245726434444
570,af4ec_00002,68,0.7980985259466272,least_confidence,3,212.21245726434444
571,af4ec_00002,69,0.6926961926961926,least_confidence,3,212.21245726434444
572,af4ec_00002,70,0.7842857673713876,least_confidence,3,212.21245726434444
573,af4ec_00002,71,0.7954444459406687,least_confidence,3,212.21245726434444
574,af4ec_00002,72,0.8049567154541813,least_confidence,3,212.21245726434444
575,af4ec_00002,73,0.805995078400837,least_confidence,3,212.21245726434444
576,af4ec_00002,74,0.803275848010437,least_confidence,3,212.21245726434444
577,af4ec_00002,75,0.8557820115197164,least_confidence,3,212.21245726434444
578,af4ec_00002,76,0.8662743506493507,least_confidence,3,212.21245726434444
579,af4ec_00002,77,0.8600797628291099,least_confidence,3,212.21245726434444
580,af4ec_00002,78,0.81837487064505,least_confidence,3,212.21245726434444
581,af4ec_00002,79,0.8243982404402195,least_confidence,3,212.21245726434444
582,af4ec_00002,80,0.818691464798811,least_confidence,3,212.21245726434444
583,af4ec_00002,81,0.84271575799815,least_confidence,3,212.21245726434444
584,af4ec_00002,82,0.8382039620237899,least_confidence,3,212.21245726434444
585,af4ec_00002,83,0.8663285904545055,least_confidence,3,212.21245726434444
586,af4ec_00002,84,0.8541574361246493,least_confidence,3,212.21245726434444
587,af4ec_00002,85,0.861835636519656,least_confidence,3,212.21245726434444
588,af4ec_00002,86,0.8525394270250093,least_confidence,3,212.21245726434444
589,af4ec_00002,87,0.8645042244161762,least_confidence,3,212.21245726434444
590,af4ec_00002,88,0.8503643980430364,least_confidence,3,212.21245726434444
591,af4ec_00002,89,0.8729833196609242,least_confidence,3,212.21245726434444
592,af4ec_00002,90,0.8383270264199194,least_confidence,3,212.21245726434444
593,af4ec_00002,91,0.8324949563068431,least_confidence,3,212.21245726434444
594,af4ec_00002,92,0.8589180907619558,least_confidence,3,212.21245726434444
595,af4ec_00002,93,0.825091308612464,least_confidence,3,212.21245726434444
596,af4ec_00002,94,0.8429159667786488,least_confidence,3,212.21245726434444
597,af4ec_00002,95,0.7688096245124301,least_confidence,3,212.21245726434444
598,af4ec_00002,96,0.7896215923777463,least_confidence,3,212.21245726434444
599,af4ec_00002,97,0.8450749413259107,least_confidence,3,212.21245726434444
600,af4ec_00002,98,0.8552806431044448,least_confidence,3,212.21245726434444
601,af4ec_00002,99,0.8705495100242461,least_confidence,3,212.21245726434444
602,af4ec_00002,100,0.8579021970233877,least_confidence,3,212.21245726434444
603,af4ec_00002,101,0.8642278773857721,least_confidence,3,212.21245726434444
604,af4ec_00002,102,0.8313840155945419,least_confidence,3,212.21245726434444
605,af4ec_00002,103,0.8685785274356104,least_confidence,3,212.21245726434444
606,af4ec_00002,104,0.8448373955986437,least_confidence,3,212.21245726434444
607,af4ec_00002,105,0.8411061969113045,least_confidence,3,212.21245726434444
608,af4ec_00002,106,0.8260617576942508,least_confidence,3,212.21245726434444
609,af4ec_00002,107,0.8460390818290757,least_confidence,3,212.21245726434444
610,af4ec_00002,108,0.8506859808688575,least_confidence,3,212.21245726434444
611,af4ec_00002,109,0.8600365296803654,least_confidence,3,212.21245726434444
612,af4ec_00002,110,0.8309906008095862,least_confidence,3,212.21245726434444
613,af4ec_00002,111,0.8364801115925553,least_confidence,3,212.21245726434444
614,af4ec_00002,112,0.8471369963883726,least_confidence,3,212.21245726434444
615,af4ec_00002,113,0.8536901875772307,least_confidence,3,212.21245726434444
616,af4ec_00002,114,0.8474190849606131,least_confidence,3,212.21245726434444
617,af4ec_00002,115,0.8153150777409759,least_confidence,3,212.21245726434444
618,af4ec_00002,116,0.8070141340009018,least_confidence,3,212.21245726434444
619,af4ec_00002,117,0.8380019583340095,least_confidence,3,212.21245726434444
620,af4ec_00002,118,0.8514818604484176,least_confidence,3,212.21245726434444
621,af4ec_00002,119,0.818656514593605,least_confidence,3,212.21245726434444
622,af4ec_00002,120,0.8501444825717898,least_confidence,3,212.21245726434444
623,af4ec_00002,121,0.81616432473266,least_confidence,3,212.21245726434444
624,af4ec_00002,122,0.8212673435645463,least_confidence,3,212.21245726434444
625,af4ec_00002,123,0.8218558517305476,least_confidence,3,212.21245726434444
626,af4ec_00002,124,0.8429237689915985,least_confidence,3,212.21245726434444
627,af4ec_00002,125,0.8260617576942508,least_confidence,3,212.21245726434444
628,af4ec_00002,126,0.8383668903803132,least_confidence,3,212.21245726434444
629,af4ec_00002,127,0.8549099548798376,least_confidence,3,212.21245726434444
630,af4ec_00002,128,0.853376203994445,least_confidence,3,212.21245726434444
631,af4ec_00002,129,0.8357053817428104,least_confidence,3,212.21245726434444
632,af4ec_00002,130,0.8520198901850096,least_confidence,3,212.21245726434444
633,af4ec_00002,131,0.8475980163096728,least_confidence,3,212.21245726434444
634,af4ec_00002,132,0.8432347731298542,least_confidence,3,212.21245726434444
635,af4ec_00002,133,0.8403094251340437,least_confidence,3,212.21245726434444
636,af4ec_00002,134,0.729606964112052,least_confidence,3,212.21245726434444
637,af4ec_00002,135,0.843198062496308,least_confidence,3,212.21245726434444
638,af4ec_00002,136,0.8212096876193423,least_confidence,3,212.21245726434444
639,af4ec_00002,137,0.8340021401819155,least_confidence,3,212.21245726434444
640,af4ec_00002,138,0.8500418958159328,least_confidence,3,212.21245726434444
641,af4ec_00002,139,0.8264456215670831,least_confidence,3,212.21245726434444
642,af4ec_00002,140,0.8250299857406864,least_confidence,3,212.21245726434444
643,af4ec_00002,141,0.8432205408323674,least_confidence,3,212.21245726434444
644,af4ec_00002,142,0.8591336200031852,least_confidence,3,212.21245726434444
645,af4ec_00002,143,0.8651393268911862,least_confidence,3,212.21245726434444
646,af4ec_00002,144,0.8534136546184738,least_confidence,3,212.21245726434444
647,af4ec_00002,145,0.8454403817128391,least_confidence,3,212.21245726434444
648,af4ec_00002,146,0.8444858189287601,least_confidence,3,212.21245726434444
649,af4ec_00002,147,0.8523429232647408,least_confidence,3,212.21245726434444
650,af4ec_00002,148,0.8630954120448261,least_confidence,3,212.21245726434444
651,af4ec_00002,149,0.8636111111111111,least_confidence,3,212.21245726434444
652,af4ec_00002,150,0.8595999911795189,least_confidence,3,212.21245726434444
653,af4ec_00002,151,0.8707809805370781,least_confidence,3,212.21245726434444
654,af4ec_00002,152,0.8846176278462112,least_confidence,3,212.21245726434444
655,af4ec_00002,153,0.8572521451041033,least_confidence,3,212.21245726434444
656,af4ec_00002,154,0.8728687791962494,least_confidence,3,212.21245726434444
657,af4ec_00002,155,0.8746556473829201,least_confidence,3,212.21245726434444
658,af4ec_00002,156,0.8744844970939563,least_confidence,3,212.21245726434444
659,af4ec_00002,157,0.8646395386803469,least_confidence,3,212.21245726434444
660,af4ec_00002,158,0.8606438538972272,least_confidence,3,212.21245726434444
661,af4ec_00002,159,0.864179014485763,least_confidence,3,212.21245726434444
662,af4ec_00002,160,0.879805897723031,least_confidence,3,212.21245726434444
663,af4ec_00002,161,0.8590277777777777,least_confidence,3,212.21245726434444
664,af4ec_00002,162,0.8804721916299559,least_confidence,3,212.21245726434444
665,af4ec_00002,163,0.8309659090909091,least_confidence,3,212.21245726434444
666,af4ec_00002,164,0.8881812519686274,least_confidence,3,212.21245726434444
667,af4ec_00002,165,0.878665533361666,least_confidence,3,212.21245726434444
668,af4ec_00002,166,0.8542600835873186,least_confidence,3,212.21245726434444
669,af4ec_00002,167,0.8537266657582777,least_confidence,3,212.21245726434444
670,af4ec_00002,168,0.8728183226668119,least_confidence,3,212.21245726434444
671,af4ec_00002,169,0.8656640719751263,least_confidence,3,212.21245726434444
672,af4ec_00002,170,0.8837879253548502,least_confidence,3,212.21245726434444
673,af4ec_00002,171,0.8878944290289994,least_confidence,3,212.21245726434444
674,af4ec_00002,172,0.8804721916299559,least_confidence,3,212.21245726434444
675,af4ec_00002,173,0.8866134763144731,least_confidence,3,212.21245726434444
676,af4ec_00002,174,0.8718222939093236,least_confidence,3,212.21245726434444
677,af4ec_00002,175,0.8809523809523809,least_confidence,3,212.21245726434444
678,af4ec_00002,176,0.8779936182895614,least_confidence,3,212.21245726434444
679,af4ec_00002,177,0.8833404164895877,least_confidence,3,212.21245726434444
680,af4ec_00002,178,0.833246116275729,least_confidence,3,212.21245726434444
681,af4ec_00002,179,0.8497569307581132,least_confidence,3,212.21245726434444
682,af4ec_00002,180,0.8316885964912281,least_confidence,3,212.21245726434444
683,af4ec_00002,181,0.8165662280162342,least_confidence,3,212.21245726434444
684,af4ec_00002,182,0.8288110008194163,least_confidence,3,212.21245726434444
685,af4ec_00002,183,0.8258653280034707,least_confidence,3,212.21245726434444
686,af4ec_00002,184,0.8737198004201681,least_confidence,3,212.21245726434444
687,af4ec_00002,185,0.867701768207283,least_confidence,3,212.21245726434444
688,af4ec_00002,186,0.8327064986953685,least_confidence,3,212.21245726434444
689,af4ec_00002,187,0.8804166666666666,least_confidence,3,212.21245726434444
690,af4ec_00002,188,0.8320156322149768,least_confidence,3,212.21245726434444
691,af4ec_00002,189,0.8694205821172809,least_confidence,3,212.21245726434444
692,af4ec_00002,190,0.8624764506468311,least_confidence,3,212.21245726434444
693,af4ec_00002,191,0.8457179726163727,least_confidence,3,212.21245726434444
694,af4ec_00002,192,0.8642665416493345,least_confidence,3,212.21245726434444
695,af4ec_00002,193,0.8664369118936344,least_confidence,3,212.21245726434444
696,af4ec_00002,194,0.8737405000171945,least_confidence,3,212.21245726434444
697,af4ec_00002,195,0.8682315762038183,least_confidence,3,212.21245726434444
698,af4ec_00002,196,0.8600616273676691,least_confidence,3,212.21245726434444
699,af4ec_00002,197,0.8762762133674391,least_confidence,3,212.21245726434444
700,af4ec_00002,198,0.8542492527228076,least_confidence,3,212.21245726434444
701,af4ec_00002,199,0.8608383112281057,least_confidence,3,212.21245726434444
702,af4ec_00002,200,0.8825174708169036,least_confidence,3,212.21245726434444
703,af4ec_00002,201,0.8637038766229954,least_confidence,3,212.21245726434444
704,af4ec_00002,202,0.8679003180912926,least_confidence,3,212.21245726434444
705,af4ec_00002,203,0.8819444444444444,least_confidence,3,212.21245726434444
706,af4ec_00002,204,0.8804166666666666,least_confidence,3,212.21245726434444
707,af4ec_00002,205,0.8442228142209223,least_confidence,3,212.21245726434444
708,af4ec_00002,206,0.8634296415195292,least_confidence,3,212.21245726434444
709,af4ec_00002,207,0.8618049131462637,least_confidence,3,212.21245726434444
710,af4ec_00002,208,0.8588268179996202,least_confidence,3,212.21245726434444
711,af4ec_00002,209,0.8592316771731479,least_confidence,3,212.21245726434444
712,af4ec_00002,210,0.8615276763390358,least_confidence,3,212.21245726434444
713,af4ec_00002,211,0.8805982315013126,least_confidence,3,212.21245726434444
714,af4ec_00002,212,0.854409078782655,least_confidence,3,212.21245726434444
715,af4ec_00002,213,0.8940570385734865,least_confidence,3,212.21245726434444
716,af4ec_00002,214,0.8877186499137719,least_confidence,3,212.21245726434444
717,af4ec_00002,215,0.8857077737648585,least_confidence,3,212.21245726434444
718,af4ec_00002,216,0.8808242739641448,least_confidence,3,212.21245726434444
719,af4ec_00002,217,0.877361111111111,least_confidence,3,212.21245726434444
720,af4ec_00002,218,0.8904980133646379,least_confidence,3,212.21245726434444
721,af4ec_00002,219,0.8892584380389259,least_confidence,3,212.21245726434444
722,af4ec_00002,220,0.888185936956458,least_confidence,3,212.21245726434444
723,af4ec_00002,221,0.887828063989983,least_confidence,3,212.21245726434444
724,af4ec_00002,222,0.8879363317135949,least_confidence,3,212.21245726434444
725,af4ec_00002,223,0.8925080722268925,least_confidence,3,212.21245726434444
726,af4ec_00002,224,0.8901862252438664,least_confidence,3,212.21245726434444
727,af4ec_00002,225,0.8703728251864126,least_confidence,3,212.21245726434444
728,af4ec_00002,226,0.8823402941630465,least_confidence,3,212.21245726434444
729,af4ec_00002,227,0.8692749670146105,least_confidence,3,212.21245726434444
730,af4ec_00002,228,0.887828063989983,least_confidence,3,212.21245726434444
731,af4ec_00002,229,0.8952388948273013,least_confidence,3,212.21245726434444
732,af4ec_00002,230,0.889804193485175,least_confidence,3,212.21245726434444
733,af4ec_00002,231,0.8867011854476086,least_confidence,3,212.21245726434444
734,af4ec_00002,232,0.8757117967023627,least_confidence,3,212.21245726434444
735,af4ec_00002,233,0.8654522932118441,least_confidence,3,212.21245726434444
736,af4ec_00002,234,0.887828063989983,least_confidence,3,212.21245726434444
737,af4ec_00002,235,0.8690524750176736,least_confidence,3,212.21245726434444
738,af4ec_00002,236,0.894787477900044,least_confidence,3,212.21245726434444
739,af4ec_00002,237,0.8605749223726752,least_confidence,3,212.21245726434444
740,af4ec_00002,238,0.8733307314191683,least_confidence,3,212.21245726434444
741,af4ec_00002,239,0.8756947977125584,least_confidence,3,212.21245726434444
742,af4ec_00002,240,0.889520093135564,least_confidence,3,212.21245726434444
743,af4ec_00002,241,0.878657487091222,least_confidence,3,212.21245726434444
744,af4ec_00002,242,0.7939839535584217,least_confidence,3,212.21245726434444
745,af4ec_00002,243,0.8928189204262824,least_confidence,3,212.21245726434444
746,af4ec_00002,244,0.8882968300146215,least_confidence,3,212.21245726434444
747,af4ec_00002,245,0.8896988690557297,least_confidence,3,212.21245726434444
748,af4ec_00002,246,0.8920331601171008,least_confidence,3,212.21245726434444
749,af4ec_00002,247,0.8954175905395418,least_confidence,3,212.21245726434444
750,af4ec_00002,248,0.8422038980509745,least_confidence,3,212.21245726434444
751,af4ec_00002,249,0.8317587209302326,least_confidence,3,212.21245726434444
752,af4ec_00002,250,0.8889894244019059,least_confidence,3,212.21245726434444
753,af4ec_00003,0,0.5163465384728914,least_confidence,4,215.4442074767831
754,af4ec_00003,1,0.6604166666666667,least_confidence,4,215.4442074767831
755,af4ec_00003,2,0.6025824592472576,least_confidence,4,215.4442074767831
756,af4ec_00003,3,0.650354858494699,least_confidence,4,215.4442074767831
757,af4ec_00003,4,0.9067715737049813,least_confidence,4,215.4442074767831
758,af4ec_00003,5,0.6216600309716884,least_confidence,4,215.4442074767831
759,af4ec_00003,6,0.7886869779908829,least_confidence,4,215.4442074767831
760,af4ec_00003,7,0.9245322594177363,least_confidence,4,215.4442074767831
761,af4ec_00003,8,0.9245322594177363,least_confidence,4,215.4442074767831
762,af4ec_00003,9,0.9245322594177363,least_confidence,4,215.4442074767831
763,af4ec_00003,10,0.9240963855421687,least_confidence,4,215.4442074767831
764,af4ec_00003,11,0.9257377842283503,least_confidence,4,215.4442074767831
765,af4ec_00003,12,0.7102254336360694,least_confidence,4,215.4442074767831
766,af4ec_00003,13,0.9257377842283503,least_confidence,4,215.4442074767831
767,af4ec_00003,14,0.9253262445625906,least_confidence,4,215.4442074767831
768,af4ec_00003,15,0.9219704960194188,least_confidence,4,215.4442074767831
769,af4ec_00003,16,0.9219704960194188,least_confidence,4,215.4442074767831
770,af4ec_00003,17,0.921736489263798,least_confidence,4,215.4442074767831
771,af4ec_00003,18,0.9219704960194188,least_confidence,4,215.4442074767831
772,af4ec_00003,19,0.9219704960194188,least_confidence,4,215.4442074767831
773,af4ec_00003,20,0.9219704960194188,least_confidence,4,215.4442074767831
774,af4ec_00003,21,0.9219704960194188,least_confidence,4,215.4442074767831
775,af4ec_00003,22,0.9219704960194188,least_confidence,4,215.4442074767831
776,af4ec_00003,23,0.9219704960194188,least_confidence,4,215.4442074767831
777,af4ec_00003,24,0.922437870497036,least_confidence,4,215.4442074767831
778,af4ec_00003,25,0.922437870497036,least_confidence,4,215.4442074767831
779,af4ec_00003,26,0.922437870497036,least_confidence,4,215.4442074767831
780,af4ec_00003,27,0.922437870497036,least_confidence,4,215.4442074767831
781,af4ec_00003,28,0.922437870497036,least_confidence,4,215.4442074767831
782,af4ec_00003,29,0.9296178916147047,least_confidence,4,215.4442074767831
783,af4ec_00003,30,0.9243001513186337,least_confidence,4,215.4442074767831
784,af4ec_00003,31,0.9283597883597883,least_confidence,4,215.4442074767831
785,af4ec_00003,32,0.7833770225074572,least_confidence,4,215.4442074767831
786,af4ec_00003,33,0.6726178840598597,least_confidence,4,215.4442074767831
787,af4ec_00003,34,0.732575055888814,least_confidence,4,215.4442074767831
788,af4ec_00003,35,0.7879772812992257,least_confidence,4,215.4442074767831
789,af4ec_00003,36,0.7960889555454934,least_confidence,4,215.4442074767831
790,af4ec_00003,37,0.7135324833853249,least_confidence,4,215.4442074767831
791,af4ec_00003,38,0.7968070754009894,least_confidence,4,215.4442074767831
792,af4ec_00003,39,0.7998255770216534,least_confidence,4,215.4442074767831
793,af4ec_00003,40,0.6301137891622967,least_confidence,4,215.4442074767831
794,af4ec_00003,41,0.6747058823529412,least_confidence,4,215.4442074767831
795,af4ec_00003,42,0.7014148980441115,least_confidence,4,215.4442074767831
796,af4ec_00003,43,0.668235294117647,least_confidence,4,215.4442074767831
797,af4ec_00003,44,0.7113888368803178,least_confidence,4,215.4442074767831
798,af4ec_00003,45,0.6559323750081169,least_confidence,4,215.4442074767831
799,af4ec_00003,46,0.6912433558003178,least_confidence,4,215.4442074767831
800,af4ec_00003,47,0.7345237651393072,least_confidence,4,215.4442074767831
801,af4ec_00003,48,0.6711273083460575,least_confidence,4,215.4442074767831
802,af4ec_00003,49,0.6735700197238659,least_confidence,4,215.4442074767831
803,af4ec_00003,50,0.6735700197238659,least_confidence,4,215.4442074767831
804,af4ec_00003,51,0.6719997766236667,least_confidence,4,215.4442074767831
805,af4ec_00003,52,0.6801179769152669,least_confidence,4,215.4442074767831
806,af4ec_00003,53,0.6951720858409478,least_confidence,4,215.4442074767831
807,af4ec_00003,54,0.7076038640145025,least_confidence,4,215.4442074767831
808,af4ec_00003,55,0.7128914664457333,least_confidence,4,215.4442074767831
809,af4ec_00003,56,0.71482075976458,least_confidence,4,215.4442074767831
810,af4ec_00003,57,0.7175858054501553,least_confidence,4,215.4442074767831
811,af4ec_00003,58,0.7063104425124548,least_confidence,4,215.4442074767831
812,af4ec_00003,59,0.7042376583660988,least_confidence,4,215.4442074767831
813,af4ec_00003,60,0.7422070066920523,least_confidence,4,215.4442074767831
814,af4ec_00003,61,0.720624846593499,least_confidence,4,215.4442074767831
815,af4ec_00003,62,0.7790610439864172,least_confidence,4,215.4442074767831
816,af4ec_00003,63,0.783080931864503,least_confidence,4,215.4442074767831
817,af4ec_00003,64,0.7859610815721891,least_confidence,4,215.4442074767831
818,af4ec_00003,65,0.778725340631568,least_confidence,4,215.4442074767831
819,af4ec_00003,66,0.7608672768843296,least_confidence,4,215.4442074767831
820,af4ec_00003,67,0.7582239382239382,least_confidence,4,215.4442074767831
821,af4ec_00003,68,0.8483016695451928,least_confidence,4,215.4442074767831
822,af4ec_00003,69,0.7731815908034441,least_confidence,4,215.4442074767831
823,af4ec_00003,70,0.7668617748425978,least_confidence,4,215.4442074767831
824,af4ec_00003,71,0.820385081338352,least_confidence,4,215.4442074767831
825,af4ec_00003,72,0.780761422200628,least_confidence,4,215.4442074767831
826,af4ec_00003,73,0.8191061811751467,least_confidence,4,215.4442074767831
827,af4ec_00003,74,0.7775848497476501,least_confidence,4,215.4442074767831
828,af4ec_00003,75,0.8717998596127206,least_confidence,4,215.4442074767831
829,af4ec_00003,76,0.8899728452177411,least_confidence,4,215.4442074767831
830,af4ec_00003,77,0.8614743027416907,least_confidence,4,215.4442074767831
831,af4ec_00003,78,0.8459657416550683,least_confidence,4,215.4442074767831
832,af4ec_00003,79,0.8609321485881254,least_confidence,4,215.4442074767831
833,af4ec_00003,80,0.8117492454888704,least_confidence,4,215.4442074767831
834,af4ec_00003,81,0.8620515046296297,least_confidence,4,215.4442074767831
835,af4ec_00003,82,0.8576308513374485,least_confidence,4,215.4442074767831
836,af4ec_00003,83,0.8643541605553926,least_confidence,4,215.4442074767831
837,af4ec_00003,84,0.842290708781638,least_confidence,4,215.4442074767831
838,af4ec_00003,85,0.8569812320722153,least_confidence,4,215.4442074767831
839,af4ec_00003,86,0.8614743027416907,least_confidence,4,215.4442074767831
840,af4ec_00003,87,0.8549099994231371,least_confidence,4,215.4442074767831
841,af4ec_00003,88,0.8664721579218106,least_confidence,4,215.4442074767831
842,af4ec_00003,89,0.8753386775458083,least_confidence,4,215.4442074767831
843,af4ec_00003,90,0.8532910388580491,least_confidence,4,215.4442074767831
844,af4ec_00003,91,0.8717998596127206,least_confidence,4,215.4442074767831
845,af4ec_00003,92,0.8620006887052342,least_confidence,4,215.4442074767831
846,af4ec_00003,93,0.8738485992378298,least_confidence,4,215.4442074767831
847,af4ec_00003,94,0.8020156926406927,least_confidence,4,215.4442074767831
848,af4ec_00003,95,0.8746029093787981,least_confidence,4,215.4442074767831
849,af4ec_00003,96,0.8393066980023501,least_confidence,4,215.4442074767831
850,af4ec_00003,97,0.8744177327253347,least_confidence,4,215.4442074767831
851,af4ec_00003,98,0.8729183187946075,least_confidence,4,215.4442074767831
852,af4ec_00003,99,0.8724148082726135,least_confidence,4,215.4442074767831
853,af4ec_00003,100,0.8879570074638214,least_confidence,4,215.4442074767831
854,af4ec_00003,101,0.8739197567335493,least_confidence,4,215.4442074767831
855,af4ec_00003,102,0.8710156534261,least_confidence,4,215.4442074767831
856,af4ec_00003,103,0.8641342974568154,least_confidence,4,215.4442074767831
857,af4ec_00003,104,0.8360672705598504,least_confidence,4,215.4442074767831
858,af4ec_00003,105,0.8947779625989214,least_confidence,4,215.4442074767831
859,af4ec_00003,106,0.8595797439729531,least_confidence,4,215.4442074767831
860,af4ec_00003,107,0.875408317488177,least_confidence,4,215.4442074767831
861,af4ec_00003,108,0.8971282051282051,least_confidence,4,215.4442074767831
862,af4ec_00003,109,0.871948051948052,least_confidence,4,215.4442074767831
863,af4ec_00003,110,0.8863650977366255,least_confidence,4,215.4442074767831
864,af4ec_00003,111,0.8928571428571428,least_confidence,4,215.4442074767831
865,af4ec_00003,112,0.8983832428931913,least_confidence,4,215.4442074767831
866,af4ec_00003,113,0.9176031690258347,least_confidence,4,215.4442074767831
867,af4ec_00003,114,0.8947642405378441,least_confidence,4,215.4442074767831
868,af4ec_00003,115,0.892058480038064,least_confidence,4,215.4442074767831
869,af4ec_00003,116,0.9090929311802126,least_confidence,4,215.4442074767831
870,af4ec_00003,117,0.8687125249833445,least_confidence,4,215.4442074767831
871,af4ec_00003,118,0.8380991911417102,least_confidence,4,215.4442074767831
872,af4ec_00003,119,0.872900488507425,least_confidence,4,215.4442074767831
873,af4ec_00003,120,0.8878833799912937,least_confidence,4,215.4442074767831
874,af4ec_00003,121,0.8825307751416607,least_confidence,4,215.4442074767831
875,af4ec_00003,122,0.7042197683188613,least_confidence,4,215.4442074767831
876,af4ec_00003,123,0.8729537665391297,least_confidence,4,215.4442074767831
877,af4ec_00003,124,0.8949957462799523,least_confidence,4,215.4442074767831
878,af4ec_00003,125,0.8801754385964913,least_confidence,4,215.4442074767831
879,af4ec_00003,126,0.8960612848568392,least_confidence,4,215.4442074767831
880,af4ec_00003,127,0.864953054608227,least_confidence,4,215.4442074767831
881,af4ec_00003,128,0.9019080889785822,least_confidence,4,215.4442074767831
882,af4ec_00003,129,0.874509211718514,least_confidence,4,215.4442074767831
883,af4ec_00003,130,0.8849643054033873,least_confidence,4,215.4442074767831
884,af4ec_00003,131,0.8726215644820297,least_confidence,4,215.4442074767831
885,af4ec_00003,132,0.8831795047504836,least_confidence,4,215.4442074767831
886,af4ec_00003,133,0.8995902930412821,least_confidence,4,215.4442074767831
887,af4ec_00003,134,0.9181324265165729,least_confidence,4,215.4442074767831
888,af4ec_00003,135,0.9070037085906841,least_confidence,4,215.4442074767831
889,af4ec_00003,136,0.8562234616462254,least_confidence,4,215.4442074767831
890,af4ec_00003,137,0.8764423131870733,least_confidence,4,215.4442074767831
891,af4ec_00003,138,0.9035420619860848,least_confidence,4,215.4442074767831
892,af4ec_00003,139,0.8904397808863163,least_confidence,4,215.4442074767831
893,af4ec_00003,140,0.8844923076923077,least_confidence,4,215.4442074767831
894,af4ec_00003,141,0.8694885062209139,least_confidence,4,215.4442074767831
895,af4ec_00003,142,0.8984482849599731,least_confidence,4,215.4442074767831
896,af4ec_00003,143,0.8597595575259867,least_confidence,4,215.4442074767831
897,af4ec_00003,144,0.9013893660063361,least_confidence,4,215.4442074767831
898,af4ec_00003,145,0.9036737612055217,least_confidence,4,215.4442074767831
899,af4ec_00003,146,0.9021930996682435,least_confidence,4,215.4442074767831
900,af4ec_00003,147,0.8885535927923593,least_confidence,4,215.4442074767831
901,af4ec_00003,148,0.8950321158859416,least_confidence,4,215.4442074767831
902,af4ec_00003,149,0.892629698600131,least_confidence,4,215.4442074767831
903,af4ec_00003,150,0.8617963314358001,least_confidence,4,215.4442074767831
904,af4ec_00003,151,0.8662996745541643,least_confidence,4,215.4442074767831
905,af4ec_00003,152,0.8694888107843574,least_confidence,4,215.4442074767831
906,af4ec_00003,153,0.8728503063818531,least_confidence,4,215.4442074767831
907,af4ec_00003,154,0.8854223302001238,least_confidence,4,215.4442074767831
908,af4ec_00003,155,0.8913331068881063,least_confidence,4,215.4442074767831
909,af4ec_00003,156,0.8015294117647058,least_confidence,4,215.4442074767831
910,af4ec_00003,157,0.8925421280398602,least_confidence,4,215.4442074767831
911,af4ec_00003,158,0.8958221710687331,least_confidence,4,215.4442074767831
912,af4ec_00003,159,0.8335752423409881,least_confidence,4,215.4442074767831
913,af4ec_00003,160,0.8671280002363952,least_confidence,4,215.4442074767831
914,af4ec_00003,161,0.8793241497279494,least_confidence,4,215.4442074767831
915,af4ec_00003,162,0.8718183467775193,least_confidence,4,215.4442074767831
916,af4ec_00003,163,0.8832962225086918,least_confidence,4,215.4442074767831
917,af4ec_00003,164,0.9186193286453745,least_confidence,4,215.4442074767831
918,af4ec_00003,165,0.9077220077220077,least_confidence,4,215.4442074767831
919,af4ec_00003,166,0.8916396103896104,least_confidence,4,215.4442074767831
920,af4ec_00003,167,0.912114073777065,least_confidence,4,215.4442074767831
921,af4ec_00003,168,0.8961137010965984,least_confidence,4,215.4442074767831
922,af4ec_00003,169,0.8871144587279809,least_confidence,4,215.4442074767831
923,af4ec_00003,170,0.8620833333333333,least_confidence,4,215.4442074767831
924,af4ec_00003,171,0.8998614341564803,least_confidence,4,215.4442074767831
925,af4ec_00003,172,0.9085144927536232,least_confidence,4,215.4442074767831
926,af4ec_00003,173,0.9132209756871736,least_confidence,4,215.4442074767831
927,af4ec_00003,174,0.9072643707510133,least_confidence,4,215.4442074767831
928,af4ec_00003,175,0.9114271189056451,least_confidence,4,215.4442074767831
929,af4ec_00003,176,0.8990892463887126,least_confidence,4,215.4442074767831
930,af4ec_00003,177,0.9039591552075001,least_confidence,4,215.4442074767831
931,af4ec_00003,178,0.9064340713461105,least_confidence,4,215.4442074767831
932,af4ec_00003,179,0.9068538647342995,least_confidence,4,215.4442074767831
933,af4ec_00003,180,0.9106498402585312,least_confidence,4,215.4442074767831
934,af4ec_00003,181,0.908098420532622,least_confidence,4,215.4442074767831
935,af4ec_00003,182,0.9043850209511901,least_confidence,4,215.4442074767831
936,af4ec_00003,183,0.8766187494588199,least_confidence,4,215.4442074767831
937,af4ec_00003,184,0.9048035092181346,least_confidence,4,215.4442074767831
938,af4ec_00003,185,0.9154253866587225,least_confidence,4,215.4442074767831
939,af4ec_00003,186,0.9125161139106996,least_confidence,4,215.4442074767831
940,af4ec_00003,187,0.9159537481932889,least_confidence,4,215.4442074767831
941,af4ec_00003,188,0.9338110096506862,least_confidence,4,215.4442074767831
942,af4ec_00003,189,0.9201614019480833,least_confidence,4,215.4442074767831
943,af4ec_00003,190,0.9228290167584672,least_confidence,4,215.4442074767831
944,af4ec_00003,191,0.9224513833199679,least_confidence,4,215.4442074767831
945,af4ec_00003,192,0.9258971531676022,least_confidence,4,215.4442074767831
946,af4ec_00003,193,0.8911318883694574,least_confidence,4,215.4442074767831
947,af4ec_00003,194,0.9393430577862347,least_confidence,4,215.4442074767831
948,af4ec_00003,195,0.8985162914197179,least_confidence,4,215.4442074767831
949,af4ec_00003,196,0.9213061480345095,least_confidence,4,215.4442074767831
950,af4ec_00003,197,0.9252784615759584,least_confidence,4,215.4442074767831
951,af4ec_00003,198,0.8913168032769361,least_confidence,4,215.4442074767831
952,af4ec_00003,199,0.8886524743584738,least_confidence,4,215.4442074767831
953,af4ec_00003,200,0.888978545661667,least_confidence,4,215.4442074767831
954,af4ec_00003,201,0.8882735194210605,least_confidence,4,215.4442074767831
955,af4ec_00003,202,0.8994252700809793,least_confidence,4,215.4442074767831
956,af4ec_00003,203,0.926581167220123,least_confidence,4,215.4442074767831
957,af4ec_00003,204,0.9041333975770924,least_confidence,4,215.4442074767831
958,af4ec_00003,205,0.9346242601196051,least_confidence,4,215.4442074767831
959,af4ec_00003,206,0.926030729289878,least_confidence,4,215.4442074767831
960,af4ec_00003,207,0.896256851576163,least_confidence,4,215.4442074767831
961,af4ec_00003,208,0.9282781488663842,least_confidence,4,215.4442074767831
962,af4ec_00003,209,0.9273855706717676,least_confidence,4,215.4442074767831
963,af4ec_00003,210,0.9014167650531286,least_confidence,4,215.4442074767831
964,af4ec_00003,211,0.8801009134011342,least_confidence,4,215.4442074767831
965,af4ec_00003,212,0.9191095934540301,least_confidence,4,215.4442074767831
966,af4ec_00003,213,0.888522856283416,least_confidence,4,215.4442074767831
967,af4ec_00003,214,0.8920500722412859,least_confidence,4,215.4442074767831
968,af4ec_00003,215,0.9150919186263531,least_confidence,4,215.4442074767831
969,af4ec_00003,216,0.9196565546592765,least_confidence,4,215.4442074767831
970,af4ec_00003,217,0.9089433018551006,least_confidence,4,215.4442074767831
971,af4ec_00003,218,0.9097091704703201,least_confidence,4,215.4442074767831
972,af4ec_00003,219,0.9142667257421355,least_confidence,4,215.4442074767831
973,af4ec_00003,220,0.9187973573214885,least_confidence,4,215.4442074767831
974,af4ec_00003,221,0.9315700639230051,least_confidence,4,215.4442074767831
975,af4ec_00003,222,0.9244913491826356,least_confidence,4,215.4442074767831
976,af4ec_00003,223,0.8915913470442616,least_confidence,4,215.4442074767831
977,af4ec_00003,224,0.8801774505332204,least_confidence,4,215.4442074767831
978,af4ec_00003,225,0.8912594598143873,least_confidence,4,215.4442074767831
979,af4ec_00003,226,0.9251684957980604,least_confidence,4,215.4442074767831
980,af4ec_00003,227,0.9228561744939506,least_confidence,4,215.4442074767831
981,af4ec_00003,228,0.9279045215354416,least_confidence,4,215.4442074767831
982,af4ec_00003,229,0.9236285945601128,least_confidence,4,215.4442074767831
983,af4ec_00003,230,0.9302937553656079,least_confidence,4,215.4442074767831
984,af4ec_00003,231,0.9330636583302947,least_confidence,4,215.4442074767831
985,af4ec_00003,232,0.9261265238713207,least_confidence,4,215.4442074767831
986,af4ec_00003,233,0.9002833459963095,least_confidence,4,215.4442074767831
987,af4ec_00003,234,0.9313993091437831,least_confidence,4,215.4442074767831
988,af4ec_00003,235,0.8989590622938852,least_confidence,4,215.4442074767831
989,af4ec_00003,236,0.9131221935814791,least_confidence,4,215.4442074767831
990,af4ec_00003,237,0.923242595405354,least_confidence,4,215.4442074767831
991,af4ec_00003,238,0.9174988724953289,least_confidence,4,215.4442074767831
992,af4ec_00003,239,0.9032680754986493,least_confidence,4,215.4442074767831
993,af4ec_00003,240,0.9257468223179648,least_confidence,4,215.4442074767831
994,af4ec_00003,241,0.932703097798725,least_confidence,4,215.4442074767831
995,af4ec_00003,242,0.9308370255923145,least_confidence,4,215.4442074767831
996,af4ec_00003,243,0.8857558648459384,least_confidence,4,215.4442074767831
997,af4ec_00003,244,0.9095156784509144,least_confidence,4,215.4442074767831
998,af4ec_00003,245,0.9373577971611868,least_confidence,4,215.4442074767831
999,af4ec_00003,246,0.9187118747532911,least_confidence,4,215.4442074767831
1000,af4ec_00003,247,0.9174988724953289,least_confidence,4,215.4442074767831
1001,af4ec_00003,248,0.9195361051876108,least_confidence,4,215.4442074767831
1002,af4ec_00003,249,0.9091833215735334,least_confidence,4,215.4442074767831
1003,af4ec_00003,250,0.9400167945341424,least_confidence,4,215.4442074767831
1004,af4ec_00004,0,0.5656172328086164,least_confidence,5,208.9554973036067
1005,af4ec_00004,1,0.6040801544231695,least_confidence,5,208.9554973036067
1006,af4ec_00004,2,0.6040801544231695,least_confidence,5,208.9554973036067
1007,af4ec_00004,3,0.9070305272895467,least_confidence,5,208.9554973036067
1008,af4ec_00004,4,0.5972051216635423,least_confidence,5,208.9554973036067
1009,af4ec_00004,5,0.6037895789398502,least_confidence,5,208.9554973036067
1010,af4ec_00004,6,0.5996362912682935,least_confidence,5,208.9554973036067
1011,af4ec_00004,7,0.60599600105996,least_confidence,5,208.9554973036067
1012,af4ec_00004,8,0.607024215149295,least_confidence,5,208.9554973036067
1013,af4ec_00004,9,0.8161001991113893,least_confidence,5,208.9554973036067
1014,af4ec_00004,10,0.66150985601825,least_confidence,5,208.9554973036067
1015,af4ec_00004,11,0.662250937374113,least_confidence,5,208.9554973036067
1016,af4ec_00004,12,0.6647470440772981,least_confidence,5,208.9554973036067
1017,af4ec_00004,13,0.5923934435447593,least_confidence,5,208.9554973036067
1018,af4ec_00004,14,0.6738761497854683,least_confidence,5,208.9554973036067
1019,af4ec_00004,15,0.686661941047906,least_confidence,5,208.9554973036067
1020,af4ec_00004,16,0.6895475300530243,least_confidence,5,208.9554973036067
1021,af4ec_00004,17,0.6207723755120063,least_confidence,5,208.9554973036067
1022,af4ec_00004,18,0.6895475300530243,least_confidence,5,208.9554973036067
1023,af4ec_00004,19,0.688102734051367,least_confidence,5,208.9554973036067
1024,af4ec_00004,20,0.6946645650108285,least_confidence,5,208.9554973036067
1025,af4ec_00004,21,0.6428919379719088,least_confidence,5,208.9554973036067
1026,af4ec_00004,22,0.6895475300530243,least_confidence,5,208.9554973036067
1027,af4ec_00004,23,0.6462845356348044,least_confidence,5,208.9554973036067
1028,af4ec_00004,24,0.7064211974167949,least_confidence,5,208.9554973036067
1029,af4ec_00004,25,0.7041264387979245,least_confidence,5,208.9554973036067
1030,af4ec_00004,26,0.686272332361205,least_confidence,5,208.9554973036067
1031,af4ec_00004,27,0.7074281437416772,least_confidence,5,208.9554973036067
1032,af4ec_00004,28,0.6217208247867861,least_confidence,5,208.9554973036067
1033,af4ec_00004,29,0.6381584710971403,least_confidence,5,208.9554973036067
1034,af4ec_00004,30,0.6400680376716117,least_confidence,5,208.9554973036067
1035,af4ec_00004,31,0.6805616377572772,least_confidence,5,208.9554973036067
1036,af4ec_00004,32,0.6428352087034721,least_confidence,5,208.9554973036067
1037,af4ec_00004,33,0.6320973508270278,least_confidence,5,208.9554973036067
1038,af4ec_00004,34,0.7189602574040151,least_confidence,5,208.9554973036067
1039,af4ec_00004,35,0.6776242753176267,least_confidence,5,208.9554973036067
1040,af4ec_00004,36,0.6749920812338905,least_confidence,5,208.9554973036067
1041,af4ec_00004,37,0.6907157190635451,least_confidence,5,208.9554973036067
1042,af4ec_00004,38,0.6936458333333333,least_confidence,5,208.9554973036067
1043,af4ec_00004,39,0.6949704091406678,least_confidence,5,208.9554973036067
1044,af4ec_00004,40,0.690825883354619,least_confidence,5,208.9554973036067
1045,af4ec_00004,41,0.711797153487888,least_confidence,5,208.9554973036067
1046,af4ec_00004,42,0.755001299518747,least_confidence,5,208.9554973036067
1047,af4ec_00004,43,0.7245833333333334,least_confidence,5,208.9554973036067
1048,af4ec_00004,44,0.723594846750337,least_confidence,5,208.9554973036067
1049,af4ec_00004,45,0.7531615993457752,least_confidence,5,208.9554973036067
1050,af4ec_00004,46,0.7296421178630041,least_confidence,5,208.9554973036067
1051,af4ec_00004,47,0.7166259762331899,least_confidence,5,208.9554973036067
1052,af4ec_00004,48,0.7542613636363636,least_confidence,5,208.9554973036067
1053,af4ec_00004,49,0.7151783514753716,least_confidence,5,208.9554973036067
1054,af4ec_00004,50,0.723900129197215,least_confidence,5,208.9554973036067
1055,af4ec_00004,51,0.7396073247293657,least_confidence,5,208.9554973036067
1056,af4ec_00004,52,0.7469667793323548,least_confidence,5,208.9554973036067
1057,af4ec_00004,53,0.722067525234946,least_confidence,5,208.9554973036067
1058,af4ec_00004,54,0.7528237826671643,least_confidence,5,208.9554973036067
1059,af4ec_00004,55,0.7141204017659997,least_confidence,5,208.9554973036067
1060,af4ec_00004,56,0.7638163646815027,least_confidence,5,208.9554973036067
1061,af4ec_00004,57,0.7503772978054875,least_confidence,5,208.9554973036067
1062,af4ec_00004,58,0.7316168556257175,least_confidence,5,208.9554973036067
1063,af4ec_00004,59,0.725964684254804,least_confidence,5,208.9554973036067
1064,af4ec_00004,60,0.754965758730749,least_confidence,5,208.9554973036067
1065,af4ec_00004,61,0.7625197478043323,least_confidence,5,208.9554973036067
1066,af4ec_00004,62,0.7525537703403316,least_confidence,5,208.9554973036067
1067,af4ec_00004,63,0.720093656875266,least_confidence,5,208.9554973036067
1068,af4ec_00004,64,0.7658110166149973,least_confidence,5,208.9554973036067
1069,af4ec_00004,65,0.7813333725674827,least_confidence,5,208.9554973036067
1070,af4ec_00004,66,0.7869645712362198,least_confidence,5,208.9554973036067
1071,af4ec_00004,67,0.7750958325646229,least_confidence,5,208.9554973036067
1072,af4ec_00004,68,0.7609678652382486,least_confidence,5,208.9554973036067
1073,af4ec_00004,69,0.757435067393609,least_confidence,5,208.9554973036067
1074,af4ec_00004,70,0.8152176949755944,least_confidence,5,208.9554973036067
1075,af4ec_00004,71,0.7984622082627152,least_confidence,5,208.9554973036067
1076,af4ec_00004,72,0.801493686159479,least_confidence,5,208.9554973036067
1077,af4ec_00004,73,0.8398432164427002,least_confidence,5,208.9554973036067
1078,af4ec_00004,74,0.8328625255137323,least_confidence,5,208.9554973036067
1079,af4ec_00004,75,0.7618458444855591,least_confidence,5,208.9554973036067
1080,af4ec_00004,76,0.8301108581239969,least_confidence,5,208.9554973036067
1081,af4ec_00004,77,0.7537971927279256,least_confidence,5,208.9554973036067
1082,af4ec_00004,78,0.863017313938172,least_confidence,5,208.9554973036067
1083,af4ec_00004,79,0.7949160100886697,least_confidence,5,208.9554973036067
1084,af4ec_00004,80,0.8231639472430403,least_confidence,5,208.9554973036067
1085,af4ec_00004,81,0.8542513018185542,least_confidence,5,208.9554973036067
1086,af4ec_00004,82,0.8548392465642537,least_confidence,5,208.9554973036067
1087,af4ec_00004,83,0.7691223571555479,least_confidence,5,208.9554973036067
1088,af4ec_00004,84,0.8219413131773854,least_confidence,5,208.9554973036067
1089,af4ec_00004,85,0.8317356885131133,least_confidence,5,208.9554973036067
1090,af4ec_00004,86,0.8439362470651978,least_confidence,5,208.9554973036067
1091,af4ec_00004,87,0.8616438356164384,least_confidence,5,208.9554973036067
1092,af4ec_00004,88,0.8413995905291389,least_confidence,5,208.9554973036067
1093,af4ec_00004,89,0.8979215883270528,least_confidence,5,208.9554973036067
1094,af4ec_00004,90,0.8900899363864583,least_confidence,5,208.9554973036067
1095,af4ec_00004,91,0.9093619205559504,least_confidence,5,208.9554973036067
1096,af4ec_00004,92,0.8752199033422241,least_confidence,5,208.9554973036067
1097,af4ec_00004,93,0.8683906299348672,least_confidence,5,208.9554973036067
1098,af4ec_00004,94,0.8971609785563274,least_confidence,5,208.9554973036067
1099,af4ec_00004,95,0.8911590186306277,least_confidence,5,208.9554973036067
1100,af4ec_00004,96,0.8953279424977538,least_confidence,5,208.9554973036067
1101,af4ec_00004,97,0.8985035141751561,least_confidence,5,208.9554973036067
1102,af4ec_00004,98,0.8796699578337296,least_confidence,5,208.9554973036067
1103,af4ec_00004,99,0.8996328931538378,least_confidence,5,208.9554973036067
1104,af4ec_00004,100,0.8510428964974419,least_confidence,5,208.9554973036067
1105,af4ec_00004,101,0.8652199732765873,least_confidence,5,208.9554973036067
1106,af4ec_00004,102,0.8675067293889398,least_confidence,5,208.9554973036067
1107,af4ec_00004,103,0.886410466473027,least_confidence,5,208.9554973036067
1108,af4ec_00004,104,0.904343678096414,least_confidence,5,208.9554973036067
1109,af4ec_00004,105,0.8861992677604169,least_confidence,5,208.9554973036067
1110,af4ec_00004,106,0.8565017417545631,least_confidence,5,208.9554973036067
1111,af4ec_00004,107,0.900926640926641,least_confidence,5,208.9554973036067
1112,af4ec_00004,108,0.8967126623376623,least_confidence,5,208.9554973036067
1113,af4ec_00004,109,0.8524645958195674,least_confidence,5,208.9554973036067
1114,af4ec_00004,110,0.829903579582518,least_confidence,5,208.9554973036067
1115,af4ec_00004,111,0.847082961785367,least_confidence,5,208.9554973036067
1116,af4ec_00004,112,0.8445832893685654,least_confidence,5,208.9554973036067
1117,af4ec_00004,113,0.9018194447829584,least_confidence,5,208.9554973036067
1118,af4ec_00004,114,0.851388888888889,least_confidence,5,208.9554973036067
1119,af4ec_00004,115,0.9129175474368807,least_confidence,5,208.9554973036067
1120,af4ec_00004,116,0.8696803652968037,least_confidence,5,208.9554973036067
1121,af4ec_00004,117,0.8907037276371146,least_confidence,5,208.9554973036067
1122,af4ec_00004,118,0.8741344431741327,least_confidence,5,208.9554973036067
1123,af4ec_00004,119,0.7089300350535481,least_confidence,5,208.9554973036067
1124,af4ec_00004,120,0.7176325821550933,least_confidence,5,208.9554973036067
1125,af4ec_00004,121,0.8762298307752854,least_confidence,5,208.9554973036067
1126,af4ec_00004,122,0.7277695222489099,least_confidence,5,208.9554973036067
1127,af4ec_00004,123,0.7186686678695173,least_confidence,5,208.9554973036067
1128,af4ec_00004,124,0.9098968725845307,least_confidence,5,208.9554973036067
1129,af4ec_00004,125,0.7305768810782964,least_confidence,5,208.9554973036067
1130,af4ec_00004,126,0.7327522283962683,least_confidence,5,208.9554973036067
1131,af4ec_00004,127,0.7102979470629306,least_confidence,5,208.9554973036067
1132,af4ec_00004,128,0.926030585106383,least_confidence,5,208.9554973036067
1133,af4ec_00004,129,0.7330510935953723,least_confidence,5,208.9554973036067
1134,af4ec_00004,130,0.9157190219174672,least_confidence,5,208.9554973036067
1135,af4ec_00004,131,0.7362353931992841,least_confidence,5,208.9554973036067
1136,af4ec_00004,132,0.7341532639545885,least_confidence,5,208.9554973036067
1137,af4ec_00004,133,0.7316033266659648,least_confidence,5,208.9554973036067
1138,af4ec_00004,134,0.7287762410248051,least_confidence,5,208.9554973036067
1139,af4ec_00004,135,0.9267498258558861,least_confidence,5,208.9554973036067
1140,af4ec_00004,136,0.731151646389844,least_confidence,5,208.9554973036067
1141,af4ec_00004,137,0.9203008972332465,least_confidence,5,208.9554973036067
1142,af4ec_00004,138,0.9056408453455214,least_confidence,5,208.9554973036067
1143,af4ec_00004,139,0.8514818604484176,least_confidence,5,208.9554973036067
1144,af4ec_00004,140,0.8887170221674838,least_confidence,5,208.9554973036067
1145,af4ec_00004,141,0.8788428013636274,least_confidence,5,208.9554973036067
1146,af4ec_00004,142,0.8840760138519218,least_confidence,5,208.9554973036067
1147,af4ec_00004,143,0.8696803652968037,least_confidence,5,208.9554973036067
1148,af4ec_00004,144,0.867661470852203,least_confidence,5,208.9554973036067
1149,af4ec_00004,145,0.8925421280398602,least_confidence,5,208.9554973036067
1150,af4ec_00004,146,0.8714030258111574,least_confidence,5,208.9554973036067
1151,af4ec_00004,147,0.8899485930735931,least_confidence,5,208.9554973036067
1152,af4ec_00004,148,0.9231384016549355,least_confidence,5,208.9554973036067
1153,af4ec_00004,149,0.9121628284023477,least_confidence,5,208.9554973036067
1154,af4ec_00004,150,0.8893327024912198,least_confidence,5,208.9554973036067
1155,af4ec_00004,151,0.9133533575934947,least_confidence,5,208.9554973036067
1156,af4ec_00004,152,0.9123623812392749,least_confidence,5,208.9554973036067
1157,af4ec_00004,153,0.8895057683405576,least_confidence,5,208.9554973036067
1158,af4ec_00004,154,0.8899638739050824,least_confidence,5,208.9554973036067
1159,af4ec_00004,155,0.9166799077151881,least_confidence,5,208.9554973036067
1160,af4ec_00004,156,0.9100944872154565,least_confidence,5,208.9554973036067
1161,af4ec_00004,157,0.9227694443171328,least_confidence,5,208.9554973036067
1162,af4ec_00004,158,0.8741458001441289,least_confidence,5,208.9554973036067
1163,af4ec_00004,159,0.8775571957471047,least_confidence,5,208.9554973036067
1164,af4ec_00004,160,0.9078459514412152,least_confidence,5,208.9554973036067
1165,af4ec_00004,161,0.9095770463115089,least_confidence,5,208.9554973036067
1166,af4ec_00004,162,0.8992752691726194,least_confidence,5,208.9554973036067
1167,af4ec_00004,163,0.8997099125920837,least_confidence,5,208.9554973036067
1168,af4ec_00004,164,0.9051707328962442,least_confidence,5,208.9554973036067
1169,af4ec_00004,165,0.922925608011445,least_confidence,5,208.9554973036067
1170,af4ec_00004,166,0.9056408453455214,least_confidence,5,208.9554973036067
1171,af4ec_00004,167,0.9235730106110396,least_confidence,5,208.9554973036067
1172,af4ec_00004,168,0.9104996837444655,least_confidence,5,208.9554973036067
1173,af4ec_00004,169,0.9113081411818027,least_confidence,5,208.9554973036067
1174,af4ec_00004,170,0.9172702172782201,least_confidence,5,208.9554973036067
1175,af4ec_00004,171,0.9224598930481284,least_confidence,5,208.9554973036067
1176,af4ec_00004,172,0.9228314089477061,least_confidence,5,208.9554973036067
1177,af4ec_00004,173,0.9180424349864853,least_confidence,5,208.9554973036067
1178,af4ec_00004,174,0.9249344050575456,least_confidence,5,208.9554973036067
1179,af4ec_00004,175,0.9317722007974806,least_confidence,5,208.9554973036067
1180,af4ec_00004,176,0.9250506903927969,least_confidence,5,208.9554973036067
1181,af4ec_00004,177,0.9274730282200871,least_confidence,5,208.9554973036067
1182,af4ec_00004,178,0.9324643006045445,least_confidence,5,208.9554973036067
1183,af4ec_00004,179,0.9161099446459248,least_confidence,5,208.9554973036067
1184,af4ec_00004,180,0.923206190645441,least_confidence,5,208.9554973036067
1185,af4ec_00004,181,0.9274730282200871,least_confidence,5,208.9554973036067
1186,af4ec_00004,182,0.9246819435928878,least_confidence,5,208.9554973036067
1187,af4ec_00004,183,0.930672816343548,least_confidence,5,208.9554973036067
1188,af4ec_00004,184,0.9292379870484112,least_confidence,5,208.9554973036067
1189,af4ec_00004,185,0.9299437959779451,least_confidence,5,208.9554973036067
1190,af4ec_00004,186,0.9302972059544388,least_confidence,5,208.9554973036067
1191,af4ec_00004,187,0.9257868783078846,least_confidence,5,208.9554973036067
1192,af4ec_00004,188,0.9274730282200871,least_confidence,5,208.9554973036067
1193,af4ec_00004,189,0.9368410256410257,least_confidence,5,208.9554973036067
1194,af4ec_00004,190,0.9299437959779451,least_confidence,5,208.9554973036067
1195,af4ec_00004,191,0.9201755445248794,least_confidence,5,208.9554973036067
1196,af4ec_00004,192,0.9281656992203855,least_confidence,5,208.9554973036067
1197,af4ec_00004,193,0.938412477502874,least_confidence,5,208.9554973036067
1198,af4ec_00004,194,0.9246819435928878,least_confidence,5,208.9554973036067
1199,af4ec_00004,195,0.9295900178253119,least_confidence,5,208.9554973036067
1200,af4ec_00004,196,0.9285235159051624,least_confidence,5,208.9554973036067
1201,af4ec_00004,197,0.9339144220705959,least_confidence,5,208.9554973036067
1202,af4ec_00004,198,0.9271116322535712,least_confidence,5,208.9554973036067
1203,af4ec_00004,199,0.9100944872154565,least_confidence,5,208.9554973036067
1204,af4ec_00004,200,0.9334999894930647,least_confidence,5,208.9554973036067
1205,af4ec_00004,201,0.9090784796281105,least_confidence,5,208.9554973036067
1206,af4ec_00004,202,0.9412980638845342,least_confidence,5,208.9554973036067
1207,af4ec_00004,203,0.9225521187627546,least_confidence,5,208.9554973036067
1208,af4ec_00004,204,0.9331550802139037,least_confidence,5,208.9554973036067
1209,af4ec_00004,205,0.9034767316017316,least_confidence,5,208.9554973036067
1210,af4ec_00004,206,0.9281656992203855,least_confidence,5,208.9554973036067
1211,af4ec_00004,207,0.8976731631272785,least_confidence,5,208.9554973036067
1212,af4ec_00004,208,0.9056043430407787,least_confidence,5,208.9554973036067
1213,af4ec_00004,209,0.929971649501411,least_confidence,5,208.9554973036067
1214,af4ec_00004,210,0.9168923512169695,least_confidence,5,208.9554973036067
1215,af4ec_00004,211,0.9222996802873451,least_confidence,5,208.9554973036067
1216,af4ec_00004,212,0.9013893660063361,least_confidence,5,208.9554973036067
1217,af4ec_00004,213,0.9165014257926841,least_confidence,5,208.9554973036067
1218,af4ec_00004,214,0.9168923512169695,least_confidence,5,208.9554973036067
1219,af4ec_00004,215,0.9313552879036453,least_confidence,5,208.9554973036067
1220,af4ec_00004,216,0.9339144220705959,least_confidence,5,208.9554973036067
1221,af4ec_00004,217,0.9406582446808511,least_confidence,5,208.9554973036067
1222,af4ec_00004,218,0.9323257571061683,least_confidence,5,208.9554973036067
1223,af4ec_00004,219,0.939154518128719,least_confidence,5,208.9554973036067
1224,af4ec_00004,220,0.9358409567466381,least_confidence,5,208.9554973036067
1225,af4ec_00004,221,0.941617692418077,least_confidence,5,208.9554973036067
1226,af4ec_00004,222,0.9375064288758161,least_confidence,5,208.9554973036067
1227,af4ec_00004,223,0.9368410256410257,least_confidence,5,208.9554973036067
1228,af4ec_00004,224,0.9389744059817587,least_confidence,5,208.9554973036067
1229,af4ec_00004,225,0.9455316503919957,least_confidence,5,208.9554973036067
1230,af4ec_00004,226,0.9409782495162967,least_confidence,5,208.9554973036067
1231,af4ec_00004,227,0.9531705439146456,least_confidence,5,208.9554973036067
1232,af4ec_00004,228,0.8976731631272785,least_confidence,5,208.9554973036067
1233,af4ec_00004,229,0.9446128584059619,least_confidence,5,208.9554973036067
1234,af4ec_00004,230,0.9386461538461539,least_confidence,5,208.9554973036067
1235,af4ec_00004,231,0.941617692418077,least_confidence,5,208.9554973036067
1236,af4ec_00004,232,0.9281946147557736,least_confidence,5,208.9554973036067
1237,af4ec_00004,233,0.8968900966183575,least_confidence,5,208.9554973036067
1238,af4ec_00004,234,0.9371738546856891,least_confidence,5,208.9554973036067
1239,af4ec_00004,235,0.9434320625594825,least_confidence,5,208.9554973036067
1240,af4ec_00004,236,0.9504622537558117,least_confidence,5,208.9554973036067
1241,af4ec_00004,237,0.9371738546856891,least_confidence,5,208.9554973036067
1242,af4ec_00004,238,0.8913331068881063,least_confidence,5,208.9554973036067
1243,af4ec_00004,239,0.9368410256410257,least_confidence,5,208.9554973036067
1244,af4ec_00004,240,0.9264382791743306,least_confidence,5,208.9554973036067
1245,af4ec_00004,241,0.932118418667986,least_confidence,5,208.9554973036067
1246,af4ec_00004,242,0.9285235159051624,least_confidence,5,208.9554973036067
1247,af4ec_00004,243,0.9328098525080455,least_confidence,5,208.9554973036067
1248,af4ec_00004,244,0.9285235159051624,least_confidence,5,208.9554973036067
1249,af4ec_00004,245,0.9324643006045445,least_confidence,5,208.9554973036067
1250,af4ec_00004,246,0.9147703309223902,least_confidence,5,208.9554973036067
1251,af4ec_00004,247,0.9412980638845342,least_confidence,5,208.9554973036067
1252,af4ec_00004,248,0.9406582446808511,least_confidence,5,208.9554973036067
1253,af4ec_00004,249,0.9473696522500484,least_confidence,5,208.9554973036067
1254,af4ec_00004,250,0.9440044730425856,least_confidence,5,208.9554973036067
1255,af4ec_00005,0,0.5852242498403916,entropy,1,160.0459161050809
1256,af4ec_00005,1,0.6006265326612071,entropy,1,160.0459161050809
1257,af4ec_00005,2,0.47560427504168173,entropy,1,160.0459161050809
1258,af4ec_00005,3,0.6006265326612071,entropy,1,160.0459161050809
1259,af4ec_00005,4,0.47560427504168173,entropy,1,160.0459161050809
1260,af4ec_00005,5,0.47560427504168173,entropy,1,160.0459161050809
1261,af4ec_00005,6,0.47560427504168173,entropy,1,160.0459161050809
1262,af4ec_00005,7,0.6055956581896969,entropy,1,160.0459161050809
1263,af4ec_00005,8,0.6055956581896969,entropy,1,160.0459161050809
1264,af4ec_00005,9,0.47560427504168173,entropy,1,160.0459161050809
1265,af4ec_00005,10,0.6055956581896969,entropy,1,160.0459161050809
1266,af4ec_00005,11,0.5987525444960593,entropy,1,160.0459161050809
1267,af4ec_00005,12,0.46663751880824644,entropy,1,160.0459161050809
1268,af4ec_00005,13,0.6170617947777913,entropy,1,160.0459161050809
1269,af4ec_00005,14,0.5147663394580082,entropy,1,160.0459161050809
1270,af4ec_00005,15,0.4810244633481041,entropy,1,160.0459161050809
1271,af4ec_00005,16,0.6586902898802738,entropy,1,160.0459161050809
1272,af4ec_00005,17,0.45938769134645424,entropy,1,160.0459161050809
1273,af4ec_00005,18,0.4810244633481041,entropy,1,160.0459161050809
1274,af4ec_00005,19,0.5312864618179115,entropy,1,160.0459161050809
1275,af4ec_00005,20,0.666677808231388,entropy,1,160.0459161050809
1276,af4ec_00005,21,0.666677808231388,entropy,1,160.0459161050809
1277,af4ec_00005,22,0.4657320872274143,entropy,1,160.0459161050809
1278,af4ec_00005,23,0.666677808231388,entropy,1,160.0459161050809
1279,af4ec_00005,24,0.666677808231388,entropy,1,160.0459161050809
1280,af4ec_00005,25,0.666677808231388,entropy,1,160.0459161050809
1281,af4ec_00005,26,0.8574999999999999,entropy,1,160.0459161050809
1282,af4ec_00005,27,0.666677808231388,entropy,1,160.0459161050809
1283,af4ec_00005,28,0.5209660255086643,entropy,1,160.0459161050809
1284,af4ec_00005,29,0.42091230452757084,entropy,1,160.0459161050809
1285,af4ec_00005,30,0.601647928538426,entropy,1,160.0459161050809
1286,af4ec_00005,31,0.8574999999999999,entropy,1,160.0459161050809
1287,af4ec_00005,32,0.5095133763837638,entropy,1,160.0459161050809
1288,af4ec_00005,33,0.868019652383057,entropy,1,160.0459161050809
1289,af4ec_00005,34,0.40617233113225587,entropy,1,160.0459161050809
1290,af4ec_00005,35,0.5112813392448603,entropy,1,160.0459161050809
1291,af4ec_00005,36,0.6855081006295487,entropy,1,160.0459161050809
1292,af4ec_00005,37,0.6855081006295487,entropy,1,160.0459161050809
1293,af4ec_00005,38,0.41859505308399514,entropy,1,160.0459161050809
1294,af4ec_00005,39,0.5306919642857143,entropy,1,160.0459161050809
1295,af4ec_00005,40,0.868019652383057,entropy,1,160.0459161050809
1296,af4ec_00005,41,0.5095133763837638,entropy,1,160.0459161050809
1297,af4ec_00005,42,0.6585780892161425,entropy,1,160.0459161050809
1298,af4ec_00005,43,0.5112813392448603,entropy,1,160.0459161050809
1299,af4ec_00005,44,0.488656870327404,entropy,1,160.0459161050809
1300,af4ec_00005,45,0.8898175304553584,entropy,1,160.0459161050809
1301,af4ec_00005,46,0.5770660990002964,entropy,1,160.0459161050809
1302,af4ec_00005,47,0.7693956092014345,entropy,1,160.0459161050809
1303,af4ec_00005,48,0.5209660255086643,entropy,1,160.0459161050809
1304,af4ec_00005,49,0.48955849025261333,entropy,1,160.0459161050809
1305,af4ec_00005,50,0.7693956092014345,entropy,1,160.0459161050809
1306,af4ec_00005,51,0.7693956092014345,entropy,1,160.0459161050809
1307,af4ec_00005,52,0.7693956092014345,entropy,1,160.0459161050809
1308,af4ec_00005,53,0.8188299573560767,entropy,1,160.0459161050809
1309,af4ec_00005,54,0.7693956092014345,entropy,1,160.0459161050809
1310,af4ec_00005,55,0.5538644553143246,entropy,1,160.0459161050809
1311,af4ec_00005,56,0.8188299573560767,entropy,1,160.0459161050809
1312,af4ec_00005,57,0.9012364562302069,entropy,1,160.0459161050809
1313,af4ec_00005,58,0.7693956092014345,entropy,1,160.0459161050809
1314,af4ec_00005,59,0.7693956092014345,entropy,1,160.0459161050809
1315,af4ec_00005,60,0.7693956092014345,entropy,1,160.0459161050809
1316,af4ec_00005,61,0.6470604090521934,entropy,1,160.0459161050809
1317,af4ec_00005,62,0.9025617566331199,entropy,1,160.0459161050809
1318,af4ec_00005,63,0.9036697247706422,entropy,1,160.0459161050809
1319,af4ec_00005,64,0.5209660255086643,entropy,1,160.0459161050809
1320,af4ec_00005,65,0.6470604090521934,entropy,1,160.0459161050809
1321,af4ec_00005,66,0.523413643768778,entropy,1,160.0459161050809
1322,af4ec_00005,67,0.523413643768778,entropy,1,160.0459161050809
1323,af4ec_00005,68,0.9025617566331199,entropy,1,160.0459161050809
1324,af4ec_00005,69,0.9010938924339107,entropy,1,160.0459161050809
1325,af4ec_00005,70,0.5209660255086643,entropy,1,160.0459161050809
1326,af4ec_00005,71,0.5604615578878565,entropy,1,160.0459161050809
1327,af4ec_00005,72,0.39800649049605935,entropy,1,160.0459161050809
1328,af4ec_00005,73,0.816353901242026,entropy,1,160.0459161050809
1329,af4ec_00005,74,0.4243119266055046,entropy,1,160.0459161050809
1330,af4ec_00005,75,0.535029368056047,entropy,1,160.0459161050809
1331,af4ec_00005,76,0.6655092592592593,entropy,1,160.0459161050809
1332,af4ec_00005,77,0.523413643768778,entropy,1,160.0459161050809
1333,af4ec_00005,78,0.535029368056047,entropy,1,160.0459161050809
1334,af4ec_00005,79,0.9036697247706422,entropy,1,160.0459161050809
1335,af4ec_00005,80,0.9292682926829268,entropy,1,160.0459161050809
1336,af4ec_00005,81,0.523413643768778,entropy,1,160.0459161050809
1337,af4ec_00005,82,0.4243119266055046,entropy,1,160.0459161050809
1338,af4ec_00005,83,0.4052224227703872,entropy,1,160.0459161050809
1339,af4ec_00005,84,0.5604615578878565,entropy,1,160.0459161050809
1340,af4ec_00005,85,0.6655092592592593,entropy,1,160.0459161050809
1341,af4ec_00005,86,0.9036697247706422,entropy,1,160.0459161050809
1342,af4ec_00005,87,0.6655092592592593,entropy,1,160.0459161050809
1343,af4ec_00005,88,0.535029368056047,entropy,1,160.0459161050809
1344,af4ec_00005,89,0.535029368056047,entropy,1,160.0459161050809
1345,af4ec_00005,90,0.5604615578878565,entropy,1,160.0459161050809
1346,af4ec_00005,91,0.9036697247706422,entropy,1,160.0459161050809
1347,af4ec_00005,92,0.9036697247706422,entropy,1,160.0459161050809
1348,af4ec_00005,93,0.9036697247706422,entropy,1,160.0459161050809
1349,af4ec_00005,94,0.5604615578878565,entropy,1,160.0459161050809
1350,af4ec_00005,95,0.5157570548632001,entropy,1,160.0459161050809
1351,af4ec_00005,96,0.9021937842778793,entropy,1,160.0459161050809
1352,af4ec_00005,97,0.5157570548632001,entropy,1,160.0459161050809
1353,af4ec_00005,98,0.535029368056047,entropy,1,160.0459161050809
1354,af4ec_00005,99,0.556666344698799,entropy,1,160.0459161050809
1355,af4ec_00005,100,0.535029368056047,entropy,1,160.0459161050809
1356,af4ec_00005,101,0.535029368056047,entropy,1,160.0459161050809
1357,af4ec_00005,102,0.5157570548632001,entropy,1,160.0459161050809
1358,af4ec_00005,103,0.9032997250229148,entropy,1,160.0459161050809
1359,af4ec_00005,104,0.9032997250229148,entropy,1,160.0459161050809
1360,af4ec_00005,105,0.65263644773358,entropy,1,160.0459161050809
1361,af4ec_00005,106,0.9292682926829268,entropy,1,160.0459161050809
1362,af4ec_00005,107,0.9292682926829268,entropy,1,160.0459161050809
1363,af4ec_00005,108,0.9032997250229148,entropy,1,160.0459161050809
1364,af4ec_00005,109,0.5157570548632001,entropy,1,160.0459161050809
1365,af4ec_00005,110,0.9032997250229148,entropy,1,160.0459161050809
1366,af4ec_00005,111,0.5157570548632001,entropy,1,160.0459161050809
1367,af4ec_00005,112,0.9292682926829268,entropy,1,160.0459161050809
1368,af4ec_00005,113,0.5157570548632001,entropy,1,160.0459161050809
1369,af4ec_00005,114,0.4243119266055046,entropy,1,160.0459161050809
1370,af4ec_00005,115,0.46447458721892537,entropy,1,160.0459161050809
1371,af4ec_00005,116,0.9032997250229148,entropy,1,160.0459161050809
1372,af4ec_00005,117,0.535029368056047,entropy,1,160.0459161050809
1373,af4ec_00005,118,0.9032997250229148,entropy,1,160.0459161050809
1374,af4ec_00005,119,0.5157570548632001,entropy,1,160.0459161050809
1375,af4ec_00005,120,0.4243119266055046,entropy,1,160.0459161050809
1376,af4ec_00005,121,0.9032997250229148,entropy,1,160.0459161050809
1377,af4ec_00005,122,0.535029368056047,entropy,1,160.0459161050809
1378,af4ec_00005,123,0.535029368056047,entropy,1,160.0459161050809
1379,af4ec_00005,124,0.4977796617011828,entropy,1,160.0459161050809
1380,af4ec_00005,125,0.4977796617011828,entropy,1,160.0459161050809
1381,af4ec_00005,126,0.4977796617011828,entropy,1,160.0459161050809
1382,af4ec_00005,127,0.3982894128525197,entropy,1,160.0459161050809
1383,af4ec_00005,128,0.4977796617011828,entropy,1,160.0459161050809
1384,af4ec_00005,129,0.535029368056047,entropy,1,160.0459161050809
1385,af4ec_00005,130,0.4977796617011828,entropy,1,160.0459161050809
1386,af4ec_00005,131,0.8,entropy,1,160.0459161050809
1387,af4ec_00005,132,0.5306976744186047,entropy,1,160.0459161050809
1388,af4ec_00005,133,0.661238090368325,entropy,1,160.0459161050809
1389,af4ec_00005,134,0.539209695488339,entropy,1,160.0459161050809
1390,af4ec_00005,135,0.9023776863283036,entropy,1,160.0459161050809
1391,af4ec_00005,136,0.9286410131514856,entropy,1,160.0459161050809
1392,af4ec_00005,137,0.9020100502512562,entropy,1,160.0459161050809
1393,af4ec_00005,138,0.4977796617011828,entropy,1,160.0459161050809
1394,af4ec_00005,139,0.9003639672429482,entropy,1,160.0459161050809
1395,af4ec_00005,140,0.9020100502512562,entropy,1,160.0459161050809
1396,af4ec_00005,141,0.4977796617011828,entropy,1,160.0459161050809
1397,af4ec_00005,142,0.9020100502512562,entropy,1,160.0459161050809
1398,af4ec_00005,143,0.9003639672429482,entropy,1,160.0459161050809
1399,af4ec_00005,144,0.9020100502512562,entropy,1,160.0459161050809
1400,af4ec_00005,145,0.4908634079488351,entropy,1,160.0459161050809
1401,af4ec_00005,146,0.4908634079488351,entropy,1,160.0459161050809
1402,af4ec_00005,147,0.5099413685197528,entropy,1,160.0459161050809
1403,af4ec_00005,148,0.39958922866271107,entropy,1,160.0459161050809
1404,af4ec_00005,149,0.4908634079488351,entropy,1,160.0459161050809
1405,af4ec_00005,150,0.9003639672429482,entropy,1,160.0459161050809
1406,af4ec_00005,151,0.9020100502512562,entropy,1,160.0459161050809
1407,af4ec_00005,152,0.9020100502512562,entropy,1,160.0459161050809
1408,af4ec_00005,153,0.5099413685197528,entropy,1,160.0459161050809
1409,af4ec_00005,154,0.3985239852398524,entropy,1,160.0459161050809
1410,af4ec_00005,155,0.9003639672429482,entropy,1,160.0459161050809
1411,af4ec_00005,156,0.5099413685197528,entropy,1,160.0459161050809
1412,af4ec_00005,157,0.39958922866271107,entropy,1,160.0459161050809
1413,af4ec_00005,158,0.5284633049778439,entropy,1,160.0459161050809
1414,af4ec_00005,159,0.676605504587156,entropy,1,160.0459161050809
1415,af4ec_00005,160,0.5059088955737,entropy,1,160.0459161050809
1416,af4ec_00005,161,0.8,entropy,1,160.0459161050809
1417,af4ec_00005,162,0.4908634079488351,entropy,1,160.0459161050809
1418,af4ec_00005,163,0.9280155642023347,entropy,1,160.0459161050809
1419,af4ec_00005,164,0.9020100502512562,entropy,1,160.0459161050809
1420,af4ec_00005,165,0.4908634079488351,entropy,1,160.0459161050809
1421,af4ec_00005,166,0.5099413685197528,entropy,1,160.0459161050809
1422,af4ec_00005,167,0.8359683794466404,entropy,1,160.0459161050809
1423,af4ec_00005,168,0.9280155642023347,entropy,1,160.0459161050809
1424,af4ec_00005,169,0.9280155642023347,entropy,1,160.0459161050809
1425,af4ec_00005,170,0.5099413685197528,entropy,1,160.0459161050809
1426,af4ec_00005,171,0.9020100502512562,entropy,1,160.0459161050809
1427,af4ec_00005,172,0.9020100502512562,entropy,1,160.0459161050809
1428,af4ec_00005,173,0.5099413685197528,entropy,1,160.0459161050809
1429,af4ec_00005,174,0.4908634079488351,entropy,1,160.0459161050809
1430,af4ec_00005,175,0.5099413685197528,entropy,1,160.0459161050809
1431,af4ec_00005,176,0.9020100502512562,entropy,1,160.0459161050809
1432,af4ec_00005,177,0.5099413685197528,entropy,1,160.0459161050809
1433,af4ec_00005,178,0.5099413685197528,entropy,1,160.0459161050809
1434,af4ec_00005,179,0.4908634079488351,entropy,1,160.0459161050809
1435,af4ec_00005,180,0.5099413685197528,entropy,1,160.0459161050809
1436,af4ec_00005,181,0.5099413685197528,entropy,1,160.0459161050809
1437,af4ec_00005,182,0.9020100502512562,entropy,1,160.0459161050809
1438,af4ec_00005,183,0.3985239852398524,entropy,1,160.0459161050809
1439,af4ec_00005,184,0.4908634079488351,entropy,1,160.0459161050809
1440,af4ec_00005,185,0.4908634079488351,entropy,1,160.0459161050809
1441,af4ec_00005,186,0.39958922866271107,entropy,1,160.0459161050809
1442,af4ec_00005,187,0.9010938924339107,entropy,1,160.0459161050809
1443,af4ec_00005,188,0.9010938924339107,entropy,1,160.0459161050809
1444,af4ec_00005,189,0.4908634079488351,entropy,1,160.0459161050809
1445,af4ec_00005,190,0.9007285974499089,entropy,1,160.0459161050809
1446,af4ec_00005,191,0.5367309458218549,entropy,1,160.0459161050809
1447,af4ec_00005,192,0.5,entropy,1,160.0459161050809
1448,af4ec_00005,193,0.4908634079488351,entropy,1,160.0459161050809
1449,af4ec_00005,194,0.4551889194418983,entropy,1,160.0459161050809
1450,af4ec_00005,195,0.9010938924339107,entropy,1,160.0459161050809
1451,af4ec_00005,196,0.6006864988558352,entropy,1,160.0459161050809
1452,af4ec_00005,197,0.4908634079488351,entropy,1,160.0459161050809
1453,af4ec_00005,198,0.5,entropy,1,160.0459161050809
1454,af4ec_00005,199,0.9010938924339107,entropy,1,160.0459161050809
1455,af4ec_00005,200,0.5367309458218549,entropy,1,160.0459161050809
1456,af4ec_00005,201,0.5,entropy,1,160.0459161050809
1457,af4ec_00005,202,0.5,entropy,1,160.0459161050809
1458,af4ec_00005,203,0.4908634079488351,entropy,1,160.0459161050809
1459,af4ec_00005,204,0.4908634079488351,entropy,1,160.0459161050809
1460,af4ec_00005,205,0.5367309458218549,entropy,1,160.0459161050809
1461,af4ec_00005,206,0.4908634079488351,entropy,1,160.0459161050809
1462,af4ec_00005,207,0.9010938924339107,entropy,1,160.0459161050809
1463,af4ec_00005,208,0.4908634079488351,entropy,1,160.0459161050809
1464,af4ec_00005,209,0.5,entropy,1,160.0459161050809
1465,af4ec_00005,210,0.9010938924339107,entropy,1,160.0459161050809
1466,af4ec_00005,211,0.4908634079488351,entropy,1,160.0459161050809
1467,af4ec_00005,212,0.39958922866271107,entropy,1,160.0459161050809
1468,af4ec_00005,213,0.9010938924339107,entropy,1,160.0459161050809
1469,af4ec_00005,214,0.9273919378339,entropy,1,160.0459161050809
1470,af4ec_00005,215,0.5192311894927774,entropy,1,160.0459161050809
1471,af4ec_00005,216,0.9009111617312073,entropy,1,160.0459161050809
1472,af4ec_00005,217,0.5192311894927774,entropy,1,160.0459161050809
1473,af4ec_00005,218,0.9273919378339,entropy,1,160.0459161050809
1474,af4ec_00005,219,0.9009111617312073,entropy,1,160.0459161050809
1475,af4ec_00005,220,0.9005461993627675,entropy,1,160.0459161050809
1476,af4ec_00005,221,0.4497716894977169,entropy,1,160.0459161050809
1477,af4ec_00005,222,0.9007285974499089,entropy,1,160.0459161050809
1478,af4ec_00005,223,0.9007285974499089,entropy,1,160.0459161050809
1479,af4ec_00005,224,0.5541662270057333,entropy,1,160.0459161050809
1480,af4ec_00005,225,0.5112027701395254,entropy,1,160.0459161050809
1481,af4ec_00005,226,0.4497716894977169,entropy,1,160.0459161050809
1482,af4ec_00005,227,0.4497716894977169,entropy,1,160.0459161050809
1483,af4ec_00005,228,0.39935956084172003,entropy,1,160.0459161050809
1484,af4ec_00005,229,0.4497716894977169,entropy,1,160.0459161050809
1485,af4ec_00005,230,0.900181900864029,entropy,1,160.0459161050809
1486,af4ec_00005,231,0.9007285974499089,entropy,1,160.0459161050809
1487,af4ec_00005,232,0.9007285974499089,entropy,1,160.0459161050809
1488,af4ec_00005,233,0.4881436770768775,entropy,1,160.0459161050809
1489,af4ec_00005,234,0.4497716894977169,entropy,1,160.0459161050809
1490,af4ec_00005,235,0.4881436770768775,entropy,1,160.0459161050809
1491,af4ec_00005,236,0.39935956084172003,entropy,1,160.0459161050809
1492,af4ec_00005,237,0.9007285974499089,entropy,1,160.0459161050809
1493,af4ec_00005,238,0.4497716894977169,entropy,1,160.0459161050809
1494,af4ec_00005,239,0.8,entropy,1,160.0459161050809
1495,af4ec_00005,240,0.4497716894977169,entropy,1,160.0459161050809
1496,af4ec_00005,241,0.5112027701395254,entropy,1,160.0459161050809
1497,af4ec_00005,242,0.4881436770768775,entropy,1,160.0459161050809
1498,af4ec_00005,243,0.39935956084172003,entropy,1,160.0459161050809
1499,af4ec_00005,244,0.4881436770768775,entropy,1,160.0459161050809
1500,af4ec_00005,245,0.9007285974499089,entropy,1,160.0459161050809
1501,af4ec_00005,246,0.5112027701395254,entropy,1,160.0459161050809
1502,af4ec_00005,247,0.5112027701395254,entropy,1,160.0459161050809
1503,af4ec_00005,248,0.9007285974499089,entropy,1,160.0459161050809
1504,af4ec_00005,249,0.9007285974499089,entropy,1,160.0459161050809
1505,af4ec_00005,250,0.39935956084172003,entropy,1,160.0459161050809
1506,af4ec_00006,0,0.5074538089716755,entropy,2,178.21627212192897
1507,af4ec_00006,1,0.7420685860993949,entropy,2,178.21627212192897
1508,af4ec_00006,2,0.5385885048461736,entropy,2,178.21627212192897
1509,af4ec_00006,3,0.5183401280193164,entropy,2,178.21627212192897
1510,af4ec_00006,4,0.44814003710800865,entropy,2,178.21627212192897
1511,af4ec_00006,5,0.49249950409944454,entropy,2,178.21627212192897
1512,af4ec_00006,6,0.5183401280193164,entropy,2,178.21627212192897
1513,af4ec_00006,7,0.42304650667639987,entropy,2,178.21627212192897
1514,af4ec_00006,8,0.4957096192287066,entropy,2,178.21627212192897
1515,af4ec_00006,9,0.49249950409944454,entropy,2,178.21627212192897
1516,af4ec_00006,10,0.4957096192287066,entropy,2,178.21627212192897
1517,af4ec_00006,11,0.5186038740071481,entropy,2,178.21627212192897
1518,af4ec_00006,12,0.5389110638399579,entropy,2,178.21627212192897
1519,af4ec_00006,13,0.6995027058651455,entropy,2,178.21627212192897
1520,af4ec_00006,14,0.6030266366019542,entropy,2,178.21627212192897
1521,af4ec_00006,15,0.652664804671003,entropy,2,178.21627212192897
1522,af4ec_00006,16,0.6842060186437317,entropy,2,178.21627212192897
1523,af4ec_00006,17,0.5343883966621288,entropy,2,178.21627212192897
1524,af4ec_00006,18,0.5843635531135531,entropy,2,178.21627212192897
1525,af4ec_00006,19,0.6584460425558957,entropy,2,178.21627212192897
1526,af4ec_00006,20,0.6963583180053137,entropy,2,178.21627212192897
1527,af4ec_00006,21,0.5309561065959858,entropy,2,178.21627212192897
1528,af4ec_00006,22,0.47995534624352926,entropy,2,178.21627212192897
1529,af4ec_00006,23,0.5323710508552708,entropy,2,178.21627212192897
1530,af4ec_00006,24,0.5280207365117392,entropy,2,178.21627212192897
1531,af4ec_00006,25,0.48233843023200007,entropy,2,178.21627212192897
1532,af4ec_00006,26,0.5199393178687693,entropy,2,178.21627212192897
1533,af4ec_00006,27,0.6090515648807955,entropy,2,178.21627212192897
1534,af4ec_00006,28,0.72412186969149,entropy,2,178.21627212192897
1535,af4ec_00006,29,0.5848571428571429,entropy,2,178.21627212192897
1536,af4ec_00006,30,0.5509126199096711,entropy,2,178.21627212192897
1537,af4ec_00006,31,0.6902594581653803,entropy,2,178.21627212192897
1538,af4ec_00006,32,0.6544328574803415,entropy,2,178.21627212192897
1539,af4ec_00006,33,0.6201400877751653,entropy,2,178.21627212192897
1540,af4ec_00006,34,0.7042376583660988,entropy,2,178.21627212192897
1541,af4ec_00006,35,0.5183759002922381,entropy,2,178.21627212192897
1542,af4ec_00006,36,0.7352845281661242,entropy,2,178.21627212192897
1543,af4ec_00006,37,0.7497484370102769,entropy,2,178.21627212192897
1544,af4ec_00006,38,0.6809700650171573,entropy,2,178.21627212192897
1545,af4ec_00006,39,0.6659073593208216,entropy,2,178.21627212192897
1546,af4ec_00006,40,0.7308540214156947,entropy,2,178.21627212192897
1547,af4ec_00006,41,0.5318287037037037,entropy,2,178.21627212192897
1548,af4ec_00006,42,0.609025021035841,entropy,2,178.21627212192897
1549,af4ec_00006,43,0.6994481671265274,entropy,2,178.21627212192897
1550,af4ec_00006,44,0.6658190294553932,entropy,2,178.21627212192897
1551,af4ec_00006,45,0.6440781850850531,entropy,2,178.21627212192897
1552,af4ec_00006,46,0.5869274144011705,entropy,2,178.21627212192897
1553,af4ec_00006,47,0.6555730498830725,entropy,2,178.21627212192897
1554,af4ec_00006,48,0.6566951566951567,entropy,2,178.21627212192897
1555,af4ec_00006,49,0.6826648773653382,entropy,2,178.21627212192897
1556,af4ec_00006,50,0.6126321474879443,entropy,2,178.21627212192897
1557,af4ec_00006,51,0.6465461308880142,entropy,2,178.21627212192897
1558,af4ec_00006,52,0.6595882803298985,entropy,2,178.21627212192897
1559,af4ec_00006,53,0.6828587000953809,entropy,2,178.21627212192897
1560,af4ec_00006,54,0.6433573484390182,entropy,2,178.21627212192897
1561,af4ec_00006,55,0.7242288961038961,entropy,2,178.21627212192897
1562,af4ec_00006,56,0.7029587765957447,entropy,2,178.21627212192897
1563,af4ec_00006,57,0.6624793642518665,entropy,2,178.21627212192897
1564,af4ec_00006,58,0.5756801931469959,entropy,2,178.21627212192897
1565,af4ec_00006,59,0.7561258052587532,entropy,2,178.21627212192897
1566,af4ec_00006,60,0.737469806763285,entropy,2,178.21627212192897
1567,af4ec_00006,61,0.6839969162217037,entropy,2,178.21627212192897
1568,af4ec_00006,62,0.5587214733751502,entropy,2,178.21627212192897
1569,af4ec_00006,63,0.6576128364624674,entropy,2,178.21627212192897
1570,af4ec_00006,64,0.6990100699778119,entropy,2,178.21627212192897
1571,af4ec_00006,65,0.5542355371900827,entropy,2,178.21627212192897
1572,af4ec_00006,66,0.6674639450374744,entropy,2,178.21627212192897
1573,af4ec_00006,67,0.6046788263283108,entropy,2,178.21627212192897
1574,af4ec_00006,68,0.6160218198086114,entropy,2,178.21627212192897
1575,af4ec_00006,69,0.700130337688533,entropy,2,178.21627212192897
1576,af4ec_00006,70,0.6553728671436101,entropy,2,178.21627212192897
1577,af4ec_00006,71,0.7559289321312429,entropy,2,178.21627212192897
1578,af4ec_00006,72,0.5814564475850605,entropy,2,178.21627212192897
1579,af4ec_00006,73,0.6514513531035497,entropy,2,178.21627212192897
1580,af4ec_00006,74,0.6741490444419315,entropy,2,178.21627212192897
1581,af4ec_00006,75,0.7672429527401452,entropy,2,178.21627212192897
1582,af4ec_00006,76,0.7096642096642096,entropy,2,178.21627212192897
1583,af4ec_00006,77,0.7804198344478335,entropy,2,178.21627212192897
1584,af4ec_00006,78,0.8016117466836152,entropy,2,178.21627212192897
1585,af4ec_00006,79,0.7970350583751488,entropy,2,178.21627212192897
1586,af4ec_00006,80,0.69782824252098,entropy,2,178.21627212192897
1587,af4ec_00006,81,0.7270723934515154,entropy,2,178.21627212192897
1588,af4ec_00006,82,0.7555844155844156,entropy,2,178.21627212192897
1589,af4ec_00006,83,0.8434769064590395,entropy,2,178.21627212192897
1590,af4ec_00006,84,0.8386387579881023,entropy,2,178.21627212192897
1591,af4ec_00006,85,0.6990341707928358,entropy,2,178.21627212192897
1592,af4ec_00006,86,0.8267878709454797,entropy,2,178.21627212192897
1593,af4ec_00006,87,0.6825509720246563,entropy,2,178.21627212192897
1594,af4ec_00006,88,0.787866772402855,entropy,2,178.21627212192897
1595,af4ec_00006,89,0.8067952919031522,entropy,2,178.21627212192897
1596,af4ec_00006,90,0.7779255319148937,entropy,2,178.21627212192897
1597,af4ec_00006,91,0.735906862745098,entropy,2,178.21627212192897
1598,af4ec_00006,92,0.8207363157378278,entropy,2,178.21627212192897
1599,af4ec_00006,93,0.7498811463262778,entropy,2,178.21627212192897
1600,af4ec_00006,94,0.8158974358974359,entropy,2,178.21627212192897
1601,af4ec_00006,95,0.8169070441571376,entropy,2,178.21627212192897
1602,af4ec_00006,96,0.7474747474747475,entropy,2,178.21627212192897
1603,af4ec_00006,97,0.8314732142857143,entropy,2,178.21627212192897
1604,af4ec_00006,98,0.828652038544879,entropy,2,178.21627212192897
1605,af4ec_00006,99,0.6412583206677666,entropy,2,178.21627212192897
1606,af4ec_00006,100,0.6972917227154516,entropy,2,178.21627212192897
1607,af4ec_00006,101,0.8286527861489221,entropy,2,178.21627212192897
1608,af4ec_00006,102,0.6778716045500994,entropy,2,178.21627212192897
1609,af4ec_00006,103,0.8501898473965512,entropy,2,178.21627212192897
1610,af4ec_00006,104,0.909454969835578,entropy,2,178.21627212192897
1611,af4ec_00006,105,0.72275,entropy,2,178.21627212192897
1612,af4ec_00006,106,0.7857036012116225,entropy,2,178.21627212192897
1613,af4ec_00006,107,0.8341375531072492,entropy,2,178.21627212192897
1614,af4ec_00006,108,0.8751508960906305,entropy,2,178.21627212192897
1615,af4ec_00006,109,0.8509093575828688,entropy,2,178.21627212192897
1616,af4ec_00006,110,0.7713098228450554,entropy,2,178.21627212192897
1617,af4ec_00006,111,0.7907233951671955,entropy,2,178.21627212192897
1618,af4ec_00006,112,0.7144909688013137,entropy,2,178.21627212192897
1619,af4ec_00006,113,0.7006611875032928,entropy,2,178.21627212192897
1620,af4ec_00006,114,0.8448081619398855,entropy,2,178.21627212192897
1621,af4ec_00006,115,0.8144152810223994,entropy,2,178.21627212192897
1622,af4ec_00006,116,0.8045951204909445,entropy,2,178.21627212192897
1623,af4ec_00006,117,0.8118949022592052,entropy,2,178.21627212192897
1624,af4ec_00006,118,0.7702852702852703,entropy,2,178.21627212192897
1625,af4ec_00006,119,0.8318698347107438,entropy,2,178.21627212192897
1626,af4ec_00006,120,0.8726320902949287,entropy,2,178.21627212192897
1627,af4ec_00006,121,0.8228461557470379,entropy,2,178.21627212192897
1628,af4ec_00006,122,0.8395510492881635,entropy,2,178.21627212192897
1629,af4ec_00006,123,0.8520194217612006,entropy,2,178.21627212192897
1630,af4ec_00006,124,0.6502439024390243,entropy,2,178.21627212192897
1631,af4ec_00006,125,0.805506546568855,entropy,2,178.21627212192897
1632,af4ec_00006,126,0.8589310829817158,entropy,2,178.21627212192897
1633,af4ec_00006,127,0.747691805910984,entropy,2,178.21627212192897
1634,af4ec_00006,128,0.8147924598384251,entropy,2,178.21627212192897
1635,af4ec_00006,129,0.7060624238645123,entropy,2,178.21627212192897
1636,af4ec_00006,130,0.7571378164603487,entropy,2,178.21627212192897
1637,af4ec_00006,131,0.7718452526238712,entropy,2,178.21627212192897
1638,af4ec_00006,132,0.610156217113207,entropy,2,178.21627212192897
1639,af4ec_00006,133,0.813914311575983,entropy,2,178.21627212192897
1640,af4ec_00006,134,0.5986458613577257,entropy,2,178.21627212192897
1641,af4ec_00006,135,0.688881587919513,entropy,2,178.21627212192897
1642,af4ec_00006,136,0.7414772727272727,entropy,2,178.21627212192897
1643,af4ec_00006,137,0.7333582230162108,entropy,2,178.21627212192897
1644,af4ec_00006,138,0.6896439938700931,entropy,2,178.21627212192897
1645,af4ec_00006,139,0.7273778219489133,entropy,2,178.21627212192897
1646,af4ec_00006,140,0.6610564937067492,entropy,2,178.21627212192897
1647,af4ec_00006,141,0.7455357142857143,entropy,2,178.21627212192897
1648,af4ec_00006,142,0.6050017602680333,entropy,2,178.21627212192897
1649,af4ec_00006,143,0.752541081041987,entropy,2,178.21627212192897
1650,af4ec_00006,144,0.7528551624284694,entropy,2,178.21627212192897
1651,af4ec_00006,145,0.6130356696507095,entropy,2,178.21627212192897
1652,af4ec_00006,146,0.780752254845519,entropy,2,178.21627212192897
1653,af4ec_00006,147,0.6229001976284585,entropy,2,178.21627212192897
1654,af4ec_00006,148,0.6156549911363776,entropy,2,178.21627212192897
1655,af4ec_00006,149,0.6085858585858586,entropy,2,178.21627212192897
1656,af4ec_00006,150,0.5975879345826334,entropy,2,178.21627212192897
1657,af4ec_00006,151,0.6027626890072552,entropy,2,178.21627212192897
1658,af4ec_00006,152,0.5616913031286304,entropy,2,178.21627212192897
1659,af4ec_00006,153,0.6288315139013924,entropy,2,178.21627212192897
1660,af4ec_00006,154,0.7684797768479776,entropy,2,178.21627212192897
1661,af4ec_00006,155,0.7493667150117966,entropy,2,178.21627212192897
1662,af4ec_00006,156,0.7550646814742494,entropy,2,178.21627212192897
1663,af4ec_00006,157,0.6354820561036618,entropy,2,178.21627212192897
1664,af4ec_00006,158,0.7599972516146765,entropy,2,178.21627212192897
1665,af4ec_00006,159,0.6772235709556389,entropy,2,178.21627212192897
1666,af4ec_00006,160,0.7505011692403554,entropy,2,178.21627212192897
1667,af4ec_00006,161,0.7516578509682992,entropy,2,178.21627212192897
1668,af4ec_00006,162,0.7729319574191598,entropy,2,178.21627212192897
1669,af4ec_00006,163,0.7776451326829934,entropy,2,178.21627212192897
1670,af4ec_00006,164,0.5983046778087526,entropy,2,178.21627212192897
1671,af4ec_00006,165,0.7754041256191151,entropy,2,178.21627212192897
1672,af4ec_00006,166,0.6253274386265593,entropy,2,178.21627212192897
1673,af4ec_00006,167,0.7571378164603487,entropy,2,178.21627212192897
1674,af4ec_00006,168,0.8023726851851851,entropy,2,178.21627212192897
1675,af4ec_00006,169,0.6286058711639346,entropy,2,178.21627212192897
1676,af4ec_00006,170,0.631552252511986,entropy,2,178.21627212192897
1677,af4ec_00006,171,0.7395158847663407,entropy,2,178.21627212192897
1678,af4ec_00006,172,0.5888323136095485,entropy,2,178.21627212192897
1679,af4ec_00006,173,0.6476105784292201,entropy,2,178.21627212192897
1680,af4ec_00006,174,0.6633755274261603,entropy,2,178.21627212192897
1681,af4ec_00006,175,0.7505011692403554,entropy,2,178.21627212192897
1682,af4ec_00006,176,0.6277610467566372,entropy,2,178.21627212192897
1683,af4ec_00006,177,0.7502069082470217,entropy,2,178.21627212192897
1684,af4ec_00006,178,0.7322358695492177,entropy,2,178.21627212192897
1685,af4ec_00006,179,0.8027786167321052,entropy,2,178.21627212192897
1686,af4ec_00006,180,0.7375186428237663,entropy,2,178.21627212192897
1687,af4ec_00006,181,0.5819000819000819,entropy,2,178.21627212192897
1688,af4ec_00006,182,0.5589951888950233,entropy,2,178.21627212192897
1689,af4ec_00006,183,0.7569315281802846,entropy,2,178.21627212192897
1690,af4ec_00006,184,0.6209796022763604,entropy,2,178.21627212192897
1691,af4ec_00006,185,0.7662564102564102,entropy,2,178.21627212192897
1692,af4ec_00006,186,0.6147493480150681,entropy,2,178.21627212192897
1693,af4ec_00006,187,0.6110442551565427,entropy,2,178.21627212192897
1694,af4ec_00006,188,0.8561919686430938,entropy,2,178.21627212192897
1695,af4ec_00006,189,0.7345498213344268,entropy,2,178.21627212192897
1696,af4ec_00006,190,0.8216351823808958,entropy,2,178.21627212192897
1697,af4ec_00006,191,0.7255535065812901,entropy,2,178.21627212192897
1698,af4ec_00006,192,0.8164912280701755,entropy,2,178.21627212192897
1699,af4ec_00006,193,0.7803299577493126,entropy,2,178.21627212192897
1700,af4ec_00006,194,0.7844956566400929,entropy,2,178.21627212192897
1701,af4ec_00006,195,0.8519566301336634,entropy,2,178.21627212192897
1702,af4ec_00006,196,0.7757748541255297,entropy,2,178.21627212192897
1703,af4ec_00006,197,0.8121270917024204,entropy,2,178.21627212192897
1704,af4ec_00006,198,0.8297810141868127,entropy,2,178.21627212192897
1705,af4ec_00006,199,0.7149508484377181,entropy,2,178.21627212192897
1706,af4ec_00006,200,0.7964091148731767,entropy,2,178.21627212192897
1707,af4ec_00006,201,0.7495691441785379,entropy,2,178.21627212192897
1708,af4ec_00006,202,0.7312378555178304,entropy,2,178.21627212192897
1709,af4ec_00006,203,0.777166357738647,entropy,2,178.21627212192897
1710,af4ec_00006,204,0.8177697356962275,entropy,2,178.21627212192897
1711,af4ec_00006,205,0.7940522989018526,entropy,2,178.21627212192897
1712,af4ec_00006,206,0.8354624868680325,entropy,2,178.21627212192897
1713,af4ec_00006,207,0.8538069842417668,entropy,2,178.21627212192897
1714,af4ec_00006,208,0.8485155118963701,entropy,2,178.21627212192897
1715,af4ec_00006,209,0.816353901242026,entropy,2,178.21627212192897
1716,af4ec_00006,210,0.7426533055298115,entropy,2,178.21627212192897
1717,af4ec_00006,211,0.7000974500568459,entropy,2,178.21627212192897
1718,af4ec_00006,212,0.7297563269231224,entropy,2,178.21627212192897
1719,af4ec_00006,213,0.7371941692047099,entropy,2,178.21627212192897
1720,af4ec_00006,214,0.8382173767105123,entropy,2,178.21627212192897
1721,af4ec_00006,215,0.8236074835339541,entropy,2,178.21627212192897
1722,af4ec_00006,216,0.7637161009754404,entropy,2,178.21627212192897
1723,af4ec_00006,217,0.6032048958355545,entropy,2,178.21627212192897
1724,af4ec_00006,218,0.7371272918985414,entropy,2,178.21627212192897
1725,af4ec_00006,219,0.7810892750798549,entropy,2,178.21627212192897
1726,af4ec_00006,220,0.752565314464851,entropy,2,178.21627212192897
1727,af4ec_00006,221,0.8402061855670103,entropy,2,178.21627212192897
1728,af4ec_00006,222,0.7783278327832783,entropy,2,178.21627212192897
1729,af4ec_00006,223,0.6459658036251359,entropy,2,178.21627212192897
1730,af4ec_00006,224,0.8473578227971686,entropy,2,178.21627212192897
1731,af4ec_00006,225,0.7644670375343692,entropy,2,178.21627212192897
1732,af4ec_00006,226,0.7333071484681853,entropy,2,178.21627212192897
1733,af4ec_00006,227,0.8277774843314858,entropy,2,178.21627212192897
1734,af4ec_00006,228,0.8271441202475686,entropy,2,178.21627212192897
1735,af4ec_00006,229,0.7431367524105456,entropy,2,178.21627212192897
1736,af4ec_00006,230,0.8076421274705752,entropy,2,178.21627212192897
1737,af4ec_00006,231,0.7660280048681457,entropy,2,178.21627212192897
1738,af4ec_00006,232,0.8483016695451928,entropy,2,178.21627212192897
1739,af4ec_00006,233,0.8186196111881153,entropy,2,178.21627212192897
1740,af4ec_00006,234,0.7945918618314978,entropy,2,178.21627212192897
1741,af4ec_00006,235,0.8386010718702762,entropy,2,178.21627212192897
1742,af4ec_00006,236,0.8353664718319076,entropy,2,178.21627212192897
1743,af4ec_00006,237,0.7700939957797813,entropy,2,178.21627212192897
1744,af4ec_00006,238,0.726817409642083,entropy,2,178.21627212192897
1745,af4ec_00006,239,0.8262626688595567,entropy,2,178.21627212192897
1746,af4ec_00006,240,0.7831892130211207,entropy,2,178.21627212192897
1747,af4ec_00006,241,0.7634437879120373,entropy,2,178.21627212192897
1748,af4ec_00006,242,0.7793413561076605,entropy,2,178.21627212192897
1749,af4ec_00006,243,0.753213121043545,entropy,2,178.21627212192897
1750,af4ec_00006,244,0.8513874725750131,entropy,2,178.21627212192897
1751,af4ec_00006,245,0.7570745738335942,entropy,2,178.21627212192897
1752,af4ec_00006,246,0.7373436051899906,entropy,2,178.21627212192897
1753,af4ec_00006,247,0.7160670933568749,entropy,2,178.21627212192897
1754,af4ec_00006,248,0.8396577380952381,entropy,2,178.21627212192897
1755,af4ec_00006,249,0.8094477072213213,entropy,2,178.21627212192897
1756,af4ec_00006,250,0.7598925911341605,entropy,2,178.21627212192897
1757,af4ec_00007,0,0.5457804939931185,entropy,3,175.2470804106279
1758,af4ec_00007,1,0.5291224684601391,entropy,3,175.2470804106279
1759,af4ec_00007,2,0.6162616682567297,entropy,3,175.2470804106279
1760,af4ec_00007,3,0.4765039121450628,entropy,3,175.2470804106279
1761,af4ec_00007,4,0.5258441606701262,entropy,3,175.2470804106279
1762,af4ec_00007,5,0.5217116838125444,entropy,3,175.2470804106279
1763,af4ec_00007,6,0.4765039121450628,entropy,3,175.2470804106279
1764,af4ec_00007,7,0.7790153786364646,entropy,3,175.2470804106279
1765,af4ec_00007,8,0.5246742478560241,entropy,3,175.2470804106279
1766,af4ec_00007,9,0.5767346903946173,entropy,3,175.2470804106279
1767,af4ec_00007,10,0.5109562599656028,entropy,3,175.2470804106279
1768,af4ec_00007,11,0.5106391011571507,entropy,3,175.2470804106279
1769,af4ec_00007,12,0.6485805860805861,entropy,3,175.2470804106279
1770,af4ec_00007,13,0.6848197714174075,entropy,3,175.2470804106279
1771,af4ec_00007,14,0.6550783681734809,entropy,3,175.2470804106279
1772,af4ec_00007,15,0.6604413154721163,entropy,3,175.2470804106279
1773,af4ec_00007,16,0.6539812883497702,entropy,3,175.2470804106279
1774,af4ec_00007,17,0.6435905522848332,entropy,3,175.2470804106279
1775,af4ec_00007,18,0.6570456633683661,entropy,3,175.2470804106279
1776,af4ec_00007,19,0.666060606060606,entropy,3,175.2470804106279
1777,af4ec_00007,20,0.6360391855177182,entropy,3,175.2470804106279
1778,af4ec_00007,21,0.6885714285714286,entropy,3,175.2470804106279
1779,af4ec_00007,22,0.6763431343489206,entropy,3,175.2470804106279
1780,af4ec_00007,23,0.6631963055209174,entropy,3,175.2470804106279
1781,af4ec_00007,24,0.5182289312724095,entropy,3,175.2470804106279
1782,af4ec_00007,25,0.6224242424242424,entropy,3,175.2470804106279
1783,af4ec_00007,26,0.6634191635023143,entropy,3,175.2470804106279
1784,af4ec_00007,27,0.6367568594270716,entropy,3,175.2470804106279
1785,af4ec_00007,28,0.6827168237706108,entropy,3,175.2470804106279
1786,af4ec_00007,29,0.6485709306378529,entropy,3,175.2470804106279
1787,af4ec_00007,30,0.6129855577689243,entropy,3,175.2470804106279
1788,af4ec_00007,31,0.6138677918424754,entropy,3,175.2470804106279
1789,af4ec_00007,32,0.6876144688644689,entropy,3,175.2470804106279
1790,af4ec_00007,33,0.6230487500581516,entropy,3,175.2470804106279
1791,af4ec_00007,34,0.6432087004842423,entropy,3,175.2470804106279
1792,af4ec_00007,35,0.6937088175247458,entropy,3,175.2470804106279
1793,af4ec_00007,36,0.5689085341815492,entropy,3,175.2470804106279
1794,af4ec_00007,37,0.5791228070175438,entropy,3,175.2470804106279
1795,af4ec_00007,38,0.6999250723962658,entropy,3,175.2470804106279
1796,af4ec_00007,39,0.5501920225103616,entropy,3,175.2470804106279
1797,af4ec_00007,40,0.6742891401164783,entropy,3,175.2470804106279
1798,af4ec_00007,41,0.6737163050809705,entropy,3,175.2470804106279
1799,af4ec_00007,42,0.6751265321363873,entropy,3,175.2470804106279
1800,af4ec_00007,43,0.6877060519235255,entropy,3,175.2470804106279
1801,af4ec_00007,44,0.7067501247229989,entropy,3,175.2470804106279
1802,af4ec_00007,45,0.6838277808241662,entropy,3,175.2470804106279
1803,af4ec_00007,46,0.6732073643410852,entropy,3,175.2470804106279
1804,af4ec_00007,47,0.6412163464371782,entropy,3,175.2470804106279
1805,af4ec_00007,48,0.6444102564102564,entropy,3,175.2470804106279
1806,af4ec_00007,49,0.766593093897247,entropy,3,175.2470804106279
1807,af4ec_00007,50,0.7256410256410257,entropy,3,175.2470804106279
1808,af4ec_00007,51,0.660391840758216,entropy,3,175.2470804106279
1809,af4ec_00007,52,0.7631009894306027,entropy,3,175.2470804106279
1810,af4ec_00007,53,0.7226735733322855,entropy,3,175.2470804106279
1811,af4ec_00007,54,0.7658966899764373,entropy,3,175.2470804106279
1812,af4ec_00007,55,0.7317645711668384,entropy,3,175.2470804106279
1813,af4ec_00007,56,0.7182797330949852,entropy,3,175.2470804106279
1814,af4ec_00007,57,0.645098769128679,entropy,3,175.2470804106279
1815,af4ec_00007,58,0.7664475107054803,entropy,3,175.2470804106279
1816,af4ec_00007,59,0.7583981565251018,entropy,3,175.2470804106279
1817,af4ec_00007,60,0.7452295240111997,entropy,3,175.2470804106279
1818,af4ec_00007,61,0.5893780469788743,entropy,3,175.2470804106279
1819,af4ec_00007,62,0.6674950959053314,entropy,3,175.2470804106279
1820,af4ec_00007,63,0.7858273678414097,entropy,3,175.2470804106279
1821,af4ec_00007,64,0.5355749922767995,entropy,3,175.2470804106279
1822,af4ec_00007,65,0.7133695657107755,entropy,3,175.2470804106279
1823,af4ec_00007,66,0.7345202812645282,entropy,3,175.2470804106279
1824,af4ec_00007,67,0.7677077523703291,entropy,3,175.2470804106279
1825,af4ec_00007,68,0.5911989795918368,entropy,3,175.2470804106279
1826,af4ec_00007,69,0.7761252630086759,entropy,3,175.2470804106279
1827,af4ec_00007,70,0.6575566705811181,entropy,3,175.2470804106279
1828,af4ec_00007,71,0.5572277963582312,entropy,3,175.2470804106279
1829,af4ec_00007,72,0.5549555838431952,entropy,3,175.2470804106279
1830,af4ec_00007,73,0.6846854949931043,entropy,3,175.2470804106279
1831,af4ec_00007,74,0.695271626122171,entropy,3,175.2470804106279
1832,af4ec_00007,75,0.6622418879056047,entropy,3,175.2470804106279
1833,af4ec_00007,76,0.5815850815850816,entropy,3,175.2470804106279
1834,af4ec_00007,77,0.7922283901665346,entropy,3,175.2470804106279
1835,af4ec_00007,78,0.6661631419939578,entropy,3,175.2470804106279
1836,af4ec_00007,79,0.6130356696507095,entropy,3,175.2470804106279
1837,af4ec_00007,80,0.7612458759510562,entropy,3,175.2470804106279
1838,af4ec_00007,81,0.6600669114681904,entropy,3,175.2470804106279
1839,af4ec_00007,82,0.7040746703402923,entropy,3,175.2470804106279
1840,af4ec_00007,83,0.6632779868134904,entropy,3,175.2470804106279
1841,af4ec_00007,84,0.6636961645465342,entropy,3,175.2470804106279
1842,af4ec_00007,85,0.615607880721855,entropy,3,175.2470804106279
1843,af4ec_00007,86,0.7531251351702063,entropy,3,175.2470804106279
1844,af4ec_00007,87,0.7661934614947954,entropy,3,175.2470804106279
1845,af4ec_00007,88,0.6343784507568841,entropy,3,175.2470804106279
1846,af4ec_00007,89,0.5721784776902887,entropy,3,175.2470804106279
1847,af4ec_00007,90,0.6379101874151379,entropy,3,175.2470804106279
1848,af4ec_00007,91,0.588,entropy,3,175.2470804106279
1849,af4ec_00007,92,0.7906568151427894,entropy,3,175.2470804106279
1850,af4ec_00007,93,0.672123360397257,entropy,3,175.2470804106279
1851,af4ec_00007,94,0.6580114465380376,entropy,3,175.2470804106279
1852,af4ec_00007,95,0.785910990604092,entropy,3,175.2470804106279
1853,af4ec_00007,96,0.611659342636137,entropy,3,175.2470804106279
1854,af4ec_00007,97,0.7953125487765177,entropy,3,175.2470804106279
1855,af4ec_00007,98,0.7937577939342604,entropy,3,175.2470804106279
1856,af4ec_00007,99,0.7235818649881636,entropy,3,175.2470804106279
1857,af4ec_00007,100,0.7609434237264852,entropy,3,175.2470804106279
1858,af4ec_00007,101,0.6465616612164452,entropy,3,175.2470804106279
1859,af4ec_00007,102,0.6955027228822586,entropy,3,175.2470804106279
1860,af4ec_00007,103,0.777129270107794,entropy,3,175.2470804106279
1861,af4ec_00007,104,0.6855704002344649,entropy,3,175.2470804106279
1862,af4ec_00007,105,0.725929828734937,entropy,3,175.2470804106279
1863,af4ec_00007,106,0.6751853879460509,entropy,3,175.2470804106279
1864,af4ec_00007,107,0.7862179469128223,entropy,3,175.2470804106279
1865,af4ec_00007,108,0.7297828495613943,entropy,3,175.2470804106279
1866,af4ec_00007,109,0.644897148678683,entropy,3,175.2470804106279
1867,af4ec_00007,110,0.6833677685950413,entropy,3,175.2470804106279
1868,af4ec_00007,111,0.7510966715036969,entropy,3,175.2470804106279
1869,af4ec_00007,112,0.6159614739565863,entropy,3,175.2470804106279
1870,af4ec_00007,113,0.6031934016822098,entropy,3,175.2470804106279
1871,af4ec_00007,114,0.7706843718079672,entropy,3,175.2470804106279
1872,af4ec_00007,115,0.6696385542168675,entropy,3,175.2470804106279
1873,af4ec_00007,116,0.5920207509881423,entropy,3,175.2470804106279
1874,af4ec_00007,117,0.7573354480570975,entropy,3,175.2470804106279
1875,af4ec_00007,118,0.6128076937644031,entropy,3,175.2470804106279
1876,af4ec_00007,119,0.7678182305809782,entropy,3,175.2470804106279
1877,af4ec_00007,120,0.6416458417451466,entropy,3,175.2470804106279
1878,af4ec_00007,121,0.6576510216033553,entropy,3,175.2470804106279
1879,af4ec_00007,122,0.612304032408483,entropy,3,175.2470804106279
1880,af4ec_00007,123,0.7627089730467418,entropy,3,175.2470804106279
1881,af4ec_00007,124,0.785282040198833,entropy,3,175.2470804106279
1882,af4ec_00007,125,0.762235920130657,entropy,3,175.2470804106279
1883,af4ec_00007,126,0.655544809800129,entropy,3,175.2470804106279
1884,af4ec_00007,127,0.708218313747141,entropy,3,175.2470804106279
1885,af4ec_00007,128,0.7339225386100385,entropy,3,175.2470804106279
1886,af4ec_00007,129,0.6523074544202195,entropy,3,175.2470804106279
1887,af4ec_00007,130,0.829026082794927,entropy,3,175.2470804106279
1888,af4ec_00007,131,0.8033357474757279,entropy,3,175.2470804106279
1889,af4ec_00007,132,0.7954758791779811,entropy,3,175.2470804106279
1890,af4ec_00007,133,0.6867321867321867,entropy,3,175.2470804106279
1891,af4ec_00007,134,0.7230438931297709,entropy,3,175.2470804106279
1892,af4ec_00007,135,0.6119470795623887,entropy,3,175.2470804106279
1893,af4ec_00007,136,0.7514571125489782,entropy,3,175.2470804106279
1894,af4ec_00007,137,0.7887778340080971,entropy,3,175.2470804106279
1895,af4ec_00007,138,0.7581362594772271,entropy,3,175.2470804106279
1896,af4ec_00007,139,0.6972391919410355,entropy,3,175.2470804106279
1897,af4ec_00007,140,0.799362669657685,entropy,3,175.2470804106279
1898,af4ec_00007,141,0.7634825375737486,entropy,3,175.2470804106279
1899,af4ec_00007,142,0.7571628426881953,entropy,3,175.2470804106279
1900,af4ec_00007,143,0.6675314934717056,entropy,3,175.2470804106279
1901,af4ec_00007,144,0.7079717813051146,entropy,3,175.2470804106279
1902,af4ec_00007,145,0.80525,entropy,3,175.2470804106279
1903,af4ec_00007,146,0.7511993859144118,entropy,3,175.2470804106279
1904,af4ec_00007,147,0.6561731258522049,entropy,3,175.2470804106279
1905,af4ec_00007,148,0.7776131681504772,entropy,3,175.2470804106279
1906,af4ec_00007,149,0.803714859437751,entropy,3,175.2470804106279
1907,af4ec_00007,150,0.7153559405296845,entropy,3,175.2470804106279
1908,af4ec_00007,151,0.8066579602892452,entropy,3,175.2470804106279
1909,af4ec_00007,152,0.7793990488543018,entropy,3,175.2470804106279
1910,af4ec_00007,153,0.6515151515151516,entropy,3,175.2470804106279
1911,af4ec_00007,154,0.75024481777347,entropy,3,175.2470804106279
1912,af4ec_00007,155,0.6528216920571046,entropy,3,175.2470804106279
1913,af4ec_00007,156,0.7946063353473866,entropy,3,175.2470804106279
1914,af4ec_00007,157,0.7854373137686599,entropy,3,175.2470804106279
1915,af4ec_00007,158,0.7517181736082411,entropy,3,175.2470804106279
1916,af4ec_00007,159,0.6578333781723612,entropy,3,175.2470804106279
1917,af4ec_00007,160,0.8012409071459136,entropy,3,175.2470804106279
1918,af4ec_00007,161,0.7869716995221028,entropy,3,175.2470804106279
1919,af4ec_00007,162,0.6753781857461592,entropy,3,175.2470804106279
1920,af4ec_00007,163,0.6087666350598991,entropy,3,175.2470804106279
1921,af4ec_00007,164,0.6800204568700989,entropy,3,175.2470804106279
1922,af4ec_00007,165,0.7962333718912666,entropy,3,175.2470804106279
1923,af4ec_00007,166,0.6700996800792626,entropy,3,175.2470804106279
1924,af4ec_00007,167,0.6446985240585081,entropy,3,175.2470804106279
1925,af4ec_00007,168,0.7338486549012865,entropy,3,175.2470804106279
1926,af4ec_00007,169,0.8002835424710425,entropy,3,175.2470804106279
1927,af4ec_00007,170,0.6053324102108371,entropy,3,175.2470804106279
1928,af4ec_00007,171,0.6401482560063538,entropy,3,175.2470804106279
1929,af4ec_00007,172,0.7862092728197796,entropy,3,175.2470804106279
1930,af4ec_00007,173,0.804147991367862,entropy,3,175.2470804106279
1931,af4ec_00007,174,0.8327832783278328,entropy,3,175.2470804106279
1932,af4ec_00007,175,0.8335166744655058,entropy,3,175.2470804106279
1933,af4ec_00007,176,0.651655034036215,entropy,3,175.2470804106279
1934,af4ec_00007,177,0.7510434089381458,entropy,3,175.2470804106279
1935,af4ec_00007,178,0.8696271982366189,entropy,3,175.2470804106279
1936,af4ec_00007,179,0.6650361016472353,entropy,3,175.2470804106279
1937,af4ec_00007,180,0.8477735160903477,entropy,3,175.2470804106279
1938,af4ec_00007,181,0.7823516958963741,entropy,3,175.2470804106279
1939,af4ec_00007,182,0.651655034036215,entropy,3,175.2470804106279
1940,af4ec_00007,183,0.6316367899184292,entropy,3,175.2470804106279
1941,af4ec_00007,184,0.7533213446858484,entropy,3,175.2470804106279
1942,af4ec_00007,185,0.6439347290640394,entropy,3,175.2470804106279
1943,af4ec_00007,186,0.6650068752864703,entropy,3,175.2470804106279
1944,af4ec_00007,187,0.647472732485594,entropy,3,175.2470804106279
1945,af4ec_00007,188,0.715564095105409,entropy,3,175.2470804106279
1946,af4ec_00007,189,0.6405916735863495,entropy,3,175.2470804106279
1947,af4ec_00007,190,0.6414506382240174,entropy,3,175.2470804106279
1948,af4ec_00007,191,0.6870233779222403,entropy,3,175.2470804106279
1949,af4ec_00007,192,0.6727135086637133,entropy,3,175.2470804106279
1950,af4ec_00007,193,0.8671327159693221,entropy,3,175.2470804106279
1951,af4ec_00007,194,0.7200275034379298,entropy,3,175.2470804106279
1952,af4ec_00007,195,0.6417964559366666,entropy,3,175.2470804106279
1953,af4ec_00007,196,0.7264621695672804,entropy,3,175.2470804106279
1954,af4ec_00007,197,0.8445502645502645,entropy,3,175.2470804106279
1955,af4ec_00007,198,0.831299525444826,entropy,3,175.2470804106279
1956,af4ec_00007,199,0.6426279486769165,entropy,3,175.2470804106279
1957,af4ec_00007,200,0.6850746477054165,entropy,3,175.2470804106279
1958,af4ec_00007,201,0.6748596791262373,entropy,3,175.2470804106279
1959,af4ec_00007,202,0.6778537916596572,entropy,3,175.2470804106279
1960,af4ec_00007,203,0.6392309797482212,entropy,3,175.2470804106279
1961,af4ec_00007,204,0.6361142317523893,entropy,3,175.2470804106279
1962,af4ec_00007,205,0.7109223161854741,entropy,3,175.2470804106279
1963,af4ec_00007,206,0.6233075435203095,entropy,3,175.2470804106279
1964,af4ec_00007,207,0.7187830194542855,entropy,3,175.2470804106279
1965,af4ec_00007,208,0.6454326923076923,entropy,3,175.2470804106279
1966,af4ec_00007,209,0.6062039564713362,entropy,3,175.2470804106279
1967,af4ec_00007,210,0.723654586196435,entropy,3,175.2470804106279
1968,af4ec_00007,211,0.6826739577216676,entropy,3,175.2470804106279
1969,af4ec_00007,212,0.6844779858964256,entropy,3,175.2470804106279
1970,af4ec_00007,213,0.6010592304366623,entropy,3,175.2470804106279
1971,af4ec_00007,214,0.8648188129397869,entropy,3,175.2470804106279
1972,af4ec_00007,215,0.6753781857461592,entropy,3,175.2470804106279
1973,af4ec_00007,216,0.8131454250300596,entropy,3,175.2470804106279
1974,af4ec_00007,217,0.6355979879541995,entropy,3,175.2470804106279
1975,af4ec_00007,218,0.8184138446215139,entropy,3,175.2470804106279
1976,af4ec_00007,219,0.7771251044277361,entropy,3,175.2470804106279
1977,af4ec_00007,220,0.6585014409221902,entropy,3,175.2470804106279
1978,af4ec_00007,221,0.7028589254257194,entropy,3,175.2470804106279
1979,af4ec_00007,222,0.6583493282149713,entropy,3,175.2470804106279
1980,af4ec_00007,223,0.6894000538068334,entropy,3,175.2470804106279
1981,af4ec_00007,224,0.6284537587321447,entropy,3,175.2470804106279
1982,af4ec_00007,225,0.7328988022699017,entropy,3,175.2470804106279
1983,af4ec_00007,226,0.7254773255947857,entropy,3,175.2470804106279
1984,af4ec_00007,227,0.6757920692579574,entropy,3,175.2470804106279
1985,af4ec_00007,228,0.8501038227184532,entropy,3,175.2470804106279
1986,af4ec_00007,229,0.6776277157956547,entropy,3,175.2470804106279
1987,af4ec_00007,230,0.7302187415608966,entropy,3,175.2470804106279
1988,af4ec_00007,231,0.7403947390886172,entropy,3,175.2470804106279
1989,af4ec_00007,232,0.665000778305558,entropy,3,175.2470804106279
1990,af4ec_00007,233,0.838342151675485,entropy,3,175.2470804106279
1991,af4ec_00007,234,0.8305489693384831,entropy,3,175.2470804106279
1992,af4ec_00007,235,0.7105564234010253,entropy,3,175.2470804106279
1993,af4ec_00007,236,0.6376290272130122,entropy,3,175.2470804106279
1994,af4ec_00007,237,0.8327832783278328,entropy,3,175.2470804106279
1995,af4ec_00007,238,0.8031062124248497,entropy,3,175.2470804106279
1996,af4ec_00007,239,0.8822875494071146,entropy,3,175.2470804106279
1997,af4ec_00007,240,0.8702640404090837,entropy,3,175.2470804106279
1998,af4ec_00007,241,0.8776547369934127,entropy,3,175.2470804106279
1999,af4ec_00007,242,0.8830340168857577,entropy,3,175.2470804106279
2000,af4ec_00007,243,0.8490313961255845,entropy,3,175.2470804106279
2001,af4ec_00007,244,0.8312742185813693,entropy,3,175.2470804106279
2002,af4ec_00007,245,0.8312742185813693,entropy,3,175.2470804106279
2003,af4ec_00007,246,0.8701853701853701,entropy,3,175.2470804106279
2004,af4ec_00007,247,0.8548951185633237,entropy,3,175.2470804106279
2005,af4ec_00007,248,0.8083192470177982,entropy,3,175.2470804106279
2006,af4ec_00007,249,0.8677484550717806,entropy,3,175.2470804106279
2007,af4ec_00007,250,0.875657770517104,entropy,3,175.2470804106279
2008,af4ec_00008,0,0.5163465384728914,entropy,4,202.18518605501933
2009,af4ec_00008,1,0.6566221014476665,entropy,4,202.18518605501933
2010,af4ec_00008,2,0.5163465384728914,entropy,4,202.18518605501933
2011,af4ec_00008,3,0.6660717948717949,entropy,4,202.18518605501933
2012,af4ec_00008,4,0.5874823604719392,entropy,4,202.18518605501933
2013,af4ec_00008,5,0.6575838133215183,entropy,4,202.18518605501933
2014,af4ec_00008,6,0.5874823604719392,entropy,4,202.18518605501933
2015,af4ec_00008,7,0.5874823604719392,entropy,4,202.18518605501933
2016,af4ec_00008,8,0.5298354140170918,entropy,4,202.18518605501933
2017,af4ec_00008,9,0.8902927343592659,entropy,4,202.18518605501933
2018,af4ec_00008,10,0.5700344711804898,entropy,4,202.18518605501933
2019,af4ec_00008,11,0.5849519354138292,entropy,4,202.18518605501933
2020,af4ec_00008,12,0.5341695263198768,entropy,4,202.18518605501933
2021,af4ec_00008,13,0.5905105568961333,entropy,4,202.18518605501933
2022,af4ec_00008,14,0.6271881243332984,entropy,4,202.18518605501933
2023,af4ec_00008,15,0.6363790760869565,entropy,4,202.18518605501933
2024,af4ec_00008,16,0.6468031442074589,entropy,4,202.18518605501933
2025,af4ec_00008,17,0.5917527899356081,entropy,4,202.18518605501933
2026,af4ec_00008,18,0.7282568329651565,entropy,4,202.18518605501933
2027,af4ec_00008,19,0.7300837649089768,entropy,4,202.18518605501933
2028,af4ec_00008,20,0.7424954585456549,entropy,4,202.18518605501933
2029,af4ec_00008,21,0.7090585833168959,entropy,4,202.18518605501933
2030,af4ec_00008,22,0.7391911885582771,entropy,4,202.18518605501933
2031,af4ec_00008,23,0.6715025754724494,entropy,4,202.18518605501933
2032,af4ec_00008,24,0.7022028604307085,entropy,4,202.18518605501933
2033,af4ec_00008,25,0.7192048451694832,entropy,4,202.18518605501933
2034,af4ec_00008,26,0.7424954585456549,entropy,4,202.18518605501933
2035,af4ec_00008,27,0.672204991877123,entropy,4,202.18518605501933
2036,af4ec_00008,28,0.7042460762331839,entropy,4,202.18518605501933
2037,af4ec_00008,29,0.681161621275016,entropy,4,202.18518605501933
2038,af4ec_00008,30,0.6883311170212766,entropy,4,202.18518605501933
2039,af4ec_00008,31,0.6066427431928432,entropy,4,202.18518605501933
2040,af4ec_00008,32,0.5939050417140165,entropy,4,202.18518605501933
2041,af4ec_00008,33,0.7727998258724516,entropy,4,202.18518605501933
2042,af4ec_00008,34,0.6528818640141709,entropy,4,202.18518605501933
2043,af4ec_00008,35,0.7727998258724516,entropy,4,202.18518605501933
2044,af4ec_00008,36,0.6599248219090437,entropy,4,202.18518605501933
2045,af4ec_00008,37,0.8075063470728794,entropy,4,202.18518605501933
2046,af4ec_00008,38,0.6609270874731452,entropy,4,202.18518605501933
2047,af4ec_00008,39,0.639983429991715,entropy,4,202.18518605501933
2048,af4ec_00008,40,0.8635648670106197,entropy,4,202.18518605501933
2049,af4ec_00008,41,0.6427233814874265,entropy,4,202.18518605501933
2050,af4ec_00008,42,0.7912630133024869,entropy,4,202.18518605501933
2051,af4ec_00008,43,0.8220165821839758,entropy,4,202.18518605501933
2052,af4ec_00008,44,0.8261726928357889,entropy,4,202.18518605501933
2053,af4ec_00008,45,0.8212700824635969,entropy,4,202.18518605501933
2054,af4ec_00008,46,0.8425805059049655,entropy,4,202.18518605501933
2055,af4ec_00008,47,0.676159161919309,entropy,4,202.18518605501933
2056,af4ec_00008,48,0.675236140117714,entropy,4,202.18518605501933
2057,af4ec_00008,49,0.6497988238935314,entropy,4,202.18518605501933
2058,af4ec_00008,50,0.8547212523091051,entropy,4,202.18518605501933
2059,af4ec_00008,51,0.8880236018752341,entropy,4,202.18518605501933
2060,af4ec_00008,52,0.8553373659448876,entropy,4,202.18518605501933
2061,af4ec_00008,53,0.892060272384816,entropy,4,202.18518605501933
2062,af4ec_00008,54,0.6726744471251399,entropy,4,202.18518605501933
2063,af4ec_00008,55,0.8880236018752341,entropy,4,202.18518605501933
2064,af4ec_00008,56,0.677801724137931,entropy,4,202.18518605501933
2065,af4ec_00008,57,0.8553373659448876,entropy,4,202.18518605501933
2066,af4ec_00008,58,0.8880236018752341,entropy,4,202.18518605501933
2067,af4ec_00008,59,0.8559494099234382,entropy,4,202.18518605501933
2068,af4ec_00008,60,0.836395949299175,entropy,4,202.18518605501933
2069,af4ec_00008,61,0.8553373659448876,entropy,4,202.18518605501933
2070,af4ec_00008,62,0.6834749034749035,entropy,4,202.18518605501933
2071,af4ec_00008,63,0.6677234299516909,entropy,4,202.18518605501933
2072,af4ec_00008,64,0.8155606739707835,entropy,4,202.18518605501933
2073,af4ec_00008,65,0.663620909477263,entropy,4,202.18518605501933
2074,af4ec_00008,66,0.850288451704035,entropy,4,202.18518605501933
2075,af4ec_00008,67,0.8553373659448876,entropy,4,202.18518605501933
2076,af4ec_00008,68,0.836395949299175,entropy,4,202.18518605501933
2077,af4ec_00008,69,0.8520530844441465,entropy,4,202.18518605501933
2078,af4ec_00008,70,0.6873510684011095,entropy,4,202.18518605501933
2079,af4ec_00008,71,0.8119995109725533,entropy,4,202.18518605501933
2080,af4ec_00008,72,0.8263635782339024,entropy,4,202.18518605501933
2081,af4ec_00008,73,0.6589460263493413,entropy,4,202.18518605501933
2082,af4ec_00008,74,0.8517848181012483,entropy,4,202.18518605501933
2083,af4ec_00008,75,0.6806344293061005,entropy,4,202.18518605501933
2084,af4ec_00008,76,0.6832120659551519,entropy,4,202.18518605501933
2085,af4ec_00008,77,0.6749566223250434,entropy,4,202.18518605501933
2086,af4ec_00008,78,0.6571620232432527,entropy,4,202.18518605501933
2087,af4ec_00008,79,0.6621408894136167,entropy,4,202.18518605501933
2088,af4ec_00008,80,0.6561753033942138,entropy,4,202.18518605501933
2089,af4ec_00008,81,0.7632013201320131,entropy,4,202.18518605501933
2090,af4ec_00008,82,0.652203624350731,entropy,4,202.18518605501933
2091,af4ec_00008,83,0.664924944336709,entropy,4,202.18518605501933
2092,af4ec_00008,84,0.6763426084965075,entropy,4,202.18518605501933
2093,af4ec_00008,85,0.6798168960968258,entropy,4,202.18518605501933
2094,af4ec_00008,86,0.6597023294632107,entropy,4,202.18518605501933
2095,af4ec_00008,87,0.6708195101291734,entropy,4,202.18518605501933
2096,af4ec_00008,88,0.6520758472328989,entropy,4,202.18518605501933
2097,af4ec_00008,89,0.6359264941191995,entropy,4,202.18518605501933
2098,af4ec_00008,90,0.8588059436090643,entropy,4,202.18518605501933
2099,af4ec_00008,91,0.819967931257773,entropy,4,202.18518605501933
2100,af4ec_00008,92,0.7077922077922078,entropy,4,202.18518605501933
2101,af4ec_00008,93,0.8641947745020093,entropy,4,202.18518605501933
2102,af4ec_00008,94,0.6871079112458423,entropy,4,202.18518605501933
2103,af4ec_00008,95,0.8305529093767667,entropy,4,202.18518605501933
2104,af4ec_00008,96,0.6642161245927642,entropy,4,202.18518605501933
2105,af4ec_00008,97,0.8740080730241733,entropy,4,202.18518605501933
2106,af4ec_00008,98,0.8606073790701048,entropy,4,202.18518605501933
2107,af4ec_00008,99,0.9135918516232218,entropy,4,202.18518605501933
2108,af4ec_00008,100,0.8618622122939796,entropy,4,202.18518605501933
2109,af4ec_00008,101,0.9040441391721286,entropy,4,202.18518605501933
2110,af4ec_00008,102,0.8269733565737052,entropy,4,202.18518605501933
2111,af4ec_00008,103,0.621357711641977,entropy,4,202.18518605501933
2112,af4ec_00008,104,0.8041655516903041,entropy,4,202.18518605501933
2113,af4ec_00008,105,0.6017001175334447,entropy,4,202.18518605501933
2114,af4ec_00008,106,0.8375582655235353,entropy,4,202.18518605501933
2115,af4ec_00008,107,0.8135097001763668,entropy,4,202.18518605501933
2116,af4ec_00008,108,0.7862179582448287,entropy,4,202.18518605501933
2117,af4ec_00008,109,0.7878090559147679,entropy,4,202.18518605501933
2118,af4ec_00008,110,0.7511001100110011,entropy,4,202.18518605501933
2119,af4ec_00008,111,0.641431587027442,entropy,4,202.18518605501933
2120,af4ec_00008,112,0.6015840220385675,entropy,4,202.18518605501933
2121,af4ec_00008,113,0.8185999855407751,entropy,4,202.18518605501933
2122,af4ec_00008,114,0.8268685757793663,entropy,4,202.18518605501933
2123,af4ec_00008,115,0.6691040331647826,entropy,4,202.18518605501933
2124,af4ec_00008,116,0.8395623764497375,entropy,4,202.18518605501933
2125,af4ec_00008,117,0.9025554065778059,entropy,4,202.18518605501933
2126,af4ec_00008,118,0.8724867724867724,entropy,4,202.18518605501933
2127,af4ec_00008,119,0.9132796427316976,entropy,4,202.18518605501933
2128,af4ec_00008,120,0.8806832227096469,entropy,4,202.18518605501933
2129,af4ec_00008,121,0.8931112829170545,entropy,4,202.18518605501933
2130,af4ec_00008,122,0.8450028215032845,entropy,4,202.18518605501933
2131,af4ec_00008,123,0.8600026825833278,entropy,4,202.18518605501933
2132,af4ec_00008,124,0.8435602176827826,entropy,4,202.18518605501933
2133,af4ec_00008,125,0.8600705467372134,entropy,4,202.18518605501933
2134,af4ec_00008,126,0.8992764387368825,entropy,4,202.18518605501933
2135,af4ec_00008,127,0.8701883701883701,entropy,4,202.18518605501933
2136,af4ec_00008,128,0.8478139021990441,entropy,4,202.18518605501933
2137,af4ec_00008,129,0.8749024760809756,entropy,4,202.18518605501933
2138,af4ec_00008,130,0.9081461155336636,entropy,4,202.18518605501933
2139,af4ec_00008,131,0.8607919091304737,entropy,4,202.18518605501933
2140,af4ec_00008,132,0.8980760267942817,entropy,4,202.18518605501933
2141,af4ec_00008,133,0.8435602176827826,entropy,4,202.18518605501933
2142,af4ec_00008,134,0.8319905364793145,entropy,4,202.18518605501933
2143,af4ec_00008,135,0.8511842039239299,entropy,4,202.18518605501933
2144,af4ec_00008,136,0.9000663420644228,entropy,4,202.18518605501933
2145,af4ec_00008,137,0.8606073790701048,entropy,4,202.18518605501933
2146,af4ec_00008,138,0.8464203944915398,entropy,4,202.18518605501933
2147,af4ec_00008,139,0.8729215582922037,entropy,4,202.18518605501933
2148,af4ec_00008,140,0.9104935593052232,entropy,4,202.18518605501933
2149,af4ec_00008,141,0.8771615980918306,entropy,4,202.18518605501933
2150,af4ec_00008,142,0.8939803592516626,entropy,4,202.18518605501933
2151,af4ec_00008,143,0.8184138446215139,entropy,4,202.18518605501933
2152,af4ec_00008,144,0.9104935593052232,entropy,4,202.18518605501933
2153,af4ec_00008,145,0.9002832999560397,entropy,4,202.18518605501933
2154,af4ec_00008,146,0.8385793333780345,entropy,4,202.18518605501933
2155,af4ec_00008,147,0.9135918516232218,entropy,4,202.18518605501933
2156,af4ec_00008,148,0.8051890621403215,entropy,4,202.18518605501933
2157,af4ec_00008,149,0.8642682076839256,entropy,4,202.18518605501933
2158,af4ec_00008,150,0.8341007904122684,entropy,4,202.18518605501933
2159,af4ec_00008,151,0.8962219198106922,entropy,4,202.18518605501933
2160,af4ec_00008,152,0.8981303550013726,entropy,4,202.18518605501933
2161,af4ec_00008,153,0.9060257118069248,entropy,4,202.18518605501933
2162,af4ec_00008,154,0.8701883701883701,entropy,4,202.18518605501933
2163,af4ec_00008,155,0.8356449375866852,entropy,4,202.18518605501933
2164,af4ec_00008,156,0.8740872870336411,entropy,4,202.18518605501933
2165,af4ec_00008,157,0.9101624001172248,entropy,4,202.18518605501933
2166,af4ec_00008,158,0.8707455189489521,entropy,4,202.18518605501933
2167,af4ec_00008,159,0.8037399971249222,entropy,4,202.18518605501933
2168,af4ec_00008,160,0.7345498213344268,entropy,4,202.18518605501933
2169,af4ec_00008,161,0.84375,entropy,4,202.18518605501933
2170,af4ec_00008,162,0.8570692312474844,entropy,4,202.18518605501933
2171,af4ec_00008,163,0.8257054101145461,entropy,4,202.18518605501933
2172,af4ec_00008,164,0.9074337712121632,entropy,4,202.18518605501933
2173,af4ec_00008,165,0.8729353810489713,entropy,4,202.18518605501933
2174,af4ec_00008,166,0.8268685757793663,entropy,4,202.18518605501933
2175,af4ec_00008,167,0.8740080730241733,entropy,4,202.18518605501933
2176,af4ec_00008,168,0.9081284517133292,entropy,4,202.18518605501933
2177,af4ec_00008,169,0.9121301926627333,entropy,4,202.18518605501933
2178,af4ec_00008,170,0.9173123891940143,entropy,4,202.18518605501933
2179,af4ec_00008,171,0.8797012324371424,entropy,4,202.18518605501933
2180,af4ec_00008,172,0.8685326418969535,entropy,4,202.18518605501933
2181,af4ec_00008,173,0.8734643734643734,entropy,4,202.18518605501933
2182,af4ec_00008,174,0.9148300683260275,entropy,4,202.18518605501933
2183,af4ec_00008,175,0.8930151425872406,entropy,4,202.18518605501933
2184,af4ec_00008,176,0.8657055973494003,entropy,4,202.18518605501933
2185,af4ec_00008,177,0.8981303550013726,entropy,4,202.18518605501933
2186,af4ec_00008,178,0.8401447788417693,entropy,4,202.18518605501933
2187,af4ec_00008,179,0.8353959286162675,entropy,4,202.18518605501933
2188,af4ec_00008,180,0.8668478260869565,entropy,4,202.18518605501933
2189,af4ec_00008,181,0.9062244062244063,entropy,4,202.18518605501933
2190,af4ec_00008,182,0.9135918516232218,entropy,4,202.18518605501933
2191,af4ec_00008,183,0.8660616061606161,entropy,4,202.18518605501933
2192,af4ec_00008,184,0.8613939727535433,entropy,4,202.18518605501933
2193,af4ec_00008,185,0.8671327159693221,entropy,4,202.18518605501933
2194,af4ec_00008,186,0.8718242285465052,entropy,4,202.18518605501933
2195,af4ec_00008,187,0.9110615545207936,entropy,4,202.18518605501933
2196,af4ec_00008,188,0.8960309097295398,entropy,4,202.18518605501933
2197,af4ec_00008,189,0.8621812898387702,entropy,4,202.18518605501933
2198,af4ec_00008,190,0.9104935593052232,entropy,4,202.18518605501933
2199,af4ec_00008,191,0.9146610427390143,entropy,4,202.18518605501933
2200,af4ec_00008,192,0.8939783983434999,entropy,4,202.18518605501933
2201,af4ec_00008,193,0.9167293893321291,entropy,4,202.18518605501933
2202,af4ec_00008,194,0.8939783983434999,entropy,4,202.18518605501933
2203,af4ec_00008,195,0.8729215582922037,entropy,4,202.18518605501933
2204,af4ec_00008,196,0.8449398920333526,entropy,4,202.18518605501933
2205,af4ec_00008,197,0.9132796427316976,entropy,4,202.18518605501933
2206,af4ec_00008,198,0.8707455189489521,entropy,4,202.18518605501933
2207,af4ec_00008,199,0.8674876497138998,entropy,4,202.18518605501933
2208,af4ec_00008,200,0.8668478260869565,entropy,4,202.18518605501933
2209,af4ec_00008,201,0.8891314165286768,entropy,4,202.18518605501933
2210,af4ec_00008,202,0.9113821138211382,entropy,4,202.18518605501933
2211,af4ec_00008,203,0.8951465367886696,entropy,4,202.18518605501933
2212,af4ec_00008,204,0.9002653144720366,entropy,4,202.18518605501933
2213,af4ec_00008,205,0.8696271982366189,entropy,4,202.18518605501933
2214,af4ec_00008,206,0.8545872224913049,entropy,4,202.18518605501933
2215,af4ec_00008,207,0.863372935381049,entropy,4,202.18518605501933
2216,af4ec_00008,208,0.8729215582922037,entropy,4,202.18518605501933
2217,af4ec_00008,209,0.8723748686116657,entropy,4,202.18518605501933
2218,af4ec_00008,210,0.8588548810708613,entropy,4,202.18518605501933
2219,af4ec_00008,211,0.9118053283902154,entropy,4,202.18518605501933
2220,af4ec_00008,212,0.8968084728293706,entropy,4,202.18518605501933
2221,af4ec_00008,213,0.8544511022916252,entropy,4,202.18518605501933
2222,af4ec_00008,214,0.9142130352922325,entropy,4,202.18518605501933
2223,af4ec_00008,215,0.8618622122939796,entropy,4,202.18518605501933
2224,af4ec_00008,216,0.8875612745098038,entropy,4,202.18518605501933
2225,af4ec_00008,217,0.9018100534292879,entropy,4,202.18518605501933
2226,af4ec_00008,218,0.8955654743081218,entropy,4,202.18518605501933
2227,af4ec_00008,219,0.8798143296470188,entropy,4,202.18518605501933
2228,af4ec_00008,220,0.8723748686116657,entropy,4,202.18518605501933
2229,af4ec_00008,221,0.9121301926627333,entropy,4,202.18518605501933
2230,af4ec_00008,222,0.8637598814229248,entropy,4,202.18518605501933
2231,af4ec_00008,223,0.8980760267942817,entropy,4,202.18518605501933
2232,af4ec_00008,224,0.8968084728293706,entropy,4,202.18518605501933
2233,af4ec_00008,225,0.9129663222651629,entropy,4,202.18518605501933
2234,af4ec_00008,226,0.858240447685886,entropy,4,202.18518605501933
2235,af4ec_00008,227,0.8710310183487258,entropy,4,202.18518605501933
2236,af4ec_00008,228,0.8712987208072787,entropy,4,202.18518605501933
2237,af4ec_00008,229,0.8588548810708613,entropy,4,202.18518605501933
2238,af4ec_00008,230,0.9070841443608277,entropy,4,202.18518605501933
2239,af4ec_00008,231,0.9051418117495972,entropy,4,202.18518605501933
2240,af4ec_00008,232,0.8659840519288309,entropy,4,202.18518605501933
2241,af4ec_00008,233,0.8988784179790441,entropy,4,202.18518605501933
2242,af4ec_00008,234,0.8980760267942817,entropy,4,202.18518605501933
2243,af4ec_00008,235,0.9148300683260275,entropy,4,202.18518605501933
2244,af4ec_00008,236,0.8639623125498979,entropy,4,202.18518605501933
2245,af4ec_00008,237,0.8870348651242137,entropy,4,202.18518605501933
2246,af4ec_00008,238,0.8856853086062011,entropy,4,202.18518605501933
2247,af4ec_00008,239,0.8544511022916252,entropy,4,202.18518605501933
2248,af4ec_00008,240,0.8718480502437196,entropy,4,202.18518605501933
2249,af4ec_00008,241,0.9129663222651629,entropy,4,202.18518605501933
2250,af4ec_00008,242,0.9132796427316976,entropy,4,202.18518605501933
2251,af4ec_00008,243,0.9142130352922325,entropy,4,202.18518605501933
2252,af4ec_00008,244,0.8938752430520247,entropy,4,202.18518605501933
2253,af4ec_00008,245,0.9145220588235294,entropy,4,202.18518605501933
2254,af4ec_00008,246,0.8665604172703565,entropy,4,202.18518605501933
2255,af4ec_00008,247,0.8532241776446425,entropy,4,202.18518605501933
2256,af4ec_00008,248,0.8972648750920593,entropy,4,202.18518605501933
2257,af4ec_00008,249,0.8524151836591567,entropy,4,202.18518605501933
2258,af4ec_00008,250,0.8988784179790441,entropy,4,202.18518605501933
2259,af4ec_00009,0,0.5656172328086164,entropy,5,168.43527824390657
2260,af4ec_00009,1,0.5991516436903499,entropy,5,168.43527824390657
2261,af4ec_00009,2,0.5989826583171335,entropy,5,168.43527824390657
2262,af4ec_00009,3,0.5011073416753072,entropy,5,168.43527824390657
2263,af4ec_00009,4,0.5608813667101393,entropy,5,168.43527824390657
2264,af4ec_00009,5,0.6387520951047985,entropy,5,168.43527824390657
2265,af4ec_00009,6,0.6317990867579909,entropy,5,168.43527824390657
2266,af4ec_00009,7,0.5880142568548293,entropy,5,168.43527824390657
2267,af4ec_00009,8,0.6164166666666667,entropy,5,168.43527824390657
2268,af4ec_00009,9,0.6458240543705976,entropy,5,168.43527824390657
2269,af4ec_00009,10,0.6377122187340224,entropy,5,168.43527824390657
2270,af4ec_00009,11,0.5797077658279691,entropy,5,168.43527824390657
2271,af4ec_00009,12,0.6973878050681372,entropy,5,168.43527824390657
2272,af4ec_00009,13,0.5954248234916559,entropy,5,168.43527824390657
2273,af4ec_00009,14,0.5914944683910578,entropy,5,168.43527824390657
2274,af4ec_00009,15,0.5735408144627971,entropy,5,168.43527824390657
2275,af4ec_00009,16,0.6145469114219114,entropy,5,168.43527824390657
2276,af4ec_00009,17,0.7035976632540922,entropy,5,168.43527824390657
2277,af4ec_00009,18,0.6008772370213435,entropy,5,168.43527824390657
2278,af4ec_00009,19,0.5998200131355316,entropy,5,168.43527824390657
2279,af4ec_00009,20,0.5887687058457095,entropy,5,168.43527824390657
2280,af4ec_00009,21,0.6510955171512821,entropy,5,168.43527824390657
2281,af4ec_00009,22,0.5899667611716625,entropy,5,168.43527824390657
2282,af4ec_00009,23,0.6161775307887838,entropy,5,168.43527824390657
2283,af4ec_00009,24,0.6039228030548114,entropy,5,168.43527824390657
2284,af4ec_00009,25,0.5845963402490385,entropy,5,168.43527824390657
2285,af4ec_00009,26,0.6051791932341707,entropy,5,168.43527824390657
2286,af4ec_00009,27,0.5795534740488869,entropy,5,168.43527824390657
2287,af4ec_00009,28,0.611369849144477,entropy,5,168.43527824390657
2288,af4ec_00009,29,0.6049875724937862,entropy,5,168.43527824390657
2289,af4ec_00009,30,0.603818267618403,entropy,5,168.43527824390657
2290,af4ec_00009,31,0.6024602612129188,entropy,5,168.43527824390657
2291,af4ec_00009,32,0.6297525228367227,entropy,5,168.43527824390657
2292,af4ec_00009,33,0.6064186046511628,entropy,5,168.43527824390657
2293,af4ec_00009,34,0.6053733980563248,entropy,5,168.43527824390657
2294,af4ec_00009,35,0.5993200068793079,entropy,5,168.43527824390657
2295,af4ec_00009,36,0.6045879326625638,entropy,5,168.43527824390657
2296,af4ec_00009,37,0.6056395066299494,entropy,5,168.43527824390657
2297,af4ec_00009,38,0.6112723376812499,entropy,5,168.43527824390657
2298,af4ec_00009,39,0.5810702015521292,entropy,5,168.43527824390657
2299,af4ec_00009,40,0.5881902229619331,entropy,5,168.43527824390657
2300,af4ec_00009,41,0.6011366856639063,entropy,5,168.43527824390657
2301,af4ec_00009,42,0.5608427709209277,entropy,5,168.43527824390657
2302,af4ec_00009,43,0.5834766976235297,entropy,5,168.43527824390657
2303,af4ec_00009,44,0.5875680326628285,entropy,5,168.43527824390657
2304,af4ec_00009,45,0.5728971196414583,entropy,5,168.43527824390657
2305,af4ec_00009,46,0.5653811230375794,entropy,5,168.43527824390657
2306,af4ec_00009,47,0.5761427377968731,entropy,5,168.43527824390657
2307,af4ec_00009,48,0.5954722985679155,entropy,5,168.43527824390657
2308,af4ec_00009,49,0.5905739025556023,entropy,5,168.43527824390657
2309,af4ec_00009,50,0.5592943378537136,entropy,5,168.43527824390657
2310,af4ec_00009,51,0.6258019034703923,entropy,5,168.43527824390657
2311,af4ec_00009,52,0.554555599181666,entropy,5,168.43527824390657
2312,af4ec_00009,53,0.5932977094693125,entropy,5,168.43527824390657
2313,af4ec_00009,54,0.5952791054607788,entropy,5,168.43527824390657
2314,af4ec_00009,55,0.574295348842984,entropy,5,168.43527824390657
2315,af4ec_00009,56,0.5740002446289079,entropy,5,168.43527824390657
2316,af4ec_00009,57,0.6063519813519813,entropy,5,168.43527824390657
2317,af4ec_00009,58,0.5678787878787879,entropy,5,168.43527824390657
2318,af4ec_00009,59,0.6056798947407385,entropy,5,168.43527824390657
2319,af4ec_00009,60,0.5840978593272171,entropy,5,168.43527824390657
2320,af4ec_00009,61,0.6032752570337991,entropy,5,168.43527824390657
2321,af4ec_00009,62,0.5736787022501308,entropy,5,168.43527824390657
2322,af4ec_00009,63,0.6030893695089925,entropy,5,168.43527824390657
2323,af4ec_00009,64,0.6114178704118557,entropy,5,168.43527824390657
2324,af4ec_00009,65,0.6115753154164328,entropy,5,168.43527824390657
2325,af4ec_00009,66,0.5684833974123342,entropy,5,168.43527824390657
2326,af4ec_00009,67,0.5953074632986072,entropy,5,168.43527824390657
2327,af4ec_00009,68,0.6229050279329609,entropy,5,168.43527824390657
2328,af4ec_00009,69,0.6090833333333333,entropy,5,168.43527824390657
2329,af4ec_00009,70,0.6134839574950995,entropy,5,168.43527824390657
2330,af4ec_00009,71,0.6094817153891259,entropy,5,168.43527824390657
2331,af4ec_00009,72,0.5969439143341815,entropy,5,168.43527824390657
2332,af4ec_00009,73,0.5883900072666308,entropy,5,168.43527824390657
2333,af4ec_00009,74,0.5913537209111501,entropy,5,168.43527824390657
2334,af4ec_00009,75,0.6346442538624528,entropy,5,168.43527824390657
2335,af4ec_00009,76,0.5994783051489158,entropy,5,168.43527824390657
2336,af4ec_00009,77,0.6147819127121671,entropy,5,168.43527824390657
2337,af4ec_00009,78,0.6336937292056743,entropy,5,168.43527824390657
2338,af4ec_00009,79,0.6075065072352478,entropy,5,168.43527824390657
2339,af4ec_00009,80,0.6151369638764597,entropy,5,168.43527824390657
2340,af4ec_00009,81,0.6229330077195306,entropy,5,168.43527824390657
2341,af4ec_00009,82,0.6063658340048348,entropy,5,168.43527824390657
2342,af4ec_00009,83,0.6121794871794872,entropy,5,168.43527824390657
2343,af4ec_00009,84,0.597401522674611,entropy,5,168.43527824390657
2344,af4ec_00009,85,0.6029257631814741,entropy,5,168.43527824390657
2345,af4ec_00009,86,0.6025671547038051,entropy,5,168.43527824390657
2346,af4ec_00009,87,0.6011072868001759,entropy,5,168.43527824390657
2347,af4ec_00009,88,0.6321938224712643,entropy,5,168.43527824390657
2348,af4ec_00009,89,0.5683526999316473,entropy,5,168.43527824390657
2349,af4ec_00009,90,0.6397013546798029,entropy,5,168.43527824390657
2350,af4ec_00009,91,0.6672651672651673,entropy,5,168.43527824390657
2351,af4ec_00009,92,0.6346983311499297,entropy,5,168.43527824390657
2352,af4ec_00009,93,0.6449566353259389,entropy,5,168.43527824390657
2353,af4ec_00009,94,0.6135746308230489,entropy,5,168.43527824390657
2354,af4ec_00009,95,0.6155990572674828,entropy,5,168.43527824390657
2355,af4ec_00009,96,0.6482193931658854,entropy,5,168.43527824390657
2356,af4ec_00009,97,0.6329398099330056,entropy,5,168.43527824390657
2357,af4ec_00009,98,0.6494016813165749,entropy,5,168.43527824390657
2358,af4ec_00009,99,0.6594138223255982,entropy,5,168.43527824390657
2359,af4ec_00009,100,0.6555518173120394,entropy,5,168.43527824390657
2360,af4ec_00009,101,0.6565127781279669,entropy,5,168.43527824390657
2361,af4ec_00009,102,0.671875,entropy,5,168.43527824390657
2362,af4ec_00009,103,0.6539565515740849,entropy,5,168.43527824390657
2363,af4ec_00009,104,0.6740873463716112,entropy,5,168.43527824390657
2364,af4ec_00009,105,0.6450364792389162,entropy,5,168.43527824390657
2365,af4ec_00009,106,0.6655840808330755,entropy,5,168.43527824390657
2366,af4ec_00009,107,0.6732285348550646,entropy,5,168.43527824390657
2367,af4ec_00009,108,0.6887808204428812,entropy,5,168.43527824390657
2368,af4ec_00009,109,0.702927117607872,entropy,5,168.43527824390657
2369,af4ec_00009,110,0.6931311293849601,entropy,5,168.43527824390657
2370,af4ec_00009,111,0.6645785297707854,entropy,5,168.43527824390657
2371,af4ec_00009,112,0.6982982756864256,entropy,5,168.43527824390657
2372,af4ec_00009,113,0.6649496336996337,entropy,5,168.43527824390657
2373,af4ec_00009,114,0.7086210388701688,entropy,5,168.43527824390657
2374,af4ec_00009,115,0.6860844362229686,entropy,5,168.43527824390657
2375,af4ec_00009,116,0.6708773396999249,entropy,5,168.43527824390657
2376,af4ec_00009,117,0.7122641779050001,entropy,5,168.43527824390657
2377,af4ec_00009,118,0.6847089416471113,entropy,5,168.43527824390657
2378,af4ec_00009,119,0.6914775548351295,entropy,5,168.43527824390657
2379,af4ec_00009,120,0.6692038067991,entropy,5,168.43527824390657
2380,af4ec_00009,121,0.7399061961053478,entropy,5,168.43527824390657
2381,af4ec_00009,122,0.7332636134847526,entropy,5,168.43527824390657
2382,af4ec_00009,123,0.7151004598724585,entropy,5,168.43527824390657
2383,af4ec_00009,124,0.6581921420642715,entropy,5,168.43527824390657
2384,af4ec_00009,125,0.663171279497126,entropy,5,168.43527824390657
2385,af4ec_00009,126,0.6640059545197885,entropy,5,168.43527824390657
2386,af4ec_00009,127,0.6771444879321592,entropy,5,168.43527824390657
2387,af4ec_00009,128,0.6977536485924215,entropy,5,168.43527824390657
2388,af4ec_00009,129,0.6764060648696683,entropy,5,168.43527824390657
2389,af4ec_00009,130,0.6887265612585413,entropy,5,168.43527824390657
2390,af4ec_00009,131,0.7016964654607611,entropy,5,168.43527824390657
2391,af4ec_00009,132,0.687948131197559,entropy,5,168.43527824390657
2392,af4ec_00009,133,0.671637849258365,entropy,5,168.43527824390657
2393,af4ec_00009,134,0.6893379712286318,entropy,5,168.43527824390657
2394,af4ec_00009,135,0.713081287338279,entropy,5,168.43527824390657
2395,af4ec_00009,136,0.6802777777777778,entropy,5,168.43527824390657
2396,af4ec_00009,137,0.7075006336641385,entropy,5,168.43527824390657
2397,af4ec_00009,138,0.6821314676411359,entropy,5,168.43527824390657
2398,af4ec_00009,139,0.6589395194697597,entropy,5,168.43527824390657
2399,af4ec_00009,140,0.6930558097410124,entropy,5,168.43527824390657
2400,af4ec_00009,141,0.7260239088295986,entropy,5,168.43527824390657
2401,af4ec_00009,142,0.7026318170016648,entropy,5,168.43527824390657
2402,af4ec_00009,143,0.7135818268886853,entropy,5,168.43527824390657
2403,af4ec_00009,144,0.6922469089894951,entropy,5,168.43527824390657
2404,af4ec_00009,145,0.7127061423451702,entropy,5,168.43527824390657
2405,af4ec_00009,146,0.6796783380800804,entropy,5,168.43527824390657
2406,af4ec_00009,147,0.6900372916703488,entropy,5,168.43527824390657
2407,af4ec_00009,148,0.7011695746410496,entropy,5,168.43527824390657
2408,af4ec_00009,149,0.691529411764706,entropy,5,168.43527824390657
2409,af4ec_00009,150,0.6893771369688884,entropy,5,168.43527824390657
2410,af4ec_00009,151,0.7142028505137554,entropy,5,168.43527824390657
2411,af4ec_00009,152,0.7260557641832794,entropy,5,168.43527824390657
2412,af4ec_00009,153,0.7057356608478803,entropy,5,168.43527824390657
2413,af4ec_00009,154,0.6980431723933649,entropy,5,168.43527824390657
2414,af4ec_00009,155,0.7465520367039005,entropy,5,168.43527824390657
2415,af4ec_00009,156,0.702172096908939,entropy,5,168.43527824390657
2416,af4ec_00009,157,0.7075006336641385,entropy,5,168.43527824390657
2417,af4ec_00009,158,0.7285288486212274,entropy,5,168.43527824390657
2418,af4ec_00009,159,0.7383106219930281,entropy,5,168.43527824390657
2419,af4ec_00009,160,0.7154773436659132,entropy,5,168.43527824390657
2420,af4ec_00009,161,0.7547734719240764,entropy,5,168.43527824390657
2421,af4ec_00009,162,0.7252123953813463,entropy,5,168.43527824390657
2422,af4ec_00009,163,0.6916424519164245,entropy,5,168.43527824390657
2423,af4ec_00009,164,0.717836358460242,entropy,5,168.43527824390657
2424,af4ec_00009,165,0.698099025529832,entropy,5,168.43527824390657
2425,af4ec_00009,166,0.7055599802783783,entropy,5,168.43527824390657
2426,af4ec_00009,167,0.7329441391941391,entropy,5,168.43527824390657
2427,af4ec_00009,168,0.6775329737054465,entropy,5,168.43527824390657
2428,af4ec_00009,169,0.7250777955771603,entropy,5,168.43527824390657
2429,af4ec_00009,170,0.7249988883454133,entropy,5,168.43527824390657
2430,af4ec_00009,171,0.7351160113494242,entropy,5,168.43527824390657
2431,af4ec_00009,172,0.7385384298789776,entropy,5,168.43527824390657
2432,af4ec_00009,173,0.7532998574447642,entropy,5,168.43527824390657
2433,af4ec_00009,174,0.7216843735521017,entropy,5,168.43527824390657
2434,af4ec_00009,175,0.7432713086918694,entropy,5,168.43527824390657
2435,af4ec_00009,176,0.735024717991023,entropy,5,168.43527824390657
2436,af4ec_00009,177,0.7568570415375135,entropy,5,168.43527824390657
2437,af4ec_00009,178,0.6785597914630173,entropy,5,168.43527824390657
2438,af4ec_00009,179,0.7431222319402105,entropy,5,168.43527824390657
2439,af4ec_00009,180,0.7060138093849444,entropy,5,168.43527824390657
2440,af4ec_00009,181,0.7351704196968369,entropy,5,168.43527824390657
2441,af4ec_00009,182,0.7267299727702303,entropy,5,168.43527824390657
2442,af4ec_00009,183,0.7382946566327655,entropy,5,168.43527824390657
2443,af4ec_00009,184,0.747994007231658,entropy,5,168.43527824390657
2444,af4ec_00009,185,0.7101492537313433,entropy,5,168.43527824390657
2445,af4ec_00009,186,0.7264618301675692,entropy,5,168.43527824390657
2446,af4ec_00009,187,0.6882681410672432,entropy,5,168.43527824390657
2447,af4ec_00009,188,0.7238772915919227,entropy,5,168.43527824390657
2448,af4ec_00009,189,0.718920296209238,entropy,5,168.43527824390657
2449,af4ec_00009,190,0.7511979634621144,entropy,5,168.43527824390657
2450,af4ec_00009,191,0.7440747383700157,entropy,5,168.43527824390657
2451,af4ec_00009,192,0.7620948182527272,entropy,5,168.43527824390657
2452,af4ec_00009,193,0.7227078445865605,entropy,5,168.43527824390657
2453,af4ec_00009,194,0.7407058823529411,entropy,5,168.43527824390657
2454,af4ec_00009,195,0.7523874904652936,entropy,5,168.43527824390657
2455,af4ec_00009,196,0.7273540483721802,entropy,5,168.43527824390657
2456,af4ec_00009,197,0.7405198444556238,entropy,5,168.43527824390657
2457,af4ec_00009,198,0.7107290969899666,entropy,5,168.43527824390657
2458,af4ec_00009,199,0.730844110693923,entropy,5,168.43527824390657
2459,af4ec_00009,200,0.7123969991390973,entropy,5,168.43527824390657
2460,af4ec_00009,201,0.7118378420515793,entropy,5,168.43527824390657
2461,af4ec_00009,202,0.7321573910358956,entropy,5,168.43527824390657
2462,af4ec_00009,203,0.694066021273237,entropy,5,168.43527824390657
2463,af4ec_00009,204,0.74110682973139,entropy,5,168.43527824390657
2464,af4ec_00009,205,0.7604424103737605,entropy,5,168.43527824390657
2465,af4ec_00009,206,0.7348654031868662,entropy,5,168.43527824390657
2466,af4ec_00009,207,0.7334105719958888,entropy,5,168.43527824390657
2467,af4ec_00009,208,0.73656988807609,entropy,5,168.43527824390657
2468,af4ec_00009,209,0.7213813441779668,entropy,5,168.43527824390657
2469,af4ec_00009,210,0.7192043128365055,entropy,5,168.43527824390657
2470,af4ec_00009,211,0.7134205493500374,entropy,5,168.43527824390657
2471,af4ec_00009,212,0.7779625149093066,entropy,5,168.43527824390657
2472,af4ec_00009,213,0.7066742442442083,entropy,5,168.43527824390657
2473,af4ec_00009,214,0.7062984330077493,entropy,5,168.43527824390657
2474,af4ec_00009,215,0.7924595126968571,entropy,5,168.43527824390657
2475,af4ec_00009,216,0.7175552545711998,entropy,5,168.43527824390657
2476,af4ec_00009,217,0.7286747260196588,entropy,5,168.43527824390657
2477,af4ec_00009,218,0.7231066804632448,entropy,5,168.43527824390657
2478,af4ec_00009,219,0.7631374094754674,entropy,5,168.43527824390657
2479,af4ec_00009,220,0.7428067634099864,entropy,5,168.43527824390657
2480,af4ec_00009,221,0.74787579883972,entropy,5,168.43527824390657
2481,af4ec_00009,222,0.7376178541592076,entropy,5,168.43527824390657
2482,af4ec_00009,223,0.746408471563981,entropy,5,168.43527824390657
2483,af4ec_00009,224,0.7383213823069195,entropy,5,168.43527824390657
2484,af4ec_00009,225,0.7326732217496179,entropy,5,168.43527824390657
2485,af4ec_00009,226,0.7544815891472868,entropy,5,168.43527824390657
2486,af4ec_00009,227,0.7506894438486288,entropy,5,168.43527824390657
2487,af4ec_00009,228,0.7285896771327014,entropy,5,168.43527824390657
2488,af4ec_00009,229,0.7835555682468645,entropy,5,168.43527824390657
2489,af4ec_00009,230,0.7346043297455969,entropy,5,168.43527824390657
2490,af4ec_00009,231,0.7488748829430956,entropy,5,168.43527824390657
2491,af4ec_00009,232,0.775837063687961,entropy,5,168.43527824390657
2492,af4ec_00009,233,0.7575534244414923,entropy,5,168.43527824390657
2493,af4ec_00009,234,0.7606356167632866,entropy,5,168.43527824390657
2494,af4ec_00009,235,0.765158037141803,entropy,5,168.43527824390657
2495,af4ec_00009,236,0.8055555555555556,entropy,5,168.43527824390657
2496,af4ec_00009,237,0.7450721414734636,entropy,5,168.43527824390657
2497,af4ec_00009,238,0.7265175733214635,entropy,5,168.43527824390657
2498,af4ec_00009,239,0.7504620952067633,entropy,5,168.43527824390657
2499,af4ec_00009,240,0.7711238443950436,entropy,5,168.43527824390657
2500,af4ec_00009,241,0.766318887105404,entropy,5,168.43527824390657
2501,af4ec_00009,242,0.774442538593482,entropy,5,168.43527824390657
2502,af4ec_00009,243,0.7116443188859425,entropy,5,168.43527824390657
2503,af4ec_00009,244,0.7637961575146478,entropy,5,168.43527824390657
2504,af4ec_00009,245,0.7628886265249901,entropy,5,168.43527824390657
2505,af4ec_00009,246,0.7530423261021557,entropy,5,168.43527824390657
2506,af4ec_00009,247,0.7636088911231584,entropy,5,168.43527824390657
2507,af4ec_00009,248,0.76111944027986,entropy,5,168.43527824390657
2508,af4ec_00009,249,0.8177359620778832,entropy,5,168.43527824390657
2509,af4ec_00009,250,0.784835437809035,entropy,5,168.43527824390657
2510,af4ec_00010,0,0.5852242498403916,marginal_confidence,1,150.99734487459463
2511,af4ec_00010,1,0.5850282059630927,marginal_confidence,1,150.99734487459463
2512,af4ec_00010,2,0.5245480488079173,marginal_confidence,1,150.99734487459463
2513,af4ec_00010,3,0.5773900201179165,marginal_confidence,1,150.99734487459463
2514,af4ec_00010,4,0.541697365751567,marginal_confidence,1,150.99734487459463
2515,af4ec_00010,5,0.5673737690375162,marginal_confidence,1,150.99734487459463
2516,af4ec_00010,6,0.5668891220826554,marginal_confidence,1,150.99734487459463
2517,af4ec_00010,7,0.5770707361551013,marginal_confidence,1,150.99734487459463
2518,af4ec_00010,8,0.5761662538037573,marginal_confidence,1,150.99734487459463
2519,af4ec_00010,9,0.5856656419254231,marginal_confidence,1,150.99734487459463
2520,af4ec_00010,10,0.5767695644149133,marginal_confidence,1,150.99734487459463
2521,af4ec_00010,11,0.5853333333333333,marginal_confidence,1,150.99734487459463
2522,af4ec_00010,12,0.5832433158180609,marginal_confidence,1,150.99734487459463
2523,af4ec_00010,13,0.5832433158180609,marginal_confidence,1,150.99734487459463
2524,af4ec_00010,14,0.5832433158180609,marginal_confidence,1,150.99734487459463
2525,af4ec_00010,15,0.5832433158180609,marginal_confidence,1,150.99734487459463
2526,af4ec_00010,16,0.5837094774383194,marginal_confidence,1,150.99734487459463
2527,af4ec_00010,17,0.5664356311746924,marginal_confidence,1,150.99734487459463
2528,af4ec_00010,18,0.5668080316238645,marginal_confidence,1,150.99734487459463
2529,af4ec_00010,19,0.564989832942935,marginal_confidence,1,150.99734487459463
2530,af4ec_00010,20,0.564989832942935,marginal_confidence,1,150.99734487459463
2531,af4ec_00010,21,0.5659776319735504,marginal_confidence,1,150.99734487459463
2532,af4ec_00010,22,0.5751694339802172,marginal_confidence,1,150.99734487459463
2533,af4ec_00010,23,0.5718127090301003,marginal_confidence,1,150.99734487459463
2534,af4ec_00010,24,0.5737100737100737,marginal_confidence,1,150.99734487459463
2535,af4ec_00010,25,0.5711054398389844,marginal_confidence,1,150.99734487459463
2536,af4ec_00010,26,0.5756596176972009,marginal_confidence,1,150.99734487459463
2537,af4ec_00010,27,0.5746227264388021,marginal_confidence,1,150.99734487459463
2538,af4ec_00010,28,0.5745150961869228,marginal_confidence,1,150.99734487459463
2539,af4ec_00010,29,0.5764290977997684,marginal_confidence,1,150.99734487459463
2540,af4ec_00010,30,0.5843413343413343,marginal_confidence,1,150.99734487459463
2541,af4ec_00010,31,0.5799031476997578,marginal_confidence,1,150.99734487459463
2542,af4ec_00010,32,0.5773092369477911,marginal_confidence,1,150.99734487459463
2543,af4ec_00010,33,0.5774023862160251,marginal_confidence,1,150.99734487459463
2544,af4ec_00010,34,0.5775757575757576,marginal_confidence,1,150.99734487459463
2545,af4ec_00010,35,0.58476254180602,marginal_confidence,1,150.99734487459463
2546,af4ec_00010,36,0.5801989258347017,marginal_confidence,1,150.99734487459463
2547,af4ec_00010,37,0.5885987140608628,marginal_confidence,1,150.99734487459463
2548,af4ec_00010,38,0.5818354711398804,marginal_confidence,1,150.99734487459463
2549,af4ec_00010,39,0.5821220439121243,marginal_confidence,1,150.99734487459463
2550,af4ec_00010,40,0.5799031476997578,marginal_confidence,1,150.99734487459463
2551,af4ec_00010,41,0.5825911350455675,marginal_confidence,1,150.99734487459463
2552,af4ec_00010,42,0.5831204767986378,marginal_confidence,1,150.99734487459463
2553,af4ec_00010,43,0.5816448228174125,marginal_confidence,1,150.99734487459463
2554,af4ec_00010,44,0.5867394608765985,marginal_confidence,1,150.99734487459463
2555,af4ec_00010,45,0.5835852842809365,marginal_confidence,1,150.99734487459463
2556,af4ec_00010,46,0.5894293137272228,marginal_confidence,1,150.99734487459463
2557,af4ec_00010,47,0.5844818727601738,marginal_confidence,1,150.99734487459463
2558,af4ec_00010,48,0.583777789284728,marginal_confidence,1,150.99734487459463
2559,af4ec_00010,49,0.5867038367038367,marginal_confidence,1,150.99734487459463
2560,af4ec_00010,50,0.5870238900465606,marginal_confidence,1,150.99734487459463
2561,af4ec_00010,51,0.5851786718348108,marginal_confidence,1,150.99734487459463
2562,af4ec_00010,52,0.5852437843073942,marginal_confidence,1,150.99734487459463
2563,af4ec_00010,53,0.5851041820440736,marginal_confidence,1,150.99734487459463
2564,af4ec_00010,54,0.5816626062915193,marginal_confidence,1,150.99734487459463
2565,af4ec_00010,55,0.5864942960431896,marginal_confidence,1,150.99734487459463
2566,af4ec_00010,56,0.5834044830706103,marginal_confidence,1,150.99734487459463
2567,af4ec_00010,57,0.5835462830071995,marginal_confidence,1,150.99734487459463
2568,af4ec_00010,58,0.5854618986802895,marginal_confidence,1,150.99734487459463
2569,af4ec_00010,59,0.5876116672048218,marginal_confidence,1,150.99734487459463
2570,af4ec_00010,60,0.5878442673911793,marginal_confidence,1,150.99734487459463
2571,af4ec_00010,61,0.5911634915509633,marginal_confidence,1,150.99734487459463
2572,af4ec_00010,62,0.5914288414288414,marginal_confidence,1,150.99734487459463
2573,af4ec_00010,63,0.5884304871373837,marginal_confidence,1,150.99734487459463
2574,af4ec_00010,64,0.5908977147196908,marginal_confidence,1,150.99734487459463
2575,af4ec_00010,65,0.5893366076517907,marginal_confidence,1,150.99734487459463
2576,af4ec_00010,66,0.5927412737283473,marginal_confidence,1,150.99734487459463
2577,af4ec_00010,67,0.5914248761163632,marginal_confidence,1,150.99734487459463
2578,af4ec_00010,68,0.5919582991242474,marginal_confidence,1,150.99734487459463
2579,af4ec_00010,69,0.5951334339072986,marginal_confidence,1,150.99734487459463
2580,af4ec_00010,70,0.5952147582875346,marginal_confidence,1,150.99734487459463
2581,af4ec_00010,71,0.5947153158971048,marginal_confidence,1,150.99734487459463
2582,af4ec_00010,72,0.589515800895158,marginal_confidence,1,150.99734487459463
2583,af4ec_00010,73,0.5936568752660707,marginal_confidence,1,150.99734487459463
2584,af4ec_00010,74,0.5932650343683894,marginal_confidence,1,150.99734487459463
2585,af4ec_00010,75,0.5913498981429666,marginal_confidence,1,150.99734487459463
2586,af4ec_00010,76,0.5948275862068966,marginal_confidence,1,150.99734487459463
2587,af4ec_00010,77,0.5931438702336536,marginal_confidence,1,150.99734487459463
2588,af4ec_00010,78,0.5910491127618088,marginal_confidence,1,150.99734487459463
2589,af4ec_00010,79,0.591296219248537,marginal_confidence,1,150.99734487459463
2590,af4ec_00010,80,0.5934012471458635,marginal_confidence,1,150.99734487459463
2591,af4ec_00010,81,0.5947153158971048,marginal_confidence,1,150.99734487459463
2592,af4ec_00010,82,0.5932650343683894,marginal_confidence,1,150.99734487459463
2593,af4ec_00010,83,0.5921121077940038,marginal_confidence,1,150.99734487459463
2594,af4ec_00010,84,0.594047910759501,marginal_confidence,1,150.99734487459463
2595,af4ec_00010,85,0.5931438702336536,marginal_confidence,1,150.99734487459463
2596,af4ec_00010,86,0.5935263526320669,marginal_confidence,1,150.99734487459463
2597,af4ec_00010,87,0.595870371495026,marginal_confidence,1,150.99734487459463
2598,af4ec_00010,88,0.5946983620635463,marginal_confidence,1,150.99734487459463
2599,af4ec_00010,89,0.5926184123580913,marginal_confidence,1,150.99734487459463
2600,af4ec_00010,90,0.5956142795665856,marginal_confidence,1,150.99734487459463
2601,af4ec_00010,91,0.5939176532055611,marginal_confidence,1,150.99734487459463
2602,af4ec_00010,92,0.5947153158971048,marginal_confidence,1,150.99734487459463
2603,af4ec_00010,93,0.5939176532055611,marginal_confidence,1,150.99734487459463
2604,af4ec_00010,94,0.592222426070595,marginal_confidence,1,150.99734487459463
2605,af4ec_00010,95,0.5918469415434694,marginal_confidence,1,150.99734487459463
2606,af4ec_00010,96,0.5937913437913438,marginal_confidence,1,150.99734487459463
2607,af4ec_00010,97,0.594047910759501,marginal_confidence,1,150.99734487459463
2608,af4ec_00010,98,0.5939176532055611,marginal_confidence,1,150.99734487459463
2609,af4ec_00010,99,0.5875713311560133,marginal_confidence,1,150.99734487459463
2610,af4ec_00010,100,0.5949567262254701,marginal_confidence,1,150.99734487459463
2611,af4ec_00010,101,0.5961261440361286,marginal_confidence,1,150.99734487459463
2612,af4ec_00010,102,0.5906443859246037,marginal_confidence,1,150.99734487459463
2613,af4ec_00010,103,0.5936568752660707,marginal_confidence,1,150.99734487459463
2614,af4ec_00010,104,0.5995520364982809,marginal_confidence,1,150.99734487459463
2615,af4ec_00010,105,0.6006848494590519,marginal_confidence,1,150.99734487459463
2616,af4ec_00010,106,0.5979061893143455,marginal_confidence,1,150.99734487459463
2617,af4ec_00010,107,0.598957229543577,marginal_confidence,1,150.99734487459463
2618,af4ec_00010,108,0.5960723736524448,marginal_confidence,1,150.99734487459463
2619,af4ec_00010,109,0.5974005146600289,marginal_confidence,1,150.99734487459463
2620,af4ec_00010,110,0.5951011025763968,marginal_confidence,1,150.99734487459463
2621,af4ec_00010,111,0.5994259274771938,marginal_confidence,1,150.99734487459463
2622,af4ec_00010,112,0.5994259274771938,marginal_confidence,1,150.99734487459463
2623,af4ec_00010,113,0.5989241204458273,marginal_confidence,1,150.99734487459463
2624,af4ec_00010,114,0.6166601915265688,marginal_confidence,1,150.99734487459463
2625,af4ec_00010,115,0.6022120181906486,marginal_confidence,1,150.99734487459463
2626,af4ec_00010,116,0.6006441585734819,marginal_confidence,1,150.99734487459463
2627,af4ec_00010,117,0.6181763244477272,marginal_confidence,1,150.99734487459463
2628,af4ec_00010,118,0.6130823782637679,marginal_confidence,1,150.99734487459463
2629,af4ec_00010,119,0.6128105349388377,marginal_confidence,1,150.99734487459463
2630,af4ec_00010,120,0.6120384666601884,marginal_confidence,1,150.99734487459463
2631,af4ec_00010,121,0.6058241093047388,marginal_confidence,1,150.99734487459463
2632,af4ec_00010,122,0.6075323119988169,marginal_confidence,1,150.99734487459463
2633,af4ec_00010,123,0.6059620535211901,marginal_confidence,1,150.99734487459463
2634,af4ec_00010,124,0.6122372894658918,marginal_confidence,1,150.99734487459463
2635,af4ec_00010,125,0.6079150883838385,marginal_confidence,1,150.99734487459463
2636,af4ec_00010,126,0.6101236201206327,marginal_confidence,1,150.99734487459463
2637,af4ec_00010,127,0.6130576419710936,marginal_confidence,1,150.99734487459463
2638,af4ec_00010,128,0.6102383531960996,marginal_confidence,1,150.99734487459463
2639,af4ec_00010,129,0.6127839624623075,marginal_confidence,1,150.99734487459463
2640,af4ec_00010,130,0.6106777302991155,marginal_confidence,1,150.99734487459463
2641,af4ec_00010,131,0.6119301119301119,marginal_confidence,1,150.99734487459463
2642,af4ec_00010,132,0.6097695646271981,marginal_confidence,1,150.99734487459463
2643,af4ec_00010,133,0.6113775646149747,marginal_confidence,1,150.99734487459463
2644,af4ec_00010,134,0.6124921103722306,marginal_confidence,1,150.99734487459463
2645,af4ec_00010,135,0.6123738735646836,marginal_confidence,1,150.99734487459463
2646,af4ec_00010,136,0.6134686043858785,marginal_confidence,1,150.99734487459463
2647,af4ec_00010,137,0.6121318852990602,marginal_confidence,1,150.99734487459463
2648,af4ec_00010,138,0.6140639961306409,marginal_confidence,1,150.99734487459463
2649,af4ec_00010,139,0.6104005684341416,marginal_confidence,1,150.99734487459463
2650,af4ec_00010,140,0.6113775646149747,marginal_confidence,1,150.99734487459463
2651,af4ec_00010,141,0.6088678526545884,marginal_confidence,1,150.99734487459463
2652,af4ec_00010,142,0.6097250973367799,marginal_confidence,1,150.99734487459463
2653,af4ec_00010,143,0.613899289330348,marginal_confidence,1,150.99734487459463
2654,af4ec_00010,144,0.610688127518422,marginal_confidence,1,150.99734487459463
2655,af4ec_00010,145,0.6109821428571429,marginal_confidence,1,150.99734487459463
2656,af4ec_00010,146,0.6066365227407482,marginal_confidence,1,150.99734487459463
2657,af4ec_00010,147,0.6115156163585828,marginal_confidence,1,150.99734487459463
2658,af4ec_00010,148,0.6126472094214029,marginal_confidence,1,150.99734487459463
2659,af4ec_00010,149,0.610688127518422,marginal_confidence,1,150.99734487459463
2660,af4ec_00010,150,0.6113775646149747,marginal_confidence,1,150.99734487459463
2661,af4ec_00010,151,0.6088911088911089,marginal_confidence,1,150.99734487459463
2662,af4ec_00010,152,0.6113775646149747,marginal_confidence,1,150.99734487459463
2663,af4ec_00010,153,0.6063626317579055,marginal_confidence,1,150.99734487459463
2664,af4ec_00010,154,0.6116676684699125,marginal_confidence,1,150.99734487459463
2665,af4ec_00010,155,0.6108259075584479,marginal_confidence,1,150.99734487459463
2666,af4ec_00010,156,0.6127839624623075,marginal_confidence,1,150.99734487459463
2667,af4ec_00010,157,0.6097017362047671,marginal_confidence,1,150.99734487459463
2668,af4ec_00010,158,0.6137629899142372,marginal_confidence,1,150.99734487459463
2669,af4ec_00010,159,0.6110487275554164,marginal_confidence,1,150.99734487459463
2670,af4ec_00010,160,0.6129464285714286,marginal_confidence,1,150.99734487459463
2671,af4ec_00010,161,0.6177573114730351,marginal_confidence,1,150.99734487459463
2672,af4ec_00010,162,0.6175150372564862,marginal_confidence,1,150.99734487459463
2673,af4ec_00010,163,0.6180300210629232,marginal_confidence,1,150.99734487459463
2674,af4ec_00010,164,0.6195039960818363,marginal_confidence,1,150.99734487459463
2675,af4ec_00010,165,0.6185738955091008,marginal_confidence,1,150.99734487459463
2676,af4ec_00010,166,0.618050833049983,marginal_confidence,1,150.99734487459463
2677,af4ec_00010,167,0.6199537033318787,marginal_confidence,1,150.99734487459463
2678,af4ec_00010,168,0.6171427654040864,marginal_confidence,1,150.99734487459463
2679,af4ec_00010,169,0.6173660195695001,marginal_confidence,1,150.99734487459463
2680,af4ec_00010,170,0.6140356492545807,marginal_confidence,1,150.99734487459463
2681,af4ec_00010,171,0.622287173284956,marginal_confidence,1,150.99734487459463
2682,af4ec_00010,172,0.6217876746506986,marginal_confidence,1,150.99734487459463
2683,af4ec_00010,173,0.6195988055726073,marginal_confidence,1,150.99734487459463
2684,af4ec_00010,174,0.624535476622591,marginal_confidence,1,150.99734487459463
2685,af4ec_00010,175,0.6220113976287691,marginal_confidence,1,150.99734487459463
2686,af4ec_00010,176,0.6213414018811919,marginal_confidence,1,150.99734487459463
2687,af4ec_00010,177,0.6286674566851913,marginal_confidence,1,150.99734487459463
2688,af4ec_00010,178,0.6293803944062055,marginal_confidence,1,150.99734487459463
2689,af4ec_00010,179,0.626997111113412,marginal_confidence,1,150.99734487459463
2690,af4ec_00010,180,0.6272869193689745,marginal_confidence,1,150.99734487459463
2691,af4ec_00010,181,0.625426623361547,marginal_confidence,1,150.99734487459463
2692,af4ec_00010,182,0.6201650906648293,marginal_confidence,1,150.99734487459463
2693,af4ec_00010,183,0.6258542317325829,marginal_confidence,1,150.99734487459463
2694,af4ec_00010,184,0.6263550057561914,marginal_confidence,1,150.99734487459463
2695,af4ec_00010,185,0.6299593568009165,marginal_confidence,1,150.99734487459463
2696,af4ec_00010,186,0.6286674566851913,marginal_confidence,1,150.99734487459463
2697,af4ec_00010,187,0.6271463837099877,marginal_confidence,1,150.99734487459463
2698,af4ec_00010,188,0.6274384530198484,marginal_confidence,1,150.99734487459463
2699,af4ec_00010,189,0.6267091874826681,marginal_confidence,1,150.99734487459463
2700,af4ec_00010,190,0.6270677777407534,marginal_confidence,1,150.99734487459463
2701,af4ec_00010,191,0.6271463837099877,marginal_confidence,1,150.99734487459463
2702,af4ec_00010,192,0.6233759284231255,marginal_confidence,1,150.99734487459463
2703,af4ec_00010,193,0.6233917947553326,marginal_confidence,1,150.99734487459463
2704,af4ec_00010,194,0.6263454480718668,marginal_confidence,1,150.99734487459463
2705,af4ec_00010,195,0.6296039010569903,marginal_confidence,1,150.99734487459463
2706,af4ec_00010,196,0.6234544702920064,marginal_confidence,1,150.99734487459463
2707,af4ec_00010,197,0.6285214161200192,marginal_confidence,1,150.99734487459463
2708,af4ec_00010,198,0.6260625657108798,marginal_confidence,1,150.99734487459463
2709,af4ec_00010,199,0.6270380434782609,marginal_confidence,1,150.99734487459463
2710,af4ec_00010,200,0.6287589011237311,marginal_confidence,1,150.99734487459463
2711,af4ec_00010,201,0.6257111810736631,marginal_confidence,1,150.99734487459463
2712,af4ec_00010,202,0.6259557320136353,marginal_confidence,1,150.99734487459463
2713,af4ec_00010,203,0.6234930152452638,marginal_confidence,1,150.99734487459463
2714,af4ec_00010,204,0.6265118453469336,marginal_confidence,1,150.99734487459463
2715,af4ec_00010,205,0.6256596835898687,marginal_confidence,1,150.99734487459463
2716,af4ec_00010,206,0.6253184533587332,marginal_confidence,1,150.99734487459463
2717,af4ec_00010,207,0.6294969398417674,marginal_confidence,1,150.99734487459463
2718,af4ec_00010,208,0.6264007278183441,marginal_confidence,1,150.99734487459463
2719,af4ec_00010,209,0.6265946514737218,marginal_confidence,1,150.99734487459463
2720,af4ec_00010,210,0.625765039558143,marginal_confidence,1,150.99734487459463
2721,af4ec_00010,211,0.6261523697384048,marginal_confidence,1,150.99734487459463
2722,af4ec_00010,212,0.6270380434782609,marginal_confidence,1,150.99734487459463
2723,af4ec_00010,213,0.623837691042759,marginal_confidence,1,150.99734487459463
2724,af4ec_00010,214,0.6241328952172326,marginal_confidence,1,150.99734487459463
2725,af4ec_00010,215,0.6298403532608696,marginal_confidence,1,150.99734487459463
2726,af4ec_00010,216,0.6269614546242266,marginal_confidence,1,150.99734487459463
2727,af4ec_00010,217,0.6266980146290492,marginal_confidence,1,150.99734487459463
2728,af4ec_00010,218,0.6262730655041527,marginal_confidence,1,150.99734487459463
2729,af4ec_00010,219,0.6227965933848287,marginal_confidence,1,150.99734487459463
2730,af4ec_00010,220,0.6201390814650483,marginal_confidence,1,150.99734487459463
2731,af4ec_00010,221,0.6214731275374255,marginal_confidence,1,150.99734487459463
2732,af4ec_00010,222,0.6164120638324135,marginal_confidence,1,150.99734487459463
2733,af4ec_00010,223,0.6212251485033659,marginal_confidence,1,150.99734487459463
2734,af4ec_00010,224,0.6230487904543969,marginal_confidence,1,150.99734487459463
2735,af4ec_00010,225,0.622458095225106,marginal_confidence,1,150.99734487459463
2736,af4ec_00010,226,0.6257706009087225,marginal_confidence,1,150.99734487459463
2737,af4ec_00010,227,0.623308376032447,marginal_confidence,1,150.99734487459463
2738,af4ec_00010,228,0.6216682473824454,marginal_confidence,1,150.99734487459463
2739,af4ec_00010,229,0.6246273106738223,marginal_confidence,1,150.99734487459463
2740,af4ec_00010,230,0.6213244586738562,marginal_confidence,1,150.99734487459463
2741,af4ec_00010,231,0.6231016987897957,marginal_confidence,1,150.99734487459463
2742,af4ec_00010,232,0.622900946027307,marginal_confidence,1,150.99734487459463
2743,af4ec_00010,233,0.622900946027307,marginal_confidence,1,150.99734487459463
2744,af4ec_00010,234,0.6216380915863278,marginal_confidence,1,150.99734487459463
2745,af4ec_00010,235,0.6196963433424781,marginal_confidence,1,150.99734487459463
2746,af4ec_00010,236,0.6186669235214795,marginal_confidence,1,150.99734487459463
2747,af4ec_00010,237,0.6218691958920572,marginal_confidence,1,150.99734487459463
2748,af4ec_00010,238,0.6221590909090908,marginal_confidence,1,150.99734487459463
2749,af4ec_00010,239,0.6276770025049369,marginal_confidence,1,150.99734487459463
2750,af4ec_00010,240,0.6229171272244943,marginal_confidence,1,150.99734487459463
2751,af4ec_00010,241,0.6233016304347826,marginal_confidence,1,150.99734487459463
2752,af4ec_00010,242,0.6225149385546244,marginal_confidence,1,150.99734487459463
2753,af4ec_00010,243,0.6232486691548333,marginal_confidence,1,150.99734487459463
2754,af4ec_00010,244,0.6160869576354326,marginal_confidence,1,150.99734487459463
2755,af4ec_00010,245,0.6254671921623741,marginal_confidence,1,150.99734487459463
2756,af4ec_00010,246,0.6225169976204604,marginal_confidence,1,150.99734487459463
2757,af4ec_00010,247,0.6170261725030333,marginal_confidence,1,150.99734487459463
2758,af4ec_00010,248,0.624384634779309,marginal_confidence,1,150.99734487459463
2759,af4ec_00010,249,0.6251309628353751,marginal_confidence,1,150.99734487459463
2760,af4ec_00010,250,0.6231525629035395,marginal_confidence,1,150.99734487459463
2761,af4ec_00011,0,0.5074538089716755,marginal_confidence,2,209.00704857943302
2762,af4ec_00011,1,0.5305062525211779,marginal_confidence,2,209.00704857943302
2763,af4ec_00011,2,0.5305062525211779,marginal_confidence,2,209.00704857943302
2764,af4ec_00011,3,0.5058570053968121,marginal_confidence,2,209.00704857943302
2765,af4ec_00011,4,0.5288949491752943,marginal_confidence,2,209.00704857943302
2766,af4ec_00011,5,0.5288949491752943,marginal_confidence,2,209.00704857943302
2767,af4ec_00011,6,0.5316996154271462,marginal_confidence,2,209.00704857943302
2768,af4ec_00011,7,0.5335684253356843,marginal_confidence,2,209.00704857943302
2769,af4ec_00011,8,0.5141250517471366,marginal_confidence,2,209.00704857943302
2770,af4ec_00011,9,0.5141250517471366,marginal_confidence,2,209.00704857943302
2771,af4ec_00011,10,0.5158364526346099,marginal_confidence,2,209.00704857943302
2772,af4ec_00011,11,0.5332728372655777,marginal_confidence,2,209.00704857943302
2773,af4ec_00011,12,0.5202832956164614,marginal_confidence,2,209.00704857943302
2774,af4ec_00011,13,0.557656112262645,marginal_confidence,2,209.00704857943302
2775,af4ec_00011,14,0.5510282819778299,marginal_confidence,2,209.00704857943302
2776,af4ec_00011,15,0.9291564291564292,marginal_confidence,2,209.00704857943302
2777,af4ec_00011,16,0.8560606060606061,marginal_confidence,2,209.00704857943302
2778,af4ec_00011,17,0.8749618861719122,marginal_confidence,2,209.00704857943302
2779,af4ec_00011,18,0.8541445357723149,marginal_confidence,2,209.00704857943302
2780,af4ec_00011,19,0.7024150697535185,marginal_confidence,2,209.00704857943302
2781,af4ec_00011,20,0.5475343791496928,marginal_confidence,2,209.00704857943302
2782,af4ec_00011,21,0.55634834983739,marginal_confidence,2,209.00704857943302
2783,af4ec_00011,22,0.5682481497660696,marginal_confidence,2,209.00704857943302
2784,af4ec_00011,23,0.5896303285015867,marginal_confidence,2,209.00704857943302
2785,af4ec_00011,24,0.5336749914107143,marginal_confidence,2,209.00704857943302
2786,af4ec_00011,25,0.5861272914318618,marginal_confidence,2,209.00704857943302
2787,af4ec_00011,26,0.9174107142857143,marginal_confidence,2,209.00704857943302
2788,af4ec_00011,27,0.5989504686500973,marginal_confidence,2,209.00704857943302
2789,af4ec_00011,28,0.9027105077654228,marginal_confidence,2,209.00704857943302
2790,af4ec_00011,29,0.7572577821484274,marginal_confidence,2,209.00704857943302
2791,af4ec_00011,30,0.8387262417322616,marginal_confidence,2,209.00704857943302
2792,af4ec_00011,31,0.8960612848568392,marginal_confidence,2,209.00704857943302
2793,af4ec_00011,32,0.9212358572671888,marginal_confidence,2,209.00704857943302
2794,af4ec_00011,33,0.8506880055900454,marginal_confidence,2,209.00704857943302
2795,af4ec_00011,34,0.8708855935464855,marginal_confidence,2,209.00704857943302
2796,af4ec_00011,35,0.8640322725359062,marginal_confidence,2,209.00704857943302
2797,af4ec_00011,36,0.7956727219022302,marginal_confidence,2,209.00704857943302
2798,af4ec_00011,37,0.888016693163752,marginal_confidence,2,209.00704857943302
2799,af4ec_00011,38,0.8570053562623691,marginal_confidence,2,209.00704857943302
2800,af4ec_00011,39,0.8692201219775941,marginal_confidence,2,209.00704857943302
2801,af4ec_00011,40,0.8150335184702477,marginal_confidence,2,209.00704857943302
2802,af4ec_00011,41,0.8013238929953794,marginal_confidence,2,209.00704857943302
2803,af4ec_00011,42,0.8500870357269508,marginal_confidence,2,209.00704857943302
2804,af4ec_00011,43,0.8466630021529018,marginal_confidence,2,209.00704857943302
2805,af4ec_00011,44,0.8610787252942482,marginal_confidence,2,209.00704857943302
2806,af4ec_00011,45,0.802379812518339,marginal_confidence,2,209.00704857943302
2807,af4ec_00011,46,0.8422459893048129,marginal_confidence,2,209.00704857943302
2808,af4ec_00011,47,0.9137401650355018,marginal_confidence,2,209.00704857943302
2809,af4ec_00011,48,0.8007210886612544,marginal_confidence,2,209.00704857943302
2810,af4ec_00011,49,0.8250908696041358,marginal_confidence,2,209.00704857943302
2811,af4ec_00011,50,0.7327344034729546,marginal_confidence,2,209.00704857943302
2812,af4ec_00011,51,0.7378303365275335,marginal_confidence,2,209.00704857943302
2813,af4ec_00011,52,0.6627782013374482,marginal_confidence,2,209.00704857943302
2814,af4ec_00011,53,0.7252811236854293,marginal_confidence,2,209.00704857943302
2815,af4ec_00011,54,0.7382054580497555,marginal_confidence,2,209.00704857943302
2816,af4ec_00011,55,0.8517312061910665,marginal_confidence,2,209.00704857943302
2817,af4ec_00011,56,0.6913064981060432,marginal_confidence,2,209.00704857943302
2818,af4ec_00011,57,0.8169432745338383,marginal_confidence,2,209.00704857943302
2819,af4ec_00011,58,0.738411110949125,marginal_confidence,2,209.00704857943302
2820,af4ec_00011,59,0.6850855082357472,marginal_confidence,2,209.00704857943302
2821,af4ec_00011,60,0.7942152836398471,marginal_confidence,2,209.00704857943302
2822,af4ec_00011,61,0.8393389458018705,marginal_confidence,2,209.00704857943302
2823,af4ec_00011,62,0.8179850452577726,marginal_confidence,2,209.00704857943302
2824,af4ec_00011,63,0.8136874323466836,marginal_confidence,2,209.00704857943302
2825,af4ec_00011,64,0.8470775179306665,marginal_confidence,2,209.00704857943302
2826,af4ec_00011,65,0.8144213883661571,marginal_confidence,2,209.00704857943302
2827,af4ec_00011,66,0.8052008197923696,marginal_confidence,2,209.00704857943302
2828,af4ec_00011,67,0.793371418061033,marginal_confidence,2,209.00704857943302
2829,af4ec_00011,68,0.8104419961747982,marginal_confidence,2,209.00704857943302
2830,af4ec_00011,69,0.8382119192823683,marginal_confidence,2,209.00704857943302
2831,af4ec_00011,70,0.8131944444444444,marginal_confidence,2,209.00704857943302
2832,af4ec_00011,71,0.8125804516844581,marginal_confidence,2,209.00704857943302
2833,af4ec_00011,72,0.8217649899317978,marginal_confidence,2,209.00704857943302
2834,af4ec_00011,73,0.7844085753920094,marginal_confidence,2,209.00704857943302
2835,af4ec_00011,74,0.7768115495905928,marginal_confidence,2,209.00704857943302
2836,af4ec_00011,75,0.7902803490970012,marginal_confidence,2,209.00704857943302
2837,af4ec_00011,76,0.7419013786686965,marginal_confidence,2,209.00704857943302
2838,af4ec_00011,77,0.7693298262918515,marginal_confidence,2,209.00704857943302
2839,af4ec_00011,78,0.7748160094054677,marginal_confidence,2,209.00704857943302
2840,af4ec_00011,79,0.8147222222222221,marginal_confidence,2,209.00704857943302
2841,af4ec_00011,80,0.8060251012562053,marginal_confidence,2,209.00704857943302
2842,af4ec_00011,81,0.7966426896591878,marginal_confidence,2,209.00704857943302
2843,af4ec_00011,82,0.75977792509115,marginal_confidence,2,209.00704857943302
2844,af4ec_00011,83,0.8075214460784313,marginal_confidence,2,209.00704857943302
2845,af4ec_00011,84,0.8329215666162736,marginal_confidence,2,209.00704857943302
2846,af4ec_00011,85,0.8122690317812269,marginal_confidence,2,209.00704857943302
2847,af4ec_00011,86,0.8178658782343501,marginal_confidence,2,209.00704857943302
2848,af4ec_00011,87,0.7370430123015759,marginal_confidence,2,209.00704857943302
2849,af4ec_00011,88,0.7831458438076084,marginal_confidence,2,209.00704857943302
2850,af4ec_00011,89,0.8415244530721617,marginal_confidence,2,209.00704857943302
2851,af4ec_00011,90,0.830407386288367,marginal_confidence,2,209.00704857943302
2852,af4ec_00011,91,0.8036371752814603,marginal_confidence,2,209.00704857943302
2853,af4ec_00011,92,0.810138888888889,marginal_confidence,2,209.00704857943302
2854,af4ec_00011,93,0.8266482838628129,marginal_confidence,2,209.00704857943302
2855,af4ec_00011,94,0.7423371647509578,marginal_confidence,2,209.00704857943302
2856,af4ec_00011,95,0.7945200815570354,marginal_confidence,2,209.00704857943302
2857,af4ec_00011,96,0.7718658785220822,marginal_confidence,2,209.00704857943302
2858,af4ec_00011,97,0.8189581103691533,marginal_confidence,2,209.00704857943302
2859,af4ec_00011,98,0.7671378587608955,marginal_confidence,2,209.00704857943302
2860,af4ec_00011,99,0.7807613037565868,marginal_confidence,2,209.00704857943302
2861,af4ec_00011,100,0.8454248527737913,marginal_confidence,2,209.00704857943302
2862,af4ec_00011,101,0.7972728879388922,marginal_confidence,2,209.00704857943302
2863,af4ec_00011,102,0.8169432745338383,marginal_confidence,2,209.00704857943302
2864,af4ec_00011,103,0.8732543715737666,marginal_confidence,2,209.00704857943302
2865,af4ec_00011,104,0.7878831694621169,marginal_confidence,2,209.00704857943302
2866,af4ec_00011,105,0.8019535909901359,marginal_confidence,2,209.00704857943302
2867,af4ec_00011,106,0.8560429178970927,marginal_confidence,2,209.00704857943302
2868,af4ec_00011,107,0.8812015853601481,marginal_confidence,2,209.00704857943302
2869,af4ec_00011,108,0.8778518040644857,marginal_confidence,2,209.00704857943302
2870,af4ec_00011,109,0.8787657084571955,marginal_confidence,2,209.00704857943302
2871,af4ec_00011,110,0.857542840301461,marginal_confidence,2,209.00704857943302
2872,af4ec_00011,111,0.836863328784125,marginal_confidence,2,209.00704857943302
2873,af4ec_00011,112,0.8297756214166782,marginal_confidence,2,209.00704857943302
2874,af4ec_00011,113,0.8509173537832131,marginal_confidence,2,209.00704857943302
2875,af4ec_00011,114,0.8766569298094888,marginal_confidence,2,209.00704857943302
2876,af4ec_00011,115,0.8688387551303206,marginal_confidence,2,209.00704857943302
2877,af4ec_00011,116,0.8563461173343458,marginal_confidence,2,209.00704857943302
2878,af4ec_00011,117,0.8945000785392019,marginal_confidence,2,209.00704857943302
2879,af4ec_00011,118,0.8412664683382916,marginal_confidence,2,209.00704857943302
2880,af4ec_00011,119,0.8586215997756552,marginal_confidence,2,209.00704857943302
2881,af4ec_00011,120,0.8351963174029186,marginal_confidence,2,209.00704857943302
2882,af4ec_00011,121,0.8464019935823035,marginal_confidence,2,209.00704857943302
2883,af4ec_00011,122,0.8536728196499563,marginal_confidence,2,209.00704857943302
2884,af4ec_00011,123,0.8645042244161762,marginal_confidence,2,209.00704857943302
2885,af4ec_00011,124,0.8833997932358588,marginal_confidence,2,209.00704857943302
2886,af4ec_00011,125,0.8666309195934583,marginal_confidence,2,209.00704857943302
2887,af4ec_00011,126,0.8845948318638116,marginal_confidence,2,209.00704857943302
2888,af4ec_00011,127,0.840134066426477,marginal_confidence,2,209.00704857943302
2889,af4ec_00011,128,0.8580306819454294,marginal_confidence,2,209.00704857943302
2890,af4ec_00011,129,0.8415977961432507,marginal_confidence,2,209.00704857943302
2891,af4ec_00011,130,0.8612409815834441,marginal_confidence,2,209.00704857943302
2892,af4ec_00011,131,0.8764757859889034,marginal_confidence,2,209.00704857943302
2893,af4ec_00011,132,0.8716578517633868,marginal_confidence,2,209.00704857943302
2894,af4ec_00011,133,0.8828250300721732,marginal_confidence,2,209.00704857943302
2895,af4ec_00011,134,0.853607305936073,marginal_confidence,2,209.00704857943302
2896,af4ec_00011,135,0.8902475845410628,marginal_confidence,2,209.00704857943302
2897,af4ec_00011,136,0.8957698087559471,marginal_confidence,2,209.00704857943302
2898,af4ec_00011,137,0.8805146583864147,marginal_confidence,2,209.00704857943302
2899,af4ec_00011,138,0.885950505766862,marginal_confidence,2,209.00704857943302
2900,af4ec_00011,139,0.8827262887932048,marginal_confidence,2,209.00704857943302
2901,af4ec_00011,140,0.8630968415021572,marginal_confidence,2,209.00704857943302
2902,af4ec_00011,141,0.8928819612973209,marginal_confidence,2,209.00704857943302
2903,af4ec_00011,142,0.8856370656370656,marginal_confidence,2,209.00704857943302
2904,af4ec_00011,143,0.8996328931538378,marginal_confidence,2,209.00704857943302
2905,af4ec_00011,144,0.8873898707445182,marginal_confidence,2,209.00704857943302
2906,af4ec_00011,145,0.8980209717914636,marginal_confidence,2,209.00704857943302
2907,af4ec_00011,146,0.8923380142892339,marginal_confidence,2,209.00704857943302
2908,af4ec_00011,147,0.8895057683405576,marginal_confidence,2,209.00704857943302
2909,af4ec_00011,148,0.8847975319214609,marginal_confidence,2,209.00704857943302
2910,af4ec_00011,149,0.900926640926641,marginal_confidence,2,209.00704857943302
2911,af4ec_00011,150,0.8996455471865308,marginal_confidence,2,209.00704857943302
2912,af4ec_00011,151,0.8912666281087334,marginal_confidence,2,209.00704857943302
2913,af4ec_00011,152,0.8848987108655617,marginal_confidence,2,209.00704857943302
2914,af4ec_00011,153,0.8921805793144759,marginal_confidence,2,209.00704857943302
2915,af4ec_00011,154,0.8775064505792873,marginal_confidence,2,209.00704857943302
2916,af4ec_00011,155,0.8892865507766308,marginal_confidence,2,209.00704857943302
2917,af4ec_00011,156,0.9018194447829584,marginal_confidence,2,209.00704857943302
2918,af4ec_00011,157,0.8989023787675584,marginal_confidence,2,209.00704857943302
2919,af4ec_00011,158,0.9060136237633372,marginal_confidence,2,209.00704857943302
2920,af4ec_00011,159,0.8091992377799047,marginal_confidence,2,209.00704857943302
2921,af4ec_00011,160,0.9050410958904109,marginal_confidence,2,209.00704857943302
2922,af4ec_00011,161,0.8944655192107683,marginal_confidence,2,209.00704857943302
2923,af4ec_00011,162,0.8952294685990339,marginal_confidence,2,209.00704857943302
2924,af4ec_00011,163,0.8899638739050824,marginal_confidence,2,209.00704857943302
2925,af4ec_00011,164,0.9200343889685079,marginal_confidence,2,209.00704857943302
2926,af4ec_00011,165,0.806351375744604,marginal_confidence,2,209.00704857943302
2927,af4ec_00011,166,0.9172702172782201,marginal_confidence,2,209.00704857943302
2928,af4ec_00011,167,0.9256618780653032,marginal_confidence,2,209.00704857943302
2929,af4ec_00011,168,0.9119318181818181,marginal_confidence,2,209.00704857943302
2930,af4ec_00011,169,0.9097866330775983,marginal_confidence,2,209.00704857943302
2931,af4ec_00011,170,0.8751940752281567,marginal_confidence,2,209.00704857943302
2932,af4ec_00011,171,0.9454982509306545,marginal_confidence,2,209.00704857943302
2933,af4ec_00011,172,0.9020315169925954,marginal_confidence,2,209.00704857943302
2934,af4ec_00011,173,0.8692433365250931,marginal_confidence,2,209.00704857943302
2935,af4ec_00011,174,0.9206959036816337,marginal_confidence,2,209.00704857943302
2936,af4ec_00011,175,0.9312037082859075,marginal_confidence,2,209.00704857943302
2937,af4ec_00011,176,0.9352549079428474,marginal_confidence,2,209.00704857943302
2938,af4ec_00011,177,0.906008897046198,marginal_confidence,2,209.00704857943302
2939,af4ec_00011,178,0.9420345794061316,marginal_confidence,2,209.00704857943302
2940,af4ec_00011,179,0.9427054974685234,marginal_confidence,2,209.00704857943302
2941,af4ec_00011,180,0.8908575215222991,marginal_confidence,2,209.00704857943302
2942,af4ec_00011,181,0.9262549281602085,marginal_confidence,2,209.00704857943302
2943,af4ec_00011,182,0.90909626624723,marginal_confidence,2,209.00704857943302
2944,af4ec_00011,183,0.9098096112497218,marginal_confidence,2,209.00704857943302
2945,af4ec_00011,184,0.9234601449275363,marginal_confidence,2,209.00704857943302
2946,af4ec_00011,185,0.8960201302393993,marginal_confidence,2,209.00704857943302
2947,af4ec_00011,186,0.9321366862055611,marginal_confidence,2,209.00704857943302
2948,af4ec_00011,187,0.9308955184964209,marginal_confidence,2,209.00704857943302
2949,af4ec_00011,188,0.9269541056326014,marginal_confidence,2,209.00704857943302
2950,af4ec_00011,189,0.9258340989369486,marginal_confidence,2,209.00704857943302
2951,af4ec_00011,190,0.930102657004831,marginal_confidence,2,209.00704857943302
2952,af4ec_00011,191,0.8821441219623253,marginal_confidence,2,209.00704857943302
2953,af4ec_00011,192,0.916756446168211,marginal_confidence,2,209.00704857943302
2954,af4ec_00011,193,0.9174988724953289,marginal_confidence,2,209.00704857943302
2955,af4ec_00011,194,0.894452354585245,marginal_confidence,2,209.00704857943302
2956,af4ec_00011,195,0.8837747396029605,marginal_confidence,2,209.00704857943302
2957,af4ec_00011,196,0.8973650658733532,marginal_confidence,2,209.00704857943302
2958,af4ec_00011,197,0.9150844883235238,marginal_confidence,2,209.00704857943302
2959,af4ec_00011,198,0.9154881526969283,marginal_confidence,2,209.00704857943302
2960,af4ec_00011,199,0.8982683982683983,marginal_confidence,2,209.00704857943302
2961,af4ec_00011,200,0.892493140621742,marginal_confidence,2,209.00704857943302
2962,af4ec_00011,201,0.9211571875105924,marginal_confidence,2,209.00704857943302
2963,af4ec_00011,202,0.9139449583645365,marginal_confidence,2,209.00704857943302
2964,af4ec_00011,203,0.9278937381404175,marginal_confidence,2,209.00704857943302
2965,af4ec_00011,204,0.9310658079390537,marginal_confidence,2,209.00704857943302
2966,af4ec_00011,205,0.900539724188869,marginal_confidence,2,209.00704857943302
2967,af4ec_00011,206,0.8903974813065723,marginal_confidence,2,209.00704857943302
2968,af4ec_00011,207,0.8930909350169002,marginal_confidence,2,209.00704857943302
2969,af4ec_00011,208,0.8975879058935538,marginal_confidence,2,209.00704857943302
2970,af4ec_00011,209,0.9013916629083178,marginal_confidence,2,209.00704857943302
2971,af4ec_00011,210,0.9126667096192256,marginal_confidence,2,209.00704857943302
2972,af4ec_00011,211,0.9111877156302017,marginal_confidence,2,209.00704857943302
2973,af4ec_00011,212,0.8775064505792873,marginal_confidence,2,209.00704857943302
2974,af4ec_00011,213,0.9077205904261342,marginal_confidence,2,209.00704857943302
2975,af4ec_00011,214,0.9044430937185286,marginal_confidence,2,209.00704857943302
2976,af4ec_00011,215,0.9014167650531286,marginal_confidence,2,209.00704857943302
2977,af4ec_00011,216,0.8996600479915271,marginal_confidence,2,209.00704857943302
2978,af4ec_00011,217,0.9071717755928282,marginal_confidence,2,209.00704857943302
2979,af4ec_00011,218,0.8717158318385312,marginal_confidence,2,209.00704857943302
2980,af4ec_00011,219,0.923242595405354,marginal_confidence,2,209.00704857943302
2981,af4ec_00011,220,0.9273855706717676,marginal_confidence,2,209.00704857943302
2982,af4ec_00011,221,0.9063213283849947,marginal_confidence,2,209.00704857943302
2983,af4ec_00011,222,0.901362425501174,marginal_confidence,2,209.00704857943302
2984,af4ec_00011,223,0.904724626284105,marginal_confidence,2,209.00704857943302
2985,af4ec_00011,224,0.9202999981084609,marginal_confidence,2,209.00704857943302
2986,af4ec_00011,225,0.9116978867809433,marginal_confidence,2,209.00704857943302
2987,af4ec_00011,226,0.8944684557542614,marginal_confidence,2,209.00704857943302
2988,af4ec_00011,227,0.9169746242916974,marginal_confidence,2,209.00704857943302
2989,af4ec_00011,228,0.9235010643545268,marginal_confidence,2,209.00704857943302
2990,af4ec_00011,229,0.9009223561080644,marginal_confidence,2,209.00704857943302
2991,af4ec_00011,230,0.9300109615816374,marginal_confidence,2,209.00704857943302
2992,af4ec_00011,231,0.9054684583799926,marginal_confidence,2,209.00704857943302
2993,af4ec_00011,232,0.9065672289789832,marginal_confidence,2,209.00704857943302
2994,af4ec_00011,233,0.8766983713630903,marginal_confidence,2,209.00704857943302
2995,af4ec_00011,234,0.8914364153564577,marginal_confidence,2,209.00704857943302
2996,af4ec_00011,235,0.8870955526342839,marginal_confidence,2,209.00704857943302
2997,af4ec_00011,236,0.9211045407058696,marginal_confidence,2,209.00704857943302
2998,af4ec_00011,237,0.9151243493348756,marginal_confidence,2,209.00704857943302
2999,af4ec_00011,238,0.8890520063447065,marginal_confidence,2,209.00704857943302
3000,af4ec_00011,239,0.9011360847154528,marginal_confidence,2,209.00704857943302
3001,af4ec_00011,240,0.8781441614749006,marginal_confidence,2,209.00704857943302
3002,af4ec_00011,241,0.9144220827073253,marginal_confidence,2,209.00704857943302
3003,af4ec_00011,242,0.921264154277977,marginal_confidence,2,209.00704857943302
3004,af4ec_00011,243,0.9211928889512255,marginal_confidence,2,209.00704857943302
3005,af4ec_00011,244,0.92621718979442,marginal_confidence,2,209.00704857943302
3006,af4ec_00011,245,0.9238560702649101,marginal_confidence,2,209.00704857943302
3007,af4ec_00011,246,0.9222769364356673,marginal_confidence,2,209.00704857943302
3008,af4ec_00011,247,0.9310294968189705,marginal_confidence,2,209.00704857943302
3009,af4ec_00011,248,0.8854009552538964,marginal_confidence,2,209.00704857943302
3010,af4ec_00011,249,0.8430729491931281,marginal_confidence,2,209.00704857943302
3011,af4ec_00011,250,0.873751732107521,marginal_confidence,2,209.00704857943302
3012,af4ec_00012,0,0.5457804939931185,marginal_confidence,3,212.21245726434444
3013,af4ec_00012,1,0.3883311021865239,marginal_confidence,3,212.21245726434444
3014,af4ec_00012,2,0.37330805609915196,marginal_confidence,3,212.21245726434444
3015,af4ec_00012,3,0.5504921646272912,marginal_confidence,3,212.21245726434444
3016,af4ec_00012,4,0.5388467404174211,marginal_confidence,3,212.21245726434444
3017,af4ec_00012,5,0.5133536560691693,marginal_confidence,3,212.21245726434444
3018,af4ec_00012,6,0.5304931095599142,marginal_confidence,3,212.21245726434444
3019,af4ec_00012,7,0.9151370867105246,marginal_confidence,3,212.21245726434444
3020,af4ec_00012,8,0.7887330545387199,marginal_confidence,3,212.21245726434444
3021,af4ec_00012,9,0.9292682926829268,marginal_confidence,3,212.21245726434444
3022,af4ec_00012,10,0.866917745683931,marginal_confidence,3,212.21245726434444
3023,af4ec_00012,11,0.9051775570024123,marginal_confidence,3,212.21245726434444
3024,af4ec_00012,12,0.9051775570024123,marginal_confidence,3,212.21245726434444
3025,af4ec_00012,13,0.9121301926627333,marginal_confidence,3,212.21245726434444
3026,af4ec_00012,14,0.9108507483124004,marginal_confidence,3,212.21245726434444
3027,af4ec_00012,15,0.9121301926627333,marginal_confidence,3,212.21245726434444
3028,af4ec_00012,16,0.9121301926627333,marginal_confidence,3,212.21245726434444
3029,af4ec_00012,17,0.9121301926627333,marginal_confidence,3,212.21245726434444
3030,af4ec_00012,18,0.9101781680122294,marginal_confidence,3,212.21245726434444
3031,af4ec_00012,19,0.9101781680122294,marginal_confidence,3,212.21245726434444
3032,af4ec_00012,20,0.8268929174817174,marginal_confidence,3,212.21245726434444
3033,af4ec_00012,21,0.8897756983624604,marginal_confidence,3,212.21245726434444
3034,af4ec_00012,22,0.9044412202576048,marginal_confidence,3,212.21245726434444
3035,af4ec_00012,23,0.9021913616499664,marginal_confidence,3,212.21245726434444
3036,af4ec_00012,24,0.9121301926627333,marginal_confidence,3,212.21245726434444
3037,af4ec_00012,25,0.9204507546352154,marginal_confidence,3,212.21245726434444
3038,af4ec_00012,26,0.8964970014629097,marginal_confidence,3,212.21245726434444
3039,af4ec_00012,27,0.7405428801937848,marginal_confidence,3,212.21245726434444
3040,af4ec_00012,28,0.8949922360248448,marginal_confidence,3,212.21245726434444
3041,af4ec_00012,29,0.8733447286730323,marginal_confidence,3,212.21245726434444
3042,af4ec_00012,30,0.9079976818313532,marginal_confidence,3,212.21245726434444
3043,af4ec_00012,31,0.9137373453318336,marginal_confidence,3,212.21245726434444
3044,af4ec_00012,32,0.924370988672784,marginal_confidence,3,212.21245726434444
3045,af4ec_00012,33,0.9202245141102225,marginal_confidence,3,212.21245726434444
3046,af4ec_00012,34,0.9231225613622431,marginal_confidence,3,212.21245726434444
3047,af4ec_00012,35,0.9072403491301037,marginal_confidence,3,212.21245726434444
3048,af4ec_00012,36,0.9199004781334295,marginal_confidence,3,212.21245726434444
3049,af4ec_00012,37,0.9242286751361162,marginal_confidence,3,212.21245726434444
3050,af4ec_00012,38,0.927627437969271,marginal_confidence,3,212.21245726434444
3051,af4ec_00012,39,0.9239167081592691,marginal_confidence,3,212.21245726434444
3052,af4ec_00012,40,0.9172843711820604,marginal_confidence,3,212.21245726434444
3053,af4ec_00012,41,0.8172014090128235,marginal_confidence,3,212.21245726434444
3054,af4ec_00012,42,0.7925386658722474,marginal_confidence,3,212.21245726434444
3055,af4ec_00012,43,0.9280969063987308,marginal_confidence,3,212.21245726434444
3056,af4ec_00012,44,0.8599876871898171,marginal_confidence,3,212.21245726434444
3057,af4ec_00012,45,0.9378308106602284,marginal_confidence,3,212.21245726434444
3058,af4ec_00012,46,0.9391872982704901,marginal_confidence,3,212.21245726434444
3059,af4ec_00012,47,0.9230769230769231,marginal_confidence,3,212.21245726434444
3060,af4ec_00012,48,0.856573619367623,marginal_confidence,3,212.21245726434444
3061,af4ec_00012,49,0.9207141421585048,marginal_confidence,3,212.21245726434444
3062,af4ec_00012,50,0.6437998293053561,marginal_confidence,3,212.21245726434444
3063,af4ec_00012,51,0.8600164690611938,marginal_confidence,3,212.21245726434444
3064,af4ec_00012,52,0.844880108297009,marginal_confidence,3,212.21245726434444
3065,af4ec_00012,53,0.8863392026964203,marginal_confidence,3,212.21245726434444
3066,af4ec_00012,54,0.84375,marginal_confidence,3,212.21245726434444
3067,af4ec_00012,55,0.8369302383296515,marginal_confidence,3,212.21245726434444
3068,af4ec_00012,56,0.8264017347225061,marginal_confidence,3,212.21245726434444
3069,af4ec_00012,57,0.8520031463968393,marginal_confidence,3,212.21245726434444
3070,af4ec_00012,58,0.8525943733722561,marginal_confidence,3,212.21245726434444
3071,af4ec_00012,59,0.7664731256551331,marginal_confidence,3,212.21245726434444
3072,af4ec_00012,60,0.7733940489432702,marginal_confidence,3,212.21245726434444
3073,af4ec_00012,61,0.8391442470251065,marginal_confidence,3,212.21245726434444
3074,af4ec_00012,62,0.7435882951078974,marginal_confidence,3,212.21245726434444
3075,af4ec_00012,63,0.7486687983675484,marginal_confidence,3,212.21245726434444
3076,af4ec_00012,64,0.8257588199086999,marginal_confidence,3,212.21245726434444
3077,af4ec_00012,65,0.7851259689922481,marginal_confidence,3,212.21245726434444
3078,af4ec_00012,66,0.8187752265962288,marginal_confidence,3,212.21245726434444
3079,af4ec_00012,67,0.7914930638698657,marginal_confidence,3,212.21245726434444
3080,af4ec_00012,68,0.7980985259466272,marginal_confidence,3,212.21245726434444
3081,af4ec_00012,69,0.6926961926961926,marginal_confidence,3,212.21245726434444
3082,af4ec_00012,70,0.7842857673713876,marginal_confidence,3,212.21245726434444
3083,af4ec_00012,71,0.7954444459406687,marginal_confidence,3,212.21245726434444
3084,af4ec_00012,72,0.8049567154541813,marginal_confidence,3,212.21245726434444
3085,af4ec_00012,73,0.805995078400837,marginal_confidence,3,212.21245726434444
3086,af4ec_00012,74,0.803275848010437,marginal_confidence,3,212.21245726434444
3087,af4ec_00012,75,0.8557820115197164,marginal_confidence,3,212.21245726434444
3088,af4ec_00012,76,0.8662743506493507,marginal_confidence,3,212.21245726434444
3089,af4ec_00012,77,0.8600797628291099,marginal_confidence,3,212.21245726434444
3090,af4ec_00012,78,0.81837487064505,marginal_confidence,3,212.21245726434444
3091,af4ec_00012,79,0.8243982404402195,marginal_confidence,3,212.21245726434444
3092,af4ec_00012,80,0.818691464798811,marginal_confidence,3,212.21245726434444
3093,af4ec_00012,81,0.84271575799815,marginal_confidence,3,212.21245726434444
3094,af4ec_00012,82,0.8382039620237899,marginal_confidence,3,212.21245726434444
3095,af4ec_00012,83,0.8663285904545055,marginal_confidence,3,212.21245726434444
3096,af4ec_00012,84,0.8541574361246493,marginal_confidence,3,212.21245726434444
3097,af4ec_00012,85,0.861835636519656,marginal_confidence,3,212.21245726434444
3098,af4ec_00012,86,0.8525394270250093,marginal_confidence,3,212.21245726434444
3099,af4ec_00012,87,0.8645042244161762,marginal_confidence,3,212.21245726434444
3100,af4ec_00012,88,0.8503643980430364,marginal_confidence,3,212.21245726434444
3101,af4ec_00012,89,0.8729833196609242,marginal_confidence,3,212.21245726434444
3102,af4ec_00012,90,0.8383270264199194,marginal_confidence,3,212.21245726434444
3103,af4ec_00012,91,0.8324949563068431,marginal_confidence,3,212.21245726434444
3104,af4ec_00012,92,0.8589180907619558,marginal_confidence,3,212.21245726434444
3105,af4ec_00012,93,0.825091308612464,marginal_confidence,3,212.21245726434444
3106,af4ec_00012,94,0.8429159667786488,marginal_confidence,3,212.21245726434444
3107,af4ec_00012,95,0.7688096245124301,marginal_confidence,3,212.21245726434444
3108,af4ec_00012,96,0.7896215923777463,marginal_confidence,3,212.21245726434444
3109,af4ec_00012,97,0.8450749413259107,marginal_confidence,3,212.21245726434444
3110,af4ec_00012,98,0.8552806431044448,marginal_confidence,3,212.21245726434444
3111,af4ec_00012,99,0.8705495100242461,marginal_confidence,3,212.21245726434444
3112,af4ec_00012,100,0.8579021970233877,marginal_confidence,3,212.21245726434444
3113,af4ec_00012,101,0.8642278773857721,marginal_confidence,3,212.21245726434444
3114,af4ec_00012,102,0.8313840155945419,marginal_confidence,3,212.21245726434444
3115,af4ec_00012,103,0.8685785274356104,marginal_confidence,3,212.21245726434444
3116,af4ec_00012,104,0.8448373955986437,marginal_confidence,3,212.21245726434444
3117,af4ec_00012,105,0.8411061969113045,marginal_confidence,3,212.21245726434444
3118,af4ec_00012,106,0.8260617576942508,marginal_confidence,3,212.21245726434444
3119,af4ec_00012,107,0.8460390818290757,marginal_confidence,3,212.21245726434444
3120,af4ec_00012,108,0.8506859808688575,marginal_confidence,3,212.21245726434444
3121,af4ec_00012,109,0.8600365296803654,marginal_confidence,3,212.21245726434444
3122,af4ec_00012,110,0.8309906008095862,marginal_confidence,3,212.21245726434444
3123,af4ec_00012,111,0.8364801115925553,marginal_confidence,3,212.21245726434444
3124,af4ec_00012,112,0.8471369963883726,marginal_confidence,3,212.21245726434444
3125,af4ec_00012,113,0.8536901875772307,marginal_confidence,3,212.21245726434444
3126,af4ec_00012,114,0.8474190849606131,marginal_confidence,3,212.21245726434444
3127,af4ec_00012,115,0.8153150777409759,marginal_confidence,3,212.21245726434444
3128,af4ec_00012,116,0.8070141340009018,marginal_confidence,3,212.21245726434444
3129,af4ec_00012,117,0.8380019583340095,marginal_confidence,3,212.21245726434444
3130,af4ec_00012,118,0.8514818604484176,marginal_confidence,3,212.21245726434444
3131,af4ec_00012,119,0.818656514593605,marginal_confidence,3,212.21245726434444
3132,af4ec_00012,120,0.8501444825717898,marginal_confidence,3,212.21245726434444
3133,af4ec_00012,121,0.81616432473266,marginal_confidence,3,212.21245726434444
3134,af4ec_00012,122,0.8212673435645463,marginal_confidence,3,212.21245726434444
3135,af4ec_00012,123,0.8218558517305476,marginal_confidence,3,212.21245726434444
3136,af4ec_00012,124,0.8429237689915985,marginal_confidence,3,212.21245726434444
3137,af4ec_00012,125,0.8260617576942508,marginal_confidence,3,212.21245726434444
3138,af4ec_00012,126,0.8383668903803132,marginal_confidence,3,212.21245726434444
3139,af4ec_00012,127,0.8549099548798376,marginal_confidence,3,212.21245726434444
3140,af4ec_00012,128,0.853376203994445,marginal_confidence,3,212.21245726434444
3141,af4ec_00012,129,0.8357053817428104,marginal_confidence,3,212.21245726434444
3142,af4ec_00012,130,0.8520198901850096,marginal_confidence,3,212.21245726434444
3143,af4ec_00012,131,0.8475980163096728,marginal_confidence,3,212.21245726434444
3144,af4ec_00012,132,0.8432347731298542,marginal_confidence,3,212.21245726434444
3145,af4ec_00012,133,0.8403094251340437,marginal_confidence,3,212.21245726434444
3146,af4ec_00012,134,0.729606964112052,marginal_confidence,3,212.21245726434444
3147,af4ec_00012,135,0.843198062496308,marginal_confidence,3,212.21245726434444
3148,af4ec_00012,136,0.8212096876193423,marginal_confidence,3,212.21245726434444
3149,af4ec_00012,137,0.8340021401819155,marginal_confidence,3,212.21245726434444
3150,af4ec_00012,138,0.8500418958159328,marginal_confidence,3,212.21245726434444
3151,af4ec_00012,139,0.8264456215670831,marginal_confidence,3,212.21245726434444
3152,af4ec_00012,140,0.8250299857406864,marginal_confidence,3,212.21245726434444
3153,af4ec_00012,141,0.8432205408323674,marginal_confidence,3,212.21245726434444
3154,af4ec_00012,142,0.8591336200031852,marginal_confidence,3,212.21245726434444
3155,af4ec_00012,143,0.8651393268911862,marginal_confidence,3,212.21245726434444
3156,af4ec_00012,144,0.8534136546184738,marginal_confidence,3,212.21245726434444
3157,af4ec_00012,145,0.8454403817128391,marginal_confidence,3,212.21245726434444
3158,af4ec_00012,146,0.8444858189287601,marginal_confidence,3,212.21245726434444
3159,af4ec_00012,147,0.8523429232647408,marginal_confidence,3,212.21245726434444
3160,af4ec_00012,148,0.8630954120448261,marginal_confidence,3,212.21245726434444
3161,af4ec_00012,149,0.8636111111111111,marginal_confidence,3,212.21245726434444
3162,af4ec_00012,150,0.8595999911795189,marginal_confidence,3,212.21245726434444
3163,af4ec_00012,151,0.8707809805370781,marginal_confidence,3,212.21245726434444
3164,af4ec_00012,152,0.8846176278462112,marginal_confidence,3,212.21245726434444
3165,af4ec_00012,153,0.8572521451041033,marginal_confidence,3,212.21245726434444
3166,af4ec_00012,154,0.8728687791962494,marginal_confidence,3,212.21245726434444
3167,af4ec_00012,155,0.8746556473829201,marginal_confidence,3,212.21245726434444
3168,af4ec_00012,156,0.8744844970939563,marginal_confidence,3,212.21245726434444
3169,af4ec_00012,157,0.8646395386803469,marginal_confidence,3,212.21245726434444
3170,af4ec_00012,158,0.8606438538972272,marginal_confidence,3,212.21245726434444
3171,af4ec_00012,159,0.864179014485763,marginal_confidence,3,212.21245726434444
3172,af4ec_00012,160,0.879805897723031,marginal_confidence,3,212.21245726434444
3173,af4ec_00012,161,0.8590277777777777,marginal_confidence,3,212.21245726434444
3174,af4ec_00012,162,0.8804721916299559,marginal_confidence,3,212.21245726434444
3175,af4ec_00012,163,0.8309659090909091,marginal_confidence,3,212.21245726434444
3176,af4ec_00012,164,0.8881812519686274,marginal_confidence,3,212.21245726434444
3177,af4ec_00012,165,0.878665533361666,marginal_confidence,3,212.21245726434444
3178,af4ec_00012,166,0.8542600835873186,marginal_confidence,3,212.21245726434444
3179,af4ec_00012,167,0.8537266657582777,marginal_confidence,3,212.21245726434444
3180,af4ec_00012,168,0.8728183226668119,marginal_confidence,3,212.21245726434444
3181,af4ec_00012,169,0.8656640719751263,marginal_confidence,3,212.21245726434444
3182,af4ec_00012,170,0.8837879253548502,marginal_confidence,3,212.21245726434444
3183,af4ec_00012,171,0.8878944290289994,marginal_confidence,3,212.21245726434444
3184,af4ec_00012,172,0.8804721916299559,marginal_confidence,3,212.21245726434444
3185,af4ec_00012,173,0.8866134763144731,marginal_confidence,3,212.21245726434444
3186,af4ec_00012,174,0.8718222939093236,marginal_confidence,3,212.21245726434444
3187,af4ec_00012,175,0.8809523809523809,marginal_confidence,3,212.21245726434444
3188,af4ec_00012,176,0.8779936182895614,marginal_confidence,3,212.21245726434444
3189,af4ec_00012,177,0.8833404164895877,marginal_confidence,3,212.21245726434444
3190,af4ec_00012,178,0.833246116275729,marginal_confidence,3,212.21245726434444
3191,af4ec_00012,179,0.8497569307581132,marginal_confidence,3,212.21245726434444
3192,af4ec_00012,180,0.8316885964912281,marginal_confidence,3,212.21245726434444
3193,af4ec_00012,181,0.8165662280162342,marginal_confidence,3,212.21245726434444
3194,af4ec_00012,182,0.8288110008194163,marginal_confidence,3,212.21245726434444
3195,af4ec_00012,183,0.8258653280034707,marginal_confidence,3,212.21245726434444
3196,af4ec_00012,184,0.8737198004201681,marginal_confidence,3,212.21245726434444
3197,af4ec_00012,185,0.867701768207283,marginal_confidence,3,212.21245726434444
3198,af4ec_00012,186,0.8327064986953685,marginal_confidence,3,212.21245726434444
3199,af4ec_00012,187,0.8804166666666666,marginal_confidence,3,212.21245726434444
3200,af4ec_00012,188,0.8320156322149768,marginal_confidence,3,212.21245726434444
3201,af4ec_00012,189,0.8694205821172809,marginal_confidence,3,212.21245726434444
3202,af4ec_00012,190,0.8624764506468311,marginal_confidence,3,212.21245726434444
3203,af4ec_00012,191,0.8457179726163727,marginal_confidence,3,212.21245726434444
3204,af4ec_00012,192,0.8642665416493345,marginal_confidence,3,212.21245726434444
3205,af4ec_00012,193,0.8664369118936344,marginal_confidence,3,212.21245726434444
3206,af4ec_00012,194,0.8737405000171945,marginal_confidence,3,212.21245726434444
3207,af4ec_00012,195,0.8682315762038183,marginal_confidence,3,212.21245726434444
3208,af4ec_00012,196,0.8600616273676691,marginal_confidence,3,212.21245726434444
3209,af4ec_00012,197,0.8762762133674391,marginal_confidence,3,212.21245726434444
3210,af4ec_00012,198,0.8542492527228076,marginal_confidence,3,212.21245726434444
3211,af4ec_00012,199,0.8608383112281057,marginal_confidence,3,212.21245726434444
3212,af4ec_00012,200,0.8825174708169036,marginal_confidence,3,212.21245726434444
3213,af4ec_00012,201,0.8637038766229954,marginal_confidence,3,212.21245726434444
3214,af4ec_00012,202,0.8679003180912926,marginal_confidence,3,212.21245726434444
3215,af4ec_00012,203,0.8819444444444444,marginal_confidence,3,212.21245726434444
3216,af4ec_00012,204,0.8804166666666666,marginal_confidence,3,212.21245726434444
3217,af4ec_00012,205,0.8442228142209223,marginal_confidence,3,212.21245726434444
3218,af4ec_00012,206,0.8634296415195292,marginal_confidence,3,212.21245726434444
3219,af4ec_00012,207,0.8618049131462637,marginal_confidence,3,212.21245726434444
3220,af4ec_00012,208,0.8588268179996202,marginal_confidence,3,212.21245726434444
3221,af4ec_00012,209,0.8592316771731479,marginal_confidence,3,212.21245726434444
3222,af4ec_00012,210,0.8615276763390358,marginal_confidence,3,212.21245726434444
3223,af4ec_00012,211,0.8805982315013126,marginal_confidence,3,212.21245726434444
3224,af4ec_00012,212,0.854409078782655,marginal_confidence,3,212.21245726434444
3225,af4ec_00012,213,0.8940570385734865,marginal_confidence,3,212.21245726434444
3226,af4ec_00012,214,0.8877186499137719,marginal_confidence,3,212.21245726434444
3227,af4ec_00012,215,0.8857077737648585,marginal_confidence,3,212.21245726434444
3228,af4ec_00012,216,0.8808242739641448,marginal_confidence,3,212.21245726434444
3229,af4ec_00012,217,0.877361111111111,marginal_confidence,3,212.21245726434444
3230,af4ec_00012,218,0.8904980133646379,marginal_confidence,3,212.21245726434444
3231,af4ec_00012,219,0.8892584380389259,marginal_confidence,3,212.21245726434444
3232,af4ec_00012,220,0.888185936956458,marginal_confidence,3,212.21245726434444
3233,af4ec_00012,221,0.887828063989983,marginal_confidence,3,212.21245726434444
3234,af4ec_00012,222,0.8879363317135949,marginal_confidence,3,212.21245726434444
3235,af4ec_00012,223,0.8925080722268925,marginal_confidence,3,212.21245726434444
3236,af4ec_00012,224,0.8901862252438664,marginal_confidence,3,212.21245726434444
3237,af4ec_00012,225,0.8703728251864126,marginal_confidence,3,212.21245726434444
3238,af4ec_00012,226,0.8823402941630465,marginal_confidence,3,212.21245726434444
3239,af4ec_00012,227,0.8692749670146105,marginal_confidence,3,212.21245726434444
3240,af4ec_00012,228,0.887828063989983,marginal_confidence,3,212.21245726434444
3241,af4ec_00012,229,0.8952388948273013,marginal_confidence,3,212.21245726434444
3242,af4ec_00012,230,0.889804193485175,marginal_confidence,3,212.21245726434444
3243,af4ec_00012,231,0.8867011854476086,marginal_confidence,3,212.21245726434444
3244,af4ec_00012,232,0.8757117967023627,marginal_confidence,3,212.21245726434444
3245,af4ec_00012,233,0.8654522932118441,marginal_confidence,3,212.21245726434444
3246,af4ec_00012,234,0.887828063989983,marginal_confidence,3,212.21245726434444
3247,af4ec_00012,235,0.8690524750176736,marginal_confidence,3,212.21245726434444
3248,af4ec_00012,236,0.894787477900044,marginal_confidence,3,212.21245726434444
3249,af4ec_00012,237,0.8605749223726752,marginal_confidence,3,212.21245726434444
3250,af4ec_00012,238,0.8733307314191683,marginal_confidence,3,212.21245726434444
3251,af4ec_00012,239,0.8756947977125584,marginal_confidence,3,212.21245726434444
3252,af4ec_00012,240,0.889520093135564,marginal_confidence,3,212.21245726434444
3253,af4ec_00012,241,0.878657487091222,marginal_confidence,3,212.21245726434444
3254,af4ec_00012,242,0.7939839535584217,marginal_confidence,3,212.21245726434444
3255,af4ec_00012,243,0.8928189204262824,marginal_confidence,3,212.21245726434444
3256,af4ec_00012,244,0.8882968300146215,marginal_confidence,3,212.21245726434444
3257,af4ec_00012,245,0.8896988690557297,marginal_confidence,3,212.21245726434444
3258,af4ec_00012,246,0.8920331601171008,marginal_confidence,3,212.21245726434444
3259,af4ec_00012,247,0.8954175905395418,marginal_confidence,3,212.21245726434444
3260,af4ec_00012,248,0.8422038980509745,marginal_confidence,3,212.21245726434444
3261,af4ec_00012,249,0.8317587209302326,marginal_confidence,3,212.21245726434444
3262,af4ec_00012,250,0.8889894244019059,marginal_confidence,3,212.21245726434444
3263,af4ec_00013,0,0.5163465384728914,marginal_confidence,4,215.4442074767831
3264,af4ec_00013,1,0.6604166666666667,marginal_confidence,4,215.4442074767831
3265,af4ec_00013,2,0.6025824592472576,marginal_confidence,4,215.4442074767831
3266,af4ec_00013,3,0.650354858494699,marginal_confidence,4,215.4442074767831
3267,af4ec_00013,4,0.9067715737049813,marginal_confidence,4,215.4442074767831
3268,af4ec_00013,5,0.6216600309716884,marginal_confidence,4,215.4442074767831
3269,af4ec_00013,6,0.7886869779908829,marginal_confidence,4,215.4442074767831
3270,af4ec_00013,7,0.9245322594177363,marginal_confidence,4,215.4442074767831
3271,af4ec_00013,8,0.9245322594177363,marginal_confidence,4,215.4442074767831
3272,af4ec_00013,9,0.9245322594177363,marginal_confidence,4,215.4442074767831
3273,af4ec_00013,10,0.9240963855421687,marginal_confidence,4,215.4442074767831
3274,af4ec_00013,11,0.9257377842283503,marginal_confidence,4,215.4442074767831
3275,af4ec_00013,12,0.7102254336360694,marginal_confidence,4,215.4442074767831
3276,af4ec_00013,13,0.9257377842283503,marginal_confidence,4,215.4442074767831
3277,af4ec_00013,14,0.9253262445625906,marginal_confidence,4,215.4442074767831
3278,af4ec_00013,15,0.9219704960194188,marginal_confidence,4,215.4442074767831
3279,af4ec_00013,16,0.9219704960194188,marginal_confidence,4,215.4442074767831
3280,af4ec_00013,17,0.921736489263798,marginal_confidence,4,215.4442074767831
3281,af4ec_00013,18,0.9219704960194188,marginal_confidence,4,215.4442074767831
3282,af4ec_00013,19,0.9219704960194188,marginal_confidence,4,215.4442074767831
3283,af4ec_00013,20,0.9219704960194188,marginal_confidence,4,215.4442074767831
3284,af4ec_00013,21,0.9219704960194188,marginal_confidence,4,215.4442074767831
3285,af4ec_00013,22,0.9219704960194188,marginal_confidence,4,215.4442074767831
3286,af4ec_00013,23,0.9219704960194188,marginal_confidence,4,215.4442074767831
3287,af4ec_00013,24,0.922437870497036,marginal_confidence,4,215.4442074767831
3288,af4ec_00013,25,0.922437870497036,marginal_confidence,4,215.4442074767831
3289,af4ec_00013,26,0.922437870497036,marginal_confidence,4,215.4442074767831
3290,af4ec_00013,27,0.922437870497036,marginal_confidence,4,215.4442074767831
3291,af4ec_00013,28,0.922437870497036,marginal_confidence,4,215.4442074767831
3292,af4ec_00013,29,0.9296178916147047,marginal_confidence,4,215.4442074767831
3293,af4ec_00013,30,0.9243001513186337,marginal_confidence,4,215.4442074767831
3294,af4ec_00013,31,0.9283597883597883,marginal_confidence,4,215.4442074767831
3295,af4ec_00013,32,0.7833770225074572,marginal_confidence,4,215.4442074767831
3296,af4ec_00013,33,0.6726178840598597,marginal_confidence,4,215.4442074767831
3297,af4ec_00013,34,0.732575055888814,marginal_confidence,4,215.4442074767831
3298,af4ec_00013,35,0.7879772812992257,marginal_confidence,4,215.4442074767831
3299,af4ec_00013,36,0.7960889555454934,marginal_confidence,4,215.4442074767831
3300,af4ec_00013,37,0.7135324833853249,marginal_confidence,4,215.4442074767831
3301,af4ec_00013,38,0.7968070754009894,marginal_confidence,4,215.4442074767831
3302,af4ec_00013,39,0.7998255770216534,marginal_confidence,4,215.4442074767831
3303,af4ec_00013,40,0.6301137891622967,marginal_confidence,4,215.4442074767831
3304,af4ec_00013,41,0.6747058823529412,marginal_confidence,4,215.4442074767831
3305,af4ec_00013,42,0.7014148980441115,marginal_confidence,4,215.4442074767831
3306,af4ec_00013,43,0.668235294117647,marginal_confidence,4,215.4442074767831
3307,af4ec_00013,44,0.7113888368803178,marginal_confidence,4,215.4442074767831
3308,af4ec_00013,45,0.6559323750081169,marginal_confidence,4,215.4442074767831
3309,af4ec_00013,46,0.6912433558003178,marginal_confidence,4,215.4442074767831
3310,af4ec_00013,47,0.7345237651393072,marginal_confidence,4,215.4442074767831
3311,af4ec_00013,48,0.6711273083460575,marginal_confidence,4,215.4442074767831
3312,af4ec_00013,49,0.6735700197238659,marginal_confidence,4,215.4442074767831
3313,af4ec_00013,50,0.6735700197238659,marginal_confidence,4,215.4442074767831
3314,af4ec_00013,51,0.6719997766236667,marginal_confidence,4,215.4442074767831
3315,af4ec_00013,52,0.6801179769152669,marginal_confidence,4,215.4442074767831
3316,af4ec_00013,53,0.6951720858409478,marginal_confidence,4,215.4442074767831
3317,af4ec_00013,54,0.7076038640145025,marginal_confidence,4,215.4442074767831
3318,af4ec_00013,55,0.7128914664457333,marginal_confidence,4,215.4442074767831
3319,af4ec_00013,56,0.71482075976458,marginal_confidence,4,215.4442074767831
3320,af4ec_00013,57,0.7175858054501553,marginal_confidence,4,215.4442074767831
3321,af4ec_00013,58,0.7063104425124548,marginal_confidence,4,215.4442074767831
3322,af4ec_00013,59,0.7042376583660988,marginal_confidence,4,215.4442074767831
3323,af4ec_00013,60,0.7422070066920523,marginal_confidence,4,215.4442074767831
3324,af4ec_00013,61,0.720624846593499,marginal_confidence,4,215.4442074767831
3325,af4ec_00013,62,0.7790610439864172,marginal_confidence,4,215.4442074767831
3326,af4ec_00013,63,0.783080931864503,marginal_confidence,4,215.4442074767831
3327,af4ec_00013,64,0.7859610815721891,marginal_confidence,4,215.4442074767831
3328,af4ec_00013,65,0.778725340631568,marginal_confidence,4,215.4442074767831
3329,af4ec_00013,66,0.7608672768843296,marginal_confidence,4,215.4442074767831
3330,af4ec_00013,67,0.7582239382239382,marginal_confidence,4,215.4442074767831
3331,af4ec_00013,68,0.8483016695451928,marginal_confidence,4,215.4442074767831
3332,af4ec_00013,69,0.7731815908034441,marginal_confidence,4,215.4442074767831
3333,af4ec_00013,70,0.7668617748425978,marginal_confidence,4,215.4442074767831
3334,af4ec_00013,71,0.820385081338352,marginal_confidence,4,215.4442074767831
3335,af4ec_00013,72,0.780761422200628,marginal_confidence,4,215.4442074767831
3336,af4ec_00013,73,0.8191061811751467,marginal_confidence,4,215.4442074767831
3337,af4ec_00013,74,0.7775848497476501,marginal_confidence,4,215.4442074767831
3338,af4ec_00013,75,0.8717998596127206,marginal_confidence,4,215.4442074767831
3339,af4ec_00013,76,0.8899728452177411,marginal_confidence,4,215.4442074767831
3340,af4ec_00013,77,0.8614743027416907,marginal_confidence,4,215.4442074767831
3341,af4ec_00013,78,0.8459657416550683,marginal_confidence,4,215.4442074767831
3342,af4ec_00013,79,0.8609321485881254,marginal_confidence,4,215.4442074767831
3343,af4ec_00013,80,0.8117492454888704,marginal_confidence,4,215.4442074767831
3344,af4ec_00013,81,0.8620515046296297,marginal_confidence,4,215.4442074767831
3345,af4ec_00013,82,0.8576308513374485,marginal_confidence,4,215.4442074767831
3346,af4ec_00013,83,0.8643541605553926,marginal_confidence,4,215.4442074767831
3347,af4ec_00013,84,0.842290708781638,marginal_confidence,4,215.4442074767831
3348,af4ec_00013,85,0.8569812320722153,marginal_confidence,4,215.4442074767831
3349,af4ec_00013,86,0.8614743027416907,marginal_confidence,4,215.4442074767831
3350,af4ec_00013,87,0.8549099994231371,marginal_confidence,4,215.4442074767831
3351,af4ec_00013,88,0.8664721579218106,marginal_confidence,4,215.4442074767831
3352,af4ec_00013,89,0.8753386775458083,marginal_confidence,4,215.4442074767831
3353,af4ec_00013,90,0.8532910388580491,marginal_confidence,4,215.4442074767831
3354,af4ec_00013,91,0.8717998596127206,marginal_confidence,4,215.4442074767831
3355,af4ec_00013,92,0.8620006887052342,marginal_confidence,4,215.4442074767831
3356,af4ec_00013,93,0.8738485992378298,marginal_confidence,4,215.4442074767831
3357,af4ec_00013,94,0.8020156926406927,marginal_confidence,4,215.4442074767831
3358,af4ec_00013,95,0.8746029093787981,marginal_confidence,4,215.4442074767831
3359,af4ec_00013,96,0.8393066980023501,marginal_confidence,4,215.4442074767831
3360,af4ec_00013,97,0.8744177327253347,marginal_confidence,4,215.4442074767831
3361,af4ec_00013,98,0.8729183187946075,marginal_confidence,4,215.4442074767831
3362,af4ec_00013,99,0.8724148082726135,marginal_confidence,4,215.4442074767831
3363,af4ec_00013,100,0.8879570074638214,marginal_confidence,4,215.4442074767831
3364,af4ec_00013,101,0.8739197567335493,marginal_confidence,4,215.4442074767831
3365,af4ec_00013,102,0.8710156534261,marginal_confidence,4,215.4442074767831
3366,af4ec_00013,103,0.8641342974568154,marginal_confidence,4,215.4442074767831
3367,af4ec_00013,104,0.8360672705598504,marginal_confidence,4,215.4442074767831
3368,af4ec_00013,105,0.8947779625989214,marginal_confidence,4,215.4442074767831
3369,af4ec_00013,106,0.8595797439729531,marginal_confidence,4,215.4442074767831
3370,af4ec_00013,107,0.875408317488177,marginal_confidence,4,215.4442074767831
3371,af4ec_00013,108,0.8971282051282051,marginal_confidence,4,215.4442074767831
3372,af4ec_00013,109,0.871948051948052,marginal_confidence,4,215.4442074767831
3373,af4ec_00013,110,0.8863650977366255,marginal_confidence,4,215.4442074767831
3374,af4ec_00013,111,0.8928571428571428,marginal_confidence,4,215.4442074767831
3375,af4ec_00013,112,0.8983832428931913,marginal_confidence,4,215.4442074767831
3376,af4ec_00013,113,0.9176031690258347,marginal_confidence,4,215.4442074767831
3377,af4ec_00013,114,0.8947642405378441,marginal_confidence,4,215.4442074767831
3378,af4ec_00013,115,0.892058480038064,marginal_confidence,4,215.4442074767831
3379,af4ec_00013,116,0.9090929311802126,marginal_confidence,4,215.4442074767831
3380,af4ec_00013,117,0.8687125249833445,marginal_confidence,4,215.4442074767831
3381,af4ec_00013,118,0.8380991911417102,marginal_confidence,4,215.4442074767831
3382,af4ec_00013,119,0.872900488507425,marginal_confidence,4,215.4442074767831
3383,af4ec_00013,120,0.8878833799912937,marginal_confidence,4,215.4442074767831
3384,af4ec_00013,121,0.8825307751416607,marginal_confidence,4,215.4442074767831
3385,af4ec_00013,122,0.7042197683188613,marginal_confidence,4,215.4442074767831
3386,af4ec_00013,123,0.8729537665391297,marginal_confidence,4,215.4442074767831
3387,af4ec_00013,124,0.8949957462799523,marginal_confidence,4,215.4442074767831
3388,af4ec_00013,125,0.8801754385964913,marginal_confidence,4,215.4442074767831
3389,af4ec_00013,126,0.8960612848568392,marginal_confidence,4,215.4442074767831
3390,af4ec_00013,127,0.864953054608227,marginal_confidence,4,215.4442074767831
3391,af4ec_00013,128,0.9019080889785822,marginal_confidence,4,215.4442074767831
3392,af4ec_00013,129,0.874509211718514,marginal_confidence,4,215.4442074767831
3393,af4ec_00013,130,0.8849643054033873,marginal_confidence,4,215.4442074767831
3394,af4ec_00013,131,0.8726215644820297,marginal_confidence,4,215.4442074767831
3395,af4ec_00013,132,0.8831795047504836,marginal_confidence,4,215.4442074767831
3396,af4ec_00013,133,0.8995902930412821,marginal_confidence,4,215.4442074767831
3397,af4ec_00013,134,0.9181324265165729,marginal_confidence,4,215.4442074767831
3398,af4ec_00013,135,0.9070037085906841,marginal_confidence,4,215.4442074767831
3399,af4ec_00013,136,0.8562234616462254,marginal_confidence,4,215.4442074767831
3400,af4ec_00013,137,0.8764423131870733,marginal_confidence,4,215.4442074767831
3401,af4ec_00013,138,0.9035420619860848,marginal_confidence,4,215.4442074767831
3402,af4ec_00013,139,0.8904397808863163,marginal_confidence,4,215.4442074767831
3403,af4ec_00013,140,0.8844923076923077,marginal_confidence,4,215.4442074767831
3404,af4ec_00013,141,0.8694885062209139,marginal_confidence,4,215.4442074767831
3405,af4ec_00013,142,0.8984482849599731,marginal_confidence,4,215.4442074767831
3406,af4ec_00013,143,0.8597595575259867,marginal_confidence,4,215.4442074767831
3407,af4ec_00013,144,0.9013893660063361,marginal_confidence,4,215.4442074767831
3408,af4ec_00013,145,0.9036737612055217,marginal_confidence,4,215.4442074767831
3409,af4ec_00013,146,0.9021930996682435,marginal_confidence,4,215.4442074767831
3410,af4ec_00013,147,0.8885535927923593,marginal_confidence,4,215.4442074767831
3411,af4ec_00013,148,0.8950321158859416,marginal_confidence,4,215.4442074767831
3412,af4ec_00013,149,0.892629698600131,marginal_confidence,4,215.4442074767831
3413,af4ec_00013,150,0.8617963314358001,marginal_confidence,4,215.4442074767831
3414,af4ec_00013,151,0.8662996745541643,marginal_confidence,4,215.4442074767831
3415,af4ec_00013,152,0.8694888107843574,marginal_confidence,4,215.4442074767831
3416,af4ec_00013,153,0.8728503063818531,marginal_confidence,4,215.4442074767831
3417,af4ec_00013,154,0.8854223302001238,marginal_confidence,4,215.4442074767831
3418,af4ec_00013,155,0.8913331068881063,marginal_confidence,4,215.4442074767831
3419,af4ec_00013,156,0.8015294117647058,marginal_confidence,4,215.4442074767831
3420,af4ec_00013,157,0.8925421280398602,marginal_confidence,4,215.4442074767831
3421,af4ec_00013,158,0.8958221710687331,marginal_confidence,4,215.4442074767831
3422,af4ec_00013,159,0.8335752423409881,marginal_confidence,4,215.4442074767831
3423,af4ec_00013,160,0.8671280002363952,marginal_confidence,4,215.4442074767831
3424,af4ec_00013,161,0.8793241497279494,marginal_confidence,4,215.4442074767831
3425,af4ec_00013,162,0.8718183467775193,marginal_confidence,4,215.4442074767831
3426,af4ec_00013,163,0.8832962225086918,marginal_confidence,4,215.4442074767831
3427,af4ec_00013,164,0.9186193286453745,marginal_confidence,4,215.4442074767831
3428,af4ec_00013,165,0.9077220077220077,marginal_confidence,4,215.4442074767831
3429,af4ec_00013,166,0.8916396103896104,marginal_confidence,4,215.4442074767831
3430,af4ec_00013,167,0.912114073777065,marginal_confidence,4,215.4442074767831
3431,af4ec_00013,168,0.8961137010965984,marginal_confidence,4,215.4442074767831
3432,af4ec_00013,169,0.8871144587279809,marginal_confidence,4,215.4442074767831
3433,af4ec_00013,170,0.8620833333333333,marginal_confidence,4,215.4442074767831
3434,af4ec_00013,171,0.8998614341564803,marginal_confidence,4,215.4442074767831
3435,af4ec_00013,172,0.9085144927536232,marginal_confidence,4,215.4442074767831
3436,af4ec_00013,173,0.9132209756871736,marginal_confidence,4,215.4442074767831
3437,af4ec_00013,174,0.9072643707510133,marginal_confidence,4,215.4442074767831
3438,af4ec_00013,175,0.9114271189056451,marginal_confidence,4,215.4442074767831
3439,af4ec_00013,176,0.8990892463887126,marginal_confidence,4,215.4442074767831
3440,af4ec_00013,177,0.9039591552075001,marginal_confidence,4,215.4442074767831
3441,af4ec_00013,178,0.9064340713461105,marginal_confidence,4,215.4442074767831
3442,af4ec_00013,179,0.9068538647342995,marginal_confidence,4,215.4442074767831
3443,af4ec_00013,180,0.9106498402585312,marginal_confidence,4,215.4442074767831
3444,af4ec_00013,181,0.908098420532622,marginal_confidence,4,215.4442074767831
3445,af4ec_00013,182,0.9043850209511901,marginal_confidence,4,215.4442074767831
3446,af4ec_00013,183,0.8766187494588199,marginal_confidence,4,215.4442074767831
3447,af4ec_00013,184,0.9048035092181346,marginal_confidence,4,215.4442074767831
3448,af4ec_00013,185,0.9154253866587225,marginal_confidence,4,215.4442074767831
3449,af4ec_00013,186,0.9125161139106996,marginal_confidence,4,215.4442074767831
3450,af4ec_00013,187,0.9159537481932889,marginal_confidence,4,215.4442074767831
3451,af4ec_00013,188,0.9338110096506862,marginal_confidence,4,215.4442074767831
3452,af4ec_00013,189,0.9201614019480833,marginal_confidence,4,215.4442074767831
3453,af4ec_00013,190,0.9228290167584672,marginal_confidence,4,215.4442074767831
3454,af4ec_00013,191,0.9224513833199679,marginal_confidence,4,215.4442074767831
3455,af4ec_00013,192,0.9258971531676022,marginal_confidence,4,215.4442074767831
3456,af4ec_00013,193,0.8911318883694574,marginal_confidence,4,215.4442074767831
3457,af4ec_00013,194,0.9393430577862347,marginal_confidence,4,215.4442074767831
3458,af4ec_00013,195,0.8985162914197179,marginal_confidence,4,215.4442074767831
3459,af4ec_00013,196,0.9213061480345095,marginal_confidence,4,215.4442074767831
3460,af4ec_00013,197,0.9252784615759584,marginal_confidence,4,215.4442074767831
3461,af4ec_00013,198,0.8913168032769361,marginal_confidence,4,215.4442074767831
3462,af4ec_00013,199,0.8886524743584738,marginal_confidence,4,215.4442074767831
3463,af4ec_00013,200,0.888978545661667,marginal_confidence,4,215.4442074767831
3464,af4ec_00013,201,0.8882735194210605,marginal_confidence,4,215.4442074767831
3465,af4ec_00013,202,0.8994252700809793,marginal_confidence,4,215.4442074767831
3466,af4ec_00013,203,0.926581167220123,marginal_confidence,4,215.4442074767831
3467,af4ec_00013,204,0.9041333975770924,marginal_confidence,4,215.4442074767831
3468,af4ec_00013,205,0.9346242601196051,marginal_confidence,4,215.4442074767831
3469,af4ec_00013,206,0.926030729289878,marginal_confidence,4,215.4442074767831
3470,af4ec_00013,207,0.896256851576163,marginal_confidence,4,215.4442074767831
3471,af4ec_00013,208,0.9282781488663842,marginal_confidence,4,215.4442074767831
3472,af4ec_00013,209,0.9273855706717676,marginal_confidence,4,215.4442074767831
3473,af4ec_00013,210,0.9014167650531286,marginal_confidence,4,215.4442074767831
3474,af4ec_00013,211,0.8801009134011342,marginal_confidence,4,215.4442074767831
3475,af4ec_00013,212,0.9191095934540301,marginal_confidence,4,215.4442074767831
3476,af4ec_00013,213,0.888522856283416,marginal_confidence,4,215.4442074767831
3477,af4ec_00013,214,0.8920500722412859,marginal_confidence,4,215.4442074767831
3478,af4ec_00013,215,0.9150919186263531,marginal_confidence,4,215.4442074767831
3479,af4ec_00013,216,0.9196565546592765,marginal_confidence,4,215.4442074767831
3480,af4ec_00013,217,0.9089433018551006,marginal_confidence,4,215.4442074767831
3481,af4ec_00013,218,0.9097091704703201,marginal_confidence,4,215.4442074767831
3482,af4ec_00013,219,0.9142667257421355,marginal_confidence,4,215.4442074767831
3483,af4ec_00013,220,0.9187973573214885,marginal_confidence,4,215.4442074767831
3484,af4ec_00013,221,0.9315700639230051,marginal_confidence,4,215.4442074767831
3485,af4ec_00013,222,0.9244913491826356,marginal_confidence,4,215.4442074767831
3486,af4ec_00013,223,0.8915913470442616,marginal_confidence,4,215.4442074767831
3487,af4ec_00013,224,0.8801774505332204,marginal_confidence,4,215.4442074767831
3488,af4ec_00013,225,0.8912594598143873,marginal_confidence,4,215.4442074767831
3489,af4ec_00013,226,0.9251684957980604,marginal_confidence,4,215.4442074767831
3490,af4ec_00013,227,0.9228561744939506,marginal_confidence,4,215.4442074767831
3491,af4ec_00013,228,0.9279045215354416,marginal_confidence,4,215.4442074767831
3492,af4ec_00013,229,0.9236285945601128,marginal_confidence,4,215.4442074767831
3493,af4ec_00013,230,0.9302937553656079,marginal_confidence,4,215.4442074767831
3494,af4ec_00013,231,0.9330636583302947,marginal_confidence,4,215.4442074767831
3495,af4ec_00013,232,0.9261265238713207,marginal_confidence,4,215.4442074767831
3496,af4ec_00013,233,0.9002833459963095,marginal_confidence,4,215.4442074767831
3497,af4ec_00013,234,0.9313993091437831,marginal_confidence,4,215.4442074767831
3498,af4ec_00013,235,0.8989590622938852,marginal_confidence,4,215.4442074767831
3499,af4ec_00013,236,0.9131221935814791,marginal_confidence,4,215.4442074767831
3500,af4ec_00013,237,0.923242595405354,marginal_confidence,4,215.4442074767831
3501,af4ec_00013,238,0.9174988724953289,marginal_confidence,4,215.4442074767831
3502,af4ec_00013,239,0.9032680754986493,marginal_confidence,4,215.4442074767831
3503,af4ec_00013,240,0.9257468223179648,marginal_confidence,4,215.4442074767831
3504,af4ec_00013,241,0.932703097798725,marginal_confidence,4,215.4442074767831
3505,af4ec_00013,242,0.9308370255923145,marginal_confidence,4,215.4442074767831
3506,af4ec_00013,243,0.8857558648459384,marginal_confidence,4,215.4442074767831
3507,af4ec_00013,244,0.9095156784509144,marginal_confidence,4,215.4442074767831
3508,af4ec_00013,245,0.9373577971611868,marginal_confidence,4,215.4442074767831
3509,af4ec_00013,246,0.9187118747532911,marginal_confidence,4,215.4442074767831
3510,af4ec_00013,247,0.9174988724953289,marginal_confidence,4,215.4442074767831
3511,af4ec_00013,248,0.9195361051876108,marginal_confidence,4,215.4442074767831
3512,af4ec_00013,249,0.9091833215735334,marginal_confidence,4,215.4442074767831
3513,af4ec_00013,250,0.9400167945341424,marginal_confidence,4,215.4442074767831
3514,af4ec_00014,0,0.5656172328086164,marginal_confidence,5,208.9554973036067
3515,af4ec_00014,1,0.6040801544231695,marginal_confidence,5,208.9554973036067
3516,af4ec_00014,2,0.6040801544231695,marginal_confidence,5,208.9554973036067
3517,af4ec_00014,3,0.9070305272895467,marginal_confidence,5,208.9554973036067
3518,af4ec_00014,4,0.5972051216635423,marginal_confidence,5,208.9554973036067
3519,af4ec_00014,5,0.6037895789398502,marginal_confidence,5,208.9554973036067
3520,af4ec_00014,6,0.5996362912682935,marginal_confidence,5,208.9554973036067
3521,af4ec_00014,7,0.60599600105996,marginal_confidence,5,208.9554973036067
3522,af4ec_00014,8,0.607024215149295,marginal_confidence,5,208.9554973036067
3523,af4ec_00014,9,0.8161001991113893,marginal_confidence,5,208.9554973036067
3524,af4ec_00014,10,0.66150985601825,marginal_confidence,5,208.9554973036067
3525,af4ec_00014,11,0.662250937374113,marginal_confidence,5,208.9554973036067
3526,af4ec_00014,12,0.6647470440772981,marginal_confidence,5,208.9554973036067
3527,af4ec_00014,13,0.5923934435447593,marginal_confidence,5,208.9554973036067
3528,af4ec_00014,14,0.6738761497854683,marginal_confidence,5,208.9554973036067
3529,af4ec_00014,15,0.686661941047906,marginal_confidence,5,208.9554973036067
3530,af4ec_00014,16,0.6895475300530243,marginal_confidence,5,208.9554973036067
3531,af4ec_00014,17,0.6207723755120063,marginal_confidence,5,208.9554973036067
3532,af4ec_00014,18,0.6895475300530243,marginal_confidence,5,208.9554973036067
3533,af4ec_00014,19,0.688102734051367,marginal_confidence,5,208.9554973036067
3534,af4ec_00014,20,0.6946645650108285,marginal_confidence,5,208.9554973036067
3535,af4ec_00014,21,0.6428919379719088,marginal_confidence,5,208.9554973036067
3536,af4ec_00014,22,0.6895475300530243,marginal_confidence,5,208.9554973036067
3537,af4ec_00014,23,0.6462845356348044,marginal_confidence,5,208.9554973036067
3538,af4ec_00014,24,0.7064211974167949,marginal_confidence,5,208.9554973036067
3539,af4ec_00014,25,0.7041264387979245,marginal_confidence,5,208.9554973036067
3540,af4ec_00014,26,0.686272332361205,marginal_confidence,5,208.9554973036067
3541,af4ec_00014,27,0.7074281437416772,marginal_confidence,5,208.9554973036067
3542,af4ec_00014,28,0.6217208247867861,marginal_confidence,5,208.9554973036067
3543,af4ec_00014,29,0.6381584710971403,marginal_confidence,5,208.9554973036067
3544,af4ec_00014,30,0.6400680376716117,marginal_confidence,5,208.9554973036067
3545,af4ec_00014,31,0.6805616377572772,marginal_confidence,5,208.9554973036067
3546,af4ec_00014,32,0.6428352087034721,marginal_confidence,5,208.9554973036067
3547,af4ec_00014,33,0.6320973508270278,marginal_confidence,5,208.9554973036067
3548,af4ec_00014,34,0.7189602574040151,marginal_confidence,5,208.9554973036067
3549,af4ec_00014,35,0.6776242753176267,marginal_confidence,5,208.9554973036067
3550,af4ec_00014,36,0.6749920812338905,marginal_confidence,5,208.9554973036067
3551,af4ec_00014,37,0.6907157190635451,marginal_confidence,5,208.9554973036067
3552,af4ec_00014,38,0.6936458333333333,marginal_confidence,5,208.9554973036067
3553,af4ec_00014,39,0.6949704091406678,marginal_confidence,5,208.9554973036067
3554,af4ec_00014,40,0.690825883354619,marginal_confidence,5,208.9554973036067
3555,af4ec_00014,41,0.711797153487888,marginal_confidence,5,208.9554973036067
3556,af4ec_00014,42,0.755001299518747,marginal_confidence,5,208.9554973036067
3557,af4ec_00014,43,0.7245833333333334,marginal_confidence,5,208.9554973036067
3558,af4ec_00014,44,0.723594846750337,marginal_confidence,5,208.9554973036067
3559,af4ec_00014,45,0.7531615993457752,marginal_confidence,5,208.9554973036067
3560,af4ec_00014,46,0.7296421178630041,marginal_confidence,5,208.9554973036067
3561,af4ec_00014,47,0.7166259762331899,marginal_confidence,5,208.9554973036067
3562,af4ec_00014,48,0.7542613636363636,marginal_confidence,5,208.9554973036067
3563,af4ec_00014,49,0.7151783514753716,marginal_confidence,5,208.9554973036067
3564,af4ec_00014,50,0.723900129197215,marginal_confidence,5,208.9554973036067
3565,af4ec_00014,51,0.7396073247293657,marginal_confidence,5,208.9554973036067
3566,af4ec_00014,52,0.7469667793323548,marginal_confidence,5,208.9554973036067
3567,af4ec_00014,53,0.722067525234946,marginal_confidence,5,208.9554973036067
3568,af4ec_00014,54,0.7528237826671643,marginal_confidence,5,208.9554973036067
3569,af4ec_00014,55,0.7141204017659997,marginal_confidence,5,208.9554973036067
3570,af4ec_00014,56,0.7638163646815027,marginal_confidence,5,208.9554973036067
3571,af4ec_00014,57,0.7503772978054875,marginal_confidence,5,208.9554973036067
3572,af4ec_00014,58,0.7316168556257175,marginal_confidence,5,208.9554973036067
3573,af4ec_00014,59,0.725964684254804,marginal_confidence,5,208.9554973036067
3574,af4ec_00014,60,0.754965758730749,marginal_confidence,5,208.9554973036067
3575,af4ec_00014,61,0.7625197478043323,marginal_confidence,5,208.9554973036067
3576,af4ec_00014,62,0.7525537703403316,marginal_confidence,5,208.9554973036067
3577,af4ec_00014,63,0.720093656875266,marginal_confidence,5,208.9554973036067
3578,af4ec_00014,64,0.7658110166149973,marginal_confidence,5,208.9554973036067
3579,af4ec_00014,65,0.7813333725674827,marginal_confidence,5,208.9554973036067
3580,af4ec_00014,66,0.7869645712362198,marginal_confidence,5,208.9554973036067
3581,af4ec_00014,67,0.7750958325646229,marginal_confidence,5,208.9554973036067
3582,af4ec_00014,68,0.7609678652382486,marginal_confidence,5,208.9554973036067
3583,af4ec_00014,69,0.757435067393609,marginal_confidence,5,208.9554973036067
3584,af4ec_00014,70,0.8152176949755944,marginal_confidence,5,208.9554973036067
3585,af4ec_00014,71,0.7984622082627152,marginal_confidence,5,208.9554973036067
3586,af4ec_00014,72,0.801493686159479,marginal_confidence,5,208.9554973036067
3587,af4ec_00014,73,0.8398432164427002,marginal_confidence,5,208.9554973036067
3588,af4ec_00014,74,0.8328625255137323,marginal_confidence,5,208.9554973036067
3589,af4ec_00014,75,0.7618458444855591,marginal_confidence,5,208.9554973036067
3590,af4ec_00014,76,0.8301108581239969,marginal_confidence,5,208.9554973036067
3591,af4ec_00014,77,0.7537971927279256,marginal_confidence,5,208.9554973036067
3592,af4ec_00014,78,0.863017313938172,marginal_confidence,5,208.9554973036067
3593,af4ec_00014,79,0.7949160100886697,marginal_confidence,5,208.9554973036067
3594,af4ec_00014,80,0.8231639472430403,marginal_confidence,5,208.9554973036067
3595,af4ec_00014,81,0.8542513018185542,marginal_confidence,5,208.9554973036067
3596,af4ec_00014,82,0.8548392465642537,marginal_confidence,5,208.9554973036067
3597,af4ec_00014,83,0.7691223571555479,marginal_confidence,5,208.9554973036067
3598,af4ec_00014,84,0.8219413131773854,marginal_confidence,5,208.9554973036067
3599,af4ec_00014,85,0.8317356885131133,marginal_confidence,5,208.9554973036067
3600,af4ec_00014,86,0.8439362470651978,marginal_confidence,5,208.9554973036067
3601,af4ec_00014,87,0.8616438356164384,marginal_confidence,5,208.9554973036067
3602,af4ec_00014,88,0.8413995905291389,marginal_confidence,5,208.9554973036067
3603,af4ec_00014,89,0.8979215883270528,marginal_confidence,5,208.9554973036067
3604,af4ec_00014,90,0.8900899363864583,marginal_confidence,5,208.9554973036067
3605,af4ec_00014,91,0.9093619205559504,marginal_confidence,5,208.9554973036067
3606,af4ec_00014,92,0.8752199033422241,marginal_confidence,5,208.9554973036067
3607,af4ec_00014,93,0.8683906299348672,marginal_confidence,5,208.9554973036067
3608,af4ec_00014,94,0.8971609785563274,marginal_confidence,5,208.9554973036067
3609,af4ec_00014,95,0.8911590186306277,marginal_confidence,5,208.9554973036067
3610,af4ec_00014,96,0.8953279424977538,marginal_confidence,5,208.9554973036067
3611,af4ec_00014,97,0.8985035141751561,marginal_confidence,5,208.9554973036067
3612,af4ec_00014,98,0.8796699578337296,marginal_confidence,5,208.9554973036067
3613,af4ec_00014,99,0.8996328931538378,marginal_confidence,5,208.9554973036067
3614,af4ec_00014,100,0.8510428964974419,marginal_confidence,5,208.9554973036067
3615,af4ec_00014,101,0.8652199732765873,marginal_confidence,5,208.9554973036067
3616,af4ec_00014,102,0.8675067293889398,marginal_confidence,5,208.9554973036067
3617,af4ec_00014,103,0.886410466473027,marginal_confidence,5,208.9554973036067
3618,af4ec_00014,104,0.904343678096414,marginal_confidence,5,208.9554973036067
3619,af4ec_00014,105,0.8861992677604169,marginal_confidence,5,208.9554973036067
3620,af4ec_00014,106,0.8565017417545631,marginal_confidence,5,208.9554973036067
3621,af4ec_00014,107,0.900926640926641,marginal_confidence,5,208.9554973036067
3622,af4ec_00014,108,0.8967126623376623,marginal_confidence,5,208.9554973036067
3623,af4ec_00014,109,0.8524645958195674,marginal_confidence,5,208.9554973036067
3624,af4ec_00014,110,0.829903579582518,marginal_confidence,5,208.9554973036067
3625,af4ec_00014,111,0.847082961785367,marginal_confidence,5,208.9554973036067
3626,af4ec_00014,112,0.8445832893685654,marginal_confidence,5,208.9554973036067
3627,af4ec_00014,113,0.9018194447829584,marginal_confidence,5,208.9554973036067
3628,af4ec_00014,114,0.851388888888889,marginal_confidence,5,208.9554973036067
3629,af4ec_00014,115,0.9129175474368807,marginal_confidence,5,208.9554973036067
3630,af4ec_00014,116,0.8696803652968037,marginal_confidence,5,208.9554973036067
3631,af4ec_00014,117,0.8907037276371146,marginal_confidence,5,208.9554973036067
3632,af4ec_00014,118,0.8741344431741327,marginal_confidence,5,208.9554973036067
3633,af4ec_00014,119,0.7089300350535481,marginal_confidence,5,208.9554973036067
3634,af4ec_00014,120,0.7176325821550933,marginal_confidence,5,208.9554973036067
3635,af4ec_00014,121,0.8762298307752854,marginal_confidence,5,208.9554973036067
3636,af4ec_00014,122,0.7277695222489099,marginal_confidence,5,208.9554973036067
3637,af4ec_00014,123,0.7186686678695173,marginal_confidence,5,208.9554973036067
3638,af4ec_00014,124,0.9098968725845307,marginal_confidence,5,208.9554973036067
3639,af4ec_00014,125,0.7305768810782964,marginal_confidence,5,208.9554973036067
3640,af4ec_00014,126,0.7327522283962683,marginal_confidence,5,208.9554973036067
3641,af4ec_00014,127,0.7102979470629306,marginal_confidence,5,208.9554973036067
3642,af4ec_00014,128,0.926030585106383,marginal_confidence,5,208.9554973036067
3643,af4ec_00014,129,0.7330510935953723,marginal_confidence,5,208.9554973036067
3644,af4ec_00014,130,0.9157190219174672,marginal_confidence,5,208.9554973036067
3645,af4ec_00014,131,0.7362353931992841,marginal_confidence,5,208.9554973036067
3646,af4ec_00014,132,0.7341532639545885,marginal_confidence,5,208.9554973036067
3647,af4ec_00014,133,0.7316033266659648,marginal_confidence,5,208.9554973036067
3648,af4ec_00014,134,0.7287762410248051,marginal_confidence,5,208.9554973036067
3649,af4ec_00014,135,0.9267498258558861,marginal_confidence,5,208.9554973036067
3650,af4ec_00014,136,0.731151646389844,marginal_confidence,5,208.9554973036067
3651,af4ec_00014,137,0.9203008972332465,marginal_confidence,5,208.9554973036067
3652,af4ec_00014,138,0.9056408453455214,marginal_confidence,5,208.9554973036067
3653,af4ec_00014,139,0.8514818604484176,marginal_confidence,5,208.9554973036067
3654,af4ec_00014,140,0.8887170221674838,marginal_confidence,5,208.9554973036067
3655,af4ec_00014,141,0.8788428013636274,marginal_confidence,5,208.9554973036067
3656,af4ec_00014,142,0.8840760138519218,marginal_confidence,5,208.9554973036067
3657,af4ec_00014,143,0.8696803652968037,marginal_confidence,5,208.9554973036067
3658,af4ec_00014,144,0.867661470852203,marginal_confidence,5,208.9554973036067
3659,af4ec_00014,145,0.8925421280398602,marginal_confidence,5,208.9554973036067
3660,af4ec_00014,146,0.8714030258111574,marginal_confidence,5,208.9554973036067
3661,af4ec_00014,147,0.8899485930735931,marginal_confidence,5,208.9554973036067
3662,af4ec_00014,148,0.9231384016549355,marginal_confidence,5,208.9554973036067
3663,af4ec_00014,149,0.9121628284023477,marginal_confidence,5,208.9554973036067
3664,af4ec_00014,150,0.8893327024912198,marginal_confidence,5,208.9554973036067
3665,af4ec_00014,151,0.9133533575934947,marginal_confidence,5,208.9554973036067
3666,af4ec_00014,152,0.9123623812392749,marginal_confidence,5,208.9554973036067
3667,af4ec_00014,153,0.8895057683405576,marginal_confidence,5,208.9554973036067
3668,af4ec_00014,154,0.8899638739050824,marginal_confidence,5,208.9554973036067
3669,af4ec_00014,155,0.9166799077151881,marginal_confidence,5,208.9554973036067
3670,af4ec_00014,156,0.9100944872154565,marginal_confidence,5,208.9554973036067
3671,af4ec_00014,157,0.9227694443171328,marginal_confidence,5,208.9554973036067
3672,af4ec_00014,158,0.8741458001441289,marginal_confidence,5,208.9554973036067
3673,af4ec_00014,159,0.8775571957471047,marginal_confidence,5,208.9554973036067
3674,af4ec_00014,160,0.9078459514412152,marginal_confidence,5,208.9554973036067
3675,af4ec_00014,161,0.9095770463115089,marginal_confidence,5,208.9554973036067
3676,af4ec_00014,162,0.8992752691726194,marginal_confidence,5,208.9554973036067
3677,af4ec_00014,163,0.8997099125920837,marginal_confidence,5,208.9554973036067
3678,af4ec_00014,164,0.9051707328962442,marginal_confidence,5,208.9554973036067
3679,af4ec_00014,165,0.922925608011445,marginal_confidence,5,208.9554973036067
3680,af4ec_00014,166,0.9056408453455214,marginal_confidence,5,208.9554973036067
3681,af4ec_00014,167,0.9235730106110396,marginal_confidence,5,208.9554973036067
3682,af4ec_00014,168,0.9104996837444655,marginal_confidence,5,208.9554973036067
3683,af4ec_00014,169,0.9113081411818027,marginal_confidence,5,208.9554973036067
3684,af4ec_00014,170,0.9172702172782201,marginal_confidence,5,208.9554973036067
3685,af4ec_00014,171,0.9224598930481284,marginal_confidence,5,208.9554973036067
3686,af4ec_00014,172,0.9228314089477061,marginal_confidence,5,208.9554973036067
3687,af4ec_00014,173,0.9180424349864853,marginal_confidence,5,208.9554973036067
3688,af4ec_00014,174,0.9249344050575456,marginal_confidence,5,208.9554973036067
3689,af4ec_00014,175,0.9317722007974806,marginal_confidence,5,208.9554973036067
3690,af4ec_00014,176,0.9250506903927969,marginal_confidence,5,208.9554973036067
3691,af4ec_00014,177,0.9274730282200871,marginal_confidence,5,208.9554973036067
3692,af4ec_00014,178,0.9324643006045445,marginal_confidence,5,208.9554973036067
3693,af4ec_00014,179,0.9161099446459248,marginal_confidence,5,208.9554973036067
3694,af4ec_00014,180,0.923206190645441,marginal_confidence,5,208.9554973036067
3695,af4ec_00014,181,0.9274730282200871,marginal_confidence,5,208.9554973036067
3696,af4ec_00014,182,0.9246819435928878,marginal_confidence,5,208.9554973036067
3697,af4ec_00014,183,0.930672816343548,marginal_confidence,5,208.9554973036067
3698,af4ec_00014,184,0.9292379870484112,marginal_confidence,5,208.9554973036067
3699,af4ec_00014,185,0.9299437959779451,marginal_confidence,5,208.9554973036067
3700,af4ec_00014,186,0.9302972059544388,marginal_confidence,5,208.9554973036067
3701,af4ec_00014,187,0.9257868783078846,marginal_confidence,5,208.9554973036067
3702,af4ec_00014,188,0.9274730282200871,marginal_confidence,5,208.9554973036067
3703,af4ec_00014,189,0.9368410256410257,marginal_confidence,5,208.9554973036067
3704,af4ec_00014,190,0.9299437959779451,marginal_confidence,5,208.9554973036067
3705,af4ec_00014,191,0.9201755445248794,marginal_confidence,5,208.9554973036067
3706,af4ec_00014,192,0.9281656992203855,marginal_confidence,5,208.9554973036067
3707,af4ec_00014,193,0.938412477502874,marginal_confidence,5,208.9554973036067
3708,af4ec_00014,194,0.9246819435928878,marginal_confidence,5,208.9554973036067
3709,af4ec_00014,195,0.9295900178253119,marginal_confidence,5,208.9554973036067
3710,af4ec_00014,196,0.9285235159051624,marginal_confidence,5,208.9554973036067
3711,af4ec_00014,197,0.9339144220705959,marginal_confidence,5,208.9554973036067
3712,af4ec_00014,198,0.9271116322535712,marginal_confidence,5,208.9554973036067
3713,af4ec_00014,199,0.9100944872154565,marginal_confidence,5,208.9554973036067
3714,af4ec_00014,200,0.9334999894930647,marginal_confidence,5,208.9554973036067
3715,af4ec_00014,201,0.9090784796281105,marginal_confidence,5,208.9554973036067
3716,af4ec_00014,202,0.9412980638845342,marginal_confidence,5,208.9554973036067
3717,af4ec_00014,203,0.9225521187627546,marginal_confidence,5,208.9554973036067
3718,af4ec_00014,204,0.9331550802139037,marginal_confidence,5,208.9554973036067
3719,af4ec_00014,205,0.9034767316017316,marginal_confidence,5,208.9554973036067
3720,af4ec_00014,206,0.9281656992203855,marginal_confidence,5,208.9554973036067
3721,af4ec_00014,207,0.8976731631272785,marginal_confidence,5,208.9554973036067
3722,af4ec_00014,208,0.9056043430407787,marginal_confidence,5,208.9554973036067
3723,af4ec_00014,209,0.929971649501411,marginal_confidence,5,208.9554973036067
3724,af4ec_00014,210,0.9168923512169695,marginal_confidence,5,208.9554973036067
3725,af4ec_00014,211,0.9222996802873451,marginal_confidence,5,208.9554973036067
3726,af4ec_00014,212,0.9013893660063361,marginal_confidence,5,208.9554973036067
3727,af4ec_00014,213,0.9165014257926841,marginal_confidence,5,208.9554973036067
3728,af4ec_00014,214,0.9168923512169695,marginal_confidence,5,208.9554973036067
3729,af4ec_00014,215,0.9313552879036453,marginal_confidence,5,208.9554973036067
3730,af4ec_00014,216,0.9339144220705959,marginal_confidence,5,208.9554973036067
3731,af4ec_00014,217,0.9406582446808511,marginal_confidence,5,208.9554973036067
3732,af4ec_00014,218,0.9323257571061683,marginal_confidence,5,208.9554973036067
3733,af4ec_00014,219,0.939154518128719,marginal_confidence,5,208.9554973036067
3734,af4ec_00014,220,0.9358409567466381,marginal_confidence,5,208.9554973036067
3735,af4ec_00014,221,0.941617692418077,marginal_confidence,5,208.9554973036067
3736,af4ec_00014,222,0.9375064288758161,marginal_confidence,5,208.9554973036067
3737,af4ec_00014,223,0.9368410256410257,marginal_confidence,5,208.9554973036067
3738,af4ec_00014,224,0.9389744059817587,marginal_confidence,5,208.9554973036067
3739,af4ec_00014,225,0.9455316503919957,marginal_confidence,5,208.9554973036067
3740,af4ec_00014,226,0.9409782495162967,marginal_confidence,5,208.9554973036067
3741,af4ec_00014,227,0.9531705439146456,marginal_confidence,5,208.9554973036067
3742,af4ec_00014,228,0.8976731631272785,marginal_confidence,5,208.9554973036067
3743,af4ec_00014,229,0.9446128584059619,marginal_confidence,5,208.9554973036067
3744,af4ec_00014,230,0.9386461538461539,marginal_confidence,5,208.9554973036067
3745,af4ec_00014,231,0.941617692418077,marginal_confidence,5,208.9554973036067
3746,af4ec_00014,232,0.9281946147557736,marginal_confidence,5,208.9554973036067
3747,af4ec_00014,233,0.8968900966183575,marginal_confidence,5,208.9554973036067
3748,af4ec_00014,234,0.9371738546856891,marginal_confidence,5,208.9554973036067
3749,af4ec_00014,235,0.9434320625594825,marginal_confidence,5,208.9554973036067
3750,af4ec_00014,236,0.9504622537558117,marginal_confidence,5,208.9554973036067
3751,af4ec_00014,237,0.9371738546856891,marginal_confidence,5,208.9554973036067
3752,af4ec_00014,238,0.8913331068881063,marginal_confidence,5,208.9554973036067
3753,af4ec_00014,239,0.9368410256410257,marginal_confidence,5,208.9554973036067
3754,af4ec_00014,240,0.9264382791743306,marginal_confidence,5,208.9554973036067
3755,af4ec_00014,241,0.932118418667986,marginal_confidence,5,208.9554973036067
3756,af4ec_00014,242,0.9285235159051624,marginal_confidence,5,208.9554973036067
3757,af4ec_00014,243,0.9328098525080455,marginal_confidence,5,208.9554973036067
3758,af4ec_00014,244,0.9285235159051624,marginal_confidence,5,208.9554973036067
3759,af4ec_00014,245,0.9324643006045445,marginal_confidence,5,208.9554973036067
3760,af4ec_00014,246,0.9147703309223902,marginal_confidence,5,208.9554973036067
3761,af4ec_00014,247,0.9412980638845342,marginal_confidence,5,208.9554973036067
3762,af4ec_00014,248,0.9406582446808511,marginal_confidence,5,208.9554973036067
3763,af4ec_00014,249,0.9473696522500484,marginal_confidence,5,208.9554973036067
3764,af4ec_00014,250,0.9440044730425856,marginal_confidence,5,208.9554973036067
3765,af4ec_00015,0,0.5852242498403916,ratio_confidence,1,150.99734487459463
3766,af4ec_00015,1,0.5850282059630927,ratio_confidence,1,150.99734487459463
3767,af4ec_00015,2,0.5245480488079173,ratio_confidence,1,150.99734487459463
3768,af4ec_00015,3,0.5773900201179165,ratio_confidence,1,150.99734487459463
3769,af4ec_00015,4,0.541697365751567,ratio_confidence,1,150.99734487459463
3770,af4ec_00015,5,0.5673737690375162,ratio_confidence,1,150.99734487459463
3771,af4ec_00015,6,0.5668891220826554,ratio_confidence,1,150.99734487459463
3772,af4ec_00015,7,0.5770707361551013,ratio_confidence,1,150.99734487459463
3773,af4ec_00015,8,0.5761662538037573,ratio_confidence,1,150.99734487459463
3774,af4ec_00015,9,0.5856656419254231,ratio_confidence,1,150.99734487459463
3775,af4ec_00015,10,0.5767695644149133,ratio_confidence,1,150.99734487459463
3776,af4ec_00015,11,0.5853333333333333,ratio_confidence,1,150.99734487459463
3777,af4ec_00015,12,0.5832433158180609,ratio_confidence,1,150.99734487459463
3778,af4ec_00015,13,0.5832433158180609,ratio_confidence,1,150.99734487459463
3779,af4ec_00015,14,0.5832433158180609,ratio_confidence,1,150.99734487459463
3780,af4ec_00015,15,0.5832433158180609,ratio_confidence,1,150.99734487459463
3781,af4ec_00015,16,0.5837094774383194,ratio_confidence,1,150.99734487459463
3782,af4ec_00015,17,0.5664356311746924,ratio_confidence,1,150.99734487459463
3783,af4ec_00015,18,0.5668080316238645,ratio_confidence,1,150.99734487459463
3784,af4ec_00015,19,0.564989832942935,ratio_confidence,1,150.99734487459463
3785,af4ec_00015,20,0.564989832942935,ratio_confidence,1,150.99734487459463
3786,af4ec_00015,21,0.5659776319735504,ratio_confidence,1,150.99734487459463
3787,af4ec_00015,22,0.5751694339802172,ratio_confidence,1,150.99734487459463
3788,af4ec_00015,23,0.5718127090301003,ratio_confidence,1,150.99734487459463
3789,af4ec_00015,24,0.5737100737100737,ratio_confidence,1,150.99734487459463
3790,af4ec_00015,25,0.5711054398389844,ratio_confidence,1,150.99734487459463
3791,af4ec_00015,26,0.5756596176972009,ratio_confidence,1,150.99734487459463
3792,af4ec_00015,27,0.5746227264388021,ratio_confidence,1,150.99734487459463
3793,af4ec_00015,28,0.5745150961869228,ratio_confidence,1,150.99734487459463
3794,af4ec_00015,29,0.5764290977997684,ratio_confidence,1,150.99734487459463
3795,af4ec_00015,30,0.5843413343413343,ratio_confidence,1,150.99734487459463
3796,af4ec_00015,31,0.5799031476997578,ratio_confidence,1,150.99734487459463
3797,af4ec_00015,32,0.5773092369477911,ratio_confidence,1,150.99734487459463
3798,af4ec_00015,33,0.5774023862160251,ratio_confidence,1,150.99734487459463
3799,af4ec_00015,34,0.5775757575757576,ratio_confidence,1,150.99734487459463
3800,af4ec_00015,35,0.58476254180602,ratio_confidence,1,150.99734487459463
3801,af4ec_00015,36,0.5801989258347017,ratio_confidence,1,150.99734487459463
3802,af4ec_00015,37,0.5885987140608628,ratio_confidence,1,150.99734487459463
3803,af4ec_00015,38,0.5818354711398804,ratio_confidence,1,150.99734487459463
3804,af4ec_00015,39,0.5821220439121243,ratio_confidence,1,150.99734487459463
3805,af4ec_00015,40,0.5799031476997578,ratio_confidence,1,150.99734487459463
3806,af4ec_00015,41,0.5825911350455675,ratio_confidence,1,150.99734487459463
3807,af4ec_00015,42,0.5831204767986378,ratio_confidence,1,150.99734487459463
3808,af4ec_00015,43,0.5816448228174125,ratio_confidence,1,150.99734487459463
3809,af4ec_00015,44,0.5867394608765985,ratio_confidence,1,150.99734487459463
3810,af4ec_00015,45,0.5835852842809365,ratio_confidence,1,150.99734487459463
3811,af4ec_00015,46,0.5894293137272228,ratio_confidence,1,150.99734487459463
3812,af4ec_00015,47,0.5844818727601738,ratio_confidence,1,150.99734487459463
3813,af4ec_00015,48,0.583777789284728,ratio_confidence,1,150.99734487459463
3814,af4ec_00015,49,0.5867038367038367,ratio_confidence,1,150.99734487459463
3815,af4ec_00015,50,0.5870238900465606,ratio_confidence,1,150.99734487459463
3816,af4ec_00015,51,0.5851786718348108,ratio_confidence,1,150.99734487459463
3817,af4ec_00015,52,0.5852437843073942,ratio_confidence,1,150.99734487459463
3818,af4ec_00015,53,0.5851041820440736,ratio_confidence,1,150.99734487459463
3819,af4ec_00015,54,0.5816626062915193,ratio_confidence,1,150.99734487459463
3820,af4ec_00015,55,0.5864942960431896,ratio_confidence,1,150.99734487459463
3821,af4ec_00015,56,0.5834044830706103,ratio_confidence,1,150.99734487459463
3822,af4ec_00015,57,0.5835462830071995,ratio_confidence,1,150.99734487459463
3823,af4ec_00015,58,0.5854618986802895,ratio_confidence,1,150.99734487459463
3824,af4ec_00015,59,0.5876116672048218,ratio_confidence,1,150.99734487459463
3825,af4ec_00015,60,0.5878442673911793,ratio_confidence,1,150.99734487459463
3826,af4ec_00015,61,0.5911634915509633,ratio_confidence,1,150.99734487459463
3827,af4ec_00015,62,0.5914288414288414,ratio_confidence,1,150.99734487459463
3828,af4ec_00015,63,0.5884304871373837,ratio_confidence,1,150.99734487459463
3829,af4ec_00015,64,0.5908977147196908,ratio_confidence,1,150.99734487459463
3830,af4ec_00015,65,0.5893366076517907,ratio_confidence,1,150.99734487459463
3831,af4ec_00015,66,0.5927412737283473,ratio_confidence,1,150.99734487459463
3832,af4ec_00015,67,0.5914248761163632,ratio_confidence,1,150.99734487459463
3833,af4ec_00015,68,0.5919582991242474,ratio_confidence,1,150.99734487459463
3834,af4ec_00015,69,0.5951334339072986,ratio_confidence,1,150.99734487459463
3835,af4ec_00015,70,0.5952147582875346,ratio_confidence,1,150.99734487459463
3836,af4ec_00015,71,0.5947153158971048,ratio_confidence,1,150.99734487459463
3837,af4ec_00015,72,0.589515800895158,ratio_confidence,1,150.99734487459463
3838,af4ec_00015,73,0.5936568752660707,ratio_confidence,1,150.99734487459463
3839,af4ec_00015,74,0.5932650343683894,ratio_confidence,1,150.99734487459463
3840,af4ec_00015,75,0.5913498981429666,ratio_confidence,1,150.99734487459463
3841,af4ec_00015,76,0.5948275862068966,ratio_confidence,1,150.99734487459463
3842,af4ec_00015,77,0.5931438702336536,ratio_confidence,1,150.99734487459463
3843,af4ec_00015,78,0.5910491127618088,ratio_confidence,1,150.99734487459463
3844,af4ec_00015,79,0.591296219248537,ratio_confidence,1,150.99734487459463
3845,af4ec_00015,80,0.5934012471458635,ratio_confidence,1,150.99734487459463
3846,af4ec_00015,81,0.5947153158971048,ratio_confidence,1,150.99734487459463
3847,af4ec_00015,82,0.5932650343683894,ratio_confidence,1,150.99734487459463
3848,af4ec_00015,83,0.5921121077940038,ratio_confidence,1,150.99734487459463
3849,af4ec_00015,84,0.594047910759501,ratio_confidence,1,150.99734487459463
3850,af4ec_00015,85,0.5931438702336536,ratio_confidence,1,150.99734487459463
3851,af4ec_00015,86,0.5935263526320669,ratio_confidence,1,150.99734487459463
3852,af4ec_00015,87,0.595870371495026,ratio_confidence,1,150.99734487459463
3853,af4ec_00015,88,0.5946983620635463,ratio_confidence,1,150.99734487459463
3854,af4ec_00015,89,0.5926184123580913,ratio_confidence,1,150.99734487459463
3855,af4ec_00015,90,0.5956142795665856,ratio_confidence,1,150.99734487459463
3856,af4ec_00015,91,0.5939176532055611,ratio_confidence,1,150.99734487459463
3857,af4ec_00015,92,0.5947153158971048,ratio_confidence,1,150.99734487459463
3858,af4ec_00015,93,0.5939176532055611,ratio_confidence,1,150.99734487459463
3859,af4ec_00015,94,0.592222426070595,ratio_confidence,1,150.99734487459463
3860,af4ec_00015,95,0.5918469415434694,ratio_confidence,1,150.99734487459463
3861,af4ec_00015,96,0.5937913437913438,ratio_confidence,1,150.99734487459463
3862,af4ec_00015,97,0.594047910759501,ratio_confidence,1,150.99734487459463
3863,af4ec_00015,98,0.5939176532055611,ratio_confidence,1,150.99734487459463
3864,af4ec_00015,99,0.5875713311560133,ratio_confidence,1,150.99734487459463
3865,af4ec_00015,100,0.5949567262254701,ratio_confidence,1,150.99734487459463
3866,af4ec_00015,101,0.5961261440361286,ratio_confidence,1,150.99734487459463
3867,af4ec_00015,102,0.5906443859246037,ratio_confidence,1,150.99734487459463
3868,af4ec_00015,103,0.5936568752660707,ratio_confidence,1,150.99734487459463
3869,af4ec_00015,104,0.5995520364982809,ratio_confidence,1,150.99734487459463
3870,af4ec_00015,105,0.6006848494590519,ratio_confidence,1,150.99734487459463
3871,af4ec_00015,106,0.5979061893143455,ratio_confidence,1,150.99734487459463
3872,af4ec_00015,107,0.598957229543577,ratio_confidence,1,150.99734487459463
3873,af4ec_00015,108,0.5960723736524448,ratio_confidence,1,150.99734487459463
3874,af4ec_00015,109,0.5974005146600289,ratio_confidence,1,150.99734487459463
3875,af4ec_00015,110,0.5951011025763968,ratio_confidence,1,150.99734487459463
3876,af4ec_00015,111,0.5994259274771938,ratio_confidence,1,150.99734487459463
3877,af4ec_00015,112,0.5994259274771938,ratio_confidence,1,150.99734487459463
3878,af4ec_00015,113,0.5989241204458273,ratio_confidence,1,150.99734487459463
3879,af4ec_00015,114,0.6166601915265688,ratio_confidence,1,150.99734487459463
3880,af4ec_00015,115,0.6022120181906486,ratio_confidence,1,150.99734487459463
3881,af4ec_00015,116,0.6006441585734819,ratio_confidence,1,150.99734487459463
3882,af4ec_00015,117,0.6181763244477272,ratio_confidence,1,150.99734487459463
3883,af4ec_00015,118,0.6130823782637679,ratio_confidence,1,150.99734487459463
3884,af4ec_00015,119,0.6128105349388377,ratio_confidence,1,150.99734487459463
3885,af4ec_00015,120,0.6120384666601884,ratio_confidence,1,150.99734487459463
3886,af4ec_00015,121,0.6058241093047388,ratio_confidence,1,150.99734487459463
3887,af4ec_00015,122,0.6075323119988169,ratio_confidence,1,150.99734487459463
3888,af4ec_00015,123,0.6059620535211901,ratio_confidence,1,150.99734487459463
3889,af4ec_00015,124,0.6122372894658918,ratio_confidence,1,150.99734487459463
3890,af4ec_00015,125,0.6079150883838385,ratio_confidence,1,150.99734487459463
3891,af4ec_00015,126,0.6101236201206327,ratio_confidence,1,150.99734487459463
3892,af4ec_00015,127,0.6130576419710936,ratio_confidence,1,150.99734487459463
3893,af4ec_00015,128,0.6102383531960996,ratio_confidence,1,150.99734487459463
3894,af4ec_00015,129,0.6127839624623075,ratio_confidence,1,150.99734487459463
3895,af4ec_00015,130,0.6106777302991155,ratio_confidence,1,150.99734487459463
3896,af4ec_00015,131,0.6119301119301119,ratio_confidence,1,150.99734487459463
3897,af4ec_00015,132,0.6097695646271981,ratio_confidence,1,150.99734487459463
3898,af4ec_00015,133,0.6113775646149747,ratio_confidence,1,150.99734487459463
3899,af4ec_00015,134,0.6124921103722306,ratio_confidence,1,150.99734487459463
3900,af4ec_00015,135,0.6123738735646836,ratio_confidence,1,150.99734487459463
3901,af4ec_00015,136,0.6134686043858785,ratio_confidence,1,150.99734487459463
3902,af4ec_00015,137,0.6121318852990602,ratio_confidence,1,150.99734487459463
3903,af4ec_00015,138,0.6140639961306409,ratio_confidence,1,150.99734487459463
3904,af4ec_00015,139,0.6104005684341416,ratio_confidence,1,150.99734487459463
3905,af4ec_00015,140,0.6113775646149747,ratio_confidence,1,150.99734487459463
3906,af4ec_00015,141,0.6088678526545884,ratio_confidence,1,150.99734487459463
3907,af4ec_00015,142,0.6097250973367799,ratio_confidence,1,150.99734487459463
3908,af4ec_00015,143,0.613899289330348,ratio_confidence,1,150.99734487459463
3909,af4ec_00015,144,0.610688127518422,ratio_confidence,1,150.99734487459463
3910,af4ec_00015,145,0.6109821428571429,ratio_confidence,1,150.99734487459463
3911,af4ec_00015,146,0.6066365227407482,ratio_confidence,1,150.99734487459463
3912,af4ec_00015,147,0.6115156163585828,ratio_confidence,1,150.99734487459463
3913,af4ec_00015,148,0.6126472094214029,ratio_confidence,1,150.99734487459463
3914,af4ec_00015,149,0.610688127518422,ratio_confidence,1,150.99734487459463
3915,af4ec_00015,150,0.6113775646149747,ratio_confidence,1,150.99734487459463
3916,af4ec_00015,151,0.6088911088911089,ratio_confidence,1,150.99734487459463
3917,af4ec_00015,152,0.6113775646149747,ratio_confidence,1,150.99734487459463
3918,af4ec_00015,153,0.6063626317579055,ratio_confidence,1,150.99734487459463
3919,af4ec_00015,154,0.6116676684699125,ratio_confidence,1,150.99734487459463
3920,af4ec_00015,155,0.6108259075584479,ratio_confidence,1,150.99734487459463
3921,af4ec_00015,156,0.6127839624623075,ratio_confidence,1,150.99734487459463
3922,af4ec_00015,157,0.6097017362047671,ratio_confidence,1,150.99734487459463
3923,af4ec_00015,158,0.6137629899142372,ratio_confidence,1,150.99734487459463
3924,af4ec_00015,159,0.6110487275554164,ratio_confidence,1,150.99734487459463
3925,af4ec_00015,160,0.6129464285714286,ratio_confidence,1,150.99734487459463
3926,af4ec_00015,161,0.6177573114730351,ratio_confidence,1,150.99734487459463
3927,af4ec_00015,162,0.6175150372564862,ratio_confidence,1,150.99734487459463
3928,af4ec_00015,163,0.6180300210629232,ratio_confidence,1,150.99734487459463
3929,af4ec_00015,164,0.6195039960818363,ratio_confidence,1,150.99734487459463
3930,af4ec_00015,165,0.6185738955091008,ratio_confidence,1,150.99734487459463
3931,af4ec_00015,166,0.618050833049983,ratio_confidence,1,150.99734487459463
3932,af4ec_00015,167,0.6199537033318787,ratio_confidence,1,150.99734487459463
3933,af4ec_00015,168,0.6171427654040864,ratio_confidence,1,150.99734487459463
3934,af4ec_00015,169,0.6173660195695001,ratio_confidence,1,150.99734487459463
3935,af4ec_00015,170,0.6140356492545807,ratio_confidence,1,150.99734487459463
3936,af4ec_00015,171,0.622287173284956,ratio_confidence,1,150.99734487459463
3937,af4ec_00015,172,0.6217876746506986,ratio_confidence,1,150.99734487459463
3938,af4ec_00015,173,0.6195988055726073,ratio_confidence,1,150.99734487459463
3939,af4ec_00015,174,0.624535476622591,ratio_confidence,1,150.99734487459463
3940,af4ec_00015,175,0.6220113976287691,ratio_confidence,1,150.99734487459463
3941,af4ec_00015,176,0.6213414018811919,ratio_confidence,1,150.99734487459463
3942,af4ec_00015,177,0.6286674566851913,ratio_confidence,1,150.99734487459463
3943,af4ec_00015,178,0.6293803944062055,ratio_confidence,1,150.99734487459463
3944,af4ec_00015,179,0.626997111113412,ratio_confidence,1,150.99734487459463
3945,af4ec_00015,180,0.6272869193689745,ratio_confidence,1,150.99734487459463
3946,af4ec_00015,181,0.625426623361547,ratio_confidence,1,150.99734487459463
3947,af4ec_00015,182,0.6201650906648293,ratio_confidence,1,150.99734487459463
3948,af4ec_00015,183,0.6258542317325829,ratio_confidence,1,150.99734487459463
3949,af4ec_00015,184,0.6263550057561914,ratio_confidence,1,150.99734487459463
3950,af4ec_00015,185,0.6299593568009165,ratio_confidence,1,150.99734487459463
3951,af4ec_00015,186,0.6286674566851913,ratio_confidence,1,150.99734487459463
3952,af4ec_00015,187,0.6271463837099877,ratio_confidence,1,150.99734487459463
3953,af4ec_00015,188,0.6274384530198484,ratio_confidence,1,150.99734487459463
3954,af4ec_00015,189,0.6267091874826681,ratio_confidence,1,150.99734487459463
3955,af4ec_00015,190,0.6270677777407534,ratio_confidence,1,150.99734487459463
3956,af4ec_00015,191,0.6271463837099877,ratio_confidence,1,150.99734487459463
3957,af4ec_00015,192,0.6233759284231255,ratio_confidence,1,150.99734487459463
3958,af4ec_00015,193,0.6233917947553326,ratio_confidence,1,150.99734487459463
3959,af4ec_00015,194,0.6263454480718668,ratio_confidence,1,150.99734487459463
3960,af4ec_00015,195,0.6296039010569903,ratio_confidence,1,150.99734487459463
3961,af4ec_00015,196,0.6234544702920064,ratio_confidence,1,150.99734487459463
3962,af4ec_00015,197,0.6285214161200192,ratio_confidence,1,150.99734487459463
3963,af4ec_00015,198,0.6260625657108798,ratio_confidence,1,150.99734487459463
3964,af4ec_00015,199,0.6270380434782609,ratio_confidence,1,150.99734487459463
3965,af4ec_00015,200,0.6287589011237311,ratio_confidence,1,150.99734487459463
3966,af4ec_00015,201,0.6257111810736631,ratio_confidence,1,150.99734487459463
3967,af4ec_00015,202,0.6259557320136353,ratio_confidence,1,150.99734487459463
3968,af4ec_00015,203,0.6234930152452638,ratio_confidence,1,150.99734487459463
3969,af4ec_00015,204,0.6265118453469336,ratio_confidence,1,150.99734487459463
3970,af4ec_00015,205,0.6256596835898687,ratio_confidence,1,150.99734487459463
3971,af4ec_00015,206,0.6253184533587332,ratio_confidence,1,150.99734487459463
3972,af4ec_00015,207,0.6294969398417674,ratio_confidence,1,150.99734487459463
3973,af4ec_00015,208,0.6264007278183441,ratio_confidence,1,150.99734487459463
3974,af4ec_00015,209,0.6265946514737218,ratio_confidence,1,150.99734487459463
3975,af4ec_00015,210,0.625765039558143,ratio_confidence,1,150.99734487459463
3976,af4ec_00015,211,0.6261523697384048,ratio_confidence,1,150.99734487459463
3977,af4ec_00015,212,0.6270380434782609,ratio_confidence,1,150.99734487459463
3978,af4ec_00015,213,0.623837691042759,ratio_confidence,1,150.99734487459463
3979,af4ec_00015,214,0.6241328952172326,ratio_confidence,1,150.99734487459463
3980,af4ec_00015,215,0.6298403532608696,ratio_confidence,1,150.99734487459463
3981,af4ec_00015,216,0.6269614546242266,ratio_confidence,1,150.99734487459463
3982,af4ec_00015,217,0.6266980146290492,ratio_confidence,1,150.99734487459463
3983,af4ec_00015,218,0.6262730655041527,ratio_confidence,1,150.99734487459463
3984,af4ec_00015,219,0.6227965933848287,ratio_confidence,1,150.99734487459463
3985,af4ec_00015,220,0.6201390814650483,ratio_confidence,1,150.99734487459463
3986,af4ec_00015,221,0.6214731275374255,ratio_confidence,1,150.99734487459463
3987,af4ec_00015,222,0.6164120638324135,ratio_confidence,1,150.99734487459463
3988,af4ec_00015,223,0.6212251485033659,ratio_confidence,1,150.99734487459463
3989,af4ec_00015,224,0.6230487904543969,ratio_confidence,1,150.99734487459463
3990,af4ec_00015,225,0.622458095225106,ratio_confidence,1,150.99734487459463
3991,af4ec_00015,226,0.6257706009087225,ratio_confidence,1,150.99734487459463
3992,af4ec_00015,227,0.623308376032447,ratio_confidence,1,150.99734487459463
3993,af4ec_00015,228,0.6216682473824454,ratio_confidence,1,150.99734487459463
3994,af4ec_00015,229,0.6246273106738223,ratio_confidence,1,150.99734487459463
3995,af4ec_00015,230,0.6213244586738562,ratio_confidence,1,150.99734487459463
3996,af4ec_00015,231,0.6231016987897957,ratio_confidence,1,150.99734487459463
3997,af4ec_00015,232,0.622900946027307,ratio_confidence,1,150.99734487459463
3998,af4ec_00015,233,0.622900946027307,ratio_confidence,1,150.99734487459463
3999,af4ec_00015,234,0.6216380915863278,ratio_confidence,1,150.99734487459463
4000,af4ec_00015,235,0.6196963433424781,ratio_confidence,1,150.99734487459463
4001,af4ec_00015,236,0.6186669235214795,ratio_confidence,1,150.99734487459463
4002,af4ec_00015,237,0.6218691958920572,ratio_confidence,1,150.99734487459463
4003,af4ec_00015,238,0.6221590909090908,ratio_confidence,1,150.99734487459463
4004,af4ec_00015,239,0.6276770025049369,ratio_confidence,1,150.99734487459463
4005,af4ec_00015,240,0.6229171272244943,ratio_confidence,1,150.99734487459463
4006,af4ec_00015,241,0.6233016304347826,ratio_confidence,1,150.99734487459463
4007,af4ec_00015,242,0.6225149385546244,ratio_confidence,1,150.99734487459463
4008,af4ec_00015,243,0.6232486691548333,ratio_confidence,1,150.99734487459463
4009,af4ec_00015,244,0.6160869576354326,ratio_confidence,1,150.99734487459463
4010,af4ec_00015,245,0.6254671921623741,ratio_confidence,1,150.99734487459463
4011,af4ec_00015,246,0.6225169976204604,ratio_confidence,1,150.99734487459463
4012,af4ec_00015,247,0.6170261725030333,ratio_confidence,1,150.99734487459463
4013,af4ec_00015,248,0.624384634779309,ratio_confidence,1,150.99734487459463
4014,af4ec_00015,249,0.6251309628353751,ratio_confidence,1,150.99734487459463
4015,af4ec_00015,250,0.6231525629035395,ratio_confidence,1,150.99734487459463
4016,af4ec_00016,0,0.5074538089716755,ratio_confidence,2,209.00704857943302
4017,af4ec_00016,1,0.5305062525211779,ratio_confidence,2,209.00704857943302
4018,af4ec_00016,2,0.5305062525211779,ratio_confidence,2,209.00704857943302
4019,af4ec_00016,3,0.5058570053968121,ratio_confidence,2,209.00704857943302
4020,af4ec_00016,4,0.5288949491752943,ratio_confidence,2,209.00704857943302
4021,af4ec_00016,5,0.5288949491752943,ratio_confidence,2,209.00704857943302
4022,af4ec_00016,6,0.5316996154271462,ratio_confidence,2,209.00704857943302
4023,af4ec_00016,7,0.5335684253356843,ratio_confidence,2,209.00704857943302
4024,af4ec_00016,8,0.5141250517471366,ratio_confidence,2,209.00704857943302
4025,af4ec_00016,9,0.5141250517471366,ratio_confidence,2,209.00704857943302
4026,af4ec_00016,10,0.5158364526346099,ratio_confidence,2,209.00704857943302
4027,af4ec_00016,11,0.5332728372655777,ratio_confidence,2,209.00704857943302
4028,af4ec_00016,12,0.5202832956164614,ratio_confidence,2,209.00704857943302
4029,af4ec_00016,13,0.557656112262645,ratio_confidence,2,209.00704857943302
4030,af4ec_00016,14,0.5510282819778299,ratio_confidence,2,209.00704857943302
4031,af4ec_00016,15,0.9291564291564292,ratio_confidence,2,209.00704857943302
4032,af4ec_00016,16,0.8560606060606061,ratio_confidence,2,209.00704857943302
4033,af4ec_00016,17,0.8749618861719122,ratio_confidence,2,209.00704857943302
4034,af4ec_00016,18,0.8541445357723149,ratio_confidence,2,209.00704857943302
4035,af4ec_00016,19,0.7024150697535185,ratio_confidence,2,209.00704857943302
4036,af4ec_00016,20,0.5475343791496928,ratio_confidence,2,209.00704857943302
4037,af4ec_00016,21,0.55634834983739,ratio_confidence,2,209.00704857943302
4038,af4ec_00016,22,0.5682481497660696,ratio_confidence,2,209.00704857943302
4039,af4ec_00016,23,0.5896303285015867,ratio_confidence,2,209.00704857943302
4040,af4ec_00016,24,0.5336749914107143,ratio_confidence,2,209.00704857943302
4041,af4ec_00016,25,0.5861272914318618,ratio_confidence,2,209.00704857943302
4042,af4ec_00016,26,0.9174107142857143,ratio_confidence,2,209.00704857943302
4043,af4ec_00016,27,0.5989504686500973,ratio_confidence,2,209.00704857943302
4044,af4ec_00016,28,0.9027105077654228,ratio_confidence,2,209.00704857943302
4045,af4ec_00016,29,0.7572577821484274,ratio_confidence,2,209.00704857943302
4046,af4ec_00016,30,0.8387262417322616,ratio_confidence,2,209.00704857943302
4047,af4ec_00016,31,0.8960612848568392,ratio_confidence,2,209.00704857943302
4048,af4ec_00016,32,0.9212358572671888,ratio_confidence,2,209.00704857943302
4049,af4ec_00016,33,0.8506880055900454,ratio_confidence,2,209.00704857943302
4050,af4ec_00016,34,0.8708855935464855,ratio_confidence,2,209.00704857943302
4051,af4ec_00016,35,0.8640322725359062,ratio_confidence,2,209.00704857943302
4052,af4ec_00016,36,0.7956727219022302,ratio_confidence,2,209.00704857943302
4053,af4ec_00016,37,0.888016693163752,ratio_confidence,2,209.00704857943302
4054,af4ec_00016,38,0.8570053562623691,ratio_confidence,2,209.00704857943302
4055,af4ec_00016,39,0.8692201219775941,ratio_confidence,2,209.00704857943302
4056,af4ec_00016,40,0.8150335184702477,ratio_confidence,2,209.00704857943302
4057,af4ec_00016,41,0.8013238929953794,ratio_confidence,2,209.00704857943302
4058,af4ec_00016,42,0.8500870357269508,ratio_confidence,2,209.00704857943302
4059,af4ec_00016,43,0.8466630021529018,ratio_confidence,2,209.00704857943302
4060,af4ec_00016,44,0.8610787252942482,ratio_confidence,2,209.00704857943302
4061,af4ec_00016,45,0.802379812518339,ratio_confidence,2,209.00704857943302
4062,af4ec_00016,46,0.8422459893048129,ratio_confidence,2,209.00704857943302
4063,af4ec_00016,47,0.9137401650355018,ratio_confidence,2,209.00704857943302
4064,af4ec_00016,48,0.8007210886612544,ratio_confidence,2,209.00704857943302
4065,af4ec_00016,49,0.8250908696041358,ratio_confidence,2,209.00704857943302
4066,af4ec_00016,50,0.7327344034729546,ratio_confidence,2,209.00704857943302
4067,af4ec_00016,51,0.7378303365275335,ratio_confidence,2,209.00704857943302
4068,af4ec_00016,52,0.6627782013374482,ratio_confidence,2,209.00704857943302
4069,af4ec_00016,53,0.7252811236854293,ratio_confidence,2,209.00704857943302
4070,af4ec_00016,54,0.7382054580497555,ratio_confidence,2,209.00704857943302
4071,af4ec_00016,55,0.8517312061910665,ratio_confidence,2,209.00704857943302
4072,af4ec_00016,56,0.6913064981060432,ratio_confidence,2,209.00704857943302
4073,af4ec_00016,57,0.8169432745338383,ratio_confidence,2,209.00704857943302
4074,af4ec_00016,58,0.738411110949125,ratio_confidence,2,209.00704857943302
4075,af4ec_00016,59,0.6850855082357472,ratio_confidence,2,209.00704857943302
4076,af4ec_00016,60,0.7942152836398471,ratio_confidence,2,209.00704857943302
4077,af4ec_00016,61,0.8393389458018705,ratio_confidence,2,209.00704857943302
4078,af4ec_00016,62,0.8179850452577726,ratio_confidence,2,209.00704857943302
4079,af4ec_00016,63,0.8136874323466836,ratio_confidence,2,209.00704857943302
4080,af4ec_00016,64,0.8470775179306665,ratio_confidence,2,209.00704857943302
4081,af4ec_00016,65,0.8144213883661571,ratio_confidence,2,209.00704857943302
4082,af4ec_00016,66,0.8052008197923696,ratio_confidence,2,209.00704857943302
4083,af4ec_00016,67,0.793371418061033,ratio_confidence,2,209.00704857943302
4084,af4ec_00016,68,0.8104419961747982,ratio_confidence,2,209.00704857943302
4085,af4ec_00016,69,0.8382119192823683,ratio_confidence,2,209.00704857943302
4086,af4ec_00016,70,0.8131944444444444,ratio_confidence,2,209.00704857943302
4087,af4ec_00016,71,0.8125804516844581,ratio_confidence,2,209.00704857943302
4088,af4ec_00016,72,0.8217649899317978,ratio_confidence,2,209.00704857943302
4089,af4ec_00016,73,0.7844085753920094,ratio_confidence,2,209.00704857943302
4090,af4ec_00016,74,0.7768115495905928,ratio_confidence,2,209.00704857943302
4091,af4ec_00016,75,0.7902803490970012,ratio_confidence,2,209.00704857943302
4092,af4ec_00016,76,0.7419013786686965,ratio_confidence,2,209.00704857943302
4093,af4ec_00016,77,0.7693298262918515,ratio_confidence,2,209.00704857943302
4094,af4ec_00016,78,0.7748160094054677,ratio_confidence,2,209.00704857943302
4095,af4ec_00016,79,0.8147222222222221,ratio_confidence,2,209.00704857943302
4096,af4ec_00016,80,0.8060251012562053,ratio_confidence,2,209.00704857943302
4097,af4ec_00016,81,0.7966426896591878,ratio_confidence,2,209.00704857943302
4098,af4ec_00016,82,0.75977792509115,ratio_confidence,2,209.00704857943302
4099,af4ec_00016,83,0.8075214460784313,ratio_confidence,2,209.00704857943302
4100,af4ec_00016,84,0.8329215666162736,ratio_confidence,2,209.00704857943302
4101,af4ec_00016,85,0.8122690317812269,ratio_confidence,2,209.00704857943302
4102,af4ec_00016,86,0.8178658782343501,ratio_confidence,2,209.00704857943302
4103,af4ec_00016,87,0.7370430123015759,ratio_confidence,2,209.00704857943302
4104,af4ec_00016,88,0.7831458438076084,ratio_confidence,2,209.00704857943302
4105,af4ec_00016,89,0.8415244530721617,ratio_confidence,2,209.00704857943302
4106,af4ec_00016,90,0.830407386288367,ratio_confidence,2,209.00704857943302
4107,af4ec_00016,91,0.8036371752814603,ratio_confidence,2,209.00704857943302
4108,af4ec_00016,92,0.810138888888889,ratio_confidence,2,209.00704857943302
4109,af4ec_00016,93,0.8266482838628129,ratio_confidence,2,209.00704857943302
4110,af4ec_00016,94,0.7423371647509578,ratio_confidence,2,209.00704857943302
4111,af4ec_00016,95,0.7945200815570354,ratio_confidence,2,209.00704857943302
4112,af4ec_00016,96,0.7718658785220822,ratio_confidence,2,209.00704857943302
4113,af4ec_00016,97,0.8189581103691533,ratio_confidence,2,209.00704857943302
4114,af4ec_00016,98,0.7671378587608955,ratio_confidence,2,209.00704857943302
4115,af4ec_00016,99,0.7807613037565868,ratio_confidence,2,209.00704857943302
4116,af4ec_00016,100,0.8454248527737913,ratio_confidence,2,209.00704857943302
4117,af4ec_00016,101,0.7972728879388922,ratio_confidence,2,209.00704857943302
4118,af4ec_00016,102,0.8169432745338383,ratio_confidence,2,209.00704857943302
4119,af4ec_00016,103,0.8732543715737666,ratio_confidence,2,209.00704857943302
4120,af4ec_00016,104,0.7878831694621169,ratio_confidence,2,209.00704857943302
4121,af4ec_00016,105,0.8019535909901359,ratio_confidence,2,209.00704857943302
4122,af4ec_00016,106,0.8560429178970927,ratio_confidence,2,209.00704857943302
4123,af4ec_00016,107,0.8812015853601481,ratio_confidence,2,209.00704857943302
4124,af4ec_00016,108,0.8778518040644857,ratio_confidence,2,209.00704857943302
4125,af4ec_00016,109,0.8787657084571955,ratio_confidence,2,209.00704857943302
4126,af4ec_00016,110,0.857542840301461,ratio_confidence,2,209.00704857943302
4127,af4ec_00016,111,0.836863328784125,ratio_confidence,2,209.00704857943302
4128,af4ec_00016,112,0.8297756214166782,ratio_confidence,2,209.00704857943302
4129,af4ec_00016,113,0.8509173537832131,ratio_confidence,2,209.00704857943302
4130,af4ec_00016,114,0.8766569298094888,ratio_confidence,2,209.00704857943302
4131,af4ec_00016,115,0.8688387551303206,ratio_confidence,2,209.00704857943302
4132,af4ec_00016,116,0.8563461173343458,ratio_confidence,2,209.00704857943302
4133,af4ec_00016,117,0.8945000785392019,ratio_confidence,2,209.00704857943302
4134,af4ec_00016,118,0.8412664683382916,ratio_confidence,2,209.00704857943302
4135,af4ec_00016,119,0.8586215997756552,ratio_confidence,2,209.00704857943302
4136,af4ec_00016,120,0.8351963174029186,ratio_confidence,2,209.00704857943302
4137,af4ec_00016,121,0.8464019935823035,ratio_confidence,2,209.00704857943302
4138,af4ec_00016,122,0.8536728196499563,ratio_confidence,2,209.00704857943302
4139,af4ec_00016,123,0.8645042244161762,ratio_confidence,2,209.00704857943302
4140,af4ec_00016,124,0.8833997932358588,ratio_confidence,2,209.00704857943302
4141,af4ec_00016,125,0.8666309195934583,ratio_confidence,2,209.00704857943302
4142,af4ec_00016,126,0.8845948318638116,ratio_confidence,2,209.00704857943302
4143,af4ec_00016,127,0.840134066426477,ratio_confidence,2,209.00704857943302
4144,af4ec_00016,128,0.8580306819454294,ratio_confidence,2,209.00704857943302
4145,af4ec_00016,129,0.8415977961432507,ratio_confidence,2,209.00704857943302
4146,af4ec_00016,130,0.8612409815834441,ratio_confidence,2,209.00704857943302
4147,af4ec_00016,131,0.8764757859889034,ratio_confidence,2,209.00704857943302
4148,af4ec_00016,132,0.8716578517633868,ratio_confidence,2,209.00704857943302
4149,af4ec_00016,133,0.8828250300721732,ratio_confidence,2,209.00704857943302
4150,af4ec_00016,134,0.853607305936073,ratio_confidence,2,209.00704857943302
4151,af4ec_00016,135,0.8902475845410628,ratio_confidence,2,209.00704857943302
4152,af4ec_00016,136,0.8957698087559471,ratio_confidence,2,209.00704857943302
4153,af4ec_00016,137,0.8805146583864147,ratio_confidence,2,209.00704857943302
4154,af4ec_00016,138,0.885950505766862,ratio_confidence,2,209.00704857943302
4155,af4ec_00016,139,0.8827262887932048,ratio_confidence,2,209.00704857943302
4156,af4ec_00016,140,0.8630968415021572,ratio_confidence,2,209.00704857943302
4157,af4ec_00016,141,0.8928819612973209,ratio_confidence,2,209.00704857943302
4158,af4ec_00016,142,0.8856370656370656,ratio_confidence,2,209.00704857943302
4159,af4ec_00016,143,0.8996328931538378,ratio_confidence,2,209.00704857943302
4160,af4ec_00016,144,0.8873898707445182,ratio_confidence,2,209.00704857943302
4161,af4ec_00016,145,0.8980209717914636,ratio_confidence,2,209.00704857943302
4162,af4ec_00016,146,0.8923380142892339,ratio_confidence,2,209.00704857943302
4163,af4ec_00016,147,0.8895057683405576,ratio_confidence,2,209.00704857943302
4164,af4ec_00016,148,0.8847975319214609,ratio_confidence,2,209.00704857943302
4165,af4ec_00016,149,0.900926640926641,ratio_confidence,2,209.00704857943302
4166,af4ec_00016,150,0.8996455471865308,ratio_confidence,2,209.00704857943302
4167,af4ec_00016,151,0.8912666281087334,ratio_confidence,2,209.00704857943302
4168,af4ec_00016,152,0.8848987108655617,ratio_confidence,2,209.00704857943302
4169,af4ec_00016,153,0.8921805793144759,ratio_confidence,2,209.00704857943302
4170,af4ec_00016,154,0.8775064505792873,ratio_confidence,2,209.00704857943302
4171,af4ec_00016,155,0.8892865507766308,ratio_confidence,2,209.00704857943302
4172,af4ec_00016,156,0.9018194447829584,ratio_confidence,2,209.00704857943302
4173,af4ec_00016,157,0.8989023787675584,ratio_confidence,2,209.00704857943302
4174,af4ec_00016,158,0.9060136237633372,ratio_confidence,2,209.00704857943302
4175,af4ec_00016,159,0.8091992377799047,ratio_confidence,2,209.00704857943302
4176,af4ec_00016,160,0.9050410958904109,ratio_confidence,2,209.00704857943302
4177,af4ec_00016,161,0.8944655192107683,ratio_confidence,2,209.00704857943302
4178,af4ec_00016,162,0.8952294685990339,ratio_confidence,2,209.00704857943302
4179,af4ec_00016,163,0.8899638739050824,ratio_confidence,2,209.00704857943302
4180,af4ec_00016,164,0.9200343889685079,ratio_confidence,2,209.00704857943302
4181,af4ec_00016,165,0.806351375744604,ratio_confidence,2,209.00704857943302
4182,af4ec_00016,166,0.9172702172782201,ratio_confidence,2,209.00704857943302
4183,af4ec_00016,167,0.9256618780653032,ratio_confidence,2,209.00704857943302
4184,af4ec_00016,168,0.9119318181818181,ratio_confidence,2,209.00704857943302
4185,af4ec_00016,169,0.9097866330775983,ratio_confidence,2,209.00704857943302
4186,af4ec_00016,170,0.8751940752281567,ratio_confidence,2,209.00704857943302
4187,af4ec_00016,171,0.9454982509306545,ratio_confidence,2,209.00704857943302
4188,af4ec_00016,172,0.9020315169925954,ratio_confidence,2,209.00704857943302
4189,af4ec_00016,173,0.8692433365250931,ratio_confidence,2,209.00704857943302
4190,af4ec_00016,174,0.9206959036816337,ratio_confidence,2,209.00704857943302
4191,af4ec_00016,175,0.9312037082859075,ratio_confidence,2,209.00704857943302
4192,af4ec_00016,176,0.9352549079428474,ratio_confidence,2,209.00704857943302
4193,af4ec_00016,177,0.906008897046198,ratio_confidence,2,209.00704857943302
4194,af4ec_00016,178,0.9420345794061316,ratio_confidence,2,209.00704857943302
4195,af4ec_00016,179,0.9427054974685234,ratio_confidence,2,209.00704857943302
4196,af4ec_00016,180,0.8908575215222991,ratio_confidence,2,209.00704857943302
4197,af4ec_00016,181,0.9262549281602085,ratio_confidence,2,209.00704857943302
4198,af4ec_00016,182,0.90909626624723,ratio_confidence,2,209.00704857943302
4199,af4ec_00016,183,0.9098096112497218,ratio_confidence,2,209.00704857943302
4200,af4ec_00016,184,0.9234601449275363,ratio_confidence,2,209.00704857943302
4201,af4ec_00016,185,0.8960201302393993,ratio_confidence,2,209.00704857943302
4202,af4ec_00016,186,0.9321366862055611,ratio_confidence,2,209.00704857943302
4203,af4ec_00016,187,0.9308955184964209,ratio_confidence,2,209.00704857943302
4204,af4ec_00016,188,0.9269541056326014,ratio_confidence,2,209.00704857943302
4205,af4ec_00016,189,0.9258340989369486,ratio_confidence,2,209.00704857943302
4206,af4ec_00016,190,0.930102657004831,ratio_confidence,2,209.00704857943302
4207,af4ec_00016,191,0.8821441219623253,ratio_confidence,2,209.00704857943302
4208,af4ec_00016,192,0.916756446168211,ratio_confidence,2,209.00704857943302
4209,af4ec_00016,193,0.9174988724953289,ratio_confidence,2,209.00704857943302
4210,af4ec_00016,194,0.894452354585245,ratio_confidence,2,209.00704857943302
4211,af4ec_00016,195,0.8837747396029605,ratio_confidence,2,209.00704857943302
4212,af4ec_00016,196,0.8973650658733532,ratio_confidence,2,209.00704857943302
4213,af4ec_00016,197,0.9150844883235238,ratio_confidence,2,209.00704857943302
4214,af4ec_00016,198,0.9154881526969283,ratio_confidence,2,209.00704857943302
4215,af4ec_00016,199,0.8982683982683983,ratio_confidence,2,209.00704857943302
4216,af4ec_00016,200,0.892493140621742,ratio_confidence,2,209.00704857943302
4217,af4ec_00016,201,0.9211571875105924,ratio_confidence,2,209.00704857943302
4218,af4ec_00016,202,0.9139449583645365,ratio_confidence,2,209.00704857943302
4219,af4ec_00016,203,0.9278937381404175,ratio_confidence,2,209.00704857943302
4220,af4ec_00016,204,0.9310658079390537,ratio_confidence,2,209.00704857943302
4221,af4ec_00016,205,0.900539724188869,ratio_confidence,2,209.00704857943302
4222,af4ec_00016,206,0.8903974813065723,ratio_confidence,2,209.00704857943302
4223,af4ec_00016,207,0.8930909350169002,ratio_confidence,2,209.00704857943302
4224,af4ec_00016,208,0.8975879058935538,ratio_confidence,2,209.00704857943302
4225,af4ec_00016,209,0.9013916629083178,ratio_confidence,2,209.00704857943302
4226,af4ec_00016,210,0.9126667096192256,ratio_confidence,2,209.00704857943302
4227,af4ec_00016,211,0.9111877156302017,ratio_confidence,2,209.00704857943302
4228,af4ec_00016,212,0.8775064505792873,ratio_confidence,2,209.00704857943302
4229,af4ec_00016,213,0.9077205904261342,ratio_confidence,2,209.00704857943302
4230,af4ec_00016,214,0.9044430937185286,ratio_confidence,2,209.00704857943302
4231,af4ec_00016,215,0.9014167650531286,ratio_confidence,2,209.00704857943302
4232,af4ec_00016,216,0.8996600479915271,ratio_confidence,2,209.00704857943302
4233,af4ec_00016,217,0.9071717755928282,ratio_confidence,2,209.00704857943302
4234,af4ec_00016,218,0.8717158318385312,ratio_confidence,2,209.00704857943302
4235,af4ec_00016,219,0.923242595405354,ratio_confidence,2,209.00704857943302
4236,af4ec_00016,220,0.9273855706717676,ratio_confidence,2,209.00704857943302
4237,af4ec_00016,221,0.9063213283849947,ratio_confidence,2,209.00704857943302
4238,af4ec_00016,222,0.901362425501174,ratio_confidence,2,209.00704857943302
4239,af4ec_00016,223,0.904724626284105,ratio_confidence,2,209.00704857943302
4240,af4ec_00016,224,0.9202999981084609,ratio_confidence,2,209.00704857943302
4241,af4ec_00016,225,0.9116978867809433,ratio_confidence,2,209.00704857943302
4242,af4ec_00016,226,0.8944684557542614,ratio_confidence,2,209.00704857943302
4243,af4ec_00016,227,0.9169746242916974,ratio_confidence,2,209.00704857943302
4244,af4ec_00016,228,0.9235010643545268,ratio_confidence,2,209.00704857943302
4245,af4ec_00016,229,0.9009223561080644,ratio_confidence,2,209.00704857943302
4246,af4ec_00016,230,0.9300109615816374,ratio_confidence,2,209.00704857943302
4247,af4ec_00016,231,0.9054684583799926,ratio_confidence,2,209.00704857943302
4248,af4ec_00016,232,0.9065672289789832,ratio_confidence,2,209.00704857943302
4249,af4ec_00016,233,0.8766983713630903,ratio_confidence,2,209.00704857943302
4250,af4ec_00016,234,0.8914364153564577,ratio_confidence,2,209.00704857943302
4251,af4ec_00016,235,0.8870955526342839,ratio_confidence,2,209.00704857943302
4252,af4ec_00016,236,0.9211045407058696,ratio_confidence,2,209.00704857943302
4253,af4ec_00016,237,0.9151243493348756,ratio_confidence,2,209.00704857943302
4254,af4ec_00016,238,0.8890520063447065,ratio_confidence,2,209.00704857943302
4255,af4ec_00016,239,0.9011360847154528,ratio_confidence,2,209.00704857943302
4256,af4ec_00016,240,0.8781441614749006,ratio_confidence,2,209.00704857943302
4257,af4ec_00016,241,0.9144220827073253,ratio_confidence,2,209.00704857943302
4258,af4ec_00016,242,0.921264154277977,ratio_confidence,2,209.00704857943302
4259,af4ec_00016,243,0.9211928889512255,ratio_confidence,2,209.00704857943302
4260,af4ec_00016,244,0.92621718979442,ratio_confidence,2,209.00704857943302
4261,af4ec_00016,245,0.9238560702649101,ratio_confidence,2,209.00704857943302
4262,af4ec_00016,246,0.9222769364356673,ratio_confidence,2,209.00704857943302
4263,af4ec_00016,247,0.9310294968189705,ratio_confidence,2,209.00704857943302
4264,af4ec_00016,248,0.8854009552538964,ratio_confidence,2,209.00704857943302
4265,af4ec_00016,249,0.8430729491931281,ratio_confidence,2,209.00704857943302
4266,af4ec_00016,250,0.873751732107521,ratio_confidence,2,209.00704857943302
4267,af4ec_00017,0,0.5457804939931185,ratio_confidence,3,212.21245726434444
4268,af4ec_00017,1,0.3883311021865239,ratio_confidence,3,212.21245726434444
4269,af4ec_00017,2,0.37330805609915196,ratio_confidence,3,212.21245726434444
4270,af4ec_00017,3,0.5504921646272912,ratio_confidence,3,212.21245726434444
4271,af4ec_00017,4,0.5388467404174211,ratio_confidence,3,212.21245726434444
4272,af4ec_00017,5,0.5133536560691693,ratio_confidence,3,212.21245726434444
4273,af4ec_00017,6,0.5304931095599142,ratio_confidence,3,212.21245726434444
4274,af4ec_00017,7,0.9151370867105246,ratio_confidence,3,212.21245726434444
4275,af4ec_00017,8,0.7887330545387199,ratio_confidence,3,212.21245726434444
4276,af4ec_00017,9,0.9292682926829268,ratio_confidence,3,212.21245726434444
4277,af4ec_00017,10,0.866917745683931,ratio_confidence,3,212.21245726434444
4278,af4ec_00017,11,0.9051775570024123,ratio_confidence,3,212.21245726434444
4279,af4ec_00017,12,0.9051775570024123,ratio_confidence,3,212.21245726434444
4280,af4ec_00017,13,0.9121301926627333,ratio_confidence,3,212.21245726434444
4281,af4ec_00017,14,0.9108507483124004,ratio_confidence,3,212.21245726434444
4282,af4ec_00017,15,0.9121301926627333,ratio_confidence,3,212.21245726434444
4283,af4ec_00017,16,0.9121301926627333,ratio_confidence,3,212.21245726434444
4284,af4ec_00017,17,0.9121301926627333,ratio_confidence,3,212.21245726434444
4285,af4ec_00017,18,0.9101781680122294,ratio_confidence,3,212.21245726434444
4286,af4ec_00017,19,0.9101781680122294,ratio_confidence,3,212.21245726434444
4287,af4ec_00017,20,0.8268929174817174,ratio_confidence,3,212.21245726434444
4288,af4ec_00017,21,0.8897756983624604,ratio_confidence,3,212.21245726434444
4289,af4ec_00017,22,0.9044412202576048,ratio_confidence,3,212.21245726434444
4290,af4ec_00017,23,0.9021913616499664,ratio_confidence,3,212.21245726434444
4291,af4ec_00017,24,0.9121301926627333,ratio_confidence,3,212.21245726434444
4292,af4ec_00017,25,0.9204507546352154,ratio_confidence,3,212.21245726434444
4293,af4ec_00017,26,0.8964970014629097,ratio_confidence,3,212.21245726434444
4294,af4ec_00017,27,0.7405428801937848,ratio_confidence,3,212.21245726434444
4295,af4ec_00017,28,0.8949922360248448,ratio_confidence,3,212.21245726434444
4296,af4ec_00017,29,0.8733447286730323,ratio_confidence,3,212.21245726434444
4297,af4ec_00017,30,0.9079976818313532,ratio_confidence,3,212.21245726434444
4298,af4ec_00017,31,0.9137373453318336,ratio_confidence,3,212.21245726434444
4299,af4ec_00017,32,0.924370988672784,ratio_confidence,3,212.21245726434444
4300,af4ec_00017,33,0.9202245141102225,ratio_confidence,3,212.21245726434444
4301,af4ec_00017,34,0.9231225613622431,ratio_confidence,3,212.21245726434444
4302,af4ec_00017,35,0.9072403491301037,ratio_confidence,3,212.21245726434444
4303,af4ec_00017,36,0.9199004781334295,ratio_confidence,3,212.21245726434444
4304,af4ec_00017,37,0.9242286751361162,ratio_confidence,3,212.21245726434444
4305,af4ec_00017,38,0.927627437969271,ratio_confidence,3,212.21245726434444
4306,af4ec_00017,39,0.9239167081592691,ratio_confidence,3,212.21245726434444
4307,af4ec_00017,40,0.9172843711820604,ratio_confidence,3,212.21245726434444
4308,af4ec_00017,41,0.8172014090128235,ratio_confidence,3,212.21245726434444
4309,af4ec_00017,42,0.7925386658722474,ratio_confidence,3,212.21245726434444
4310,af4ec_00017,43,0.9280969063987308,ratio_confidence,3,212.21245726434444
4311,af4ec_00017,44,0.8599876871898171,ratio_confidence,3,212.21245726434444
4312,af4ec_00017,45,0.9378308106602284,ratio_confidence,3,212.21245726434444
4313,af4ec_00017,46,0.9391872982704901,ratio_confidence,3,212.21245726434444
4314,af4ec_00017,47,0.9230769230769231,ratio_confidence,3,212.21245726434444
4315,af4ec_00017,48,0.856573619367623,ratio_confidence,3,212.21245726434444
4316,af4ec_00017,49,0.9207141421585048,ratio_confidence,3,212.21245726434444
4317,af4ec_00017,50,0.6437998293053561,ratio_confidence,3,212.21245726434444
4318,af4ec_00017,51,0.8600164690611938,ratio_confidence,3,212.21245726434444
4319,af4ec_00017,52,0.844880108297009,ratio_confidence,3,212.21245726434444
4320,af4ec_00017,53,0.8863392026964203,ratio_confidence,3,212.21245726434444
4321,af4ec_00017,54,0.84375,ratio_confidence,3,212.21245726434444
4322,af4ec_00017,55,0.8369302383296515,ratio_confidence,3,212.21245726434444
4323,af4ec_00017,56,0.8264017347225061,ratio_confidence,3,212.21245726434444
4324,af4ec_00017,57,0.8520031463968393,ratio_confidence,3,212.21245726434444
4325,af4ec_00017,58,0.8525943733722561,ratio_confidence,3,212.21245726434444
4326,af4ec_00017,59,0.7664731256551331,ratio_confidence,3,212.21245726434444
4327,af4ec_00017,60,0.7733940489432702,ratio_confidence,3,212.21245726434444
4328,af4ec_00017,61,0.8391442470251065,ratio_confidence,3,212.21245726434444
4329,af4ec_00017,62,0.7435882951078974,ratio_confidence,3,212.21245726434444
4330,af4ec_00017,63,0.7486687983675484,ratio_confidence,3,212.21245726434444
4331,af4ec_00017,64,0.8257588199086999,ratio_confidence,3,212.21245726434444
4332,af4ec_00017,65,0.7851259689922481,ratio_confidence,3,212.21245726434444
4333,af4ec_00017,66,0.8187752265962288,ratio_confidence,3,212.21245726434444
4334,af4ec_00017,67,0.7914930638698657,ratio_confidence,3,212.21245726434444
4335,af4ec_00017,68,0.7980985259466272,ratio_confidence,3,212.21245726434444
4336,af4ec_00017,69,0.6926961926961926,ratio_confidence,3,212.21245726434444
4337,af4ec_00017,70,0.7842857673713876,ratio_confidence,3,212.21245726434444
4338,af4ec_00017,71,0.7954444459406687,ratio_confidence,3,212.21245726434444
4339,af4ec_00017,72,0.8049567154541813,ratio_confidence,3,212.21245726434444
4340,af4ec_00017,73,0.805995078400837,ratio_confidence,3,212.21245726434444
4341,af4ec_00017,74,0.803275848010437,ratio_confidence,3,212.21245726434444
4342,af4ec_00017,75,0.8557820115197164,ratio_confidence,3,212.21245726434444
4343,af4ec_00017,76,0.8662743506493507,ratio_confidence,3,212.21245726434444
4344,af4ec_00017,77,0.8600797628291099,ratio_confidence,3,212.21245726434444
4345,af4ec_00017,78,0.81837487064505,ratio_confidence,3,212.21245726434444
4346,af4ec_00017,79,0.8243982404402195,ratio_confidence,3,212.21245726434444
4347,af4ec_00017,80,0.818691464798811,ratio_confidence,3,212.21245726434444
4348,af4ec_00017,81,0.84271575799815,ratio_confidence,3,212.21245726434444
4349,af4ec_00017,82,0.8382039620237899,ratio_confidence,3,212.21245726434444
4350,af4ec_00017,83,0.8663285904545055,ratio_confidence,3,212.21245726434444
4351,af4ec_00017,84,0.8541574361246493,ratio_confidence,3,212.21245726434444
4352,af4ec_00017,85,0.861835636519656,ratio_confidence,3,212.21245726434444
4353,af4ec_00017,86,0.8525394270250093,ratio_confidence,3,212.21245726434444
4354,af4ec_00017,87,0.8645042244161762,ratio_confidence,3,212.21245726434444
4355,af4ec_00017,88,0.8503643980430364,ratio_confidence,3,212.21245726434444
4356,af4ec_00017,89,0.8729833196609242,ratio_confidence,3,212.21245726434444
4357,af4ec_00017,90,0.8383270264199194,ratio_confidence,3,212.21245726434444
4358,af4ec_00017,91,0.8324949563068431,ratio_confidence,3,212.21245726434444
4359,af4ec_00017,92,0.8589180907619558,ratio_confidence,3,212.21245726434444
4360,af4ec_00017,93,0.825091308612464,ratio_confidence,3,212.21245726434444
4361,af4ec_00017,94,0.8429159667786488,ratio_confidence,3,212.21245726434444
4362,af4ec_00017,95,0.7688096245124301,ratio_confidence,3,212.21245726434444
4363,af4ec_00017,96,0.7896215923777463,ratio_confidence,3,212.21245726434444
4364,af4ec_00017,97,0.8450749413259107,ratio_confidence,3,212.21245726434444
4365,af4ec_00017,98,0.8552806431044448,ratio_confidence,3,212.21245726434444
4366,af4ec_00017,99,0.8705495100242461,ratio_confidence,3,212.21245726434444
4367,af4ec_00017,100,0.8579021970233877,ratio_confidence,3,212.21245726434444
4368,af4ec_00017,101,0.8642278773857721,ratio_confidence,3,212.21245726434444
4369,af4ec_00017,102,0.8313840155945419,ratio_confidence,3,212.21245726434444
4370,af4ec_00017,103,0.8685785274356104,ratio_confidence,3,212.21245726434444
4371,af4ec_00017,104,0.8448373955986437,ratio_confidence,3,212.21245726434444
4372,af4ec_00017,105,0.8411061969113045,ratio_confidence,3,212.21245726434444
4373,af4ec_00017,106,0.8260617576942508,ratio_confidence,3,212.21245726434444
4374,af4ec_00017,107,0.8460390818290757,ratio_confidence,3,212.21245726434444
4375,af4ec_00017,108,0.8506859808688575,ratio_confidence,3,212.21245726434444
4376,af4ec_00017,109,0.8600365296803654,ratio_confidence,3,212.21245726434444
4377,af4ec_00017,110,0.8309906008095862,ratio_confidence,3,212.21245726434444
4378,af4ec_00017,111,0.8364801115925553,ratio_confidence,3,212.21245726434444
4379,af4ec_00017,112,0.8471369963883726,ratio_confidence,3,212.21245726434444
4380,af4ec_00017,113,0.8536901875772307,ratio_confidence,3,212.21245726434444
4381,af4ec_00017,114,0.8474190849606131,ratio_confidence,3,212.21245726434444
4382,af4ec_00017,115,0.8153150777409759,ratio_confidence,3,212.21245726434444
4383,af4ec_00017,116,0.8070141340009018,ratio_confidence,3,212.21245726434444
4384,af4ec_00017,117,0.8380019583340095,ratio_confidence,3,212.21245726434444
4385,af4ec_00017,118,0.8514818604484176,ratio_confidence,3,212.21245726434444
4386,af4ec_00017,119,0.818656514593605,ratio_confidence,3,212.21245726434444
4387,af4ec_00017,120,0.8501444825717898,ratio_confidence,3,212.21245726434444
4388,af4ec_00017,121,0.81616432473266,ratio_confidence,3,212.21245726434444
4389,af4ec_00017,122,0.8212673435645463,ratio_confidence,3,212.21245726434444
4390,af4ec_00017,123,0.8218558517305476,ratio_confidence,3,212.21245726434444
4391,af4ec_00017,124,0.8429237689915985,ratio_confidence,3,212.21245726434444
4392,af4ec_00017,125,0.8260617576942508,ratio_confidence,3,212.21245726434444
4393,af4ec_00017,126,0.8383668903803132,ratio_confidence,3,212.21245726434444
4394,af4ec_00017,127,0.8549099548798376,ratio_confidence,3,212.21245726434444
4395,af4ec_00017,128,0.853376203994445,ratio_confidence,3,212.21245726434444
4396,af4ec_00017,129,0.8357053817428104,ratio_confidence,3,212.21245726434444
4397,af4ec_00017,130,0.8520198901850096,ratio_confidence,3,212.21245726434444
4398,af4ec_00017,131,0.8475980163096728,ratio_confidence,3,212.21245726434444
4399,af4ec_00017,132,0.8432347731298542,ratio_confidence,3,212.21245726434444
4400,af4ec_00017,133,0.8403094251340437,ratio_confidence,3,212.21245726434444
4401,af4ec_00017,134,0.729606964112052,ratio_confidence,3,212.21245726434444
4402,af4ec_00017,135,0.843198062496308,ratio_confidence,3,212.21245726434444
4403,af4ec_00017,136,0.8212096876193423,ratio_confidence,3,212.21245726434444
4404,af4ec_00017,137,0.8340021401819155,ratio_confidence,3,212.21245726434444
4405,af4ec_00017,138,0.8500418958159328,ratio_confidence,3,212.21245726434444
4406,af4ec_00017,139,0.8264456215670831,ratio_confidence,3,212.21245726434444
4407,af4ec_00017,140,0.8250299857406864,ratio_confidence,3,212.21245726434444
4408,af4ec_00017,141,0.8432205408323674,ratio_confidence,3,212.21245726434444
4409,af4ec_00017,142,0.8591336200031852,ratio_confidence,3,212.21245726434444
4410,af4ec_00017,143,0.8651393268911862,ratio_confidence,3,212.21245726434444
4411,af4ec_00017,144,0.8534136546184738,ratio_confidence,3,212.21245726434444
4412,af4ec_00017,145,0.8454403817128391,ratio_confidence,3,212.21245726434444
4413,af4ec_00017,146,0.8444858189287601,ratio_confidence,3,212.21245726434444
4414,af4ec_00017,147,0.8523429232647408,ratio_confidence,3,212.21245726434444
4415,af4ec_00017,148,0.8630954120448261,ratio_confidence,3,212.21245726434444
4416,af4ec_00017,149,0.8636111111111111,ratio_confidence,3,212.21245726434444
4417,af4ec_00017,150,0.8595999911795189,ratio_confidence,3,212.21245726434444
4418,af4ec_00017,151,0.8707809805370781,ratio_confidence,3,212.21245726434444
4419,af4ec_00017,152,0.8846176278462112,ratio_confidence,3,212.21245726434444
4420,af4ec_00017,153,0.8572521451041033,ratio_confidence,3,212.21245726434444
4421,af4ec_00017,154,0.8728687791962494,ratio_confidence,3,212.21245726434444
4422,af4ec_00017,155,0.8746556473829201,ratio_confidence,3,212.21245726434444
4423,af4ec_00017,156,0.8744844970939563,ratio_confidence,3,212.21245726434444
4424,af4ec_00017,157,0.8646395386803469,ratio_confidence,3,212.21245726434444
4425,af4ec_00017,158,0.8606438538972272,ratio_confidence,3,212.21245726434444
4426,af4ec_00017,159,0.864179014485763,ratio_confidence,3,212.21245726434444
4427,af4ec_00017,160,0.879805897723031,ratio_confidence,3,212.21245726434444
4428,af4ec_00017,161,0.8590277777777777,ratio_confidence,3,212.21245726434444
4429,af4ec_00017,162,0.8804721916299559,ratio_confidence,3,212.21245726434444
4430,af4ec_00017,163,0.8309659090909091,ratio_confidence,3,212.21245726434444
4431,af4ec_00017,164,0.8881812519686274,ratio_confidence,3,212.21245726434444
4432,af4ec_00017,165,0.878665533361666,ratio_confidence,3,212.21245726434444
4433,af4ec_00017,166,0.8542600835873186,ratio_confidence,3,212.21245726434444
4434,af4ec_00017,167,0.8537266657582777,ratio_confidence,3,212.21245726434444
4435,af4ec_00017,168,0.8728183226668119,ratio_confidence,3,212.21245726434444
4436,af4ec_00017,169,0.8656640719751263,ratio_confidence,3,212.21245726434444
4437,af4ec_00017,170,0.8837879253548502,ratio_confidence,3,212.21245726434444
4438,af4ec_00017,171,0.8878944290289994,ratio_confidence,3,212.21245726434444
4439,af4ec_00017,172,0.8804721916299559,ratio_confidence,3,212.21245726434444
4440,af4ec_00017,173,0.8866134763144731,ratio_confidence,3,212.21245726434444
4441,af4ec_00017,174,0.8718222939093236,ratio_confidence,3,212.21245726434444
4442,af4ec_00017,175,0.8809523809523809,ratio_confidence,3,212.21245726434444
4443,af4ec_00017,176,0.8779936182895614,ratio_confidence,3,212.21245726434444
4444,af4ec_00017,177,0.8833404164895877,ratio_confidence,3,212.21245726434444
4445,af4ec_00017,178,0.833246116275729,ratio_confidence,3,212.21245726434444
4446,af4ec_00017,179,0.8497569307581132,ratio_confidence,3,212.21245726434444
4447,af4ec_00017,180,0.8316885964912281,ratio_confidence,3,212.21245726434444
4448,af4ec_00017,181,0.8165662280162342,ratio_confidence,3,212.21245726434444
4449,af4ec_00017,182,0.8288110008194163,ratio_confidence,3,212.21245726434444
4450,af4ec_00017,183,0.8258653280034707,ratio_confidence,3,212.21245726434444
4451,af4ec_00017,184,0.8737198004201681,ratio_confidence,3,212.21245726434444
4452,af4ec_00017,185,0.867701768207283,ratio_confidence,3,212.21245726434444
4453,af4ec_00017,186,0.8327064986953685,ratio_confidence,3,212.21245726434444
4454,af4ec_00017,187,0.8804166666666666,ratio_confidence,3,212.21245726434444
4455,af4ec_00017,188,0.8320156322149768,ratio_confidence,3,212.21245726434444
4456,af4ec_00017,189,0.8694205821172809,ratio_confidence,3,212.21245726434444
4457,af4ec_00017,190,0.8624764506468311,ratio_confidence,3,212.21245726434444
4458,af4ec_00017,191,0.8457179726163727,ratio_confidence,3,212.21245726434444
4459,af4ec_00017,192,0.8642665416493345,ratio_confidence,3,212.21245726434444
4460,af4ec_00017,193,0.8664369118936344,ratio_confidence,3,212.21245726434444
4461,af4ec_00017,194,0.8737405000171945,ratio_confidence,3,212.21245726434444
4462,af4ec_00017,195,0.8682315762038183,ratio_confidence,3,212.21245726434444
4463,af4ec_00017,196,0.8600616273676691,ratio_confidence,3,212.21245726434444
4464,af4ec_00017,197,0.8762762133674391,ratio_confidence,3,212.21245726434444
4465,af4ec_00017,198,0.8542492527228076,ratio_confidence,3,212.21245726434444
4466,af4ec_00017,199,0.8608383112281057,ratio_confidence,3,212.21245726434444
4467,af4ec_00017,200,0.8825174708169036,ratio_confidence,3,212.21245726434444
4468,af4ec_00017,201,0.8637038766229954,ratio_confidence,3,212.21245726434444
4469,af4ec_00017,202,0.8679003180912926,ratio_confidence,3,212.21245726434444
4470,af4ec_00017,203,0.8819444444444444,ratio_confidence,3,212.21245726434444
4471,af4ec_00017,204,0.8804166666666666,ratio_confidence,3,212.21245726434444
4472,af4ec_00017,205,0.8442228142209223,ratio_confidence,3,212.21245726434444
4473,af4ec_00017,206,0.8634296415195292,ratio_confidence,3,212.21245726434444
4474,af4ec_00017,207,0.8618049131462637,ratio_confidence,3,212.21245726434444
4475,af4ec_00017,208,0.8588268179996202,ratio_confidence,3,212.21245726434444
4476,af4ec_00017,209,0.8592316771731479,ratio_confidence,3,212.21245726434444
4477,af4ec_00017,210,0.8615276763390358,ratio_confidence,3,212.21245726434444
4478,af4ec_00017,211,0.8805982315013126,ratio_confidence,3,212.21245726434444
4479,af4ec_00017,212,0.854409078782655,ratio_confidence,3,212.21245726434444
4480,af4ec_00017,213,0.8940570385734865,ratio_confidence,3,212.21245726434444
4481,af4ec_00017,214,0.8877186499137719,ratio_confidence,3,212.21245726434444
4482,af4ec_00017,215,0.8857077737648585,ratio_confidence,3,212.21245726434444
4483,af4ec_00017,216,0.8808242739641448,ratio_confidence,3,212.21245726434444
4484,af4ec_00017,217,0.877361111111111,ratio_confidence,3,212.21245726434444
4485,af4ec_00017,218,0.8904980133646379,ratio_confidence,3,212.21245726434444
4486,af4ec_00017,219,0.8892584380389259,ratio_confidence,3,212.21245726434444
4487,af4ec_00017,220,0.888185936956458,ratio_confidence,3,212.21245726434444
4488,af4ec_00017,221,0.887828063989983,ratio_confidence,3,212.21245726434444
4489,af4ec_00017,222,0.8879363317135949,ratio_confidence,3,212.21245726434444
4490,af4ec_00017,223,0.8925080722268925,ratio_confidence,3,212.21245726434444
4491,af4ec_00017,224,0.8901862252438664,ratio_confidence,3,212.21245726434444
4492,af4ec_00017,225,0.8703728251864126,ratio_confidence,3,212.21245726434444
4493,af4ec_00017,226,0.8823402941630465,ratio_confidence,3,212.21245726434444
4494,af4ec_00017,227,0.8692749670146105,ratio_confidence,3,212.21245726434444
4495,af4ec_00017,228,0.887828063989983,ratio_confidence,3,212.21245726434444
4496,af4ec_00017,229,0.8952388948273013,ratio_confidence,3,212.21245726434444
4497,af4ec_00017,230,0.889804193485175,ratio_confidence,3,212.21245726434444
4498,af4ec_00017,231,0.8867011854476086,ratio_confidence,3,212.21245726434444
4499,af4ec_00017,232,0.8757117967023627,ratio_confidence,3,212.21245726434444
4500,af4ec_00017,233,0.8654522932118441,ratio_confidence,3,212.21245726434444
4501,af4ec_00017,234,0.887828063989983,ratio_confidence,3,212.21245726434444
4502,af4ec_00017,235,0.8690524750176736,ratio_confidence,3,212.21245726434444
4503,af4ec_00017,236,0.894787477900044,ratio_confidence,3,212.21245726434444
4504,af4ec_00017,237,0.8605749223726752,ratio_confidence,3,212.21245726434444
4505,af4ec_00017,238,0.8733307314191683,ratio_confidence,3,212.21245726434444
4506,af4ec_00017,239,0.8756947977125584,ratio_confidence,3,212.21245726434444
4507,af4ec_00017,240,0.889520093135564,ratio_confidence,3,212.21245726434444
4508,af4ec_00017,241,0.878657487091222,ratio_confidence,3,212.21245726434444
4509,af4ec_00017,242,0.7939839535584217,ratio_confidence,3,212.21245726434444
4510,af4ec_00017,243,0.8928189204262824,ratio_confidence,3,212.21245726434444
4511,af4ec_00017,244,0.8882968300146215,ratio_confidence,3,212.21245726434444
4512,af4ec_00017,245,0.8896988690557297,ratio_confidence,3,212.21245726434444
4513,af4ec_00017,246,0.8920331601171008,ratio_confidence,3,212.21245726434444
4514,af4ec_00017,247,0.8954175905395418,ratio_confidence,3,212.21245726434444
4515,af4ec_00017,248,0.8422038980509745,ratio_confidence,3,212.21245726434444
4516,af4ec_00017,249,0.8317587209302326,ratio_confidence,3,212.21245726434444
4517,af4ec_00017,250,0.8889894244019059,ratio_confidence,3,212.21245726434444
4518,af4ec_00018,0,0.5163465384728914,ratio_confidence,4,215.4442074767831
4519,af4ec_00018,1,0.6604166666666667,ratio_confidence,4,215.4442074767831
4520,af4ec_00018,2,0.6025824592472576,ratio_confidence,4,215.4442074767831
4521,af4ec_00018,3,0.650354858494699,ratio_confidence,4,215.4442074767831
4522,af4ec_00018,4,0.9067715737049813,ratio_confidence,4,215.4442074767831
4523,af4ec_00018,5,0.6216600309716884,ratio_confidence,4,215.4442074767831
4524,af4ec_00018,6,0.7886869779908829,ratio_confidence,4,215.4442074767831
4525,af4ec_00018,7,0.9245322594177363,ratio_confidence,4,215.4442074767831
4526,af4ec_00018,8,0.9245322594177363,ratio_confidence,4,215.4442074767831
4527,af4ec_00018,9,0.9245322594177363,ratio_confidence,4,215.4442074767831
4528,af4ec_00018,10,0.9240963855421687,ratio_confidence,4,215.4442074767831
4529,af4ec_00018,11,0.9257377842283503,ratio_confidence,4,215.4442074767831
4530,af4ec_00018,12,0.7102254336360694,ratio_confidence,4,215.4442074767831
4531,af4ec_00018,13,0.9257377842283503,ratio_confidence,4,215.4442074767831
4532,af4ec_00018,14,0.9253262445625906,ratio_confidence,4,215.4442074767831
4533,af4ec_00018,15,0.9219704960194188,ratio_confidence,4,215.4442074767831
4534,af4ec_00018,16,0.9219704960194188,ratio_confidence,4,215.4442074767831
4535,af4ec_00018,17,0.921736489263798,ratio_confidence,4,215.4442074767831
4536,af4ec_00018,18,0.9219704960194188,ratio_confidence,4,215.4442074767831
4537,af4ec_00018,19,0.9219704960194188,ratio_confidence,4,215.4442074767831
4538,af4ec_00018,20,0.9219704960194188,ratio_confidence,4,215.4442074767831
4539,af4ec_00018,21,0.9219704960194188,ratio_confidence,4,215.4442074767831
4540,af4ec_00018,22,0.9219704960194188,ratio_confidence,4,215.4442074767831
4541,af4ec_00018,23,0.9219704960194188,ratio_confidence,4,215.4442074767831
4542,af4ec_00018,24,0.922437870497036,ratio_confidence,4,215.4442074767831
4543,af4ec_00018,25,0.922437870497036,ratio_confidence,4,215.4442074767831
4544,af4ec_00018,26,0.922437870497036,ratio_confidence,4,215.4442074767831
4545,af4ec_00018,27,0.922437870497036,ratio_confidence,4,215.4442074767831
4546,af4ec_00018,28,0.922437870497036,ratio_confidence,4,215.4442074767831
4547,af4ec_00018,29,0.9296178916147047,ratio_confidence,4,215.4442074767831
4548,af4ec_00018,30,0.9243001513186337,ratio_confidence,4,215.4442074767831
4549,af4ec_00018,31,0.9283597883597883,ratio_confidence,4,215.4442074767831
4550,af4ec_00018,32,0.7833770225074572,ratio_confidence,4,215.4442074767831
4551,af4ec_00018,33,0.6726178840598597,ratio_confidence,4,215.4442074767831
4552,af4ec_00018,34,0.732575055888814,ratio_confidence,4,215.4442074767831
4553,af4ec_00018,35,0.7879772812992257,ratio_confidence,4,215.4442074767831
4554,af4ec_00018,36,0.7960889555454934,ratio_confidence,4,215.4442074767831
4555,af4ec_00018,37,0.7135324833853249,ratio_confidence,4,215.4442074767831
4556,af4ec_00018,38,0.7968070754009894,ratio_confidence,4,215.4442074767831
4557,af4ec_00018,39,0.7998255770216534,ratio_confidence,4,215.4442074767831
4558,af4ec_00018,40,0.6301137891622967,ratio_confidence,4,215.4442074767831
4559,af4ec_00018,41,0.6747058823529412,ratio_confidence,4,215.4442074767831
4560,af4ec_00018,42,0.7014148980441115,ratio_confidence,4,215.4442074767831
4561,af4ec_00018,43,0.668235294117647,ratio_confidence,4,215.4442074767831
4562,af4ec_00018,44,0.7113888368803178,ratio_confidence,4,215.4442074767831
4563,af4ec_00018,45,0.6559323750081169,ratio_confidence,4,215.4442074767831
4564,af4ec_00018,46,0.6912433558003178,ratio_confidence,4,215.4442074767831
4565,af4ec_00018,47,0.7345237651393072,ratio_confidence,4,215.4442074767831
4566,af4ec_00018,48,0.6711273083460575,ratio_confidence,4,215.4442074767831
4567,af4ec_00018,49,0.6735700197238659,ratio_confidence,4,215.4442074767831
4568,af4ec_00018,50,0.6735700197238659,ratio_confidence,4,215.4442074767831
4569,af4ec_00018,51,0.6719997766236667,ratio_confidence,4,215.4442074767831
4570,af4ec_00018,52,0.6801179769152669,ratio_confidence,4,215.4442074767831
4571,af4ec_00018,53,0.6951720858409478,ratio_confidence,4,215.4442074767831
4572,af4ec_00018,54,0.7076038640145025,ratio_confidence,4,215.4442074767831
4573,af4ec_00018,55,0.7128914664457333,ratio_confidence,4,215.4442074767831
4574,af4ec_00018,56,0.71482075976458,ratio_confidence,4,215.4442074767831
4575,af4ec_00018,57,0.7175858054501553,ratio_confidence,4,215.4442074767831
4576,af4ec_00018,58,0.7063104425124548,ratio_confidence,4,215.4442074767831
4577,af4ec_00018,59,0.7042376583660988,ratio_confidence,4,215.4442074767831
4578,af4ec_00018,60,0.7422070066920523,ratio_confidence,4,215.4442074767831
4579,af4ec_00018,61,0.720624846593499,ratio_confidence,4,215.4442074767831
4580,af4ec_00018,62,0.7790610439864172,ratio_confidence,4,215.4442074767831
4581,af4ec_00018,63,0.783080931864503,ratio_confidence,4,215.4442074767831
4582,af4ec_00018,64,0.7859610815721891,ratio_confidence,4,215.4442074767831
4583,af4ec_00018,65,0.778725340631568,ratio_confidence,4,215.4442074767831
4584,af4ec_00018,66,0.7608672768843296,ratio_confidence,4,215.4442074767831
4585,af4ec_00018,67,0.7582239382239382,ratio_confidence,4,215.4442074767831
4586,af4ec_00018,68,0.8483016695451928,ratio_confidence,4,215.4442074767831
4587,af4ec_00018,69,0.7731815908034441,ratio_confidence,4,215.4442074767831
4588,af4ec_00018,70,0.7668617748425978,ratio_confidence,4,215.4442074767831
4589,af4ec_00018,71,0.820385081338352,ratio_confidence,4,215.4442074767831
4590,af4ec_00018,72,0.780761422200628,ratio_confidence,4,215.4442074767831
4591,af4ec_00018,73,0.8191061811751467,ratio_confidence,4,215.4442074767831
4592,af4ec_00018,74,0.7775848497476501,ratio_confidence,4,215.4442074767831
4593,af4ec_00018,75,0.8717998596127206,ratio_confidence,4,215.4442074767831
4594,af4ec_00018,76,0.8899728452177411,ratio_confidence,4,215.4442074767831
4595,af4ec_00018,77,0.8614743027416907,ratio_confidence,4,215.4442074767831
4596,af4ec_00018,78,0.8459657416550683,ratio_confidence,4,215.4442074767831
4597,af4ec_00018,79,0.8609321485881254,ratio_confidence,4,215.4442074767831
4598,af4ec_00018,80,0.8117492454888704,ratio_confidence,4,215.4442074767831
4599,af4ec_00018,81,0.8620515046296297,ratio_confidence,4,215.4442074767831
4600,af4ec_00018,82,0.8576308513374485,ratio_confidence,4,215.4442074767831
4601,af4ec_00018,83,0.8643541605553926,ratio_confidence,4,215.4442074767831
4602,af4ec_00018,84,0.842290708781638,ratio_confidence,4,215.4442074767831
4603,af4ec_00018,85,0.8569812320722153,ratio_confidence,4,215.4442074767831
4604,af4ec_00018,86,0.8614743027416907,ratio_confidence,4,215.4442074767831
4605,af4ec_00018,87,0.8549099994231371,ratio_confidence,4,215.4442074767831
4606,af4ec_00018,88,0.8664721579218106,ratio_confidence,4,215.4442074767831
4607,af4ec_00018,89,0.8753386775458083,ratio_confidence,4,215.4442074767831
4608,af4ec_00018,90,0.8532910388580491,ratio_confidence,4,215.4442074767831
4609,af4ec_00018,91,0.8717998596127206,ratio_confidence,4,215.4442074767831
4610,af4ec_00018,92,0.8620006887052342,ratio_confidence,4,215.4442074767831
4611,af4ec_00018,93,0.8738485992378298,ratio_confidence,4,215.4442074767831
4612,af4ec_00018,94,0.8020156926406927,ratio_confidence,4,215.4442074767831
4613,af4ec_00018,95,0.8746029093787981,ratio_confidence,4,215.4442074767831
4614,af4ec_00018,96,0.8393066980023501,ratio_confidence,4,215.4442074767831
4615,af4ec_00018,97,0.8744177327253347,ratio_confidence,4,215.4442074767831
4616,af4ec_00018,98,0.8729183187946075,ratio_confidence,4,215.4442074767831
4617,af4ec_00018,99,0.8724148082726135,ratio_confidence,4,215.4442074767831
4618,af4ec_00018,100,0.8879570074638214,ratio_confidence,4,215.4442074767831
4619,af4ec_00018,101,0.8739197567335493,ratio_confidence,4,215.4442074767831
4620,af4ec_00018,102,0.8710156534261,ratio_confidence,4,215.4442074767831
4621,af4ec_00018,103,0.8641342974568154,ratio_confidence,4,215.4442074767831
4622,af4ec_00018,104,0.8360672705598504,ratio_confidence,4,215.4442074767831
4623,af4ec_00018,105,0.8947779625989214,ratio_confidence,4,215.4442074767831
4624,af4ec_00018,106,0.8595797439729531,ratio_confidence,4,215.4442074767831
4625,af4ec_00018,107,0.875408317488177,ratio_confidence,4,215.4442074767831
4626,af4ec_00018,108,0.8971282051282051,ratio_confidence,4,215.4442074767831
4627,af4ec_00018,109,0.871948051948052,ratio_confidence,4,215.4442074767831
4628,af4ec_00018,110,0.8863650977366255,ratio_confidence,4,215.4442074767831
4629,af4ec_00018,111,0.8928571428571428,ratio_confidence,4,215.4442074767831
4630,af4ec_00018,112,0.8983832428931913,ratio_confidence,4,215.4442074767831
4631,af4ec_00018,113,0.9176031690258347,ratio_confidence,4,215.4442074767831
4632,af4ec_00018,114,0.8947642405378441,ratio_confidence,4,215.4442074767831
4633,af4ec_00018,115,0.892058480038064,ratio_confidence,4,215.4442074767831
4634,af4ec_00018,116,0.9090929311802126,ratio_confidence,4,215.4442074767831
4635,af4ec_00018,117,0.8687125249833445,ratio_confidence,4,215.4442074767831
4636,af4ec_00018,118,0.8380991911417102,ratio_confidence,4,215.4442074767831
4637,af4ec_00018,119,0.872900488507425,ratio_confidence,4,215.4442074767831
4638,af4ec_00018,120,0.8878833799912937,ratio_confidence,4,215.4442074767831
4639,af4ec_00018,121,0.8825307751416607,ratio_confidence,4,215.4442074767831
4640,af4ec_00018,122,0.7042197683188613,ratio_confidence,4,215.4442074767831
4641,af4ec_00018,123,0.8729537665391297,ratio_confidence,4,215.4442074767831
4642,af4ec_00018,124,0.8949957462799523,ratio_confidence,4,215.4442074767831
4643,af4ec_00018,125,0.8801754385964913,ratio_confidence,4,215.4442074767831
4644,af4ec_00018,126,0.8960612848568392,ratio_confidence,4,215.4442074767831
4645,af4ec_00018,127,0.864953054608227,ratio_confidence,4,215.4442074767831
4646,af4ec_00018,128,0.9019080889785822,ratio_confidence,4,215.4442074767831
4647,af4ec_00018,129,0.874509211718514,ratio_confidence,4,215.4442074767831
4648,af4ec_00018,130,0.8849643054033873,ratio_confidence,4,215.4442074767831
4649,af4ec_00018,131,0.8726215644820297,ratio_confidence,4,215.4442074767831
4650,af4ec_00018,132,0.8831795047504836,ratio_confidence,4,215.4442074767831
4651,af4ec_00018,133,0.8995902930412821,ratio_confidence,4,215.4442074767831
4652,af4ec_00018,134,0.9181324265165729,ratio_confidence,4,215.4442074767831
4653,af4ec_00018,135,0.9070037085906841,ratio_confidence,4,215.4442074767831
4654,af4ec_00018,136,0.8562234616462254,ratio_confidence,4,215.4442074767831
4655,af4ec_00018,137,0.8764423131870733,ratio_confidence,4,215.4442074767831
4656,af4ec_00018,138,0.9035420619860848,ratio_confidence,4,215.4442074767831
4657,af4ec_00018,139,0.8904397808863163,ratio_confidence,4,215.4442074767831
4658,af4ec_00018,140,0.8844923076923077,ratio_confidence,4,215.4442074767831
4659,af4ec_00018,141,0.8694885062209139,ratio_confidence,4,215.4442074767831
4660,af4ec_00018,142,0.8984482849599731,ratio_confidence,4,215.4442074767831
4661,af4ec_00018,143,0.8597595575259867,ratio_confidence,4,215.4442074767831
4662,af4ec_00018,144,0.9013893660063361,ratio_confidence,4,215.4442074767831
4663,af4ec_00018,145,0.9036737612055217,ratio_confidence,4,215.4442074767831
4664,af4ec_00018,146,0.9021930996682435,ratio_confidence,4,215.4442074767831
4665,af4ec_00018,147,0.8885535927923593,ratio_confidence,4,215.4442074767831
4666,af4ec_00018,148,0.8950321158859416,ratio_confidence,4,215.4442074767831
4667,af4ec_00018,149,0.892629698600131,ratio_confidence,4,215.4442074767831
4668,af4ec_00018,150,0.8617963314358001,ratio_confidence,4,215.4442074767831
4669,af4ec_00018,151,0.8662996745541643,ratio_confidence,4,215.4442074767831
4670,af4ec_00018,152,0.8694888107843574,ratio_confidence,4,215.4442074767831
4671,af4ec_00018,153,0.8728503063818531,ratio_confidence,4,215.4442074767831
4672,af4ec_00018,154,0.8854223302001238,ratio_confidence,4,215.4442074767831
4673,af4ec_00018,155,0.8913331068881063,ratio_confidence,4,215.4442074767831
4674,af4ec_00018,156,0.8015294117647058,ratio_confidence,4,215.4442074767831
4675,af4ec_00018,157,0.8925421280398602,ratio_confidence,4,215.4442074767831
4676,af4ec_00018,158,0.8958221710687331,ratio_confidence,4,215.4442074767831
4677,af4ec_00018,159,0.8335752423409881,ratio_confidence,4,215.4442074767831
4678,af4ec_00018,160,0.8671280002363952,ratio_confidence,4,215.4442074767831
4679,af4ec_00018,161,0.8793241497279494,ratio_confidence,4,215.4442074767831
4680,af4ec_00018,162,0.8718183467775193,ratio_confidence,4,215.4442074767831
4681,af4ec_00018,163,0.8832962225086918,ratio_confidence,4,215.4442074767831
4682,af4ec_00018,164,0.9186193286453745,ratio_confidence,4,215.4442074767831
4683,af4ec_00018,165,0.9077220077220077,ratio_confidence,4,215.4442074767831
4684,af4ec_00018,166,0.8916396103896104,ratio_confidence,4,215.4442074767831
4685,af4ec_00018,167,0.912114073777065,ratio_confidence,4,215.4442074767831
4686,af4ec_00018,168,0.8961137010965984,ratio_confidence,4,215.4442074767831
4687,af4ec_00018,169,0.8871144587279809,ratio_confidence,4,215.4442074767831
4688,af4ec_00018,170,0.8620833333333333,ratio_confidence,4,215.4442074767831
4689,af4ec_00018,171,0.8998614341564803,ratio_confidence,4,215.4442074767831
4690,af4ec_00018,172,0.9085144927536232,ratio_confidence,4,215.4442074767831
4691,af4ec_00018,173,0.9132209756871736,ratio_confidence,4,215.4442074767831
4692,af4ec_00018,174,0.9072643707510133,ratio_confidence,4,215.4442074767831
4693,af4ec_00018,175,0.9114271189056451,ratio_confidence,4,215.4442074767831
4694,af4ec_00018,176,0.8990892463887126,ratio_confidence,4,215.4442074767831
4695,af4ec_00018,177,0.9039591552075001,ratio_confidence,4,215.4442074767831
4696,af4ec_00018,178,0.9064340713461105,ratio_confidence,4,215.4442074767831
4697,af4ec_00018,179,0.9068538647342995,ratio_confidence,4,215.4442074767831
4698,af4ec_00018,180,0.9106498402585312,ratio_confidence,4,215.4442074767831
4699,af4ec_00018,181,0.908098420532622,ratio_confidence,4,215.4442074767831
4700,af4ec_00018,182,0.9043850209511901,ratio_confidence,4,215.4442074767831
4701,af4ec_00018,183,0.8766187494588199,ratio_confidence,4,215.4442074767831
4702,af4ec_00018,184,0.9048035092181346,ratio_confidence,4,215.4442074767831
4703,af4ec_00018,185,0.9154253866587225,ratio_confidence,4,215.4442074767831
4704,af4ec_00018,186,0.9125161139106996,ratio_confidence,4,215.4442074767831
4705,af4ec_00018,187,0.9159537481932889,ratio_confidence,4,215.4442074767831
4706,af4ec_00018,188,0.9338110096506862,ratio_confidence,4,215.4442074767831
4707,af4ec_00018,189,0.9201614019480833,ratio_confidence,4,215.4442074767831
4708,af4ec_00018,190,0.9228290167584672,ratio_confidence,4,215.4442074767831
4709,af4ec_00018,191,0.9224513833199679,ratio_confidence,4,215.4442074767831
4710,af4ec_00018,192,0.9258971531676022,ratio_confidence,4,215.4442074767831
4711,af4ec_00018,193,0.8911318883694574,ratio_confidence,4,215.4442074767831
4712,af4ec_00018,194,0.9393430577862347,ratio_confidence,4,215.4442074767831
4713,af4ec_00018,195,0.8985162914197179,ratio_confidence,4,215.4442074767831
4714,af4ec_00018,196,0.9213061480345095,ratio_confidence,4,215.4442074767831
4715,af4ec_00018,197,0.9252784615759584,ratio_confidence,4,215.4442074767831
4716,af4ec_00018,198,0.8913168032769361,ratio_confidence,4,215.4442074767831
4717,af4ec_00018,199,0.8886524743584738,ratio_confidence,4,215.4442074767831
4718,af4ec_00018,200,0.888978545661667,ratio_confidence,4,215.4442074767831
4719,af4ec_00018,201,0.8882735194210605,ratio_confidence,4,215.4442074767831
4720,af4ec_00018,202,0.8994252700809793,ratio_confidence,4,215.4442074767831
4721,af4ec_00018,203,0.926581167220123,ratio_confidence,4,215.4442074767831
4722,af4ec_00018,204,0.9041333975770924,ratio_confidence,4,215.4442074767831
4723,af4ec_00018,205,0.9346242601196051,ratio_confidence,4,215.4442074767831
4724,af4ec_00018,206,0.926030729289878,ratio_confidence,4,215.4442074767831
4725,af4ec_00018,207,0.896256851576163,ratio_confidence,4,215.4442074767831
4726,af4ec_00018,208,0.9282781488663842,ratio_confidence,4,215.4442074767831
4727,af4ec_00018,209,0.9273855706717676,ratio_confidence,4,215.4442074767831
4728,af4ec_00018,210,0.9014167650531286,ratio_confidence,4,215.4442074767831
4729,af4ec_00018,211,0.8801009134011342,ratio_confidence,4,215.4442074767831
4730,af4ec_00018,212,0.9191095934540301,ratio_confidence,4,215.4442074767831
4731,af4ec_00018,213,0.888522856283416,ratio_confidence,4,215.4442074767831
4732,af4ec_00018,214,0.8920500722412859,ratio_confidence,4,215.4442074767831
4733,af4ec_00018,215,0.9150919186263531,ratio_confidence,4,215.4442074767831
4734,af4ec_00018,216,0.9196565546592765,ratio_confidence,4,215.4442074767831
4735,af4ec_00018,217,0.9089433018551006,ratio_confidence,4,215.4442074767831
4736,af4ec_00018,218,0.9097091704703201,ratio_confidence,4,215.4442074767831
4737,af4ec_00018,219,0.9142667257421355,ratio_confidence,4,215.4442074767831
4738,af4ec_00018,220,0.9187973573214885,ratio_confidence,4,215.4442074767831
4739,af4ec_00018,221,0.9315700639230051,ratio_confidence,4,215.4442074767831
4740,af4ec_00018,222,0.9244913491826356,ratio_confidence,4,215.4442074767831
4741,af4ec_00018,223,0.8915913470442616,ratio_confidence,4,215.4442074767831
4742,af4ec_00018,224,0.8801774505332204,ratio_confidence,4,215.4442074767831
4743,af4ec_00018,225,0.8912594598143873,ratio_confidence,4,215.4442074767831
4744,af4ec_00018,226,0.9251684957980604,ratio_confidence,4,215.4442074767831
4745,af4ec_00018,227,0.9228561744939506,ratio_confidence,4,215.4442074767831
4746,af4ec_00018,228,0.9279045215354416,ratio_confidence,4,215.4442074767831
4747,af4ec_00018,229,0.9236285945601128,ratio_confidence,4,215.4442074767831
4748,af4ec_00018,230,0.9302937553656079,ratio_confidence,4,215.4442074767831
4749,af4ec_00018,231,0.9330636583302947,ratio_confidence,4,215.4442074767831
4750,af4ec_00018,232,0.9261265238713207,ratio_confidence,4,215.4442074767831
4751,af4ec_00018,233,0.9002833459963095,ratio_confidence,4,215.4442074767831
4752,af4ec_00018,234,0.9313993091437831,ratio_confidence,4,215.4442074767831
4753,af4ec_00018,235,0.8989590622938852,ratio_confidence,4,215.4442074767831
4754,af4ec_00018,236,0.9131221935814791,ratio_confidence,4,215.4442074767831
4755,af4ec_00018,237,0.923242595405354,ratio_confidence,4,215.4442074767831
4756,af4ec_00018,238,0.9174988724953289,ratio_confidence,4,215.4442074767831
4757,af4ec_00018,239,0.9032680754986493,ratio_confidence,4,215.4442074767831
4758,af4ec_00018,240,0.9257468223179648,ratio_confidence,4,215.4442074767831
4759,af4ec_00018,241,0.932703097798725,ratio_confidence,4,215.4442074767831
4760,af4ec_00018,242,0.9308370255923145,ratio_confidence,4,215.4442074767831
4761,af4ec_00018,243,0.8857558648459384,ratio_confidence,4,215.4442074767831
4762,af4ec_00018,244,0.9095156784509144,ratio_confidence,4,215.4442074767831
4763,af4ec_00018,245,0.9373577971611868,ratio_confidence,4,215.4442074767831
4764,af4ec_00018,246,0.9187118747532911,ratio_confidence,4,215.4442074767831
4765,af4ec_00018,247,0.9174988724953289,ratio_confidence,4,215.4442074767831
4766,af4ec_00018,248,0.9195361051876108,ratio_confidence,4,215.4442074767831
4767,af4ec_00018,249,0.9091833215735334,ratio_confidence,4,215.4442074767831
4768,af4ec_00018,250,0.9400167945341424,ratio_confidence,4,215.4442074767831
4769,af4ec_00019,0,0.5656172328086164,ratio_confidence,5,208.9554973036067
4770,af4ec_00019,1,0.6040801544231695,ratio_confidence,5,208.9554973036067
4771,af4ec_00019,2,0.6040801544231695,ratio_confidence,5,208.9554973036067
4772,af4ec_00019,3,0.9070305272895467,ratio_confidence,5,208.9554973036067
4773,af4ec_00019,4,0.5972051216635423,ratio_confidence,5,208.9554973036067
4774,af4ec_00019,5,0.6037895789398502,ratio_confidence,5,208.9554973036067
4775,af4ec_00019,6,0.5996362912682935,ratio_confidence,5,208.9554973036067
4776,af4ec_00019,7,0.60599600105996,ratio_confidence,5,208.9554973036067
4777,af4ec_00019,8,0.607024215149295,ratio_confidence,5,208.9554973036067
4778,af4ec_00019,9,0.8161001991113893,ratio_confidence,5,208.9554973036067
4779,af4ec_00019,10,0.66150985601825,ratio_confidence,5,208.9554973036067
4780,af4ec_00019,11,0.662250937374113,ratio_confidence,5,208.9554973036067
4781,af4ec_00019,12,0.6647470440772981,ratio_confidence,5,208.9554973036067
4782,af4ec_00019,13,0.5923934435447593,ratio_confidence,5,208.9554973036067
4783,af4ec_00019,14,0.6738761497854683,ratio_confidence,5,208.9554973036067
4784,af4ec_00019,15,0.686661941047906,ratio_confidence,5,208.9554973036067
4785,af4ec_00019,16,0.6895475300530243,ratio_confidence,5,208.9554973036067
4786,af4ec_00019,17,0.6207723755120063,ratio_confidence,5,208.9554973036067
4787,af4ec_00019,18,0.6895475300530243,ratio_confidence,5,208.9554973036067
4788,af4ec_00019,19,0.688102734051367,ratio_confidence,5,208.9554973036067
4789,af4ec_00019,20,0.6946645650108285,ratio_confidence,5,208.9554973036067
4790,af4ec_00019,21,0.6428919379719088,ratio_confidence,5,208.9554973036067
4791,af4ec_00019,22,0.6895475300530243,ratio_confidence,5,208.9554973036067
4792,af4ec_00019,23,0.6462845356348044,ratio_confidence,5,208.9554973036067
4793,af4ec_00019,24,0.7064211974167949,ratio_confidence,5,208.9554973036067
4794,af4ec_00019,25,0.7041264387979245,ratio_confidence,5,208.9554973036067
4795,af4ec_00019,26,0.686272332361205,ratio_confidence,5,208.9554973036067
4796,af4ec_00019,27,0.7074281437416772,ratio_confidence,5,208.9554973036067
4797,af4ec_00019,28,0.6217208247867861,ratio_confidence,5,208.9554973036067
4798,af4ec_00019,29,0.6381584710971403,ratio_confidence,5,208.9554973036067
4799,af4ec_00019,30,0.6400680376716117,ratio_confidence,5,208.9554973036067
4800,af4ec_00019,31,0.6805616377572772,ratio_confidence,5,208.9554973036067
4801,af4ec_00019,32,0.6428352087034721,ratio_confidence,5,208.9554973036067
4802,af4ec_00019,33,0.6320973508270278,ratio_confidence,5,208.9554973036067
4803,af4ec_00019,34,0.7189602574040151,ratio_confidence,5,208.9554973036067
4804,af4ec_00019,35,0.6776242753176267,ratio_confidence,5,208.9554973036067
4805,af4ec_00019,36,0.6749920812338905,ratio_confidence,5,208.9554973036067
4806,af4ec_00019,37,0.6907157190635451,ratio_confidence,5,208.9554973036067
4807,af4ec_00019,38,0.6936458333333333,ratio_confidence,5,208.9554973036067
4808,af4ec_00019,39,0.6949704091406678,ratio_confidence,5,208.9554973036067
4809,af4ec_00019,40,0.690825883354619,ratio_confidence,5,208.9554973036067
4810,af4ec_00019,41,0.711797153487888,ratio_confidence,5,208.9554973036067
4811,af4ec_00019,42,0.755001299518747,ratio_confidence,5,208.9554973036067
4812,af4ec_00019,43,0.7245833333333334,ratio_confidence,5,208.9554973036067
4813,af4ec_00019,44,0.723594846750337,ratio_confidence,5,208.9554973036067
4814,af4ec_00019,45,0.7531615993457752,ratio_confidence,5,208.9554973036067
4815,af4ec_00019,46,0.7296421178630041,ratio_confidence,5,208.9554973036067
4816,af4ec_00019,47,0.7166259762331899,ratio_confidence,5,208.9554973036067
4817,af4ec_00019,48,0.7542613636363636,ratio_confidence,5,208.9554973036067
4818,af4ec_00019,49,0.7151783514753716,ratio_confidence,5,208.9554973036067
4819,af4ec_00019,50,0.723900129197215,ratio_confidence,5,208.9554973036067
4820,af4ec_00019,51,0.7396073247293657,ratio_confidence,5,208.9554973036067
4821,af4ec_00019,52,0.7469667793323548,ratio_confidence,5,208.9554973036067
4822,af4ec_00019,53,0.722067525234946,ratio_confidence,5,208.9554973036067
4823,af4ec_00019,54,0.7528237826671643,ratio_confidence,5,208.9554973036067
4824,af4ec_00019,55,0.7141204017659997,ratio_confidence,5,208.9554973036067
4825,af4ec_00019,56,0.7638163646815027,ratio_confidence,5,208.9554973036067
4826,af4ec_00019,57,0.7503772978054875,ratio_confidence,5,208.9554973036067
4827,af4ec_00019,58,0.7316168556257175,ratio_confidence,5,208.9554973036067
4828,af4ec_00019,59,0.725964684254804,ratio_confidence,5,208.9554973036067
4829,af4ec_00019,60,0.754965758730749,ratio_confidence,5,208.9554973036067
4830,af4ec_00019,61,0.7625197478043323,ratio_confidence,5,208.9554973036067
4831,af4ec_00019,62,0.7525537703403316,ratio_confidence,5,208.9554973036067
4832,af4ec_00019,63,0.720093656875266,ratio_confidence,5,208.9554973036067
4833,af4ec_00019,64,0.7658110166149973,ratio_confidence,5,208.9554973036067
4834,af4ec_00019,65,0.7813333725674827,ratio_confidence,5,208.9554973036067
4835,af4ec_00019,66,0.7869645712362198,ratio_confidence,5,208.9554973036067
4836,af4ec_00019,67,0.7750958325646229,ratio_confidence,5,208.9554973036067
4837,af4ec_00019,68,0.7609678652382486,ratio_confidence,5,208.9554973036067
4838,af4ec_00019,69,0.757435067393609,ratio_confidence,5,208.9554973036067
4839,af4ec_00019,70,0.8152176949755944,ratio_confidence,5,208.9554973036067
4840,af4ec_00019,71,0.7984622082627152,ratio_confidence,5,208.9554973036067
4841,af4ec_00019,72,0.801493686159479,ratio_confidence,5,208.9554973036067
4842,af4ec_00019,73,0.8398432164427002,ratio_confidence,5,208.9554973036067
4843,af4ec_00019,74,0.8328625255137323,ratio_confidence,5,208.9554973036067
4844,af4ec_00019,75,0.7618458444855591,ratio_confidence,5,208.9554973036067
4845,af4ec_00019,76,0.8301108581239969,ratio_confidence,5,208.9554973036067
4846,af4ec_00019,77,0.7537971927279256,ratio_confidence,5,208.9554973036067
4847,af4ec_00019,78,0.863017313938172,ratio_confidence,5,208.9554973036067
4848,af4ec_00019,79,0.7949160100886697,ratio_confidence,5,208.9554973036067
4849,af4ec_00019,80,0.8231639472430403,ratio_confidence,5,208.9554973036067
4850,af4ec_00019,81,0.8542513018185542,ratio_confidence,5,208.9554973036067
4851,af4ec_00019,82,0.8548392465642537,ratio_confidence,5,208.9554973036067
4852,af4ec_00019,83,0.7691223571555479,ratio_confidence,5,208.9554973036067
4853,af4ec_00019,84,0.8219413131773854,ratio_confidence,5,208.9554973036067
4854,af4ec_00019,85,0.8317356885131133,ratio_confidence,5,208.9554973036067
4855,af4ec_00019,86,0.8439362470651978,ratio_confidence,5,208.9554973036067
4856,af4ec_00019,87,0.8616438356164384,ratio_confidence,5,208.9554973036067
4857,af4ec_00019,88,0.8413995905291389,ratio_confidence,5,208.9554973036067
4858,af4ec_00019,89,0.8979215883270528,ratio_confidence,5,208.9554973036067
4859,af4ec_00019,90,0.8900899363864583,ratio_confidence,5,208.9554973036067
4860,af4ec_00019,91,0.9093619205559504,ratio_confidence,5,208.9554973036067
4861,af4ec_00019,92,0.8752199033422241,ratio_confidence,5,208.9554973036067
4862,af4ec_00019,93,0.8683906299348672,ratio_confidence,5,208.9554973036067
4863,af4ec_00019,94,0.8971609785563274,ratio_confidence,5,208.9554973036067
4864,af4ec_00019,95,0.8911590186306277,ratio_confidence,5,208.9554973036067
4865,af4ec_00019,96,0.8953279424977538,ratio_confidence,5,208.9554973036067
4866,af4ec_00019,97,0.8985035141751561,ratio_confidence,5,208.9554973036067
4867,af4ec_00019,98,0.8796699578337296,ratio_confidence,5,208.9554973036067
4868,af4ec_00019,99,0.8996328931538378,ratio_confidence,5,208.9554973036067
4869,af4ec_00019,100,0.8510428964974419,ratio_confidence,5,208.9554973036067
4870,af4ec_00019,101,0.8652199732765873,ratio_confidence,5,208.9554973036067
4871,af4ec_00019,102,0.8675067293889398,ratio_confidence,5,208.9554973036067
4872,af4ec_00019,103,0.886410466473027,ratio_confidence,5,208.9554973036067
4873,af4ec_00019,104,0.904343678096414,ratio_confidence,5,208.9554973036067
4874,af4ec_00019,105,0.8861992677604169,ratio_confidence,5,208.9554973036067
4875,af4ec_00019,106,0.8565017417545631,ratio_confidence,5,208.9554973036067
4876,af4ec_00019,107,0.900926640926641,ratio_confidence,5,208.9554973036067
4877,af4ec_00019,108,0.8967126623376623,ratio_confidence,5,208.9554973036067
4878,af4ec_00019,109,0.8524645958195674,ratio_confidence,5,208.9554973036067
4879,af4ec_00019,110,0.829903579582518,ratio_confidence,5,208.9554973036067
4880,af4ec_00019,111,0.847082961785367,ratio_confidence,5,208.9554973036067
4881,af4ec_00019,112,0.8445832893685654,ratio_confidence,5,208.9554973036067
4882,af4ec_00019,113,0.9018194447829584,ratio_confidence,5,208.9554973036067
4883,af4ec_00019,114,0.851388888888889,ratio_confidence,5,208.9554973036067
4884,af4ec_00019,115,0.9129175474368807,ratio_confidence,5,208.9554973036067
4885,af4ec_00019,116,0.8696803652968037,ratio_confidence,5,208.9554973036067
4886,af4ec_00019,117,0.8907037276371146,ratio_confidence,5,208.9554973036067
4887,af4ec_00019,118,0.8741344431741327,ratio_confidence,5,208.9554973036067
4888,af4ec_00019,119,0.7089300350535481,ratio_confidence,5,208.9554973036067
4889,af4ec_00019,120,0.7176325821550933,ratio_confidence,5,208.9554973036067
4890,af4ec_00019,121,0.8762298307752854,ratio_confidence,5,208.9554973036067
4891,af4ec_00019,122,0.7277695222489099,ratio_confidence,5,208.9554973036067
4892,af4ec_00019,123,0.7186686678695173,ratio_confidence,5,208.9554973036067
4893,af4ec_00019,124,0.9098968725845307,ratio_confidence,5,208.9554973036067
4894,af4ec_00019,125,0.7305768810782964,ratio_confidence,5,208.9554973036067
4895,af4ec_00019,126,0.7327522283962683,ratio_confidence,5,208.9554973036067
4896,af4ec_00019,127,0.7102979470629306,ratio_confidence,5,208.9554973036067
4897,af4ec_00019,128,0.926030585106383,ratio_confidence,5,208.9554973036067
4898,af4ec_00019,129,0.7330510935953723,ratio_confidence,5,208.9554973036067
4899,af4ec_00019,130,0.9157190219174672,ratio_confidence,5,208.9554973036067
4900,af4ec_00019,131,0.7362353931992841,ratio_confidence,5,208.9554973036067
4901,af4ec_00019,132,0.7341532639545885,ratio_confidence,5,208.9554973036067
4902,af4ec_00019,133,0.7316033266659648,ratio_confidence,5,208.9554973036067
4903,af4ec_00019,134,0.7287762410248051,ratio_confidence,5,208.9554973036067
4904,af4ec_00019,135,0.9267498258558861,ratio_confidence,5,208.9554973036067
4905,af4ec_00019,136,0.731151646389844,ratio_confidence,5,208.9554973036067
4906,af4ec_00019,137,0.9203008972332465,ratio_confidence,5,208.9554973036067
4907,af4ec_00019,138,0.9056408453455214,ratio_confidence,5,208.9554973036067
4908,af4ec_00019,139,0.8514818604484176,ratio_confidence,5,208.9554973036067
4909,af4ec_00019,140,0.8887170221674838,ratio_confidence,5,208.9554973036067
4910,af4ec_00019,141,0.8788428013636274,ratio_confidence,5,208.9554973036067
4911,af4ec_00019,142,0.8840760138519218,ratio_confidence,5,208.9554973036067
4912,af4ec_00019,143,0.8696803652968037,ratio_confidence,5,208.9554973036067
4913,af4ec_00019,144,0.867661470852203,ratio_confidence,5,208.9554973036067
4914,af4ec_00019,145,0.8925421280398602,ratio_confidence,5,208.9554973036067
4915,af4ec_00019,146,0.8714030258111574,ratio_confidence,5,208.9554973036067
4916,af4ec_00019,147,0.8899485930735931,ratio_confidence,5,208.9554973036067
4917,af4ec_00019,148,0.9231384016549355,ratio_confidence,5,208.9554973036067
4918,af4ec_00019,149,0.9121628284023477,ratio_confidence,5,208.9554973036067
4919,af4ec_00019,150,0.8893327024912198,ratio_confidence,5,208.9554973036067
4920,af4ec_00019,151,0.9133533575934947,ratio_confidence,5,208.9554973036067
4921,af4ec_00019,152,0.9123623812392749,ratio_confidence,5,208.9554973036067
4922,af4ec_00019,153,0.8895057683405576,ratio_confidence,5,208.9554973036067
4923,af4ec_00019,154,0.8899638739050824,ratio_confidence,5,208.9554973036067
4924,af4ec_00019,155,0.9166799077151881,ratio_confidence,5,208.9554973036067
4925,af4ec_00019,156,0.9100944872154565,ratio_confidence,5,208.9554973036067
4926,af4ec_00019,157,0.9227694443171328,ratio_confidence,5,208.9554973036067
4927,af4ec_00019,158,0.8741458001441289,ratio_confidence,5,208.9554973036067
4928,af4ec_00019,159,0.8775571957471047,ratio_confidence,5,208.9554973036067
4929,af4ec_00019,160,0.9078459514412152,ratio_confidence,5,208.9554973036067
4930,af4ec_00019,161,0.9095770463115089,ratio_confidence,5,208.9554973036067
4931,af4ec_00019,162,0.8992752691726194,ratio_confidence,5,208.9554973036067
4932,af4ec_00019,163,0.8997099125920837,ratio_confidence,5,208.9554973036067
4933,af4ec_00019,164,0.9051707328962442,ratio_confidence,5,208.9554973036067
4934,af4ec_00019,165,0.922925608011445,ratio_confidence,5,208.9554973036067
4935,af4ec_00019,166,0.9056408453455214,ratio_confidence,5,208.9554973036067
4936,af4ec_00019,167,0.9235730106110396,ratio_confidence,5,208.9554973036067
4937,af4ec_00019,168,0.9104996837444655,ratio_confidence,5,208.9554973036067
4938,af4ec_00019,169,0.9113081411818027,ratio_confidence,5,208.9554973036067
4939,af4ec_00019,170,0.9172702172782201,ratio_confidence,5,208.9554973036067
4940,af4ec_00019,171,0.9224598930481284,ratio_confidence,5,208.9554973036067
4941,af4ec_00019,172,0.9228314089477061,ratio_confidence,5,208.9554973036067
4942,af4ec_00019,173,0.9180424349864853,ratio_confidence,5,208.9554973036067
4943,af4ec_00019,174,0.9249344050575456,ratio_confidence,5,208.9554973036067
4944,af4ec_00019,175,0.9317722007974806,ratio_confidence,5,208.9554973036067
4945,af4ec_00019,176,0.9250506903927969,ratio_confidence,5,208.9554973036067
4946,af4ec_00019,177,0.9274730282200871,ratio_confidence,5,208.9554973036067
4947,af4ec_00019,178,0.9324643006045445,ratio_confidence,5,208.9554973036067
4948,af4ec_00019,179,0.9161099446459248,ratio_confidence,5,208.9554973036067
4949,af4ec_00019,180,0.923206190645441,ratio_confidence,5,208.9554973036067
4950,af4ec_00019,181,0.9274730282200871,ratio_confidence,5,208.9554973036067
4951,af4ec_00019,182,0.9246819435928878,ratio_confidence,5,208.9554973036067
4952,af4ec_00019,183,0.930672816343548,ratio_confidence,5,208.9554973036067
4953,af4ec_00019,184,0.9292379870484112,ratio_confidence,5,208.9554973036067
4954,af4ec_00019,185,0.9299437959779451,ratio_confidence,5,208.9554973036067
4955,af4ec_00019,186,0.9302972059544388,ratio_confidence,5,208.9554973036067
4956,af4ec_00019,187,0.9257868783078846,ratio_confidence,5,208.9554973036067
4957,af4ec_00019,188,0.9274730282200871,ratio_confidence,5,208.9554973036067
4958,af4ec_00019,189,0.9368410256410257,ratio_confidence,5,208.9554973036067
4959,af4ec_00019,190,0.9299437959779451,ratio_confidence,5,208.9554973036067
4960,af4ec_00019,191,0.9201755445248794,ratio_confidence,5,208.9554973036067
4961,af4ec_00019,192,0.9281656992203855,ratio_confidence,5,208.9554973036067
4962,af4ec_00019,193,0.938412477502874,ratio_confidence,5,208.9554973036067
4963,af4ec_00019,194,0.9246819435928878,ratio_confidence,5,208.9554973036067
4964,af4ec_00019,195,0.9295900178253119,ratio_confidence,5,208.9554973036067
4965,af4ec_00019,196,0.9285235159051624,ratio_confidence,5,208.9554973036067
4966,af4ec_00019,197,0.9339144220705959,ratio_confidence,5,208.9554973036067
4967,af4ec_00019,198,0.9271116322535712,ratio_confidence,5,208.9554973036067
4968,af4ec_00019,199,0.9100944872154565,ratio_confidence,5,208.9554973036067
4969,af4ec_00019,200,0.9334999894930647,ratio_confidence,5,208.9554973036067
4970,af4ec_00019,201,0.9090784796281105,ratio_confidence,5,208.9554973036067
4971,af4ec_00019,202,0.9412980638845342,ratio_confidence,5,208.9554973036067
4972,af4ec_00019,203,0.9225521187627546,ratio_confidence,5,208.9554973036067
4973,af4ec_00019,204,0.9331550802139037,ratio_confidence,5,208.9554973036067
4974,af4ec_00019,205,0.9034767316017316,ratio_confidence,5,208.9554973036067
4975,af4ec_00019,206,0.9281656992203855,ratio_confidence,5,208.9554973036067
4976,af4ec_00019,207,0.8976731631272785,ratio_confidence,5,208.9554973036067
4977,af4ec_00019,208,0.9056043430407787,ratio_confidence,5,208.9554973036067
4978,af4ec_00019,209,0.929971649501411,ratio_confidence,5,208.9554973036067
4979,af4ec_00019,210,0.9168923512169695,ratio_confidence,5,208.9554973036067
4980,af4ec_00019,211,0.9222996802873451,ratio_confidence,5,208.9554973036067
4981,af4ec_00019,212,0.9013893660063361,ratio_confidence,5,208.9554973036067
4982,af4ec_00019,213,0.9165014257926841,ratio_confidence,5,208.9554973036067
4983,af4ec_00019,214,0.9168923512169695,ratio_confidence,5,208.9554973036067
4984,af4ec_00019,215,0.9313552879036453,ratio_confidence,5,208.9554973036067
4985,af4ec_00019,216,0.9339144220705959,ratio_confidence,5,208.9554973036067
4986,af4ec_00019,217,0.9406582446808511,ratio_confidence,5,208.9554973036067
4987,af4ec_00019,218,0.9323257571061683,ratio_confidence,5,208.9554973036067
4988,af4ec_00019,219,0.939154518128719,ratio_confidence,5,208.9554973036067
4989,af4ec_00019,220,0.9358409567466381,ratio_confidence,5,208.9554973036067
4990,af4ec_00019,221,0.941617692418077,ratio_confidence,5,208.9554973036067
4991,af4ec_00019,222,0.9375064288758161,ratio_confidence,5,208.9554973036067
4992,af4ec_00019,223,0.9368410256410257,ratio_confidence,5,208.9554973036067
4993,af4ec_00019,224,0.9389744059817587,ratio_confidence,5,208.9554973036067
4994,af4ec_00019,225,0.9455316503919957,ratio_confidence,5,208.9554973036067
4995,af4ec_00019,226,0.9409782495162967,ratio_confidence,5,208.9554973036067
4996,af4ec_00019,227,0.9531705439146456,ratio_confidence,5,208.9554973036067
4997,af4ec_00019,228,0.8976731631272785,ratio_confidence,5,208.9554973036067
4998,af4ec_00019,229,0.9446128584059619,ratio_confidence,5,208.9554973036067
4999,af4ec_00019,230,0.9386461538461539,ratio_confidence,5,208.9554973036067
5000,af4ec_00019,231,0.941617692418077,ratio_confidence,5,208.9554973036067
5001,af4ec_00019,232,0.9281946147557736,ratio_confidence,5,208.9554973036067
5002,af4ec_00019,233,0.8968900966183575,ratio_confidence,5,208.9554973036067
5003,af4ec_00019,234,0.9371738546856891,ratio_confidence,5,208.9554973036067
5004,af4ec_00019,235,0.9434320625594825,ratio_confidence,5,208.9554973036067
5005,af4ec_00019,236,0.9504622537558117,ratio_confidence,5,208.9554973036067
5006,af4ec_00019,237,0.9371738546856891,ratio_confidence,5,208.9554973036067
5007,af4ec_00019,238,0.8913331068881063,ratio_confidence,5,208.9554973036067
5008,af4ec_00019,239,0.9368410256410257,ratio_confidence,5,208.9554973036067
5009,af4ec_00019,240,0.9264382791743306,ratio_confidence,5,208.9554973036067
5010,af4ec_00019,241,0.932118418667986,ratio_confidence,5,208.9554973036067
5011,af4ec_00019,242,0.9285235159051624,ratio_confidence,5,208.9554973036067
5012,af4ec_00019,243,0.9328098525080455,ratio_confidence,5,208.9554973036067
5013,af4ec_00019,244,0.9285235159051624,ratio_confidence,5,208.9554973036067
5014,af4ec_00019,245,0.9324643006045445,ratio_confidence,5,208.9554973036067
5015,af4ec_00019,246,0.9147703309223902,ratio_confidence,5,208.9554973036067
5016,af4ec_00019,247,0.9412980638845342,ratio_confidence,5,208.9554973036067
5017,af4ec_00019,248,0.9406582446808511,ratio_confidence,5,208.9554973036067
5018,af4ec_00019,249,0.9473696522500484,ratio_confidence,5,208.9554973036067
5019,af4ec_00019,250,0.9440044730425856,ratio_confidence,5,208.9554973036067
5020,af4ec_00020,0,0.511639836347869,random,1,189.94489892712954
5021,af4ec_00020,1,0.5629374911497143,random,1,189.94489892712954
5022,af4ec_00020,2,0.6294263559124768,random,1,189.94489892712954
5023,af4ec_00020,3,0.6294263559124768,random,1,189.94489892712954
5024,af4ec_00020,4,0.6313191797706786,random,1,189.94489892712954
5025,af4ec_00020,5,0.4281758823043227,random,1,189.94489892712954
5026,af4ec_00020,6,0.5456580984005609,random,1,189.94489892712954
5027,af4ec_00020,7,0.4872740211037331,random,1,189.94489892712954
5028,af4ec_00020,8,0.6370470283716552,random,1,189.94489892712954
5029,af4ec_00020,9,0.6033522011856512,random,1,189.94489892712954
5030,af4ec_00020,10,0.6106023880061047,random,1,189.94489892712954
5031,af4ec_00020,11,0.6041133870312388,random,1,189.94489892712954
5032,af4ec_00020,12,0.6832884355897451,random,1,189.94489892712954
5033,af4ec_00020,13,0.6191401191401191,random,1,189.94489892712954
5034,af4ec_00020,14,0.5915655065967363,random,1,189.94489892712954
5035,af4ec_00020,15,0.6188031854920066,random,1,189.94489892712954
5036,af4ec_00020,16,0.613185578316026,random,1,189.94489892712954
5037,af4ec_00020,17,0.6111556387950627,random,1,189.94489892712954
5038,af4ec_00020,18,0.574917760308797,random,1,189.94489892712954
5039,af4ec_00020,19,0.5960958580738096,random,1,189.94489892712954
5040,af4ec_00020,20,0.6236293859649122,random,1,189.94489892712954
5041,af4ec_00020,21,0.6395512350207875,random,1,189.94489892712954
5042,af4ec_00020,22,0.667764314047097,random,1,189.94489892712954
5043,af4ec_00020,23,0.6334616350096226,random,1,189.94489892712954
5044,af4ec_00020,24,0.6520952618827058,random,1,189.94489892712954
5045,af4ec_00020,25,0.6440197073067818,random,1,189.94489892712954
5046,af4ec_00020,26,0.6641493302935308,random,1,189.94489892712954
5047,af4ec_00020,27,0.6586932867115768,random,1,189.94489892712954
5048,af4ec_00020,28,0.6638541666666666,random,1,189.94489892712954
5049,af4ec_00020,29,0.6285101570501878,random,1,189.94489892712954
5050,af4ec_00020,30,0.6406243101240673,random,1,189.94489892712954
5051,af4ec_00020,31,0.6921032923116168,random,1,189.94489892712954
5052,af4ec_00020,32,0.6527350666293915,random,1,189.94489892712954
5053,af4ec_00020,33,0.6310173697270471,random,1,189.94489892712954
5054,af4ec_00020,34,0.6325099489189832,random,1,189.94489892712954
5055,af4ec_00020,35,0.6510564662440161,random,1,189.94489892712954
5056,af4ec_00020,36,0.6068893705639848,random,1,189.94489892712954
5057,af4ec_00020,37,0.6582940868655154,random,1,189.94489892712954
5058,af4ec_00020,38,0.638937444317887,random,1,189.94489892712954
5059,af4ec_00020,39,0.6807359307359307,random,1,189.94489892712954
5060,af4ec_00020,40,0.6867111692524626,random,1,189.94489892712954
5061,af4ec_00020,41,0.6881163038332766,random,1,189.94489892712954
5062,af4ec_00020,42,0.6893997924990618,random,1,189.94489892712954
5063,af4ec_00020,43,0.6691785243187113,random,1,189.94489892712954
5064,af4ec_00020,44,0.693876119109764,random,1,189.94489892712954
5065,af4ec_00020,45,0.6916436775391717,random,1,189.94489892712954
5066,af4ec_00020,46,0.6982376966626809,random,1,189.94489892712954
5067,af4ec_00020,47,0.6946733377430527,random,1,189.94489892712954
5068,af4ec_00020,48,0.7406195375814397,random,1,189.94489892712954
5069,af4ec_00020,49,0.6962173581400799,random,1,189.94489892712954
5070,af4ec_00020,50,0.7306068525111222,random,1,189.94489892712954
5071,af4ec_00020,51,0.7345077929186713,random,1,189.94489892712954
5072,af4ec_00020,52,0.7803836552358429,random,1,189.94489892712954
5073,af4ec_00020,53,0.6695013501176221,random,1,189.94489892712954
5074,af4ec_00020,54,0.6999610804448221,random,1,189.94489892712954
5075,af4ec_00020,55,0.7119331308661985,random,1,189.94489892712954
5076,af4ec_00020,56,0.7483600305110603,random,1,189.94489892712954
5077,af4ec_00020,57,0.7179257667979473,random,1,189.94489892712954
5078,af4ec_00020,58,0.7194288396380011,random,1,189.94489892712954
5079,af4ec_00020,59,0.6650859619210003,random,1,189.94489892712954
5080,af4ec_00020,60,0.738411110949125,random,1,189.94489892712954
5081,af4ec_00020,61,0.7207869750878297,random,1,189.94489892712954
5082,af4ec_00020,62,0.7171414292853573,random,1,189.94489892712954
5083,af4ec_00020,63,0.747191011235955,random,1,189.94489892712954
5084,af4ec_00020,64,0.6797257850309002,random,1,189.94489892712954
5085,af4ec_00020,65,0.7113617376775272,random,1,189.94489892712954
5086,af4ec_00020,66,0.7187963551599915,random,1,189.94489892712954
5087,af4ec_00020,67,0.7175911125319694,random,1,189.94489892712954
5088,af4ec_00020,68,0.7199923630870597,random,1,189.94489892712954
5089,af4ec_00020,69,0.7430995411617225,random,1,189.94489892712954
5090,af4ec_00020,70,0.7954444459406687,random,1,189.94489892712954
5091,af4ec_00020,71,0.7084871331710254,random,1,189.94489892712954
5092,af4ec_00020,72,0.6897806356010691,random,1,189.94489892712954
5093,af4ec_00020,73,0.7671548436308162,random,1,189.94489892712954
5094,af4ec_00020,74,0.7502247929891428,random,1,189.94489892712954
5095,af4ec_00020,75,0.7667728080568721,random,1,189.94489892712954
5096,af4ec_00020,76,0.7586227473445519,random,1,189.94489892712954
5097,af4ec_00020,77,0.7668526395256772,random,1,189.94489892712954
5098,af4ec_00020,78,0.7775849125762601,random,1,189.94489892712954
5099,af4ec_00020,79,0.7289117966834582,random,1,189.94489892712954
5100,af4ec_00020,80,0.74444685992725,random,1,189.94489892712954
5101,af4ec_00020,81,0.724039825340745,random,1,189.94489892712954
5102,af4ec_00020,82,0.719088059852391,random,1,189.94489892712954
5103,af4ec_00020,83,0.7379722311914756,random,1,189.94489892712954
5104,af4ec_00020,84,0.7416683447710799,random,1,189.94489892712954
5105,af4ec_00020,85,0.7577906961216778,random,1,189.94489892712954
5106,af4ec_00020,86,0.7762926178249739,random,1,189.94489892712954
5107,af4ec_00020,87,0.7190903590157322,random,1,189.94489892712954
5108,af4ec_00020,88,0.7329714772243507,random,1,189.94489892712954
5109,af4ec_00020,89,0.7167792792792793,random,1,189.94489892712954
5110,af4ec_00020,90,0.7163552293458801,random,1,189.94489892712954
5111,af4ec_00020,91,0.7466327757203446,random,1,189.94489892712954
5112,af4ec_00020,92,0.7156828116031613,random,1,189.94489892712954
5113,af4ec_00020,93,0.7438919384350446,random,1,189.94489892712954
5114,af4ec_00020,94,0.7587498206084959,random,1,189.94489892712954
5115,af4ec_00020,95,0.7094751971362885,random,1,189.94489892712954
5116,af4ec_00020,96,0.7264355242571252,random,1,189.94489892712954
5117,af4ec_00020,97,0.7576274021873235,random,1,189.94489892712954
5118,af4ec_00020,98,0.7347560975609757,random,1,189.94489892712954
5119,af4ec_00020,99,0.7552431950022311,random,1,189.94489892712954
5120,af4ec_00020,100,0.7486277042298999,random,1,189.94489892712954
5121,af4ec_00020,101,0.7523364797594001,random,1,189.94489892712954
5122,af4ec_00020,102,0.7177071270660069,random,1,189.94489892712954
5123,af4ec_00020,103,0.7181649824452372,random,1,189.94489892712954
5124,af4ec_00020,104,0.744584113991611,random,1,189.94489892712954
5125,af4ec_00020,105,0.7523364797594001,random,1,189.94489892712954
5126,af4ec_00020,106,0.7295888728443625,random,1,189.94489892712954
5127,af4ec_00020,107,0.7546798452177614,random,1,189.94489892712954
5128,af4ec_00020,108,0.7487736667700788,random,1,189.94489892712954
5129,af4ec_00020,109,0.7993197278911565,random,1,189.94489892712954
5130,af4ec_00020,110,0.751561802766622,random,1,189.94489892712954
5131,af4ec_00020,111,0.8059604244461722,random,1,189.94489892712954
5132,af4ec_00020,112,0.7311192797104533,random,1,189.94489892712954
5133,af4ec_00020,113,0.7814334530798213,random,1,189.94489892712954
5134,af4ec_00020,114,0.8126665482323681,random,1,189.94489892712954
5135,af4ec_00020,115,0.7756968580805074,random,1,189.94489892712954
5136,af4ec_00020,116,0.7177938498627888,random,1,189.94489892712954
5137,af4ec_00020,117,0.716661285114627,random,1,189.94489892712954
5138,af4ec_00020,118,0.7720490444351327,random,1,189.94489892712954
5139,af4ec_00020,119,0.7494563074974199,random,1,189.94489892712954
5140,af4ec_00020,120,0.8173289285190783,random,1,189.94489892712954
5141,af4ec_00020,121,0.769940526881085,random,1,189.94489892712954
5142,af4ec_00020,122,0.7667484522301955,random,1,189.94489892712954
5143,af4ec_00020,123,0.7666666666666666,random,1,189.94489892712954
5144,af4ec_00020,124,0.7935769996835502,random,1,189.94489892712954
5145,af4ec_00020,125,0.8028463226233056,random,1,189.94489892712954
5146,af4ec_00020,126,0.8045709511874926,random,1,189.94489892712954
5147,af4ec_00020,127,0.8048706588922854,random,1,189.94489892712954
5148,af4ec_00020,128,0.7971652003910068,random,1,189.94489892712954
5149,af4ec_00020,129,0.8129502699936709,random,1,189.94489892712954
5150,af4ec_00020,130,0.7782915256714115,random,1,189.94489892712954
5151,af4ec_00020,131,0.7764463397299218,random,1,189.94489892712954
5152,af4ec_00020,132,0.774054104304174,random,1,189.94489892712954
5153,af4ec_00020,133,0.7890150096511193,random,1,189.94489892712954
5154,af4ec_00020,134,0.7771438255564342,random,1,189.94489892712954
5155,af4ec_00020,135,0.7715745978229349,random,1,189.94489892712954
5156,af4ec_00020,136,0.82119021134594,random,1,189.94489892712954
5157,af4ec_00020,137,0.820682168255111,random,1,189.94489892712954
5158,af4ec_00020,138,0.8174662668665668,random,1,189.94489892712954
5159,af4ec_00020,139,0.8232069140080684,random,1,189.94489892712954
5160,af4ec_00020,140,0.8247809312729586,random,1,189.94489892712954
5161,af4ec_00020,141,0.7932551319648093,random,1,189.94489892712954
5162,af4ec_00020,142,0.811175106961894,random,1,189.94489892712954
5163,af4ec_00020,143,0.8178838945356074,random,1,189.94489892712954
5164,af4ec_00020,144,0.8249180781834126,random,1,189.94489892712954
5165,af4ec_00020,145,0.8266582006447201,random,1,189.94489892712954
5166,af4ec_00020,146,0.8129240940002587,random,1,189.94489892712954
5167,af4ec_00020,147,0.7601474981636841,random,1,189.94489892712954
5168,af4ec_00020,148,0.8029502804134998,random,1,189.94489892712954
5169,af4ec_00020,149,0.8292768932198765,random,1,189.94489892712954
5170,af4ec_00020,150,0.8139411160826215,random,1,189.94489892712954
5171,af4ec_00020,151,0.7945584881068752,random,1,189.94489892712954
5172,af4ec_00020,152,0.8022356431447341,random,1,189.94489892712954
5173,af4ec_00020,153,0.8129965835054823,random,1,189.94489892712954
5174,af4ec_00020,154,0.809824755294825,random,1,189.94489892712954
5175,af4ec_00020,155,0.8288290172781658,random,1,189.94489892712954
5176,af4ec_00020,156,0.8103372272426714,random,1,189.94489892712954
5177,af4ec_00020,157,0.8103096817200354,random,1,189.94489892712954
5178,af4ec_00020,158,0.821724591069228,random,1,189.94489892712954
5179,af4ec_00020,159,0.7983542573386984,random,1,189.94489892712954
5180,af4ec_00020,160,0.8332898985072899,random,1,189.94489892712954
5181,af4ec_00020,161,0.8275473787284353,random,1,189.94489892712954
5182,af4ec_00020,162,0.8226666666666667,random,1,189.94489892712954
5183,af4ec_00020,163,0.7769960379948488,random,1,189.94489892712954
5184,af4ec_00020,164,0.815090334781909,random,1,189.94489892712954
5185,af4ec_00020,165,0.8258076931078242,random,1,189.94489892712954
5186,af4ec_00020,166,0.835819343027731,random,1,189.94489892712954
5187,af4ec_00020,167,0.8437722485737797,random,1,189.94489892712954
5188,af4ec_00020,168,0.8248795788343664,random,1,189.94489892712954
5189,af4ec_00020,169,0.8239540318192003,random,1,189.94489892712954
5190,af4ec_00020,170,0.8184590020657874,random,1,189.94489892712954
5191,af4ec_00020,171,0.799781976744186,random,1,189.94489892712954
5192,af4ec_00020,172,0.8516586409844837,random,1,189.94489892712954
5193,af4ec_00020,173,0.8282539682539682,random,1,189.94489892712954
5194,af4ec_00020,174,0.8035240570420543,random,1,189.94489892712954
5195,af4ec_00020,175,0.8117979067346156,random,1,189.94489892712954
5196,af4ec_00020,176,0.828179519190755,random,1,189.94489892712954
5197,af4ec_00020,177,0.8079903769996948,random,1,189.94489892712954
5198,af4ec_00020,178,0.8361611762676785,random,1,189.94489892712954
5199,af4ec_00020,179,0.8202148925537232,random,1,189.94489892712954
5200,af4ec_00020,180,0.7814110875134258,random,1,189.94489892712954
5201,af4ec_00020,181,0.822198714087893,random,1,189.94489892712954
5202,af4ec_00020,182,0.8110300398766026,random,1,189.94489892712954
5203,af4ec_00020,183,0.8427476536084306,random,1,189.94489892712954
5204,af4ec_00020,184,0.8194295971330171,random,1,189.94489892712954
5205,af4ec_00020,185,0.792891750819924,random,1,189.94489892712954
5206,af4ec_00020,186,0.7707392111754761,random,1,189.94489892712954
5207,af4ec_00020,187,0.8117732558139534,random,1,189.94489892712954
5208,af4ec_00020,188,0.815090334781909,random,1,189.94489892712954
5209,af4ec_00020,189,0.8437722485737797,random,1,189.94489892712954
5210,af4ec_00020,190,0.8050974512743627,random,1,189.94489892712954
5211,af4ec_00020,191,0.8389771669744273,random,1,189.94489892712954
5212,af4ec_00020,192,0.8290135237743439,random,1,189.94489892712954
5213,af4ec_00020,193,0.8315375799741916,random,1,189.94489892712954
5214,af4ec_00020,194,0.8306728674375734,random,1,189.94489892712954
5215,af4ec_00020,195,0.8309965107717917,random,1,189.94489892712954
5216,af4ec_00020,196,0.8223800209981242,random,1,189.94489892712954
5217,af4ec_00020,197,0.8421945701357466,random,1,189.94489892712954
5218,af4ec_00020,198,0.8470607532763219,random,1,189.94489892712954
5219,af4ec_00020,199,0.8370464720157972,random,1,189.94489892712954
5220,af4ec_00020,200,0.8309659090909091,random,1,189.94489892712954
5221,af4ec_00020,201,0.8355591541619452,random,1,189.94489892712954
5222,af4ec_00020,202,0.8382061596936696,random,1,189.94489892712954
5223,af4ec_00020,203,0.8152133808879596,random,1,189.94489892712954
5224,af4ec_00020,204,0.8272130622908849,random,1,189.94489892712954
5225,af4ec_00020,205,0.8359427515865581,random,1,189.94489892712954
5226,af4ec_00020,206,0.8263847888944397,random,1,189.94489892712954
5227,af4ec_00020,207,0.8369174061573763,random,1,189.94489892712954
5228,af4ec_00020,208,0.8381947181710682,random,1,189.94489892712954
5229,af4ec_00020,209,0.8156860012729882,random,1,189.94489892712954
5230,af4ec_00020,210,0.8276026596072155,random,1,189.94489892712954
5231,af4ec_00020,211,0.8396856267089525,random,1,189.94489892712954
5232,af4ec_00020,212,0.8226926645209107,random,1,189.94489892712954
5233,af4ec_00020,213,0.842647157910013,random,1,189.94489892712954
5234,af4ec_00020,214,0.8117226612928619,random,1,189.94489892712954
5235,af4ec_00020,215,0.837209737031064,random,1,189.94489892712954
5236,af4ec_00020,216,0.7852572198366591,random,1,189.94489892712954
5237,af4ec_00020,217,0.8338896060959098,random,1,189.94489892712954
5238,af4ec_00020,218,0.8303931422273791,random,1,189.94489892712954
5239,af4ec_00020,219,0.8375589084134001,random,1,189.94489892712954
5240,af4ec_00020,220,0.8275473787284353,random,1,189.94489892712954
5241,af4ec_00020,221,0.8185452321638952,random,1,189.94489892712954
5242,af4ec_00020,222,0.8152832654626561,random,1,189.94489892712954
5243,af4ec_00020,223,0.8400458155595003,random,1,189.94489892712954
5244,af4ec_00020,224,0.8465365212142117,random,1,189.94489892712954
5245,af4ec_00020,225,0.8287015014457555,random,1,189.94489892712954
5246,af4ec_00020,226,0.8306728674375734,random,1,189.94489892712954
5247,af4ec_00020,227,0.8525948121178335,random,1,189.94489892712954
5248,af4ec_00020,228,0.8301205201899107,random,1,189.94489892712954
5249,af4ec_00020,229,0.8411650937242354,random,1,189.94489892712954
5250,af4ec_00020,230,0.8245368689631898,random,1,189.94489892712954
5251,af4ec_00020,231,0.8434246912507782,random,1,189.94489892712954
5252,af4ec_00020,232,0.831047619047619,random,1,189.94489892712954
5253,af4ec_00020,233,0.8258654229173192,random,1,189.94489892712954
5254,af4ec_00020,234,0.8406531531531531,random,1,189.94489892712954
5255,af4ec_00020,235,0.8445259227295561,random,1,189.94489892712954
5256,af4ec_00020,236,0.838119891895412,random,1,189.94489892712954
5257,af4ec_00020,237,0.8162805388576099,random,1,189.94489892712954
5258,af4ec_00020,238,0.8295454545454546,random,1,189.94489892712954
5259,af4ec_00020,239,0.8228962818003913,random,1,189.94489892712954
5260,af4ec_00020,240,0.8132964615468208,random,1,189.94489892712954
5261,af4ec_00020,241,0.8186919031311155,random,1,189.94489892712954
5262,af4ec_00020,242,0.8213717204705846,random,1,189.94489892712954
5263,af4ec_00020,243,0.815090334781909,random,1,189.94489892712954
5264,af4ec_00020,244,0.8425305478912102,random,1,189.94489892712954
5265,af4ec_00020,245,0.8259316450999955,random,1,189.94489892712954
5266,af4ec_00020,246,0.8180574768704182,random,1,189.94489892712954
5267,af4ec_00020,247,0.8234804419746146,random,1,189.94489892712954
5268,af4ec_00020,248,0.8028234425183809,random,1,189.94489892712954
5269,af4ec_00020,249,0.8144935293932428,random,1,189.94489892712954
5270,af4ec_00020,250,0.8352219981433464,random,1,189.94489892712954
5271,af4ec_00021,0,0.5074538089716755,random,2,207.9269214661394
5272,af4ec_00021,1,0.36240335879469804,random,2,207.9269214661394
5273,af4ec_00021,2,0.5764935442354797,random,2,207.9269214661394
5274,af4ec_00021,3,0.5417369462274374,random,2,207.9269214661394
5275,af4ec_00021,4,0.5562355440404221,random,2,207.9269214661394
5276,af4ec_00021,5,0.5772237491559596,random,2,207.9269214661394
5277,af4ec_00021,6,0.5764935442354797,random,2,207.9269214661394
5278,af4ec_00021,7,0.5964353651476305,random,2,207.9269214661394
5279,af4ec_00021,8,0.5673159995063151,random,2,207.9269214661394
5280,af4ec_00021,9,0.6261965912752612,random,2,207.9269214661394
5281,af4ec_00021,10,0.6247753188332746,random,2,207.9269214661394
5282,af4ec_00021,11,0.6133516276454732,random,2,207.9269214661394
5283,af4ec_00021,12,0.623118545374643,random,2,207.9269214661394
5284,af4ec_00021,13,0.6160374151447927,random,2,207.9269214661394
5285,af4ec_00021,14,0.6160374151447927,random,2,207.9269214661394
5286,af4ec_00021,15,0.6509935410864203,random,2,207.9269214661394
5287,af4ec_00021,16,0.8164227315949675,random,2,207.9269214661394
5288,af4ec_00021,17,0.7167916531230769,random,2,207.9269214661394
5289,af4ec_00021,18,0.7050447038713884,random,2,207.9269214661394
5290,af4ec_00021,19,0.7087512194749674,random,2,207.9269214661394
5291,af4ec_00021,20,0.7100387102455279,random,2,207.9269214661394
5292,af4ec_00021,21,0.7167890675838988,random,2,207.9269214661394
5293,af4ec_00021,22,0.7223619844534426,random,2,207.9269214661394
5294,af4ec_00021,23,0.8160979233156447,random,2,207.9269214661394
5295,af4ec_00021,24,0.7946469540137416,random,2,207.9269214661394
5296,af4ec_00021,25,0.7897892441860466,random,2,207.9269214661394
5297,af4ec_00021,26,0.8098309858720891,random,2,207.9269214661394
5298,af4ec_00021,27,0.7770235706134656,random,2,207.9269214661394
5299,af4ec_00021,28,0.8170859538784068,random,2,207.9269214661394
5300,af4ec_00021,29,0.8482800724180034,random,2,207.9269214661394
5301,af4ec_00021,30,0.8160979233156447,random,2,207.9269214661394
5302,af4ec_00021,31,0.7934733586753431,random,2,207.9269214661394
5303,af4ec_00021,32,0.8791458517546478,random,2,207.9269214661394
5304,af4ec_00021,33,0.7338404899980452,random,2,207.9269214661394
5305,af4ec_00021,34,0.6969208736126029,random,2,207.9269214661394
5306,af4ec_00021,35,0.8242469426623897,random,2,207.9269214661394
5307,af4ec_00021,36,0.7962857023675445,random,2,207.9269214661394
5308,af4ec_00021,37,0.7806888782685875,random,2,207.9269214661394
5309,af4ec_00021,38,0.7545061014292644,random,2,207.9269214661394
5310,af4ec_00021,39,0.7923931136569154,random,2,207.9269214661394
5311,af4ec_00021,40,0.7375780963130275,random,2,207.9269214661394
5312,af4ec_00021,41,0.7879749926736348,random,2,207.9269214661394
5313,af4ec_00021,42,0.8194309387113532,random,2,207.9269214661394
5314,af4ec_00021,43,0.7706004895436159,random,2,207.9269214661394
5315,af4ec_00021,44,0.798958904109589,random,2,207.9269214661394
5316,af4ec_00021,45,0.8082246936067534,random,2,207.9269214661394
5317,af4ec_00021,46,0.8680135145696439,random,2,207.9269214661394
5318,af4ec_00021,47,0.7922517861542251,random,2,207.9269214661394
5319,af4ec_00021,48,0.8088516419744658,random,2,207.9269214661394
5320,af4ec_00021,49,0.8699016782630962,random,2,207.9269214661394
5321,af4ec_00021,50,0.7658662398357319,random,2,207.9269214661394
5322,af4ec_00021,51,0.8142284169618815,random,2,207.9269214661394
5323,af4ec_00021,52,0.7440581326887918,random,2,207.9269214661394
5324,af4ec_00021,53,0.8173571873320107,random,2,207.9269214661394
5325,af4ec_00021,54,0.801678922400071,random,2,207.9269214661394
5326,af4ec_00021,55,0.8297451968933097,random,2,207.9269214661394
5327,af4ec_00021,56,0.8100751003765421,random,2,207.9269214661394
5328,af4ec_00021,57,0.8384454299088446,random,2,207.9269214661394
5329,af4ec_00021,58,0.7889066951566952,random,2,207.9269214661394
5330,af4ec_00021,59,0.722278050939717,random,2,207.9269214661394
5331,af4ec_00021,60,0.7644965903095349,random,2,207.9269214661394
5332,af4ec_00021,61,0.7151490125035522,random,2,207.9269214661394
5333,af4ec_00021,62,0.7066203797067212,random,2,207.9269214661394
5334,af4ec_00021,63,0.7289477275829126,random,2,207.9269214661394
5335,af4ec_00021,64,0.7299981550950125,random,2,207.9269214661394
5336,af4ec_00021,65,0.805425697690891,random,2,207.9269214661394
5337,af4ec_00021,66,0.7987302379829633,random,2,207.9269214661394
5338,af4ec_00021,67,0.7816991581036525,random,2,207.9269214661394
5339,af4ec_00021,68,0.8282354961264806,random,2,207.9269214661394
5340,af4ec_00021,69,0.8378820209251101,random,2,207.9269214661394
5341,af4ec_00021,70,0.8263572590554676,random,2,207.9269214661394
5342,af4ec_00021,71,0.7853736495640963,random,2,207.9269214661394
5343,af4ec_00021,72,0.7748160094054677,random,2,207.9269214661394
5344,af4ec_00021,73,0.8306701432186139,random,2,207.9269214661394
5345,af4ec_00021,74,0.8147375433921246,random,2,207.9269214661394
5346,af4ec_00021,75,0.8299949522760646,random,2,207.9269214661394
5347,af4ec_00021,76,0.830240174672489,random,2,207.9269214661394
5348,af4ec_00021,77,0.8465175006316962,random,2,207.9269214661394
5349,af4ec_00021,78,0.8520106267359014,random,2,207.9269214661394
5350,af4ec_00021,79,0.8091674336473359,random,2,207.9269214661394
5351,af4ec_00021,80,0.8159991872855337,random,2,207.9269214661394
5352,af4ec_00021,81,0.8382119192823683,random,2,207.9269214661394
5353,af4ec_00021,82,0.8198038278600851,random,2,207.9269214661394
5354,af4ec_00021,83,0.7861647615293654,random,2,207.9269214661394
5355,af4ec_00021,84,0.8092324774500658,random,2,207.9269214661394
5356,af4ec_00021,85,0.804570091155457,random,2,207.9269214661394
5357,af4ec_00021,86,0.8223346744941429,random,2,207.9269214661394
5358,af4ec_00021,87,0.8284175385462555,random,2,207.9269214661394
5359,af4ec_00021,88,0.8309906008095862,random,2,207.9269214661394
5360,af4ec_00021,89,0.8395362575690444,random,2,207.9269214661394
5361,af4ec_00021,90,0.8358156278675796,random,2,207.9269214661394
5362,af4ec_00021,91,0.8519917178419332,random,2,207.9269214661394
5363,af4ec_00021,92,0.8634743848734588,random,2,207.9269214661394
5364,af4ec_00021,93,0.8510957875332833,random,2,207.9269214661394
5365,af4ec_00021,94,0.8965805742898018,random,2,207.9269214661394
5366,af4ec_00021,95,0.8655294638901196,random,2,207.9269214661394
5367,af4ec_00021,96,0.8752199033422241,random,2,207.9269214661394
5368,af4ec_00021,97,0.8775571957471047,random,2,207.9269214661394
5369,af4ec_00021,98,0.8820516178112003,random,2,207.9269214661394
5370,af4ec_00021,99,0.8705899363794101,random,2,207.9269214661394
5371,af4ec_00021,100,0.84271575799815,random,2,207.9269214661394
5372,af4ec_00021,101,0.9103745092117186,random,2,207.9269214661394
5373,af4ec_00021,102,0.8742378647732894,random,2,207.9269214661394
5374,af4ec_00021,103,0.8778770182068019,random,2,207.9269214661394
5375,af4ec_00021,104,0.8706696353755177,random,2,207.9269214661394
5376,af4ec_00021,105,0.8719806763285024,random,2,207.9269214661394
5377,af4ec_00021,106,0.8992017236667323,random,2,207.9269214661394
5378,af4ec_00021,107,0.8654679451813281,random,2,207.9269214661394
5379,af4ec_00021,108,0.8724877205292703,random,2,207.9269214661394
5380,af4ec_00021,109,0.8836106232571022,random,2,207.9269214661394
5381,af4ec_00021,110,0.8796699578337296,random,2,207.9269214661394
5382,af4ec_00021,111,0.8634099243701217,random,2,207.9269214661394
5383,af4ec_00021,112,0.8589836039808998,random,2,207.9269214661394
5384,af4ec_00021,113,0.9316191363382945,random,2,207.9269214661394
5385,af4ec_00021,114,0.884561025019535,random,2,207.9269214661394
5386,af4ec_00021,115,0.9001515725653657,random,2,207.9269214661394
5387,af4ec_00021,116,0.926665562388278,random,2,207.9269214661394
5388,af4ec_00021,117,0.8499128055448618,random,2,207.9269214661394
5389,af4ec_00021,118,0.8777556619153937,random,2,207.9269214661394
5390,af4ec_00021,119,0.9244128206237294,random,2,207.9269214661394
5391,af4ec_00021,120,0.9107687752751494,random,2,207.9269214661394
5392,af4ec_00021,121,0.913374358974359,random,2,207.9269214661394
5393,af4ec_00021,122,0.940106787730832,random,2,207.9269214661394
5394,af4ec_00021,123,0.8987274584105995,random,2,207.9269214661394
5395,af4ec_00021,124,0.8576389520741967,random,2,207.9269214661394
5396,af4ec_00021,125,0.8677409923795117,random,2,207.9269214661394
5397,af4ec_00021,126,0.8966346153846154,random,2,207.9269214661394
5398,af4ec_00021,127,0.8647609129484417,random,2,207.9269214661394
5399,af4ec_00021,128,0.8945939118352911,random,2,207.9269214661394
5400,af4ec_00021,129,0.8509665835653497,random,2,207.9269214661394
5401,af4ec_00021,130,0.8767756392301229,random,2,207.9269214661394
5402,af4ec_00021,131,0.8727290079647401,random,2,207.9269214661394
5403,af4ec_00021,132,0.8667842040764366,random,2,207.9269214661394
5404,af4ec_00021,133,0.8637064904485444,random,2,207.9269214661394
5405,af4ec_00021,134,0.88045330404087,random,2,207.9269214661394
5406,af4ec_00021,135,0.8423682426321233,random,2,207.9269214661394
5407,af4ec_00021,136,0.8642813388023065,random,2,207.9269214661394
5408,af4ec_00021,137,0.8874277000819492,random,2,207.9269214661394
5409,af4ec_00021,138,0.8643892339544513,random,2,207.9269214661394
5410,af4ec_00021,139,0.9205452127659575,random,2,207.9269214661394
5411,af4ec_00021,140,0.8931056293485136,random,2,207.9269214661394
5412,af4ec_00021,141,0.8317145998620215,random,2,207.9269214661394
5413,af4ec_00021,142,0.8857153028289348,random,2,207.9269214661394
5414,af4ec_00021,143,0.8699016782630962,random,2,207.9269214661394
5415,af4ec_00021,144,0.8806301294360549,random,2,207.9269214661394
5416,af4ec_00021,145,0.8773173641703378,random,2,207.9269214661394
5417,af4ec_00021,146,0.8761095890410959,random,2,207.9269214661394
5418,af4ec_00021,147,0.874377827725797,random,2,207.9269214661394
5419,af4ec_00021,148,0.8940175845297109,random,2,207.9269214661394
5420,af4ec_00021,149,0.8767438379622904,random,2,207.9269214661394
5421,af4ec_00021,150,0.8740094066103987,random,2,207.9269214661394
5422,af4ec_00021,151,0.8312440386973703,random,2,207.9269214661394
5423,af4ec_00021,152,0.8554416301720431,random,2,207.9269214661394
5424,af4ec_00021,153,0.875975002758757,random,2,207.9269214661394
5425,af4ec_00021,154,0.8753614806246386,random,2,207.9269214661394
5426,af4ec_00021,155,0.8300984002163556,random,2,207.9269214661394
5427,af4ec_00021,156,0.8462324567379752,random,2,207.9269214661394
5428,af4ec_00021,157,0.8555083315347622,random,2,207.9269214661394
5429,af4ec_00021,158,0.8666852173521988,random,2,207.9269214661394
5430,af4ec_00021,159,0.8522278239542171,random,2,207.9269214661394
5431,af4ec_00021,160,0.8646408839779005,random,2,207.9269214661394
5432,af4ec_00021,161,0.8625787093068004,random,2,207.9269214661394
5433,af4ec_00021,162,0.854792467583241,random,2,207.9269214661394
5434,af4ec_00021,163,0.8678528817914831,random,2,207.9269214661394
5435,af4ec_00021,164,0.8599660008499788,random,2,207.9269214661394
5436,af4ec_00021,165,0.8738845375405044,random,2,207.9269214661394
5437,af4ec_00021,166,0.874264651772844,random,2,207.9269214661394
5438,af4ec_00021,167,0.8530926844270172,random,2,207.9269214661394
5439,af4ec_00021,168,0.884814614268252,random,2,207.9269214661394
5440,af4ec_00021,169,0.8732763029968457,random,2,207.9269214661394
5441,af4ec_00021,170,0.8656462110775855,random,2,207.9269214661394
5442,af4ec_00021,171,0.879805897723031,random,2,207.9269214661394
5443,af4ec_00021,172,0.8868823313428797,random,2,207.9269214661394
5444,af4ec_00021,173,0.8343736585026279,random,2,207.9269214661394
5445,af4ec_00021,174,0.8772308485278011,random,2,207.9269214661394
5446,af4ec_00021,175,0.8550121093980743,random,2,207.9269214661394
5447,af4ec_00021,176,0.8656506316199496,random,2,207.9269214661394
5448,af4ec_00021,177,0.8330316358882344,random,2,207.9269214661394
5449,af4ec_00021,178,0.8524645958195674,random,2,207.9269214661394
5450,af4ec_00021,179,0.8439526970370731,random,2,207.9269214661394
5451,af4ec_00021,180,0.8780421201262805,random,2,207.9269214661394
5452,af4ec_00021,181,0.8681950233674371,random,2,207.9269214661394
5453,af4ec_00021,182,0.8774390763001794,random,2,207.9269214661394
5454,af4ec_00021,183,0.852465289755088,random,2,207.9269214661394
5455,af4ec_00021,184,0.8646395386803469,random,2,207.9269214661394
5456,af4ec_00021,185,0.8814316970482887,random,2,207.9269214661394
5457,af4ec_00021,186,0.8942170766089341,random,2,207.9269214661394
5458,af4ec_00021,187,0.8737292669876939,random,2,207.9269214661394
5459,af4ec_00021,188,0.8663160329840446,random,2,207.9269214661394
5460,af4ec_00021,189,0.8852359028843506,random,2,207.9269214661394
5461,af4ec_00021,190,0.8627760893512604,random,2,207.9269214661394
5462,af4ec_00021,191,0.8518028499170515,random,2,207.9269214661394
5463,af4ec_00021,192,0.8697769982742241,random,2,207.9269214661394
5464,af4ec_00021,193,0.8841461187214612,random,2,207.9269214661394
5465,af4ec_00021,194,0.8780815423514539,random,2,207.9269214661394
5466,af4ec_00021,195,0.8897226983854225,random,2,207.9269214661394
5467,af4ec_00021,196,0.8610224762439076,random,2,207.9269214661394
5468,af4ec_00021,197,0.8788888888888888,random,2,207.9269214661394
5469,af4ec_00021,198,0.8788888888888888,random,2,207.9269214661394
5470,af4ec_00021,199,0.8807058182313666,random,2,207.9269214661394
5471,af4ec_00021,200,0.8658183921341815,random,2,207.9269214661394
5472,af4ec_00021,201,0.8615287452950147,random,2,207.9269214661394
5473,af4ec_00021,202,0.8459686610994454,random,2,207.9269214661394
5474,af4ec_00021,203,0.8692735770279842,random,2,207.9269214661394
5475,af4ec_00021,204,0.8678437667201713,random,2,207.9269214661394
5476,af4ec_00021,205,0.8567243493663987,random,2,207.9269214661394
5477,af4ec_00021,206,0.8652931051938848,random,2,207.9269214661394
5478,af4ec_00021,207,0.8728687791962494,random,2,207.9269214661394
5479,af4ec_00021,208,0.8870815411574611,random,2,207.9269214661394
5480,af4ec_00021,209,0.8579774566506226,random,2,207.9269214661394
5481,af4ec_00021,210,0.8759605601182747,random,2,207.9269214661394
5482,af4ec_00021,211,0.8651522871728591,random,2,207.9269214661394
5483,af4ec_00021,212,0.8779936182895614,random,2,207.9269214661394
5484,af4ec_00021,213,0.8727138818242257,random,2,207.9269214661394
5485,af4ec_00021,214,0.8802238277376399,random,2,207.9269214661394
5486,af4ec_00021,215,0.8881812519686274,random,2,207.9269214661394
5487,af4ec_00021,216,0.8597220329745197,random,2,207.9269214661394
5488,af4ec_00021,217,0.8504983300781768,random,2,207.9269214661394
5489,af4ec_00021,218,0.8969323633934074,random,2,207.9269214661394
5490,af4ec_00021,219,0.8909591058802987,random,2,207.9269214661394
5491,af4ec_00021,220,0.8682315762038183,random,2,207.9269214661394
5492,af4ec_00021,221,0.8752243084733893,random,2,207.9269214661394
5493,af4ec_00021,222,0.8666847894733951,random,2,207.9269214661394
5494,af4ec_00021,223,0.8834779250061642,random,2,207.9269214661394
5495,af4ec_00021,224,0.8666712234755748,random,2,207.9269214661394
5496,af4ec_00021,225,0.8722152923669468,random,2,207.9269214661394
5497,af4ec_00021,226,0.8867817933453632,random,2,207.9269214661394
5498,af4ec_00021,227,0.8747104510151247,random,2,207.9269214661394
5499,af4ec_00021,228,0.8776939532555017,random,2,207.9269214661394
5500,af4ec_00021,229,0.8811856601047499,random,2,207.9269214661394
5501,af4ec_00021,230,0.8652931051938848,random,2,207.9269214661394
5502,af4ec_00021,231,0.8717281527707337,random,2,207.9269214661394
5503,af4ec_00021,232,0.8617402373792805,random,2,207.9269214661394
5504,af4ec_00021,233,0.8747573710250606,random,2,207.9269214661394
5505,af4ec_00021,234,0.8717127674070038,random,2,207.9269214661394
5506,af4ec_00021,235,0.8847632404939232,random,2,207.9269214661394
5507,af4ec_00021,236,0.8743550840957766,random,2,207.9269214661394
5508,af4ec_00021,237,0.8870815411574611,random,2,207.9269214661394
5509,af4ec_00021,238,0.8908575215222991,random,2,207.9269214661394
5510,af4ec_00021,239,0.8836900124233379,random,2,207.9269214661394
5511,af4ec_00021,240,0.8793781975600158,random,2,207.9269214661394
5512,af4ec_00021,241,0.8887934359549774,random,2,207.9269214661394
5513,af4ec_00021,242,0.8815717814490647,random,2,207.9269214661394
5514,af4ec_00021,243,0.8833404164895877,random,2,207.9269214661394
5515,af4ec_00021,244,0.8798607263026204,random,2,207.9269214661394
5516,af4ec_00021,245,0.8792069764273062,random,2,207.9269214661394
5517,af4ec_00021,246,0.8872491145218417,random,2,207.9269214661394
5518,af4ec_00021,247,0.8897226983854225,random,2,207.9269214661394
5519,af4ec_00021,248,0.880019709288002,random,2,207.9269214661394
5520,af4ec_00021,249,0.8937645073407865,random,2,207.9269214661394
5521,af4ec_00021,250,0.8819101493520098,random,2,207.9269214661394
5522,af4ec_00022,0,0.4870233045965888,random,3,195.49131142910835
5523,af4ec_00022,1,0.5202776344533543,random,3,195.49131142910835
5524,af4ec_00022,2,0.7765313294047683,random,3,195.49131142910835
5525,af4ec_00022,3,0.7994774197559547,random,3,195.49131142910835
5526,af4ec_00022,4,0.656380538285076,random,3,195.49131142910835
5527,af4ec_00022,5,0.6592412407440852,random,3,195.49131142910835
5528,af4ec_00022,6,0.7006642237284346,random,3,195.49131142910835
5529,af4ec_00022,7,0.5813399524746679,random,3,195.49131142910835
5530,af4ec_00022,8,0.6776775673112968,random,3,195.49131142910835
5531,af4ec_00022,9,0.5997357220142431,random,3,195.49131142910835
5532,af4ec_00022,10,0.6271582865959687,random,3,195.49131142910835
5533,af4ec_00022,11,0.7105009337355579,random,3,195.49131142910835
5534,af4ec_00022,12,0.6987962405173287,random,3,195.49131142910835
5535,af4ec_00022,13,0.655212493042581,random,3,195.49131142910835
5536,af4ec_00022,14,0.6864538065346854,random,3,195.49131142910835
5537,af4ec_00022,15,0.6766728468299149,random,3,195.49131142910835
5538,af4ec_00022,16,0.6541733120680489,random,3,195.49131142910835
5539,af4ec_00022,17,0.6946173579219288,random,3,195.49131142910835
5540,af4ec_00022,18,0.7313409234661606,random,3,195.49131142910835
5541,af4ec_00022,19,0.667158596101581,random,3,195.49131142910835
5542,af4ec_00022,20,0.759011334434655,random,3,195.49131142910835
5543,af4ec_00022,21,0.6953543057837537,random,3,195.49131142910835
5544,af4ec_00022,22,0.6552885794656883,random,3,195.49131142910835
5545,af4ec_00022,23,0.7228077325016038,random,3,195.49131142910835
5546,af4ec_00022,24,0.7122404072457661,random,3,195.49131142910835
5547,af4ec_00022,25,0.6882140195831811,random,3,195.49131142910835
5548,af4ec_00022,26,0.636776038914901,random,3,195.49131142910835
5549,af4ec_00022,27,0.6583445793972109,random,3,195.49131142910835
5550,af4ec_00022,28,0.7176677632395823,random,3,195.49131142910835
5551,af4ec_00022,29,0.7275984884680538,random,3,195.49131142910835
5552,af4ec_00022,30,0.7281172199446633,random,3,195.49131142910835
5553,af4ec_00022,31,0.7147775932040028,random,3,195.49131142910835
5554,af4ec_00022,32,0.6778977808088353,random,3,195.49131142910835
5555,af4ec_00022,33,0.6744227202582362,random,3,195.49131142910835
5556,af4ec_00022,34,0.6843819636718479,random,3,195.49131142910835
5557,af4ec_00022,35,0.7015375928419407,random,3,195.49131142910835
5558,af4ec_00022,36,0.718540015394537,random,3,195.49131142910835
5559,af4ec_00022,37,0.6973295789999545,random,3,195.49131142910835
5560,af4ec_00022,38,0.7244865107207807,random,3,195.49131142910835
5561,af4ec_00022,39,0.7466038250890062,random,3,195.49131142910835
5562,af4ec_00022,40,0.7453108846551469,random,3,195.49131142910835
5563,af4ec_00022,41,0.7536823964439288,random,3,195.49131142910835
5564,af4ec_00022,42,0.6991218946749977,random,3,195.49131142910835
5565,af4ec_00022,43,0.699088534485784,random,3,195.49131142910835
5566,af4ec_00022,44,0.7398989898989898,random,3,195.49131142910835
5567,af4ec_00022,45,0.7304236001363453,random,3,195.49131142910835
5568,af4ec_00022,46,0.7347303541043888,random,3,195.49131142910835
5569,af4ec_00022,47,0.7528409090909091,random,3,195.49131142910835
5570,af4ec_00022,48,0.7413905161303875,random,3,195.49131142910835
5571,af4ec_00022,49,0.7566666666666666,random,3,195.49131142910835
5572,af4ec_00022,50,0.7779628849711322,random,3,195.49131142910835
5573,af4ec_00022,51,0.7449710024855012,random,3,195.49131142910835
5574,af4ec_00022,52,0.7503501400560224,random,3,195.49131142910835
5575,af4ec_00022,53,0.7108870728963108,random,3,195.49131142910835
5576,af4ec_00022,54,0.7350813743218807,random,3,195.49131142910835
5577,af4ec_00022,55,0.7261071426745274,random,3,195.49131142910835
5578,af4ec_00022,56,0.7578556678015294,random,3,195.49131142910835
5579,af4ec_00022,57,0.7818400003216128,random,3,195.49131142910835
5580,af4ec_00022,58,0.7193058171335265,random,3,195.49131142910835
5581,af4ec_00022,59,0.7478830244966603,random,3,195.49131142910835
5582,af4ec_00022,60,0.7404504183817227,random,3,195.49131142910835
5583,af4ec_00022,61,0.7137504072987944,random,3,195.49131142910835
5584,af4ec_00022,62,0.7188169933863534,random,3,195.49131142910835
5585,af4ec_00022,63,0.7848855822665655,random,3,195.49131142910835
5586,af4ec_00022,64,0.7412187421648815,random,3,195.49131142910835
5587,af4ec_00022,65,0.7323478988795078,random,3,195.49131142910835
5588,af4ec_00022,66,0.7522900060878059,random,3,195.49131142910835
5589,af4ec_00022,67,0.7157205900439949,random,3,195.49131142910835
5590,af4ec_00022,68,0.756414950419527,random,3,195.49131142910835
5591,af4ec_00022,69,0.764930001772107,random,3,195.49131142910835
5592,af4ec_00022,70,0.75070934191376,random,3,195.49131142910835
5593,af4ec_00022,71,0.7318014106327463,random,3,195.49131142910835
5594,af4ec_00022,72,0.801229591537012,random,3,195.49131142910835
5595,af4ec_00022,73,0.7693447869052221,random,3,195.49131142910835
5596,af4ec_00022,74,0.7657989363867419,random,3,195.49131142910835
5597,af4ec_00022,75,0.7567296741210133,random,3,195.49131142910835
5598,af4ec_00022,76,0.7342352941176471,random,3,195.49131142910835
5599,af4ec_00022,77,0.7798295454545454,random,3,195.49131142910835
5600,af4ec_00022,78,0.7610982807287657,random,3,195.49131142910835
5601,af4ec_00022,79,0.7208638947632613,random,3,195.49131142910835
5602,af4ec_00022,80,0.7610996430887427,random,3,195.49131142910835
5603,af4ec_00022,81,0.7860262694821518,random,3,195.49131142910835
5604,af4ec_00022,82,0.7517749624597262,random,3,195.49131142910835
5605,af4ec_00022,83,0.7375237752863901,random,3,195.49131142910835
5606,af4ec_00022,84,0.7659428695851307,random,3,195.49131142910835
5607,af4ec_00022,85,0.7389200448458337,random,3,195.49131142910835
5608,af4ec_00022,86,0.7468074949277956,random,3,195.49131142910835
5609,af4ec_00022,87,0.7510450038138825,random,3,195.49131142910835
5610,af4ec_00022,88,0.7300012462439591,random,3,195.49131142910835
5611,af4ec_00022,89,0.7737777777777778,random,3,195.49131142910835
5612,af4ec_00022,90,0.799089743738997,random,3,195.49131142910835
5613,af4ec_00022,91,0.7874664823194235,random,3,195.49131142910835
5614,af4ec_00022,92,0.7622984811570162,random,3,195.49131142910835
5615,af4ec_00022,93,0.7681848786950762,random,3,195.49131142910835
5616,af4ec_00022,94,0.7790274790823539,random,3,195.49131142910835
5617,af4ec_00022,95,0.7869679772711203,random,3,195.49131142910835
5618,af4ec_00022,96,0.7238647972010945,random,3,195.49131142910835
5619,af4ec_00022,97,0.7173470032260025,random,3,195.49131142910835
5620,af4ec_00022,98,0.7089164334266294,random,3,195.49131142910835
5621,af4ec_00022,99,0.751350196702194,random,3,195.49131142910835
5622,af4ec_00022,100,0.7743776464478368,random,3,195.49131142910835
5623,af4ec_00022,101,0.7269942606564777,random,3,195.49131142910835
5624,af4ec_00022,102,0.7405590009091758,random,3,195.49131142910835
5625,af4ec_00022,103,0.7410311436858847,random,3,195.49131142910835
5626,af4ec_00022,104,0.7328079294884373,random,3,195.49131142910835
5627,af4ec_00022,105,0.7519071837253655,random,3,195.49131142910835
5628,af4ec_00022,106,0.7882591263038747,random,3,195.49131142910835
5629,af4ec_00022,107,0.7332636134847526,random,3,195.49131142910835
5630,af4ec_00022,108,0.7842847428105282,random,3,195.49131142910835
5631,af4ec_00022,109,0.7734744226341294,random,3,195.49131142910835
5632,af4ec_00022,110,0.7931255025466917,random,3,195.49131142910835
5633,af4ec_00022,111,0.7516295658590579,random,3,195.49131142910835
5634,af4ec_00022,112,0.7303529411764706,random,3,195.49131142910835
5635,af4ec_00022,113,0.7432621778801921,random,3,195.49131142910835
5636,af4ec_00022,114,0.7478197674418605,random,3,195.49131142910835
5637,af4ec_00022,115,0.7069505238231917,random,3,195.49131142910835
5638,af4ec_00022,116,0.7223240915497868,random,3,195.49131142910835
5639,af4ec_00022,117,0.7247807017543859,random,3,195.49131142910835
5640,af4ec_00022,118,0.7266217110506765,random,3,195.49131142910835
5641,af4ec_00022,119,0.7101382818737536,random,3,195.49131142910835
5642,af4ec_00022,120,0.7311352191943128,random,3,195.49131142910835
5643,af4ec_00022,121,0.7507253252675213,random,3,195.49131142910835
5644,af4ec_00022,122,0.7014530935331984,random,3,195.49131142910835
5645,af4ec_00022,123,0.7278987700552325,random,3,195.49131142910835
5646,af4ec_00022,124,0.7223853109378677,random,3,195.49131142910835
5647,af4ec_00022,125,0.738750354139956,random,3,195.49131142910835
5648,af4ec_00022,126,0.7474108170310703,random,3,195.49131142910835
5649,af4ec_00022,127,0.7373129736281849,random,3,195.49131142910835
5650,af4ec_00022,128,0.7026439232409382,random,3,195.49131142910835
5651,af4ec_00022,129,0.778572917918063,random,3,195.49131142910835
5652,af4ec_00022,130,0.7556145076041393,random,3,195.49131142910835
5653,af4ec_00022,131,0.7478830244966603,random,3,195.49131142910835
5654,af4ec_00022,132,0.7791759954692454,random,3,195.49131142910835
5655,af4ec_00022,133,0.809487270294731,random,3,195.49131142910835
5656,af4ec_00022,134,0.7808949829138656,random,3,195.49131142910835
5657,af4ec_00022,135,0.7958243018158138,random,3,195.49131142910835
5658,af4ec_00022,136,0.7995976477870628,random,3,195.49131142910835
5659,af4ec_00022,137,0.80527289546716,random,3,195.49131142910835
5660,af4ec_00022,138,0.8074327076696617,random,3,195.49131142910835
5661,af4ec_00022,139,0.7865917451317876,random,3,195.49131142910835
5662,af4ec_00022,140,0.857575913934109,random,3,195.49131142910835
5663,af4ec_00022,141,0.7869386994596609,random,3,195.49131142910835
5664,af4ec_00022,142,0.7821369511660086,random,3,195.49131142910835
5665,af4ec_00022,143,0.7674699131210866,random,3,195.49131142910835
5666,af4ec_00022,144,0.8283191801265204,random,3,195.49131142910835
5667,af4ec_00022,145,0.814495796223371,random,3,195.49131142910835
5668,af4ec_00022,146,0.8373399108103587,random,3,195.49131142910835
5669,af4ec_00022,147,0.7986594807579543,random,3,195.49131142910835
5670,af4ec_00022,148,0.848731884057971,random,3,195.49131142910835
5671,af4ec_00022,149,0.8555937682492577,random,3,195.49131142910835
5672,af4ec_00022,150,0.8597501489546981,random,3,195.49131142910835
5673,af4ec_00022,151,0.811740890688259,random,3,195.49131142910835
5674,af4ec_00022,152,0.8317941461234826,random,3,195.49131142910835
5675,af4ec_00022,153,0.8387182328167295,random,3,195.49131142910835
5676,af4ec_00022,154,0.892629698600131,random,3,195.49131142910835
5677,af4ec_00022,155,0.8448475468571011,random,3,195.49131142910835
5678,af4ec_00022,156,0.8028406957827556,random,3,195.49131142910835
5679,af4ec_00022,157,0.7929883631638017,random,3,195.49131142910835
5680,af4ec_00022,158,0.8677409923795117,random,3,195.49131142910835
5681,af4ec_00022,159,0.8088516419744658,random,3,195.49131142910835
5682,af4ec_00022,160,0.8784906914893618,random,3,195.49131142910835
5683,af4ec_00022,161,0.8820575407146573,random,3,195.49131142910835
5684,af4ec_00022,162,0.798818039681827,random,3,195.49131142910835
5685,af4ec_00022,163,0.87248877484546,random,3,195.49131142910835
5686,af4ec_00022,164,0.7759858140279814,random,3,195.49131142910835
5687,af4ec_00022,165,0.8142208149779735,random,3,195.49131142910835
5688,af4ec_00022,166,0.8004283978548684,random,3,195.49131142910835
5689,af4ec_00022,167,0.8028400999077974,random,3,195.49131142910835
5690,af4ec_00022,168,0.8539820262654849,random,3,195.49131142910835
5691,af4ec_00022,169,0.8835578478931039,random,3,195.49131142910835
5692,af4ec_00022,170,0.836743098393609,random,3,195.49131142910835
5693,af4ec_00022,171,0.7998875292190797,random,3,195.49131142910835
5694,af4ec_00022,172,0.8028855202768246,random,3,195.49131142910835
5695,af4ec_00022,173,0.838375708394893,random,3,195.49131142910835
5696,af4ec_00022,174,0.8489239170337739,random,3,195.49131142910835
5697,af4ec_00022,175,0.8345567413049586,random,3,195.49131142910835
5698,af4ec_00022,176,0.8449663183304621,random,3,195.49131142910835
5699,af4ec_00022,177,0.8078831300771544,random,3,195.49131142910835
5700,af4ec_00022,178,0.8108751915939392,random,3,195.49131142910835
5701,af4ec_00022,179,0.8268337975858867,random,3,195.49131142910835
5702,af4ec_00022,180,0.7991063728872025,random,3,195.49131142910835
5703,af4ec_00022,181,0.783191031740859,random,3,195.49131142910835
5704,af4ec_00022,182,0.7970942101376883,random,3,195.49131142910835
5705,af4ec_00022,183,0.819857062780269,random,3,195.49131142910835
5706,af4ec_00022,184,0.8183553453859012,random,3,195.49131142910835
5707,af4ec_00022,185,0.8054249375870197,random,3,195.49131142910835
5708,af4ec_00022,186,0.8351591703672985,random,3,195.49131142910835
5709,af4ec_00022,187,0.8504202022313987,random,3,195.49131142910835
5710,af4ec_00022,188,0.8269444444444445,random,3,195.49131142910835
5711,af4ec_00022,189,0.8016361741501128,random,3,195.49131142910835
5712,af4ec_00022,190,0.8422222222222222,random,3,195.49131142910835
5713,af4ec_00022,191,0.8237025147137507,random,3,195.49131142910835
5714,af4ec_00022,192,0.8211031343941032,random,3,195.49131142910835
5715,af4ec_00022,193,0.8273315299362555,random,3,195.49131142910835
5716,af4ec_00022,194,0.8147128869022853,random,3,195.49131142910835
5717,af4ec_00022,195,0.8259025193233551,random,3,195.49131142910835
5718,af4ec_00022,196,0.8118355776045358,random,3,195.49131142910835
5719,af4ec_00022,197,0.8210467245554964,random,3,195.49131142910835
5720,af4ec_00022,198,0.8446748183590289,random,3,195.49131142910835
5721,af4ec_00022,199,0.8204525555102749,random,3,195.49131142910835
5722,af4ec_00022,200,0.7905301318404696,random,3,195.49131142910835
5723,af4ec_00022,201,0.7868872655867959,random,3,195.49131142910835
5724,af4ec_00022,202,0.8410108132746814,random,3,195.49131142910835
5725,af4ec_00022,203,0.8668377308935082,random,3,195.49131142910835
5726,af4ec_00022,204,0.8257703239209957,random,3,195.49131142910835
5727,af4ec_00022,205,0.820149742224819,random,3,195.49131142910835
5728,af4ec_00022,206,0.8522278239542171,random,3,195.49131142910835
5729,af4ec_00022,207,0.8599612901938484,random,3,195.49131142910835
5730,af4ec_00022,208,0.8525394270250093,random,3,195.49131142910835
5731,af4ec_00022,209,0.8024920567081116,random,3,195.49131142910835
5732,af4ec_00022,210,0.8009745127436282,random,3,195.49131142910835
5733,af4ec_00022,211,0.8177550809862788,random,3,195.49131142910835
5734,af4ec_00022,212,0.8380019583340095,random,3,195.49131142910835
5735,af4ec_00022,213,0.8851708748775153,random,3,195.49131142910835
5736,af4ec_00022,214,0.8345833333333333,random,3,195.49131142910835
5737,af4ec_00022,215,0.9047646079027545,random,3,195.49131142910835
5738,af4ec_00022,216,0.8707879646929966,random,3,195.49131142910835
5739,af4ec_00022,217,0.832683754383351,random,3,195.49131142910835
5740,af4ec_00022,218,0.8745181113782969,random,3,195.49131142910835
5741,af4ec_00022,219,0.9084670481373294,random,3,195.49131142910835
5742,af4ec_00022,220,0.8793226183707525,random,3,195.49131142910835
5743,af4ec_00022,221,0.8672929603372731,random,3,195.49131142910835
5744,af4ec_00022,222,0.8838722940820178,random,3,195.49131142910835
5745,af4ec_00022,223,0.8970903979727523,random,3,195.49131142910835
5746,af4ec_00022,224,0.8785425101214575,random,3,195.49131142910835
5747,af4ec_00022,225,0.9046834452707355,random,3,195.49131142910835
5748,af4ec_00022,226,0.8605823456940083,random,3,195.49131142910835
5749,af4ec_00022,227,0.8772534654887596,random,3,195.49131142910835
5750,af4ec_00022,228,0.8426805311534582,random,3,195.49131142910835
5751,af4ec_00022,229,0.8881262302944839,random,3,195.49131142910835
5752,af4ec_00022,230,0.9047646079027545,random,3,195.49131142910835
5753,af4ec_00022,231,0.8917655804431013,random,3,195.49131142910835
5754,af4ec_00022,232,0.8939582684521956,random,3,195.49131142910835
5755,af4ec_00022,233,0.8836106232571022,random,3,195.49131142910835
5756,af4ec_00022,234,0.8776560576007375,random,3,195.49131142910835
5757,af4ec_00022,235,0.8898239864948736,random,3,195.49131142910835
5758,af4ec_00022,236,0.8704835162496903,random,3,195.49131142910835
5759,af4ec_00022,237,0.9068285381296686,random,3,195.49131142910835
5760,af4ec_00022,238,0.8926584971127585,random,3,195.49131142910835
5761,af4ec_00022,239,0.9026973604764235,random,3,195.49131142910835
5762,af4ec_00022,240,0.8901714910738701,random,3,195.49131142910835
5763,af4ec_00022,241,0.8762797660199952,random,3,195.49131142910835
5764,af4ec_00022,242,0.8793792602245389,random,3,195.49131142910835
5765,af4ec_00022,243,0.8775571957471047,random,3,195.49131142910835
5766,af4ec_00022,244,0.8829153784495591,random,3,195.49131142910835
5767,af4ec_00022,245,0.8774390763001794,random,3,195.49131142910835
5768,af4ec_00022,246,0.87717094434084,random,3,195.49131142910835
5769,af4ec_00022,247,0.9014942478569893,random,3,195.49131142910835
5770,af4ec_00022,248,0.8947836270405299,random,3,195.49131142910835
5771,af4ec_00022,249,0.8904088928252819,random,3,195.49131142910835
5772,af4ec_00022,250,0.9122390891840607,random,3,195.49131142910835
5773,af4ec_00023,0,0.5163465384728914,random,4,189.66922128514753
5774,af4ec_00023,1,0.6604166666666667,random,4,189.66922128514753
5775,af4ec_00023,2,0.6566221014476665,random,4,189.66922128514753
5776,af4ec_00023,3,0.6386510800394871,random,4,189.66922128514753
5777,af4ec_00023,4,0.6566221014476665,random,4,189.66922128514753
5778,af4ec_00023,5,0.6642146984231838,random,4,189.66922128514753
5779,af4ec_00023,6,0.5050255847953217,random,4,189.66922128514753
5780,af4ec_00023,7,0.5414567382076407,random,4,189.66922128514753
5781,af4ec_00023,8,0.5947076638776243,random,4,189.66922128514753
5782,af4ec_00023,9,0.5692756441419543,random,4,189.66922128514753
5783,af4ec_00023,10,0.6259212656083626,random,4,189.66922128514753
5784,af4ec_00023,11,0.6083199885274504,random,4,189.66922128514753
5785,af4ec_00023,12,0.6307849262941484,random,4,189.66922128514753
5786,af4ec_00023,13,0.5751810340851436,random,4,189.66922128514753
5787,af4ec_00023,14,0.5905861186235017,random,4,189.66922128514753
5788,af4ec_00023,15,0.5568043042868408,random,4,189.66922128514753
5789,af4ec_00023,16,0.5954070008285004,random,4,189.66922128514753
5790,af4ec_00023,17,0.5979972125331823,random,4,189.66922128514753
5791,af4ec_00023,18,0.6023281893135218,random,4,189.66922128514753
5792,af4ec_00023,19,0.6661179469900256,random,4,189.66922128514753
5793,af4ec_00023,20,0.6466963110920879,random,4,189.66922128514753
5794,af4ec_00023,21,0.6741828951205786,random,4,189.66922128514753
5795,af4ec_00023,22,0.7061222295605696,random,4,189.66922128514753
5796,af4ec_00023,23,0.6682424916573971,random,4,189.66922128514753
5797,af4ec_00023,24,0.6319948002048404,random,4,189.66922128514753
5798,af4ec_00023,25,0.6986131273019567,random,4,189.66922128514753
5799,af4ec_00023,26,0.6648626314769284,random,4,189.66922128514753
5800,af4ec_00023,27,0.6819037785188966,random,4,189.66922128514753
5801,af4ec_00023,28,0.6937229437229437,random,4,189.66922128514753
5802,af4ec_00023,29,0.6829917197779809,random,4,189.66922128514753
5803,af4ec_00023,30,0.6734713622291022,random,4,189.66922128514753
5804,af4ec_00023,31,0.7379565687661203,random,4,189.66922128514753
5805,af4ec_00023,32,0.7330655703448845,random,4,189.66922128514753
5806,af4ec_00023,33,0.6915440605819511,random,4,189.66922128514753
5807,af4ec_00023,34,0.741785793674167,random,4,189.66922128514753
5808,af4ec_00023,35,0.7061032733723218,random,4,189.66922128514753
5809,af4ec_00023,36,0.7870813397129186,random,4,189.66922128514753
5810,af4ec_00023,37,0.7741342170671085,random,4,189.66922128514753
5811,af4ec_00023,38,0.7269355696744533,random,4,189.66922128514753
5812,af4ec_00023,39,0.7614512503578149,random,4,189.66922128514753
5813,af4ec_00023,40,0.7370430123015759,random,4,189.66922128514753
5814,af4ec_00023,41,0.7424875275554008,random,4,189.66922128514753
5815,af4ec_00023,42,0.6557045238631204,random,4,189.66922128514753
5816,af4ec_00023,43,0.714463703825406,random,4,189.66922128514753
5817,af4ec_00023,44,0.7197102160937235,random,4,189.66922128514753
5818,af4ec_00023,45,0.7264894575917711,random,4,189.66922128514753
5819,af4ec_00023,46,0.6489669181841835,random,4,189.66922128514753
5820,af4ec_00023,47,0.6910669975186104,random,4,189.66922128514753
5821,af4ec_00023,48,0.6837028505614742,random,4,189.66922128514753
5822,af4ec_00023,49,0.6876658662959687,random,4,189.66922128514753
5823,af4ec_00023,50,0.7124067405814002,random,4,189.66922128514753
5824,af4ec_00023,51,0.7204600906239107,random,4,189.66922128514753
5825,af4ec_00023,52,0.7134509564850122,random,4,189.66922128514753
5826,af4ec_00023,53,0.7145420162914258,random,4,189.66922128514753
5827,af4ec_00023,54,0.7236057896977437,random,4,189.66922128514753
5828,af4ec_00023,55,0.7610722287507612,random,4,189.66922128514753
5829,af4ec_00023,56,0.6955048860612758,random,4,189.66922128514753
5830,af4ec_00023,57,0.715624541232807,random,4,189.66922128514753
5831,af4ec_00023,58,0.664449943293123,random,4,189.66922128514753
5832,af4ec_00023,59,0.713684656318474,random,4,189.66922128514753
5833,af4ec_00023,60,0.6988579470109063,random,4,189.66922128514753
5834,af4ec_00023,61,0.7205640863126963,random,4,189.66922128514753
5835,af4ec_00023,62,0.7833106228314706,random,4,189.66922128514753
5836,af4ec_00023,63,0.747278795464027,random,4,189.66922128514753
5837,af4ec_00023,64,0.7767172193447607,random,4,189.66922128514753
5838,af4ec_00023,65,0.748624213836478,random,4,189.66922128514753
5839,af4ec_00023,66,0.7740315172760763,random,4,189.66922128514753
5840,af4ec_00023,67,0.7304308180363559,random,4,189.66922128514753
5841,af4ec_00023,68,0.7577210095662803,random,4,189.66922128514753
5842,af4ec_00023,69,0.7330673649734964,random,4,189.66922128514753
5843,af4ec_00023,70,0.7679910044977512,random,4,189.66922128514753
5844,af4ec_00023,71,0.7862926547137074,random,4,189.66922128514753
5845,af4ec_00023,72,0.7929183656486644,random,4,189.66922128514753
5846,af4ec_00023,73,0.7948210984905812,random,4,189.66922128514753
5847,af4ec_00023,74,0.7908404154863078,random,4,189.66922128514753
5848,af4ec_00023,75,0.7897018646737641,random,4,189.66922128514753
5849,af4ec_00023,76,0.8032549659236317,random,4,189.66922128514753
5850,af4ec_00023,77,0.7230725217366942,random,4,189.66922128514753
5851,af4ec_00023,78,0.7991925201869954,random,4,189.66922128514753
5852,af4ec_00023,79,0.7908632152046171,random,4,189.66922128514753
5853,af4ec_00023,80,0.7889502473424297,random,4,189.66922128514753
5854,af4ec_00023,81,0.8005464480874317,random,4,189.66922128514753
5855,af4ec_00023,82,0.77327511991145,random,4,189.66922128514753
5856,af4ec_00023,83,0.7124887852535486,random,4,189.66922128514753
5857,af4ec_00023,84,0.7733274672245005,random,4,189.66922128514753
5858,af4ec_00023,85,0.7680607891254251,random,4,189.66922128514753
5859,af4ec_00023,86,0.7762340486696857,random,4,189.66922128514753
5860,af4ec_00023,87,0.7356091030789826,random,4,189.66922128514753
5861,af4ec_00023,88,0.7660753880266076,random,4,189.66922128514753
5862,af4ec_00023,89,0.7617343100193399,random,4,189.66922128514753
5863,af4ec_00023,90,0.7497191092160986,random,4,189.66922128514753
5864,af4ec_00023,91,0.756353248482734,random,4,189.66922128514753
5865,af4ec_00023,92,0.7505723443223443,random,4,189.66922128514753
5866,af4ec_00023,93,0.7440737410474235,random,4,189.66922128514753
5867,af4ec_00023,94,0.7426361517270608,random,4,189.66922128514753
5868,af4ec_00023,95,0.7553178687796209,random,4,189.66922128514753
5869,af4ec_00023,96,0.7402505612683279,random,4,189.66922128514753
5870,af4ec_00023,97,0.7361498482595928,random,4,189.66922128514753
5871,af4ec_00023,98,0.7344546707799814,random,4,189.66922128514753
5872,af4ec_00023,99,0.7332441579226369,random,4,189.66922128514753
5873,af4ec_00023,100,0.7158596413426093,random,4,189.66922128514753
5874,af4ec_00023,101,0.7217503229047072,random,4,189.66922128514753
5875,af4ec_00023,102,0.7287494850977317,random,4,189.66922128514753
5876,af4ec_00023,103,0.7195899441301513,random,4,189.66922128514753
5877,af4ec_00023,104,0.7228102845568296,random,4,189.66922128514753
5878,af4ec_00023,105,0.7485518412423581,random,4,189.66922128514753
5879,af4ec_00023,106,0.7353093780779514,random,4,189.66922128514753
5880,af4ec_00023,107,0.7440413585182777,random,4,189.66922128514753
5881,af4ec_00023,108,0.737128622513395,random,4,189.66922128514753
5882,af4ec_00023,109,0.7514303692324926,random,4,189.66922128514753
5883,af4ec_00023,110,0.7323737264803278,random,4,189.66922128514753
5884,af4ec_00023,111,0.7517749624597262,random,4,189.66922128514753
5885,af4ec_00023,112,0.7512264752349012,random,4,189.66922128514753
5886,af4ec_00023,113,0.7282307837400371,random,4,189.66922128514753
5887,af4ec_00023,114,0.7624692118226601,random,4,189.66922128514753
5888,af4ec_00023,115,0.7408035701716105,random,4,189.66922128514753
5889,af4ec_00023,116,0.7479311846689896,random,4,189.66922128514753
5890,af4ec_00023,117,0.7384687653620088,random,4,189.66922128514753
5891,af4ec_00023,118,0.718493658972496,random,4,189.66922128514753
5892,af4ec_00023,119,0.7345127492201275,random,4,189.66922128514753
5893,af4ec_00023,120,0.7426717414892174,random,4,189.66922128514753
5894,af4ec_00023,121,0.7341421881651766,random,4,189.66922128514753
5895,af4ec_00023,122,0.736057544145607,random,4,189.66922128514753
5896,af4ec_00023,123,0.7416779797928534,random,4,189.66922128514753
5897,af4ec_00023,124,0.7583938015004305,random,4,189.66922128514753
5898,af4ec_00023,125,0.7679910044977512,random,4,189.66922128514753
5899,af4ec_00023,126,0.7655422776723855,random,4,189.66922128514753
5900,af4ec_00023,127,0.7665124426419908,random,4,189.66922128514753
5901,af4ec_00023,128,0.7537624517716284,random,4,189.66922128514753
5902,af4ec_00023,129,0.750180915951618,random,4,189.66922128514753
5903,af4ec_00023,130,0.7672149519776699,random,4,189.66922128514753
5904,af4ec_00023,131,0.7665455096168408,random,4,189.66922128514753
5905,af4ec_00023,132,0.775177004663749,random,4,189.66922128514753
5906,af4ec_00023,133,0.7660379003551974,random,4,189.66922128514753
5907,af4ec_00023,134,0.7780495759947814,random,4,189.66922128514753
5908,af4ec_00023,135,0.7752839963701512,random,4,189.66922128514753
5909,af4ec_00023,136,0.7652955496539514,random,4,189.66922128514753
5910,af4ec_00023,137,0.7945200815570354,random,4,189.66922128514753
5911,af4ec_00023,138,0.7973815840100444,random,4,189.66922128514753
5912,af4ec_00023,139,0.7740108561480074,random,4,189.66922128514753
5913,af4ec_00023,140,0.7730643539467068,random,4,189.66922128514753
5914,af4ec_00023,141,0.7251742160278746,random,4,189.66922128514753
5915,af4ec_00023,142,0.7382569208198556,random,4,189.66922128514753
5916,af4ec_00023,143,0.7847540760252509,random,4,189.66922128514753
5917,af4ec_00023,144,0.7481484924545257,random,4,189.66922128514753
5918,af4ec_00023,145,0.7584951019000408,random,4,189.66922128514753
5919,af4ec_00023,146,0.785143634200238,random,4,189.66922128514753
5920,af4ec_00023,147,0.7873034774875265,random,4,189.66922128514753
5921,af4ec_00023,148,0.7651515151515151,random,4,189.66922128514753
5922,af4ec_00023,149,0.7790750394001769,random,4,189.66922128514753
5923,af4ec_00023,150,0.7768734908589169,random,4,189.66922128514753
5924,af4ec_00023,151,0.7924703617335619,random,4,189.66922128514753
5925,af4ec_00023,152,0.7858917285542062,random,4,189.66922128514753
5926,af4ec_00023,153,0.7840978969376461,random,4,189.66922128514753
5927,af4ec_00023,154,0.8355391085452435,random,4,189.66922128514753
5928,af4ec_00023,155,0.7946675465057818,random,4,189.66922128514753
5929,af4ec_00023,156,0.7744434085760243,random,4,189.66922128514753
5930,af4ec_00023,157,0.7737135740466982,random,4,189.66922128514753
5931,af4ec_00023,158,0.7918813127074187,random,4,189.66922128514753
5932,af4ec_00023,159,0.7895557164898139,random,4,189.66922128514753
5933,af4ec_00023,160,0.7943756202183169,random,4,189.66922128514753
5934,af4ec_00023,161,0.7698398169336385,random,4,189.66922128514753
5935,af4ec_00023,162,0.7764279334514131,random,4,189.66922128514753
5936,af4ec_00023,163,0.7762926178249739,random,4,189.66922128514753
5937,af4ec_00023,164,0.7757249665067635,random,4,189.66922128514753
5938,af4ec_00023,165,0.7811754357830487,random,4,189.66922128514753
5939,af4ec_00023,166,0.7604195717517275,random,4,189.66922128514753
5940,af4ec_00023,167,0.7711617759964764,random,4,189.66922128514753
5941,af4ec_00023,168,0.7705014720505372,random,4,189.66922128514753
5942,af4ec_00023,169,0.7632284574655085,random,4,189.66922128514753
5943,af4ec_00023,170,0.7639425261244889,random,4,189.66922128514753
5944,af4ec_00023,171,0.7631273836765828,random,4,189.66922128514753
5945,af4ec_00023,172,0.766480141940767,random,4,189.66922128514753
5946,af4ec_00023,173,0.7639700989622414,random,4,189.66922128514753
5947,af4ec_00023,174,0.7730539035839215,random,4,189.66922128514753
5948,af4ec_00023,175,0.7684682265834099,random,4,189.66922128514753
5949,af4ec_00023,176,0.7466734853614148,random,4,189.66922128514753
5950,af4ec_00023,177,0.7795604270786006,random,4,189.66922128514753
5951,af4ec_00023,178,0.7928313367560372,random,4,189.66922128514753
5952,af4ec_00023,179,0.770437999761308,random,4,189.66922128514753
5953,af4ec_00023,180,0.7933785098591412,random,4,189.66922128514753
5954,af4ec_00023,181,0.7639679228853202,random,4,189.66922128514753
5955,af4ec_00023,182,0.7763610574601643,random,4,189.66922128514753
5956,af4ec_00023,183,0.807843910130075,random,4,189.66922128514753
5957,af4ec_00023,184,0.8020628038365524,random,4,189.66922128514753
5958,af4ec_00023,185,0.7605054075009254,random,4,189.66922128514753
5959,af4ec_00023,186,0.8033256542028472,random,4,189.66922128514753
5960,af4ec_00023,187,0.8272418189545261,random,4,189.66922128514753
5961,af4ec_00023,188,0.7895093270947485,random,4,189.66922128514753
5962,af4ec_00023,189,0.8246605207509976,random,4,189.66922128514753
5963,af4ec_00023,190,0.8156505155497673,random,4,189.66922128514753
5964,af4ec_00023,191,0.8107094335164511,random,4,189.66922128514753
5965,af4ec_00023,192,0.8183553453859012,random,4,189.66922128514753
5966,af4ec_00023,193,0.8180932128300549,random,4,189.66922128514753
5967,af4ec_00023,194,0.8504202022313987,random,4,189.66922128514753
5968,af4ec_00023,195,0.8207521460689466,random,4,189.66922128514753
5969,af4ec_00023,196,0.818667445809169,random,4,189.66922128514753
5970,af4ec_00023,197,0.8222944392860827,random,4,189.66922128514753
5971,af4ec_00023,198,0.8317086854377783,random,4,189.66922128514753
5972,af4ec_00023,199,0.8297451968933097,random,4,189.66922128514753
5973,af4ec_00023,200,0.8436358959694559,random,4,189.66922128514753
5974,af4ec_00023,201,0.8072838643984668,random,4,189.66922128514753
5975,af4ec_00023,202,0.827530257180839,random,4,189.66922128514753
5976,af4ec_00023,203,0.8337268791814246,random,4,189.66922128514753
5977,af4ec_00023,204,0.8380124310356869,random,4,189.66922128514753
5978,af4ec_00023,205,0.8281166399143927,random,4,189.66922128514753
5979,af4ec_00023,206,0.8156505155497673,random,4,189.66922128514753
5980,af4ec_00023,207,0.823549106525216,random,4,189.66922128514753
5981,af4ec_00023,208,0.8265928422404109,random,4,189.66922128514753
5982,af4ec_00023,209,0.8436358959694559,random,4,189.66922128514753
5983,af4ec_00023,210,0.8246605207509976,random,4,189.66922128514753
5984,af4ec_00023,211,0.8374332368650149,random,4,189.66922128514753
5985,af4ec_00023,212,0.8317413284190693,random,4,189.66922128514753
5986,af4ec_00023,213,0.8357674081319459,random,4,189.66922128514753
5987,af4ec_00023,214,0.8344599342208923,random,4,189.66922128514753
5988,af4ec_00023,215,0.829509654663029,random,4,189.66922128514753
5989,af4ec_00023,216,0.8336473510563247,random,4,189.66922128514753
5990,af4ec_00023,217,0.8357674081319459,random,4,189.66922128514753
5991,af4ec_00023,218,0.8285845588235294,random,4,189.66922128514753
5992,af4ec_00023,219,0.8397081739623176,random,4,189.66922128514753
5993,af4ec_00023,220,0.829000452016543,random,4,189.66922128514753
5994,af4ec_00023,221,0.8520000000000001,random,4,189.66922128514753
5995,af4ec_00023,222,0.8387156290160451,random,4,189.66922128514753
5996,af4ec_00023,223,0.8168470709700095,random,4,189.66922128514753
5997,af4ec_00023,224,0.8445198768197089,random,4,189.66922128514753
5998,af4ec_00023,225,0.8405864576609103,random,4,189.66922128514753
5999,af4ec_00023,226,0.8345833333333333,random,4,189.66922128514753
6000,af4ec_00023,227,0.8490579402181613,random,4,189.66922128514753
6001,af4ec_00023,228,0.8509626042694509,random,4,189.66922128514753
6002,af4ec_00023,229,0.8218543939828322,random,4,189.66922128514753
6003,af4ec_00023,230,0.848208482976425,random,4,189.66922128514753
6004,af4ec_00023,231,0.8189581103691533,random,4,189.66922128514753
6005,af4ec_00023,232,0.8128960315220339,random,4,189.66922128514753
6006,af4ec_00023,233,0.8327316039325683,random,4,189.66922128514753
6007,af4ec_00023,234,0.820165523377899,random,4,189.66922128514753
6008,af4ec_00023,235,0.8268337975858867,random,4,189.66922128514753
6009,af4ec_00023,236,0.8355417973028072,random,4,189.66922128514753
6010,af4ec_00023,237,0.8464019935823035,random,4,189.66922128514753
6011,af4ec_00023,238,0.8238888888888889,random,4,189.66922128514753
6012,af4ec_00023,239,0.857377647143651,random,4,189.66922128514753
6013,af4ec_00023,240,0.8472412004528749,random,4,189.66922128514753
6014,af4ec_00023,241,0.8238075587193507,random,4,189.66922128514753
6015,af4ec_00023,242,0.831409920653816,random,4,189.66922128514753
6016,af4ec_00023,243,0.8338871875067875,random,4,189.66922128514753
6017,af4ec_00023,244,0.8201834660080707,random,4,189.66922128514753
6018,af4ec_00023,245,0.8549769267769987,random,4,189.66922128514753
6019,af4ec_00023,246,0.8305798871359678,random,4,189.66922128514753
6020,af4ec_00023,247,0.848377881654407,random,4,189.66922128514753
6021,af4ec_00023,248,0.838579003664004,random,4,189.66922128514753
6022,af4ec_00023,249,0.8136851764733213,random,4,189.66922128514753
6023,af4ec_00023,250,0.8270801921526001,random,4,189.66922128514753
6024,af4ec_00024,0,0.5656172328086164,random,5,205.8983950805309
6025,af4ec_00024,1,0.5803703943929583,random,5,205.8983950805309
6026,af4ec_00024,2,0.5944811978555953,random,5,205.8983950805309
6027,af4ec_00024,3,0.5061910460321694,random,5,205.8983950805309
6028,af4ec_00024,4,0.5278304870335231,random,5,205.8983950805309
6029,af4ec_00024,5,0.9045977011494253,random,5,205.8983950805309
6030,af4ec_00024,6,0.46913306749372324,random,5,205.8983950805309
6031,af4ec_00024,7,0.4541303137581116,random,5,205.8983950805309
6032,af4ec_00024,8,0.46776385022179007,random,5,205.8983950805309
6033,af4ec_00024,9,0.5162595071084952,random,5,205.8983950805309
6034,af4ec_00024,10,0.5939328723175692,random,5,205.8983950805309
6035,af4ec_00024,11,0.561590532181869,random,5,205.8983950805309
6036,af4ec_00024,12,0.6187531081021534,random,5,205.8983950805309
6037,af4ec_00024,13,0.6702104738691911,random,5,205.8983950805309
6038,af4ec_00024,14,0.7140212138329254,random,5,205.8983950805309
6039,af4ec_00024,15,0.6546089103759101,random,5,205.8983950805309
6040,af4ec_00024,16,0.7651263297872339,random,5,205.8983950805309
6041,af4ec_00024,17,0.8068270535355602,random,5,205.8983950805309
6042,af4ec_00024,18,0.6555223397788053,random,5,205.8983950805309
6043,af4ec_00024,19,0.7142105263157894,random,5,205.8983950805309
6044,af4ec_00024,20,0.7225303144376909,random,5,205.8983950805309
6045,af4ec_00024,21,0.7205905992798354,random,5,205.8983950805309
6046,af4ec_00024,22,0.8401605290434216,random,5,205.8983950805309
6047,af4ec_00024,23,0.7951713072464971,random,5,205.8983950805309
6048,af4ec_00024,24,0.6700465425531914,random,5,205.8983950805309
6049,af4ec_00024,25,0.7418428021785839,random,5,205.8983950805309
6050,af4ec_00024,26,0.8762440387846278,random,5,205.8983950805309
6051,af4ec_00024,27,0.9227094626484691,random,5,205.8983950805309
6052,af4ec_00024,28,0.9135918516232218,random,5,205.8983950805309
6053,af4ec_00024,29,0.7672805166570753,random,5,205.8983950805309
6054,af4ec_00024,30,0.7328615384615385,random,5,205.8983950805309
6055,af4ec_00024,31,0.7970968946702011,random,5,205.8983950805309
6056,af4ec_00024,32,0.7396279108183588,random,5,205.8983950805309
6057,af4ec_00024,33,0.6956962223909513,random,5,205.8983950805309
6058,af4ec_00024,34,0.8460088112305855,random,5,205.8983950805309
6059,af4ec_00024,35,0.7949185379546009,random,5,205.8983950805309
6060,af4ec_00024,36,0.7685977503648725,random,5,205.8983950805309
6061,af4ec_00024,37,0.8190730837789661,random,5,205.8983950805309
6062,af4ec_00024,38,0.7624561403508772,random,5,205.8983950805309
6063,af4ec_00024,39,0.7097385499952565,random,5,205.8983950805309
6064,af4ec_00024,40,0.826260552133242,random,5,205.8983950805309
6065,af4ec_00024,41,0.8270895249399091,random,5,205.8983950805309
6066,af4ec_00024,42,0.858888961607171,random,5,205.8983950805309
6067,af4ec_00024,43,0.7640632523604491,random,5,205.8983950805309
6068,af4ec_00024,44,0.797168641212141,random,5,205.8983950805309
6069,af4ec_00024,45,0.7418458058243791,random,5,205.8983950805309
6070,af4ec_00024,46,0.7529671100805468,random,5,205.8983950805309
6071,af4ec_00024,47,0.7932702461292241,random,5,205.8983950805309
6072,af4ec_00024,48,0.8148713108634147,random,5,205.8983950805309
6073,af4ec_00024,49,0.7618090714546688,random,5,205.8983950805309
6074,af4ec_00024,50,0.8134243184156378,random,5,205.8983950805309
6075,af4ec_00024,51,0.8354491643752302,random,5,205.8983950805309
6076,af4ec_00024,52,0.6755167351247917,random,5,205.8983950805309
6077,af4ec_00024,53,0.7834713875805317,random,5,205.8983950805309
6078,af4ec_00024,54,0.7741815476190477,random,5,205.8983950805309
6079,af4ec_00024,55,0.849189307268464,random,5,205.8983950805309
6080,af4ec_00024,56,0.7576800385237334,random,5,205.8983950805309
6081,af4ec_00024,57,0.6664864864864865,random,5,205.8983950805309
6082,af4ec_00024,58,0.81964219021853,random,5,205.8983950805309
6083,af4ec_00024,59,0.659572714384623,random,5,205.8983950805309
6084,af4ec_00024,60,0.745948717948718,random,5,205.8983950805309
6085,af4ec_00024,61,0.8210181174944206,random,5,205.8983950805309
6086,af4ec_00024,62,0.774869399587049,random,5,205.8983950805309
6087,af4ec_00024,63,0.8089114764536007,random,5,205.8983950805309
6088,af4ec_00024,64,0.8012908876827203,random,5,205.8983950805309
6089,af4ec_00024,65,0.7415207063224531,random,5,205.8983950805309
6090,af4ec_00024,66,0.785767608525251,random,5,205.8983950805309
6091,af4ec_00024,67,0.8019373783154065,random,5,205.8983950805309
6092,af4ec_00024,68,0.8515049226441631,random,5,205.8983950805309
6093,af4ec_00024,69,0.7581494519332589,random,5,205.8983950805309
6094,af4ec_00024,70,0.8680865026152403,random,5,205.8983950805309
6095,af4ec_00024,71,0.854830501880976,random,5,205.8983950805309
6096,af4ec_00024,72,0.8144270363964408,random,5,205.8983950805309
6097,af4ec_00024,73,0.8083778638803705,random,5,205.8983950805309
6098,af4ec_00024,74,0.8463868549511855,random,5,205.8983950805309
6099,af4ec_00024,75,0.8241968759210139,random,5,205.8983950805309
6100,af4ec_00024,76,0.8728958773382489,random,5,205.8983950805309
6101,af4ec_00024,77,0.797130145692774,random,5,205.8983950805309
6102,af4ec_00024,78,0.8160506725871751,random,5,205.8983950805309
6103,af4ec_00024,79,0.8287779513749514,random,5,205.8983950805309
6104,af4ec_00024,80,0.8679032566617444,random,5,205.8983950805309
6105,af4ec_00024,81,0.7705882875322472,random,5,205.8983950805309
6106,af4ec_00024,82,0.9131866814003888,random,5,205.8983950805309
6107,af4ec_00024,83,0.8374645546103452,random,5,205.8983950805309
6108,af4ec_00024,84,0.8040274031452028,random,5,205.8983950805309
6109,af4ec_00024,85,0.7637082612103254,random,5,205.8983950805309
6110,af4ec_00024,86,0.8260470990873533,random,5,205.8983950805309
6111,af4ec_00024,87,0.7704409925632986,random,5,205.8983950805309
6112,af4ec_00024,88,0.8809955410249978,random,5,205.8983950805309
6113,af4ec_00024,89,0.7941176470588235,random,5,205.8983950805309
6114,af4ec_00024,90,0.7863434743384121,random,5,205.8983950805309
6115,af4ec_00024,91,0.7925848009711515,random,5,205.8983950805309
6116,af4ec_00024,92,0.7941176470588235,random,5,205.8983950805309
6117,af4ec_00024,93,0.7047162838695282,random,5,205.8983950805309
6118,af4ec_00024,94,0.8260991622934742,random,5,205.8983950805309
6119,af4ec_00024,95,0.8053977272727273,random,5,205.8983950805309
6120,af4ec_00024,96,0.8492353723404256,random,5,205.8983950805309
6121,af4ec_00024,97,0.7469052356470667,random,5,205.8983950805309
6122,af4ec_00024,98,0.8355272925223932,random,5,205.8983950805309
6123,af4ec_00024,99,0.8741069893562152,random,5,205.8983950805309
6124,af4ec_00024,100,0.7821881118013787,random,5,205.8983950805309
6125,af4ec_00024,101,0.7491975423152379,random,5,205.8983950805309
6126,af4ec_00024,102,0.7902034468219854,random,5,205.8983950805309
6127,af4ec_00024,103,0.8135586218292985,random,5,205.8983950805309
6128,af4ec_00024,104,0.8532904201930416,random,5,205.8983950805309
6129,af4ec_00024,105,0.8022975261156282,random,5,205.8983950805309
6130,af4ec_00024,106,0.7727867999795666,random,5,205.8983950805309
6131,af4ec_00024,107,0.836436170212766,random,5,205.8983950805309
6132,af4ec_00024,108,0.8077343092159248,random,5,205.8983950805309
6133,af4ec_00024,109,0.7777290497193263,random,5,205.8983950805309
6134,af4ec_00024,110,0.8954666023631541,random,5,205.8983950805309
6135,af4ec_00024,111,0.8974393487642878,random,5,205.8983950805309
6136,af4ec_00024,112,0.8577928074750109,random,5,205.8983950805309
6137,af4ec_00024,113,0.8378680835328234,random,5,205.8983950805309
6138,af4ec_00024,114,0.8187621033469092,random,5,205.8983950805309
6139,af4ec_00024,115,0.8512416423888989,random,5,205.8983950805309
6140,af4ec_00024,116,0.8351074695477481,random,5,205.8983950805309
6141,af4ec_00024,117,0.8286353338339398,random,5,205.8983950805309
6142,af4ec_00024,118,0.8594080338266386,random,5,205.8983950805309
6143,af4ec_00024,119,0.8567209646636778,random,5,205.8983950805309
6144,af4ec_00024,120,0.8132336627022007,random,5,205.8983950805309
6145,af4ec_00024,121,0.895765388000207,random,5,205.8983950805309
6146,af4ec_00024,122,0.9118563510525257,random,5,205.8983950805309
6147,af4ec_00024,123,0.8735221649377809,random,5,205.8983950805309
6148,af4ec_00024,124,0.8772880480673277,random,5,205.8983950805309
6149,af4ec_00024,125,0.8473684210526315,random,5,205.8983950805309
6150,af4ec_00024,126,0.8475935828877006,random,5,205.8983950805309
6151,af4ec_00024,127,0.8796980642119356,random,5,205.8983950805309
6152,af4ec_00024,128,0.8113575147541421,random,5,205.8983950805309
6153,af4ec_00024,129,0.822942751057767,random,5,205.8983950805309
6154,af4ec_00024,130,0.9149944305441274,random,5,205.8983950805309
6155,af4ec_00024,131,0.9137401650355018,random,5,205.8983950805309
6156,af4ec_00024,132,0.8887303574344341,random,5,205.8983950805309
6157,af4ec_00024,133,0.9107736187479785,random,5,205.8983950805309
6158,af4ec_00024,134,0.8333524933578582,random,5,205.8983950805309
6159,af4ec_00024,135,0.8835133117950699,random,5,205.8983950805309
6160,af4ec_00024,136,0.8461048189219987,random,5,205.8983950805309
6161,af4ec_00024,137,0.8354674415858461,random,5,205.8983950805309
6162,af4ec_00024,138,0.8939392211317483,random,5,205.8983950805309
6163,af4ec_00024,139,0.9039922504271418,random,5,205.8983950805309
6164,af4ec_00024,140,0.8807951137262313,random,5,205.8983950805309
6165,af4ec_00024,141,0.9221838418729611,random,5,205.8983950805309
6166,af4ec_00024,142,0.8973121621146201,random,5,205.8983950805309
6167,af4ec_00024,143,0.9005673999110791,random,5,205.8983950805309
6168,af4ec_00024,144,0.8691647182133355,random,5,205.8983950805309
6169,af4ec_00024,145,0.8679808841099164,random,5,205.8983950805309
6170,af4ec_00024,146,0.8909586555434321,random,5,205.8983950805309
6171,af4ec_00024,147,0.8485272425402999,random,5,205.8983950805309
6172,af4ec_00024,148,0.9183010808926081,random,5,205.8983950805309
6173,af4ec_00024,149,0.9122193980072757,random,5,205.8983950805309
6174,af4ec_00024,150,0.8827107244550793,random,5,205.8983950805309
6175,af4ec_00024,151,0.8921980269384656,random,5,205.8983950805309
6176,af4ec_00024,152,0.9080567554832157,random,5,205.8983950805309
6177,af4ec_00024,153,0.8930683163752322,random,5,205.8983950805309
6178,af4ec_00024,154,0.8640322725359062,random,5,205.8983950805309
6179,af4ec_00024,155,0.8991695251850514,random,5,205.8983950805309
6180,af4ec_00024,156,0.891311171434052,random,5,205.8983950805309
6181,af4ec_00024,157,0.8954308238951809,random,5,205.8983950805309
6182,af4ec_00024,158,0.8116362631288004,random,5,205.8983950805309
6183,af4ec_00024,159,0.9125974887359056,random,5,205.8983950805309
6184,af4ec_00024,160,0.9102119076378221,random,5,205.8983950805309
6185,af4ec_00024,161,0.8435087719298245,random,5,205.8983950805309
6186,af4ec_00024,162,0.8771718703636544,random,5,205.8983950805309
6187,af4ec_00024,163,0.8741545593232547,random,5,205.8983950805309
6188,af4ec_00024,164,0.8595301159176323,random,5,205.8983950805309
6189,af4ec_00024,165,0.8895023348210831,random,5,205.8983950805309
6190,af4ec_00024,166,0.8341450216450217,random,5,205.8983950805309
6191,af4ec_00024,167,0.8659323127057945,random,5,205.8983950805309
6192,af4ec_00024,168,0.8357527233726796,random,5,205.8983950805309
6193,af4ec_00024,169,0.863017313938172,random,5,205.8983950805309
6194,af4ec_00024,170,0.8806854673906697,random,5,205.8983950805309
6195,af4ec_00024,171,0.8874391052763991,random,5,205.8983950805309
6196,af4ec_00024,172,0.9164237730401954,random,5,205.8983950805309
6197,af4ec_00024,173,0.7901365070144748,random,5,205.8983950805309
6198,af4ec_00024,174,0.8825400292229836,random,5,205.8983950805309
6199,af4ec_00024,175,0.8066894211497628,random,5,205.8983950805309
6200,af4ec_00024,176,0.8374927824965673,random,5,205.8983950805309
6201,af4ec_00024,177,0.8584722640328368,random,5,205.8983950805309
6202,af4ec_00024,178,0.8616039874235297,random,5,205.8983950805309
6203,af4ec_00024,179,0.9142010832482548,random,5,205.8983950805309
6204,af4ec_00024,180,0.8965758776058378,random,5,205.8983950805309
6205,af4ec_00024,181,0.8523951400271947,random,5,205.8983950805309
6206,af4ec_00024,182,0.8607202923316966,random,5,205.8983950805309
6207,af4ec_00024,183,0.9009362730292962,random,5,205.8983950805309
6208,af4ec_00024,184,0.8811230585424135,random,5,205.8983950805309
6209,af4ec_00024,185,0.875858355471815,random,5,205.8983950805309
6210,af4ec_00024,186,0.8998975934459805,random,5,205.8983950805309
6211,af4ec_00024,187,0.8855038450102832,random,5,205.8983950805309
6212,af4ec_00024,188,0.8633512515468373,random,5,205.8983950805309
6213,af4ec_00024,189,0.8710123894756645,random,5,205.8983950805309
6214,af4ec_00024,190,0.9080867106827657,random,5,205.8983950805309
6215,af4ec_00024,191,0.8890862481892969,random,5,205.8983950805309
6216,af4ec_00024,192,0.8789713823386536,random,5,205.8983950805309
6217,af4ec_00024,193,0.9006276599516008,random,5,205.8983950805309
6218,af4ec_00024,194,0.8086248064065561,random,5,205.8983950805309
6219,af4ec_00024,195,0.8710123894756645,random,5,205.8983950805309
6220,af4ec_00024,196,0.8727319643633202,random,5,205.8983950805309
6221,af4ec_00024,197,0.8441484716900519,random,5,205.8983950805309
6222,af4ec_00024,198,0.8522752662545617,random,5,205.8983950805309
6223,af4ec_00024,199,0.8523951400271947,random,5,205.8983950805309
6224,af4ec_00024,200,0.8736615384615385,random,5,205.8983950805309
6225,af4ec_00024,201,0.8437293431885103,random,5,205.8983950805309
6226,af4ec_00024,202,0.8415669004843972,random,5,205.8983950805309
6227,af4ec_00024,203,0.8801754385964913,random,5,205.8983950805309
6228,af4ec_00024,204,0.8877970242060849,random,5,205.8983950805309
6229,af4ec_00024,205,0.9018405470311096,random,5,205.8983950805309
6230,af4ec_00024,206,0.8388264792728592,random,5,205.8983950805309
6231,af4ec_00024,207,0.8516602316602317,random,5,205.8983950805309
6232,af4ec_00024,208,0.845526536110639,random,5,205.8983950805309
6233,af4ec_00024,209,0.844306855934763,random,5,205.8983950805309
6234,af4ec_00024,210,0.8514329521583779,random,5,205.8983950805309
6235,af4ec_00024,211,0.874599358974359,random,5,205.8983950805309
6236,af4ec_00024,212,0.8032615384615385,random,5,205.8983950805309
6237,af4ec_00024,213,0.8266769073220686,random,5,205.8983950805309
6238,af4ec_00024,214,0.8147265460142499,random,5,205.8983950805309
6239,af4ec_00024,215,0.8441142519400919,random,5,205.8983950805309
6240,af4ec_00024,216,0.8555098518096846,random,5,205.8983950805309
6241,af4ec_00024,217,0.8614005134093627,random,5,205.8983950805309
6242,af4ec_00024,218,0.8414671814671815,random,5,205.8983950805309
6243,af4ec_00024,219,0.8723427046415826,random,5,205.8983950805309
6244,af4ec_00024,220,0.9034776590682988,random,5,205.8983950805309
6245,af4ec_00024,221,0.8616471318667355,random,5,205.8983950805309
6246,af4ec_00024,222,0.8549272839669566,random,5,205.8983950805309
6247,af4ec_00024,223,0.8984601369840949,random,5,205.8983950805309
6248,af4ec_00024,224,0.8774509803921569,random,5,205.8983950805309
6249,af4ec_00024,225,0.8970223325062034,random,5,205.8983950805309
6250,af4ec_00024,226,0.8345842522052926,random,5,205.8983950805309
6251,af4ec_00024,227,0.8727593045420413,random,5,205.8983950805309
6252,af4ec_00024,228,0.8930516468626224,random,5,205.8983950805309
6253,af4ec_00024,229,0.8715126710682162,random,5,205.8983950805309
6254,af4ec_00024,230,0.867316925472555,random,5,205.8983950805309
6255,af4ec_00024,231,0.8749541407958836,random,5,205.8983950805309
6256,af4ec_00024,232,0.8681501644703514,random,5,205.8983950805309
6257,af4ec_00024,233,0.88045330404087,random,5,205.8983950805309
6258,af4ec_00024,234,0.8967126623376623,random,5,205.8983950805309
6259,af4ec_00024,235,0.8730053191489362,random,5,205.8983950805309
6260,af4ec_00024,236,0.8741545593232547,random,5,205.8983950805309
6261,af4ec_00024,237,0.8685369832216293,random,5,205.8983950805309
6262,af4ec_00024,238,0.8514613116345041,random,5,205.8983950805309
6263,af4ec_00024,239,0.88991377066412,random,5,205.8983950805309
6264,af4ec_00024,240,0.8729833196609242,random,5,205.8983950805309
6265,af4ec_00024,241,0.9000932454526875,random,5,205.8983950805309
6266,af4ec_00024,242,0.8650970642232791,random,5,205.8983950805309
6267,af4ec_00024,243,0.8814935064935066,random,5,205.8983950805309
6268,af4ec_00024,244,0.8535359863672815,random,5,205.8983950805309
6269,af4ec_00024,245,0.8656250603899742,random,5,205.8983950805309
6270,af4ec_00024,246,0.8719918761496015,random,5,205.8983950805309
6271,af4ec_00024,247,0.8804061702071653,random,5,205.8983950805309
6272,af4ec_00024,248,0.8719918761496015,random,5,205.8983950805309
6273,af4ec_00024,249,0.8671398022041155,random,5,205.8983950805309
6274,af4ec_00024,250,0.8590843616352342,random,5,205.8983950805309
