{"score": 268.3784836124763, "iteration_metrics": [0.7100809418690213, 0.8105704697986578, 0.8760683760683761, 0.8847020933977456, 0.8817647058823529, 0.8939907550077042, 0.8751871817909553, 0.8847117794486214, 0.8987003058103975, 0.9038461538461539, 0.9160287081339713, 0.9038461538461539, 0.8847020933977456, 0.8934892541087232, 0.9162871888281725, 0.8934892541087232, 0.9070107858243451, 0.9160287081339713, 0.9116207951070336, 0.8847117794486214, 0.9131476489967056, 0.9258011380652891, 0.8908502500735511, 0.9230769230769231, 0.933750376846548, 0.9162871888281725, 0.9131476489967056, 0.9258011380652891, 0.9015725101921956, 0.9131476489967056, 0.9306547619047619, 0.9374617737003058, 0.9055059523809523, 0.9306547619047619, 0.9374617737003058, 0.9180803571428571, 0.9281406295969403, 0.9180803571428571, 0.9131476489967056, 0.9384546271338724, 0.9032803765813475, 0.9055059523809523, 0.9162871888281725, 0.9082755501959602, 0.9180803571428571, 0.9105769230769231, 0.9210129635212541, 0.9180803571428571, 0.9419398907103824, 0.9210129635212541, 0.9105769230769231, 0.9291135397692775, 0.9131476489967056, 0.9291135397692775, 0.9281406295969403, 0.9210129635212541, 0.9162871888281725, 0.9210129635212541, 0.9460708782742682, 0.9157105030891439, 0.9245412844036698, 0.9291135397692775, 0.9230769230769231, 0.9180803571428571, 0.948076923076923, 0.9374617737003058, 0.9355769230769231, 0.9258011380652891, 0.9306547619047619, 0.9291135397692775, 0.933750376846548, 0.933750376846548, 0.9355769230769231, 0.9384828188701223, 0.9456394498097747, 0.946487790171842, 0.9306547619047619, 0.933750376846548, 0.948076923076923, 0.9374617737003058, 0.933750376846548, 0.9432291666666667, 0.9419398907103824, 0.9055059523809523, 0.9291135397692775, 0.9210129635212541, 0.9157105030891439, 0.9055059523809523, 0.933750376846548, 0.9405707561047367, 0.9511081162024558, 0.9432291666666667, 0.9384546271338724, 0.9230769230769231, 0.9258011380652891, 0.9157105030891439, 0.9180803571428571, 0.9258011380652891, 0.9384546271338724, 0.933750376846548, 0.9210129635212541, 0.9131476489967056, 0.9230769230769231, 0.946487790171842, 0.933750376846548, 0.9032803765813475, 0.9384546271338724, 0.9332748024582967, 0.946487790171842, 0.9306547619047619, 0.9503822629969418, 0.933750376846548, 0.9291135397692775, 0.933750376846548, 0.9258011380652891, 0.9210129635212541, 0.9547662416514875, 0.9180803571428571, 0.9355769230769231, 0.9157105030891439, 0.9306547619047619, 0.9085455077553409, 0.9230769230769231, 0.9281406295969403, 0.9419398907103824, 0.9374617737003058, 0.959225203497136, 0.9157105030891439, 0.9332748024582967, 0.9432291666666667, 0.9384828188701223, 0.9419398907103824, 0.933750376846548, 0.946487790171842, 0.9281406295969403, 0.9209101551068188, 0.9511081162024558, 0.9082755501959602, 0.9355769230769231, 0.9180803571428571, 0.933750376846548, 0.9210129635212541, 0.9419398907103824, 0.9315217391304347, 0.9511081162024558, 0.9180803571428571, 0.9432291666666667, 0.9261793826441467, 0.9384828188701223, 0.9180803571428571, 0.9230769230769231, 0.9131476489967056, 0.9230769230769231, 0.9281406295969403, 0.9180803571428571, 0.9230769230769231, 0.9258011380652891, 0.9384546271338724, 0.9291135397692775, 0.9105769230769231, 0.8980769230769231, 0.9230769230769231, 0.9281406295969403, 0.9180803571428571, 0.9432291666666667, 0.9355769230769231, 0.9355769230769231, 0.9306547619047619, 0.9180803571428571, 0.948076923076923, 0.946487790171842, 0.9032803765813475, 0.8980769230769231, 0.9258011380652891, 0.9105769230769231, 0.9432291666666667, 0.9355769230769231, 0.9511081162024558, 0.9210129635212541, 0.9105769230769231, 0.9230769230769231, 0.9432291666666667, 0.933750376846548, 0.9258011380652891, 0.9258011380652891, 0.9432291666666667, 0.9281406295969403, 0.9162871888281725, 0.9230769230769231, 0.9719626168224299, 0.9281406295969403, 0.9157105030891439, 0.9258011380652891, 0.9374617737003058, 0.933750376846548, 0.9384546271338724, 0.9209101551068188, 0.946487790171842, 0.9530008826125331, 0.9355769230769231, 0.9032803765813475, 0.9405707561047367, 0.933750376846548, 0.946487790171842, 0.9209101551068188, 0.9355769230769231, 0.9209101551068188, 0.9432291666666667, 0.9131476489967056, 0.9210129635212541, 0.9015725101921956, 0.9456394498097747, 0.9230769230769231, 0.8908502500735511, 0.9306547619047619, 0.9230769230769231, 0.960576923076923, 0.9384546271338724, 0.9209101551068188, 0.9230769230769231, 0.9032803765813475, 0.9355769230769231, 0.9085455077553409, 0.9332748024582967, 0.9032803765813475, 0.948076923076923, 0.9332748024582967, 0.933750376846548, 0.9384546271338724, 0.9281406295969403, 0.9355769230769231, 0.9131476489967056, 0.9281406295969403, 0.9355769230769231, 0.9105769230769231, 0.948076923076923, 0.9209101551068188, 0.9332748024582967, 0.9530008826125331, 0.9258011380652891, 0.9015725101921956, 0.9230769230769231, 0.9157105030891439, 0.948076923076923, 0.933750376846548, 0.9355769230769231, 0.9258011380652891, 0.9230769230769231, 0.9258011380652891, 0.9085455077553409, 0.9306547619047619, 0.9405707561047367, 0.9306547619047619, 0.9157105030891439, 0.946487790171842, 0.9355769230769231, 0.9131476489967056, 0.9180803571428571, 0.9085455077553409, 0.9405707561047367, 0.9580040971612526, 0.9432291666666667, 0.9209101551068188, 0.9281406295969403, 0.9210129635212541, 0.9432291666666667, 0.9131476489967056, 0.9432291666666667, 0.9131476489967056, 0.9105769230769231, 0.9306547619047619, 0.9131476489967056, 0.9306547619047619, 0.9291135397692775, 0.9302960620868066, 0.9405707561047367, 0.9306547619047619, 0.9258011380652891, 0.9384546271338724, 0.9055059523809523, 0.9281406295969403, 0.9355769230769231, 0.948076923076923, 0.948076923076923, 0.933750376846548, 0.9291135397692775, 0.9432291666666667, 0.9210129635212541, 0.9281406295969403, 0.9306547619047619, 0.9306547619047619], "timestamp": 1725204409, "checkpoint_dir_name": null, "done": false, "training_iteration": 1, "trial_id": "805f1_00013", "date": "2024-09-01_16-26-49", "time_this_iter_s": 13.59115719795227, "time_total_s": 13.59115719795227, "pid": 32252, "hostname": "nemo.cl.cam.ac.uk", "node_ip": "128.232.64.154", "config": {"seed": 4, "strategy": "marginal_confidence"}, "time_since_restore": 13.59115719795227, "iterations_since_restore": 1}
