{"score": 262.35392531114394, "iteration_metrics": [0.9043702226653374, 0.8482053838484547, 0.799040664375716, 0.8152235427277872, 0.7840431493415523, 0.8075169167402177, 0.7627434135166093, 0.8104884246188594, 0.8250355618776671, 0.8421803652968036, 0.8759145449224466, 0.9049306625577812, 0.8696675492791998, 0.8764600179694519, 0.8891135070380354, 0.9017669961066188, 0.9507974481658692, 0.925753339546443, 0.895990352728369, 0.895990352728369, 0.8941102756892231, 0.9154551201011378, 0.8919106317411403, 0.918411432369558, 0.9205827067669172, 0.8676378446115288, 0.9053140096618357, 0.9021017699115044, 0.9288084702907712, 0.9126281453867661, 0.8995029512270891, 0.9049306625577812, 0.8919106317411403, 0.9126281453867661, 0.9030813600485732, 0.9126281453867661, 0.9179506933744221, 0.9017669961066188, 0.9233180428134556, 0.9233180428134556, 0.9205827067669172, 0.8902550091074681, 0.9017669961066188, 0.9103975535168196, 0.9049306625577812, 0.8974770642201835, 0.895990352728369, 0.93887853370612, 0.9075892857142858, 0.9309707241910632, 0.9144204851752021, 0.8891135070380354, 0.9159077109896782, 0.9017669961066188, 0.9103975535168196, 0.8824404761904762, 0.9233180428134556, 0.9126281453867661, 0.9338189223057645, 0.9017669961066188, 0.9103975535168196, 0.9233180428134556, 0.9179506933744221, 0.9159077109896782, 0.9159077109896782, 0.93887853370612, 0.9126281453867661, 0.9470551378446115, 0.9103975535168196, 0.9179506933744221, 0.9288084702907712, 0.9159077109896782, 0.8698660714285714, 0.9049306625577812, 0.9461352657004831, 0.9126281453867661, 0.9338189223057645, 0.925753339546443, 0.9179506933744221, 0.925753339546443, 0.9103975535168196, 0.9030813600485732, 0.925753339546443, 0.925753339546443, 0.9338189223057645, 0.8974770642201835, 0.9421618204804045, 0.9373205741626793, 0.9103975535168196, 0.9103975535168196, 0.8902550091074681, 0.883252939403075, 0.925753339546443, 0.9461352657004831, 0.895990352728369, 0.9103975535168196, 0.9049306625577812, 0.9338189223057645, 0.9338189223057645, 0.9103975535168196, 0.925753339546443, 0.9049306625577812, 0.8902550091074681, 0.9030813600485732, 0.8902550091074681, 0.8845565749235474, 0.9126281453867661, 0.9288084702907712, 0.9030813600485732, 0.9126281453867661, 0.9126281453867661, 0.9049306625577812, 0.9049306625577812, 0.9049306625577812, 0.9179506933744221, 0.8974770642201835, 0.8902550091074681, 0.9288084702907712, 0.8891135070380354, 0.9030813600485732, 0.8974770642201835, 0.9030813600485732, 0.925753339546443, 0.8891135070380354, 0.895990352728369, 0.9030813600485732, 0.9103975535168196, 0.9017669961066188, 0.9030813600485732, 0.9179506933744221, 0.925753339546443, 0.8902550091074681, 0.895990352728369, 0.9030813600485732, 0.925753339546443, 0.9030813600485732, 0.9179506933744221, 0.895990352728369, 0.8891135070380354, 0.9179506933744221, 0.9179506933744221, 0.9179506933744221, 0.895990352728369, 0.9338189223057645, 0.93887853370612, 0.8891135070380354, 0.8891135070380354, 0.9205827067669172, 0.8891135070380354, 0.9103975535168196, 0.9338189223057645, 0.883252939403075, 0.9030813600485732, 0.9030813600485732, 0.9103975535168196, 0.8891135070380354, 0.8891135070380354, 0.9179506933744221, 0.9338189223057645, 0.9288084702907712, 0.9103975535168196, 0.9179506933744221, 0.9030813600485732, 0.895990352728369, 0.9126281453867661, 0.8902550091074681, 0.9103975535168196, 0.883252939403075, 0.8995029512270891, 0.8824404761904762, 0.9338189223057645, 0.9159077109896782, 0.9030813600485732, 0.895990352728369, 0.9179506933744221, 0.9179506933744221, 0.9126281453867661, 0.9179506933744221, 0.9030813600485732, 0.9103975535168196, 0.9103975535168196, 0.9126281453867661, 0.9030813600485732, 0.9233180428134556, 0.9338189223057645, 0.895990352728369, 0.895990352728369, 0.895990352728369, 0.895990352728369, 0.908727766053663, 0.9049306625577812, 0.9309707241910632, 0.8974770642201835, 0.8974770642201835, 0.9030813600485732, 0.895990352728369, 0.9103975535168196, 0.9233180428134556, 0.9233180428134556, 0.9126281453867661, 0.895990352728369, 0.9030813600485732, 0.9030813600485732, 0.9421618204804045, 0.9338189223057645, 0.8974770642201835, 0.895014880952381, 0.8884615384615384, 0.9103975535168196, 0.925753339546443, 0.9030813600485732, 0.9179506933744221, 0.9030813600485732, 0.9030813600485732, 0.9030813600485732, 0.8902550091074681, 0.925753339546443, 0.895990352728369, 0.9338189223057645, 0.9179506933744221, 0.9030813600485732, 0.9103975535168196, 0.9103975535168196, 0.8891135070380354, 0.9103975535168196, 0.9103975535168196, 0.9179506933744221, 0.895990352728369, 0.883252939403075, 0.883252939403075, 0.895990352728369, 0.9017669961066188, 0.8824404761904762, 0.9126281453867661, 0.8891135070380354, 0.8974770642201835, 0.925753339546443, 0.9179506933744221, 0.8974770642201835, 0.9179506933744221, 0.9179506933744221, 0.895990352728369, 0.9421618204804045, 0.9179506933744221, 0.8974770642201835, 0.8891135070380354, 0.8902550091074681, 0.895990352728369, 0.8764600179694519, 0.8891135070380354, 0.9103975535168196, 0.9179506933744221, 0.9103975535168196, 0.9030813600485732, 0.895990352728369, 0.895990352728369, 0.9179506933744221, 0.9126281453867661, 0.9126281453867661, 0.9103975535168196, 0.9179506933744221, 0.9030813600485732, 0.908727766053663, 0.8891135070380354, 0.9030813600485732, 0.9030813600485732, 0.9030813600485732, 0.8891135070380354, 0.9030813600485732, 0.9030813600485732, 0.9103975535168196, 0.8891135070380354, 0.8891135070380354, 0.9103975535168196, 0.8891135070380354, 0.9179506933744221, 0.9205827067669172, 0.883252939403075, 0.8824404761904762, 0.8891135070380354, 0.9049306625577812, 0.9103975535168196, 0.8884615384615384, 0.8891135070380354, 0.9049306625577812, 0.9338189223057645, 0.895990352728369, 0.8974770642201835, 0.9049306625577812, 0.9049306625577812, 0.9103975535168196], "timestamp": 1725204386, "checkpoint_dir_name": null, "done": false, "training_iteration": 1, "trial_id": "805f1_00000", "date": "2024-09-01_16-26-26", "time_this_iter_s": 13.938204526901245, "time_total_s": 13.938204526901245, "pid": 31206, "hostname": "nemo.cl.cam.ac.uk", "node_ip": "128.232.64.154", "config": {"seed": 1, "strategy": "least_confidence"}, "time_since_restore": 13.938204526901245, "iterations_since_restore": 1}
