{"score": 6820913.517365208, "iteration_metrics": [15293.252591000151, 15264.617633264048, 15254.354551627053, 15199.403028742201, 15130.132489616895, 15129.927525428364, 14969.772137910526, 14969.429643706322, 14951.788252198092, 14951.771116195967, 14907.667540159997, 14907.01880763043, 14906.816159960266, 14903.81081844896, 14834.730013111663, 14823.39717510317, 14812.59866222756, 14814.445258152826, 14811.207021160904, 14811.206968797082, 14771.368581367402, 14761.180761310286, 14758.102413482913, 14751.953925830403, 14751.953419207748, 14719.954933441666, 14608.627628266171, 14608.627691475096, 14517.021034480287, 14471.683003500551, 14469.110046242891, 14451.000852665282, 14451.000850599046, 14409.422280781564, 14330.832595487907, 14207.188121420137, 14197.239900132225, 14195.743176531401, 14150.962838996042, 14140.418774930842, 14139.544106675312, 14061.150850662167, 14056.671702061974, 14055.89496552143, 14066.724604078498, 14031.22457423246, 13982.88196874836, 13953.723813049291, 13943.67454856092, 13941.910271270302, 13932.117505634838, 13932.116685091856, 13922.794781386656, 13922.777283047386, 13912.801621517203, 13912.801621517203, 13892.073432236924, 13774.43481038281, 13757.993997849153, 13757.993997849153, 13705.918502609968, 13706.001179497294, 13703.934826366189, 13703.93482595671, 13660.344015855704, 13660.344020574066, 13660.329438501774, 13660.304188964616, 13625.996766850758, 13626.010710034172, 13604.143922675283, 13604.143922675283, 13603.242018279256, 13564.602048825524, 13513.968206613046, 13513.927202594783, 13411.890890927714, 13406.749623780632, 13403.248358564175, 13407.641436077307, 13398.824286115989, 13386.514657895434, 13324.811176030069, 13274.926202963148, 13274.926202961313, 13273.797033480345, 13273.796871565783, 13271.53249698837, 13263.325832906068, 13253.652106082594, 13180.701041873841, 13180.372414094472, 13160.523271549313, 13160.542262087298, 13138.64892044236, 13072.815918491186, 13062.45677490359, 13053.065654915776, 13053.065654915776, 12913.034053503941, 12913.034085056059, 12892.514950350365, 12892.507705752223, 12890.6878382008, 12878.130796348853, 12876.45252215661, 12876.436863092613, 12861.927566297361, 12851.350153656187, 12838.56016603196, 12840.758856117596, 12840.550730092189, 12830.247114672738, 12826.844013449721, 12824.92926820584, 12824.929268203627, 12754.171593872396, 12725.198593528643, 12619.726386845547, 12621.048387288192, 12564.08923731183, 12515.97701125698, 12504.800247236937, 12501.974808614625, 12491.96077118782, 12483.811197422887, 12416.400188360738, 12389.555730017259, 12389.555730017259, 12389.555730017213, 12378.137561369347, 12378.13756186345, 12346.495102858706, 12308.402740064044, 12308.402650727694, 12306.613932850303, 12271.751177235568, 12254.678269783153, 12187.892418237167, 12173.824526076909, 12173.190099581432, 12071.603867232485, 12016.882042357434, 11992.823816182412, 11948.065927017244, 11946.197250930052, 11861.33748387683, 11861.33715492244, 11859.179078839661, 11859.178909851544, 11859.178918614212, 11852.072532917311, 11824.94571645152, 11757.180408782358, 11748.109855176139, 11710.647145520952, 11569.388862569627, 11500.360986049005, 11492.583383551553, 11492.559549684136, 11492.559580174808, 11411.57852831824, 11408.773530967619, 11409.03377590071, 11409.00262178086, 11360.976145183886, 11353.2310990309, 11352.612825716675, 11187.879331833048, 11187.74246867748, 11170.986482138363, 11138.59739463926, 11139.105949330306, 11129.861197823664, 11129.861197822607, 11083.415527747527, 11051.360190521476, 10992.696049987746, 10930.790349078916, 10930.789741491106, 10899.23665772752, 10901.90793840975, 10884.166305921737, 10865.09311173408, 10863.756684034473, 10861.480170764014, 10861.480170788072, 10800.638251571305, 10800.6314089412, 10796.053731046422, 10770.255882820724, 10770.255884972663, 10686.891000030979, 10685.412473807153, 10664.249044571012, 10623.626914304163, 10584.66175968522, 10555.301094049615, 10488.098060326902, 10488.098060326902, 10488.703387228401, 10488.703463005582, 10372.81518181345, 10369.914168284815, 10359.93251222105, 10299.243770924813, 10216.645142849093, 10175.642181182828, 10175.706349362355, 10175.352457980547, 10165.680969589934, 10165.525695455099, 10098.670553802514, 10075.553169231735, 10075.496156181305, 10075.512147719499, 10064.261204885142, 10023.71176998875, 10023.695089136125, 9980.195842365436, 9921.083633549666, 9878.190029237117, 9875.718326317958, 9848.501139504202, 9799.153923690325, 9796.885900924719, 9796.959085778662, 9796.88593119876, 9778.725857499538, 9778.725857499534, 9679.335689232996, 9679.339270048315, 9670.910216762513, 9670.055809827561, 9641.84086176769, 9643.280224177011, 9645.62583707731, 9642.113021775436, 9602.764584718409, 9534.086798836224, 9534.086798836224, 9360.185441213811, 9353.73211620422, 9353.673983820368, 9313.89953718065, 9308.727920031562, 9308.387380221102, 9304.657854897803, 9292.290304402259, 9267.935873203287, 9202.683719063316, 9202.684422651559, 9172.126352030782, 9172.29781699277, 9172.238780813002, 9061.136790104681, 9066.929575776157, 8982.077577338447, 8980.664036876453, 8892.729556813742, 8826.06400147499, 8814.177289556575, 8808.734827988792, 8808.864255096136, 8802.340240422907, 8792.997068694567, 8792.702159485747, 8792.702162362333, 8780.80108501298, 8777.447694501543, 8772.963822296657, 8773.054537453723, 8775.721250862578, 8691.401486298051, 8694.067773747563, 8694.067122829078, 8697.36629266649, 8697.366132058094, 8583.946032739439, 8587.711442973286, 8588.495593632162, 8588.124542588359, 8562.582839852494, 8466.67535238482, 8431.946549185419, 8430.829407129588, 8419.932003514345, 8376.903585542746, 8371.522786590062, 8374.881388703176, 8331.374753874266, 8339.571469044678, 8337.393065720426, 8302.064992171305, 8302.226963396524, 8256.121537248982, 8249.375613806522, 8244.413214627877, 8203.86074571025, 8205.719441869152, 8195.746069531344, 8195.85941287013, 8191.067307313142, 8147.816092943801, 8148.1285176535475, 8148.128517731339, 8089.679204188157, 8013.856440091739, 7999.796467074992, 7970.545616785809, 7970.525035906152, 7970.5435390871025, 7971.538067646558, 7971.53806764656, 7939.036712031481, 7923.618461618515, 7921.951972891127, 7838.744124050287, 7841.433225318261, 7841.118255936318, 7838.13686609195, 7838.112360212884, 7797.499788565651, 7797.4998261310975, 7797.411700042878, 7797.411700044536, 7784.859325420929, 7735.560048301264, 7671.534768600761, 7672.733314696801, 7672.717534016212, 7672.717534016213, 7634.737723624797, 7448.955785593692, 7424.251421692784, 7424.207157666102, 7420.952533016179, 7421.491016298161, 7362.657793399839, 7281.266465551898, 7236.131456823604, 7236.950211523546, 7160.117638455669, 7161.781493339925, 7159.641871758505, 7121.689267338691, 7111.650226434997, 7110.005975335797, 7070.706758385705, 7057.104495567608, 7055.59316150714, 7038.35526862868, 7010.023509378587, 7010.023509378592, 7010.023292534501, 7010.023292491268, 7010.023292425045, 7009.8087935518215, 7010.3385572252955, 6955.872637600061, 6955.870147805661, 6931.110021429551, 6931.110562613954, 6906.6583026021835, 6897.99834256185, 6868.8707370489155, 6872.5117179754925, 6861.714646217346, 6861.649125010054, 6821.189562561751, 6818.44724841803, 6806.041413470755, 6803.813380684662, 6802.541202440786, 6738.548642446216, 6738.553555894572, 6738.553555910432, 6738.553555910405, 6730.493586504489, 6730.349945580423, 6715.073953189964, 6666.000475002762, 6666.040396701032, 6666.210562144882, 6663.288759729782, 6688.914931080888, 6681.6079923393, 6680.410127733906, 6680.410606431363, 6681.87366270406, 6682.463279829754, 6662.5049733463975, 6662.504827054704, 6662.504827054684, 6649.196394322538, 6649.216253914832, 6649.233202339388, 6649.233202339391, 6618.6404374039, 6618.619059716226, 6604.195605942588, 6570.133610236116, 6563.894117237666, 6564.224891851423, 6563.974372717392, 6563.974372409588, 6553.638521129904, 6550.780337233401, 6485.386354548938, 