,trial_id,iteration,test_metric,strategy,seed,score
0,c630c_00000,0,0.5625515637890948,least_confidence,1,246.97460561514038
1,c630c_00000,1,0.5609890247256182,least_confidence,1,246.97460561514038
2,c630c_00000,2,0.4802620065501637,least_confidence,1,246.97460561514038
3,c630c_00000,3,0.6106902672566814,least_confidence,1,246.97460561514038
4,c630c_00000,4,0.5879771994299857,least_confidence,1,246.97460561514038
5,c630c_00000,5,0.598502462561564,least_confidence,1,246.97460561514038
6,c630c_00000,6,0.6688292207305183,least_confidence,1,246.97460561514038
7,c630c_00000,7,0.6510412760319008,least_confidence,1,246.97460561514038
8,c630c_00000,8,0.5764894122353059,least_confidence,1,246.97460561514038
9,c630c_00000,9,0.7013675341883547,least_confidence,1,246.97460561514038
10,c630c_00000,10,0.5214380359508988,least_confidence,1,246.97460561514038
11,c630c_00000,11,0.46993674841871047,least_confidence,1,246.97460561514038
12,c630c_00000,12,0.4748868721718043,least_confidence,1,246.97460561514038
13,c630c_00000,13,0.5791019775494387,least_confidence,1,246.97460561514038
14,c630c_00000,14,0.6113402835070877,least_confidence,1,246.97460561514038
15,c630c_00000,15,0.6784794619865497,least_confidence,1,246.97460561514038
16,c630c_00000,16,0.6005650141253531,least_confidence,1,246.97460561514038
17,c630c_00000,17,0.6231780794519863,least_confidence,1,246.97460561514038
18,c630c_00000,18,0.5941523538088452,least_confidence,1,246.97460561514038
19,c630c_00000,19,0.5804395109877747,least_confidence,1,246.97460561514038
20,c630c_00000,20,0.5986274656866422,least_confidence,1,246.97460561514038
21,c630c_00000,21,0.5495387384684617,least_confidence,1,246.97460561514038
22,c630c_00000,22,0.6054651366284157,least_confidence,1,246.97460561514038
23,c630c_00000,23,0.5315382884572114,least_confidence,1,246.97460561514038
24,c630c_00000,24,0.5937023425585639,least_confidence,1,246.97460561514038
25,c630c_00000,25,0.6164154103852596,least_confidence,1,246.97460561514038
26,c630c_00000,26,0.5760644016100402,least_confidence,1,246.97460561514038
27,c630c_00000,27,0.6081277031925798,least_confidence,1,246.97460561514038
28,c630c_00000,28,0.5983274581864546,least_confidence,1,246.97460561514038
29,c630c_00000,29,0.6541288532213305,least_confidence,1,246.97460561514038
30,c630c_00000,30,0.7061676541913547,least_confidence,1,246.97460561514038
31,c630c_00000,31,0.6213155328883222,least_confidence,1,246.97460561514038
32,c630c_00000,32,0.6115902897572439,least_confidence,1,246.97460561514038
33,c630c_00000,33,0.5310882772069302,least_confidence,1,246.97460561514038
34,c630c_00000,34,0.5745143628590715,least_confidence,1,246.97460561514038
35,c630c_00000,35,0.608652716317908,least_confidence,1,246.97460561514038
36,c630c_00000,36,0.5516137903447587,least_confidence,1,246.97460561514038
37,c630c_00000,37,0.5837770944273607,least_confidence,1,246.97460561514038
38,c630c_00000,38,0.5941523538088452,least_confidence,1,246.97460561514038
39,c630c_00000,39,0.6162404060101503,least_confidence,1,246.97460561514038
40,c630c_00000,40,0.6030775769394234,least_confidence,1,246.97460561514038
41,c630c_00000,41,0.6508662716567915,least_confidence,1,246.97460561514038
42,c630c_00000,42,0.61932798319958,least_confidence,1,246.97460561514038
43,c630c_00000,43,0.5788269706742668,least_confidence,1,246.97460561514038
44,c630c_00000,44,0.6229530738268456,least_confidence,1,246.97460561514038
45,c630c_00000,45,0.6014650366259157,least_confidence,1,246.97460561514038
46,c630c_00000,46,0.5792519812995325,least_confidence,1,246.97460561514038
47,c630c_00000,47,0.6388284707117678,least_confidence,1,246.97460561514038
48,c630c_00000,48,0.6033025825645641,least_confidence,1,246.97460561514038
49,c630c_00000,49,0.6408910222755568,least_confidence,1,246.97460561514038
50,c630c_00000,50,0.6310407760194005,least_confidence,1,246.97460561514038
51,c630c_00000,51,0.6316907922698067,least_confidence,1,246.97460561514038
52,c630c_00000,52,0.5704642616065402,least_confidence,1,246.97460561514038
53,c630c_00000,53,0.6382284557113928,least_confidence,1,246.97460561514038
54,c630c_00000,54,0.5835020875521888,least_confidence,1,246.97460561514038
55,c630c_00000,55,0.6058401460036501,least_confidence,1,246.97460561514038
56,c630c_00000,56,0.5565389134728368,least_confidence,1,246.97460561514038
57,c630c_00000,57,0.613652841321033,least_confidence,1,246.97460561514038
58,c630c_00000,58,0.5461636540913524,least_confidence,1,246.97460561514038
59,c630c_00000,59,0.6205905147628691,least_confidence,1,246.97460561514038
60,c630c_00000,60,0.6585289632240806,least_confidence,1,246.97460561514038
61,c630c_00000,61,0.6439285982149554,least_confidence,1,246.97460561514038
62,c630c_00000,62,0.6392284807120179,least_confidence,1,246.97460561514038
63,c630c_00000,63,0.5609640241006025,least_confidence,1,246.97460561514038
64,c630c_00000,64,0.6130278256956424,least_confidence,1,246.97460561514038
65,c630c_00000,65,0.6063901597539939,least_confidence,1,246.97460561514038
66,c630c_00000,66,0.5920273006825171,least_confidence,1,246.97460561514038
67,c630c_00000,67,0.5808145203630091,least_confidence,1,246.97460561514038
68,c630c_00000,68,0.6363909097727443,least_confidence,1,246.97460561514038
69,c630c_00000,69,0.5635015875396885,least_confidence,1,246.97460561514038
70,c630c_00000,70,0.5931273281832046,least_confidence,1,246.97460561514038
71,c630c_00000,71,0.6093277331933298,least_confidence,1,246.97460561514038
72,c630c_00000,72,0.5293507337683442,least_confidence,1,246.97460561514038
73,c630c_00000,73,0.5828770719267982,least_confidence,1,246.97460561514038
74,c630c_00000,74,0.6211155278881972,least_confidence,1,246.97460561514038
75,c630c_00000,75,0.6458411460286507,least_confidence,1,246.97460561514038
76,c630c_00000,76,0.6042776069401735,least_confidence,1,246.97460561514038
77,c630c_00000,77,0.590564764119103,least_confidence,1,246.97460561514038
78,c630c_00000,78,0.683129578239456,least_confidence,1,246.97460561514038
79,c630c_00000,79,0.6540038500962524,least_confidence,1,246.97460561514038
80,c630c_00000,80,0.6155153878846971,least_confidence,1,246.97460561514038
81,c630c_00000,81,0.6159153978849471,least_confidence,1,246.97460561514038
82,c630c_00000,82,0.5959648991224781,least_confidence,1,246.97460561514038
83,c630c_00000,83,0.5771019275481887,least_confidence,1,246.97460561514038
84,c630c_00000,84,0.5607390184754619,least_confidence,1,246.97460561514038
85,c630c_00000,85,0.6154653866346658,least_confidence,1,246.97460561514038
86,c630c_00000,86,0.5330758268956723,least_confidence,1,246.97460561514038
87,c630c_00000,87,0.6088277206930173,least_confidence,1,246.97460561514038
88,c630c_00000,88,0.5578264456611415,least_confidence,1,246.97460561514038
89,c630c_00000,89,0.5980274506862672,least_confidence,1,246.97460561514038
90,c630c_00000,90,0.6058401460036501,least_confidence,1,246.97460561514038
91,c630c_00000,91,0.6004900122503063,least_confidence,1,246.97460561514038
92,c630c_00000,92,0.5707142678566964,least_confidence,1,246.97460561514038
93,c630c_00000,93,0.5555638890972274,least_confidence,1,246.97460561514038
94,c630c_00000,94,0.5905147628690717,least_confidence,1,246.97460561514038
95,c630c_00000,95,0.6235530888272207,least_confidence,1,246.97460561514038
96,c630c_00000,96,0.6130778269456737,least_confidence,1,246.97460561514038
97,c630c_00000,97,0.568276706917673,least_confidence,1,246.97460561514038
98,c630c_00000,98,0.5955898897472437,least_confidence,1,246.97460561514038
99,c630c_00000,99,0.6005650141253531,least_confidence,1,246.97460561514038
100,c630c_00000,100,0.6284282107052677,least_confidence,1,246.97460561514038
101,c630c_00000,101,0.5682267056676417,least_confidence,1,246.97460561514038
102,c630c_00000,102,0.640291007275182,least_confidence,1,246.97460561514038
103,c630c_00000,103,0.5681767044176105,least_confidence,1,246.97460561514038
104,c630c_00000,104,0.6241031025775644,least_confidence,1,246.97460561514038
105,c630c_00000,105,0.6406910172754319,least_confidence,1,246.97460561514038
106,c630c_00000,106,0.6129528238205955,least_confidence,1,246.97460561514038
107,c630c_00000,107,0.681592039800995,least_confidence,1,246.97460561514038
108,c630c_00000,108,0.5834020850521263,least_confidence,1,246.97460561514038
109,c630c_00000,109,0.5961149028725719,least_confidence,1,246.97460561514038
110,c630c_00000,110,0.6059151478786969,least_confidence,1,246.97460561514038
111,c630c_00000,111,0.5778769469236731,least_confidence,1,246.97460561514038
112,c630c_00000,112,0.5260131503287583,least_confidence,1,246.97460561514038
113,c630c_00000,113,0.5980024500612515,least_confidence,1,246.97460561514038
114,c630c_00000,114,0.5301132528313208,least_confidence,1,246.97460561514038
115,c630c_00000,115,0.5794269856746419,least_confidence,1,246.97460561514038
116,c630c_00000,116,0.6188779719492987,least_confidence,1,246.97460561514038
117,c630c_00000,117,0.6054901372534314,least_confidence,1,246.97460561514038
118,c630c_00000,118,0.5563639090977275,least_confidence,1,246.97460561514038
119,c630c_00000,119,0.6858921473036825,least_confidence,1,246.97460561514038
120,c630c_00000,120,0.5980024500612515,least_confidence,1,246.97460561514038
121,c630c_00000,121,0.605115127878197,least_confidence,1,246.97460561514038
122,c630c_00000,122,0.6651916297907448,least_confidence,1,246.97460561514038
123,c630c_00000,123,0.6734543363584089,least_confidence,1,246.97460561514038
124,c630c_00000,124,0.587827195679892,least_confidence,1,246.97460561514038
125,c630c_00000,125,0.6305907647691192,least_confidence,1,246.97460561514038
126,c630c_00000,126,0.7274806870171755,least_confidence,1,246.97460561514038
127,c630c_00000,127,0.6987799694992375,least_confidence,1,246.97460561514038
128,c630c_00000,128,0.57715192879822,least_confidence,1,246.97460561514038
129,c630c_00000,129,0.5665891647291182,least_confidence,1,246.97460561514038
130,c630c_00000,130,0.5566389159728994,least_confidence,1,246.97460561514038
131,c630c_00000,131,0.6079276981924548,least_confidence,1,246.97460561514038
132,c630c_00000,132,0.6032275806895173,least_confidence,1,246.97460561514038
133,c630c_00000,133,0.6807170179254481,least_confidence,1,246.97460561514038
134,c630c_00000,134,0.5956148903722593,least_confidence,1,246.97460561514038
135,c630c_00000,135,0.6009400235005875,least_confidence,1,246.97460561514038
136,c630c_00000,136,0.6734543363584089,least_confidence,1,246.97460561514038
137,c630c_00000,137,0.6428535713392834,least_confidence,1,246.97460561514038
138,c630c_00000,138,0.5831770794269857,least_confidence,1,246.97460561514038
139,c630c_00000,139,0.5904397609940248,least_confidence,1,246.97460561514038
140,c630c_00000,140,0.5807895197379934,least_confidence,1,246.97460561514038
141,c630c_00000,141,0.6184779619490487,least_confidence,1,246.97460561514038
142,c630c_00000,142,0.6054651366284157,least_confidence,1,246.97460561514038
143,c630c_00000,143,0.6763419085477137,least_confidence,1,246.97460561514038
144,c630c_00000,144,0.604715117877947,least_confidence,1,246.97460561514038
145,c630c_00000,145,0.665241631040776,least_confidence,1,246.97460561514038
146,c630c_00000,146,0.5278006950173755,least_confidence,1,246.97460561514038
147,c630c_00000,147,0.568276706917673,least_confidence,1,246.97460561514038
148,c630c_00000,148,0.5532263306582664,least_confidence,1,246.97460561514038
149,c630c_00000,149,0.6451411285282131,least_confidence,1,246.97460561514038
150,c630c_00000,150,0.6675291882297057,least_confidence,1,246.97460561514038
151,c630c_00000,151,0.6826295657391435,least_confidence,1,246.97460561514038
152,c630c_00000,152,0.5508637715942899,least_confidence,1,246.97460561514038
153,c630c_00000,153,0.5781269531738293,least_confidence,1,246.97460561514038
154,c630c_00000,154,0.7145928648216205,least_confidence,1,246.97460561514038
155,c630c_00000,155,0.5236005900147503,least_confidence,1,246.97460561514038
156,c630c_00000,156,0.7056926423160579,least_confidence,1,246.97460561514038
157,c630c_00000,157,0.5913147828695717,least_confidence,1,246.97460561514038
158,c630c_00000,158,0.6427035675891897,least_confidence,1,246.97460561514038
159,c630c_00000,159,0.6186279656991425,least_confidence,1,246.97460561514038
160,c630c_00000,160,0.7429810745268632,least_confidence,1,246.97460561514038
161,c630c_00000,161,0.6255406385159629,least_confidence,1,246.97460561514038
162,c630c_00000,162,0.5960899022475562,least_confidence,1,246.97460561514038
163,c630c_00000,163,0.55646391159779,least_confidence,1,246.97460561514038
164,c630c_00000,164,0.6528788219705493,least_confidence,1,246.97460561514038
165,c630c_00000,165,0.5654391359783995,least_confidence,1,246.97460561514038
166,c630c_00000,166,0.682929573239331,least_confidence,1,246.97460561514038
167,c630c_00000,167,0.6212155303882597,least_confidence,1,246.97460561514038
168,c630c_00000,168,0.6659666491662292,least_confidence,1,246.97460561514038
169,c630c_00000,169,0.6809420235505887,least_confidence,1,246.97460561514038
170,c630c_00000,170,0.6026025650641267,least_confidence,1,246.97460561514038
171,c630c_00000,171,0.5233505837645941,least_confidence,1,246.97460561514038
172,c630c_00000,172,0.6502412560314008,least_confidence,1,246.97460561514038
173,c630c_00000,173,0.6157403935098378,least_confidence,1,246.97460561514038
174,c630c_00000,174,0.8052951323783095,least_confidence,1,246.97460561514038
175,c630c_00000,175,0.6388284707117678,least_confidence,1,246.97460561514038
176,c630c_00000,176,0.5234005850146254,least_confidence,1,246.97460561514038
177,c630c_00000,177,0.5800395009875247,least_confidence,1,246.97460561514038
178,c630c_00000,178,0.5028250706267656,least_confidence,1,246.97460561514038
179,c630c_00000,179,0.6105652641316033,least_confidence,1,246.97460561514038
180,c630c_00000,180,0.6735293382334558,least_confidence,1,246.97460561514038
181,c630c_00000,181,0.6505912647816195,least_confidence,1,246.97460561514038
182,c630c_00000,182,0.7387059676491913,least_confidence,1,246.97460561514038
183,c630c_00000,183,0.573476836920923,least_confidence,1,246.97460561514038
184,c630c_00000,184,0.6054651366284157,least_confidence,1,246.97460561514038
185,c630c_00000,185,0.7048676216905423,least_confidence,1,246.97460561514038
186,c630c_00000,186,0.6678791969799245,least_confidence,1,246.97460561514038
187,c630c_00000,187,0.6178029450736269,least_confidence,1,246.97460561514038
188,c630c_00000,188,0.5639515987899697,least_confidence,1,246.97460561514038
189,c630c_00000,189,0.6062151553788845,least_confidence,1,246.97460561514038
190,c630c_00000,190,0.7883822095552389,least_confidence,1,246.97460561514038
191,c630c_00000,191,0.7057926448161204,least_confidence,1,246.97460561514038
192,c630c_00000,192,0.6460411510287758,least_confidence,1,246.97460561514038
193,c630c_00000,193,0.6088027200680017,least_confidence,1,246.97460561514038
194,c630c_00000,194,0.6080277006925173,least_confidence,1,246.97460561514038
195,c630c_00000,195,0.7111927798194955,least_confidence,1,246.97460561514038
196,c630c_00000,196,0.6954423860596515,least_confidence,1,246.97460561514038
197,c630c_00000,197,0.6431035775894397,least_confidence,1,246.97460561514038
198,c630c_00000,198,0.7752693817345434,least_confidence,1,246.97460561514038
199,c630c_00000,199,0.6106402660066501,least_confidence,1,246.97460561514038
200,c630c_00000,200,0.6285282132053301,least_confidence,1,246.97460561514038
201,c630c_00000,201,0.6002150053751344,least_confidence,1,246.97460561514038
202,c630c_00000,202,0.6010900272506813,least_confidence,1,246.97460561514038
203,c630c_00000,203,0.7733818345458636,least_confidence,1,246.97460561514038
204,c630c_00000,204,0.6090277256931423,least_confidence,1,246.97460561514038
205,c630c_00000,205,0.6933048326208155,least_confidence,1,246.97460561514038
206,c630c_00000,206,0.5660891522288057,least_confidence,1,246.97460561514038
207,c630c_00000,207,0.7159678991974799,least_confidence,1,246.97460561514038
208,c630c_00000,208,0.7037300932523314,least_confidence,1,246.97460561514038
209,c630c_00000,209,0.6652666316657916,least_confidence,1,246.97460561514038
210,c630c_00000,210,0.6140278506962674,least_confidence,1,246.97460561514038
211,c630c_00000,211,0.53857596439911,least_confidence,1,246.97460561514038
212,c630c_00000,212,0.685467136678417,least_confidence,1,246.97460561514038
213,c630c_00000,213,0.6255156378909472,least_confidence,1,246.97460561514038
214,c630c_00000,214,0.6059901497537439,least_confidence,1,246.97460561514038
215,c630c_00000,215,0.5578264456611415,least_confidence,1,246.97460561514038
216,c630c_00000,216,0.703555088877222,least_confidence,1,246.97460561514038
217,c630c_00000,217,0.555788894722368,least_confidence,1,246.97460561514038
218,c630c_00000,218,0.6359658991474787,least_confidence,1,246.97460561514038
219,c630c_00000,219,0.5854896372409311,least_confidence,1,246.97460561514038
220,c630c_00000,220,0.5352883822095552,least_confidence,1,246.97460561514038
221,c630c_00000,221,0.6937548438710968,least_confidence,1,246.97460561514038
222,c630c_00000,222,0.6350658766469162,least_confidence,1,246.97460561514038
223,c630c_00000,223,0.6516162904072602,least_confidence,1,246.97460561514038
224,c630c_00000,224,0.683129578239456,least_confidence,1,246.97460561514038
225,c630c_00000,225,0.5460136503412585,least_confidence,1,246.97460561514038
226,c630c_00000,226,0.6886797169929249,least_confidence,1,246.97460561514038
227,c630c_00000,227,0.5879271981799545,least_confidence,1,246.97460561514038
228,c630c_00000,228,0.6464161604040102,least_confidence,1,246.97460561514038
229,c630c_00000,229,0.6582039550988774,least_confidence,1,246.97460561514038
230,c630c_00000,230,0.5879521988049702,least_confidence,1,246.97460561514038
231,c630c_00000,231,0.7298932473311832,least_confidence,1,246.97460561514038
232,c630c_00000,232,0.6060901522538064,least_confidence,1,246.97460561514038
233,c630c_00000,233,0.6560664016600415,least_confidence,1,246.97460561514038
234,c630c_00000,234,0.7784069601740043,least_confidence,1,246.97460561514038
235,c630c_00000,235,0.7049676241906048,least_confidence,1,246.97460561514038
236,c630c_00000,236,0.7383059576489412,least_confidence,1,246.97460561514038
237,c630c_00000,237,0.6422535563389085,least_confidence,1,246.97460561514038
238,c630c_00000,238,0.6280532013300333,least_confidence,1,246.97460561514038
239,c630c_00000,239,0.6560414010350258,least_confidence,1,246.97460561514038
240,c630c_00000,240,0.713430335758394,least_confidence,1,246.97460561514038
241,c630c_00000,241,0.6675791894797369,least_confidence,1,246.97460561514038
242,c630c_00000,242,0.6579289482237056,least_confidence,1,246.97460561514038
243,c630c_00000,243,0.6329283232080802,least_confidence,1,246.97460561514038
244,c630c_00000,244,0.6458161454036351,least_confidence,1,246.97460561514038
245,c630c_00000,245,0.6180029500737518,least_confidence,1,246.97460561514038
246,c630c_00000,246,0.7654441361034026,least_confidence,1,246.97460561514038
247,c630c_00000,247,0.6609665241631041,least_confidence,1,246.97460561514038
248,c630c_00000,248,0.6341033525838147,least_confidence,1,246.97460561514038
249,c630c_00000,249,0.6214905372634316,least_confidence,1,246.97460561514038
250,c630c_00000,250,0.5278006950173755,least_confidence,1,246.97460561514038
251,c630c_00000,251,0.5886022150553764,least_confidence,1,246.97460561514038
252,c630c_00000,252,0.5757143928598215,least_confidence,1,246.97460561514038
253,c630c_00000,253,0.5710142753568839,least_confidence,1,246.97460561514038
254,c630c_00000,254,0.5536513412835321,least_confidence,1,246.97460561514038
255,c630c_00000,255,0.6983299582489562,least_confidence,1,246.97460561514038
256,c630c_00000,256,0.5436760919022976,least_confidence,1,246.97460561514038
257,c630c_00000,257,0.5613890347258681,least_confidence,1,246.97460561514038
258,c630c_00000,258,0.6363909097727443,least_confidence,1,246.97460561514038
259,c630c_00000,259,0.5629765744143603,least_confidence,1,246.97460561514038
260,c630c_00000,260,0.5081752043801095,least_confidence,1,246.97460561514038
261,c630c_00000,261,0.7133053326333159,least_confidence,1,246.97460561514038
262,c630c_00000,262,0.6458161454036351,least_confidence,1,246.97460561514038
263,c630c_00000,263,0.6808920223005575,least_confidence,1,246.97460561514038
264,c630c_00000,264,0.6030025750643766,least_confidence,1,246.97460561514038
265,c630c_00000,265,0.6091527288182205,least_confidence,1,246.97460561514038
266,c630c_00000,266,0.5485012125303133,least_confidence,1,246.97460561514038
267,c630c_00000,267,0.6733793344833621,least_confidence,1,246.97460561514038
268,c630c_00000,268,0.6729043226080652,least_confidence,1,246.97460561514038
269,c630c_00000,269,0.5411385284632115,least_confidence,1,246.97460561514038
270,c630c_00000,270,0.6030525763144079,least_confidence,1,246.97460561514038
271,c630c_00000,271,0.5930773269331733,least_confidence,1,246.97460561514038
272,c630c_00000,272,0.5866146653666342,least_confidence,1,246.97460561514038
273,c630c_00000,273,0.5537513437835946,least_confidence,1,246.97460561514038
274,c630c_00000,274,0.5685517137928449,least_confidence,1,246.97460561514038
275,c630c_00000,275,0.5901147528688218,least_confidence,1,246.97460561514038
276,c630c_00000,276,0.6980799519987999,least_confidence,1,246.97460561514038
277,c630c_00000,277,0.6299907497687443,least_confidence,1,246.97460561514038
278,c630c_00000,278,0.7029300732518313,least_confidence,1,246.97460561514038
279,c630c_00000,279,0.5532263306582664,least_confidence,1,246.97460561514038
280,c630c_00000,280,0.6283532088302208,least_confidence,1,246.97460561514038
281,c630c_00000,281,0.6285782144553613,least_confidence,1,246.97460561514038
282,c630c_00000,282,0.725843146078652,least_confidence,1,246.97460561514038
283,c630c_00000,283,0.5909397734943374,least_confidence,1,246.97460561514038
284,c630c_00000,284,0.6002900072501812,least_confidence,1,246.97460561514038
285,c630c_00000,285,0.6601165029125728,least_confidence,1,246.97460561514038
286,c630c_00000,286,0.5730518262956574,least_confidence,1,246.97460561514038
287,c630c_00000,287,0.6858421460536513,least_confidence,1,246.97460561514038
288,c630c_00000,288,0.5791019775494387,least_confidence,1,246.97460561514038
289,c630c_00000,289,0.671116777919448,least_confidence,1,246.97460561514038
290,c630c_00000,290,0.6982549563739093,least_confidence,1,246.97460561514038
291,c630c_00000,291,0.6461911547788695,least_confidence,1,246.97460561514038
292,c630c_00000,292,0.6135528388209706,least_confidence,1,246.97460561514038
293,c630c_00000,293,0.643553588839721,least_confidence,1,246.97460561514038
294,c630c_00000,294,0.5652391309782745,least_confidence,1,246.97460561514038
295,c630c_00000,295,0.6166404160104002,least_confidence,1,246.97460561514038
296,c630c_00000,296,0.6062901572539313,least_confidence,1,246.97460561514038
297,c630c_00000,297,0.6904422610565264,least_confidence,1,246.97460561514038
298,c630c_00000,298,0.5133503337583439,least_confidence,1,246.97460561514038
299,c630c_00000,299,0.6607165179129478,least_confidence,1,246.97460561514038
300,c630c_00000,300,0.5783269581739543,least_confidence,1,246.97460561514038
301,c630c_00000,301,0.658828970724268,least_confidence,1,246.97460561514038
302,c630c_00000,302,0.6110152753818845,least_confidence,1,246.97460561514038
303,c630c_00000,303,0.6529538238455961,least_confidence,1,246.97460561514038
304,c630c_00000,304,0.6532288307207681,least_confidence,1,246.97460561514038
305,c630c_00000,305,0.6527038175954398,least_confidence,1,246.97460561514038
306,c630c_00000,306,0.7078551963799096,least_confidence,1,246.97460561514038
307,c630c_00000,307,0.6313157828945724,least_confidence,1,246.97460561514038
308,c630c_00000,308,0.6224530613265331,least_confidence,1,246.97460561514038
309,c630c_00000,309,0.545513637840946,least_confidence,1,246.97460561514038
310,c630c_00000,310,0.6157403935098378,least_confidence,1,246.97460561514038
311,c630c_00000,311,0.5913897847446186,least_confidence,1,246.97460561514038
312,c630c_00000,312,0.6755918897972449,least_confidence,1,246.97460561514038
313,c630c_00000,313,0.6487537188429711,least_confidence,1,246.97460561514038
314,c630c_00000,314,0.7213430335758394,least_confidence,1,246.97460561514038
315,c630c_00000,315,0.6505162629065726,least_confidence,1,246.97460561514038
316,c630c_00000,316,0.5763394084852121,least_confidence,1,246.97460561514038
317,c630c_00000,317,0.6529788244706118,least_confidence,1,246.97460561514038
318,c630c_00000,318,0.5737268431710792,least_confidence,1,246.97460561514038
319,c630c_00000,319,0.5685267131678292,least_confidence,1,246.97460561514038
320,c630c_00000,320,0.6761419035475887,least_confidence,1,246.97460561514038
321,c630c_00000,321,0.6338283457086427,least_confidence,1,246.97460561514038
322,c630c_00000,322,0.5460386509662742,least_confidence,1,246.97460561514038
323,c630c_00000,323,0.5069126728168204,least_confidence,1,246.97460561514038
324,c630c_00000,324,0.6781044526113154,least_confidence,1,246.97460561514038
325,c630c_00000,325,0.5259131478286957,least_confidence,1,246.97460561514038
326,c630c_00000,326,0.7136053401335034,least_confidence,1,246.97460561514038
327,c630c_00000,327,0.45849896247406186,least_confidence,1,246.97460561514038
328,c630c_00000,328,0.4981999549988749,least_confidence,1,246.97460561514038
329,c630c_00000,329,0.8604715117877947,least_confidence,1,246.97460561514038
330,c630c_00000,330,0.6410660266506663,least_confidence,1,246.97460561514038
331,c630c_00000,331,0.6682292057301432,least_confidence,1,246.97460561514038
332,c630c_00000,332,0.7406185154628866,least_confidence,1,246.97460561514038
333,c630c_00000,333,0.6938298457461437,least_confidence,1,246.97460561514038
334,c630c_00000,334,0.5779519487987199,least_confidence,1,246.97460561514038
335,c630c_00000,335,0.5585014625365634,least_confidence,1,246.97460561514038
336,c630c_00000,336,0.6455661391534788,least_confidence,1,246.97460561514038
337,c630c_00000,337,0.5886022150553764,least_confidence,1,246.97460561514038
338,c630c_00000,338,0.6527788194704867,least_confidence,1,246.97460561514038
339,c630c_00000,339,0.5937773444336109,least_confidence,1,246.97460561514038
340,c630c_00000,340,0.6806420160504012,least_confidence,1,246.97460561514038
341,c630c_00000,341,0.5615390384759619,least_confidence,1,246.97460561514038
342,c630c_00000,342,0.5392009800245007,least_confidence,1,246.97460561514038
343,c630c_00000,343,0.5406885172129303,least_confidence,1,246.97460561514038
344,c630c_00000,344,0.5906647666191656,least_confidence,1,246.97460561514038
345,c630c_00000,345,0.5966649166229157,least_confidence,1,246.97460561514038
346,c630c_00000,346,0.5334258356458912,least_confidence,1,246.97460561514038
347,c630c_00000,347,0.6577789444736118,least_confidence,1,246.97460561514038
348,c630c_00000,348,0.555788894722368,least_confidence,1,246.97460561514038
349,c630c_00000,349,0.6356908922723068,least_confidence,1,246.97460561514038
350,c630c_00000,350,0.6235780894522363,least_confidence,1,246.97460561514038
351,c630c_00000,351,0.6259656491412285,least_confidence,1,246.97460561514038
352,c630c_00000,352,0.6834295857396435,least_confidence,1,246.97460561514038
353,c630c_00000,353,0.5765894147353684,least_confidence,1,246.97460561514038
354,c630c_00000,354,0.7309182729568239,least_confidence,1,246.97460561514038
355,c630c_00000,355,0.5339758493962349,least_confidence,1,246.97460561514038
356,c630c_00000,356,0.508875221880547,least_confidence,1,246.97460561514038
357,c630c_00000,357,0.6835795894897372,least_confidence,1,246.97460561514038
358,c630c_00000,358,0.6785294632365809,least_confidence,1,246.97460561514038
359,c630c_00000,359,0.7585564639115978,least_confidence,1,246.97460561514038
360,c630c_00000,360,0.586289657241431,least_confidence,1,246.97460561514038
361,c630c_00000,361,0.6083527088177205,least_confidence,1,246.97460561514038
362,c630c_00000,362,0.6236280907022675,least_confidence,1,246.97460561514038
363,c630c_00000,363,0.5379759493987349,least_confidence,1,246.97460561514038
364,c630c_00000,364,0.568276706917673,least_confidence,1,246.97460561514038
365,c630c_00000,365,0.6211655291382285,least_confidence,1,246.97460561514038
366,c630c_00000,366,0.8081577039425986,least_confidence,1,246.97460561514038
367,c630c_00000,367,0.6012900322508062,least_confidence,1,246.97460561514038
368,c630c_00000,368,0.6626040651016275,least_confidence,1,246.97460561514038
369,c630c_00000,369,0.5529513237830945,least_confidence,1,246.97460561514038
370,c630c_00000,370,0.5365884147103678,least_confidence,1,246.97460561514038
371,c630c_00000,371,0.5651891297282432,least_confidence,1,246.97460561514038
372,c630c_00000,372,0.6242781069526738,least_confidence,1,246.97460561514038
373,c630c_00000,373,0.575614390359759,least_confidence,1,246.97460561514038
374,c630c_00000,374,0.6040776019400484,least_confidence,1,246.97460561514038
375,c630c_00000,375,0.5938523463086577,least_confidence,1,246.97460561514038
376,c630c_00000,376,0.6263156578914473,least_confidence,1,246.97460561514038
377,c630c_00000,377,0.568876721918048,least_confidence,1,246.97460561514038
378,c630c_00000,378,0.6559913997849947,least_confidence,1,246.97460561514038
379,c630c_00000,379,0.5792019800495012,least_confidence,1,246.97460561514038
380,c630c_00000,380,0.5831520788019701,least_confidence,1,246.97460561514038
381,c630c_00000,381,0.6053901347533688,least_confidence,1,246.97460561514038
382,c630c_00000,382,0.5790769769244231,least_confidence,1,246.97460561514038
383,c630c_00000,383,0.5765394134853372,least_confidence,1,246.97460561514038
384,c630c_00000,384,0.6662416560414011,least_confidence,1,246.97460561514038
385,c630c_00000,385,0.5044501112527813,least_confidence,1,246.97460561514038
386,c630c_00000,386,0.7033800845021125,least_confidence,1,246.97460561514038
387,c630c_00000,387,0.6093527338183454,least_confidence,1,246.97460561514038
388,c630c_00000,388,0.6733543338583465,least_confidence,1,246.97460561514038
389,c630c_00000,389,0.6639290982274557,least_confidence,1,246.97460561514038
390,c630c_00000,390,0.5961649041226031,least_confidence,1,246.97460561514038
391,c630c_00000,391,0.6385284632115803,least_confidence,1,246.97460561514038
392,c630c_00000,392,0.6232280807020175,least_confidence,1,246.97460561514038
393,c630c_00000,393,0.6127028175704392,least_confidence,1,246.97460561514038
394,c630c_00000,394,0.5436010900272507,least_confidence,1,246.97460561514038
395,c630c_00000,395,0.6410910272756819,least_confidence,1,246.97460561514038
396,c630c_00000,396,0.6135278381959549,least_confidence,1,246.97460561514038
397,c630c_00000,397,0.6060901522538064,least_confidence,1,246.97460561514038
398,c630c_00000,398,0.5289507237680942,least_confidence,1,246.97460561514038
399,c630c_00000,399,0.5991274781869547,least_confidence,1,246.97460561514038
400,c630c_00000,400,0.7011675291882298,least_confidence,1,246.97460561514038
401,c630c_00001,0,0.5573014325358134,least_confidence,2,239.55585764644115
402,c630c_00001,1,0.5328008200205006,least_confidence,2,239.55585764644115
403,c630c_00001,2,0.5803645091127279,least_confidence,2,239.55585764644115
404,c630c_00001,3,0.5676266906672667,least_confidence,2,239.55585764644115
405,c630c_00001,4,0.527900697517438,least_confidence,2,239.55585764644115
406,c630c_00001,5,0.5456136403410086,least_confidence,2,239.55585764644115
407,c630c_00001,6,0.5237505937648441,least_confidence,2,239.55585764644115
408,c630c_00001,7,0.5929773244331108,least_confidence,2,239.55585764644115
409,c630c_00001,8,0.557726443161079,least_confidence,2,239.55585764644115
410,c630c_00001,9,0.5929523238080951,least_confidence,2,239.55585764644115
411,c630c_00001,10,0.575414385359634,least_confidence,2,239.55585764644115
412,c630c_00001,11,0.5579764494112354,least_confidence,2,239.55585764644115
413,c630c_00001,12,0.5393384834620866,least_confidence,2,239.55585764644115
414,c630c_00001,13,0.5406635165879147,least_confidence,2,239.55585764644115
415,c630c_00001,14,0.5794644866121653,least_confidence,2,239.55585764644115
416,c630c_00001,15,0.6152903822595566,least_confidence,2,239.55585764644115
417,c630c_00001,16,0.5552888822220555,least_confidence,2,239.55585764644115
418,c630c_00001,17,0.6000900022500563,least_confidence,2,239.55585764644115
419,c630c_00001,18,0.5850396259906498,least_confidence,2,239.55585764644115
420,c630c_00001,19,0.602902572564314,least_confidence,2,239.55585764644115
421,c630c_00001,20,0.6257656441411036,least_confidence,2,239.55585764644115
422,c630c_00001,21,0.5355883897097428,least_confidence,2,239.55585764644115
423,c630c_00001,22,0.6023275581889547,least_confidence,2,239.55585764644115
424,c630c_00001,23,0.5880022000550014,least_confidence,2,239.55585764644115
425,c630c_00001,24,0.5725268131703292,least_confidence,2,239.55585764644115
426,c630c_00001,25,0.6125778144453611,least_confidence,2,239.55585764644115
427,c630c_00001,26,0.5188504712617815,least_confidence,2,239.55585764644115
428,c630c_00001,27,0.5805145128628215,least_confidence,2,239.55585764644115
429,c630c_00001,28,0.5576514412860322,least_confidence,2,239.55585764644115
430,c630c_00001,29,0.5282007050176254,least_confidence,2,239.55585764644115
431,c630c_00001,30,0.5599389984749619,least_confidence,2,239.55585764644115
432,c630c_00001,31,0.635415885397135,least_confidence,2,239.55585764644115
433,c630c_00001,32,0.5406635165879147,least_confidence,2,239.55585764644115
434,c630c_00001,33,0.6182279556988924,least_confidence,2,239.55585764644115
435,c630c_00001,34,0.5533263331583289,least_confidence,2,239.55585764644115
436,c630c_00001,35,0.53297582439561,least_confidence,2,239.55585764644115
437,c630c_00001,36,0.6655666391659791,least_confidence,2,239.55585764644115
438,c630c_00001,37,0.5359133978349458,least_confidence,2,239.55585764644115
439,c630c_00001,38,0.5802145053626341,least_confidence,2,239.55585764644115
440,c630c_00001,39,0.5450136253406335,least_confidence,2,239.55585764644115
441,c630c_00001,40,0.6355158878971974,least_confidence,2,239.55585764644115
442,c630c_00001,41,0.5605140128503212,least_confidence,2,239.55585764644115
443,c630c_00001,42,0.7074551863796594,least_confidence,2,239.55585764644115
444,c630c_00001,43,0.5576014400360009,least_confidence,2,239.55585764644115
445,c630c_00001,44,0.5446386159653991,least_confidence,2,239.55585764644115
446,c630c_00001,45,0.5254881372034301,least_confidence,2,239.55585764644115
447,c630c_00001,46,0.5481012025300632,least_confidence,2,239.55585764644115
448,c630c_00001,47,0.5529513237830945,least_confidence,2,239.55585764644115
449,c630c_00001,48,0.6032525813145329,least_confidence,2,239.55585764644115
450,c630c_00001,49,0.5528013200330009,least_confidence,2,239.55585764644115
451,c630c_00001,50,0.5731268281707043,least_confidence,2,239.55585764644115
452,c630c_00001,51,0.647228680717018,least_confidence,2,239.55585764644115
453,c630c_00001,52,0.5934773369334233,least_confidence,2,239.55585764644115
454,c630c_00001,53,0.6125278131953299,least_confidence,2,239.55585764644115
455,c630c_00001,54,0.5530013250331258,least_confidence,2,239.55585764644115
456,c630c_00001,55,0.5728518212955325,least_confidence,2,239.55585764644115
457,c630c_00001,56,0.5287507187679692,least_confidence,2,239.55585764644115
458,c630c_00001,57,0.5904647616190405,least_confidence,2,239.55585764644115
459,c630c_00001,58,0.5655141378534463,least_confidence,2,239.55585764644115
460,c630c_00001,59,0.5731518287957199,least_confidence,2,239.55585764644115
461,c630c_00001,60,0.5582264556613916,least_confidence,2,239.55585764644115
462,c630c_00001,61,0.567601690042251,least_confidence,2,239.55585764644115
463,c630c_00001,62,0.6609665241631041,least_confidence,2,239.55585764644115
464,c630c_00001,63,0.5355383884597115,least_confidence,2,239.55585764644115
465,c630c_00001,64,0.5703142578564464,least_confidence,2,239.55585764644115
466,c630c_00001,65,0.6296407410185254,least_confidence,2,239.55585764644115
467,c630c_00001,66,0.5955398884972125,least_confidence,2,239.55585764644115
468,c630c_00001,67,0.5658141453536338,least_confidence,2,239.55585764644115
469,c630c_00001,68,0.5982524563114078,least_confidence,2,239.55585764644115
470,c630c_00001,69,0.5782019550488762,least_confidence,2,239.55585764644115
471,c630c_00001,70,0.6502662566564164,least_confidence,2,239.55585764644115
472,c630c_00001,71,0.5855896397409935,least_confidence,2,239.55585764644115
473,c630c_00001,72,0.589889747243681,least_confidence,2,239.55585764644115
474,c630c_00001,73,0.5931523288082202,least_confidence,2,239.55585764644115
475,c630c_00001,74,0.6402160054001349,least_confidence,2,239.55585764644115
476,c630c_00001,75,0.5982024550613765,least_confidence,2,239.55585764644115
477,c630c_00001,76,0.5881022025550638,least_confidence,2,239.55585764644115
478,c630c_00001,77,0.5361884047101177,least_confidence,2,239.55585764644115
479,c630c_00001,78,0.6052651316282907,least_confidence,2,239.55585764644115
480,c630c_00001,79,0.6279031975799394,least_confidence,2,239.55585764644115
481,c630c_00001,80,0.5788894722368059,least_confidence,2,239.55585764644115
482,c630c_00001,81,0.5802395059876497,least_confidence,2,239.55585764644115
483,c630c_00001,82,0.5545138628465711,least_confidence,2,239.55585764644115
484,c630c_00001,83,0.6381534538363459,least_confidence,2,239.55585764644115
485,c630c_00001,84,0.6008650216255407,least_confidence,2,239.55585764644115
486,c630c_00001,85,0.5834770869271733,least_confidence,2,239.55585764644115
487,c630c_00001,86,0.5877771944298608,least_confidence,2,239.55585764644115
488,c630c_00001,87,0.6228530713267832,least_confidence,2,239.55585764644115
489,c630c_00001,88,0.508350208755219,least_confidence,2,239.55585764644115
490,c630c_00001,89,0.5460636515912898,least_confidence,2,239.55585764644115
491,c630c_00001,90,0.5802145053626341,least_confidence,2,239.55585764644115
492,c630c_00001,91,0.5956398909972749,least_confidence,2,239.55585764644115
493,c630c_00001,92,0.6458161454036351,least_confidence,2,239.55585764644115
494,c630c_00001,93,0.6774044351108778,least_confidence,2,239.55585764644115
495,c630c_00001,94,0.5906897672441811,least_confidence,2,239.55585764644115
496,c630c_00001,95,0.5589264731618291,least_confidence,2,239.55585764644115
497,c630c_00001,96,0.613052826320658,least_confidence,2,239.55585764644115
498,c630c_00001,97,0.6124278106952674,least_confidence,2,239.55585764644115
499,c630c_00001,98,0.5883022075551889,least_confidence,2,239.55585764644115
500,c630c_00001,99,0.6026775669391735,least_confidence,2,239.55585764644115
501,c630c_00001,100,0.5957148928723218,least_confidence,2,239.55585764644115
502,c630c_00001,101,0.6572789319732993,least_confidence,2,239.55585764644115
503,c630c_00001,102,0.5907897697442436,least_confidence,2,239.55585764644115
504,c630c_00001,103,0.5228005700142504,least_confidence,2,239.55585764644115
505,c630c_00001,104,0.5717017925448136,least_confidence,2,239.55585764644115
506,c630c_00001,105,0.5773269331733293,least_confidence,2,239.55585764644115
507,c630c_00001,106,0.6394909872746819,least_confidence,2,239.55585764644115
508,c630c_00001,107,0.6673041826045651,least_confidence,2,239.55585764644115
509,c630c_00001,108,0.5199129978249456,least_confidence,2,239.55585764644115
510,c630c_00001,109,0.5711142778569465,least_confidence,2,239.55585764644115
511,c630c_00001,110,0.5958898972474311,least_confidence,2,239.55585764644115
512,c630c_00001,111,0.5400385009625241,least_confidence,2,239.55585764644115
513,c630c_00001,112,0.5536263406585165,least_confidence,2,239.55585764644115
514,c630c_00001,113,0.6177529438235956,least_confidence,2,239.55585764644115
515,c630c_00001,114,0.6497162429060727,least_confidence,2,239.55585764644115
516,c630c_00001,115,0.5578264456611415,least_confidence,2,239.55585764644115
517,c630c_00001,116,0.5805895147378685,least_confidence,2,239.55585764644115
518,c630c_00001,117,0.5849396234905873,least_confidence,2,239.55585764644115
519,c630c_00001,118,0.6579789494737369,least_confidence,2,239.55585764644115
520,c630c_00001,119,0.7030050751268782,least_confidence,2,239.55585764644115
521,c630c_00001,120,0.6256156403910098,least_confidence,2,239.55585764644115
522,c630c_00001,121,0.6453661341533539,least_confidence,2,239.55585764644115
523,c630c_00001,122,0.568601715042876,least_confidence,2,239.55585764644115
524,c630c_00001,123,0.6101152528813221,least_confidence,2,239.55585764644115
525,c630c_00001,124,0.5488012200305008,least_confidence,2,239.55585764644115
526,c630c_00001,125,0.6101402535063376,least_confidence,2,239.55585764644115
527,c630c_00001,126,0.6404160104002601,least_confidence,2,239.55585764644115
528,c630c_00001,127,0.6001400035000874,least_confidence,2,239.55585764644115
529,c630c_00001,128,0.6056151403785095,least_confidence,2,239.55585764644115
530,c630c_00001,129,0.5903147578689467,least_confidence,2,239.55585764644115
531,c630c_00001,130,0.5904897622440561,least_confidence,2,239.55585764644115
532,c630c_00001,131,0.5884772119302982,least_confidence,2,239.55585764644115
533,c630c_00001,132,0.6926048151203781,least_confidence,2,239.55585764644115
534,c630c_00001,133,0.5357633940848521,least_confidence,2,239.55585764644115
535,c630c_00001,134,0.6730293257331433,least_confidence,2,239.55585764644115
536,c630c_00001,135,0.6325033125828146,least_confidence,2,239.55585764644115
537,c630c_00001,136,0.5534763369084227,least_confidence,2,239.55585764644115
538,c630c_00001,137,0.5927273181829545,least_confidence,2,239.55585764644115
539,c630c_00001,138,0.6131778294457362,least_confidence,2,239.55585764644115
540,c630c_00001,139,0.5288132203305083,least_confidence,2,239.55585764644115
541,c630c_00001,140,0.5541513537838446,least_confidence,2,239.55585764644115
542,c630c_00001,141,0.5758893972349309,least_confidence,2,239.55585764644115
543,c630c_00001,142,0.5856396409910247,least_confidence,2,239.55585764644115
544,c630c_00001,143,0.6324033100827521,least_confidence,2,239.55585764644115
545,c630c_00001,144,0.5956898922473062,least_confidence,2,239.55585764644115
546,c630c_00001,145,0.6580039500987525,least_confidence,2,239.55585764644115
547,c630c_00001,146,0.53897597439936,least_confidence,2,239.55585764644115
548,c630c_00001,147,0.5588264706617665,least_confidence,2,239.55585764644115
549,c630c_00001,148,0.5364634115852897,least_confidence,2,239.55585764644115
550,c630c_00001,149,0.5952148803720093,least_confidence,2,239.55585764644115
551,c630c_00001,150,0.5405635140878522,least_confidence,2,239.55585764644115
552,c630c_00001,151,0.6002150053751344,least_confidence,2,239.55585764644115
553,c630c_00001,152,0.6148153703842596,least_confidence,2,239.55585764644115
554,c630c_00001,153,0.5286757168929224,least_confidence,2,239.55585764644115
555,c630c_00001,154,0.6031525788144704,least_confidence,2,239.55585764644115
556,c630c_00001,155,0.6129028225705643,least_confidence,2,239.55585764644115
557,c630c_00001,156,0.6384534613365335,least_confidence,2,239.55585764644115
558,c630c_00001,157,0.5904647616190405,least_confidence,2,239.55585764644115
559,c630c_00001,158,0.5735018375459386,least_confidence,2,239.55585764644115
560,c630c_00001,159,0.5760644016100402,least_confidence,2,239.55585764644115
561,c630c_00001,160,0.5970524263106578,least_confidence,2,239.55585764644115
562,c630c_00001,161,0.6058401460036501,least_confidence,2,239.55585764644115
563,c630c_00001,162,0.5533013325333134,least_confidence,2,239.55585764644115
564,c630c_00001,163,0.6325533138328459,least_confidence,2,239.55585764644115
565,c630c_00001,164,0.5954648866221656,least_confidence,2,239.55585764644115
566,c630c_00001,165,0.6697417435435886,least_confidence,2,239.55585764644115
567,c630c_00001,166,0.5909897747443686,least_confidence,2,239.55585764644115
568,c630c_00001,167,0.5688267206680166,least_confidence,2,239.55585764644115
569,c630c_00001,168,0.5903397584939623,least_confidence,2,239.55585764644115
570,c630c_00001,169,0.5565639140978524,least_confidence,2,239.55585764644115
571,c630c_00001,170,0.5536513412835321,least_confidence,2,239.55585764644115
572,c630c_00001,171,0.6405660141503537,least_confidence,2,239.55585764644115
573,c630c_00001,172,0.6203655091377285,least_confidence,2,239.55585764644115
574,c630c_00001,173,0.5281507037675942,least_confidence,2,239.55585764644115
575,c630c_00001,174,0.5333258331458286,least_confidence,2,239.55585764644115
576,c630c_00001,175,0.597977449436236,least_confidence,2,239.55585764644115
577,c630c_00001,176,0.5682267056676417,least_confidence,2,239.55585764644115
578,c630c_00001,177,0.6058151453786345,least_confidence,2,239.55585764644115
579,c630c_00001,178,0.6030525763144079,least_confidence,2,239.55585764644115
580,c630c_00001,179,0.613252831320783,least_confidence,2,239.55585764644115
581,c630c_00001,180,0.5260631515787895,least_confidence,2,239.55585764644115
582,c630c_00001,181,0.6733043326083152,least_confidence,2,239.55585764644115
583,c630c_00001,182,0.6381034525863146,least_confidence,2,239.55585764644115
584,c630c_00001,183,0.6003900097502437,least_confidence,2,239.55585764644115
585,c630c_00001,184,0.612852821320533,least_confidence,2,239.55585764644115
586,c630c_00001,185,0.6355658891472287,least_confidence,2,239.55585764644115
587,c630c_00001,186,0.6185779644491112,least_confidence,2,239.55585764644115
588,c630c_00001,187,0.6232030800770019,least_confidence,2,239.55585764644115
589,c630c_00001,188,0.5481012025300632,least_confidence,2,239.55585764644115
590,c630c_00001,189,0.6088027200680017,least_confidence,2,239.55585764644115
591,c630c_00001,190,0.6483287082177054,least_confidence,2,239.55585764644115
592,c630c_00001,191,0.6056901422535563,least_confidence,2,239.55585764644115
593,c630c_00001,192,0.6810420260506512,least_confidence,2,239.55585764644115
594,c630c_00001,193,0.628203205080127,least_confidence,2,239.55585764644115
595,c630c_00001,194,0.6076276906922673,least_confidence,2,239.55585764644115
596,c630c_00001,195,0.6546163654091353,least_confidence,2,239.55585764644115
597,c630c_00001,196,0.6064901622540564,least_confidence,2,239.55585764644115
598,c630c_00001,197,0.5235505887647192,least_confidence,2,239.55585764644115
599,c630c_00001,198,0.5684767119177979,least_confidence,2,239.55585764644115
600,c630c_00001,199,0.6295657391434786,least_confidence,2,239.55585764644115
601,c630c_00001,200,0.6716792919822996,least_confidence,2,239.55585764644115
602,c630c_00001,201,0.7273306832670816,least_confidence,2,239.55585764644115
603,c630c_00001,202,0.5886772169304233,least_confidence,2,239.55585764644115
604,c630c_00001,203,0.6420035500887522,least_confidence,2,239.55585764644115
605,c630c_00001,204,0.6974299357483937,least_confidence,2,239.55585764644115
606,c630c_00001,205,0.5952648816220405,least_confidence,2,239.55585764644115
607,c630c_00001,206,0.6234530863271581,least_confidence,2,239.55585764644115
608,c630c_00001,207,0.6184029600740019,least_confidence,2,239.55585764644115
609,c630c_00001,208,0.633478336958424,least_confidence,2,239.55585764644115
610,c630c_00001,209,0.5760894022350559,least_confidence,2,239.55585764644115
611,c630c_00001,210,0.5996149903747594,least_confidence,2,239.55585764644115
612,c630c_00001,211,0.5459136478411961,least_confidence,2,239.55585764644115
613,c630c_00001,212,0.6876796919922998,least_confidence,2,239.55585764644115
614,c630c_00001,213,0.5532763319082977,least_confidence,2,239.55585764644115
615,c630c_00001,214,0.5604890122253057,least_confidence,2,239.55585764644115
616,c630c_00001,215,0.5579014475361884,least_confidence,2,239.55585764644115
617,c630c_00001,216,0.6078776969424236,least_confidence,2,239.55585764644115
618,c630c_00001,217,0.6403160079001975,least_confidence,2,239.55585764644115
619,c630c_00001,218,0.5808895222380559,least_confidence,2,239.55585764644115
620,c630c_00001,219,0.5676516912922823,least_confidence,2,239.55585764644115
621,c630c_00001,220,0.6675541888547214,least_confidence,2,239.55585764644115
622,c630c_00001,221,0.522625565639141,least_confidence,2,239.55585764644115
623,c630c_00001,222,0.5855396384909622,least_confidence,2,239.55585764644115
624,c630c_00001,223,0.6183029575739394,least_confidence,2,239.55585764644115
625,c630c_00001,224,0.6172779319482987,least_confidence,2,239.55585764644115
626,c630c_00001,225,0.6294657366434161,least_confidence,2,239.55585764644115
627,c630c_00001,226,0.6496662416560414,least_confidence,2,239.55585764644115
628,c630c_00001,227,0.5779769494237357,least_confidence,2,239.55585764644115
629,c630c_00001,228,0.6180779519487987,least_confidence,2,239.55585764644115
630,c630c_00001,229,0.5404135103377585,least_confidence,2,239.55585764644115
631,c630c_00001,230,0.6236280907022675,least_confidence,2,239.55585764644115
632,c630c_00001,231,0.6190279756993925,least_confidence,2,239.55585764644115
633,c630c_00001,232,0.6034275856896423,least_confidence,2,239.55585764644115
634,c630c_00001,233,0.6358658966474162,least_confidence,2,239.55585764644115
635,c630c_00001,234,0.5428010700267507,least_confidence,2,239.55585764644115
636,c630c_00001,235,0.610715267881697,least_confidence,2,239.55585764644115
637,c630c_00001,236,0.5444636115902898,least_confidence,2,239.55585764644115
638,c630c_00001,237,0.5599639990999774,least_confidence,2,239.55585764644115
639,c630c_00001,238,0.662504062601565,least_confidence,2,239.55585764644115
640,c630c_00001,239,0.5997399934998375,least_confidence,2,239.55585764644115
641,c630c_00001,240,0.5407885197129928,least_confidence,2,239.55585764644115
642,c630c_00001,241,0.6105902647566189,least_confidence,2,239.55585764644115
643,c630c_00001,242,0.606715167879197,least_confidence,2,239.55585764644115
644,c630c_00001,243,0.5426760669016726,least_confidence,2,239.55585764644115
645,c630c_00001,244,0.7453186329658241,least_confidence,2,239.55585764644115
646,c630c_00001,245,0.6551413785344633,least_confidence,2,239.55585764644115
647,c630c_00001,246,0.5309882747068677,least_confidence,2,239.55585764644115
648,c630c_00001,247,0.5704892622315558,least_confidence,2,239.55585764644115
649,c630c_00001,248,0.6553913847846196,least_confidence,2,239.55585764644115
650,c630c_00001,249,0.6571539288482212,least_confidence,2,239.55585764644115
651,c630c_00001,250,0.5608890222255556,least_confidence,2,239.55585764644115
652,c630c_00001,251,0.5660141503537588,least_confidence,2,239.55585764644115
653,c630c_00001,252,0.6039025975649391,least_confidence,2,239.55585764644115
654,c630c_00001,253,0.6257406435160879,least_confidence,2,239.55585764644115
655,c630c_00001,254,0.5852646316157903,least_confidence,2,239.55585764644115
656,c630c_00001,255,0.5573764344108603,least_confidence,2,239.55585764644115
657,c630c_00001,256,0.6129528238205955,least_confidence,2,239.55585764644115
658,c630c_00001,257,0.6353908847721192,least_confidence,2,239.55585764644115
659,c630c_00001,258,0.8427335683392085,least_confidence,2,239.55585764644115
660,c630c_00001,259,0.5755393884847121,least_confidence,2,239.55585764644115
661,c630c_00001,260,0.6334533363334083,least_confidence,2,239.55585764644115
662,c630c_00001,261,0.6473536838420961,least_confidence,2,239.55585764644115
663,c630c_00001,262,0.6405410135253382,least_confidence,2,239.55585764644115
664,c630c_00001,263,0.7251431285782145,least_confidence,2,239.55585764644115
665,c630c_00001,264,0.603377584439611,least_confidence,2,239.55585764644115
666,c630c_00001,265,0.5675766894172354,least_confidence,2,239.55585764644115
667,c630c_00001,266,0.6794669866746669,least_confidence,2,239.55585764644115
668,c630c_00001,267,0.5537763444086101,least_confidence,2,239.55585764644115
669,c630c_00001,268,0.6598164954123853,least_confidence,2,239.55585764644115
670,c630c_00001,269,0.590564764119103,least_confidence,2,239.55585764644115
671,c630c_00001,270,0.5128253206330158,least_confidence,2,239.55585764644115
672,c630c_00001,271,0.6284532113302832,least_confidence,2,239.55585764644115
673,c630c_00001,272,0.6263156578914473,least_confidence,2,239.55585764644115
674,c630c_00001,273,0.631340783519588,least_confidence,2,239.55585764644115
675,c630c_00001,274,0.5654391359783995,least_confidence,2,239.55585764644115
676,c630c_00001,275,0.6554913872846821,least_confidence,2,239.55585764644115
677,c630c_00001,276,0.7282557063926598,least_confidence,2,239.55585764644115
678,c630c_00001,277,0.6137528438210955,least_confidence,2,239.55585764644115
679,c630c_00001,278,0.5731768294207356,least_confidence,2,239.55585764644115
680,c630c_00001,279,0.6933798344958624,least_confidence,2,239.55585764644115
681,c630c_00001,280,0.543976099402485,least_confidence,2,239.55585764644115
682,c630c_00001,281,0.5310132753318832,least_confidence,2,239.55585764644115
683,c630c_00001,282,0.6502412560314008,least_confidence,2,239.55585764644115
684,c630c_00001,283,0.6507912697817445,least_confidence,2,239.55585764644115
685,c630c_00001,284,0.5388259706492662,least_confidence,2,239.55585764644115
686,c630c_00001,285,0.650766269156729,least_confidence,2,239.55585764644115
687,c630c_00001,286,0.6509662741568539,least_confidence,2,239.55585764644115
688,c630c_00001,287,0.6028775719392985,least_confidence,2,239.55585764644115
689,c630c_00001,288,0.5890022250556264,least_confidence,2,239.55585764644115
690,c630c_00001,289,0.6726043151078778,least_confidence,2,239.55585764644115
691,c630c_00001,290,0.6121778044451112,least_confidence,2,239.55585764644115
692,c630c_00001,291,0.727980699517488,least_confidence,2,239.55585764644115
693,c630c_00001,292,0.5730018250456261,least_confidence,2,239.55585764644115
694,c630c_00001,293,0.5292507312682817,least_confidence,2,239.55585764644115
695,c630c_00001,294,0.5283757093927348,least_confidence,2,239.55585764644115
696,c630c_00001,295,0.5881272031800795,least_confidence,2,239.55585764644115
697,c630c_00001,296,0.5243006075151879,least_confidence,2,239.55585764644115
698,c630c_00001,297,0.5862396559913998,least_confidence,2,239.55585764644115
699,c630c_00001,298,0.5986524663116578,least_confidence,2,239.55585764644115
700,c630c_00001,299,0.5264381609540238,least_confidence,2,239.55585764644115
701,c630c_00001,300,0.5691017275431886,least_confidence,2,239.55585764644115
702,c630c_00001,301,0.6229530738268456,least_confidence,2,239.55585764644115
703,c630c_00001,302,0.6160154003850096,least_confidence,2,239.55585764644115
704,c630c_00001,303,0.6385034625865647,least_confidence,2,239.55585764644115
705,c630c_00001,304,0.6203655091377285,least_confidence,2,239.55585764644115
706,c630c_00001,305,0.541638540963524,least_confidence,2,239.55585764644115
707,c630c_00001,306,0.6328283207080176,least_confidence,2,239.55585764644115
708,c630c_00001,307,0.6751418785469637,least_confidence,2,239.55585764644115
709,c630c_00001,308,0.6258906472661817,least_confidence,2,239.55585764644115
710,c630c_00001,309,0.6032275806895173,least_confidence,2,239.55585764644115
711,c630c_00001,310,0.5329508237705942,least_confidence,2,239.55585764644115
712,c630c_00001,311,0.5465386634665866,least_confidence,2,239.55585764644115
713,c630c_00001,312,0.581089527238181,least_confidence,2,239.55585764644115
714,c630c_00001,313,0.5732018300457511,least_confidence,2,239.55585764644115
715,c630c_00001,314,0.5181004525113128,least_confidence,2,239.55585764644115
716,c630c_00001,315,0.6390034750868772,least_confidence,2,239.55585764644115
717,c630c_00001,316,0.5989274731868297,least_confidence,2,239.55585764644115
718,c630c_00001,317,0.5980024500612515,least_confidence,2,239.55585764644115
719,c630c_00001,318,0.6505412635315883,least_confidence,2,239.55585764644115
720,c630c_00001,319,0.5502137553438836,least_confidence,2,239.55585764644115
721,c630c_00001,320,0.6308407710192755,least_confidence,2,239.55585764644115
722,c630c_00001,321,0.6279031975799394,least_confidence,2,239.55585764644115
723,c630c_00001,322,0.5361884047101177,least_confidence,2,239.55585764644115
724,c630c_00001,323,0.550588764719118,least_confidence,2,239.55585764644115
725,c630c_00001,324,0.5915397884947123,least_confidence,2,239.55585764644115
726,c630c_00001,325,0.5935523388084702,least_confidence,2,239.55585764644115
727,c630c_00001,326,0.6149153728843222,least_confidence,2,239.55585764644115
728,c630c_00001,327,0.5037750943773595,least_confidence,2,239.55585764644115
729,c630c_00001,328,0.6426035650891272,least_confidence,2,239.55585764644115
730,c630c_00001,329,0.6062151553788845,least_confidence,2,239.55585764644115
731,c630c_00001,330,0.7155428885722144,least_confidence,2,239.55585764644115
732,c630c_00001,331,0.5279506987674691,least_confidence,2,239.55585764644115
733,c630c_00001,332,0.591564789119728,least_confidence,2,239.55585764644115
734,c630c_00001,333,0.549051226280657,least_confidence,2,239.55585764644115
735,c630c_00001,334,0.5948648716217906,least_confidence,2,239.55585764644115
736,c630c_00001,335,0.6154153853846347,least_confidence,2,239.55585764644115
737,c630c_00001,336,0.630740768519213,least_confidence,2,239.55585764644115
738,c630c_00001,337,0.6652166304157603,least_confidence,2,239.55585764644115
739,c630c_00001,338,0.5755643891097277,least_confidence,2,239.55585764644115
740,c630c_00001,339,0.6179029475736894,least_confidence,2,239.55585764644115
741,c630c_00001,340,0.6151653791344784,least_confidence,2,239.55585764644115
742,c630c_00001,341,0.5882522063051576,least_confidence,2,239.55585764644115
743,c630c_00001,342,0.6707917697942449,least_confidence,2,239.55585764644115
744,c630c_00001,343,0.6709417735443386,least_confidence,2,239.55585764644115
745,c630c_00001,344,0.5935273381834546,least_confidence,2,239.55585764644115
746,c630c_00001,345,0.581014525363134,least_confidence,2,239.55585764644115
747,c630c_00001,346,0.5257881447036176,least_confidence,2,239.55585764644115
748,c630c_00001,347,0.670316757918948,least_confidence,2,239.55585764644115
749,c630c_00001,348,0.565939148478712,least_confidence,2,239.55585764644115
750,c630c_00001,349,0.5769144228605716,least_confidence,2,239.55585764644115
751,c630c_00001,350,0.5865646641166029,least_confidence,2,239.55585764644115
752,c630c_00001,351,0.647753693842346,least_confidence,2,239.55585764644115
753,c630c_00001,352,0.6349658741468537,least_confidence,2,239.55585764644115
754,c630c_00001,353,0.5513887847196179,least_confidence,2,239.55585764644115
755,c630c_00001,354,0.62252806320158,least_confidence,2,239.55585764644115
756,c630c_00001,355,0.5513137828445711,least_confidence,2,239.55585764644115
757,c630c_00001,356,0.7034800870021751,least_confidence,2,239.55585764644115
758,c630c_00001,357,0.625465636640916,least_confidence,2,239.55585764644115
759,c630c_00001,358,0.553526338158454,least_confidence,2,239.55585764644115
760,c630c_00001,359,0.6530538263456587,least_confidence,2,239.55585764644115
761,c630c_00001,360,0.5487762194054852,least_confidence,2,239.55585764644115
762,c630c_00001,361,0.653628840721018,least_confidence,2,239.55585764644115
763,c630c_00001,362,0.6064401610040251,least_confidence,2,239.55585764644115
764,c630c_00001,363,0.7331058276456912,least_confidence,2,239.55585764644115
765,c630c_00001,364,0.6606915172879322,least_confidence,2,239.55585764644115
766,c630c_00001,365,0.5704642616065402,least_confidence,2,239.55585764644115
767,c630c_00001,366,0.631340783519588,least_confidence,2,239.55585764644115
768,c630c_00001,367,0.6250156253906347,least_confidence,2,239.55585764644115
769,c630c_00001,368,0.6037525938148454,least_confidence,2,239.55585764644115
770,c630c_00001,369,0.6820045501137528,least_confidence,2,239.55585764644115
771,c630c_00001,370,0.681267031675792,least_confidence,2,239.55585764644115
772,c630c_00001,371,0.6410660266506663,least_confidence,2,239.55585764644115
773,c630c_00001,372,0.6298407460186505,least_confidence,2,239.55585764644115
774,c630c_00001,373,0.5910647766194155,least_confidence,2,239.55585764644115
775,c630c_00001,374,0.6089027225680642,least_confidence,2,239.55585764644115
776,c630c_00001,375,0.5912897822445561,least_confidence,2,239.55585764644115
777,c630c_00001,376,0.6025775644391109,least_confidence,2,239.55585764644115
778,c630c_00001,377,0.5836520913022826,least_confidence,2,239.55585764644115
779,c630c_00001,378,0.5778769469236731,least_confidence,2,239.55585764644115
780,c630c_00001,379,0.6357158928973224,least_confidence,2,239.55585764644115
781,c630c_00001,380,0.5846646166154155,least_confidence,2,239.55585764644115
782,c630c_00001,381,0.6326033150828771,least_confidence,2,239.55585764644115
783,c630c_00001,382,0.6209155228880723,least_confidence,2,239.55585764644115
784,c630c_00001,383,0.6262156553913848,least_confidence,2,239.55585764644115
785,c630c_00001,384,0.6105402635065877,least_confidence,2,239.55585764644115
786,c630c_00001,385,0.5539763494087352,least_confidence,2,239.55585764644115
787,c630c_00001,386,0.5335508387709693,least_confidence,2,239.55585764644115
788,c630c_00001,387,0.5726518162954073,least_confidence,2,239.55585764644115
789,c630c_00001,388,0.5835770894272356,least_confidence,2,239.55585764644115
790,c630c_00001,389,0.5904647616190405,least_confidence,2,239.55585764644115
791,c630c_00001,390,0.6609415235380884,least_confidence,2,239.55585764644115
792,c630c_00001,391,0.6902922573064327,least_confidence,2,239.55585764644115
793,c630c_00001,392,0.6011650291257281,least_confidence,2,239.55585764644115
794,c630c_00001,393,0.5583014575364385,least_confidence,2,239.55585764644115
795,c630c_00001,394,0.5740018500462511,least_confidence,2,239.55585764644115
796,c630c_00001,395,0.5742268556713918,least_confidence,2,239.55585764644115
797,c630c_00001,396,0.6683542088552213,least_confidence,2,239.55585764644115
798,c630c_00001,397,0.5434510862771569,least_confidence,2,239.55585764644115
799,c630c_00001,398,0.6333533338333459,least_confidence,2,239.55585764644115
800,c630c_00001,399,0.6626290657266432,least_confidence,2,239.55585764644115
801,c630c_00001,400,0.5412635315882897,least_confidence,2,239.55585764644115
802,c630c_00002,0,0.5624265606640166,least_confidence,3,228.31945798644966
803,c630c_00002,1,0.5809395234880872,least_confidence,3,228.31945798644966
804,c630c_00002,2,0.5225005625140628,least_confidence,3,228.31945798644966
805,c630c_00002,3,0.5830270756768919,least_confidence,3,228.31945798644966
806,c630c_00002,4,0.5869021725543139,least_confidence,3,228.31945798644966
807,c630c_00002,5,0.5819770494262356,least_confidence,3,228.31945798644966
808,c630c_00002,6,0.5614265356633916,least_confidence,3,228.31945798644966
809,c630c_00002,7,0.583689592239806,least_confidence,3,228.31945798644966
810,c630c_00002,8,0.5544638615965399,least_confidence,3,228.31945798644966
811,c630c_00002,9,0.5635265881647041,least_confidence,3,228.31945798644966
812,c630c_00002,10,0.6598664966624166,least_confidence,3,228.31945798644966
813,c630c_00002,11,0.6067776694417361,least_confidence,3,228.31945798644966
814,c630c_00002,12,0.49421235530888274,least_confidence,3,228.31945798644966
815,c630c_00002,13,0.49397484937123426,least_confidence,3,228.31945798644966
816,c630c_00002,14,0.5203380084502113,least_confidence,3,228.31945798644966
817,c630c_00002,15,0.5218505462636566,least_confidence,3,228.31945798644966
818,c630c_00002,16,0.5616765419135479,least_confidence,3,228.31945798644966
819,c630c_00002,17,0.5657641441036025,least_confidence,3,228.31945798644966
820,c630c_00002,18,0.5299132478311958,least_confidence,3,228.31945798644966
821,c630c_00002,19,0.5721018025450637,least_confidence,3,228.31945798644966
822,c630c_00002,20,0.5427010675266881,least_confidence,3,228.31945798644966
823,c630c_00002,21,0.5770269256731418,least_confidence,3,228.31945798644966
824,c630c_00002,22,0.571876796919923,least_confidence,3,228.31945798644966
825,c630c_00002,23,0.6042901072526814,least_confidence,3,228.31945798644966
826,c630c_00002,24,0.5660141503537588,least_confidence,3,228.31945798644966
827,c630c_00002,25,0.567201680042001,least_confidence,3,228.31945798644966
828,c630c_00002,26,0.5620265506637666,least_confidence,3,228.31945798644966
829,c630c_00002,27,0.5366759168979225,least_confidence,3,228.31945798644966
830,c630c_00002,28,0.6019025475636891,least_confidence,3,228.31945798644966
831,c630c_00002,29,0.5360509012725319,least_confidence,3,228.31945798644966
832,c630c_00002,30,0.5433885847146178,least_confidence,3,228.31945798644966
833,c630c_00002,31,0.6523288082202054,least_confidence,3,228.31945798644966
834,c630c_00002,32,0.6025275631890796,least_confidence,3,228.31945798644966
835,c630c_00002,33,0.5449386234655866,least_confidence,3,228.31945798644966
836,c630c_00002,34,0.5704392609815245,least_confidence,3,228.31945798644966
837,c630c_00002,35,0.561801545038626,least_confidence,3,228.31945798644966
838,c630c_00002,36,0.5445636140903523,least_confidence,3,228.31945798644966
839,c630c_00002,37,0.6372034300857521,least_confidence,3,228.31945798644966
840,c630c_00002,38,0.5743143578589465,least_confidence,3,228.31945798644966
841,c630c_00002,39,0.5151878796969924,least_confidence,3,228.31945798644966
842,c630c_00002,40,0.5331133278331959,least_confidence,3,228.31945798644966
843,c630c_00002,41,0.5725268131703292,least_confidence,3,228.31945798644966
844,c630c_00002,42,0.568276706917673,least_confidence,3,228.31945798644966
845,c630c_00002,43,0.6224280607015176,least_confidence,3,228.31945798644966
846,c630c_00002,44,0.5694642366059152,least_confidence,3,228.31945798644966
847,c630c_00002,45,0.6071776794419861,least_confidence,3,228.31945798644966
848,c630c_00002,46,0.6249906247656192,least_confidence,3,228.31945798644966
849,c630c_00002,47,0.5523263081577039,least_confidence,3,228.31945798644966
850,c630c_00002,48,0.5314382859571489,least_confidence,3,228.31945798644966
851,c630c_00002,49,0.6397159928998225,least_confidence,3,228.31945798644966
852,c630c_00002,50,0.578814470361759,least_confidence,3,228.31945798644966
853,c630c_00002,51,0.5739643491087277,least_confidence,3,228.31945798644966
854,c630c_00002,52,0.5720518012950324,least_confidence,3,228.31945798644966
855,c630c_00002,53,0.6169029225730643,least_confidence,3,228.31945798644966
856,c630c_00002,54,0.6622040551013775,least_confidence,3,228.31945798644966
857,c630c_00002,55,0.5488137203430086,least_confidence,3,228.31945798644966
858,c630c_00002,56,0.5269756743918598,least_confidence,3,228.31945798644966
859,c630c_00002,57,0.5990649766244156,least_confidence,3,228.31945798644966
860,c630c_00002,58,0.5235630890772269,least_confidence,3,228.31945798644966
861,c630c_00002,59,0.5296382409560239,least_confidence,3,228.31945798644966
862,c630c_00002,60,0.6173279331983299,least_confidence,3,228.31945798644966
863,c630c_00002,61,0.5793894847371184,least_confidence,3,228.31945798644966
864,c630c_00002,62,0.5896897422435561,least_confidence,3,228.31945798644966
865,c630c_00002,63,0.5694642366059152,least_confidence,3,228.31945798644966
866,c630c_00002,64,0.6102652566314157,least_confidence,3,228.31945798644966
867,c630c_00002,65,0.54337608440211,least_confidence,3,228.31945798644966
868,c630c_00002,66,0.6114777869446736,least_confidence,3,228.31945798644966
869,c630c_00002,67,0.5602140053501337,least_confidence,3,228.31945798644966
870,c630c_00002,68,0.5870021750543764,least_confidence,3,228.31945798644966
871,c630c_00002,69,0.5547388684717118,least_confidence,3,228.31945798644966
872,c630c_00002,70,0.5257756443911098,least_confidence,3,228.31945798644966
873,c630c_00002,71,0.5591639790994775,least_confidence,3,228.31945798644966
874,c630c_00002,72,0.5829770744268608,least_confidence,3,228.31945798644966
875,c630c_00002,73,0.5911772794319858,least_confidence,3,228.31945798644966
876,c630c_00002,74,0.5971774294357359,least_confidence,3,228.31945798644966
877,c630c_00002,75,0.5370509262731569,least_confidence,3,228.31945798644966
878,c630c_00002,76,0.569539238480962,least_confidence,3,228.31945798644966
879,c630c_00002,77,0.5444136103402585,least_confidence,3,228.31945798644966
880,c630c_00002,78,0.5843146078651966,least_confidence,3,228.31945798644966
881,c630c_00002,79,0.5691892297307433,least_confidence,3,228.31945798644966
882,c630c_00002,80,0.606977674441861,least_confidence,3,228.31945798644966
883,c630c_00002,81,0.5351633790844772,least_confidence,3,228.31945798644966
884,c630c_00002,82,0.5946648666216655,least_confidence,3,228.31945798644966
885,c630c_00002,83,0.5646391159778994,least_confidence,3,228.31945798644966
886,c630c_00002,84,0.5215755393884847,least_confidence,3,228.31945798644966
887,c630c_00002,85,0.5751893797344934,least_confidence,3,228.31945798644966
888,c630c_00002,86,0.5731518287957199,least_confidence,3,228.31945798644966
889,c630c_00002,87,0.5192254806370159,least_confidence,3,228.31945798644966
890,c630c_00002,88,0.6294657366434161,least_confidence,3,228.31945798644966
891,c630c_00002,89,0.5170754268856721,least_confidence,3,228.31945798644966
892,c630c_00002,90,0.5040876021900548,least_confidence,3,228.31945798644966
893,c630c_00002,91,0.657228930723268,least_confidence,3,228.31945798644966
894,c630c_00002,92,0.5672266806670166,least_confidence,3,228.31945798644966
895,c630c_00002,93,0.5199129978249456,least_confidence,3,228.31945798644966
896,c630c_00002,94,0.5356508912722818,least_confidence,3,228.31945798644966
897,c630c_00002,95,0.5359383984599615,least_confidence,3,228.31945798644966
898,c630c_00002,96,0.543313582839571,least_confidence,3,228.31945798644966
899,c630c_00002,97,0.5164629115727893,least_confidence,3,228.31945798644966
900,c630c_00002,98,0.6194904872621816,least_confidence,3,228.31945798644966
901,c630c_00002,99,0.581089527238181,least_confidence,3,228.31945798644966
902,c630c_00002,100,0.5821270531763294,least_confidence,3,228.31945798644966
903,c630c_00002,101,0.5893897347433685,least_confidence,3,228.31945798644966
904,c630c_00002,102,0.6406660166504163,least_confidence,3,228.31945798644966
905,c630c_00002,103,0.5296132403310083,least_confidence,3,228.31945798644966
906,c630c_00002,104,0.5798394959873997,least_confidence,3,228.31945798644966
907,c630c_00002,105,0.6337908447711192,least_confidence,3,228.31945798644966
908,c630c_00002,106,0.575214380359509,least_confidence,3,228.31945798644966
909,c630c_00002,107,0.5333258331458286,least_confidence,3,228.31945798644966
910,c630c_00002,108,0.5694642366059152,least_confidence,3,228.31945798644966
911,c630c_00002,109,0.5480137003425085,least_confidence,3,228.31945798644966
912,c630c_00002,110,0.5911772794319858,least_confidence,3,228.31945798644966
913,c630c_00002,111,0.569939248481212,least_confidence,3,228.31945798644966
914,c630c_00002,112,0.6300657516437911,least_confidence,3,228.31945798644966
915,c630c_00002,113,0.5742893572339308,least_confidence,3,228.31945798644966
916,c630c_00002,114,0.6224280607015176,least_confidence,3,228.31945798644966
917,c630c_00002,115,0.6500412510312757,least_confidence,3,228.31945798644966
918,c630c_00002,116,0.5408760219005475,least_confidence,3,228.31945798644966
919,c630c_00002,117,0.6079526988174704,least_confidence,3,228.31945798644966
920,c630c_00002,118,0.6024525613140328,least_confidence,3,228.31945798644966
921,c630c_00002,119,0.5678016950423761,least_confidence,3,228.31945798644966
922,c630c_00002,120,0.563001575039376,least_confidence,3,228.31945798644966
923,c630c_00002,121,0.5469261731543289,least_confidence,3,228.31945798644966
924,c630c_00002,122,0.5221505537638441,least_confidence,3,228.31945798644966
925,c630c_00002,123,0.5156753918847972,least_confidence,3,228.31945798644966
926,c630c_00002,124,0.5606390159753993,least_confidence,3,228.31945798644966
927,c630c_00002,125,0.5841146028650717,least_confidence,3,228.31945798644966
928,c630c_00002,126,0.5540638515962899,least_confidence,3,228.31945798644966
929,c630c_00002,127,0.6046401160029,least_confidence,3,228.31945798644966
930,c630c_00002,128,0.5211255281382035,least_confidence,3,228.31945798644966
931,c630c_00002,129,0.5863771594289857,least_confidence,3,228.31945798644966
932,c630c_00002,130,0.5899147478686968,least_confidence,3,228.31945798644966
933,c630c_00002,131,0.5862271556788919,least_confidence,3,228.31945798644966
934,c630c_00002,132,0.5224755618890473,least_confidence,3,228.31945798644966
935,c630c_00002,133,0.6050651266281657,least_confidence,3,228.31945798644966
936,c630c_00002,134,0.5688392209805245,least_confidence,3,228.31945798644966
937,c630c_00002,135,0.5327508187704693,least_confidence,3,228.31945798644966
938,c630c_00002,136,0.5600890022250555,least_confidence,3,228.31945798644966
939,c630c_00002,137,0.5871021775544388,least_confidence,3,228.31945798644966
940,c630c_00002,138,0.5407010175254381,least_confidence,3,228.31945798644966
941,c630c_00002,139,0.5265006625165629,least_confidence,3,228.31945798644966
942,c630c_00002,140,0.6020275506887672,least_confidence,3,228.31945798644966
943,c630c_00002,141,0.5504012600315008,least_confidence,3,228.31945798644966
944,c630c_00002,142,0.6064026600665017,least_confidence,3,228.31945798644966
945,c630c_00002,143,0.5063251581289532,least_confidence,3,228.31945798644966
946,c630c_00002,144,0.5218005450136254,least_confidence,3,228.31945798644966
947,c630c_00002,145,0.6361909047726193,least_confidence,3,228.31945798644966
948,c630c_00002,146,0.647153678841971,least_confidence,3,228.31945798644966
949,c630c_00002,147,0.6094402360059001,least_confidence,3,228.31945798644966
950,c630c_00002,148,0.6374034350858772,least_confidence,3,228.31945798644966
951,c630c_00002,149,0.60344008600215,least_confidence,3,228.31945798644966
952,c630c_00002,150,0.6872296807420185,least_confidence,3,228.31945798644966
953,c630c_00002,151,0.5524263106577665,least_confidence,3,228.31945798644966
954,c630c_00002,152,0.6099152478811971,least_confidence,3,228.31945798644966
955,c630c_00002,153,0.5945398634965874,least_confidence,3,228.31945798644966
956,c630c_00002,154,0.5556638915972899,least_confidence,3,228.31945798644966
957,c630c_00002,155,0.5768769219230481,least_confidence,3,228.31945798644966
958,c630c_00002,156,0.606977674441861,least_confidence,3,228.31945798644966
959,c630c_00002,157,0.6267781694542364,least_confidence,3,228.31945798644966
960,c630c_00002,158,0.6117777944448611,least_confidence,3,228.31945798644966
961,c630c_00002,159,0.5324258106452662,least_confidence,3,228.31945798644966
962,c630c_00002,160,0.5180629515737893,least_confidence,3,228.31945798644966
963,c630c_00002,161,0.5688892222305557,least_confidence,3,228.31945798644966
964,c630c_00002,162,0.5260006500162504,least_confidence,3,228.31945798644966
965,c630c_00002,163,0.568201705042626,least_confidence,3,228.31945798644966
966,c630c_00002,164,0.5661891547288682,least_confidence,3,228.31945798644966
967,c630c_00002,165,0.5229880747018676,least_confidence,3,228.31945798644966
968,c630c_00002,166,0.5970024250606265,least_confidence,3,228.31945798644966
969,c630c_00002,167,0.612252806320158,least_confidence,3,228.31945798644966
970,c630c_00002,168,0.5391884797119928,least_confidence,3,228.31945798644966
971,c630c_00002,169,0.5474011850296256,least_confidence,3,228.31945798644966
972,c630c_00002,170,0.5871771794294858,least_confidence,3,228.31945798644966
973,c630c_00002,171,0.5844396109902747,least_confidence,3,228.31945798644966
974,c630c_00002,172,0.48614965374134356,least_confidence,3,228.31945798644966
975,c630c_00002,173,0.6029775744393611,least_confidence,3,228.31945798644966
976,c630c_00002,174,0.6067776694417361,least_confidence,3,228.31945798644966
977,c630c_00002,175,0.6095652391309783,least_confidence,3,228.31945798644966
978,c630c_00002,176,0.6114152853821345,least_confidence,3,228.31945798644966
979,c630c_00002,177,0.6742168554213855,least_confidence,3,228.31945798644966
980,c630c_00002,178,0.601702542563564,least_confidence,3,228.31945798644966
981,c630c_00002,179,0.5989899747493688,least_confidence,3,228.31945798644966
982,c630c_00002,180,0.5743643591089778,least_confidence,3,228.31945798644966
983,c630c_00002,181,0.5446636165904147,least_confidence,3,228.31945798644966
984,c630c_00002,182,0.6478036950923773,least_confidence,3,228.31945798644966
985,c630c_00002,183,0.5542888572214306,least_confidence,3,228.31945798644966
986,c630c_00002,184,0.616727918197955,least_confidence,3,228.31945798644966
987,c630c_00002,185,0.5539388484712118,least_confidence,3,228.31945798644966
988,c630c_00002,186,0.5370009250231256,least_confidence,3,228.31945798644966
989,c630c_00002,187,0.5841896047401185,least_confidence,3,228.31945798644966
990,c630c_00002,188,0.5488887222180555,least_confidence,3,228.31945798644966
991,c630c_00002,189,0.5329883247081177,least_confidence,3,228.31945798644966
992,c630c_00002,190,0.5040001000025001,least_confidence,3,228.31945798644966
993,c630c_00002,191,0.6190904772619316,least_confidence,3,228.31945798644966
994,c630c_00002,192,0.5439885997149929,least_confidence,3,228.31945798644966
995,c630c_00002,193,0.594164854121353,least_confidence,3,228.31945798644966
996,c630c_00002,194,0.49566239155978903,least_confidence,3,228.31945798644966
997,c630c_00002,195,0.6094902372559314,least_confidence,3,228.31945798644966
998,c630c_00002,196,0.5392384809620241,least_confidence,3,228.31945798644966
999,c630c_00002,197,0.5937773444336109,least_confidence,3,228.31945798644966
1000,c630c_00002,198,0.6542663566589164,least_confidence,3,228.31945798644966
1001,c630c_00002,199,0.5742893572339308,least_confidence,3,228.31945798644966
1002,c630c_00002,200,0.517950448761219,least_confidence,3,228.31945798644966
1003,c630c_00002,201,0.5344883622090553,least_confidence,3,228.31945798644966
1004,c630c_00002,202,0.5783144578614465,least_confidence,3,228.31945798644966
1005,c630c_00002,203,0.5307757693942349,least_confidence,3,228.31945798644966
1006,c630c_00002,204,0.5611015275381884,least_confidence,3,228.31945798644966
1007,c630c_00002,205,0.5254381359533988,least_confidence,3,228.31945798644966
1008,c630c_00002,206,0.5994899872496813,least_confidence,3,228.31945798644966
1009,c630c_00002,207,0.6037025925648141,least_confidence,3,228.31945798644966
1010,c630c_00002,208,0.5616765419135479,least_confidence,3,228.31945798644966
1011,c630c_00002,209,0.5673766844171104,least_confidence,3,228.31945798644966
1012,c630c_00002,210,0.6012525313132828,least_confidence,3,228.31945798644966
1013,c630c_00002,211,0.6092152303807595,least_confidence,3,228.31945798644966
1014,c630c_00002,212,0.5740393509837746,least_confidence,3,228.31945798644966
1015,c630c_00002,213,0.6271281782044551,least_confidence,3,228.31945798644966
1016,c630c_00002,214,0.5820520513012826,least_confidence,3,228.31945798644966
1017,c630c_00002,215,0.5830395759893997,least_confidence,3,228.31945798644966
1018,c630c_00002,216,0.579289482237056,least_confidence,3,228.31945798644966
1019,c630c_00002,217,0.6192904822620565,least_confidence,3,228.31945798644966
1020,c630c_00002,218,0.5239380984524613,least_confidence,3,228.31945798644966
1021,c630c_00002,219,0.6025775644391109,least_confidence,3,228.31945798644966
1022,c630c_00002,220,0.6316532913322833,least_confidence,3,228.31945798644966
1023,c630c_00002,221,0.5622515562889072,least_confidence,3,228.31945798644966
1024,c630c_00002,222,0.5410510262756569,least_confidence,3,228.31945798644966
1025,c630c_00002,223,0.5914772869321734,least_confidence,3,228.31945798644966
1026,c630c_00002,224,0.5119252981324534,least_confidence,3,228.31945798644966
1027,c630c_00002,225,0.6367784194604865,least_confidence,3,228.31945798644966
1028,c630c_00002,226,0.6216530413260332,least_confidence,3,228.31945798644966
1029,c630c_00002,227,0.5124003100077502,least_confidence,3,228.31945798644966
1030,c630c_00002,228,0.5939898497462437,least_confidence,3,228.31945798644966
1031,c630c_00002,229,0.5625015625390635,least_confidence,3,228.31945798644966
1032,c630c_00002,230,0.5523763094077352,least_confidence,3,228.31945798644966
1033,c630c_00002,231,0.5737643441086028,least_confidence,3,228.31945798644966
1034,c630c_00002,232,0.6167529188229706,least_confidence,3,228.31945798644966
1035,c630c_00002,233,0.5767519187979699,least_confidence,3,228.31945798644966
1036,c630c_00002,234,0.5300132503312582,least_confidence,3,228.31945798644966
1037,c630c_00002,235,0.5218005450136254,least_confidence,3,228.31945798644966
1038,c630c_00002,236,0.6099152478811971,least_confidence,3,228.31945798644966
1039,c630c_00002,237,0.5199879996999925,least_confidence,3,228.31945798644966
1040,c630c_00002,238,0.5625015625390635,least_confidence,3,228.31945798644966
1041,c630c_00002,239,0.6193154828870722,least_confidence,3,228.31945798644966
1042,c630c_00002,240,0.6303157578939473,least_confidence,3,228.31945798644966
1043,c630c_00002,241,0.5768769219230481,least_confidence,3,228.31945798644966
1044,c630c_00002,242,0.5996149903747594,least_confidence,3,228.31945798644966
1045,c630c_00002,243,0.6038650966274157,least_confidence,3,228.31945798644966
1046,c630c_00002,244,0.5538888472211805,least_confidence,3,228.31945798644966
1047,c630c_00002,245,0.6116277906947674,least_confidence,3,228.31945798644966
1048,c630c_00002,246,0.5824770619265481,least_confidence,3,228.31945798644966
1049,c630c_00002,247,0.574214355358884,least_confidence,3,228.31945798644966
1050,c630c_00002,248,0.4791369784244606,least_confidence,3,228.31945798644966
1051,c630c_00002,249,0.5604890122253057,least_confidence,3,228.31945798644966
1052,c630c_00002,250,0.5967524188104703,least_confidence,3,228.31945798644966
1053,c630c_00002,251,0.5394884872121803,least_confidence,3,228.31945798644966
1054,c630c_00002,252,0.5298132453311333,least_confidence,3,228.31945798644966
1055,c630c_00002,253,0.5746893672341808,least_confidence,3,228.31945798644966
1056,c630c_00002,254,0.5363509087727193,least_confidence,3,228.31945798644966
1057,c630c_00002,255,0.6400160004000099,least_confidence,3,228.31945798644966
1058,c630c_00002,256,0.5311382784569614,least_confidence,3,228.31945798644966
1059,c630c_00002,257,0.6100902522563064,least_confidence,3,228.31945798644966
1060,c630c_00002,258,0.5998399959999,least_confidence,3,228.31945798644966
1061,c630c_00002,259,0.5592639815995399,least_confidence,3,228.31945798644966
1062,c630c_00002,260,0.5559013975349384,least_confidence,3,228.31945798644966
1063,c630c_00002,261,0.5899897497437436,least_confidence,3,228.31945798644966
1064,c630c_00002,262,0.5990649766244156,least_confidence,3,228.31945798644966
1065,c630c_00002,263,0.5841646041151028,least_confidence,3,228.31945798644966
1066,c630c_00002,264,0.5640266006650166,least_confidence,3,228.31945798644966
1067,c630c_00002,265,0.5575514387859697,least_confidence,3,228.31945798644966
1068,c630c_00002,266,0.6144653616340409,least_confidence,3,228.31945798644966
1069,c630c_00002,267,0.5153003825095628,least_confidence,3,228.31945798644966
1070,c630c_00002,268,0.5742393559838996,least_confidence,3,228.31945798644966
1071,c630c_00002,269,0.5764519112977824,least_confidence,3,228.31945798644966
1072,c630c_00002,270,0.5707767694192355,least_confidence,3,228.31945798644966
1073,c630c_00002,271,0.546251156278907,least_confidence,3,228.31945798644966
1074,c630c_00002,272,0.5355508887722193,least_confidence,3,228.31945798644966
1075,c630c_00002,273,0.5619015475386885,least_confidence,3,228.31945798644966
1076,c630c_00002,274,0.5227880697017425,least_confidence,3,228.31945798644966
1077,c630c_00002,275,0.5170004250106253,least_confidence,3,228.31945798644966
1078,c630c_00002,276,0.6098652466311658,least_confidence,3,228.31945798644966
1079,c630c_00002,277,0.5815270381759544,least_confidence,3,228.31945798644966
1080,c630c_00002,278,0.5533638340958524,least_confidence,3,228.31945798644966
1081,c630c_00002,279,0.5294882372059302,least_confidence,3,228.31945798644966
1082,c630c_00002,280,0.5733143328583215,least_confidence,3,228.31945798644966
1083,c630c_00002,281,0.5868771719292982,least_confidence,3,228.31945798644966
1084,c630c_00002,282,0.5538638465961649,least_confidence,3,228.31945798644966
1085,c630c_00002,283,0.6606165154128854,least_confidence,3,228.31945798644966
1086,c630c_00002,284,0.5896647416185405,least_confidence,3,228.31945798644966
1087,c630c_00002,285,0.5590139753493837,least_confidence,3,228.31945798644966
1088,c630c_00002,286,0.5228380709517738,least_confidence,3,228.31945798644966
1089,c630c_00002,287,0.5261256531413285,least_confidence,3,228.31945798644966
1090,c630c_00002,288,0.5824520613015325,least_confidence,3,228.31945798644966
1091,c630c_00002,289,0.5581389534738368,least_confidence,3,228.31945798644966
1092,c630c_00002,290,0.5337133428335707,least_confidence,3,228.31945798644966
1093,c630c_00002,291,0.5282132053301333,least_confidence,3,228.31945798644966
1094,c630c_00002,292,0.5447386184654617,least_confidence,3,228.31945798644966
1095,c630c_00002,293,0.525363134078352,least_confidence,3,228.31945798644966
1096,c630c_00002,294,0.6290407260181505,least_confidence,3,228.31945798644966
1097,c630c_00002,295,0.6014275356883922,least_confidence,3,228.31945798644966
1098,c630c_00002,296,0.5659016475411885,least_confidence,3,228.31945798644966
1099,c630c_00002,297,0.609115227880697,least_confidence,3,228.31945798644966
1100,c630c_00002,298,0.5947898697467436,least_confidence,3,228.31945798644966
1101,c630c_00002,299,0.5672266806670166,least_confidence,3,228.31945798644966
1102,c630c_00002,300,0.5839645991149779,least_confidence,3,228.31945798644966
1103,c630c_00002,301,0.5626765669141729,least_confidence,3,228.31945798644966
1104,c630c_00002,302,0.6193154828870722,least_confidence,3,228.31945798644966
1105,c630c_00002,303,0.5427260681517038,least_confidence,3,228.31945798644966
1106,c630c_00002,304,0.5322258056451411,least_confidence,3,228.31945798644966
1107,c630c_00002,305,0.5711017775444386,least_confidence,3,228.31945798644966
1108,c630c_00002,306,0.5811270281757044,least_confidence,3,228.31945798644966
1109,c630c_00002,307,0.5914022850571264,least_confidence,3,228.31945798644966
1110,c630c_00002,308,0.6340908522713068,least_confidence,3,228.31945798644966
1111,c630c_00002,309,0.5861771544288608,least_confidence,3,228.31945798644966
1112,c630c_00002,310,0.533238330958274,least_confidence,3,228.31945798644966
1113,c630c_00002,311,0.5662266556663917,least_confidence,3,228.31945798644966
1114,c630c_00002,312,0.6078026950673767,least_confidence,3,228.31945798644966
1115,c630c_00002,313,0.5386634665866646,least_confidence,3,228.31945798644966
1116,c630c_00002,314,0.5820270506762669,least_confidence,3,228.31945798644966
1117,c630c_00002,315,0.5819270481762044,least_confidence,3,228.31945798644966
1118,c630c_00002,316,0.6286657166429162,least_confidence,3,228.31945798644966
1119,c630c_00002,317,0.5387634690867271,least_confidence,3,228.31945798644966
1120,c630c_00002,318,0.6283157078926973,least_confidence,3,228.31945798644966
1121,c630c_00002,319,0.5381884547113678,least_confidence,3,228.31945798644966
1122,c630c_00002,320,0.542913572839321,least_confidence,3,228.31945798644966
1123,c630c_00002,321,0.5756018900472512,least_confidence,3,228.31945798644966
1124,c630c_00002,322,0.6139153478836971,least_confidence,3,228.31945798644966
1125,c630c_00002,323,0.5336383409585239,least_confidence,3,228.31945798644966
1126,c630c_00002,324,0.5737393434835871,least_confidence,3,228.31945798644966
1127,c630c_00002,325,0.6184904622615566,least_confidence,3,228.31945798644966
1128,c630c_00002,326,0.5633140828520713,least_confidence,3,228.31945798644966
1129,c630c_00002,327,0.5080377009425235,least_confidence,3,228.31945798644966
1130,c630c_00002,328,0.5913272831820795,least_confidence,3,228.31945798644966
1131,c630c_00002,329,0.5858271456786419,least_confidence,3,228.31945798644966
1132,c630c_00002,330,0.5079876996924922,least_confidence,3,228.31945798644966
1133,c630c_00002,331,0.6414535363384084,least_confidence,3,228.31945798644966
1134,c630c_00002,332,0.5353758843971099,least_confidence,3,228.31945798644966
1135,c630c_00002,333,0.5859271481787045,least_confidence,3,228.31945798644966
1136,c630c_00002,334,0.5586139653491338,least_confidence,3,228.31945798644966
1137,c630c_00002,335,0.5177129428235706,least_confidence,3,228.31945798644966
1138,c630c_00002,336,0.5762019050476261,least_confidence,3,228.31945798644966
1139,c630c_00002,337,0.5686892172304308,least_confidence,3,228.31945798644966
1140,c630c_00002,338,0.521025525638141,least_confidence,3,228.31945798644966
1141,c630c_00002,339,0.5764019100477512,least_confidence,3,228.31945798644966
1142,c630c_00002,340,0.593764844121103,least_confidence,3,228.31945798644966
1143,c630c_00002,341,0.5229130728268206,least_confidence,3,228.31945798644966
1144,c630c_00002,342,0.6035900897522438,least_confidence,3,228.31945798644966
1145,c630c_00002,343,0.5345133628340708,least_confidence,3,228.31945798644966
1146,c630c_00002,344,0.548988724718118,least_confidence,3,228.31945798644966
1147,c630c_00002,345,0.5359008975224381,least_confidence,3,228.31945798644966
1148,c630c_00002,346,0.5690642266056651,least_confidence,3,228.31945798644966
1149,c630c_00002,347,0.5604515112877821,least_confidence,3,228.31945798644966
1150,c630c_00002,348,0.5946398659966499,least_confidence,3,228.31945798644966
1151,c630c_00002,349,0.6091652291307283,least_confidence,3,228.31945798644966
1152,c630c_00002,350,0.5334883372084303,least_confidence,3,228.31945798644966
1153,c630c_00002,351,0.6036150903772595,least_confidence,3,228.31945798644966
1154,c630c_00002,352,0.5792394809870247,least_confidence,3,228.31945798644966
1155,c630c_00002,353,0.588964724118103,least_confidence,3,228.31945798644966
1156,c630c_00002,354,0.5137628440711017,least_confidence,3,228.31945798644966
1157,c630c_00002,355,0.509212730318258,least_confidence,3,228.31945798644966
1158,c630c_00002,356,0.49549988749718743,least_confidence,3,228.31945798644966
1159,c630c_00002,357,0.5741143528588215,least_confidence,3,228.31945798644966
1160,c630c_00002,358,0.5831395784894622,least_confidence,3,228.31945798644966
1161,c630c_00002,359,0.6015025375634391,least_confidence,3,228.31945798644966
1162,c630c_00002,360,0.5589889747243681,least_confidence,3,228.31945798644966
1163,c630c_00002,361,0.5682142053551339,least_confidence,3,228.31945798644966
1164,c630c_00002,362,0.623540588514713,least_confidence,3,228.31945798644966
1165,c630c_00002,363,0.5321508037700943,least_confidence,3,228.31945798644966
1166,c630c_00002,364,0.6335158378959473,least_confidence,3,228.31945798644966
1167,c630c_00002,365,0.6274531863296582,least_confidence,3,228.31945798644966
1168,c630c_00002,366,0.5884147103677592,least_confidence,3,228.31945798644966
1169,c630c_00002,367,0.5558013950348759,least_confidence,3,228.31945798644966
1170,c630c_00002,368,0.5691142278556964,least_confidence,3,228.31945798644966
1171,c630c_00002,369,0.5588389709742744,least_confidence,3,228.31945798644966
1172,c630c_00002,370,0.4912247806195155,least_confidence,3,228.31945798644966
1173,c630c_00002,371,0.5631640791019775,least_confidence,3,228.31945798644966
1174,c630c_00002,372,0.5707017675441886,least_confidence,3,228.31945798644966
1175,c630c_00002,373,0.6188404710117753,least_confidence,3,228.31945798644966
1176,c630c_00002,374,0.6113777844446111,least_confidence,3,228.31945798644966
1177,c630c_00002,375,0.5717267931698292,least_confidence,3,228.31945798644966
1178,c630c_00002,376,0.5485387134678367,least_confidence,3,228.31945798644966
1179,c630c_00002,377,0.5353508837720943,least_confidence,3,228.31945798644966
1180,c630c_00002,378,0.5554513862846572,least_confidence,3,228.31945798644966
1181,c630c_00002,379,0.5638390959773995,least_confidence,3,228.31945798644966
1182,c630c_00002,380,0.5360259006475162,least_confidence,3,228.31945798644966
1183,c630c_00002,381,0.5160254006350159,least_confidence,3,228.31945798644966
1184,c630c_00002,382,0.5102252556313908,least_confidence,3,228.31945798644966
1185,c630c_00002,383,0.5261506537663442,least_confidence,3,228.31945798644966
1186,c630c_00002,384,0.5008750218755469,least_confidence,3,228.31945798644966
1187,c630c_00002,385,0.5787144678616966,least_confidence,3,228.31945798644966
1188,c630c_00002,386,0.5063751593789845,least_confidence,3,228.31945798644966
1189,c630c_00002,387,0.5053251331283283,least_confidence,3,228.31945798644966
1190,c630c_00002,388,0.6059026475661892,least_confidence,3,228.31945798644966
1191,c630c_00002,389,0.5987649691242282,least_confidence,3,228.31945798644966
1192,c630c_00002,390,0.49771244281107024,least_confidence,3,228.31945798644966
1193,c630c_00002,391,0.5834395859896497,least_confidence,3,228.31945798644966
1194,c630c_00002,392,0.5411510287757194,least_confidence,3,228.31945798644966
1195,c630c_00002,393,0.5308257706442661,least_confidence,3,228.31945798644966
1196,c630c_00002,394,0.6743918597964949,least_confidence,3,228.31945798644966
1197,c630c_00002,395,0.5809020225505638,least_confidence,3,228.31945798644966
1198,c630c_00002,396,0.5362259056476412,least_confidence,3,228.31945798644966
1199,c630c_00002,397,0.570476761919048,least_confidence,3,228.31945798644966
1200,c630c_00002,398,0.601177529438236,least_confidence,3,228.31945798644966
1201,c630c_00002,399,0.5733893347333683,least_confidence,3,228.31945798644966
1202,c630c_00002,400,0.5359258981474537,least_confidence,3,228.31945798644966
1203,c630c_00003,0,0.4895622390559764,least_confidence,4,231.60138378459462
1204,c630c_00003,1,0.5429510737768444,least_confidence,4,231.60138378459462
1205,c630c_00003,2,0.5357633940848521,least_confidence,4,231.60138378459462
1206,c630c_00003,3,0.5099377484437111,least_confidence,4,231.60138378459462
1207,c630c_00003,4,0.6005400135003375,least_confidence,4,231.60138378459462
1208,c630c_00003,5,0.5182754568864222,least_confidence,4,231.60138378459462
1209,c630c_00003,6,0.56126403160079,least_confidence,4,231.60138378459462
1210,c630c_00003,7,0.5176254406360159,least_confidence,4,231.60138378459462
1211,c630c_00003,8,0.5589514737868446,least_confidence,4,231.60138378459462
1212,c630c_00003,9,0.5787269681742043,least_confidence,4,231.60138378459462
1213,c630c_00003,10,0.550588764719118,least_confidence,4,231.60138378459462
1214,c630c_00003,11,0.5885272131803295,least_confidence,4,231.60138378459462
1215,c630c_00003,12,0.5693017325433136,least_confidence,4,231.60138378459462
1216,c630c_00003,13,0.5957398934973375,least_confidence,4,231.60138378459462
1217,c630c_00003,14,0.6032525813145329,least_confidence,4,231.60138378459462
1218,c630c_00003,15,0.5562389059726494,least_confidence,4,231.60138378459462
1219,c630c_00003,16,0.592102302557564,least_confidence,4,231.60138378459462
1220,c630c_00003,17,0.620665516637916,least_confidence,4,231.60138378459462
1221,c630c_00003,18,0.5099627490687266,least_confidence,4,231.60138378459462
1222,c630c_00003,19,0.5622765569139229,least_confidence,4,231.60138378459462
1223,c630c_00003,20,0.5825520638015951,least_confidence,4,231.60138378459462
1224,c630c_00003,21,0.5372759318982975,least_confidence,4,231.60138378459462
1225,c630c_00003,22,0.5192254806370159,least_confidence,4,231.60138378459462
1226,c630c_00003,23,0.5613640341008526,least_confidence,4,231.60138378459462
1227,c630c_00003,24,0.5281257031425786,least_confidence,4,231.60138378459462
1228,c630c_00003,25,0.5661891547288682,least_confidence,4,231.60138378459462
1229,c630c_00003,26,0.5831020775519389,least_confidence,4,231.60138378459462
1230,c630c_00003,27,0.541113527838196,least_confidence,4,231.60138378459462
1231,c630c_00003,28,0.5824770619265481,least_confidence,4,231.60138378459462
1232,c630c_00003,29,0.5661641541038526,least_confidence,4,231.60138378459462
1233,c630c_00003,30,0.5731018275456886,least_confidence,4,231.60138378459462
1234,c630c_00003,31,0.5905897647441186,least_confidence,4,231.60138378459462
1235,c630c_00003,32,0.580489512237806,least_confidence,4,231.60138378459462
1236,c630c_00003,33,0.5185754643866096,least_confidence,4,231.60138378459462
1237,c630c_00003,34,0.5451136278406961,least_confidence,4,231.60138378459462
1238,c630c_00003,35,0.5856646416160404,least_confidence,4,231.60138378459462
1239,c630c_00003,36,0.5738268456711417,least_confidence,4,231.60138378459462
1240,c630c_00003,37,0.5317132928323208,least_confidence,4,231.60138378459462
1241,c630c_00003,38,0.5107127678191955,least_confidence,4,231.60138378459462
1242,c630c_00003,39,0.5805145128628215,least_confidence,4,231.60138378459462
1243,c630c_00003,40,0.5532263306582664,least_confidence,4,231.60138378459462
1244,c630c_00003,41,0.603177579439486,least_confidence,4,231.60138378459462
1245,c630c_00003,42,0.5789644741118528,least_confidence,4,231.60138378459462
1246,c630c_00003,43,0.5530013250331258,least_confidence,4,231.60138378459462
1247,c630c_00003,44,0.5913147828695717,least_confidence,4,231.60138378459462
1248,c630c_00003,45,0.6335033375834396,least_confidence,4,231.60138378459462
1249,c630c_00003,46,0.5332258306457662,least_confidence,4,231.60138378459462
1250,c630c_00003,47,0.5237005925148128,least_confidence,4,231.60138378459462
1251,c630c_00003,48,0.6582789569739244,least_confidence,4,231.60138378459462
1252,c630c_00003,49,0.6182279556988924,least_confidence,4,231.60138378459462
1253,c630c_00003,50,0.5359133978349458,least_confidence,4,231.60138378459462
1254,c630c_00003,51,0.5614140353508837,least_confidence,4,231.60138378459462
1255,c630c_00003,52,0.5910897772444311,least_confidence,4,231.60138378459462
1256,c630c_00003,53,0.5836270906772669,least_confidence,4,231.60138378459462
1257,c630c_00003,54,0.5858146453661341,least_confidence,4,231.60138378459462
1258,c630c_00003,55,0.5279756993924848,least_confidence,4,231.60138378459462
1259,c630c_00003,56,0.586689667241681,least_confidence,4,231.60138378459462
1260,c630c_00003,57,0.6260156503912598,least_confidence,4,231.60138378459462
1261,c630c_00003,58,0.5538013450336259,least_confidence,4,231.60138378459462
1262,c630c_00003,59,0.5578764469111728,least_confidence,4,231.60138378459462
1263,c630c_00003,60,0.5457636440911022,least_confidence,4,231.60138378459462
1264,c630c_00003,61,0.5815145378634466,least_confidence,4,231.60138378459462
1265,c630c_00003,62,0.629940748518713,least_confidence,4,231.60138378459462
1266,c630c_00003,63,0.5636265906647666,least_confidence,4,231.60138378459462
1267,c630c_00003,64,0.5683517087927198,least_confidence,4,231.60138378459462
1268,c630c_00003,65,0.6458661466536664,least_confidence,4,231.60138378459462
1269,c630c_00003,66,0.6357658941473536,least_confidence,4,231.60138378459462
1270,c630c_00003,67,0.5682517062926573,least_confidence,4,231.60138378459462
1271,c630c_00003,68,0.5308132703317583,least_confidence,4,231.60138378459462
1272,c630c_00003,69,0.6159403985099627,least_confidence,4,231.60138378459462
1273,c630c_00003,70,0.6584539613490337,least_confidence,4,231.60138378459462
1274,c630c_00003,71,0.6212905322633067,least_confidence,4,231.60138378459462
1275,c630c_00003,72,0.6010150253756344,least_confidence,4,231.60138378459462
1276,c630c_00003,73,0.589364734118353,least_confidence,4,231.60138378459462
1277,c630c_00003,74,0.6066276656916423,least_confidence,4,231.60138378459462
1278,c630c_00003,75,0.5963899097477436,least_confidence,4,231.60138378459462
1279,c630c_00003,76,0.5633765844146104,least_confidence,4,231.60138378459462
1280,c630c_00003,77,0.5635015875396885,least_confidence,4,231.60138378459462
1281,c630c_00003,78,0.519350483762094,least_confidence,4,231.60138378459462
1282,c630c_00003,79,0.6059651491287282,least_confidence,4,231.60138378459462
1283,c630c_00003,80,0.5830770769269231,least_confidence,4,231.60138378459462
1284,c630c_00003,81,0.602902572564314,least_confidence,4,231.60138378459462
1285,c630c_00003,82,0.5487262181554539,least_confidence,4,231.60138378459462
1286,c630c_00003,83,0.6007150178754469,least_confidence,4,231.60138378459462
1287,c630c_00003,84,0.5788519712992825,least_confidence,4,231.60138378459462
1288,c630c_00003,85,0.5855646391159779,least_confidence,4,231.60138378459462
1289,c630c_00003,86,0.6038525963149078,least_confidence,4,231.60138378459462
1290,c630c_00003,87,0.541313532838321,least_confidence,4,231.60138378459462
1291,c630c_00003,88,0.5784769619240481,least_confidence,4,231.60138378459462
1292,c630c_00003,89,0.5933523338083452,least_confidence,4,231.60138378459462
1293,c630c_00003,90,0.5961649041226031,least_confidence,4,231.60138378459462
1294,c630c_00003,91,0.6052901322533063,least_confidence,4,231.60138378459462
1295,c630c_00003,92,0.6009900247506188,least_confidence,4,231.60138378459462
1296,c630c_00003,93,0.6032275806895173,least_confidence,4,231.60138378459462
1297,c630c_00003,94,0.6174279356983925,least_confidence,4,231.60138378459462
1298,c630c_00003,95,0.5339758493962349,least_confidence,4,231.60138378459462
1299,c630c_00003,96,0.6164404110102752,least_confidence,4,231.60138378459462
1300,c630c_00003,97,0.5412385309632741,least_confidence,4,231.60138378459462
1301,c630c_00003,98,0.6135528388209706,least_confidence,4,231.60138378459462
1302,c630c_00003,99,0.5269381734543364,least_confidence,4,231.60138378459462
1303,c630c_00003,100,0.6257906447661191,least_confidence,4,231.60138378459462
1304,c630c_00003,101,0.6108652716317908,least_confidence,4,231.60138378459462
1305,c630c_00003,102,0.5909397734943374,least_confidence,4,231.60138378459462
1306,c630c_00003,103,0.5692267306682667,least_confidence,4,231.60138378459462
1307,c630c_00003,104,0.5857146428660717,least_confidence,4,231.60138378459462
1308,c630c_00003,105,0.5734268356708918,least_confidence,4,231.60138378459462
1309,c630c_00003,106,0.61332783319583,least_confidence,4,231.60138378459462
1310,c630c_00003,107,0.6059401485037126,least_confidence,4,231.60138378459462
1311,c630c_00003,108,0.531563289082227,least_confidence,4,231.60138378459462
1312,c630c_00003,109,0.586289657241431,least_confidence,4,231.60138378459462
1313,c630c_00003,110,0.5511637790944773,least_confidence,4,231.60138378459462
1314,c630c_00003,111,0.6357158928973224,least_confidence,4,231.60138378459462
1315,c630c_00003,112,0.5811645291132278,least_confidence,4,231.60138378459462
1316,c630c_00003,113,0.5980024500612515,least_confidence,4,231.60138378459462
1317,c630c_00003,114,0.5912397809945249,least_confidence,4,231.60138378459462
1318,c630c_00003,115,0.6181029525738143,least_confidence,4,231.60138378459462
1319,c630c_00003,116,0.5585514637865947,least_confidence,4,231.60138378459462
1320,c630c_00003,117,0.5799394984874622,least_confidence,4,231.60138378459462
1321,c630c_00003,118,0.5858646466161654,least_confidence,4,231.60138378459462
1322,c630c_00003,119,0.516412910322758,least_confidence,4,231.60138378459462
1323,c630c_00003,120,0.5658891472286807,least_confidence,4,231.60138378459462
1324,c630c_00003,121,0.5520388009700243,least_confidence,4,231.60138378459462
1325,c630c_00003,122,0.6287782194554864,least_confidence,4,231.60138378459462
1326,c630c_00003,123,0.52108802720068,least_confidence,4,231.60138378459462
1327,c630c_00003,124,0.6238780969524238,least_confidence,4,231.60138378459462
1328,c630c_00003,125,0.6004150103752594,least_confidence,4,231.60138378459462
1329,c630c_00003,126,0.5301882547063677,least_confidence,4,231.60138378459462
1330,c630c_00003,127,0.5558388959723993,least_confidence,4,231.60138378459462
1331,c630c_00003,128,0.5617015425385635,least_confidence,4,231.60138378459462
1332,c630c_00003,129,0.5355633890847271,least_confidence,4,231.60138378459462
1333,c630c_00003,130,0.5511137778444462,least_confidence,4,231.60138378459462
1334,c630c_00003,131,0.5135003375084377,least_confidence,4,231.60138378459462
1335,c630c_00003,132,0.5185754643866096,least_confidence,4,231.60138378459462
1336,c630c_00003,133,0.571414285357134,least_confidence,4,231.60138378459462
1337,c630c_00003,134,0.5912647816195404,least_confidence,4,231.60138378459462
1338,c630c_00003,135,0.5391884797119928,least_confidence,4,231.60138378459462
1339,c630c_00003,136,0.5632765819145479,least_confidence,4,231.60138378459462
1340,c630c_00003,137,0.6733543338583465,least_confidence,4,231.60138378459462
1341,c630c_00003,138,0.6277281932048302,least_confidence,4,231.60138378459462
1342,c630c_00003,139,0.6181779544488613,least_confidence,4,231.60138378459462
1343,c630c_00003,140,0.5594764869121728,least_confidence,4,231.60138378459462
1344,c630c_00003,141,0.6580789519737993,least_confidence,4,231.60138378459462
1345,c630c_00003,142,0.5591764794119853,least_confidence,4,231.60138378459462
1346,c630c_00003,143,0.5555388884722118,least_confidence,4,231.60138378459462
1347,c630c_00003,144,0.5911147778694468,least_confidence,4,231.60138378459462
1348,c630c_00003,145,0.5995399884997125,least_confidence,4,231.60138378459462
1349,c630c_00003,146,0.6009650241256032,least_confidence,4,231.60138378459462
1350,c630c_00003,147,0.6221530538263456,least_confidence,4,231.60138378459462
1351,c630c_00003,148,0.6721293032325808,least_confidence,4,231.60138378459462
1352,c630c_00003,149,0.6211780294507363,least_confidence,4,231.60138378459462
1353,c630c_00003,150,0.5710142753568839,least_confidence,4,231.60138378459462
1354,c630c_00003,151,0.5972024300607515,least_confidence,4,231.60138378459462
1355,c630c_00003,152,0.5242506062651566,least_confidence,4,231.60138378459462
1356,c630c_00003,153,0.626065651641291,least_confidence,4,231.60138378459462
1357,c630c_00003,154,0.5635265881647041,least_confidence,4,231.60138378459462
1358,c630c_00003,155,0.6055401385034626,least_confidence,4,231.60138378459462
1359,c630c_00003,156,0.6195404885122128,least_confidence,4,231.60138378459462
1360,c630c_00003,157,0.5885022125553139,least_confidence,4,231.60138378459462
1361,c630c_00003,158,0.6351158778969475,least_confidence,4,231.60138378459462
1362,c630c_00003,159,0.6409410235255881,least_confidence,4,231.60138378459462
1363,c630c_00003,160,0.5556638915972899,least_confidence,4,231.60138378459462
1364,c630c_00003,161,0.6052651316282907,least_confidence,4,231.60138378459462
1365,c630c_00003,162,0.558801470036751,least_confidence,4,231.60138378459462
1366,c630c_00003,163,0.6056151403785095,least_confidence,4,231.60138378459462
1367,c630c_00003,164,0.5968274206855171,least_confidence,4,231.60138378459462
1368,c630c_00003,165,0.6057651441286032,least_confidence,4,231.60138378459462
1369,c630c_00003,166,0.5518887972199306,least_confidence,4,231.60138378459462
1370,c630c_00003,167,0.5364634115852897,least_confidence,4,231.60138378459462
1371,c630c_00003,168,0.6084777119427986,least_confidence,4,231.60138378459462
1372,c630c_00003,169,0.5530513262831571,least_confidence,4,231.60138378459462
1373,c630c_00003,170,0.5731268281707043,least_confidence,4,231.60138378459462
1374,c630c_00003,171,0.5117877946948673,least_confidence,4,231.60138378459462
1375,c630c_00003,172,0.6089777244431112,least_confidence,4,231.60138378459462
1376,c630c_00003,173,0.5911897797444936,least_confidence,4,231.60138378459462
1377,c630c_00003,174,0.5904897622440561,least_confidence,4,231.60138378459462
1378,c630c_00003,175,0.6184779619490487,least_confidence,4,231.60138378459462
1379,c630c_00003,176,0.6282282057051427,least_confidence,4,231.60138378459462
1380,c630c_00003,177,0.573476836920923,least_confidence,4,231.60138378459462
1381,c630c_00003,178,0.6384284607115178,least_confidence,4,231.60138378459462
1382,c630c_00003,179,0.6055651391284782,least_confidence,4,231.60138378459462
1383,c630c_00003,180,0.5786019650491262,least_confidence,4,231.60138378459462
1384,c630c_00003,181,0.6184029600740019,least_confidence,4,231.60138378459462
1385,c630c_00003,182,0.5328508212705317,least_confidence,4,231.60138378459462
1386,c630c_00003,183,0.6548663716592915,least_confidence,4,231.60138378459462
1387,c630c_00003,184,0.623803095077377,least_confidence,4,231.60138378459462
1388,c630c_00003,185,0.608652716317908,least_confidence,4,231.60138378459462
1389,c630c_00003,186,0.503000075001875,least_confidence,4,231.60138378459462
1390,c630c_00003,187,0.5743768594214855,least_confidence,4,231.60138378459462
1391,c630c_00003,188,0.5741393534838372,least_confidence,4,231.60138378459462
1392,c630c_00003,189,0.5184504612615315,least_confidence,4,231.60138378459462
1393,c630c_00003,190,0.5627765694142354,least_confidence,4,231.60138378459462
1394,c630c_00003,191,0.5483012075301883,least_confidence,4,231.60138378459462
1395,c630c_00003,192,0.5308132703317583,least_confidence,4,231.60138378459462
1396,c630c_00003,193,0.5934273356833921,least_confidence,4,231.60138378459462
1397,c630c_00003,194,0.5931523288082202,least_confidence,4,231.60138378459462
1398,c630c_00003,195,0.5810395259881497,least_confidence,4,231.60138378459462
1399,c630c_00003,196,0.5930273256831421,least_confidence,4,231.60138378459462
1400,c630c_00003,197,0.661241531038276,least_confidence,4,231.60138378459462
1401,c630c_00003,198,0.6384534613365335,least_confidence,4,231.60138378459462
1402,c630c_00003,199,0.602702567564189,least_confidence,4,231.60138378459462
1403,c630c_00003,200,0.5755393884847121,least_confidence,4,231.60138378459462
1404,c630c_00003,201,0.5393509837745945,least_confidence,4,231.60138378459462
1405,c630c_00003,202,0.6394909872746819,least_confidence,4,231.60138378459462
1406,c630c_00003,203,0.5927023175579389,least_confidence,4,231.60138378459462
1407,c630c_00003,204,0.6100402510062752,least_confidence,4,231.60138378459462
1408,c630c_00003,205,0.5301882547063677,least_confidence,4,231.60138378459462
1409,c630c_00003,206,0.611315282882072,least_confidence,4,231.60138378459462
1410,c630c_00003,207,0.5631765794144854,least_confidence,4,231.60138378459462
1411,c630c_00003,208,0.6036525913147829,least_confidence,4,231.60138378459462
1412,c630c_00003,209,0.5808395209880247,least_confidence,4,231.60138378459462
1413,c630c_00003,210,0.6019275481887048,least_confidence,4,231.60138378459462
1414,c630c_00003,211,0.5369759243981099,least_confidence,4,231.60138378459462
1415,c630c_00003,212,0.5416635415885397,least_confidence,4,231.60138378459462
1416,c630c_00003,213,0.5751893797344934,least_confidence,4,231.60138378459462
1417,c630c_00003,214,0.5372884322108052,least_confidence,4,231.60138378459462
1418,c630c_00003,215,0.6486287157178929,least_confidence,4,231.60138378459462
1419,c630c_00003,216,0.5970524263106578,least_confidence,4,231.60138378459462
1420,c630c_00003,217,0.5209130228255707,least_confidence,4,231.60138378459462
1421,c630c_00003,218,0.5046876171904298,least_confidence,4,231.60138378459462
1422,c630c_00003,219,0.5219880497012426,least_confidence,4,231.60138378459462
1423,c630c_00003,220,0.543976099402485,least_confidence,4,231.60138378459462
1424,c630c_00003,221,0.5381009525238131,least_confidence,4,231.60138378459462
1425,c630c_00003,222,0.591627290682267,least_confidence,4,231.60138378459462
1426,c630c_00003,223,0.5495137378434461,least_confidence,4,231.60138378459462
1427,c630c_00003,224,0.5807395184879622,least_confidence,4,231.60138378459462
1428,c630c_00003,225,0.603377584439611,least_confidence,4,231.60138378459462
1429,c630c_00003,226,0.47414935373384337,least_confidence,4,231.60138378459462
1430,c630c_00003,227,0.5591514787869697,least_confidence,4,231.60138378459462
1431,c630c_00003,228,0.5194379859496487,least_confidence,4,231.60138378459462
1432,c630c_00003,229,0.6251906297657441,least_confidence,4,231.60138378459462
1433,c630c_00003,230,0.6258156453911348,least_confidence,4,231.60138378459462
1434,c630c_00003,231,0.593827345683642,least_confidence,4,231.60138378459462
1435,c630c_00003,232,0.5681267031675792,least_confidence,4,231.60138378459462
1436,c630c_00003,233,0.546313657841446,least_confidence,4,231.60138378459462
1437,c630c_00003,234,0.6249906247656192,least_confidence,4,231.60138378459462
1438,c630c_00003,235,0.536038400960024,least_confidence,4,231.60138378459462
1439,c630c_00003,236,0.5667641691042276,least_confidence,4,231.60138378459462
1440,c630c_00003,237,0.6062651566289157,least_confidence,4,231.60138378459462
1441,c630c_00003,238,0.5968649216230406,least_confidence,4,231.60138378459462
1442,c630c_00003,239,0.6277781944548613,least_confidence,4,231.60138378459462
1443,c630c_00003,240,0.5286757168929224,least_confidence,4,231.60138378459462
1444,c630c_00003,241,0.5496887422185555,least_confidence,4,231.60138378459462
1445,c630c_00003,242,0.5204130103252581,least_confidence,4,231.60138378459462
1446,c630c_00003,243,0.5258381459536489,least_confidence,4,231.60138378459462
1447,c630c_00003,244,0.557726443161079,least_confidence,4,231.60138378459462
1448,c630c_00003,245,0.581489537238431,least_confidence,4,231.60138378459462
1449,c630c_00003,246,0.5585764644116102,least_confidence,4,231.60138378459462
1450,c630c_00003,247,0.6628040701017526,least_confidence,4,231.60138378459462
1451,c630c_00003,248,0.5961649041226031,least_confidence,4,231.60138378459462
1452,c630c_00003,249,0.6485287132178305,least_confidence,4,231.60138378459462
1453,c630c_00003,250,0.5589514737868446,least_confidence,4,231.60138378459462
1454,c630c_00003,251,0.5434260856521413,least_confidence,4,231.60138378459462
1455,c630c_00003,252,0.5999899997499938,least_confidence,4,231.60138378459462
1456,c630c_00003,253,0.5442261056526413,least_confidence,4,231.60138378459462
1457,c630c_00003,254,0.6257406435160879,least_confidence,4,231.60138378459462
1458,c630c_00003,255,0.58395209880247,least_confidence,4,231.60138378459462
1459,c630c_00003,256,0.5935273381834546,least_confidence,4,231.60138378459462
1460,c630c_00003,257,0.5765644141103528,least_confidence,4,231.60138378459462
1461,c630c_00003,258,0.5506637665941648,least_confidence,4,231.60138378459462
1462,c630c_00003,259,0.4921123028075702,least_confidence,4,231.60138378459462
1463,c630c_00003,260,0.6334033350833771,least_confidence,4,231.60138378459462
1464,c630c_00003,261,0.6215155378884472,least_confidence,4,231.60138378459462
1465,c630c_00003,262,0.574476861921548,least_confidence,4,231.60138378459462
1466,c630c_00003,263,0.49969999249981245,least_confidence,4,231.60138378459462
1467,c630c_00003,264,0.5838520963024076,least_confidence,4,231.60138378459462
1468,c630c_00003,265,0.5912397809945249,least_confidence,4,231.60138378459462
1469,c630c_00003,266,0.49683742093552336,least_confidence,4,231.60138378459462
1470,c630c_00003,267,0.4613115327883197,least_confidence,4,231.60138378459462
1471,c630c_00003,268,0.6211655291382285,least_confidence,4,231.60138378459462
1472,c630c_00003,269,0.5967399184979625,least_confidence,4,231.60138378459462
1473,c630c_00003,270,0.5561764044101103,least_confidence,4,231.60138378459462
1474,c630c_00003,271,0.5324008100202505,least_confidence,4,231.60138378459462
1475,c630c_00003,272,0.6574039350983775,least_confidence,4,231.60138378459462
1476,c630c_00003,273,0.6113902847571189,least_confidence,4,231.60138378459462
1477,c630c_00003,274,0.5593764844121103,least_confidence,4,231.60138378459462
1478,c630c_00003,275,0.4896622415560389,least_confidence,4,231.60138378459462
1479,c630c_00003,276,0.6135278381959549,least_confidence,4,231.60138378459462
1480,c630c_00003,277,0.558801470036751,least_confidence,4,231.60138378459462
1481,c630c_00003,278,0.5940273506837671,least_confidence,4,231.60138378459462
1482,c630c_00003,279,0.5217880447011175,least_confidence,4,231.60138378459462
1483,c630c_00003,280,0.5341508537713443,least_confidence,4,231.60138378459462
1484,c630c_00003,281,0.6086777169429236,least_confidence,4,231.60138378459462
1485,c630c_00003,282,0.5242006050151253,least_confidence,4,231.60138378459462
1486,c630c_00003,283,0.5965149128728218,least_confidence,4,231.60138378459462
1487,c630c_00003,284,0.6156903922598065,least_confidence,4,231.60138378459462
1488,c630c_00003,285,0.648953723843096,least_confidence,4,231.60138378459462
1489,c630c_00003,286,0.5320133003325084,least_confidence,4,231.60138378459462
1490,c630c_00003,287,0.5611890297257431,least_confidence,4,231.60138378459462
1491,c630c_00003,288,0.6034775869396735,least_confidence,4,231.60138378459462
1492,c630c_00003,289,0.6117902947573689,least_confidence,4,231.60138378459462
1493,c630c_00003,290,0.6159653991349784,least_confidence,4,231.60138378459462
1494,c630c_00003,291,0.5638265956648916,least_confidence,4,231.60138378459462
1495,c630c_00003,292,0.5489012225305633,least_confidence,4,231.60138378459462
1496,c630c_00003,293,0.5290007250181255,least_confidence,4,231.60138378459462
1497,c630c_00003,294,0.6360909022725568,least_confidence,4,231.60138378459462
1498,c630c_00003,295,0.5294757368934223,least_confidence,4,231.60138378459462
1499,c630c_00003,296,0.5966899172479312,least_confidence,4,231.60138378459462
1500,c630c_00003,297,0.543051076276907,least_confidence,4,231.60138378459462
1501,c630c_00003,298,0.5982524563114078,least_confidence,4,231.60138378459462
1502,c630c_00003,299,0.6281782044551114,least_confidence,4,231.60138378459462
1503,c630c_00003,300,0.6101152528813221,least_confidence,4,231.60138378459462
1504,c630c_00003,301,0.5611640291007275,least_confidence,4,231.60138378459462
1505,c630c_00003,302,0.6277031925798144,least_confidence,4,231.60138378459462
1506,c630c_00003,303,0.534100852521313,least_confidence,4,231.60138378459462
1507,c630c_00003,304,0.5835770894272356,least_confidence,4,231.60138378459462
1508,c630c_00003,305,0.540713517837946,least_confidence,4,231.60138378459462
1509,c630c_00003,306,0.5650391259781495,least_confidence,4,231.60138378459462
1510,c630c_00003,307,0.6331283282082052,least_confidence,4,231.60138378459462
1511,c630c_00003,308,0.565339133478337,least_confidence,4,231.60138378459462
1512,c630c_00003,309,0.6106902672566814,least_confidence,4,231.60138378459462
1513,c630c_00003,310,0.7274306857671442,least_confidence,4,231.60138378459462
1514,c630c_00003,311,0.6355408885222131,least_confidence,4,231.60138378459462
1515,c630c_00003,312,0.5567139178479462,least_confidence,4,231.60138378459462
1516,c630c_00003,313,0.6019025475636891,least_confidence,4,231.60138378459462
1517,c630c_00003,314,0.6043026075651892,least_confidence,4,231.60138378459462
1518,c630c_00003,315,0.5737768444211105,least_confidence,4,231.60138378459462
1519,c630c_00003,316,0.5165379134478362,least_confidence,4,231.60138378459462
1520,c630c_00003,317,0.5563639090977275,least_confidence,4,231.60138378459462
1521,c630c_00003,318,0.5815645391134778,least_confidence,4,231.60138378459462
1522,c630c_00003,319,0.5912897822445561,least_confidence,4,231.60138378459462
1523,c630c_00003,320,0.559538988474712,least_confidence,4,231.60138378459462
1524,c630c_00003,321,0.5022750568764218,least_confidence,4,231.60138378459462
1525,c630c_00003,322,0.6454161354033852,least_confidence,4,231.60138378459462
1526,c630c_00003,323,0.5433510837770944,least_confidence,4,231.60138378459462
1527,c630c_00003,324,0.552651316282907,least_confidence,4,231.60138378459462
1528,c630c_00003,325,0.5862646566164154,least_confidence,4,231.60138378459462
1529,c630c_00003,326,0.609790244756119,least_confidence,4,231.60138378459462
1530,c630c_00003,327,0.6037525938148454,least_confidence,4,231.60138378459462
1531,c630c_00003,328,0.6337783444586115,least_confidence,4,231.60138378459462
1532,c630c_00003,329,0.5687767194179855,least_confidence,4,231.60138378459462
1533,c630c_00003,330,0.5419385484637116,least_confidence,4,231.60138378459462
1534,c630c_00003,331,0.6209405235130878,least_confidence,4,231.60138378459462
1535,c630c_00003,332,0.5726018150453762,least_confidence,4,231.60138378459462
1536,c630c_00003,333,0.5940773519337984,least_confidence,4,231.60138378459462
1537,c630c_00003,334,0.5807895197379934,least_confidence,4,231.60138378459462
1538,c630c_00003,335,0.5942023550588765,least_confidence,4,231.60138378459462
1539,c630c_00003,336,0.5391009775244381,least_confidence,4,231.60138378459462
1540,c630c_00003,337,0.6021025525638142,least_confidence,4,231.60138378459462
1541,c630c_00003,338,0.523825595639891,least_confidence,4,231.60138378459462
1542,c630c_00003,339,0.5921523038075952,least_confidence,4,231.60138378459462
1543,c630c_00003,340,0.569139228480712,least_confidence,4,231.60138378459462
1544,c630c_00003,341,0.5931023275581889,least_confidence,4,231.60138378459462
1545,c630c_00003,342,0.49767494187354683,least_confidence,4,231.60138378459462
1546,c630c_00003,343,0.5930273256831421,least_confidence,4,231.60138378459462
1547,c630c_00003,344,0.49406235155878897,least_confidence,4,231.60138378459462
1548,c630c_00003,345,0.6030775769394234,least_confidence,4,231.60138378459462
1549,c630c_00003,346,0.5647891197279933,least_confidence,4,231.60138378459462
1550,c630c_00003,347,0.6009650241256032,least_confidence,4,231.60138378459462
1551,c630c_00003,348,0.5540013500337508,least_confidence,4,231.60138378459462
1552,c630c_00003,349,0.5654641366034151,least_confidence,4,231.60138378459462
1553,c630c_00003,350,0.5443011075276882,least_confidence,4,231.60138378459462
1554,c630c_00003,351,0.6063276581914547,least_confidence,4,231.60138378459462
1555,c630c_00003,352,0.5336008400210006,least_confidence,4,231.60138378459462
1556,c630c_00003,353,0.6482037050926273,least_confidence,4,231.60138378459462
1557,c630c_00003,354,0.61332783319583,least_confidence,4,231.60138378459462
1558,c630c_00003,355,0.6063401585039626,least_confidence,4,231.60138378459462
1559,c630c_00003,356,0.6107902697567439,least_confidence,4,231.60138378459462
1560,c630c_00003,357,0.6626290657266432,least_confidence,4,231.60138378459462
1561,c630c_00003,358,0.5910897772444311,least_confidence,4,231.60138378459462
1562,c630c_00003,359,0.576151903797595,least_confidence,4,231.60138378459462
1563,c630c_00003,360,0.6734793369834245,least_confidence,4,231.60138378459462
1564,c630c_00003,361,0.5378009450236256,least_confidence,4,231.60138378459462
1565,c630c_00003,362,0.6871046776169404,least_confidence,4,231.60138378459462
1566,c630c_00003,363,0.6241156028900723,least_confidence,4,231.60138378459462
1567,c630c_00003,364,0.5984274606865172,least_confidence,4,231.60138378459462
1568,c630c_00003,365,0.5685017125428136,least_confidence,4,231.60138378459462
1569,c630c_00003,366,0.5639515987899697,least_confidence,4,231.60138378459462
1570,c630c_00003,367,0.643953598839971,least_confidence,4,231.60138378459462
1571,c630c_00003,368,0.6013400335008375,least_confidence,4,231.60138378459462
1572,c630c_00003,369,0.6067026675666891,least_confidence,4,231.60138378459462
1573,c630c_00003,370,0.5584014600365009,least_confidence,4,231.60138378459462
1574,c630c_00003,371,0.584689617240431,least_confidence,4,231.60138378459462
1575,c630c_00003,372,0.5610890272256807,least_confidence,4,231.60138378459462
1576,c630c_00003,373,0.5235755893897347,least_confidence,4,231.60138378459462
1577,c630c_00003,374,0.618452961324033,least_confidence,4,231.60138378459462
1578,c630c_00003,375,0.5641016025400636,least_confidence,4,231.60138378459462
1579,c630c_00003,376,0.56126403160079,least_confidence,4,231.60138378459462
1580,c630c_00003,377,0.6035275881897048,least_confidence,4,231.60138378459462
1581,c630c_00003,378,0.5959398984974624,least_confidence,4,231.60138378459462
1582,c630c_00003,379,0.5560389009725243,least_confidence,4,231.60138378459462
1583,c630c_00003,380,0.6257906447661191,least_confidence,4,231.60138378459462
1584,c630c_00003,381,0.5711892797319933,least_confidence,4,231.60138378459462
1585,c630c_00003,382,0.575614390359759,least_confidence,4,231.60138378459462
1586,c630c_00003,383,0.4659366484162104,least_confidence,4,231.60138378459462
1587,c630c_00003,384,0.6132028300707518,least_confidence,4,231.60138378459462
1588,c630c_00003,385,0.5980024500612515,least_confidence,4,231.60138378459462
1589,c630c_00003,386,0.5206380159503987,least_confidence,4,231.60138378459462
1590,c630c_00003,387,0.615665391634791,least_confidence,4,231.60138378459462
1591,c630c_00003,388,0.6011150278756969,least_confidence,4,231.60138378459462
1592,c630c_00003,389,0.5155003875096877,least_confidence,4,231.60138378459462
1593,c630c_00003,390,0.6038525963149078,least_confidence,4,231.60138378459462
1594,c630c_00003,391,0.5881522038050951,least_confidence,4,231.60138378459462
1595,c630c_00003,392,0.6123028075701893,least_confidence,4,231.60138378459462
1596,c630c_00003,393,0.5141628540713518,least_confidence,4,231.60138378459462
1597,c630c_00003,394,0.5582514562864072,least_confidence,4,231.60138378459462
1598,c630c_00003,395,0.5666641666041651,least_confidence,4,231.60138378459462
1599,c630c_00003,396,0.6226530663266582,least_confidence,4,231.60138378459462
1600,c630c_00003,397,0.5828520713017826,least_confidence,4,231.60138378459462
1601,c630c_00003,398,0.5639390984774619,least_confidence,4,231.60138378459462
1602,c630c_00003,399,0.6338158453961349,least_confidence,4,231.60138378459462
1603,c630c_00003,400,0.49652491312282804,least_confidence,4,231.60138378459462
1604,c630c_00004,0,0.5616515412885322,least_confidence,5,228.58875221880547
1605,c630c_00004,1,0.596039900997525,least_confidence,5,228.58875221880547
1606,c630c_00004,2,0.6054651366284157,least_confidence,5,228.58875221880547
1607,c630c_00004,3,0.6703417585439636,least_confidence,5,228.58875221880547
1608,c630c_00004,4,0.5681767044176105,least_confidence,5,228.58875221880547
1609,c630c_00004,5,0.6078776969424236,least_confidence,5,228.58875221880547
1610,c630c_00004,6,0.5930023250581264,least_confidence,5,228.58875221880547
1611,c630c_00004,7,0.5860396509912748,least_confidence,5,228.58875221880547
1612,c630c_00004,8,0.5855896397409935,least_confidence,5,228.58875221880547
1613,c630c_00004,9,0.6101402535063376,least_confidence,5,228.58875221880547
1614,c630c_00004,10,0.5476761919047977,least_confidence,5,228.58875221880547
1615,c630c_00004,11,0.6071026775669391,least_confidence,5,228.58875221880547
1616,c630c_00004,12,0.6003150078751969,least_confidence,5,228.58875221880547
1617,c630c_00004,13,0.5681767044176105,least_confidence,5,228.58875221880547
1618,c630c_00004,14,0.6057901447536188,least_confidence,5,228.58875221880547
1619,c630c_00004,15,0.5108002700067502,least_confidence,5,228.58875221880547
1620,c630c_00004,16,0.5030375759393985,least_confidence,5,228.58875221880547
1621,c630c_00004,17,0.6004900122503063,least_confidence,5,228.58875221880547
1622,c630c_00004,18,0.5669016725418136,least_confidence,5,228.58875221880547
1623,c630c_00004,19,0.6299657491437286,least_confidence,5,228.58875221880547
1624,c630c_00004,20,0.6180279506987675,least_confidence,5,228.58875221880547
1625,c630c_00004,21,0.5678516962924073,least_confidence,5,228.58875221880547
1626,c630c_00004,22,0.5600390009750245,least_confidence,5,228.58875221880547
1627,c630c_00004,23,0.5573014325358134,least_confidence,5,228.58875221880547
1628,c630c_00004,24,0.6346408660216505,least_confidence,5,228.58875221880547
1629,c630c_00004,25,0.5568764219105478,least_confidence,5,228.58875221880547
1630,c630c_00004,26,0.5923273081827045,least_confidence,5,228.58875221880547
1631,c630c_00004,27,0.5915772894322358,least_confidence,5,228.58875221880547
1632,c630c_00004,28,0.6104652616315408,least_confidence,5,228.58875221880547
1633,c630c_00004,29,0.5094377359433986,least_confidence,5,228.58875221880547
1634,c630c_00004,30,0.5115252881322033,least_confidence,5,228.58875221880547
1635,c630c_00004,31,0.5468011700292508,least_confidence,5,228.58875221880547
1636,c630c_00004,32,0.5020500512512813,least_confidence,5,228.58875221880547
1637,c630c_00004,33,0.5907147678691967,least_confidence,5,228.58875221880547
1638,c630c_00004,34,0.5271006775169379,least_confidence,5,228.58875221880547
1639,c630c_00004,35,0.5460261506537663,least_confidence,5,228.58875221880547
1640,c630c_00004,36,0.5909897747443686,least_confidence,5,228.58875221880547
1641,c630c_00004,37,0.5475261881547038,least_confidence,5,228.58875221880547
1642,c630c_00004,38,0.5512762819070477,least_confidence,5,228.58875221880547
1643,c630c_00004,39,0.557126428160704,least_confidence,5,228.58875221880547
1644,c630c_00004,40,0.570139253481337,least_confidence,5,228.58875221880547
1645,c630c_00004,41,0.5721018025450637,least_confidence,5,228.58875221880547
1646,c630c_00004,42,0.5611390284757118,least_confidence,5,228.58875221880547
1647,c630c_00004,43,0.5335383384584614,least_confidence,5,228.58875221880547
1648,c630c_00004,44,0.5578264456611415,least_confidence,5,228.58875221880547
1649,c630c_00004,45,0.598177454436361,least_confidence,5,228.58875221880547
1650,c630c_00004,46,0.6019275481887048,least_confidence,5,228.58875221880547
1651,c630c_00004,47,0.5556638915972899,least_confidence,5,228.58875221880547
1652,c630c_00004,48,0.6330783269581739,least_confidence,5,228.58875221880547
1653,c630c_00004,49,0.5702642566064151,least_confidence,5,228.58875221880547
1654,c630c_00004,50,0.5448136203405085,least_confidence,5,228.58875221880547
1655,c630c_00004,51,0.5362509062726568,least_confidence,5,228.58875221880547
1656,c630c_00004,52,0.6287282182054551,least_confidence,5,228.58875221880547
1657,c630c_00004,53,0.5928773219330483,least_confidence,5,228.58875221880547
1658,c630c_00004,54,0.6100902522563064,least_confidence,5,228.58875221880547
1659,c630c_00004,55,0.5243131078276957,least_confidence,5,228.58875221880547
1660,c630c_00004,56,0.5932023300582514,least_confidence,5,228.58875221880547
1661,c630c_00004,57,0.5755393884847121,least_confidence,5,228.58875221880547
1662,c630c_00004,58,0.5386134653366335,least_confidence,5,228.58875221880547
1663,c630c_00004,59,0.5265256631415786,least_confidence,5,228.58875221880547
1664,c630c_00004,60,0.5615765394134854,least_confidence,5,228.58875221880547
1665,c630c_00004,61,0.523225580639516,least_confidence,5,228.58875221880547
1666,c630c_00004,62,0.5629765744143603,least_confidence,5,228.58875221880547
1667,c630c_00004,63,0.5759893997349934,least_confidence,5,228.58875221880547
1668,c630c_00004,64,0.5809395234880872,least_confidence,5,228.58875221880547
1669,c630c_00004,65,0.539038475961899,least_confidence,5,228.58875221880547
1670,c630c_00004,66,0.5299382484562114,least_confidence,5,228.58875221880547
1671,c630c_00004,67,0.5957148928723218,least_confidence,5,228.58875221880547
1672,c630c_00004,68,0.516950423760594,least_confidence,5,228.58875221880547
1673,c630c_00004,69,0.5868771719292982,least_confidence,5,228.58875221880547
1674,c630c_00004,70,0.6073026825670642,least_confidence,5,228.58875221880547
1675,c630c_00004,71,0.5538388459711493,least_confidence,5,228.58875221880547
1676,c630c_00004,72,0.6170529263231581,least_confidence,5,228.58875221880547
1677,c630c_00004,73,0.5099377484437111,least_confidence,5,228.58875221880547
1678,c630c_00004,74,0.5946398659966499,least_confidence,5,228.58875221880547
1679,c630c_00004,75,0.5437385934648367,least_confidence,5,228.58875221880547
1680,c630c_00004,76,0.5233755843896097,least_confidence,5,228.58875221880547
1681,c630c_00004,77,0.5921523038075952,least_confidence,5,228.58875221880547
1682,c630c_00004,78,0.4963249081227031,least_confidence,5,228.58875221880547
1683,c630c_00004,79,0.5489012225305633,least_confidence,5,228.58875221880547
1684,c630c_00004,80,0.5189879746993675,least_confidence,5,228.58875221880547
1685,c630c_00004,81,0.5544388609715243,least_confidence,5,228.58875221880547
1686,c630c_00004,82,0.6064276606915173,least_confidence,5,228.58875221880547
1687,c630c_00004,83,0.57835195879897,least_confidence,5,228.58875221880547
1688,c630c_00004,84,0.5723268081702042,least_confidence,5,228.58875221880547
1689,c630c_00004,85,0.5581639540988524,least_confidence,5,228.58875221880547
1690,c630c_00004,86,0.5972774319357983,least_confidence,5,228.58875221880547
1691,c630c_00004,87,0.5472761819045475,least_confidence,5,228.58875221880547
1692,c630c_00004,88,0.5549138728468211,least_confidence,5,228.58875221880547
1693,c630c_00004,89,0.6203155078876972,least_confidence,5,228.58875221880547
1694,c630c_00004,90,0.5880022000550014,least_confidence,5,228.58875221880547
1695,c630c_00004,91,0.5404885122128054,least_confidence,5,228.58875221880547
1696,c630c_00004,92,0.5764019100477512,least_confidence,5,228.58875221880547
1697,c630c_00004,93,0.5818020450511263,least_confidence,5,228.58875221880547
1698,c630c_00004,94,0.5905897647441186,least_confidence,5,228.58875221880547
1699,c630c_00004,95,0.5586889672241806,least_confidence,5,228.58875221880547
1700,c630c_00004,96,0.5910397759943998,least_confidence,5,228.58875221880547
1701,c630c_00004,97,0.5367009175229381,least_confidence,5,228.58875221880547
1702,c630c_00004,98,0.5916022900572515,least_confidence,5,228.58875221880547
1703,c630c_00004,99,0.5766769169229231,least_confidence,5,228.58875221880547
1704,c630c_00004,100,0.5368759218980474,least_confidence,5,228.58875221880547
1705,c630c_00004,101,0.5957898947473688,least_confidence,5,228.58875221880547
1706,c630c_00004,102,0.5575514387859697,least_confidence,5,228.58875221880547
1707,c630c_00004,103,0.5960149003725093,least_confidence,5,228.58875221880547
1708,c630c_00004,104,0.5498637465936649,least_confidence,5,228.58875221880547
1709,c630c_00004,105,0.5525763144078601,least_confidence,5,228.58875221880547
1710,c630c_00004,106,0.5067001675041876,least_confidence,5,228.58875221880547
1711,c630c_00004,107,0.5638640966024151,least_confidence,5,228.58875221880547
1712,c630c_00004,108,0.53897597439936,least_confidence,5,228.58875221880547
1713,c630c_00004,109,0.5381384534613365,least_confidence,5,228.58875221880547
1714,c630c_00004,110,0.5862771569289232,least_confidence,5,228.58875221880547
1715,c630c_00004,111,0.5695142378559463,least_confidence,5,228.58875221880547
1716,c630c_00004,112,0.5628765719142979,least_confidence,5,228.58875221880547
1717,c630c_00004,113,0.5284632115802895,least_confidence,5,228.58875221880547
1718,c630c_00004,114,0.618452961324033,least_confidence,5,228.58875221880547
1719,c630c_00004,115,0.5502887572189304,least_confidence,5,228.58875221880547
1720,c630c_00004,116,0.5780269506737669,least_confidence,5,228.58875221880547
1721,c630c_00004,117,0.6376534413360334,least_confidence,5,228.58875221880547
1722,c630c_00004,118,0.5663016575414386,least_confidence,5,228.58875221880547
1723,c630c_00004,119,0.6087277181929549,least_confidence,5,228.58875221880547
1724,c630c_00004,120,0.6170029250731268,least_confidence,5,228.58875221880547
1725,c630c_00004,121,0.5758893972349309,least_confidence,5,228.58875221880547
1726,c630c_00004,122,0.5504637615940399,least_confidence,5,228.58875221880547
1727,c630c_00004,123,0.568276706917673,least_confidence,5,228.58875221880547
1728,c630c_00004,124,0.60024000600015,least_confidence,5,228.58875221880547
1729,c630c_00004,125,0.5419760494012351,least_confidence,5,228.58875221880547
1730,c630c_00004,126,0.6109402735068377,least_confidence,5,228.58875221880547
1731,c630c_00004,127,0.6216780419510488,least_confidence,5,228.58875221880547
1732,c630c_00004,128,0.6072776819420486,least_confidence,5,228.58875221880547
1733,c630c_00004,129,0.6118027950698768,least_confidence,5,228.58875221880547
1734,c630c_00004,130,0.5545138628465711,least_confidence,5,228.58875221880547
1735,c630c_00004,131,0.5219630490762269,least_confidence,5,228.58875221880547
1736,c630c_00004,132,0.48174954373859347,least_confidence,5,228.58875221880547
1737,c630c_00004,133,0.5324508112702817,least_confidence,5,228.58875221880547
1738,c630c_00004,134,0.5541388534713367,least_confidence,5,228.58875221880547
1739,c630c_00004,135,0.5115252881322033,least_confidence,5,228.58875221880547
1740,c630c_00004,136,0.5387884697117428,least_confidence,5,228.58875221880547
1741,c630c_00004,137,0.5781769544238606,least_confidence,5,228.58875221880547
1742,c630c_00004,138,0.5466261656541413,least_confidence,5,228.58875221880547
1743,c630c_00004,139,0.4924998124953124,least_confidence,5,228.58875221880547
1744,c630c_00004,140,0.5339883497087428,least_confidence,5,228.58875221880547
1745,c630c_00004,141,0.5611890297257431,least_confidence,5,228.58875221880547
1746,c630c_00004,142,0.5625515637890948,least_confidence,5,228.58875221880547
1747,c630c_00004,143,0.5581014525363135,least_confidence,5,228.58875221880547
1748,c630c_00004,144,0.4888622215555389,least_confidence,5,228.58875221880547
1749,c630c_00004,145,0.6255406385159629,least_confidence,5,228.58875221880547
1750,c630c_00004,146,0.6074026850671267,least_confidence,5,228.58875221880547
1751,c630c_00004,147,0.6253906347658691,least_confidence,5,228.58875221880547
1752,c630c_00004,148,0.5917272931823296,least_confidence,5,228.58875221880547
1753,c630c_00004,149,0.5443886097152428,least_confidence,5,228.58875221880547
1754,c630c_00004,150,0.541851046276157,least_confidence,5,228.58875221880547
1755,c630c_00004,151,0.6822045551138778,least_confidence,5,228.58875221880547
1756,c630c_00004,152,0.5529138228455711,least_confidence,5,228.58875221880547
1757,c630c_00004,153,0.6298157453936348,least_confidence,5,228.58875221880547
1758,c630c_00004,154,0.5532888322208055,least_confidence,5,228.58875221880547
1759,c630c_00004,155,0.6159403985099627,least_confidence,5,228.58875221880547
1760,c630c_00004,156,0.655366384159604,least_confidence,5,228.58875221880547
1761,c630c_00004,157,0.5806645166129153,least_confidence,5,228.58875221880547
1762,c630c_00004,158,0.5440636015900397,least_confidence,5,228.58875221880547
1763,c630c_00004,159,0.5989899747493688,least_confidence,5,228.58875221880547
1764,c630c_00004,160,0.544313607840196,least_confidence,5,228.58875221880547
1765,c630c_00004,161,0.49371234280857024,least_confidence,5,228.58875221880547
1766,c630c_00004,162,0.548513712842821,least_confidence,5,228.58875221880547
1767,c630c_00004,163,0.6163654091352284,least_confidence,5,228.58875221880547
1768,c630c_00004,164,0.5463511587789694,least_confidence,5,228.58875221880547
1769,c630c_00004,165,0.529038225955649,least_confidence,5,228.58875221880547
1770,c630c_00004,166,0.5412385309632741,least_confidence,5,228.58875221880547
1771,c630c_00004,167,0.5257256431410785,least_confidence,5,228.58875221880547
1772,c630c_00004,168,0.5788644716117903,least_confidence,5,228.58875221880547
1773,c630c_00004,169,0.5563514087852196,least_confidence,5,228.58875221880547
1774,c630c_00004,170,0.5962649066226655,least_confidence,5,228.58875221880547
1775,c630c_00004,171,0.5989774744368609,least_confidence,5,228.58875221880547
1776,c630c_00004,172,0.5751393784844621,least_confidence,5,228.58875221880547
1777,c630c_00004,173,0.603377584439611,least_confidence,5,228.58875221880547
1778,c630c_00004,174,0.5958398959974,least_confidence,5,228.58875221880547
1779,c630c_00004,175,0.5133628340708517,least_confidence,5,228.58875221880547
1780,c630c_00004,176,0.6117277931948298,least_confidence,5,228.58875221880547
1781,c630c_00004,177,0.5067751693792345,least_confidence,5,228.58875221880547
1782,c630c_00004,178,0.5910647766194155,least_confidence,5,228.58875221880547
1783,c630c_00004,179,0.5925273131828296,least_confidence,5,228.58875221880547
1784,c630c_00004,180,0.6133028325708143,least_confidence,5,228.58875221880547
1785,c630c_00004,181,0.6178029450736269,least_confidence,5,228.58875221880547
1786,c630c_00004,182,0.5933523338083452,least_confidence,5,228.58875221880547
1787,c630c_00004,183,0.5999649991249781,least_confidence,5,228.58875221880547
1788,c630c_00004,184,0.5339383484587115,least_confidence,5,228.58875221880547
1789,c630c_00004,185,0.5641891047276182,least_confidence,5,228.58875221880547
1790,c630c_00004,186,0.5378009450236256,least_confidence,5,228.58875221880547
1791,c630c_00004,187,0.5574264356608916,least_confidence,5,228.58875221880547
1792,c630c_00004,188,0.5829770744268608,least_confidence,5,228.58875221880547
1793,c630c_00004,189,0.6431285782144553,least_confidence,5,228.58875221880547
1794,c630c_00004,190,0.6257156428910723,least_confidence,5,228.58875221880547
1795,c630c_00004,191,0.6304407610190255,least_confidence,5,228.58875221880547
1796,c630c_00004,192,0.550188754718868,least_confidence,5,228.58875221880547
1797,c630c_00004,193,0.5646391159778994,least_confidence,5,228.58875221880547
1798,c630c_00004,194,0.5624765619140478,least_confidence,5,228.58875221880547
1799,c630c_00004,195,0.6006900172504313,least_confidence,5,228.58875221880547
1800,c630c_00004,196,0.5388384709617741,least_confidence,5,228.58875221880547
1801,c630c_00004,197,0.5764644116102903,least_confidence,5,228.58875221880547
1802,c630c_00004,198,0.5694267356683917,least_confidence,5,228.58875221880547
1803,c630c_00004,199,0.5692892322308057,least_confidence,5,228.58875221880547
1804,c630c_00004,200,0.564664116602915,least_confidence,5,228.58875221880547
1805,c630c_00004,201,0.6064151603790094,least_confidence,5,228.58875221880547
1806,c630c_00004,202,0.5814020350508763,least_confidence,5,228.58875221880547
1807,c630c_00004,203,0.608652716317908,least_confidence,5,228.58875221880547
1808,c630c_00004,204,0.5411010275256882,least_confidence,5,228.58875221880547
1809,c630c_00004,205,0.5522763069076726,least_confidence,5,228.58875221880547
1810,c630c_00004,206,0.6104902622565564,least_confidence,5,228.58875221880547
1811,c630c_00004,207,0.6108652716317908,least_confidence,5,228.58875221880547
1812,c630c_00004,208,0.5676266906672667,least_confidence,5,228.58875221880547
1813,c630c_00004,209,0.504137603440086,least_confidence,5,228.58875221880547
1814,c630c_00004,210,0.6060901522538064,least_confidence,5,228.58875221880547
1815,c630c_00004,211,0.570939273481837,least_confidence,5,228.58875221880547
1816,c630c_00004,212,0.6098652466311658,least_confidence,5,228.58875221880547
1817,c630c_00004,213,0.5613765344133603,least_confidence,5,228.58875221880547
1818,c630c_00004,214,0.5444886122153054,least_confidence,5,228.58875221880547
1819,c630c_00004,215,0.5718267956698917,least_confidence,5,228.58875221880547
1820,c630c_00004,216,0.5922273056826421,least_confidence,5,228.58875221880547
1821,c630c_00004,217,0.6096402410060251,least_confidence,5,228.58875221880547
1822,c630c_00004,218,0.5036625915647891,least_confidence,5,228.58875221880547
1823,c630c_00004,219,0.5440386009650241,least_confidence,5,228.58875221880547
1824,c630c_00004,220,0.608577714442861,least_confidence,5,228.58875221880547
1825,c630c_00004,221,0.528763219080477,least_confidence,5,228.58875221880547
1826,c630c_00004,222,0.5217255431385784,least_confidence,5,228.58875221880547
1827,c630c_00004,223,0.5859396484912123,least_confidence,5,228.58875221880547
1828,c630c_00004,224,0.5772269306732669,least_confidence,5,228.58875221880547
1829,c630c_00004,225,0.4888622215555389,least_confidence,5,228.58875221880547
1830,c630c_00004,226,0.6507162679066977,least_confidence,5,228.58875221880547
1831,c630c_00004,227,0.6009900247506188,least_confidence,5,228.58875221880547
1832,c630c_00004,228,0.49952498812470314,least_confidence,5,228.58875221880547
1833,c630c_00004,229,0.5355633890847271,least_confidence,5,228.58875221880547
1834,c630c_00004,230,0.5987274681867046,least_confidence,5,228.58875221880547
1835,c630c_00004,231,0.563739093477337,least_confidence,5,228.58875221880547
1836,c630c_00004,232,0.6206405160129003,least_confidence,5,228.58875221880547
1837,c630c_00004,233,0.608577714442861,least_confidence,5,228.58875221880547
1838,c630c_00004,234,0.5712267806695167,least_confidence,5,228.58875221880547
1839,c630c_00004,235,0.6256906422660566,least_confidence,5,228.58875221880547
1840,c630c_00004,236,0.5309507737693442,least_confidence,5,228.58875221880547
1841,c630c_00004,237,0.5274006850171253,least_confidence,5,228.58875221880547
1842,c630c_00004,238,0.5625265631640791,least_confidence,5,228.58875221880547
1843,c630c_00004,239,0.49224980624515613,least_confidence,5,228.58875221880547
1844,c630c_00004,240,0.7073301832545813,least_confidence,5,228.58875221880547
1845,c630c_00004,241,0.6356658916472913,least_confidence,5,228.58875221880547
1846,c630c_00004,242,0.5989274731868297,least_confidence,5,228.58875221880547
1847,c630c_00004,243,0.5835770894272356,least_confidence,5,228.58875221880547
1848,c630c_00004,244,0.5763769094227356,least_confidence,5,228.58875221880547
1849,c630c_00004,245,0.5982274556863921,least_confidence,5,228.58875221880547
1850,c630c_00004,246,0.5006375159378985,least_confidence,5,228.58875221880547
1851,c630c_00004,247,0.5981274531863296,least_confidence,5,228.58875221880547
1852,c630c_00004,248,0.5117502937573439,least_confidence,5,228.58875221880547
1853,c630c_00004,249,0.6027775694392359,least_confidence,5,228.58875221880547
1854,c630c_00004,250,0.5252381309532739,least_confidence,5,228.58875221880547
1855,c630c_00004,251,0.6288407210180255,least_confidence,5,228.58875221880547
1856,c630c_00004,252,0.5467261681542038,least_confidence,5,228.58875221880547
1857,c630c_00004,253,0.6134778369459236,least_confidence,5,228.58875221880547
1858,c630c_00004,254,0.5741393534838372,least_confidence,5,228.58875221880547
1859,c630c_00004,255,0.5160629015725393,least_confidence,5,228.58875221880547
1860,c630c_00004,256,0.6008650216255407,least_confidence,5,228.58875221880547
1861,c630c_00004,257,0.4668241706042651,least_confidence,5,228.58875221880547
1862,c630c_00004,258,0.5905897647441186,least_confidence,5,228.58875221880547
1863,c630c_00004,259,0.5553388834720868,least_confidence,5,228.58875221880547
1864,c630c_00004,260,0.5365009125228131,least_confidence,5,228.58875221880547
1865,c630c_00004,261,0.5167754193854847,least_confidence,5,228.58875221880547
1866,c630c_00004,262,0.5171754293857347,least_confidence,5,228.58875221880547
1867,c630c_00004,263,0.6281032025800646,least_confidence,5,228.58875221880547
1868,c630c_00004,264,0.586627165679142,least_confidence,5,228.58875221880547
1869,c630c_00004,265,0.6264281607040176,least_confidence,5,228.58875221880547
1870,c630c_00004,266,0.5806895172379309,least_confidence,5,228.58875221880547
1871,c630c_00004,267,0.5687017175429385,least_confidence,5,228.58875221880547
1872,c630c_00004,268,0.5733768344208605,least_confidence,5,228.58875221880547
1873,c630c_00004,269,0.5668516712917824,least_confidence,5,228.58875221880547
1874,c630c_00004,270,0.5670266756668917,least_confidence,5,228.58875221880547
1875,c630c_00004,271,0.6307657691442285,least_confidence,5,228.58875221880547
1876,c630c_00004,272,0.5789644741118528,least_confidence,5,228.58875221880547
1877,c630c_00004,273,0.5623015575389385,least_confidence,5,228.58875221880547
1878,c630c_00004,274,0.5533013325333134,least_confidence,5,228.58875221880547
1879,c630c_00004,275,0.5884022100552514,least_confidence,5,228.58875221880547
1880,c630c_00004,276,0.5931523288082202,least_confidence,5,228.58875221880547
1881,c630c_00004,277,0.5689767244181104,least_confidence,5,228.58875221880547
1882,c630c_00004,278,0.579289482237056,least_confidence,5,228.58875221880547
1883,c630c_00004,279,0.5015375384384609,least_confidence,5,228.58875221880547
1884,c630c_00004,280,0.6331033275831897,least_confidence,5,228.58875221880547
1885,c630c_00004,281,0.6324033100827521,least_confidence,5,228.58875221880547
1886,c630c_00004,282,0.54777619440486,least_confidence,5,228.58875221880547
1887,c630c_00004,283,0.6282532063301582,least_confidence,5,228.58875221880547
1888,c630c_00004,284,0.6204405110127753,least_confidence,5,228.58875221880547
1889,c630c_00004,285,0.5669766744168605,least_confidence,5,228.58875221880547
1890,c630c_00004,286,0.5768519212980324,least_confidence,5,228.58875221880547
1891,c630c_00004,287,0.5779269481737044,least_confidence,5,228.58875221880547
1892,c630c_00004,288,0.5184504612615315,least_confidence,5,228.58875221880547
1893,c630c_00004,289,0.5868021700542514,least_confidence,5,228.58875221880547
1894,c630c_00004,290,0.5588389709742744,least_confidence,5,228.58875221880547
1895,c630c_00004,291,0.5603390084752119,least_confidence,5,228.58875221880547
1896,c630c_00004,292,0.559063976599415,least_confidence,5,228.58875221880547
1897,c630c_00004,293,0.5105127628190704,least_confidence,5,228.58875221880547
1898,c630c_00004,294,0.5866771669291733,least_confidence,5,228.58875221880547
1899,c630c_00004,295,0.6079776994424861,least_confidence,5,228.58875221880547
1900,c630c_00004,296,0.5321258031450786,least_confidence,5,228.58875221880547
1901,c630c_00004,297,0.562401560039001,least_confidence,5,228.58875221880547
1902,c630c_00004,298,0.6083027075676892,least_confidence,5,228.58875221880547
1903,c630c_00004,299,0.597977449436236,least_confidence,5,228.58875221880547
1904,c630c_00004,300,0.5560889022225556,least_confidence,5,228.58875221880547
1905,c630c_00004,301,0.544313607840196,least_confidence,5,228.58875221880547
1906,c630c_00004,302,0.5615515387884698,least_confidence,5,228.58875221880547
1907,c630c_00004,303,0.6304157603940098,least_confidence,5,228.58875221880547
1908,c630c_00004,304,0.6058151453786345,least_confidence,5,228.58875221880547
1909,c630c_00004,305,0.6001650041251031,least_confidence,5,228.58875221880547
1910,c630c_00004,306,0.5841271031775794,least_confidence,5,228.58875221880547
1911,c630c_00004,307,0.5855646391159779,least_confidence,5,228.58875221880547
1912,c630c_00004,308,0.5760519012975325,least_confidence,5,228.58875221880547
1913,c630c_00004,309,0.5826270656766419,least_confidence,5,228.58875221880547
1914,c630c_00004,310,0.5339883497087428,least_confidence,5,228.58875221880547
1915,c630c_00004,311,0.6188029700742519,least_confidence,5,228.58875221880547
1916,c630c_00004,312,0.5765644141103528,least_confidence,5,228.58875221880547
1917,c630c_00004,313,0.5717017925448136,least_confidence,5,228.58875221880547
1918,c630c_00004,314,0.6105902647566189,least_confidence,5,228.58875221880547
1919,c630c_00004,315,0.6136653416335408,least_confidence,5,228.58875221880547
1920,c630c_00004,316,0.6405410135253382,least_confidence,5,228.58875221880547
1921,c630c_00004,317,0.5946648666216655,least_confidence,5,228.58875221880547
1922,c630c_00004,318,0.5887647191179779,least_confidence,5,228.58875221880547
1923,c630c_00004,319,0.5722268056701418,least_confidence,5,228.58875221880547
1924,c630c_00004,320,0.5487387184679617,least_confidence,5,228.58875221880547
1925,c630c_00004,321,0.5770019250481262,least_confidence,5,228.58875221880547
1926,c630c_00004,322,0.5095627390684767,least_confidence,5,228.58875221880547
1927,c630c_00004,323,0.5693642341058527,least_confidence,5,228.58875221880547
1928,c630c_00004,324,0.5024000600015,least_confidence,5,228.58875221880547
1929,c630c_00004,325,0.5287382184554614,least_confidence,5,228.58875221880547
1930,c630c_00004,326,0.6011400285007126,least_confidence,5,228.58875221880547
1931,c630c_00004,327,0.5182504562614065,least_confidence,5,228.58875221880547
1932,c630c_00004,328,0.5049626240656017,least_confidence,5,228.58875221880547
1933,c630c_00004,329,0.5645641141028526,least_confidence,5,228.58875221880547
1934,c630c_00004,330,0.5768019200480012,least_confidence,5,228.58875221880547
1935,c630c_00004,331,0.6007150178754469,least_confidence,5,228.58875221880547
1936,c630c_00004,332,0.5394634865871647,least_confidence,5,228.58875221880547
1937,c630c_00004,333,0.5163504087602191,least_confidence,5,228.58875221880547
1938,c630c_00004,334,0.5596889922248056,least_confidence,5,228.58875221880547
1939,c630c_00004,335,0.5909147728693217,least_confidence,5,228.58875221880547
1940,c630c_00004,336,0.5589139728493212,least_confidence,5,228.58875221880547
1941,c630c_00004,337,0.5516012900322508,least_confidence,5,228.58875221880547
1942,c630c_00004,338,0.5972024300607515,least_confidence,5,228.58875221880547
1943,c630c_00004,339,0.5002375059376485,least_confidence,5,228.58875221880547
1944,c630c_00004,340,0.5707142678566964,least_confidence,5,228.58875221880547
1945,c630c_00004,341,0.5873271831795794,least_confidence,5,228.58875221880547
1946,c630c_00004,342,0.5817020425510637,least_confidence,5,228.58875221880547
1947,c630c_00004,343,0.5456886422160554,least_confidence,5,228.58875221880547
1948,c630c_00004,344,0.5314007850196255,least_confidence,5,228.58875221880547
1949,c630c_00004,345,0.5718267956698917,least_confidence,5,228.58875221880547
1950,c630c_00004,346,0.623465586639666,least_confidence,5,228.58875221880547
1951,c630c_00004,347,0.5734393359833996,least_confidence,5,228.58875221880547
1952,c630c_00004,348,0.6258156453911348,least_confidence,5,228.58875221880547
1953,c630c_00004,349,0.5188129703242581,least_confidence,5,228.58875221880547
1954,c630c_00004,350,0.5851896297407435,least_confidence,5,228.58875221880547
1955,c630c_00004,351,0.564264106602665,least_confidence,5,228.58875221880547
1956,c630c_00004,352,0.6255156378909472,least_confidence,5,228.58875221880547
1957,c630c_00004,353,0.5789019725493136,least_confidence,5,228.58875221880547
1958,c630c_00004,354,0.5354633865846646,least_confidence,5,228.58875221880547
1959,c630c_00004,355,0.6410410260256506,least_confidence,5,228.58875221880547
1960,c630c_00004,356,0.5522763069076726,least_confidence,5,228.58875221880547
1961,c630c_00004,357,0.5760894022350559,least_confidence,5,228.58875221880547
1962,c630c_00004,358,0.6258406460161504,least_confidence,5,228.58875221880547
1963,c630c_00004,359,0.5804645116127903,least_confidence,5,228.58875221880547
1964,c630c_00004,360,0.5907647691192279,least_confidence,5,228.58875221880547
1965,c630c_00004,361,0.5808145203630091,least_confidence,5,228.58875221880547
1966,c630c_00004,362,0.575214380359509,least_confidence,5,228.58875221880547
1967,c630c_00004,363,0.6177029425735643,least_confidence,5,228.58875221880547
1968,c630c_00004,364,0.5598889972249306,least_confidence,5,228.58875221880547
1969,c630c_00004,365,0.5919772994324859,least_confidence,5,228.58875221880547
1970,c630c_00004,366,0.5511637790944773,least_confidence,5,228.58875221880547
1971,c630c_00004,367,0.5641641041026025,least_confidence,5,228.58875221880547
1972,c630c_00004,368,0.5621265531638291,least_confidence,5,228.58875221880547
1973,c630c_00004,369,0.593502337558439,least_confidence,5,228.58875221880547
1974,c630c_00004,370,0.5608390209755244,least_confidence,5,228.58875221880547
1975,c630c_00004,371,0.572076801920048,least_confidence,5,228.58875221880547
1976,c630c_00004,372,0.5789894747368685,least_confidence,5,228.58875221880547
1977,c630c_00004,373,0.5855396384909622,least_confidence,5,228.58875221880547
1978,c630c_00004,374,0.6127778194454861,least_confidence,5,228.58875221880547
1979,c630c_00004,375,0.5525263131578289,least_confidence,5,228.58875221880547
1980,c630c_00004,376,0.5586264656616415,least_confidence,5,228.58875221880547
1981,c630c_00004,377,0.6288282207055176,least_confidence,5,228.58875221880547
1982,c630c_00004,378,0.5345633640841021,least_confidence,5,228.58875221880547
1983,c630c_00004,379,0.5217755443886097,least_confidence,5,228.58875221880547
1984,c630c_00004,380,0.572876821920548,least_confidence,5,228.58875221880547
1985,c630c_00004,381,0.5347133678341959,least_confidence,5,228.58875221880547
1986,c630c_00004,382,0.5930523263081577,least_confidence,5,228.58875221880547
1987,c630c_00004,383,0.5450386259656491,least_confidence,5,228.58875221880547
1988,c630c_00004,384,0.5563139078476962,least_confidence,5,228.58875221880547
1989,c630c_00004,385,0.5352133803345083,least_confidence,5,228.58875221880547
1990,c630c_00004,386,0.5685767144178604,least_confidence,5,228.58875221880547
1991,c630c_00004,387,0.5386634665866646,least_confidence,5,228.58875221880547
1992,c630c_00004,388,0.570614265356634,least_confidence,5,228.58875221880547
1993,c630c_00004,389,0.6062651566289157,least_confidence,5,228.58875221880547
1994,c630c_00004,390,0.5419260481512038,least_confidence,5,228.58875221880547
1995,c630c_00004,391,0.5666141653541339,least_confidence,5,228.58875221880547
1996,c630c_00004,392,0.6066026650666266,least_confidence,5,228.58875221880547
1997,c630c_00004,393,0.569339233480837,least_confidence,5,228.58875221880547
1998,c630c_00004,394,0.5170254256356409,least_confidence,5,228.58875221880547
1999,c630c_00004,395,0.5389634740868522,least_confidence,5,228.58875221880547
2000,c630c_00004,396,0.5536388409710242,least_confidence,5,228.58875221880547
2001,c630c_00004,397,0.5793644841121028,least_confidence,5,228.58875221880547
2002,c630c_00004,398,0.6309157728943223,least_confidence,5,228.58875221880547
2003,c630c_00004,399,0.5718517962949075,least_confidence,5,228.58875221880547
2004,c630c_00004,400,0.5884522113052827,least_confidence,5,228.58875221880547
2005,c630c_00005,0,0.5768519212980324,entropy,1,223.73839970999273
2006,c630c_00005,1,0.567001675041876,entropy,1,223.73839970999273
2007,c630c_00005,2,0.4681742043551088,entropy,1,223.73839970999273
2008,c630c_00005,3,0.5280757018925473,entropy,1,223.73839970999273
2009,c630c_00005,4,0.5598389959748993,entropy,1,223.73839970999273
2010,c630c_00005,5,0.5252881322033051,entropy,1,223.73839970999273
2011,c630c_00005,6,0.5264256606415161,entropy,1,223.73839970999273
2012,c630c_00005,7,0.5556888922223056,entropy,1,223.73839970999273
2013,c630c_00005,8,0.5537138428460712,entropy,1,223.73839970999273
2014,c630c_00005,9,0.5897647441186029,entropy,1,223.73839970999273
2015,c630c_00005,10,0.6271031775794396,entropy,1,223.73839970999273
2016,c630c_00005,11,0.545988649716243,entropy,1,223.73839970999273
2017,c630c_00005,12,0.5953898847471186,entropy,1,223.73839970999273
2018,c630c_00005,13,0.5802145053626341,entropy,1,223.73839970999273
2019,c630c_00005,14,0.5750893772344309,entropy,1,223.73839970999273
2020,c630c_00005,15,0.5860396509912748,entropy,1,223.73839970999273
2021,c630c_00005,16,0.5274256856421411,entropy,1,223.73839970999273
2022,c630c_00005,17,0.5306507662691567,entropy,1,223.73839970999273
2023,c630c_00005,18,0.5785269631740794,entropy,1,223.73839970999273
2024,c630c_00005,19,0.5660891522288057,entropy,1,223.73839970999273
2025,c630c_00005,20,0.6083027075676892,entropy,1,223.73839970999273
2026,c630c_00005,21,0.5677516937923448,entropy,1,223.73839970999273
2027,c630c_00005,22,0.5435885897147429,entropy,1,223.73839970999273
2028,c630c_00005,23,0.6288407210180255,entropy,1,223.73839970999273
2029,c630c_00005,24,0.5501637540938523,entropy,1,223.73839970999273
2030,c630c_00005,25,0.5404135103377585,entropy,1,223.73839970999273
2031,c630c_00005,26,0.5481262031550789,entropy,1,223.73839970999273
2032,c630c_00005,27,0.5002875071876797,entropy,1,223.73839970999273
2033,c630c_00005,28,0.5548888722218055,entropy,1,223.73839970999273
2034,c630c_00005,29,0.5956898922473062,entropy,1,223.73839970999273
2035,c630c_00005,30,0.48106202655066377,entropy,1,223.73839970999273
2036,c630c_00005,31,0.5431510787769694,entropy,1,223.73839970999273
2037,c630c_00005,32,0.4731493287332183,entropy,1,223.73839970999273
2038,c630c_00005,33,0.5353258831470787,entropy,1,223.73839970999273
2039,c630c_00005,34,0.5475261881547038,entropy,1,223.73839970999273
2040,c630c_00005,35,0.5948648716217906,entropy,1,223.73839970999273
2041,c630c_00005,36,0.5754893872346809,entropy,1,223.73839970999273
2042,c630c_00005,37,0.5815645391134778,entropy,1,223.73839970999273
2043,c630c_00005,38,0.573076826920673,entropy,1,223.73839970999273
2044,c630c_00005,39,0.5329258231455787,entropy,1,223.73839970999273
2045,c630c_00005,40,0.5710767769194229,entropy,1,223.73839970999273
2046,c630c_00005,41,0.6063276581914547,entropy,1,223.73839970999273
2047,c630c_00005,42,0.6106652666316658,entropy,1,223.73839970999273
2048,c630c_00005,43,0.4941873546838671,entropy,1,223.73839970999273
2049,c630c_00005,44,0.5713142828570714,entropy,1,223.73839970999273
2050,c630c_00005,45,0.522625565639141,entropy,1,223.73839970999273
2051,c630c_00005,46,0.5815395384884622,entropy,1,223.73839970999273
2052,c630c_00005,47,0.5630765769144229,entropy,1,223.73839970999273
2053,c630c_00005,48,0.4971249281232031,entropy,1,223.73839970999273
2054,c630c_00005,49,0.5184004600115003,entropy,1,223.73839970999273
2055,c630c_00005,50,0.5867146678666967,entropy,1,223.73839970999273
2056,c630c_00005,51,0.5539888497212431,entropy,1,223.73839970999273
2057,c630c_00005,52,0.5590514762869072,entropy,1,223.73839970999273
2058,c630c_00005,53,0.5982774569364234,entropy,1,223.73839970999273
2059,c630c_00005,54,0.5441761044026101,entropy,1,223.73839970999273
2060,c630c_00005,55,0.5840771019275481,entropy,1,223.73839970999273
2061,c630c_00005,56,0.5729018225455637,entropy,1,223.73839970999273
2062,c630c_00005,57,0.5299132478311958,entropy,1,223.73839970999273
2063,c630c_00005,58,0.5965649141228531,entropy,1,223.73839970999273
2064,c630c_00005,59,0.5763644091102278,entropy,1,223.73839970999273
2065,c630c_00005,60,0.5378259456486412,entropy,1,223.73839970999273
2066,c630c_00005,61,0.5827270681767045,entropy,1,223.73839970999273
2067,c630c_00005,62,0.6011400285007126,entropy,1,223.73839970999273
2068,c630c_00005,63,0.5929773244331108,entropy,1,223.73839970999273
2069,c630c_00005,64,0.6084777119427986,entropy,1,223.73839970999273
2070,c630c_00005,65,0.5594139853496338,entropy,1,223.73839970999273
2071,c630c_00005,66,0.5283507087677192,entropy,1,223.73839970999273
2072,c630c_00005,67,0.5455386384659617,entropy,1,223.73839970999273
2073,c630c_00005,68,0.5180504512612816,entropy,1,223.73839970999273
2074,c630c_00005,69,0.5299382484562114,entropy,1,223.73839970999273
2075,c630c_00005,70,0.5462636565914147,entropy,1,223.73839970999273
2076,c630c_00005,71,0.6236030900772519,entropy,1,223.73839970999273
2077,c630c_00005,72,0.5818270456761419,entropy,1,223.73839970999273
2078,c630c_00005,73,0.5776269406735168,entropy,1,223.73839970999273
2079,c630c_00005,74,0.5387009675241881,entropy,1,223.73839970999273
2080,c630c_00005,75,0.6650916272906823,entropy,1,223.73839970999273
2081,c630c_00005,76,0.524425610640266,entropy,1,223.73839970999273
2082,c630c_00005,77,0.6004150103752594,entropy,1,223.73839970999273
2083,c630c_00005,78,0.5782769569239231,entropy,1,223.73839970999273
2084,c630c_00005,79,0.5613890347258681,entropy,1,223.73839970999273
2085,c630c_00005,80,0.6040026000650016,entropy,1,223.73839970999273
2086,c630c_00005,81,0.5326258156453911,entropy,1,223.73839970999273
2087,c630c_00005,82,0.5837020925523138,entropy,1,223.73839970999273
2088,c630c_00005,83,0.6009900247506188,entropy,1,223.73839970999273
2089,c630c_00005,84,0.5109627740693518,entropy,1,223.73839970999273
2090,c630c_00005,85,0.5762644066101653,entropy,1,223.73839970999273
2091,c630c_00005,86,0.5802145053626341,entropy,1,223.73839970999273
2092,c630c_00005,87,0.5857396434910873,entropy,1,223.73839970999273
2093,c630c_00005,88,0.47531188279706993,entropy,1,223.73839970999273
2094,c630c_00005,89,0.5314382859571489,entropy,1,223.73839970999273
2095,c630c_00005,90,0.5046126153153829,entropy,1,223.73839970999273
2096,c630c_00005,91,0.6217530438260956,entropy,1,223.73839970999273
2097,c630c_00005,92,0.48602465061626543,entropy,1,223.73839970999273
2098,c630c_00005,93,0.5638515962899072,entropy,1,223.73839970999273
2099,c630c_00005,94,0.5966649166229157,entropy,1,223.73839970999273
2100,c630c_00005,95,0.4740993524838121,entropy,1,223.73839970999273
2101,c630c_00005,96,0.6026025650641267,entropy,1,223.73839970999273
2102,c630c_00005,97,0.5081502037550939,entropy,1,223.73839970999273
2103,c630c_00005,98,0.6192904822620565,entropy,1,223.73839970999273
2104,c630c_00005,99,0.5306632665816645,entropy,1,223.73839970999273
2105,c630c_00005,100,0.5079751993799845,entropy,1,223.73839970999273
2106,c630c_00005,101,0.5427760694017351,entropy,1,223.73839970999273
2107,c630c_00005,102,0.5950648766219155,entropy,1,223.73839970999273
2108,c630c_00005,103,0.47137428435710893,entropy,1,223.73839970999273
2109,c630c_00005,104,0.5404010100252506,entropy,1,223.73839970999273
2110,c630c_00005,105,0.5735268381709543,entropy,1,223.73839970999273
2111,c630c_00005,106,0.5300882522063052,entropy,1,223.73839970999273
2112,c630c_00005,107,0.6149153728843222,entropy,1,223.73839970999273
2113,c630c_00005,108,0.5289382234555864,entropy,1,223.73839970999273
2114,c630c_00005,109,0.5474261856546414,entropy,1,223.73839970999273
2115,c630c_00005,110,0.48148703717592944,entropy,1,223.73839970999273
2116,c630c_00005,111,0.5069001725043126,entropy,1,223.73839970999273
2117,c630c_00005,112,0.5260131503287583,entropy,1,223.73839970999273
2118,c630c_00005,113,0.5578014450361259,entropy,1,223.73839970999273
2119,c630c_00005,114,0.5131628290707267,entropy,1,223.73839970999273
2120,c630c_00005,115,0.5336008400210006,entropy,1,223.73839970999273
2121,c630c_00005,116,0.5660391509787744,entropy,1,223.73839970999273
2122,c630c_00005,117,0.5663891597289932,entropy,1,223.73839970999273
2123,c630c_00005,118,0.5582639565989149,entropy,1,223.73839970999273
2124,c630c_00005,119,0.5357133928348209,entropy,1,223.73839970999273
2125,c630c_00005,120,0.5884647116177905,entropy,1,223.73839970999273
2126,c630c_00005,121,0.5413885347133678,entropy,1,223.73839970999273
2127,c630c_00005,122,0.5683267081677041,entropy,1,223.73839970999273
2128,c630c_00005,123,0.5110377759443986,entropy,1,223.73839970999273
2129,c630c_00005,124,0.5333008325208131,entropy,1,223.73839970999273
2130,c630c_00005,125,0.6166029150728769,entropy,1,223.73839970999273
2131,c630c_00005,126,0.5254631365784145,entropy,1,223.73839970999273
2132,c630c_00005,127,0.5839270981774545,entropy,1,223.73839970999273
2133,c630c_00005,128,0.6138653466336659,entropy,1,223.73839970999273
2134,c630c_00005,129,0.5979524488112202,entropy,1,223.73839970999273
2135,c630c_00005,130,0.5818270456761419,entropy,1,223.73839970999273
2136,c630c_00005,131,0.5762769069226731,entropy,1,223.73839970999273
2137,c630c_00005,132,0.5032125803145079,entropy,1,223.73839970999273
2138,c630c_00005,133,0.5233755843896097,entropy,1,223.73839970999273
2139,c630c_00005,134,0.5126628165704142,entropy,1,223.73839970999273
2140,c630c_00005,135,0.44629865746643665,entropy,1,223.73839970999273
2141,c630c_00005,136,0.6329283232080802,entropy,1,223.73839970999273
2142,c630c_00005,137,0.566739168479212,entropy,1,223.73839970999273
2143,c630c_00005,138,0.5210130253256331,entropy,1,223.73839970999273
2144,c630c_00005,139,0.5587764694117353,entropy,1,223.73839970999273
2145,c630c_00005,140,0.5605265131628291,entropy,1,223.73839970999273
2146,c630c_00005,141,0.5229880747018676,entropy,1,223.73839970999273
2147,c630c_00005,142,0.5058626465661642,entropy,1,223.73839970999273
2148,c630c_00005,143,0.5944648616215406,entropy,1,223.73839970999273
2149,c630c_00005,144,0.49833745843646093,entropy,1,223.73839970999273
2150,c630c_00005,145,0.6472786819670491,entropy,1,223.73839970999273
2151,c630c_00005,146,0.510875271881797,entropy,1,223.73839970999273
2152,c630c_00005,147,0.5459636490912273,entropy,1,223.73839970999273
2153,c630c_00005,148,0.5807895197379934,entropy,1,223.73839970999273
2154,c630c_00005,149,0.5657641441036025,entropy,1,223.73839970999273
2155,c630c_00005,150,0.6164029100727518,entropy,1,223.73839970999273
2156,c630c_00005,151,0.48541213530338256,entropy,1,223.73839970999273
2157,c630c_00005,152,0.5090002250056251,entropy,1,223.73839970999273
2158,c630c_00005,153,0.5009875246881172,entropy,1,223.73839970999273
2159,c630c_00005,154,0.5601390034750868,entropy,1,223.73839970999273
2160,c630c_00005,155,0.5897147428685717,entropy,1,223.73839970999273
2161,c630c_00005,156,0.5287382184554614,entropy,1,223.73839970999273
2162,c630c_00005,157,0.44596114902872575,entropy,1,223.73839970999273
2163,c630c_00005,158,0.6171529288232206,entropy,1,223.73839970999273
2164,c630c_00005,159,0.5313382834570864,entropy,1,223.73839970999273
2165,c630c_00005,160,0.6292157303932598,entropy,1,223.73839970999273
2166,c630c_00005,161,0.5877521938048451,entropy,1,223.73839970999273
2167,c630c_00005,162,0.5138003450086253,entropy,1,223.73839970999273
2168,c630c_00005,163,0.615590389759744,entropy,1,223.73839970999273
2169,c630c_00005,164,0.5440011000275007,entropy,1,223.73839970999273
2170,c630c_00005,165,0.5978774469361734,entropy,1,223.73839970999273
2171,c630c_00005,166,0.5482762069051726,entropy,1,223.73839970999273
2172,c630c_00005,167,0.5806395159878996,entropy,1,223.73839970999273
2173,c630c_00005,168,0.5420635515887897,entropy,1,223.73839970999273
2174,c630c_00005,169,0.5939398484962124,entropy,1,223.73839970999273
2175,c630c_00005,170,0.6189029725743144,entropy,1,223.73839970999273
2176,c630c_00005,171,0.6109402735068377,entropy,1,223.73839970999273
2177,c630c_00005,172,0.49688742218555465,entropy,1,223.73839970999273
2178,c630c_00005,173,0.5556638915972899,entropy,1,223.73839970999273
2179,c630c_00005,174,0.4907372684317108,entropy,1,223.73839970999273
2180,c630c_00005,175,0.6086277156928923,entropy,1,223.73839970999273
2181,c630c_00005,176,0.6628290707267681,entropy,1,223.73839970999273
2182,c630c_00005,177,0.6164154103852596,entropy,1,223.73839970999273
2183,c630c_00005,178,0.5289257231430786,entropy,1,223.73839970999273
2184,c630c_00005,179,0.5936023400585014,entropy,1,223.73839970999273
2185,c630c_00005,180,0.5783644591114778,entropy,1,223.73839970999273
2186,c630c_00005,181,0.5487762194054852,entropy,1,223.73839970999273
2187,c630c_00005,182,0.5963774094352359,entropy,1,223.73839970999273
2188,c630c_00005,183,0.5129253231330784,entropy,1,223.73839970999273
2189,c630c_00005,184,0.5640266006650166,entropy,1,223.73839970999273
2190,c630c_00005,185,0.498999974999375,entropy,1,223.73839970999273
2191,c630c_00005,186,0.5456886422160554,entropy,1,223.73839970999273
2192,c630c_00005,187,0.5737893447336183,entropy,1,223.73839970999273
2193,c630c_00005,188,0.6055651391284782,entropy,1,223.73839970999273
2194,c630c_00005,189,0.4710617765444136,entropy,1,223.73839970999273
2195,c630c_00005,190,0.5092627315682892,entropy,1,223.73839970999273
2196,c630c_00005,191,0.6594164854121354,entropy,1,223.73839970999273
2197,c630c_00005,192,0.6072776819420486,entropy,1,223.73839970999273
2198,c630c_00005,193,0.4969749243731093,entropy,1,223.73839970999273
2199,c630c_00005,194,0.5573514337858446,entropy,1,223.73839970999273
2200,c630c_00005,195,0.5459136478411961,entropy,1,223.73839970999273
2201,c630c_00005,196,0.5740893522338059,entropy,1,223.73839970999273
2202,c630c_00005,197,0.5452136303407585,entropy,1,223.73839970999273
2203,c630c_00005,198,0.48429960749018724,entropy,1,223.73839970999273
2204,c630c_00005,199,0.6152653816345408,entropy,1,223.73839970999273
2205,c630c_00005,200,0.5235005875146879,entropy,1,223.73839970999273
2206,c630c_00005,201,0.5832520813020325,entropy,1,223.73839970999273
2207,c630c_00005,202,0.5462636565914147,entropy,1,223.73839970999273
2208,c630c_00005,203,0.5216130403260082,entropy,1,223.73839970999273
2209,c630c_00005,204,0.5052501312532813,entropy,1,223.73839970999273
2210,c630c_00005,205,0.5456886422160554,entropy,1,223.73839970999273
2211,c630c_00005,206,0.516487912197805,entropy,1,223.73839970999273
2212,c630c_00005,207,0.6168779219480487,entropy,1,223.73839970999273
2213,c630c_00005,208,0.5362884072101802,entropy,1,223.73839970999273
2214,c630c_00005,209,0.649491237280932,entropy,1,223.73839970999273
2215,c630c_00005,210,0.5639515987899697,entropy,1,223.73839970999273
2216,c630c_00005,211,0.4959873996849921,entropy,1,223.73839970999273
2217,c630c_00005,212,0.5423260581514537,entropy,1,223.73839970999273
2218,c630c_00005,213,0.5940148503712592,entropy,1,223.73839970999273
2219,c630c_00005,214,0.6175029375734393,entropy,1,223.73839970999273
2220,c630c_00005,215,0.6188404710117753,entropy,1,223.73839970999273
2221,c630c_00005,216,0.5632890822270556,entropy,1,223.73839970999273
2222,c630c_00005,217,0.6441661041526038,entropy,1,223.73839970999273
2223,c630c_00005,218,0.495262381559539,entropy,1,223.73839970999273
2224,c630c_00005,219,0.5080502012550314,entropy,1,223.73839970999273
2225,c630c_00005,220,0.64081602040051,entropy,1,223.73839970999273
2226,c630c_00005,221,0.5314882872071802,entropy,1,223.73839970999273
2227,c630c_00005,222,0.645091127278182,entropy,1,223.73839970999273
2228,c630c_00005,223,0.5607390184754619,entropy,1,223.73839970999273
2229,c630c_00005,224,0.5058626465661642,entropy,1,223.73839970999273
2230,c630c_00005,225,0.6903422585564638,entropy,1,223.73839970999273
2231,c630c_00005,226,0.5771019275481887,entropy,1,223.73839970999273
2232,c630c_00005,227,0.6495162379059476,entropy,1,223.73839970999273
2233,c630c_00005,228,0.5661391534788369,entropy,1,223.73839970999273
2234,c630c_00005,229,0.638278456961424,entropy,1,223.73839970999273
2235,c630c_00005,230,0.5681267031675792,entropy,1,223.73839970999273
2236,c630c_00005,231,0.5639640991024776,entropy,1,223.73839970999273
2237,c630c_00005,232,0.5605140128503212,entropy,1,223.73839970999273
2238,c630c_00005,233,0.5515012875321883,entropy,1,223.73839970999273
2239,c630c_00005,234,0.5357383934598365,entropy,1,223.73839970999273
2240,c630c_00005,235,0.526225655641391,entropy,1,223.73839970999273
2241,c630c_00005,236,0.5213755343883597,entropy,1,223.73839970999273
2242,c630c_00005,237,0.5334258356458912,entropy,1,223.73839970999273
2243,c630c_00005,238,0.46354908872721823,entropy,1,223.73839970999273
2244,c630c_00005,239,0.5193254831370785,entropy,1,223.73839970999273
2245,c630c_00005,240,0.5844396109902747,entropy,1,223.73839970999273
2246,c630c_00005,241,0.6494662366559164,entropy,1,223.73839970999273
2247,c630c_00005,242,0.5449386234655866,entropy,1,223.73839970999273
2248,c630c_00005,243,0.6263781594539863,entropy,1,223.73839970999273
2249,c630c_00005,244,0.6170529263231581,entropy,1,223.73839970999273
2250,c630c_00005,245,0.5138503462586564,entropy,1,223.73839970999273
2251,c630c_00005,246,0.6484162104052602,entropy,1,223.73839970999273
2252,c630c_00005,247,0.5909897747443686,entropy,1,223.73839970999273
2253,c630c_00005,248,0.5691642291057276,entropy,1,223.73839970999273
2254,c630c_00005,249,0.564664116602915,entropy,1,223.73839970999273
2255,c630c_00005,250,0.5889147228680717,entropy,1,223.73839970999273
2256,c630c_00005,251,0.66310407760194,entropy,1,223.73839970999273
2257,c630c_00005,252,0.5637765944148604,entropy,1,223.73839970999273
2258,c630c_00005,253,0.6401410035250881,entropy,1,223.73839970999273
2259,c630c_00005,254,0.5343633590839771,entropy,1,223.73839970999273
2260,c630c_00005,255,0.5723018075451887,entropy,1,223.73839970999273
2261,c630c_00005,256,0.5060751518787969,entropy,1,223.73839970999273
2262,c630c_00005,257,0.5810020250506263,entropy,1,223.73839970999273
2263,c630c_00005,258,0.5285757143928598,entropy,1,223.73839970999273
2264,c630c_00005,259,0.5536138403460087,entropy,1,223.73839970999273
2265,c630c_00005,260,0.559538988474712,entropy,1,223.73839970999273
2266,c630c_00005,261,0.5141628540713518,entropy,1,223.73839970999273
2267,c630c_00005,262,0.535438385959649,entropy,1,223.73839970999273
2268,c630c_00005,263,0.5411010275256882,entropy,1,223.73839970999273
2269,c630c_00005,264,0.4994874871871797,entropy,1,223.73839970999273
2270,c630c_00005,265,0.5028625715642892,entropy,1,223.73839970999273
2271,c630c_00005,266,0.5488387209680242,entropy,1,223.73839970999273
2272,c630c_00005,267,0.5737518437960949,entropy,1,223.73839970999273
2273,c630c_00005,268,0.6440411010275257,entropy,1,223.73839970999273
2274,c630c_00005,269,0.5386759668991725,entropy,1,223.73839970999273
2275,c630c_00005,270,0.5448886222155553,entropy,1,223.73839970999273
2276,c630c_00005,271,0.6295907397684942,entropy,1,223.73839970999273
2277,c630c_00005,272,0.5726018150453762,entropy,1,223.73839970999273
2278,c630c_00005,273,0.6138653466336659,entropy,1,223.73839970999273
2279,c630c_00005,274,0.6327533188329708,entropy,1,223.73839970999273
2280,c630c_00005,275,0.5620265506637666,entropy,1,223.73839970999273
2281,c630c_00005,276,0.572076801920048,entropy,1,223.73839970999273
2282,c630c_00005,277,0.559126478161954,entropy,1,223.73839970999273
2283,c630c_00005,278,0.5538388459711493,entropy,1,223.73839970999273
2284,c630c_00005,279,0.5759143978599465,entropy,1,223.73839970999273
2285,c630c_00005,280,0.5596139903497588,entropy,1,223.73839970999273
2286,c630c_00005,281,0.5919772994324859,entropy,1,223.73839970999273
2287,c630c_00005,282,0.501937548438711,entropy,1,223.73839970999273
2288,c630c_00005,283,0.6421785544638616,entropy,1,223.73839970999273
2289,c630c_00005,284,0.5431635790894772,entropy,1,223.73839970999273
2290,c630c_00005,285,0.5337758443961099,entropy,1,223.73839970999273
2291,c630c_00005,286,0.5325258131453287,entropy,1,223.73839970999273
2292,c630c_00005,287,0.5159003975099378,entropy,1,223.73839970999273
2293,c630c_00005,288,0.5634515862896573,entropy,1,223.73839970999273
2294,c630c_00005,289,0.5125753143828595,entropy,1,223.73839970999273
2295,c630c_00005,290,0.5735393384834621,entropy,1,223.73839970999273
2296,c630c_00005,291,0.561401535038376,entropy,1,223.73839970999273
2297,c630c_00005,292,0.5517512937823446,entropy,1,223.73839970999273
2298,c630c_00005,293,0.5084877121928049,entropy,1,223.73839970999273
2299,c630c_00005,294,0.542051051276282,entropy,1,223.73839970999273
2300,c630c_00005,295,0.5561889047226181,entropy,1,223.73839970999273
2301,c630c_00005,296,0.5467511687792195,entropy,1,223.73839970999273
2302,c630c_00005,297,0.5189254731368285,entropy,1,223.73839970999273
2303,c630c_00005,298,0.4593114827870697,entropy,1,223.73839970999273
2304,c630c_00005,299,0.5601890047251181,entropy,1,223.73839970999273
2305,c630c_00005,300,0.5134003350083752,entropy,1,223.73839970999273
2306,c630c_00005,301,0.5871271781794545,entropy,1,223.73839970999273
2307,c630c_00005,302,0.5717517937948449,entropy,1,223.73839970999273
2308,c630c_00005,303,0.6415785394634865,entropy,1,223.73839970999273
2309,c630c_00005,304,0.5239880997024926,entropy,1,223.73839970999273
2310,c630c_00005,305,0.5545138628465711,entropy,1,223.73839970999273
2311,c630c_00005,306,0.5847896197404936,entropy,1,223.73839970999273
2312,c630c_00005,307,0.5260756518912972,entropy,1,223.73839970999273
2313,c630c_00005,308,0.5456761419035476,entropy,1,223.73839970999273
2314,c630c_00005,309,0.5569764244106102,entropy,1,223.73839970999273
2315,c630c_00005,310,0.6020525513137829,entropy,1,223.73839970999273
2316,c630c_00005,311,0.5590139753493837,entropy,1,223.73839970999273
2317,c630c_00005,312,0.568539213480337,entropy,1,223.73839970999273
2318,c630c_00005,313,0.5567014175354383,entropy,1,223.73839970999273
2319,c630c_00005,314,0.6261656541413535,entropy,1,223.73839970999273
2320,c630c_00005,315,0.6222530563264081,entropy,1,223.73839970999273
2321,c630c_00005,316,0.5973524338108454,entropy,1,223.73839970999273
2322,c630c_00005,317,0.6023525588139704,entropy,1,223.73839970999273
2323,c630c_00005,318,0.5284257106427661,entropy,1,223.73839970999273
2324,c630c_00005,319,0.5671266781669542,entropy,1,223.73839970999273
2325,c630c_00005,320,0.5636515912897823,entropy,1,223.73839970999273
2326,c630c_00005,321,0.47712442811070277,entropy,1,223.73839970999273
2327,c630c_00005,322,0.5869271731793295,entropy,1,223.73839970999273
2328,c630c_00005,323,0.5158253956348908,entropy,1,223.73839970999273
2329,c630c_00005,324,0.6010275256881422,entropy,1,223.73839970999273
2330,c630c_00005,325,0.5216755418885473,entropy,1,223.73839970999273
2331,c630c_00005,326,0.5849646241156028,entropy,1,223.73839970999273
2332,c630c_00005,327,0.5426260656516413,entropy,1,223.73839970999273
2333,c630c_00005,328,0.5055751393784845,entropy,1,223.73839970999273
2334,c630c_00005,329,0.5419510487762194,entropy,1,223.73839970999273
2335,c630c_00005,330,0.6570039250981274,entropy,1,223.73839970999273
2336,c630c_00005,331,0.5181879546988675,entropy,1,223.73839970999273
2337,c630c_00005,332,0.5838520963024076,entropy,1,223.73839970999273
2338,c630c_00005,333,0.5362884072101802,entropy,1,223.73839970999273
2339,c630c_00005,334,0.5151753793844847,entropy,1,223.73839970999273
2340,c630c_00005,335,0.5915522888072202,entropy,1,223.73839970999273
2341,c630c_00005,336,0.6259031475786895,entropy,1,223.73839970999273
2342,c630c_00005,337,0.556526413160329,entropy,1,223.73839970999273
2343,c630c_00005,338,0.6065526638165954,entropy,1,223.73839970999273
2344,c630c_00005,339,0.5605265131628291,entropy,1,223.73839970999273
2345,c630c_00005,340,0.5760019000475012,entropy,1,223.73839970999273
2346,c630c_00005,341,0.5201380034500862,entropy,1,223.73839970999273
2347,c630c_00005,342,0.5721768044201105,entropy,1,223.73839970999273
2348,c630c_00005,343,0.5623015575389385,entropy,1,223.73839970999273
2349,c630c_00005,344,0.6080777019425485,entropy,1,223.73839970999273
2350,c630c_00005,345,0.5882647066176654,entropy,1,223.73839970999273
2351,c630c_00005,346,0.5255006375159379,entropy,1,223.73839970999273
2352,c630c_00005,347,0.5191879796994925,entropy,1,223.73839970999273
2353,c630c_00005,348,0.6139403485087127,entropy,1,223.73839970999273
2354,c630c_00005,349,0.5861521538038451,entropy,1,223.73839970999273
2355,c630c_00005,350,0.6739418485462136,entropy,1,223.73839970999273
2356,c630c_00005,351,0.4893622340558514,entropy,1,223.73839970999273
2357,c630c_00005,352,0.5028000700017501,entropy,1,223.73839970999273
2358,c630c_00005,353,0.6340908522713068,entropy,1,223.73839970999273
2359,c630c_00005,354,0.5380259506487662,entropy,1,223.73839970999273
2360,c630c_00005,355,0.5659891497287433,entropy,1,223.73839970999273
2361,c630c_00005,356,0.6219280482012051,entropy,1,223.73839970999273
2362,c630c_00005,357,0.571276781919548,entropy,1,223.73839970999273
2363,c630c_00005,358,0.5495387384684617,entropy,1,223.73839970999273
2364,c630c_00005,359,0.5883147078676967,entropy,1,223.73839970999273
2365,c630c_00005,360,0.5618515462886572,entropy,1,223.73839970999273
2366,c630c_00005,361,0.5480887022175555,entropy,1,223.73839970999273
2367,c630c_00005,362,0.5203130078251956,entropy,1,223.73839970999273
2368,c630c_00005,363,0.5588389709742744,entropy,1,223.73839970999273
2369,c630c_00005,364,0.5995149878746968,entropy,1,223.73839970999273
2370,c630c_00005,365,0.5164754118852972,entropy,1,223.73839970999273
2371,c630c_00005,366,0.5356758918972975,entropy,1,223.73839970999273
2372,c630c_00005,367,0.5241631040776019,entropy,1,223.73839970999273
2373,c630c_00005,368,0.5488387209680242,entropy,1,223.73839970999273
2374,c630c_00005,369,0.5645641141028526,entropy,1,223.73839970999273
2375,c630c_00005,370,0.5102502562564064,entropy,1,223.73839970999273
2376,c630c_00005,371,0.5590139753493837,entropy,1,223.73839970999273
2377,c630c_00005,372,0.5388884722118052,entropy,1,223.73839970999273
2378,c630c_00005,373,0.5887397184929624,entropy,1,223.73839970999273
2379,c630c_00005,374,0.5821270531763294,entropy,1,223.73839970999273
2380,c630c_00005,375,0.507737693442336,entropy,1,223.73839970999273
2381,c630c_00005,376,0.516412910322758,entropy,1,223.73839970999273
2382,c630c_00005,377,0.5152503812595315,entropy,1,223.73839970999273
2383,c630c_00005,378,0.5888647216180405,entropy,1,223.73839970999273
2384,c630c_00005,379,0.502537563439086,entropy,1,223.73839970999273
2385,c630c_00005,380,0.6542163554088852,entropy,1,223.73839970999273
2386,c630c_00005,381,0.5075626890672267,entropy,1,223.73839970999273
2387,c630c_00005,382,0.48776219405485133,entropy,1,223.73839970999273
2388,c630c_00005,383,0.6070276756918923,entropy,1,223.73839970999273
2389,c630c_00005,384,0.6096652416310409,entropy,1,223.73839970999273
2390,c630c_00005,385,0.5068001700042502,entropy,1,223.73839970999273
2391,c630c_00005,386,0.5305382634565864,entropy,1,223.73839970999273
2392,c630c_00005,387,0.5074251856296408,entropy,1,223.73839970999273
2393,c630c_00005,388,0.5077876946923673,entropy,1,223.73839970999273
2394,c630c_00005,389,0.6217780444511113,entropy,1,223.73839970999273
2395,c630c_00005,390,0.6063526588164704,entropy,1,223.73839970999273
2396,c630c_00005,391,0.525225630640766,entropy,1,223.73839970999273
2397,c630c_00005,392,0.5029125728143203,entropy,1,223.73839970999273
2398,c630c_00005,393,0.5505137628440712,entropy,1,223.73839970999273
2399,c630c_00005,394,0.5915272881822046,entropy,1,223.73839970999273
2400,c630c_00005,395,0.5691892297307433,entropy,1,223.73839970999273
2401,c630c_00005,396,0.5215380384509612,entropy,1,223.73839970999273
2402,c630c_00005,397,0.5355758893972349,entropy,1,223.73839970999273
2403,c630c_00005,398,0.5924773119327983,entropy,1,223.73839970999273
2404,c630c_00005,399,0.5536138403460087,entropy,1,223.73839970999273
2405,c630c_00005,400,0.5388384709617741,entropy,1,223.73839970999273
2406,c630c_00006,0,0.5787894697367435,entropy,2,249.58123953098828
2407,c630c_00006,1,0.5688392209805245,entropy,2,249.58123953098828
2408,c630c_00006,2,0.5491637290932273,entropy,2,249.58123953098828
2409,c630c_00006,3,0.6382034550863772,entropy,2,249.58123953098828
2410,c630c_00006,4,0.6195154878871971,entropy,2,249.58123953098828
2411,c630c_00006,5,0.6378534463361584,entropy,2,249.58123953098828
2412,c630c_00006,6,0.6275031875796895,entropy,2,249.58123953098828
2413,c630c_00006,7,0.5640141003525088,entropy,2,249.58123953098828
2414,c630c_00006,8,0.6019025475636891,entropy,2,249.58123953098828
2415,c630c_00006,9,0.6245906147653691,entropy,2,249.58123953098828
2416,c630c_00006,10,0.6130278256956424,entropy,2,249.58123953098828
2417,c630c_00006,11,0.5744393609840246,entropy,2,249.58123953098828
2418,c630c_00006,12,0.6164029100727518,entropy,2,249.58123953098828
2419,c630c_00006,13,0.6357408935223381,entropy,2,249.58123953098828
2420,c630c_00006,14,0.5971524288107202,entropy,2,249.58123953098828
2421,c630c_00006,15,0.5931273281832046,entropy,2,249.58123953098828
2422,c630c_00006,16,0.6454661366534163,entropy,2,249.58123953098828
2423,c630c_00006,17,0.5574264356608916,entropy,2,249.58123953098828
2424,c630c_00006,18,0.5412510312757819,entropy,2,249.58123953098828
2425,c630c_00006,19,0.6184279606990175,entropy,2,249.58123953098828
2426,c630c_00006,20,0.594564864121603,entropy,2,249.58123953098828
2427,c630c_00006,21,0.5288507212680317,entropy,2,249.58123953098828
2428,c630c_00006,22,0.5772019300482512,entropy,2,249.58123953098828
2429,c630c_00006,23,0.5857396434910873,entropy,2,249.58123953098828
2430,c630c_00006,24,0.5419510487762194,entropy,2,249.58123953098828
2431,c630c_00006,25,0.5803645091127279,entropy,2,249.58123953098828
2432,c630c_00006,26,0.6352158803970099,entropy,2,249.58123953098828
2433,c630c_00006,27,0.5464886622165555,entropy,2,249.58123953098828
2434,c630c_00006,28,0.6111902797569939,entropy,2,249.58123953098828
2435,c630c_00006,29,0.5653891347283682,entropy,2,249.58123953098828
2436,c630c_00006,30,0.6049651241281032,entropy,2,249.58123953098828
2437,c630c_00006,31,0.5721768044201105,entropy,2,249.58123953098828
2438,c630c_00006,32,0.6157903947598691,entropy,2,249.58123953098828
2439,c630c_00006,33,0.5059001475036876,entropy,2,249.58123953098828
2440,c630c_00006,34,0.5384259606490163,entropy,2,249.58123953098828
2441,c630c_00006,35,0.5585264631615791,entropy,2,249.58123953098828
2442,c630c_00006,36,0.613252831320783,entropy,2,249.58123953098828
2443,c630c_00006,37,0.568276706917673,entropy,2,249.58123953098828
2444,c630c_00006,38,0.6795419885497138,entropy,2,249.58123953098828
2445,c630c_00006,39,0.6130278256956424,entropy,2,249.58123953098828
2446,c630c_00006,40,0.6829045726143154,entropy,2,249.58123953098828
2447,c630c_00006,41,0.5760644016100402,entropy,2,249.58123953098828
2448,c630c_00006,42,0.6278281957048926,entropy,2,249.58123953098828
2449,c630c_00006,43,0.6245406135153379,entropy,2,249.58123953098828
2450,c630c_00006,44,0.6944923623090578,entropy,2,249.58123953098828
2451,c630c_00006,45,0.5769769244231105,entropy,2,249.58123953098828
2452,c630c_00006,46,0.5645391134778369,entropy,2,249.58123953098828
2453,c630c_00006,47,0.6197154928873222,entropy,2,249.58123953098828
2454,c630c_00006,48,0.5865021625540638,entropy,2,249.58123953098828
2455,c630c_00006,49,0.5113252831320783,entropy,2,249.58123953098828
2456,c630c_00006,50,0.5373509337733443,entropy,2,249.58123953098828
2457,c630c_00006,51,0.6379784494612365,entropy,2,249.58123953098828
2458,c630c_00006,52,0.5558388959723993,entropy,2,249.58123953098828
2459,c630c_00006,53,0.7248181204530113,entropy,2,249.58123953098828
2460,c630c_00006,54,0.5799644991124778,entropy,2,249.58123953098828
2461,c630c_00006,55,0.6107402685067127,entropy,2,249.58123953098828
2462,c630c_00006,56,0.609115227880697,entropy,2,249.58123953098828
2463,c630c_00006,57,0.65310382759569,entropy,2,249.58123953098828
2464,c630c_00006,58,0.5633265831645792,entropy,2,249.58123953098828
2465,c630c_00006,59,0.5771269281732043,entropy,2,249.58123953098828
2466,c630c_00006,60,0.6160154003850096,entropy,2,249.58123953098828
2467,c630c_00006,61,0.5496137403435086,entropy,2,249.58123953098828
2468,c630c_00006,62,0.6260156503912598,entropy,2,249.58123953098828
2469,c630c_00006,63,0.5454386359658991,entropy,2,249.58123953098828
2470,c630c_00006,64,0.6610415260381509,entropy,2,249.58123953098828
2471,c630c_00006,65,0.5505387634690867,entropy,2,249.58123953098828
2472,c630c_00006,66,0.6215780394509862,entropy,2,249.58123953098828
2473,c630c_00006,67,0.7256181404535114,entropy,2,249.58123953098828
2474,c630c_00006,68,0.6049401235030876,entropy,2,249.58123953098828
2475,c630c_00006,69,0.6449661241531038,entropy,2,249.58123953098828
2476,c630c_00006,70,0.6130028250706268,entropy,2,249.58123953098828
2477,c630c_00006,71,0.6482537063426586,entropy,2,249.58123953098828
2478,c630c_00006,72,0.6019775494387359,entropy,2,249.58123953098828
2479,c630c_00006,73,0.6126778169454237,entropy,2,249.58123953098828
2480,c630c_00006,74,0.6271781794544864,entropy,2,249.58123953098828
2481,c630c_00006,75,0.5951398784969624,entropy,2,249.58123953098828
2482,c630c_00006,76,0.5714517862946573,entropy,2,249.58123953098828
2483,c630c_00006,77,0.5942398559964,entropy,2,249.58123953098828
2484,c630c_00006,78,0.5495137378434461,entropy,2,249.58123953098828
2485,c630c_00006,79,0.6333033325833146,entropy,2,249.58123953098828
2486,c630c_00006,80,0.6029525738143453,entropy,2,249.58123953098828
2487,c630c_00006,81,0.6549413735343383,entropy,2,249.58123953098828
2488,c630c_00006,82,0.5598139953498837,entropy,2,249.58123953098828
2489,c630c_00006,83,0.6922798069951749,entropy,2,249.58123953098828
2490,c630c_00006,84,0.5189379734493362,entropy,2,249.58123953098828
2491,c630c_00006,85,0.6207155178879472,entropy,2,249.58123953098828
2492,c630c_00006,86,0.6177779444486112,entropy,2,249.58123953098828
2493,c630c_00006,87,0.630340758518963,entropy,2,249.58123953098828
2494,c630c_00006,88,0.5516262906572664,entropy,2,249.58123953098828
2495,c630c_00006,89,0.6726293157328933,entropy,2,249.58123953098828
2496,c630c_00006,90,0.5708892722318057,entropy,2,249.58123953098828
2497,c630c_00006,91,0.6784794619865497,entropy,2,249.58123953098828
2498,c630c_00006,92,0.6045651141278532,entropy,2,249.58123953098828
2499,c630c_00006,93,0.5740893522338059,entropy,2,249.58123953098828
2500,c630c_00006,94,0.6210405260131504,entropy,2,249.58123953098828
2501,c630c_00006,95,0.6379534488362208,entropy,2,249.58123953098828
2502,c630c_00006,96,0.6252156303907598,entropy,2,249.58123953098828
2503,c630c_00006,97,0.5912397809945249,entropy,2,249.58123953098828
2504,c630c_00006,98,0.6035525888147204,entropy,2,249.58123953098828
2505,c630c_00006,99,0.6260156503912598,entropy,2,249.58123953098828
2506,c630c_00006,100,0.6284532113302832,entropy,2,249.58123953098828
2507,c630c_00006,101,0.7255931398284957,entropy,2,249.58123953098828
2508,c630c_00006,102,0.6034525863146578,entropy,2,249.58123953098828
2509,c630c_00006,103,0.6210655266381659,entropy,2,249.58123953098828
2510,c630c_00006,104,0.5965149128728218,entropy,2,249.58123953098828
2511,c630c_00006,105,0.7108927723193079,entropy,2,249.58123953098828
2512,c630c_00006,106,0.6285032125803145,entropy,2,249.58123953098828
2513,c630c_00006,107,0.5996899922498062,entropy,2,249.58123953098828
2514,c630c_00006,108,0.6355658891472287,entropy,2,249.58123953098828
2515,c630c_00006,109,0.5202630065751643,entropy,2,249.58123953098828
2516,c630c_00006,110,0.605315132878322,entropy,2,249.58123953098828
2517,c630c_00006,111,0.6622790569764244,entropy,2,249.58123953098828
2518,c630c_00006,112,0.608915222880572,entropy,2,249.58123953098828
2519,c630c_00006,113,0.5231005775144378,entropy,2,249.58123953098828
2520,c630c_00006,114,0.6056901422535563,entropy,2,249.58123953098828
2521,c630c_00006,115,0.5846646166154155,entropy,2,249.58123953098828
2522,c630c_00006,116,0.5890897272431811,entropy,2,249.58123953098828
2523,c630c_00006,117,0.618452961324033,entropy,2,249.58123953098828
2524,c630c_00006,118,0.6111652791319783,entropy,2,249.58123953098828
2525,c630c_00006,119,0.597702442561064,entropy,2,249.58123953098828
2526,c630c_00006,120,0.628803220080502,entropy,2,249.58123953098828
2527,c630c_00006,121,0.6162154053851346,entropy,2,249.58123953098828
2528,c630c_00006,122,0.6552163804095102,entropy,2,249.58123953098828
2529,c630c_00006,123,0.5757393934848372,entropy,2,249.58123953098828
2530,c630c_00006,124,0.6008150203755094,entropy,2,249.58123953098828
2531,c630c_00006,125,0.5930773269331733,entropy,2,249.58123953098828
2532,c630c_00006,126,0.5402885072126804,entropy,2,249.58123953098828
2533,c630c_00006,127,0.6858171454286357,entropy,2,249.58123953098828
2534,c630c_00006,128,0.628803220080502,entropy,2,249.58123953098828
2535,c630c_00006,129,0.6331283282082052,entropy,2,249.58123953098828
2536,c630c_00006,130,0.6309157728943223,entropy,2,249.58123953098828
2537,c630c_00006,131,0.6337283432085803,entropy,2,249.58123953098828
2538,c630c_00006,132,0.6264156603915099,entropy,2,249.58123953098828
2539,c630c_00006,133,0.6004150103752594,entropy,2,249.58123953098828
2540,c630c_00006,134,0.7001175029375735,entropy,2,249.58123953098828
2541,c630c_00006,135,0.6398409960249006,entropy,2,249.58123953098828
2542,c630c_00006,136,0.6523288082202054,entropy,2,249.58123953098828
2543,c630c_00006,137,0.6336533413335333,entropy,2,249.58123953098828
2544,c630c_00006,138,0.6462161554038851,entropy,2,249.58123953098828
2545,c630c_00006,139,0.6283032075801895,entropy,2,249.58123953098828
2546,c630c_00006,140,0.6319532988324708,entropy,2,249.58123953098828
2547,c630c_00006,141,0.54337608440211,entropy,2,249.58123953098828
2548,c630c_00006,142,0.6178779469486737,entropy,2,249.58123953098828
2549,c630c_00006,143,0.5886522163054076,entropy,2,249.58123953098828
2550,c630c_00006,144,0.6624290607265182,entropy,2,249.58123953098828
2551,c630c_00006,145,0.6311657791444786,entropy,2,249.58123953098828
2552,c630c_00006,146,0.620865521638041,entropy,2,249.58123953098828
2553,c630c_00006,147,0.641016025400635,entropy,2,249.58123953098828
2554,c630c_00006,148,0.596039900997525,entropy,2,249.58123953098828
2555,c630c_00006,149,0.635940898522463,entropy,2,249.58123953098828
2556,c630c_00006,150,0.6305657641441036,entropy,2,249.58123953098828
2557,c630c_00006,151,0.6531288282207055,entropy,2,249.58123953098828
2558,c630c_00006,152,0.6033025825645641,entropy,2,249.58123953098828
2559,c630c_00006,153,0.6655916397909947,entropy,2,249.58123953098828
2560,c630c_00006,154,0.7382309557738944,entropy,2,249.58123953098828
2561,c630c_00006,155,0.5639765994149853,entropy,2,249.58123953098828
2562,c630c_00006,156,0.6061901547538688,entropy,2,249.58123953098828
2563,c630c_00006,157,0.6751918797969949,entropy,2,249.58123953098828
2564,c630c_00006,158,0.6138778469461736,entropy,2,249.58123953098828
2565,c630c_00006,159,0.6957923948098703,entropy,2,249.58123953098828
2566,c630c_00006,160,0.5536763419085478,entropy,2,249.58123953098828
2567,c630c_00006,161,0.6307657691442285,entropy,2,249.58123953098828
2568,c630c_00006,162,0.5909397734943374,entropy,2,249.58123953098828
2569,c630c_00006,163,0.6210655266381659,entropy,2,249.58123953098828
2570,c630c_00006,164,0.610715267881697,entropy,2,249.58123953098828
2571,c630c_00006,165,0.6435035875896897,entropy,2,249.58123953098828
2572,c630c_00006,166,0.6779794494862372,entropy,2,249.58123953098828
2573,c630c_00006,167,0.6158653966349159,entropy,2,249.58123953098828
2574,c630c_00006,168,0.5828770719267982,entropy,2,249.58123953098828
2575,c630c_00006,169,0.6273531838295958,entropy,2,249.58123953098828
2576,c630c_00006,170,0.6432285807145178,entropy,2,249.58123953098828
2577,c630c_00006,171,0.6311157778944474,entropy,2,249.58123953098828
2578,c630c_00006,172,0.6286532163304083,entropy,2,249.58123953098828
2579,c630c_00006,173,0.5665891647291182,entropy,2,249.58123953098828
2580,c630c_00006,174,0.6429035725893147,entropy,2,249.58123953098828
2581,c630c_00006,175,0.5875771894297357,entropy,2,249.58123953098828
2582,c630c_00006,176,0.6154653866346658,entropy,2,249.58123953098828
2583,c630c_00006,177,0.5880772019300483,entropy,2,249.58123953098828
2584,c630c_00006,178,0.6386534663366584,entropy,2,249.58123953098828
2585,c630c_00006,179,0.5637765944148604,entropy,2,249.58123953098828
2586,c630c_00006,180,0.6405410135253382,entropy,2,249.58123953098828
2587,c630c_00006,181,0.6175529388234706,entropy,2,249.58123953098828
2588,c630c_00006,182,0.6680542013550339,entropy,2,249.58123953098828
2589,c630c_00006,183,0.6779544488612215,entropy,2,249.58123953098828
2590,c630c_00006,184,0.6128028200705018,entropy,2,249.58123953098828
2591,c630c_00006,185,0.6553413835345884,entropy,2,249.58123953098828
2592,c630c_00006,186,0.6210905272631816,entropy,2,249.58123953098828
2593,c630c_00006,187,0.6011400285007126,entropy,2,249.58123953098828
2594,c630c_00006,188,0.6159153978849471,entropy,2,249.58123953098828
2595,c630c_00006,189,0.6183279581989549,entropy,2,249.58123953098828
2596,c630c_00006,190,0.640616015400385,entropy,2,249.58123953098828
2597,c630c_00006,191,0.6386784669616741,entropy,2,249.58123953098828
2598,c630c_00006,192,0.6407160179004475,entropy,2,249.58123953098828
2599,c630c_00006,193,0.6004150103752594,entropy,2,249.58123953098828
2600,c630c_00006,194,0.7025300632515813,entropy,2,249.58123953098828
2601,c630c_00006,195,0.6033525838145953,entropy,2,249.58123953098828
2602,c630c_00006,196,0.6203655091377285,entropy,2,249.58123953098828
2603,c630c_00006,197,0.6162654066351658,entropy,2,249.58123953098828
2604,c630c_00006,198,0.6037650941273531,entropy,2,249.58123953098828
2605,c630c_00006,199,0.6451161279031976,entropy,2,249.58123953098828
2606,c630c_00006,200,0.6480037000925023,entropy,2,249.58123953098828
2607,c630c_00006,201,0.6000650016250406,entropy,2,249.58123953098828
2608,c630c_00006,202,0.6559913997849947,entropy,2,249.58123953098828
2609,c630c_00006,203,0.6476286907172679,entropy,2,249.58123953098828
2610,c630c_00006,204,0.5900397509937749,entropy,2,249.58123953098828
2611,c630c_00006,205,0.6804920123003075,entropy,2,249.58123953098828
2612,c630c_00006,206,0.5877271931798295,entropy,2,249.58123953098828
2613,c630c_00006,207,0.611852796319908,entropy,2,249.58123953098828
2614,c630c_00006,208,0.6578039450986275,entropy,2,249.58123953098828
2615,c630c_00006,209,0.6324033100827521,entropy,2,249.58123953098828
2616,c630c_00006,210,0.615590389759744,entropy,2,249.58123953098828
2617,c630c_00006,211,0.5618390459761494,entropy,2,249.58123953098828
2618,c630c_00006,212,0.5721768044201105,entropy,2,249.58123953098828
2619,c630c_00006,213,0.6041901047526188,entropy,2,249.58123953098828
2620,c630c_00006,214,0.667379184479612,entropy,2,249.58123953098828
2621,c630c_00006,215,0.6659416485412135,entropy,2,249.58123953098828
2622,c630c_00006,216,0.6102652566314157,entropy,2,249.58123953098828
2623,c630c_00006,217,0.5675266881672042,entropy,2,249.58123953098828
2624,c630c_00006,218,0.6275781894547363,entropy,2,249.58123953098828
2625,c630c_00006,219,0.5777019425485637,entropy,2,249.58123953098828
2626,c630c_00006,220,0.6834795869896748,entropy,2,249.58123953098828
2627,c630c_00006,221,0.5422510562764069,entropy,2,249.58123953098828
2628,c630c_00006,222,0.7097677441936048,entropy,2,249.58123953098828
2629,c630c_00006,223,0.6549413735343383,entropy,2,249.58123953098828
2630,c630c_00006,224,0.6099652491312282,entropy,2,249.58123953098828
2631,c630c_00006,225,0.6923048076201905,entropy,2,249.58123953098828
2632,c630c_00006,226,0.6084277106927674,entropy,2,249.58123953098828
2633,c630c_00006,227,0.6311407785194629,entropy,2,249.58123953098828
2634,c630c_00006,228,0.6192904822620565,entropy,2,249.58123953098828
2635,c630c_00006,229,0.6102902572564315,entropy,2,249.58123953098828
2636,c630c_00006,230,0.6576789419735494,entropy,2,249.58123953098828
2637,c630c_00006,231,0.6437285932148303,entropy,2,249.58123953098828
2638,c630c_00006,232,0.582427060676517,entropy,2,249.58123953098828
2639,c630c_00006,233,0.6261656541413535,entropy,2,249.58123953098828
2640,c630c_00006,234,0.610715267881697,entropy,2,249.58123953098828
2641,c630c_00006,235,0.5976024400610016,entropy,2,249.58123953098828
2642,c630c_00006,236,0.6159653991349784,entropy,2,249.58123953098828
2643,c630c_00006,237,0.605315132878322,entropy,2,249.58123953098828
2644,c630c_00006,238,0.5963149078726968,entropy,2,249.58123953098828
2645,c630c_00006,239,0.6054901372534314,entropy,2,249.58123953098828
2646,c630c_00006,240,0.6951673791844797,entropy,2,249.58123953098828
2647,c630c_00006,241,0.6577289432235807,entropy,2,249.58123953098828
2648,c630c_00006,242,0.6133528338208455,entropy,2,249.58123953098828
2649,c630c_00006,243,0.6778044451111278,entropy,2,249.58123953098828
2650,c630c_00006,244,0.6182779569489237,entropy,2,249.58123953098828
2651,c630c_00006,245,0.6312157803945099,entropy,2,249.58123953098828
2652,c630c_00006,246,0.6411660291507287,entropy,2,249.58123953098828
2653,c630c_00006,247,0.6099902497562439,entropy,2,249.58123953098828
2654,c630c_00006,248,0.5599889997249932,entropy,2,249.58123953098828
2655,c630c_00006,249,0.5804395109877747,entropy,2,249.58123953098828
2656,c630c_00006,250,0.5699642491062277,entropy,2,249.58123953098828
2657,c630c_00006,251,0.6279031975799394,entropy,2,249.58123953098828
2658,c630c_00006,252,0.7630315757893947,entropy,2,249.58123953098828
2659,c630c_00006,253,0.6432535813395335,entropy,2,249.58123953098828
2660,c630c_00006,254,0.6182029550738768,entropy,2,249.58123953098828
2661,c630c_00006,255,0.6532788319707993,entropy,2,249.58123953098828
2662,c630c_00006,256,0.6106152653816346,entropy,2,249.58123953098828
2663,c630c_00006,257,0.6501662541563539,entropy,2,249.58123953098828
2664,c630c_00006,258,0.6533038325958149,entropy,2,249.58123953098828
2665,c630c_00006,259,0.5919522988074701,entropy,2,249.58123953098828
2666,c630c_00006,260,0.6231780794519863,entropy,2,249.58123953098828
2667,c630c_00006,261,0.6232530813270332,entropy,2,249.58123953098828
2668,c630c_00006,262,0.5858396459911498,entropy,2,249.58123953098828
2669,c630c_00006,263,0.6000900022500563,entropy,2,249.58123953098828
2670,c630c_00006,264,0.643353583839596,entropy,2,249.58123953098828
2671,c630c_00006,265,0.6384534613365335,entropy,2,249.58123953098828
2672,c630c_00006,266,0.6499412485312133,entropy,2,249.58123953098828
2673,c630c_00006,267,0.6281532038300958,entropy,2,249.58123953098828
2674,c630c_00006,268,0.64441611040276,entropy,2,249.58123953098828
2675,c630c_00006,269,0.6079776994424861,entropy,2,249.58123953098828
2676,c630c_00006,270,0.6556913922848071,entropy,2,249.58123953098828
2677,c630c_00006,271,0.6258156453911348,entropy,2,249.58123953098828
2678,c630c_00006,272,0.6760419010475263,entropy,2,249.58123953098828
2679,c630c_00006,273,0.6658666466661667,entropy,2,249.58123953098828
2680,c630c_00006,274,0.6049651241281032,entropy,2,249.58123953098828
2681,c630c_00006,275,0.5622515562889072,entropy,2,249.58123953098828
2682,c630c_00006,276,0.5615015375384385,entropy,2,249.58123953098828
2683,c630c_00006,277,0.677454436360909,entropy,2,249.58123953098828
2684,c630c_00006,278,0.6780294507362683,entropy,2,249.58123953098828
2685,c630c_00006,279,0.6144903622590565,entropy,2,249.58123953098828
2686,c630c_00006,280,0.6104152603815096,entropy,2,249.58123953098828
2687,c630c_00006,281,0.5710142753568839,entropy,2,249.58123953098828
2688,c630c_00006,282,0.6259906497662442,entropy,2,249.58123953098828
2689,c630c_00006,283,0.652103802595065,entropy,2,249.58123953098828
2690,c630c_00006,284,0.6162154053851346,entropy,2,249.58123953098828
2691,c630c_00006,285,0.6085277131928298,entropy,2,249.58123953098828
2692,c630c_00006,286,0.6400410010250257,entropy,2,249.58123953098828
2693,c630c_00006,287,0.6860421510537763,entropy,2,249.58123953098828
2694,c630c_00006,288,0.6286532163304083,entropy,2,249.58123953098828
2695,c630c_00006,289,0.6182029550738768,entropy,2,249.58123953098828
2696,c630c_00006,290,0.6809670241756044,entropy,2,249.58123953098828
2697,c630c_00006,291,0.6850421260531514,entropy,2,249.58123953098828
2698,c630c_00006,292,0.5952148803720093,entropy,2,249.58123953098828
2699,c630c_00006,293,0.6474786869671743,entropy,2,249.58123953098828
2700,c630c_00006,294,0.6276281907047676,entropy,2,249.58123953098828
2701,c630c_00006,295,0.7058676466911673,entropy,2,249.58123953098828
2702,c630c_00006,296,0.650291257281432,entropy,2,249.58123953098828
2703,c630c_00006,297,0.5827020675516887,entropy,2,249.58123953098828
2704,c630c_00006,298,0.6358158953973849,entropy,2,249.58123953098828
2705,c630c_00006,299,0.6156903922598065,entropy,2,249.58123953098828
2706,c630c_00006,300,0.7046426160654016,entropy,2,249.58123953098828
2707,c630c_00006,301,0.5825270631765794,entropy,2,249.58123953098828
2708,c630c_00006,302,0.6849921248031201,entropy,2,249.58123953098828
2709,c630c_00006,303,0.6828545713642842,entropy,2,249.58123953098828
2710,c630c_00006,304,0.6400910022750568,entropy,2,249.58123953098828
2711,c630c_00006,305,0.6104152603815096,entropy,2,249.58123953098828
2712,c630c_00006,306,0.6206155153878847,entropy,2,249.58123953098828
2713,c630c_00006,307,0.6996674916872921,entropy,2,249.58123953098828
2714,c630c_00006,308,0.6482537063426586,entropy,2,249.58123953098828
2715,c630c_00006,309,0.5812145303632591,entropy,2,249.58123953098828
2716,c630c_00006,310,0.6180279506987675,entropy,2,249.58123953098828
2717,c630c_00006,311,0.6600915022875572,entropy,2,249.58123953098828
2718,c630c_00006,312,0.5803645091127279,entropy,2,249.58123953098828
2719,c630c_00006,313,0.6059401485037126,entropy,2,249.58123953098828
2720,c630c_00006,314,0.6401910047751194,entropy,2,249.58123953098828
2721,c630c_00006,315,0.6234280857021426,entropy,2,249.58123953098828
2722,c630c_00006,316,0.705417635440886,entropy,2,249.58123953098828
2723,c630c_00006,317,0.6353408835220881,entropy,2,249.58123953098828
2724,c630c_00006,318,0.579289482237056,entropy,2,249.58123953098828
2725,c630c_00006,319,0.6179029475736894,entropy,2,249.58123953098828
2726,c630c_00006,320,0.6529038225955648,entropy,2,249.58123953098828
2727,c630c_00006,321,0.5752393809845247,entropy,2,249.58123953098828
2728,c630c_00006,322,0.5673016825420636,entropy,2,249.58123953098828
2729,c630c_00006,323,0.6211155278881972,entropy,2,249.58123953098828
2730,c630c_00006,324,0.6956423910597764,entropy,2,249.58123953098828
2731,c630c_00006,325,0.6348158703967599,entropy,2,249.58123953098828
2732,c630c_00006,326,0.6735043376084402,entropy,2,249.58123953098828
2733,c630c_00006,327,0.606315157878947,entropy,2,249.58123953098828
2734,c630c_00006,328,0.5698392459811495,entropy,2,249.58123953098828
2735,c630c_00006,329,0.6080777019425485,entropy,2,249.58123953098828
2736,c630c_00006,330,0.597502437560939,entropy,2,249.58123953098828
2737,c630c_00006,331,0.645291132278307,entropy,2,249.58123953098828
2738,c630c_00006,332,0.6879296982424561,entropy,2,249.58123953098828
2739,c630c_00006,333,0.6230780769519237,entropy,2,249.58123953098828
2740,c630c_00006,334,0.6903172579314483,entropy,2,249.58123953098828
2741,c630c_00006,335,0.6634540863521589,entropy,2,249.58123953098828
2742,c630c_00006,336,0.6481287032175804,entropy,2,249.58123953098828
2743,c630c_00006,337,0.6623040576014401,entropy,2,249.58123953098828
2744,c630c_00006,338,0.6432035800895022,entropy,2,249.58123953098828
2745,c630c_00006,339,0.5753393834845871,entropy,2,249.58123953098828
2746,c630c_00006,340,0.6373284332108302,entropy,2,249.58123953098828
2747,c630c_00006,341,0.6082527063176579,entropy,2,249.58123953098828
2748,c630c_00006,342,0.6324533113327833,entropy,2,249.58123953098828
2749,c630c_00006,343,0.7301432535813395,entropy,2,249.58123953098828
2750,c630c_00006,344,0.6276031900797521,entropy,2,249.58123953098828
2751,c630c_00006,345,0.5645391134778369,entropy,2,249.58123953098828
2752,c630c_00006,346,0.6198154953873847,entropy,2,249.58123953098828
2753,c630c_00006,347,0.5776769419235481,entropy,2,249.58123953098828
2754,c630c_00006,348,0.6000150003750093,entropy,2,249.58123953098828
2755,c630c_00006,349,0.692404810120253,entropy,2,249.58123953098828
2756,c630c_00006,350,0.6083027075676892,entropy,2,249.58123953098828
2757,c630c_00006,351,0.6424785619640492,entropy,2,249.58123953098828
2758,c630c_00006,352,0.6446411160279006,entropy,2,249.58123953098828
2759,c630c_00006,353,0.5712392809820246,entropy,2,249.58123953098828
2760,c630c_00006,354,0.5923273081827045,entropy,2,249.58123953098828
2761,c630c_00006,355,0.7123303082577065,entropy,2,249.58123953098828
2762,c630c_00006,356,0.5875771894297357,entropy,2,249.58123953098828
2763,c630c_00006,357,0.6452411310282757,entropy,2,249.58123953098828
2764,c630c_00006,358,0.6676541913547839,entropy,2,249.58123953098828
2765,c630c_00006,359,0.6931048276206905,entropy,2,249.58123953098828
2766,c630c_00006,360,0.6393659841496038,entropy,2,249.58123953098828
2767,c630c_00006,361,0.6824795619890498,entropy,2,249.58123953098828
2768,c630c_00006,362,0.6276281907047676,entropy,2,249.58123953098828
2769,c630c_00006,363,0.6523538088452212,entropy,2,249.58123953098828
2770,c630c_00006,364,0.6759668991724793,entropy,2,249.58123953098828
2771,c630c_00006,365,0.619790494762369,entropy,2,249.58123953098828
2772,c630c_00006,366,0.6251906297657441,entropy,2,249.58123953098828
2773,c630c_00006,367,0.7433060826520663,entropy,2,249.58123953098828
2774,c630c_00006,368,0.6077526938173454,entropy,2,249.58123953098828
2775,c630c_00006,369,0.6421035525888148,entropy,2,249.58123953098828
2776,c630c_00006,370,0.6698167454186355,entropy,2,249.58123953098828
2777,c630c_00006,371,0.6873796844921123,entropy,2,249.58123953098828
2778,c630c_00006,372,0.602377559438986,entropy,2,249.58123953098828
2779,c630c_00006,373,0.6343908597714942,entropy,2,249.58123953098828
2780,c630c_00006,374,0.5924273106827671,entropy,2,249.58123953098828
2781,c630c_00006,375,0.6557663941598539,entropy,2,249.58123953098828
2782,c630c_00006,376,0.6623540588514713,entropy,2,249.58123953098828
2783,c630c_00006,377,0.6177529438235956,entropy,2,249.58123953098828
2784,c630c_00006,378,0.775094377359434,entropy,2,249.58123953098828
2785,c630c_00006,379,0.6634790869771744,entropy,2,249.58123953098828
2786,c630c_00006,380,0.6948173704342608,entropy,2,249.58123953098828
2787,c630c_00006,381,0.6508412710317758,entropy,2,249.58123953098828
2788,c630c_00006,382,0.5418010450261257,entropy,2,249.58123953098828
2789,c630c_00006,383,0.6432535813395335,entropy,2,249.58123953098828
2790,c630c_00006,384,0.6144903622590565,entropy,2,249.58123953098828
2791,c630c_00006,385,0.6979299482487062,entropy,2,249.58123953098828
2792,c630c_00006,386,0.6277781944548613,entropy,2,249.58123953098828
2793,c630c_00006,387,0.6210905272631816,entropy,2,249.58123953098828
2794,c630c_00006,388,0.6727293182329559,entropy,2,249.58123953098828
2795,c630c_00006,389,0.6172779319482987,entropy,2,249.58123953098828
2796,c630c_00006,390,0.5927273181829545,entropy,2,249.58123953098828
2797,c630c_00006,391,0.6805670141753544,entropy,2,249.58123953098828
2798,c630c_00006,392,0.7101427535688392,entropy,2,249.58123953098828
2799,c630c_00006,393,0.6609165229130728,entropy,2,249.58123953098828
2800,c630c_00006,394,0.6649916247906198,entropy,2,249.58123953098828
2801,c630c_00006,395,0.7650191254781369,entropy,2,249.58123953098828
2802,c630c_00006,396,0.7126053151328783,entropy,2,249.58123953098828
2803,c630c_00006,397,0.6875296882422061,entropy,2,249.58123953098828
2804,c630c_00006,398,0.7099677491937298,entropy,2,249.58123953098828
2805,c630c_00006,399,0.5424760619015475,entropy,2,249.58123953098828
2806,c630c_00006,400,0.6401660041501038,entropy,2,249.58123953098828
2807,c630c_00007,0,0.5162629065726643,entropy,3,223.15998524963123
2808,c630c_00007,1,0.5639515987899697,entropy,3,223.15998524963123
2809,c630c_00007,2,0.5378009450236256,entropy,3,223.15998524963123
2810,c630c_00007,3,0.6058401460036501,entropy,3,223.15998524963123
2811,c630c_00007,4,0.6056651416285407,entropy,3,223.15998524963123
2812,c630c_00007,5,0.5458136453411335,entropy,3,223.15998524963123
2813,c630c_00007,6,0.4944498612465312,entropy,3,223.15998524963123
2814,c630c_00007,7,0.6212655316382909,entropy,3,223.15998524963123
2815,c630c_00007,8,0.5783269581739543,entropy,3,223.15998524963123
2816,c630c_00007,9,0.6119777994449861,entropy,3,223.15998524963123
2817,c630c_00007,10,0.5210630265756644,entropy,3,223.15998524963123
2818,c630c_00007,11,0.5907397684942124,entropy,3,223.15998524963123
2819,c630c_00007,12,0.5294007350183755,entropy,3,223.15998524963123
2820,c630c_00007,13,0.5393509837745945,entropy,3,223.15998524963123
2821,c630c_00007,14,0.5935523388084702,entropy,3,223.15998524963123
2822,c630c_00007,15,0.5581514537863447,entropy,3,223.15998524963123
2823,c630c_00007,16,0.5608890222255556,entropy,3,223.15998524963123
2824,c630c_00007,17,0.5734268356708918,entropy,3,223.15998524963123
2825,c630c_00007,18,0.5631765794144854,entropy,3,223.15998524963123
2826,c630c_00007,19,0.5363634090852272,entropy,3,223.15998524963123
2827,c630c_00007,20,0.5411385284632115,entropy,3,223.15998524963123
2828,c630c_00007,21,0.5587264681617041,entropy,3,223.15998524963123
2829,c630c_00007,22,0.49959998999974997,entropy,3,223.15998524963123
2830,c630c_00007,23,0.5712392809820246,entropy,3,223.15998524963123
2831,c630c_00007,24,0.5986524663116578,entropy,3,223.15998524963123
2832,c630c_00007,25,0.5611890297257431,entropy,3,223.15998524963123
2833,c630c_00007,26,0.49827495687392187,entropy,3,223.15998524963123
2834,c630c_00007,27,0.5882772069301733,entropy,3,223.15998524963123
2835,c630c_00007,28,0.5342008550213755,entropy,3,223.15998524963123
2836,c630c_00007,29,0.5837270931773295,entropy,3,223.15998524963123
2837,c630c_00007,30,0.6202405060126503,entropy,3,223.15998524963123
2838,c630c_00007,31,0.5378509462736568,entropy,3,223.15998524963123
2839,c630c_00007,32,0.6015275381884547,entropy,3,223.15998524963123
2840,c630c_00007,33,0.5528763219080477,entropy,3,223.15998524963123
2841,c630c_00007,34,0.5050876271906798,entropy,3,223.15998524963123
2842,c630c_00007,35,0.5352133803345083,entropy,3,223.15998524963123
2843,c630c_00007,36,0.5434010850271257,entropy,3,223.15998524963123
2844,c630c_00007,37,0.5837020925523138,entropy,3,223.15998524963123
2845,c630c_00007,38,0.5586264656616415,entropy,3,223.15998524963123
2846,c630c_00007,39,0.5318632965824146,entropy,3,223.15998524963123
2847,c630c_00007,40,0.5595014875371884,entropy,3,223.15998524963123
2848,c630c_00007,41,0.5556638915972899,entropy,3,223.15998524963123
2849,c630c_00007,42,0.512475311882797,entropy,3,223.15998524963123
2850,c630c_00007,43,0.5625265631640791,entropy,3,223.15998524963123
2851,c630c_00007,44,0.5508637715942899,entropy,3,223.15998524963123
2852,c630c_00007,45,0.4719242981074527,entropy,3,223.15998524963123
2853,c630c_00007,46,0.5382259556488912,entropy,3,223.15998524963123
2854,c630c_00007,47,0.5828770719267982,entropy,3,223.15998524963123
2855,c630c_00007,48,0.5447636190904772,entropy,3,223.15998524963123
2856,c630c_00007,49,0.5309632740818521,entropy,3,223.15998524963123
2857,c630c_00007,50,0.5530513262831571,entropy,3,223.15998524963123
2858,c630c_00007,51,0.5819270481762044,entropy,3,223.15998524963123
2859,c630c_00007,52,0.5705142628565714,entropy,3,223.15998524963123
2860,c630c_00007,53,0.5446886172154304,entropy,3,223.15998524963123
2861,c630c_00007,54,0.5590264756618916,entropy,3,223.15998524963123
2862,c630c_00007,55,0.5371634290857271,entropy,3,223.15998524963123
2863,c630c_00007,56,0.5447386184654617,entropy,3,223.15998524963123
2864,c630c_00007,57,0.6207655191379784,entropy,3,223.15998524963123
2865,c630c_00007,58,0.5558138953473837,entropy,3,223.15998524963123
2866,c630c_00007,59,0.5750893772344309,entropy,3,223.15998524963123
2867,c630c_00007,60,0.5126753168829221,entropy,3,223.15998524963123
2868,c630c_00007,61,0.590564764119103,entropy,3,223.15998524963123
2869,c630c_00007,62,0.5557138928473212,entropy,3,223.15998524963123
2870,c630c_00007,63,0.5739518487962199,entropy,3,223.15998524963123
2871,c630c_00007,64,0.5416135403385085,entropy,3,223.15998524963123
2872,c630c_00007,65,0.6501162529063227,entropy,3,223.15998524963123
2873,c630c_00007,66,0.5961649041226031,entropy,3,223.15998524963123
2874,c630c_00007,67,0.5428260706517662,entropy,3,223.15998524963123
2875,c630c_00007,68,0.5609890247256182,entropy,3,223.15998524963123
2876,c630c_00007,69,0.5392509812745319,entropy,3,223.15998524963123
2877,c630c_00007,70,0.5561639040976024,entropy,3,223.15998524963123
2878,c630c_00007,71,0.559401485037126,entropy,3,223.15998524963123
2879,c630c_00007,72,0.5285507137678442,entropy,3,223.15998524963123
2880,c630c_00007,73,0.5051876296907423,entropy,3,223.15998524963123
2881,c630c_00007,74,0.5271756793919848,entropy,3,223.15998524963123
2882,c630c_00007,75,0.5351883797094927,entropy,3,223.15998524963123
2883,c630c_00007,76,0.5860146503662591,entropy,3,223.15998524963123
2884,c630c_00007,77,0.5791019775494387,entropy,3,223.15998524963123
2885,c630c_00007,78,0.48244956123903093,entropy,3,223.15998524963123
2886,c630c_00007,79,0.5790769769244231,entropy,3,223.15998524963123
2887,c630c_00007,80,0.5634265856646417,entropy,3,223.15998524963123
2888,c630c_00007,81,0.5658141453536338,entropy,3,223.15998524963123
2889,c630c_00007,82,0.572876821920548,entropy,3,223.15998524963123
2890,c630c_00007,83,0.5362009050226255,entropy,3,223.15998524963123
2891,c630c_00007,84,0.6114402860071502,entropy,3,223.15998524963123
2892,c630c_00007,85,0.559126478161954,entropy,3,223.15998524963123
2893,c630c_00007,86,0.5686267156678917,entropy,3,223.15998524963123
2894,c630c_00007,87,0.581014525363134,entropy,3,223.15998524963123
2895,c630c_00007,88,0.5940398509962749,entropy,3,223.15998524963123
2896,c630c_00007,89,0.4758368959223981,entropy,3,223.15998524963123
2897,c630c_00007,90,0.5689267231680792,entropy,3,223.15998524963123
2898,c630c_00007,91,0.5737018425460636,entropy,3,223.15998524963123
2899,c630c_00007,92,0.5759643991099778,entropy,3,223.15998524963123
2900,c630c_00007,93,0.4930498262456561,entropy,3,223.15998524963123
2901,c630c_00007,94,0.5771769294232356,entropy,3,223.15998524963123
2902,c630c_00007,95,0.5734268356708918,entropy,3,223.15998524963123
2903,c630c_00007,96,0.5600390009750245,entropy,3,223.15998524963123
2904,c630c_00007,97,0.5104377609440236,entropy,3,223.15998524963123
2905,c630c_00007,98,0.4939498487462186,entropy,3,223.15998524963123
2906,c630c_00007,99,0.5441261031525788,entropy,3,223.15998524963123
2907,c630c_00007,100,0.5461636540913524,entropy,3,223.15998524963123
2908,c630c_00007,101,0.6184279606990175,entropy,3,223.15998524963123
2909,c630c_00007,102,0.5361134028350709,entropy,3,223.15998524963123
2910,c630c_00007,103,0.5293257331433285,entropy,3,223.15998524963123
2911,c630c_00007,104,0.5226755668891723,entropy,3,223.15998524963123
2912,c630c_00007,105,0.5700892522313058,entropy,3,223.15998524963123
2913,c630c_00007,106,0.5476761919047977,entropy,3,223.15998524963123
2914,c630c_00007,107,0.4730743268581714,entropy,3,223.15998524963123
2915,c630c_00007,108,0.5663891597289932,entropy,3,223.15998524963123
2916,c630c_00007,109,0.5412885322133053,entropy,3,223.15998524963123
2917,c630c_00007,110,0.5599389984749619,entropy,3,223.15998524963123
2918,c630c_00007,111,0.5504137603440086,entropy,3,223.15998524963123
2919,c630c_00007,112,0.5333508337708444,entropy,3,223.15998524963123
2920,c630c_00007,113,0.6385784644616116,entropy,3,223.15998524963123
2921,c630c_00007,114,0.5636265906647666,entropy,3,223.15998524963123
2922,c630c_00007,115,0.5433510837770944,entropy,3,223.15998524963123
2923,c630c_00007,116,0.5311132778319458,entropy,3,223.15998524963123
2924,c630c_00007,117,0.5912147803695093,entropy,3,223.15998524963123
2925,c630c_00007,118,0.5820770519262981,entropy,3,223.15998524963123
2926,c630c_00007,119,0.5629765744143603,entropy,3,223.15998524963123
2927,c630c_00007,120,0.5653641341033526,entropy,3,223.15998524963123
2928,c630c_00007,121,0.5363884097102427,entropy,3,223.15998524963123
2929,c630c_00007,122,0.46284907122678065,entropy,3,223.15998524963123
2930,c630c_00007,123,0.4856621415535388,entropy,3,223.15998524963123
2931,c630c_00007,124,0.49879996999924997,entropy,3,223.15998524963123
2932,c630c_00007,125,0.6065901647541189,entropy,3,223.15998524963123
2933,c630c_00007,126,0.5652391309782745,entropy,3,223.15998524963123
2934,c630c_00007,127,0.5856396409910247,entropy,3,223.15998524963123
2935,c630c_00007,128,0.5404135103377585,entropy,3,223.15998524963123
2936,c630c_00007,129,0.5965274131853296,entropy,3,223.15998524963123
2937,c630c_00007,130,0.5903147578689467,entropy,3,223.15998524963123
2938,c630c_00007,131,0.5685017125428136,entropy,3,223.15998524963123
2939,c630c_00007,132,0.5048626215655392,entropy,3,223.15998524963123
2940,c630c_00007,133,0.5282507062676567,entropy,3,223.15998524963123
2941,c630c_00007,134,0.5454636365909148,entropy,3,223.15998524963123
2942,c630c_00007,135,0.507475186879672,entropy,3,223.15998524963123
2943,c630c_00007,136,0.5842021050526263,entropy,3,223.15998524963123
2944,c630c_00007,137,0.563601590039751,entropy,3,223.15998524963123
2945,c630c_00007,138,0.5801645041126028,entropy,3,223.15998524963123
2946,c630c_00007,139,0.5716642916072902,entropy,3,223.15998524963123
2947,c630c_00007,140,0.48583714592864824,entropy,3,223.15998524963123
2948,c630c_00007,141,0.5427260681517038,entropy,3,223.15998524963123
2949,c630c_00007,142,0.530563264081602,entropy,3,223.15998524963123
2950,c630c_00007,143,0.6407660191504787,entropy,3,223.15998524963123
2951,c630c_00007,144,0.5865521638040951,entropy,3,223.15998524963123
2952,c630c_00007,145,0.5889772244306108,entropy,3,223.15998524963123
2953,c630c_00007,146,0.5010375259381484,entropy,3,223.15998524963123
2954,c630c_00007,147,0.5135253381334534,entropy,3,223.15998524963123
2955,c630c_00007,148,0.5472136803420086,entropy,3,223.15998524963123
2956,c630c_00007,149,0.5225255631390784,entropy,3,223.15998524963123
2957,c630c_00007,150,0.5306132653316333,entropy,3,223.15998524963123
2958,c630c_00007,151,0.5585014625365634,entropy,3,223.15998524963123
2959,c630c_00007,152,0.5034000850021251,entropy,3,223.15998524963123
2960,c630c_00007,153,0.6160654016350409,entropy,3,223.15998524963123
2961,c630c_00007,154,0.5216380409510237,entropy,3,223.15998524963123
2962,c630c_00007,155,0.5885772144303608,entropy,3,223.15998524963123
2963,c630c_00007,156,0.5982274556863921,entropy,3,223.15998524963123
2964,c630c_00007,157,0.518750468761719,entropy,3,223.15998524963123
2965,c630c_00007,158,0.5213130328258206,entropy,3,223.15998524963123
2966,c630c_00007,159,0.5951398784969624,entropy,3,223.15998524963123
2967,c630c_00007,160,0.5004375109377734,entropy,3,223.15998524963123
2968,c630c_00007,161,0.5635515887897198,entropy,3,223.15998524963123
2969,c630c_00007,162,0.5186504662616566,entropy,3,223.15998524963123
2970,c630c_00007,163,0.5434010850271257,entropy,3,223.15998524963123
2971,c630c_00007,164,0.5736018400460011,entropy,3,223.15998524963123
2972,c630c_00007,165,0.5207380184504613,entropy,3,223.15998524963123
2973,c630c_00007,166,0.5583764594114853,entropy,3,223.15998524963123
2974,c630c_00007,167,0.5987274681867046,entropy,3,223.15998524963123
2975,c630c_00007,168,0.6532288307207681,entropy,3,223.15998524963123
2976,c630c_00007,169,0.5534763369084227,entropy,3,223.15998524963123
2977,c630c_00007,170,0.6434535863396584,entropy,3,223.15998524963123
2978,c630c_00007,171,0.6233780844521113,entropy,3,223.15998524963123
2979,c630c_00007,172,0.5333008325208131,entropy,3,223.15998524963123
2980,c630c_00007,173,0.515287882197055,entropy,3,223.15998524963123
2981,c630c_00007,174,0.5057376434410861,entropy,3,223.15998524963123
2982,c630c_00007,175,0.6136028400710017,entropy,3,223.15998524963123
2983,c630c_00007,176,0.6022775569389235,entropy,3,223.15998524963123
2984,c630c_00007,177,0.6190279756993925,entropy,3,223.15998524963123
2985,c630c_00007,178,0.5331758293957349,entropy,3,223.15998524963123
2986,c630c_00007,179,0.5818645466136654,entropy,3,223.15998524963123
2987,c630c_00007,180,0.5937023425585639,entropy,3,223.15998524963123
2988,c630c_00007,181,0.5139003475086877,entropy,3,223.15998524963123
2989,c630c_00007,182,0.6360159003975099,entropy,3,223.15998524963123
2990,c630c_00007,183,0.5526763169079227,entropy,3,223.15998524963123
2991,c630c_00007,184,0.5961899047476187,entropy,3,223.15998524963123
2992,c630c_00007,185,0.5361634040851021,entropy,3,223.15998524963123
2993,c630c_00007,186,0.5836770919272982,entropy,3,223.15998524963123
2994,c630c_00007,187,0.5512012800320008,entropy,3,223.15998524963123
2995,c630c_00007,188,0.6090027250681267,entropy,3,223.15998524963123
2996,c630c_00007,189,0.5493637340933524,entropy,3,223.15998524963123
2997,c630c_00007,190,0.5337508437710943,entropy,3,223.15998524963123
2998,c630c_00007,191,0.5360134003350083,entropy,3,223.15998524963123
2999,c630c_00007,192,0.6133778344458611,entropy,3,223.15998524963123
3000,c630c_00007,193,0.6278281957048926,entropy,3,223.15998524963123
3001,c630c_00007,194,0.566264156603915,entropy,3,223.15998524963123
3002,c630c_00007,195,0.589027225680642,entropy,3,223.15998524963123
3003,c630c_00007,196,0.6084527113177829,entropy,3,223.15998524963123
3004,c630c_00007,197,0.6083527088177205,entropy,3,223.15998524963123
3005,c630c_00007,198,0.5335258381459537,entropy,3,223.15998524963123
3006,c630c_00007,199,0.6310157753943848,entropy,3,223.15998524963123
3007,c630c_00007,200,0.5262381559538989,entropy,3,223.15998524963123
3008,c630c_00007,201,0.5884022100552514,entropy,3,223.15998524963123
3009,c630c_00007,202,0.635415885397135,entropy,3,223.15998524963123
3010,c630c_00007,203,0.5334508362709067,entropy,3,223.15998524963123
3011,c630c_00007,204,0.6056151403785095,entropy,3,223.15998524963123
3012,c630c_00007,205,0.5413385334633365,entropy,3,223.15998524963123
3013,c630c_00007,206,0.5214630365759144,entropy,3,223.15998524963123
3014,c630c_00007,207,0.6210155253881346,entropy,3,223.15998524963123
3015,c630c_00007,208,0.5411885297132428,entropy,3,223.15998524963123
3016,c630c_00007,209,0.6010650266256656,entropy,3,223.15998524963123
3017,c630c_00007,210,0.5262381559538989,entropy,3,223.15998524963123
3018,c630c_00007,211,0.5334508362709067,entropy,3,223.15998524963123
3019,c630c_00007,212,0.5314382859571489,entropy,3,223.15998524963123
3020,c630c_00007,213,0.5366134153353833,entropy,3,223.15998524963123
3021,c630c_00007,214,0.5762894072351809,entropy,3,223.15998524963123
3022,c630c_00007,215,0.5095752393809845,entropy,3,223.15998524963123
3023,c630c_00007,216,0.5608390209755244,entropy,3,223.15998524963123
3024,c630c_00007,217,0.5001875046876172,entropy,3,223.15998524963123
3025,c630c_00007,218,0.6063901597539939,entropy,3,223.15998524963123
3026,c630c_00007,219,0.5217380434510863,entropy,3,223.15998524963123
3027,c630c_00007,220,0.5401885047126178,entropy,3,223.15998524963123
3028,c630c_00007,221,0.5835020875521888,entropy,3,223.15998524963123
3029,c630c_00007,222,0.6054901372534314,entropy,3,223.15998524963123
3030,c630c_00007,223,0.5767144178604465,entropy,3,223.15998524963123
3031,c630c_00007,224,0.5112877821945548,entropy,3,223.15998524963123
3032,c630c_00007,225,0.6059401485037126,entropy,3,223.15998524963123
3033,c630c_00007,226,0.5410885272131803,entropy,3,223.15998524963123
3034,c630c_00007,227,0.5687517187929698,entropy,3,223.15998524963123
3035,c630c_00007,228,0.5120628015700392,entropy,3,223.15998524963123
3036,c630c_00007,229,0.5333258331458286,entropy,3,223.15998524963123
3037,c630c_00007,230,0.5159128978224455,entropy,3,223.15998524963123
3038,c630c_00007,231,0.6160904022600565,entropy,3,223.15998524963123
3039,c630c_00007,232,0.5470636765919148,entropy,3,223.15998524963123
3040,c630c_00007,233,0.5365884147103678,entropy,3,223.15998524963123
3041,c630c_00007,234,0.5043001075026876,entropy,3,223.15998524963123
3042,c630c_00007,235,0.5658141453536338,entropy,3,223.15998524963123
3043,c630c_00007,236,0.5962899072476813,entropy,3,223.15998524963123
3044,c630c_00007,237,0.5392259806495163,entropy,3,223.15998524963123
3045,c630c_00007,238,0.5765644141103528,entropy,3,223.15998524963123
3046,c630c_00007,239,0.5185504637615941,entropy,3,223.15998524963123
3047,c630c_00007,240,0.5089752243806095,entropy,3,223.15998524963123
3048,c630c_00007,241,0.6316907922698067,entropy,3,223.15998524963123
3049,c630c_00007,242,0.613252831320783,entropy,3,223.15998524963123
3050,c630c_00007,243,0.6328033200830021,entropy,3,223.15998524963123
3051,c630c_00007,244,0.5616140403510088,entropy,3,223.15998524963123
3052,c630c_00007,245,0.6208405210130253,entropy,3,223.15998524963123
3053,c630c_00007,246,0.5643016075401885,entropy,3,223.15998524963123
3054,c630c_00007,247,0.5232755818895473,entropy,3,223.15998524963123
3055,c630c_00007,248,0.6161654041351033,entropy,3,223.15998524963123
3056,c630c_00007,249,0.6085527138178455,entropy,3,223.15998524963123
3057,c630c_00007,250,0.5661141528538214,entropy,3,223.15998524963123
3058,c630c_00007,251,0.583752093802345,entropy,3,223.15998524963123
3059,c630c_00007,252,0.526763169079227,entropy,3,223.15998524963123
3060,c630c_00007,253,0.5141253531338283,entropy,3,223.15998524963123
3061,c630c_00007,254,0.5460636515912898,entropy,3,223.15998524963123
3062,c630c_00007,255,0.5908397709942749,entropy,3,223.15998524963123
3063,c630c_00007,256,0.5281007025175629,entropy,3,223.15998524963123
3064,c630c_00007,257,0.5788519712992825,entropy,3,223.15998524963123
3065,c630c_00007,258,0.5717642941073526,entropy,3,223.15998524963123
3066,c630c_00007,259,0.4595989899747494,entropy,3,223.15998524963123
3067,c630c_00007,260,0.6059651491287282,entropy,3,223.15998524963123
3068,c630c_00007,261,0.5641516037900948,entropy,3,223.15998524963123
3069,c630c_00007,262,0.5563139078476962,entropy,3,223.15998524963123
3070,c630c_00007,263,0.6063651591289783,entropy,3,223.15998524963123
3071,c630c_00007,264,0.6036775919397985,entropy,3,223.15998524963123
3072,c630c_00007,265,0.5889272231805796,entropy,3,223.15998524963123
3073,c630c_00007,266,0.4848246206155154,entropy,3,223.15998524963123
3074,c630c_00007,267,0.5496887422185555,entropy,3,223.15998524963123
3075,c630c_00007,268,0.49864996624915625,entropy,3,223.15998524963123
3076,c630c_00007,269,0.5190004750118753,entropy,3,223.15998524963123
3077,c630c_00007,270,0.5087002175054376,entropy,3,223.15998524963123
3078,c630c_00007,271,0.5716392909822745,entropy,3,223.15998524963123
3079,c630c_00007,272,0.593827345683642,entropy,3,223.15998524963123
3080,c630c_00007,273,0.5617890447261181,entropy,3,223.15998524963123
3081,c630c_00007,274,0.5669641741043526,entropy,3,223.15998524963123
3082,c630c_00007,275,0.5906397659941498,entropy,3,223.15998524963123
3083,c630c_00007,276,0.4974124353108828,entropy,3,223.15998524963123
3084,c630c_00007,277,0.6332283307082678,entropy,3,223.15998524963123
3085,c630c_00007,278,0.5789769744243606,entropy,3,223.15998524963123
3086,c630c_00007,279,0.5388259706492662,entropy,3,223.15998524963123
3087,c630c_00007,280,0.5942523563089077,entropy,3,223.15998524963123
3088,c630c_00007,281,0.5297257431435786,entropy,3,223.15998524963123
3089,c630c_00007,282,0.5884772119302982,entropy,3,223.15998524963123
3090,c630c_00007,283,0.6490537263431586,entropy,3,223.15998524963123
3091,c630c_00007,284,0.5590264756618916,entropy,3,223.15998524963123
3092,c630c_00007,285,0.4695242381059527,entropy,3,223.15998524963123
3093,c630c_00007,286,0.5169129228230706,entropy,3,223.15998524963123
3094,c630c_00007,287,0.575414385359634,entropy,3,223.15998524963123
3095,c630c_00007,288,0.5221130528263207,entropy,3,223.15998524963123
3096,c630c_00007,289,0.5424260606515163,entropy,3,223.15998524963123
3097,c630c_00007,290,0.5803395084877122,entropy,3,223.15998524963123
3098,c630c_00007,291,0.5911897797444936,entropy,3,223.15998524963123
3099,c630c_00007,292,0.5310382759568989,entropy,3,223.15998524963123
3100,c630c_00007,293,0.5977274431860797,entropy,3,223.15998524963123
3101,c630c_00007,294,0.5836020900522514,entropy,3,223.15998524963123
3102,c630c_00007,295,0.5386009650241256,entropy,3,223.15998524963123
3103,c630c_00007,296,0.5476511912797819,entropy,3,223.15998524963123
3104,c630c_00007,297,0.5618390459761494,entropy,3,223.15998524963123
3105,c630c_00007,298,0.566539163479087,entropy,3,223.15998524963123
3106,c630c_00007,299,0.5239755993899847,entropy,3,223.15998524963123
3107,c630c_00007,300,0.5338758468961724,entropy,3,223.15998524963123
3108,c630c_00007,301,0.552451311282782,entropy,3,223.15998524963123
3109,c630c_00007,302,0.4992249806245156,entropy,3,223.15998524963123
3110,c630c_00007,303,0.5964149103727594,entropy,3,223.15998524963123
3111,c630c_00007,304,0.5002875071876797,entropy,3,223.15998524963123
3112,c630c_00007,305,0.5707892697317434,entropy,3,223.15998524963123
3113,c630c_00007,306,0.5885022125553139,entropy,3,223.15998524963123
3114,c630c_00007,307,0.5757393934848372,entropy,3,223.15998524963123
3115,c630c_00007,308,0.619127978199455,entropy,3,223.15998524963123
3116,c630c_00007,309,0.5868146703667592,entropy,3,223.15998524963123
3117,c630c_00007,310,0.5445511137778445,entropy,3,223.15998524963123
3118,c630c_00007,311,0.5268381709542739,entropy,3,223.15998524963123
3119,c630c_00007,312,0.5197254931373284,entropy,3,223.15998524963123
3120,c630c_00007,313,0.52108802720068,entropy,3,223.15998524963123
3121,c630c_00007,314,0.4838995974899372,entropy,3,223.15998524963123
3122,c630c_00007,315,0.573876846921173,entropy,3,223.15998524963123
3123,c630c_00007,316,0.6507412685317133,entropy,3,223.15998524963123
3124,c630c_00007,317,0.5408385209630241,entropy,3,223.15998524963123
3125,c630c_00007,318,0.5594264856621416,entropy,3,223.15998524963123
3126,c630c_00007,319,0.6058901472536813,entropy,3,223.15998524963123
3127,c630c_00007,320,0.5272131803295083,entropy,3,223.15998524963123
3128,c630c_00007,321,0.4888747218680467,entropy,3,223.15998524963123
3129,c630c_00007,322,0.6013150328758219,entropy,3,223.15998524963123
3130,c630c_00007,323,0.5763894097352433,entropy,3,223.15998524963123
3131,c630c_00007,324,0.563801595039876,entropy,3,223.15998524963123
3132,c630c_00007,325,0.5934523363084077,entropy,3,223.15998524963123
3133,c630c_00007,326,0.523825595639891,entropy,3,223.15998524963123
3134,c630c_00007,327,0.5967149178729468,entropy,3,223.15998524963123
3135,c630c_00007,328,0.4856621415535388,entropy,3,223.15998524963123
3136,c630c_00007,329,0.5063376584414611,entropy,3,223.15998524963123
3137,c630c_00007,330,0.47148678716967923,entropy,3,223.15998524963123
3138,c630c_00007,331,0.5680767019175479,entropy,3,223.15998524963123
3139,c630c_00007,332,0.5314882872071802,entropy,3,223.15998524963123
3140,c630c_00007,333,0.6283782094552364,entropy,3,223.15998524963123
3141,c630c_00007,334,0.5442011050276258,entropy,3,223.15998524963123
3142,c630c_00007,335,0.6062901572539313,entropy,3,223.15998524963123
3143,c630c_00007,336,0.4798494962374059,entropy,3,223.15998524963123
3144,c630c_00007,337,0.5910397759943998,entropy,3,223.15998524963123
3145,c630c_00007,338,0.5693767344183605,entropy,3,223.15998524963123
3146,c630c_00007,339,0.5960149003725093,entropy,3,223.15998524963123
3147,c630c_00007,340,0.5113377834445861,entropy,3,223.15998524963123
3148,c630c_00007,341,0.5532513312832821,entropy,3,223.15998524963123
3149,c630c_00007,342,0.6159153978849471,entropy,3,223.15998524963123
3150,c630c_00007,343,0.5297007425185629,entropy,3,223.15998524963123
3151,c630c_00007,344,0.5887522188054701,entropy,3,223.15998524963123
3152,c630c_00007,345,0.46442411060276506,entropy,3,223.15998524963123
3153,c630c_00007,346,0.5411635290882272,entropy,3,223.15998524963123
3154,c630c_00007,347,0.6340283507087677,entropy,3,223.15998524963123
3155,c630c_00007,348,0.5197254931373284,entropy,3,223.15998524963123
3156,c630c_00007,349,0.5955148878721968,entropy,3,223.15998524963123
3157,c630c_00007,350,0.48962474061851546,entropy,3,223.15998524963123
3158,c630c_00007,351,0.49869996749918744,entropy,3,223.15998524963123
3159,c630c_00007,352,0.5991524788119703,entropy,3,223.15998524963123
3160,c630c_00007,353,0.5690267256681417,entropy,3,223.15998524963123
3161,c630c_00007,354,0.4770369259231481,entropy,3,223.15998524963123
3162,c630c_00007,355,0.5540513512837821,entropy,3,223.15998524963123
3163,c630c_00007,356,0.5063126578164454,entropy,3,223.15998524963123
3164,c630c_00007,357,0.6059901497537439,entropy,3,223.15998524963123
3165,c630c_00007,358,0.5878771969299232,entropy,3,223.15998524963123
3166,c630c_00007,359,0.5147753693842346,entropy,3,223.15998524963123
3167,c630c_00007,360,0.5537263431585789,entropy,3,223.15998524963123
3168,c630c_00007,361,0.5939273481837046,entropy,3,223.15998524963123
3169,c630c_00007,362,0.5809895247381185,entropy,3,223.15998524963123
3170,c630c_00007,363,0.5933273331833295,entropy,3,223.15998524963123
3171,c630c_00007,364,0.6313157828945724,entropy,3,223.15998524963123
3172,c630c_00007,365,0.48988724718117954,entropy,3,223.15998524963123
3173,c630c_00007,366,0.5358633965849147,entropy,3,223.15998524963123
3174,c630c_00007,367,0.6459161479036977,entropy,3,223.15998524963123
3175,c630c_00007,368,0.44852371309282735,entropy,3,223.15998524963123
3176,c630c_00007,369,0.5032250806270157,entropy,3,223.15998524963123
3177,c630c_00007,370,0.5608390209755244,entropy,3,223.15998524963123
3178,c630c_00007,371,0.538375959398985,entropy,3,223.15998524963123
3179,c630c_00007,372,0.6109652741318533,entropy,3,223.15998524963123
3180,c630c_00007,373,0.5838020950523763,entropy,3,223.15998524963123
3181,c630c_00007,374,0.5590264756618916,entropy,3,223.15998524963123
3182,c630c_00007,375,0.5964899122478062,entropy,3,223.15998524963123
3183,c630c_00007,376,0.6606915172879322,entropy,3,223.15998524963123
3184,c630c_00007,377,0.5013875346883673,entropy,3,223.15998524963123
3185,c630c_00007,378,0.5110377759443986,entropy,3,223.15998524963123
3186,c630c_00007,379,0.573876846921173,entropy,3,223.15998524963123
3187,c630c_00007,380,0.5413385334633365,entropy,3,223.15998524963123
3188,c630c_00007,381,0.5435010875271882,entropy,3,223.15998524963123
3189,c630c_00007,382,0.5317382934573365,entropy,3,223.15998524963123
3190,c630c_00007,383,0.5317382934573365,entropy,3,223.15998524963123
3191,c630c_00007,384,0.6013400335008375,entropy,3,223.15998524963123
3192,c630c_00007,385,0.5708892722318057,entropy,3,223.15998524963123
3193,c630c_00007,386,0.51668791719793,entropy,3,223.15998524963123
3194,c630c_00007,387,0.49429985749643746,entropy,3,223.15998524963123
3195,c630c_00007,388,0.4804620115502888,entropy,3,223.15998524963123
3196,c630c_00007,389,0.5614390359758994,entropy,3,223.15998524963123
3197,c630c_00007,390,0.5039000975024376,entropy,3,223.15998524963123
3198,c630c_00007,391,0.5912397809945249,entropy,3,223.15998524963123
3199,c630c_00007,392,0.5857896447411185,entropy,3,223.15998524963123
3200,c630c_00007,393,0.6570789269731743,entropy,3,223.15998524963123
3201,c630c_00007,394,0.5857646441161029,entropy,3,223.15998524963123
3202,c630c_00007,395,0.5483762094052351,entropy,3,223.15998524963123
3203,c630c_00007,396,0.5293507337683442,entropy,3,223.15998524963123
3204,c630c_00007,397,0.5988524713117828,entropy,3,223.15998524963123
3205,c630c_00007,398,0.6151153778844471,entropy,3,223.15998524963123
3206,c630c_00007,399,0.5543013575339384,entropy,3,223.15998524963123
3207,c630c_00007,400,0.5138003450086253,entropy,3,223.15998524963123
3208,c630c_00008,0,0.590364759118978,entropy,4,238.18832970824272
3209,c630c_00008,1,0.6296657416435412,entropy,4,238.18832970824272
3210,c630c_00008,2,0.5910772769319232,entropy,4,238.18832970824272
3211,c630c_00008,3,0.4974499362484062,entropy,4,238.18832970824272
3212,c630c_00008,4,0.6271031775794396,entropy,4,238.18832970824272
3213,c630c_00008,5,0.5546888672216805,entropy,4,238.18832970824272
3214,c630c_00008,6,0.5545388634715869,entropy,4,238.18832970824272
3215,c630c_00008,7,0.6154153853846347,entropy,4,238.18832970824272
3216,c630c_00008,8,0.5923273081827045,entropy,4,238.18832970824272
3217,c630c_00008,9,0.5843896097402435,entropy,4,238.18832970824272
3218,c630c_00008,10,0.6040401010025251,entropy,4,238.18832970824272
3219,c630c_00008,11,0.5769519237980949,entropy,4,238.18832970824272
3220,c630c_00008,12,0.5981524538113453,entropy,4,238.18832970824272
3221,c630c_00008,13,0.5980774519362984,entropy,4,238.18832970824272
3222,c630c_00008,14,0.5552638815970399,entropy,4,238.18832970824272
3223,c630c_00008,15,0.5896147403685092,entropy,4,238.18832970824272
3224,c630c_00008,16,0.607377684442111,entropy,4,238.18832970824272
3225,c630c_00008,17,0.648028700717518,entropy,4,238.18832970824272
3226,c630c_00008,18,0.5579264481612041,entropy,4,238.18832970824272
3227,c630c_00008,19,0.584489612240306,entropy,4,238.18832970824272
3228,c630c_00008,20,0.5706892672316808,entropy,4,238.18832970824272
3229,c630c_00008,21,0.6775044376109403,entropy,4,238.18832970824272
3230,c630c_00008,22,0.5380259506487662,entropy,4,238.18832970824272
3231,c630c_00008,23,0.6224780619515489,entropy,4,238.18832970824272
3232,c630c_00008,24,0.688604715117878,entropy,4,238.18832970824272
3233,c630c_00008,25,0.5077501937548439,entropy,4,238.18832970824272
3234,c630c_00008,26,0.653153828845721,entropy,4,238.18832970824272
3235,c630c_00008,27,0.6554913872846821,entropy,4,238.18832970824272
3236,c630c_00008,28,0.6340658516462911,entropy,4,238.18832970824272
3237,c630c_00008,29,0.5977524438110953,entropy,4,238.18832970824272
3238,c630c_00008,30,0.5708892722318057,entropy,4,238.18832970824272
3239,c630c_00008,31,0.5031000775019375,entropy,4,238.18832970824272
3240,c630c_00008,32,0.5609390234755869,entropy,4,238.18832970824272
3241,c630c_00008,33,0.5863146578664467,entropy,4,238.18832970824272
3242,c630c_00008,34,0.5579264481612041,entropy,4,238.18832970824272
3243,c630c_00008,35,0.5974524363109077,entropy,4,238.18832970824272
3244,c630c_00008,36,0.6036775919397985,entropy,4,238.18832970824272
3245,c630c_00008,37,0.5578514462861572,entropy,4,238.18832970824272
3246,c630c_00008,38,0.5706642666066652,entropy,4,238.18832970824272
3247,c630c_00008,39,0.5759893997349934,entropy,4,238.18832970824272
3248,c630c_00008,40,0.6229030725768144,entropy,4,238.18832970824272
3249,c630c_00008,41,0.5712392809820246,entropy,4,238.18832970824272
3250,c630c_00008,42,0.648028700717518,entropy,4,238.18832970824272
3251,c630c_00008,43,0.6402660066501662,entropy,4,238.18832970824272
3252,c630c_00008,44,0.5515387884697117,entropy,4,238.18832970824272
3253,c630c_00008,45,0.608052701317533,entropy,4,238.18832970824272
3254,c630c_00008,46,0.5976524413110328,entropy,4,238.18832970824272
3255,c630c_00008,47,0.6212655316382909,entropy,4,238.18832970824272
3256,c630c_00008,48,0.6009150228755719,entropy,4,238.18832970824272
3257,c630c_00008,49,0.5385509637740944,entropy,4,238.18832970824272
3258,c630c_00008,50,0.6082777069426736,entropy,4,238.18832970824272
3259,c630c_00008,51,0.5964649116227906,entropy,4,238.18832970824272
3260,c630c_00008,52,0.6306407660191504,entropy,4,238.18832970824272
3261,c630c_00008,53,0.6338533463336584,entropy,4,238.18832970824272
3262,c630c_00008,54,0.5695017375434386,entropy,4,238.18832970824272
3263,c630c_00008,55,0.5642016050401261,entropy,4,238.18832970824272
3264,c630c_00008,56,0.5581764544113603,entropy,4,238.18832970824272
3265,c630c_00008,57,0.6381034525863146,entropy,4,238.18832970824272
3266,c630c_00008,58,0.5757143928598215,entropy,4,238.18832970824272
3267,c630c_00008,59,0.5441511037775945,entropy,4,238.18832970824272
3268,c630c_00008,60,0.618452961324033,entropy,4,238.18832970824272
3269,c630c_00008,61,0.6162404060101503,entropy,4,238.18832970824272
3270,c630c_00008,62,0.6038775969399235,entropy,4,238.18832970824272
3271,c630c_00008,63,0.5729268231705793,entropy,4,238.18832970824272
3272,c630c_00008,64,0.6028775719392985,entropy,4,238.18832970824272
3273,c630c_00008,65,0.6079026975674392,entropy,4,238.18832970824272
3274,c630c_00008,66,0.6081027025675643,entropy,4,238.18832970824272
3275,c630c_00008,67,0.6133528338208455,entropy,4,238.18832970824272
3276,c630c_00008,68,0.6233780844521113,entropy,4,238.18832970824272
3277,c630c_00008,69,0.5930023250581264,entropy,4,238.18832970824272
3278,c630c_00008,70,0.5962649066226655,entropy,4,238.18832970824272
3279,c630c_00008,71,0.6138278456961425,entropy,4,238.18832970824272
3280,c630c_00008,72,0.5979524488112202,entropy,4,238.18832970824272
3281,c630c_00008,73,0.5859896497412436,entropy,4,238.18832970824272
3282,c630c_00008,74,0.5735768394209855,entropy,4,238.18832970824272
3283,c630c_00008,75,0.638878471961799,entropy,4,238.18832970824272
3284,c630c_00008,76,0.5367634190854771,entropy,4,238.18832970824272
3285,c630c_00008,77,0.5822270556763919,entropy,4,238.18832970824272
3286,c630c_00008,78,0.6665666641666042,entropy,4,238.18832970824272
3287,c630c_00008,79,0.6676791919797995,entropy,4,238.18832970824272
3288,c630c_00008,80,0.5843396084902123,entropy,4,238.18832970824272
3289,c630c_00008,81,0.591364784119603,entropy,4,238.18832970824272
3290,c630c_00008,82,0.6037525938148454,entropy,4,238.18832970824272
3291,c630c_00008,83,0.6390534763369085,entropy,4,238.18832970824272
3292,c630c_00008,84,0.5668141703542589,entropy,4,238.18832970824272
3293,c630c_00008,85,0.5275506887672192,entropy,4,238.18832970824272
3294,c630c_00008,86,0.6402660066501662,entropy,4,238.18832970824272
3295,c630c_00008,87,0.650091252281307,entropy,4,238.18832970824272
3296,c630c_00008,88,0.606115152878822,entropy,4,238.18832970824272
3297,c630c_00008,89,0.5642016050401261,entropy,4,238.18832970824272
3298,c630c_00008,90,0.5713642841071027,entropy,4,238.18832970824272
3299,c630c_00008,91,0.6132278306957674,entropy,4,238.18832970824272
3300,c630c_00008,92,0.5569764244106102,entropy,4,238.18832970824272
3301,c630c_00008,93,0.5705642641066027,entropy,4,238.18832970824272
3302,c630c_00008,94,0.6204405110127753,entropy,4,238.18832970824272
3303,c630c_00008,95,0.49466236655916396,entropy,4,238.18832970824272
3304,c630c_00008,96,0.6457411435285882,entropy,4,238.18832970824272
3305,c630c_00008,97,0.6177279431985799,entropy,4,238.18832970824272
3306,c630c_00008,98,0.5888772219305483,entropy,4,238.18832970824272
3307,c630c_00008,99,0.5465011625290632,entropy,4,238.18832970824272
3308,c630c_00008,100,0.5988274706867671,entropy,4,238.18832970824272
3309,c630c_00008,101,0.5936023400585014,entropy,4,238.18832970824272
3310,c630c_00008,102,0.5627015675391884,entropy,4,238.18832970824272
3311,c630c_00008,103,0.6132028300707518,entropy,4,238.18832970824272
3312,c630c_00008,104,0.610315257881447,entropy,4,238.18832970824272
3313,c630c_00008,105,0.5752393809845247,entropy,4,238.18832970824272
3314,c630c_00008,106,0.6107402685067127,entropy,4,238.18832970824272
3315,c630c_00008,107,0.620190504762619,entropy,4,238.18832970824272
3316,c630c_00008,108,0.5388134703367584,entropy,4,238.18832970824272
3317,c630c_00008,109,0.5066501662541564,entropy,4,238.18832970824272
3318,c630c_00008,110,0.6096902422560564,entropy,4,238.18832970824272
3319,c630c_00008,111,0.6262906572664317,entropy,4,238.18832970824272
3320,c630c_00008,112,0.6121528038200955,entropy,4,238.18832970824272
3321,c630c_00008,113,0.589364734118353,entropy,4,238.18832970824272
3322,c630c_00008,114,0.5947898697467436,entropy,4,238.18832970824272
3323,c630c_00008,115,0.5729018225455637,entropy,4,238.18832970824272
3324,c630c_00008,116,0.5892397309932749,entropy,4,238.18832970824272
3325,c630c_00008,117,0.6448661216530414,entropy,4,238.18832970824272
3326,c630c_00008,118,0.5806895172379309,entropy,4,238.18832970824272
3327,c630c_00008,119,0.5444886122153054,entropy,4,238.18832970824272
3328,c630c_00008,120,0.5625015625390635,entropy,4,238.18832970824272
3329,c630c_00008,121,0.6145653641341033,entropy,4,238.18832970824272
3330,c630c_00008,122,0.5877771944298608,entropy,4,238.18832970824272
3331,c630c_00008,123,0.6000650016250406,entropy,4,238.18832970824272
3332,c630c_00008,124,0.5099627490687266,entropy,4,238.18832970824272
3333,c630c_00008,125,0.6697917447936199,entropy,4,238.18832970824272
3334,c630c_00008,126,0.5530013250331258,entropy,4,238.18832970824272
3335,c630c_00008,127,0.571276781919548,entropy,4,238.18832970824272
3336,c630c_00008,128,0.5713517837945948,entropy,4,238.18832970824272
3337,c630c_00008,129,0.5553388834720868,entropy,4,238.18832970824272
3338,c630c_00008,130,0.5914022850571264,entropy,4,238.18832970824272
3339,c630c_00008,131,0.5867771694292357,entropy,4,238.18832970824272
3340,c630c_00008,132,0.6073026825670642,entropy,4,238.18832970824272
3341,c630c_00008,133,0.6116027900697517,entropy,4,238.18832970824272
3342,c630c_00008,134,0.5863021575539389,entropy,4,238.18832970824272
3343,c630c_00008,135,0.5993149828745719,entropy,4,238.18832970824272
3344,c630c_00008,136,0.5997649941248531,entropy,4,238.18832970824272
3345,c630c_00008,137,0.6112402810070252,entropy,4,238.18832970824272
3346,c630c_00008,138,0.5566514162854072,entropy,4,238.18832970824272
3347,c630c_00008,139,0.5221755543888598,entropy,4,238.18832970824272
3348,c630c_00008,140,0.5388384709617741,entropy,4,238.18832970824272
3349,c630c_00008,141,0.6072526813170329,entropy,4,238.18832970824272
3350,c630c_00008,142,0.6047901197529939,entropy,4,238.18832970824272
3351,c630c_00008,143,0.6046401160029,entropy,4,238.18832970824272
3352,c630c_00008,144,0.5692892322308057,entropy,4,238.18832970824272
3353,c630c_00008,145,0.5962024050601265,entropy,4,238.18832970824272
3354,c630c_00008,146,0.5174254356358909,entropy,4,238.18832970824272
3355,c630c_00008,147,0.662504062601565,entropy,4,238.18832970824272
3356,c630c_00008,148,0.668379209480237,entropy,4,238.18832970824272
3357,c630c_00008,149,0.6478786969674242,entropy,4,238.18832970824272
3358,c630c_00008,150,0.5517262931573289,entropy,4,238.18832970824272
3359,c630c_00008,151,0.5152378809470237,entropy,4,238.18832970824272
3360,c630c_00008,152,0.6254156353908847,entropy,4,238.18832970824272
3361,c630c_00008,153,0.5407635190879772,entropy,4,238.18832970824272
3362,c630c_00008,154,0.5369259231480787,entropy,4,238.18832970824272
3363,c630c_00008,155,0.5538888472211805,entropy,4,238.18832970824272
3364,c630c_00008,156,0.6195404885122128,entropy,4,238.18832970824272
3365,c630c_00008,157,0.5908647716192905,entropy,4,238.18832970824272
3366,c630c_00008,158,0.5928523213080327,entropy,4,238.18832970824272
3367,c630c_00008,159,0.5687017175429385,entropy,4,238.18832970824272
3368,c630c_00008,160,0.6327533188329708,entropy,4,238.18832970824272
3369,c630c_00008,161,0.6046901172529313,entropy,4,238.18832970824272
3370,c630c_00008,162,0.5921273031825796,entropy,4,238.18832970824272
3371,c630c_00008,163,0.5901397534938373,entropy,4,238.18832970824272
3372,c630c_00008,164,0.6435285882147054,entropy,4,238.18832970824272
3373,c630c_00008,165,0.5549638740968524,entropy,4,238.18832970824272
3374,c630c_00008,166,0.6361909047726193,entropy,4,238.18832970824272
3375,c630c_00008,167,0.5739768494212355,entropy,4,238.18832970824272
3376,c630c_00008,168,0.6262406560164004,entropy,4,238.18832970824272
3377,c630c_00008,169,0.5680767019175479,entropy,4,238.18832970824272
3378,c630c_00008,170,0.5336258406460161,entropy,4,238.18832970824272
3379,c630c_00008,171,0.6158153953848846,entropy,4,238.18832970824272
3380,c630c_00008,172,0.6243156078901972,entropy,4,238.18832970824272
3381,c630c_00008,173,0.6251656291407285,entropy,4,238.18832970824272
3382,c630c_00008,174,0.5779269481737044,entropy,4,238.18832970824272
3383,c630c_00008,175,0.6172529313232831,entropy,4,238.18832970824272
3384,c630c_00008,176,0.6026525663141578,entropy,4,238.18832970824272
3385,c630c_00008,177,0.6944923623090578,entropy,4,238.18832970824272
3386,c630c_00008,178,0.5855896397409935,entropy,4,238.18832970824272
3387,c630c_00008,179,0.5402885072126804,entropy,4,238.18832970824272
3388,c630c_00008,180,0.6035525888147204,entropy,4,238.18832970824272
3389,c630c_00008,181,0.5416260406510163,entropy,4,238.18832970824272
3390,c630c_00008,182,0.6258906472661817,entropy,4,238.18832970824272
3391,c630c_00008,183,0.5744893622340559,entropy,4,238.18832970824272
3392,c630c_00008,184,0.45593639840996025,entropy,4,238.18832970824272
3393,c630c_00008,185,0.6094402360059001,entropy,4,238.18832970824272
3394,c630c_00008,186,0.5933273331833295,entropy,4,238.18832970824272
3395,c630c_00008,187,0.5593389834745869,entropy,4,238.18832970824272
3396,c630c_00008,188,0.5659641491037276,entropy,4,238.18832970824272
3397,c630c_00008,189,0.5880772019300483,entropy,4,238.18832970824272
3398,c630c_00008,190,0.6155653891347284,entropy,4,238.18832970824272
3399,c630c_00008,191,0.6328533213330334,entropy,4,238.18832970824272
3400,c630c_00008,192,0.619865496637416,entropy,4,238.18832970824272
3401,c630c_00008,193,0.5487512187804695,entropy,4,238.18832970824272
3402,c630c_00008,194,0.6352908822720569,entropy,4,238.18832970824272
3403,c630c_00008,195,0.5698642466061652,entropy,4,238.18832970824272
3404,c630c_00008,196,0.6210405260131504,entropy,4,238.18832970824272
3405,c630c_00008,197,0.6375284382109553,entropy,4,238.18832970824272
3406,c630c_00008,198,0.6107402685067127,entropy,4,238.18832970824272
3407,c630c_00008,199,0.5621890547263682,entropy,4,238.18832970824272
3408,c630c_00008,200,0.6653166329158229,entropy,4,238.18832970824272
3409,c630c_00008,201,0.5136753418835471,entropy,4,238.18832970824272
3410,c630c_00008,202,0.6536038400960024,entropy,4,238.18832970824272
3411,c630c_00008,203,0.6033025825645641,entropy,4,238.18832970824272
3412,c630c_00008,204,0.6046651166279158,entropy,4,238.18832970824272
3413,c630c_00008,205,0.5722018050451261,entropy,4,238.18832970824272
3414,c630c_00008,206,0.5904897622440561,entropy,4,238.18832970824272
3415,c630c_00008,207,0.5882522063051576,entropy,4,238.18832970824272
3416,c630c_00008,208,0.5552138803470087,entropy,4,238.18832970824272
3417,c630c_00008,209,0.6329533238330958,entropy,4,238.18832970824272
3418,c630c_00008,210,0.6531288282207055,entropy,4,238.18832970824272
3419,c630c_00008,211,0.5755393884847121,entropy,4,238.18832970824272
3420,c630c_00008,212,0.5835270881772044,entropy,4,238.18832970824272
3421,c630c_00008,213,0.5785769644241106,entropy,4,238.18832970824272
3422,c630c_00008,214,0.5556138903472587,entropy,4,238.18832970824272
3423,c630c_00008,215,0.6805170129253231,entropy,4,238.18832970824272
3424,c630c_00008,216,0.6361659041476037,entropy,4,238.18832970824272
3425,c630c_00008,217,0.6014650366259157,entropy,4,238.18832970824272
3426,c630c_00008,218,0.649691242281057,entropy,4,238.18832970824272
3427,c630c_00008,219,0.6207155178879472,entropy,4,238.18832970824272
3428,c630c_00008,220,0.5724518112952823,entropy,4,238.18832970824272
3429,c630c_00008,221,0.5414260356508913,entropy,4,238.18832970824272
3430,c630c_00008,222,0.6409160229005726,entropy,4,238.18832970824272
3431,c630c_00008,223,0.6501162529063227,entropy,4,238.18832970824272
3432,c630c_00008,224,0.5435510887772195,entropy,4,238.18832970824272
3433,c630c_00008,225,0.5831520788019701,entropy,4,238.18832970824272
3434,c630c_00008,226,0.5913397834945874,entropy,4,238.18832970824272
3435,c630c_00008,227,0.5973024325608141,entropy,4,238.18832970824272
3436,c630c_00008,228,0.6148153703842596,entropy,4,238.18832970824272
3437,c630c_00008,229,0.6660416510412761,entropy,4,238.18832970824272
3438,c630c_00008,230,0.5231005775144378,entropy,4,238.18832970824272
3439,c630c_00008,231,0.6209155228880723,entropy,4,238.18832970824272
3440,c630c_00008,232,0.6882047051176279,entropy,4,238.18832970824272
3441,c630c_00008,233,0.636140903522588,entropy,4,238.18832970824272
3442,c630c_00008,234,0.6410910272756819,entropy,4,238.18832970824272
3443,c630c_00008,235,0.5896647416185405,entropy,4,238.18832970824272
3444,c630c_00008,236,0.5885022125553139,entropy,4,238.18832970824272
3445,c630c_00008,237,0.6110152753818845,entropy,4,238.18832970824272
3446,c630c_00008,238,0.5037250931273282,entropy,4,238.18832970824272
3447,c630c_00008,239,0.5475261881547038,entropy,4,238.18832970824272
3448,c630c_00008,240,0.5785019625490637,entropy,4,238.18832970824272
3449,c630c_00008,241,0.6307907697692442,entropy,4,238.18832970824272
3450,c630c_00008,242,0.6164654116352909,entropy,4,238.18832970824272
3451,c630c_00008,243,0.6429285732143304,entropy,4,238.18832970824272
3452,c630c_00008,244,0.5111627790694767,entropy,4,238.18832970824272
3453,c630c_00008,245,0.6604915122878072,entropy,4,238.18832970824272
3454,c630c_00008,246,0.6602665066626665,entropy,4,238.18832970824272
3455,c630c_00008,247,0.5959648991224781,entropy,4,238.18832970824272
3456,c630c_00008,248,0.6012150303757594,entropy,4,238.18832970824272
3457,c630c_00008,249,0.69847996199905,entropy,4,238.18832970824272
3458,c630c_00008,250,0.61852796319908,entropy,4,238.18832970824272
3459,c630c_00008,251,0.5560139003475086,entropy,4,238.18832970824272
3460,c630c_00008,252,0.6190654766369159,entropy,4,238.18832970824272
3461,c630c_00008,253,0.5998149953748844,entropy,4,238.18832970824272
3462,c630c_00008,254,0.6283532088302208,entropy,4,238.18832970824272
3463,c630c_00008,255,0.6256906422660566,entropy,4,238.18832970824272
3464,c630c_00008,256,0.6086277156928923,entropy,4,238.18832970824272
3465,c630c_00008,257,0.61332783319583,entropy,4,238.18832970824272
3466,c630c_00008,258,0.5972024300607515,entropy,4,238.18832970824272
3467,c630c_00008,259,0.6359658991474787,entropy,4,238.18832970824272
3468,c630c_00008,260,0.581414535363384,entropy,4,238.18832970824272
3469,c630c_00008,261,0.6644166104152605,entropy,4,238.18832970824272
3470,c630c_00008,262,0.6574289357233931,entropy,4,238.18832970824272
3471,c630c_00008,263,0.533900847521188,entropy,4,238.18832970824272
3472,c630c_00008,264,0.5489762244056101,entropy,4,238.18832970824272
3473,c630c_00008,265,0.5813145328633216,entropy,4,238.18832970824272
3474,c630c_00008,266,0.6048151203780094,entropy,4,238.18832970824272
3475,c630c_00008,267,0.6160904022600565,entropy,4,238.18832970824272
3476,c630c_00008,268,0.632678316957924,entropy,4,238.18832970824272
3477,c630c_00008,269,0.6096152403810096,entropy,4,238.18832970824272
3478,c630c_00008,270,0.533700842521063,entropy,4,238.18832970824272
3479,c630c_00008,271,0.6084027100677517,entropy,4,238.18832970824272
3480,c630c_00008,272,0.5787269681742043,entropy,4,238.18832970824272
3481,c630c_00008,273,0.5487262181554539,entropy,4,238.18832970824272
3482,c630c_00008,274,0.6877796944923623,entropy,4,238.18832970824272
3483,c630c_00008,275,0.5740518512962824,entropy,4,238.18832970824272
3484,c630c_00008,276,0.6633790844771119,entropy,4,238.18832970824272
3485,c630c_00008,277,0.6528038200955024,entropy,4,238.18832970824272
3486,c630c_00008,278,0.6387534688367209,entropy,4,238.18832970824272
3487,c630c_00008,279,0.5740018500462511,entropy,4,238.18832970824272
3488,c630c_00008,280,0.5853146328658216,entropy,4,238.18832970824272
3489,c630c_00008,281,0.6034775869396735,entropy,4,238.18832970824272
3490,c630c_00008,282,0.6255906397659942,entropy,4,238.18832970824272
3491,c630c_00008,283,0.6236280907022675,entropy,4,238.18832970824272
3492,c630c_00008,284,0.6340908522713068,entropy,4,238.18832970824272
3493,c630c_00008,285,0.5560639015975399,entropy,4,238.18832970824272
3494,c630c_00008,286,0.6155403885097128,entropy,4,238.18832970824272
3495,c630c_00008,287,0.642553563839096,entropy,4,238.18832970824272
3496,c630c_00008,288,0.652103802595065,entropy,4,238.18832970824272
3497,c630c_00008,289,0.645491137278432,entropy,4,238.18832970824272
3498,c630c_00008,290,0.6530038250956274,entropy,4,238.18832970824272
3499,c630c_00008,291,0.5665266631665792,entropy,4,238.18832970824272
3500,c630c_00008,292,0.6706167654191355,entropy,4,238.18832970824272
3501,c630c_00008,293,0.6183279581989549,entropy,4,238.18832970824272
3502,c630c_00008,294,0.6466286657166429,entropy,4,238.18832970824272
3503,c630c_00008,295,0.5715517887947199,entropy,4,238.18832970824272
3504,c630c_00008,296,0.590964774119353,entropy,4,238.18832970824272
3505,c630c_00008,297,0.5920773019325483,entropy,4,238.18832970824272
3506,c630c_00008,298,0.5886772169304233,entropy,4,238.18832970824272
3507,c630c_00008,299,0.6282282057051427,entropy,4,238.18832970824272
3508,c630c_00008,300,0.5386009650241256,entropy,4,238.18832970824272
3509,c630c_00008,301,0.6055651391284782,entropy,4,238.18832970824272
3510,c630c_00008,302,0.4888747218680467,entropy,4,238.18832970824272
3511,c630c_00008,303,0.5316632915822895,entropy,4,238.18832970824272
3512,c630c_00008,304,0.580089502237556,entropy,4,238.18832970824272
3513,c630c_00008,305,0.5364634115852897,entropy,4,238.18832970824272
3514,c630c_00008,306,0.6137528438210955,entropy,4,238.18832970824272
3515,c630c_00008,307,0.6234280857021426,entropy,4,238.18832970824272
3516,c630c_00008,308,0.5999649991249781,entropy,4,238.18832970824272
3517,c630c_00008,309,0.6035025875646891,entropy,4,238.18832970824272
3518,c630c_00008,310,0.5136503412585315,entropy,4,238.18832970824272
3519,c630c_00008,311,0.6290282257056427,entropy,4,238.18832970824272
3520,c630c_00008,312,0.6158403960099003,entropy,4,238.18832970824272
3521,c630c_00008,313,0.5121253031325783,entropy,4,238.18832970824272
3522,c630c_00008,314,0.60984024600615,entropy,4,238.18832970824272
3523,c630c_00008,315,0.5945898647466187,entropy,4,238.18832970824272
3524,c630c_00008,316,0.6041026025650641,entropy,4,238.18832970824272
3525,c630c_00008,317,0.6112152803820096,entropy,4,238.18832970824272
3526,c630c_00008,318,0.6209155228880723,entropy,4,238.18832970824272
3527,c630c_00008,319,0.6037025925648141,entropy,4,238.18832970824272
3528,c630c_00008,320,0.5511387784694618,entropy,4,238.18832970824272
3529,c630c_00008,321,0.6451161279031976,entropy,4,238.18832970824272
3530,c630c_00008,322,0.633278331958299,entropy,4,238.18832970824272
3531,c630c_00008,323,0.582952073801845,entropy,4,238.18832970824272
3532,c630c_00008,324,0.5715892897322433,entropy,4,238.18832970824272
3533,c630c_00008,325,0.6084027100677517,entropy,4,238.18832970824272
3534,c630c_00008,326,0.5770144253606341,entropy,4,238.18832970824272
3535,c630c_00008,327,0.541113527838196,entropy,4,238.18832970824272
3536,c630c_00008,328,0.516212905322633,entropy,4,238.18832970824272
3537,c630c_00008,329,0.6281032025800646,entropy,4,238.18832970824272
3538,c630c_00008,330,0.6405160129003225,entropy,4,238.18832970824272
3539,c630c_00008,331,0.5656141403535089,entropy,4,238.18832970824272
3540,c630c_00008,332,0.6058401460036501,entropy,4,238.18832970824272
3541,c630c_00008,333,0.6162654066351658,entropy,4,238.18832970824272
3542,c630c_00008,334,0.5014125353133828,entropy,4,238.18832970824272
3543,c630c_00008,335,0.5661641541038526,entropy,4,238.18832970824272
3544,c630c_00008,336,0.6094902372559314,entropy,4,238.18832970824272
3545,c630c_00008,337,0.5263381584539614,entropy,4,238.18832970824272
3546,c630c_00008,338,0.6208405210130253,entropy,4,238.18832970824272
3547,c630c_00008,339,0.5753893847346184,entropy,4,238.18832970824272
3548,c630c_00008,340,0.6083777094427361,entropy,4,238.18832970824272
3549,c630c_00008,341,0.5958648966224156,entropy,4,238.18832970824272
3550,c630c_00008,342,0.6031275781894547,entropy,4,238.18832970824272
3551,c630c_00008,343,0.6139028475711893,entropy,4,238.18832970824272
3552,c630c_00008,344,0.5490012250306258,entropy,4,238.18832970824272
3553,c630c_00008,345,0.6183279581989549,entropy,4,238.18832970824272
3554,c630c_00008,346,0.5502137553438836,entropy,4,238.18832970824272
3555,c630c_00008,347,0.638478461961549,entropy,4,238.18832970824272
3556,c630c_00008,348,0.5733268331708292,entropy,4,238.18832970824272
3557,c630c_00008,349,0.5562389059726494,entropy,4,238.18832970824272
3558,c630c_00008,350,0.6182779569489237,entropy,4,238.18832970824272
3559,c630c_00008,351,0.5783019575489388,entropy,4,238.18832970824272
3560,c630c_00008,352,0.4769869246731168,entropy,4,238.18832970824272
3561,c630c_00008,353,0.613052826320658,entropy,4,238.18832970824272
3562,c630c_00008,354,0.6146653666341659,entropy,4,238.18832970824272
3563,c630c_00008,355,0.49879996999924997,entropy,4,238.18832970824272
3564,c630c_00008,356,0.6054651366284157,entropy,4,238.18832970824272
3565,c630c_00008,357,0.5759893997349934,entropy,4,238.18832970824272
3566,c630c_00008,358,0.598177454436361,entropy,4,238.18832970824272
3567,c630c_00008,359,0.5715892897322433,entropy,4,238.18832970824272
3568,c630c_00008,360,0.5439260981524539,entropy,4,238.18832970824272
3569,c630c_00008,361,0.6157653941348533,entropy,4,238.18832970824272
3570,c630c_00008,362,0.5544263606590165,entropy,4,238.18832970824272
3571,c630c_00008,363,0.5964149103727594,entropy,4,238.18832970824272
3572,c630c_00008,364,0.6139028475711893,entropy,4,238.18832970824272
3573,c630c_00008,365,0.623128078201955,entropy,4,238.18832970824272
3574,c630c_00008,366,0.63961599039976,entropy,4,238.18832970824272
3575,c630c_00008,367,0.6312907822695567,entropy,4,238.18832970824272
3576,c630c_00008,368,0.5958898972474311,entropy,4,238.18832970824272
3577,c630c_00008,369,0.56166404160104,entropy,4,238.18832970824272
3578,c630c_00008,370,0.5809145228630715,entropy,4,238.18832970824272
3579,c630c_00008,371,0.6086027150678768,entropy,4,238.18832970824272
3580,c630c_00008,372,0.5685517137928449,entropy,4,238.18832970824272
3581,c630c_00008,373,0.5940023500587515,entropy,4,238.18832970824272
3582,c630c_00008,374,0.6487287182179554,entropy,4,238.18832970824272
3583,c630c_00008,375,0.6211905297632441,entropy,4,238.18832970824272
3584,c630c_00008,376,0.5915397884947123,entropy,4,238.18832970824272
3585,c630c_00008,377,0.5364634115852897,entropy,4,238.18832970824272
3586,c630c_00008,378,0.5731268281707043,entropy,4,238.18832970824272
3587,c630c_00008,379,0.6251156278906973,entropy,4,238.18832970824272
3588,c630c_00008,380,0.6159153978849471,entropy,4,238.18832970824272
3589,c630c_00008,381,0.6084277106927674,entropy,4,238.18832970824272
3590,c630c_00008,382,0.620865521638041,entropy,4,238.18832970824272
3591,c630c_00008,383,0.5491012275306882,entropy,4,238.18832970824272
3592,c630c_00008,384,0.5767644191104778,entropy,4,238.18832970824272
3593,c630c_00008,385,0.5756643916097902,entropy,4,238.18832970824272
3594,c630c_00008,386,0.6190779769494238,entropy,4,238.18832970824272
3595,c630c_00008,387,0.6747668691717293,entropy,4,238.18832970824272
3596,c630c_00008,388,0.543651091277282,entropy,4,238.18832970824272
3597,c630c_00008,389,0.5362634065851646,entropy,4,238.18832970824272
3598,c630c_00008,390,0.610990274756869,entropy,4,238.18832970824272
3599,c630c_00008,391,0.5907897697442436,entropy,4,238.18832970824272
3600,c630c_00008,392,0.6221530538263456,entropy,4,238.18832970824272
3601,c630c_00008,393,0.603377584439611,entropy,4,238.18832970824272
3602,c630c_00008,394,0.5983524588114703,entropy,4,238.18832970824272
3603,c630c_00008,395,0.7530063251581289,entropy,4,238.18832970824272
3604,c630c_00008,396,0.6135028375709393,entropy,4,238.18832970824272
3605,c630c_00008,397,0.6048401210030251,entropy,4,238.18832970824272
3606,c630c_00008,398,0.5532263306582664,entropy,4,238.18832970824272
3607,c630c_00008,399,0.625665641641041,entropy,4,238.18832970824272
3608,c630c_00008,400,0.6112902822570564,entropy,4,238.18832970824272
3609,c630c_00009,0,0.5634765869146728,entropy,5,217.85843396084903
3610,c630c_00009,1,0.5746393659841496,entropy,5,217.85843396084903
3611,c630c_00009,2,0.6250156253906347,entropy,5,217.85843396084903
3612,c630c_00009,3,0.5876021900547513,entropy,5,217.85843396084903
3613,c630c_00009,4,0.5923523088077202,entropy,5,217.85843396084903
3614,c630c_00009,5,0.5622765569139229,entropy,5,217.85843396084903
3615,c630c_00009,6,0.5534263356583915,entropy,5,217.85843396084903
3616,c630c_00009,7,0.5990149753743844,entropy,5,217.85843396084903
3617,c630c_00009,8,0.537100927523188,entropy,5,217.85843396084903
3618,c630c_00009,9,0.542376059401485,entropy,5,217.85843396084903
3619,c630c_00009,10,0.5165254131353284,entropy,5,217.85843396084903
3620,c630c_00009,11,0.504537613440336,entropy,5,217.85843396084903
3621,c630c_00009,12,0.5105252631315783,entropy,5,217.85843396084903
3622,c630c_00009,13,0.5731018275456886,entropy,5,217.85843396084903
3623,c630c_00009,14,0.5536138403460087,entropy,5,217.85843396084903
3624,c630c_00009,15,0.587027175679392,entropy,5,217.85843396084903
3625,c630c_00009,16,0.5773269331733293,entropy,5,217.85843396084903
3626,c630c_00009,17,0.5794394859871497,entropy,5,217.85843396084903
3627,c630c_00009,18,0.5724268106702668,entropy,5,217.85843396084903
3628,c630c_00009,19,0.5757893947348683,entropy,5,217.85843396084903
3629,c630c_00009,20,0.5826020650516263,entropy,5,217.85843396084903
3630,c630c_00009,21,0.5718267956698917,entropy,5,217.85843396084903
3631,c630c_00009,22,0.5717017925448136,entropy,5,217.85843396084903
3632,c630c_00009,23,0.5178754468861722,entropy,5,217.85843396084903
3633,c630c_00009,24,0.5511012775319383,entropy,5,217.85843396084903
3634,c630c_00009,25,0.5725018125453136,entropy,5,217.85843396084903
3635,c630c_00009,26,0.5703642591064777,entropy,5,217.85843396084903
3636,c630c_00009,27,0.5691017275431886,entropy,5,217.85843396084903
3637,c630c_00009,28,0.5156503912597815,entropy,5,217.85843396084903
3638,c630c_00009,29,0.5555138878471961,entropy,5,217.85843396084903
3639,c630c_00009,30,0.5352133803345083,entropy,5,217.85843396084903
3640,c630c_00009,31,0.5408510212755319,entropy,5,217.85843396084903
3641,c630c_00009,32,0.5801395034875871,entropy,5,217.85843396084903
3642,c630c_00009,33,0.5469511737793444,entropy,5,217.85843396084903
3643,c630c_00009,34,0.5538138453461336,entropy,5,217.85843396084903
3644,c630c_00009,35,0.5667766694167354,entropy,5,217.85843396084903
3645,c630c_00009,36,0.564264106602665,entropy,5,217.85843396084903
3646,c630c_00009,37,0.562401560039001,entropy,5,217.85843396084903
3647,c630c_00009,38,0.5820270506762669,entropy,5,217.85843396084903
3648,c630c_00009,39,0.4817745443636091,entropy,5,217.85843396084903
3649,c630c_00009,40,0.5787644691117277,entropy,5,217.85843396084903
3650,c630c_00009,41,0.5742893572339308,entropy,5,217.85843396084903
3651,c630c_00009,42,0.4681367034175854,entropy,5,217.85843396084903
3652,c630c_00009,43,0.5816270406760169,entropy,5,217.85843396084903
3653,c630c_00009,44,0.586427160679017,entropy,5,217.85843396084903
3654,c630c_00009,45,0.5743393584839621,entropy,5,217.85843396084903
3655,c630c_00009,46,0.561801545038626,entropy,5,217.85843396084903
3656,c630c_00009,47,0.48908722718067954,entropy,5,217.85843396084903
3657,c630c_00009,48,0.5571764294107353,entropy,5,217.85843396084903
3658,c630c_00009,49,0.5186129653241331,entropy,5,217.85843396084903
3659,c630c_00009,50,0.5105252631315783,entropy,5,217.85843396084903
3660,c630c_00009,51,0.5732018300457511,entropy,5,217.85843396084903
3661,c630c_00009,52,0.579289482237056,entropy,5,217.85843396084903
3662,c630c_00009,53,0.5631890797269932,entropy,5,217.85843396084903
3663,c630c_00009,54,0.556526413160329,entropy,5,217.85843396084903
3664,c630c_00009,55,0.49338733468336704,entropy,5,217.85843396084903
3665,c630c_00009,56,0.5604140103502587,entropy,5,217.85843396084903
3666,c630c_00009,57,0.5010750268756718,entropy,5,217.85843396084903
3667,c630c_00009,58,0.5998399959999,entropy,5,217.85843396084903
3668,c630c_00009,59,0.5737143428585715,entropy,5,217.85843396084903
3669,c630c_00009,60,0.5055001375034376,entropy,5,217.85843396084903
3670,c630c_00009,61,0.6037900947523689,entropy,5,217.85843396084903
3671,c630c_00009,62,0.5284007100177505,entropy,5,217.85843396084903
3672,c630c_00009,63,0.5076001900047501,entropy,5,217.85843396084903
3673,c630c_00009,64,0.5821020525513138,entropy,5,217.85843396084903
3674,c630c_00009,65,0.5463511587789694,entropy,5,217.85843396084903
3675,c630c_00009,66,0.534438360959024,entropy,5,217.85843396084903
3676,c630c_00009,67,0.5889147228680717,entropy,5,217.85843396084903
3677,c630c_00009,68,0.5824020600515013,entropy,5,217.85843396084903
3678,c630c_00009,69,0.5799144978624465,entropy,5,217.85843396084903
3679,c630c_00009,70,0.6027275681892048,entropy,5,217.85843396084903
3680,c630c_00009,71,0.5554138853471337,entropy,5,217.85843396084903
3681,c630c_00009,72,0.6076276906922673,entropy,5,217.85843396084903
3682,c630c_00009,73,0.5580264506612665,entropy,5,217.85843396084903
3683,c630c_00009,74,0.5284882122053052,entropy,5,217.85843396084903
3684,c630c_00009,75,0.5426760669016726,entropy,5,217.85843396084903
3685,c630c_00009,76,0.5132628315707892,entropy,5,217.85843396084903
3686,c630c_00009,77,0.612452811320283,entropy,5,217.85843396084903
3687,c630c_00009,78,0.48331208280207005,entropy,5,217.85843396084903
3688,c630c_00009,79,0.5612015300382509,entropy,5,217.85843396084903
3689,c630c_00009,80,0.5388634715867897,entropy,5,217.85843396084903
3690,c630c_00009,81,0.48102452561314035,entropy,5,217.85843396084903
3691,c630c_00009,82,0.5469011725293133,entropy,5,217.85843396084903
3692,c630c_00009,83,0.5194629865746644,entropy,5,217.85843396084903
3693,c630c_00009,84,0.5539138478461962,entropy,5,217.85843396084903
3694,c630c_00009,85,0.5107252681317033,entropy,5,217.85843396084903
3695,c630c_00009,86,0.515550388759719,entropy,5,217.85843396084903
3696,c630c_00009,87,0.5450386259656491,entropy,5,217.85843396084903
3697,c630c_00009,88,0.5164504112602815,entropy,5,217.85843396084903
3698,c630c_00009,89,0.579489487237181,entropy,5,217.85843396084903
3699,c630c_00009,90,0.5618765469136728,entropy,5,217.85843396084903
3700,c630c_00009,91,0.5180504512612816,entropy,5,217.85843396084903
3701,c630c_00009,92,0.5963274081852046,entropy,5,217.85843396084903
3702,c630c_00009,93,0.5056251406285157,entropy,5,217.85843396084903
3703,c630c_00009,94,0.46617415435385884,entropy,5,217.85843396084903
3704,c630c_00009,95,0.5889147228680717,entropy,5,217.85843396084903
3705,c630c_00009,96,0.5536888422210555,entropy,5,217.85843396084903
3706,c630c_00009,97,0.4762994074851871,entropy,5,217.85843396084903
3707,c630c_00009,98,0.5011750293757343,entropy,5,217.85843396084903
3708,c630c_00009,99,0.5437885947148678,entropy,5,217.85843396084903
3709,c630c_00009,100,0.6895172379309482,entropy,5,217.85843396084903
3710,c630c_00009,101,0.5391884797119928,entropy,5,217.85843396084903
3711,c630c_00009,102,0.48097452436310906,entropy,5,217.85843396084903
3712,c630c_00009,103,0.4960999024975624,entropy,5,217.85843396084903
3713,c630c_00009,104,0.5226005650141254,entropy,5,217.85843396084903
3714,c630c_00009,105,0.5012500312507813,entropy,5,217.85843396084903
3715,c630c_00009,106,0.47679941998549963,entropy,5,217.85843396084903
3716,c630c_00009,107,0.46403660091502286,entropy,5,217.85843396084903
3717,c630c_00009,108,0.5357883947098677,entropy,5,217.85843396084903
3718,c630c_00009,109,0.513612840321008,entropy,5,217.85843396084903
3719,c630c_00009,110,0.5309507737693442,entropy,5,217.85843396084903
3720,c630c_00009,111,0.5637890947273682,entropy,5,217.85843396084903
3721,c630c_00009,112,0.5181629540738518,entropy,5,217.85843396084903
3722,c630c_00009,113,0.5357008925223131,entropy,5,217.85843396084903
3723,c630c_00009,114,0.5131753293832346,entropy,5,217.85843396084903
3724,c630c_00009,115,0.4983624590614765,entropy,5,217.85843396084903
3725,c630c_00009,116,0.545651141278532,entropy,5,217.85843396084903
3726,c630c_00009,117,0.5528513212830322,entropy,5,217.85843396084903
3727,c630c_00009,118,0.5914022850571264,entropy,5,217.85843396084903
3728,c630c_00009,119,0.49868746718667967,entropy,5,217.85843396084903
3729,c630c_00009,120,0.5262506562664067,entropy,5,217.85843396084903
3730,c630c_00009,121,0.5233380834520863,entropy,5,217.85843396084903
3731,c630c_00009,122,0.4959748993724843,entropy,5,217.85843396084903
3732,c630c_00009,123,0.5388884722118052,entropy,5,217.85843396084903
3733,c630c_00009,124,0.5283382084552114,entropy,5,217.85843396084903
3734,c630c_00009,125,0.4735868396709918,entropy,5,217.85843396084903
3735,c630c_00009,126,0.49876246906172655,entropy,5,217.85843396084903
3736,c630c_00009,127,0.475774394359859,entropy,5,217.85843396084903
3737,c630c_00009,128,0.5081877046926173,entropy,5,217.85843396084903
3738,c630c_00009,129,0.5496137403435086,entropy,5,217.85843396084903
3739,c630c_00009,130,0.5964524113102827,entropy,5,217.85843396084903
3740,c630c_00009,131,0.5744893622340559,entropy,5,217.85843396084903
3741,c630c_00009,132,0.5595889897247431,entropy,5,217.85843396084903
3742,c630c_00009,133,0.47107427685692144,entropy,5,217.85843396084903
3743,c630c_00009,134,0.5541638540963525,entropy,5,217.85843396084903
3744,c630c_00009,135,0.5358258956473912,entropy,5,217.85843396084903
3745,c630c_00009,136,0.4851621290532263,entropy,5,217.85843396084903
3746,c630c_00009,137,0.551251281282032,entropy,5,217.85843396084903
3747,c630c_00009,138,0.4710492762319058,entropy,5,217.85843396084903
3748,c630c_00009,139,0.5687642191054776,entropy,5,217.85843396084903
3749,c630c_00009,140,0.49102477561939045,entropy,5,217.85843396084903
3750,c630c_00009,141,0.5387134678366959,entropy,5,217.85843396084903
3751,c630c_00009,142,0.48537463436585915,entropy,5,217.85843396084903
3752,c630c_00009,143,0.5908147703692592,entropy,5,217.85843396084903
3753,c630c_00009,144,0.5106252656316408,entropy,5,217.85843396084903
3754,c630c_00009,145,0.5468261706542663,entropy,5,217.85843396084903
3755,c630c_00009,146,0.4805995149878747,entropy,5,217.85843396084903
3756,c630c_00009,147,0.5055751393784845,entropy,5,217.85843396084903
3757,c630c_00009,148,0.6122778069451736,entropy,5,217.85843396084903
3758,c630c_00009,149,0.523288082202055,entropy,5,217.85843396084903
3759,c630c_00009,150,0.48559963999099975,entropy,5,217.85843396084903
3760,c630c_00009,151,0.5668016700417511,entropy,5,217.85843396084903
3761,c630c_00009,152,0.586427160679017,entropy,5,217.85843396084903
3762,c630c_00009,153,0.5056376409410235,entropy,5,217.85843396084903
3763,c630c_00009,154,0.5539388484712118,entropy,5,217.85843396084903
3764,c630c_00009,155,0.515750393759844,entropy,5,217.85843396084903
3765,c630c_00009,156,0.5082377059426486,entropy,5,217.85843396084903
3766,c630c_00009,157,0.5261506537663442,entropy,5,217.85843396084903
3767,c630c_00009,158,0.5786644666116654,entropy,5,217.85843396084903
3768,c630c_00009,159,0.5333383334583365,entropy,5,217.85843396084903
3769,c630c_00009,160,0.4985874646866172,entropy,5,217.85843396084903
3770,c630c_00009,161,0.5335383384584614,entropy,5,217.85843396084903
3771,c630c_00009,162,0.5171254281357034,entropy,5,217.85843396084903
3772,c630c_00009,163,0.5034625865646641,entropy,5,217.85843396084903
3773,c630c_00009,164,0.5082877071926798,entropy,5,217.85843396084903
3774,c630c_00009,165,0.47604940123503087,entropy,5,217.85843396084903
3775,c630c_00009,166,0.5106752668816721,entropy,5,217.85843396084903
3776,c630c_00009,167,0.5697142428560714,entropy,5,217.85843396084903
3777,c630c_00009,168,0.5078626965674141,entropy,5,217.85843396084903
3778,c630c_00009,169,0.5008500212505312,entropy,5,217.85843396084903
3779,c630c_00009,170,0.5351883797094927,entropy,5,217.85843396084903
3780,c630c_00009,171,0.5409385234630866,entropy,5,217.85843396084903
3781,c630c_00009,172,0.5557763944098603,entropy,5,217.85843396084903
3782,c630c_00009,173,0.5763519087977199,entropy,5,217.85843396084903
3783,c630c_00009,174,0.5497387434685868,entropy,5,217.85843396084903
3784,c630c_00009,175,0.551451286282157,entropy,5,217.85843396084903
3785,c630c_00009,176,0.5266006650166254,entropy,5,217.85843396084903
3786,c630c_00009,177,0.5893397334933373,entropy,5,217.85843396084903
3787,c630c_00009,178,0.5207755193879847,entropy,5,217.85843396084903
3788,c630c_00009,179,0.5388884722118052,entropy,5,217.85843396084903
3789,c630c_00009,180,0.5309757743943598,entropy,5,217.85843396084903
3790,c630c_00009,181,0.502675066876672,entropy,5,217.85843396084903
3791,c630c_00009,182,0.5462761569039225,entropy,5,217.85843396084903
3792,c630c_00009,183,0.5307257681442036,entropy,5,217.85843396084903
3793,c630c_00009,184,0.49564989124728115,entropy,5,217.85843396084903
3794,c630c_00009,185,0.5212755318882971,entropy,5,217.85843396084903
3795,c630c_00009,186,0.5785144628615715,entropy,5,217.85843396084903
3796,c630c_00009,187,0.5509012725318133,entropy,5,217.85843396084903
3797,c630c_00009,188,0.5687892197304932,entropy,5,217.85843396084903
3798,c630c_00009,189,0.5228130703267582,entropy,5,217.85843396084903
3799,c630c_00009,190,0.5444136103402585,entropy,5,217.85843396084903
3800,c630c_00009,191,0.5209755243881097,entropy,5,217.85843396084903
3801,c630c_00009,192,0.48069951748793716,entropy,5,217.85843396084903
3802,c630c_00009,193,0.5796144903622591,entropy,5,217.85843396084903
3803,c630c_00009,194,0.48881222030550764,entropy,5,217.85843396084903
3804,c630c_00009,195,0.5360759018975474,entropy,5,217.85843396084903
3805,c630c_00009,196,0.5408010200255007,entropy,5,217.85843396084903
3806,c630c_00009,197,0.5886397159928998,entropy,5,217.85843396084903
3807,c630c_00009,198,0.5574264356608916,entropy,5,217.85843396084903
3808,c630c_00009,199,0.49069976749418737,entropy,5,217.85843396084903
3809,c630c_00009,200,0.5430635765894147,entropy,5,217.85843396084903
3810,c630c_00009,201,0.5892647316182904,entropy,5,217.85843396084903
3811,c630c_00009,202,0.6071026775669391,entropy,5,217.85843396084903
3812,c630c_00009,203,0.6093652341308533,entropy,5,217.85843396084903
3813,c630c_00009,204,0.5590139753493837,entropy,5,217.85843396084903
3814,c630c_00009,205,0.4735368384209605,entropy,5,217.85843396084903
3815,c630c_00009,206,0.5078126953173829,entropy,5,217.85843396084903
3816,c630c_00009,207,0.5566264156603915,entropy,5,217.85843396084903
3817,c630c_00009,208,0.5058501462536563,entropy,5,217.85843396084903
3818,c630c_00009,209,0.5437885947148678,entropy,5,217.85843396084903
3819,c630c_00009,210,0.7048926223155578,entropy,5,217.85843396084903
3820,c630c_00009,211,0.511475286882172,entropy,5,217.85843396084903
3821,c630c_00009,212,0.5181129528238206,entropy,5,217.85843396084903
3822,c630c_00009,213,0.5847646191154778,entropy,5,217.85843396084903
3823,c630c_00009,214,0.5513012825320633,entropy,5,217.85843396084903
3824,c630c_00009,215,0.5236630915772894,entropy,5,217.85843396084903
3825,c630c_00009,216,0.551451286282157,entropy,5,217.85843396084903
3826,c630c_00009,217,0.5982024550613765,entropy,5,217.85843396084903
3827,c630c_00009,218,0.6641166029150729,entropy,5,217.85843396084903
3828,c630c_00009,219,0.5544388609715243,entropy,5,217.85843396084903
3829,c630c_00009,220,0.5443636090902273,entropy,5,217.85843396084903
3830,c630c_00009,221,0.5122503062576564,entropy,5,217.85843396084903
3831,c630c_00009,222,0.5556513912847821,entropy,5,217.85843396084903
3832,c630c_00009,223,0.5034875871896798,entropy,5,217.85843396084903
3833,c630c_00009,224,0.535500887522188,entropy,5,217.85843396084903
3834,c630c_00009,225,0.5358508962724068,entropy,5,217.85843396084903
3835,c630c_00009,226,0.513212830320758,entropy,5,217.85843396084903
3836,c630c_00009,227,0.5658016450411261,entropy,5,217.85843396084903
3837,c630c_00009,228,0.5354758868971725,entropy,5,217.85843396084903
3838,c630c_00009,229,0.5105002625065627,entropy,5,217.85843396084903
3839,c630c_00009,230,0.4980124503112578,entropy,5,217.85843396084903
3840,c630c_00009,231,0.5305757643941099,entropy,5,217.85843396084903
3841,c630c_00009,232,0.5661516537913448,entropy,5,217.85843396084903
3842,c630c_00009,233,0.5609765244131103,entropy,5,217.85843396084903
3843,c630c_00009,234,0.5865771644291108,entropy,5,217.85843396084903
3844,c630c_00009,235,0.5409010225255632,entropy,5,217.85843396084903
3845,c630c_00009,236,0.5011750293757343,entropy,5,217.85843396084903
3846,c630c_00009,237,0.5355758893972349,entropy,5,217.85843396084903
3847,c630c_00009,238,0.5505762644066101,entropy,5,217.85843396084903
3848,c630c_00009,239,0.5108252706317659,entropy,5,217.85843396084903
3849,c630c_00009,240,0.6520788019700492,entropy,5,217.85843396084903
3850,c630c_00009,241,0.5330633265831646,entropy,5,217.85843396084903
3851,c630c_00009,242,0.5636140903522588,entropy,5,217.85843396084903
3852,c630c_00009,243,0.5358258956473912,entropy,5,217.85843396084903
3853,c630c_00009,244,0.5983524588114703,entropy,5,217.85843396084903
3854,c630c_00009,245,0.55366384159604,entropy,5,217.85843396084903
3855,c630c_00009,246,0.4957748943723593,entropy,5,217.85843396084903
3856,c630c_00009,247,0.6267031675791894,entropy,5,217.85843396084903
3857,c630c_00009,248,0.5627765694142354,entropy,5,217.85843396084903
3858,c630c_00009,249,0.5333383334583365,entropy,5,217.85843396084903
3859,c630c_00009,250,0.5237880947023675,entropy,5,217.85843396084903
3860,c630c_00009,251,0.5847396184904623,entropy,5,217.85843396084903
3861,c630c_00009,252,0.521025525638141,entropy,5,217.85843396084903
3862,c630c_00009,253,0.5810520263006576,entropy,5,217.85843396084903
3863,c630c_00009,254,0.5408760219005475,entropy,5,217.85843396084903
3864,c630c_00009,255,0.5139128478211955,entropy,5,217.85843396084903
3865,c630c_00009,256,0.5307257681442036,entropy,5,217.85843396084903
3866,c630c_00009,257,0.5360259006475162,entropy,5,217.85843396084903
3867,c630c_00009,258,0.5483137078426961,entropy,5,217.85843396084903
3868,c630c_00009,259,0.6602915072876823,entropy,5,217.85843396084903
3869,c630c_00009,260,0.6215530388259707,entropy,5,217.85843396084903
3870,c630c_00009,261,0.5191379784494612,entropy,5,217.85843396084903
3871,c630c_00009,262,0.5066251656291407,entropy,5,217.85843396084903
3872,c630c_00009,263,0.5085127128178204,entropy,5,217.85843396084903
3873,c630c_00009,264,0.513612840321008,entropy,5,217.85843396084903
3874,c630c_00009,265,0.5005250131253282,entropy,5,217.85843396084903
3875,c630c_00009,266,0.5357508937723443,entropy,5,217.85843396084903
3876,c630c_00009,267,0.5359508987724694,entropy,5,217.85843396084903
3877,c630c_00009,268,0.526025650641266,entropy,5,217.85843396084903
3878,c630c_00009,269,0.5564014100352509,entropy,5,217.85843396084903
3879,c630c_00009,270,0.5815270381759544,entropy,5,217.85843396084903
3880,c630c_00009,271,0.5846646166154155,entropy,5,217.85843396084903
3881,c630c_00009,272,0.548388709717743,entropy,5,217.85843396084903
3882,c630c_00009,273,0.6160279006975174,entropy,5,217.85843396084903
3883,c630c_00009,274,0.5687142178554464,entropy,5,217.85843396084903
3884,c630c_00009,275,0.6028025700642516,entropy,5,217.85843396084903
3885,c630c_00009,276,0.5387384684617116,entropy,5,217.85843396084903
3886,c630c_00009,277,0.5462261556538913,entropy,5,217.85843396084903
3887,c630c_00009,278,0.5814770369259231,entropy,5,217.85843396084903
3888,c630c_00009,279,0.5032125803145079,entropy,5,217.85843396084903
3889,c630c_00009,280,0.5309507737693442,entropy,5,217.85843396084903
3890,c630c_00009,281,0.5331133278331959,entropy,5,217.85843396084903
3891,c630c_00009,282,0.6129028225705643,entropy,5,217.85843396084903
3892,c630c_00009,283,0.5581139528488213,entropy,5,217.85843396084903
3893,c630c_00009,284,0.49338733468336704,entropy,5,217.85843396084903
3894,c630c_00009,285,0.49057476436910924,entropy,5,217.85843396084903
3895,c630c_00009,286,0.5431885797144929,entropy,5,217.85843396084903
3896,c630c_00009,287,0.5412510312757819,entropy,5,217.85843396084903
3897,c630c_00009,288,0.5128878221955548,entropy,5,217.85843396084903
3898,c630c_00009,289,0.5407510187754694,entropy,5,217.85843396084903
3899,c630c_00009,290,0.4582364559113978,entropy,5,217.85843396084903
3900,c630c_00009,291,0.5182629565739143,entropy,5,217.85843396084903
3901,c630c_00009,292,0.5486637165929148,entropy,5,217.85843396084903
3902,c630c_00009,293,0.5214755368884222,entropy,5,217.85843396084903
3903,c630c_00009,294,0.5786394659866496,entropy,5,217.85843396084903
3904,c630c_00009,295,0.5200130003250081,entropy,5,217.85843396084903
3905,c630c_00009,296,0.5511262781569539,entropy,5,217.85843396084903
3906,c630c_00009,297,0.5280882022050551,entropy,5,217.85843396084903
3907,c630c_00009,298,0.4884872121803045,entropy,5,217.85843396084903
3908,c630c_00009,299,0.6127278181954549,entropy,5,217.85843396084903
3909,c630c_00009,300,0.5432635815895398,entropy,5,217.85843396084903
3910,c630c_00009,301,0.5332133303332584,entropy,5,217.85843396084903
3911,c630c_00009,302,0.5414510362759068,entropy,5,217.85843396084903
3912,c630c_00009,303,0.5455261381534539,entropy,5,217.85843396084903
3913,c630c_00009,304,0.5609765244131103,entropy,5,217.85843396084903
3914,c630c_00009,305,0.6220030500762519,entropy,5,217.85843396084903
3915,c630c_00009,306,0.5086377159428985,entropy,5,217.85843396084903
3916,c630c_00009,307,0.5415510387759694,entropy,5,217.85843396084903
3917,c630c_00009,308,0.5881897047426186,entropy,5,217.85843396084903
3918,c630c_00009,309,0.5283132078301958,entropy,5,217.85843396084903
3919,c630c_00009,310,0.6173529338233457,entropy,5,217.85843396084903
3920,c630c_00009,311,0.5214755368884222,entropy,5,217.85843396084903
3921,c630c_00009,312,0.5361509037725943,entropy,5,217.85843396084903
3922,c630c_00009,313,0.5052251306282657,entropy,5,217.85843396084903
3923,c630c_00009,314,0.5277131928298208,entropy,5,217.85843396084903
3924,c630c_00009,315,0.5842396059901498,entropy,5,217.85843396084903
3925,c630c_00009,316,0.48831220780519513,entropy,5,217.85843396084903
3926,c630c_00009,317,0.5862771569289232,entropy,5,217.85843396084903
3927,c630c_00009,318,0.5028375709392735,entropy,5,217.85843396084903
3928,c630c_00009,319,0.5701642541063526,entropy,5,217.85843396084903
3929,c630c_00009,320,0.5338633465836646,entropy,5,217.85843396084903
3930,c630c_00009,321,0.5543138578464462,entropy,5,217.85843396084903
3931,c630c_00009,322,0.5967524188104703,entropy,5,217.85843396084903
3932,c630c_00009,323,0.513612840321008,entropy,5,217.85843396084903
3933,c630c_00009,324,0.5079876996924922,entropy,5,217.85843396084903
3934,c630c_00009,325,0.49338733468336704,entropy,5,217.85843396084903
3935,c630c_00009,326,0.530163254081352,entropy,5,217.85843396084903
3936,c630c_00009,327,0.4903747593689842,entropy,5,217.85843396084903
3937,c630c_00009,328,0.5638890972274306,entropy,5,217.85843396084903
3938,c630c_00009,329,0.5887397184929624,entropy,5,217.85843396084903
3939,c630c_00009,330,0.5635640891022276,entropy,5,217.85843396084903
3940,c630c_00009,331,0.566201655041376,entropy,5,217.85843396084903
3941,c630c_00009,332,0.5710517762944074,entropy,5,217.85843396084903
3942,c630c_00009,333,0.5534638365959149,entropy,5,217.85843396084903
3943,c630c_00009,334,0.5739143478586964,entropy,5,217.85843396084903
3944,c630c_00009,335,0.5007500187504688,entropy,5,217.85843396084903
3945,c630c_00009,336,0.549188729718243,entropy,5,217.85843396084903
3946,c630c_00009,337,0.576076901922548,entropy,5,217.85843396084903
3947,c630c_00009,338,0.6006275156878922,entropy,5,217.85843396084903
3948,c630c_00009,339,0.5665766644166104,entropy,5,217.85843396084903
3949,c630c_00009,340,0.5357508937723443,entropy,5,217.85843396084903
3950,c630c_00009,341,0.4929623240581015,entropy,5,217.85843396084903
3951,c630c_00009,342,0.5260506512662816,entropy,5,217.85843396084903
3952,c630c_00009,343,0.4883372084302108,entropy,5,217.85843396084903
3953,c630c_00009,344,0.4828370709267732,entropy,5,217.85843396084903
3954,c630c_00009,345,0.5859146478661966,entropy,5,217.85843396084903
3955,c630c_00009,346,0.5611515287882197,entropy,5,217.85843396084903
3956,c630c_00009,347,0.6770794269856746,entropy,5,217.85843396084903
3957,c630c_00009,348,0.4956748918722968,entropy,5,217.85843396084903
3958,c630c_00009,349,0.5209755243881097,entropy,5,217.85843396084903
3959,c630c_00009,350,0.5718267956698917,entropy,5,217.85843396084903
3960,c630c_00009,351,0.4958748968724218,entropy,5,217.85843396084903
3961,c630c_00009,352,0.5772019300482512,entropy,5,217.85843396084903
3962,c630c_00009,353,0.5394884872121803,entropy,5,217.85843396084903
3963,c630c_00009,354,0.5053501337533438,entropy,5,217.85843396084903
3964,c630c_00009,355,0.5487137178429461,entropy,5,217.85843396084903
3965,c630c_00009,356,0.5410760269006725,entropy,5,217.85843396084903
3966,c630c_00009,357,0.5782894572364309,entropy,5,217.85843396084903
3967,c630c_00009,358,0.6049401235030876,entropy,5,217.85843396084903
3968,c630c_00009,359,0.4681367034175854,entropy,5,217.85843396084903
3969,c630c_00009,360,0.576551913797845,entropy,5,217.85843396084903
3970,c630c_00009,361,0.5506137653441336,entropy,5,217.85843396084903
3971,c630c_00009,362,0.5113002825070627,entropy,5,217.85843396084903
3972,c630c_00009,363,0.5013000325008126,entropy,5,217.85843396084903
3973,c630c_00009,364,0.5312882822070552,entropy,5,217.85843396084903
3974,c630c_00009,365,0.568739218480462,entropy,5,217.85843396084903
3975,c630c_00009,366,0.5959773994349858,entropy,5,217.85843396084903
3976,c630c_00009,367,0.49144978624465613,entropy,5,217.85843396084903
3977,c630c_00009,368,0.5161004025100627,entropy,5,217.85843396084903
3978,c630c_00009,369,0.5185629640741019,entropy,5,217.85843396084903
3979,c630c_00009,370,0.5647891197279933,entropy,5,217.85843396084903
3980,c630c_00009,371,0.5841146028650717,entropy,5,217.85843396084903
3981,c630c_00009,372,0.5888397209930248,entropy,5,217.85843396084903
3982,c630c_00009,373,0.5939148478711967,entropy,5,217.85843396084903
3983,c630c_00009,374,0.5336383409585239,entropy,5,217.85843396084903
3984,c630c_00009,375,0.5344133603340083,entropy,5,217.85843396084903
3985,c630c_00009,376,0.4984374609365234,entropy,5,217.85843396084903
3986,c630c_00009,377,0.558388959723993,entropy,5,217.85843396084903
3987,c630c_00009,378,0.58115202880072,entropy,5,217.85843396084903
3988,c630c_00009,379,0.5340883522088052,entropy,5,217.85843396084903
3989,c630c_00009,380,0.5603765094127353,entropy,5,217.85843396084903
3990,c630c_00009,381,0.6521788044701118,entropy,5,217.85843396084903
3991,c630c_00009,382,0.5585389634740868,entropy,5,217.85843396084903
3992,c630c_00009,383,0.593964849121228,entropy,5,217.85843396084903
3993,c630c_00009,384,0.5910147753693842,entropy,5,217.85843396084903
3994,c630c_00009,385,0.5614265356633916,entropy,5,217.85843396084903
3995,c630c_00009,386,0.49134978374459365,entropy,5,217.85843396084903
3996,c630c_00009,387,0.5888647216180405,entropy,5,217.85843396084903
3997,c630c_00009,388,0.5813020325508138,entropy,5,217.85843396084903
3998,c630c_00009,389,0.5359508987724694,entropy,5,217.85843396084903
3999,c630c_00009,390,0.5007250181254531,entropy,5,217.85843396084903
4000,c630c_00009,391,0.5264256606415161,entropy,5,217.85843396084903
4001,c630c_00009,392,0.5865521638040951,entropy,5,217.85843396084903
4002,c630c_00009,393,0.5745893647341184,entropy,5,217.85843396084903
4003,c630c_00009,394,0.5687892197304932,entropy,5,217.85843396084903
4004,c630c_00009,395,0.5991149778744469,entropy,5,217.85843396084903
4005,c630c_00009,396,0.526300657516438,entropy,5,217.85843396084903
4006,c630c_00009,397,0.5517762944073602,entropy,5,217.85843396084903
4007,c630c_00009,398,0.5867271681792045,entropy,5,217.85843396084903
4008,c630c_00009,399,0.5547638690967274,entropy,5,217.85843396084903
4009,c630c_00009,400,0.46129903247581194,entropy,5,217.85843396084903
4010,c630c_00010,0,0.5625515637890948,marginal_confidence,1,246.97460561514038
4011,c630c_00010,1,0.5609890247256182,marginal_confidence,1,246.97460561514038
4012,c630c_00010,2,0.4802620065501637,marginal_confidence,1,246.97460561514038
4013,c630c_00010,3,0.6106902672566814,marginal_confidence,1,246.97460561514038
4014,c630c_00010,4,0.5879771994299857,marginal_confidence,1,246.97460561514038
4015,c630c_00010,5,0.598502462561564,marginal_confidence,1,246.97460561514038
4016,c630c_00010,6,0.6688292207305183,marginal_confidence,1,246.97460561514038
4017,c630c_00010,7,0.6510412760319008,marginal_confidence,1,246.97460561514038
4018,c630c_00010,8,0.5764894122353059,marginal_confidence,1,246.97460561514038
4019,c630c_00010,9,0.7013675341883547,marginal_confidence,1,246.97460561514038
4020,c630c_00010,10,0.5214380359508988,marginal_confidence,1,246.97460561514038
4021,c630c_00010,11,0.46993674841871047,marginal_confidence,1,246.97460561514038
4022,c630c_00010,12,0.4748868721718043,marginal_confidence,1,246.97460561514038
4023,c630c_00010,13,0.5791019775494387,marginal_confidence,1,246.97460561514038
4024,c630c_00010,14,0.6113402835070877,marginal_confidence,1,246.97460561514038
4025,c630c_00010,15,0.6784794619865497,marginal_confidence,1,246.97460561514038
4026,c630c_00010,16,0.6005650141253531,marginal_confidence,1,246.97460561514038
4027,c630c_00010,17,0.6231780794519863,marginal_confidence,1,246.97460561514038
4028,c630c_00010,18,0.5941523538088452,marginal_confidence,1,246.97460561514038
4029,c630c_00010,19,0.5804395109877747,marginal_confidence,1,246.97460561514038
4030,c630c_00010,20,0.5986274656866422,marginal_confidence,1,246.97460561514038
4031,c630c_00010,21,0.5495387384684617,marginal_confidence,1,246.97460561514038
4032,c630c_00010,22,0.6054651366284157,marginal_confidence,1,246.97460561514038
4033,c630c_00010,23,0.5315382884572114,marginal_confidence,1,246.97460561514038
4034,c630c_00010,24,0.5937023425585639,marginal_confidence,1,246.97460561514038
4035,c630c_00010,25,0.6164154103852596,marginal_confidence,1,246.97460561514038
4036,c630c_00010,26,0.5760644016100402,marginal_confidence,1,246.97460561514038
4037,c630c_00010,27,0.6081277031925798,marginal_confidence,1,246.97460561514038
4038,c630c_00010,28,0.5983274581864546,marginal_confidence,1,246.97460561514038
4039,c630c_00010,29,0.6541288532213305,marginal_confidence,1,246.97460561514038
4040,c630c_00010,30,0.7061676541913547,marginal_confidence,1,246.97460561514038
4041,c630c_00010,31,0.6213155328883222,marginal_confidence,1,246.97460561514038
4042,c630c_00010,32,0.6115902897572439,marginal_confidence,1,246.97460561514038
4043,c630c_00010,33,0.5310882772069302,marginal_confidence,1,246.97460561514038
4044,c630c_00010,34,0.5745143628590715,marginal_confidence,1,246.97460561514038
4045,c630c_00010,35,0.608652716317908,marginal_confidence,1,246.97460561514038
4046,c630c_00010,36,0.5516137903447587,marginal_confidence,1,246.97460561514038
4047,c630c_00010,37,0.5837770944273607,marginal_confidence,1,246.97460561514038
4048,c630c_00010,38,0.5941523538088452,marginal_confidence,1,246.97460561514038
4049,c630c_00010,39,0.6162404060101503,marginal_confidence,1,246.97460561514038
4050,c630c_00010,40,0.6030775769394234,marginal_confidence,1,246.97460561514038
4051,c630c_00010,41,0.6508662716567915,marginal_confidence,1,246.97460561514038
4052,c630c_00010,42,0.61932798319958,marginal_confidence,1,246.97460561514038
4053,c630c_00010,43,0.5788269706742668,marginal_confidence,1,246.97460561514038
4054,c630c_00010,44,0.6229530738268456,marginal_confidence,1,246.97460561514038
4055,c630c_00010,45,0.6014650366259157,marginal_confidence,1,246.97460561514038
4056,c630c_00010,46,0.5792519812995325,marginal_confidence,1,246.97460561514038
4057,c630c_00010,47,0.6388284707117678,marginal_confidence,1,246.97460561514038
4058,c630c_00010,48,0.6033025825645641,marginal_confidence,1,246.97460561514038
4059,c630c_00010,49,0.6408910222755568,marginal_confidence,1,246.97460561514038
4060,c630c_00010,50,0.6310407760194005,marginal_confidence,1,246.97460561514038
4061,c630c_00010,51,0.6316907922698067,marginal_confidence,1,246.97460561514038
4062,c630c_00010,52,0.5704642616065402,marginal_confidence,1,246.97460561514038
4063,c630c_00010,53,0.6382284557113928,marginal_confidence,1,246.97460561514038
4064,c630c_00010,54,0.5835020875521888,marginal_confidence,1,246.97460561514038
4065,c630c_00010,55,0.6058401460036501,marginal_confidence,1,246.97460561514038
4066,c630c_00010,56,0.5565389134728368,marginal_confidence,1,246.97460561514038
4067,c630c_00010,57,0.613652841321033,marginal_confidence,1,246.97460561514038
4068,c630c_00010,58,0.5461636540913524,marginal_confidence,1,246.97460561514038
4069,c630c_00010,59,0.6205905147628691,marginal_confidence,1,246.97460561514038
4070,c630c_00010,60,0.6585289632240806,marginal_confidence,1,246.97460561514038
4071,c630c_00010,61,0.6439285982149554,marginal_confidence,1,246.97460561514038
4072,c630c_00010,62,0.6392284807120179,marginal_confidence,1,246.97460561514038
4073,c630c_00010,63,0.5609640241006025,marginal_confidence,1,246.97460561514038
4074,c630c_00010,64,0.6130278256956424,marginal_confidence,1,246.97460561514038
4075,c630c_00010,65,0.6063901597539939,marginal_confidence,1,246.97460561514038
4076,c630c_00010,66,0.5920273006825171,marginal_confidence,1,246.97460561514038
4077,c630c_00010,67,0.5808145203630091,marginal_confidence,1,246.97460561514038
4078,c630c_00010,68,0.6363909097727443,marginal_confidence,1,246.97460561514038
4079,c630c_00010,69,0.5635015875396885,marginal_confidence,1,246.97460561514038
4080,c630c_00010,70,0.5931273281832046,marginal_confidence,1,246.97460561514038
4081,c630c_00010,71,0.6093277331933298,marginal_confidence,1,246.97460561514038
4082,c630c_00010,72,0.5293507337683442,marginal_confidence,1,246.97460561514038
4083,c630c_00010,73,0.5828770719267982,marginal_confidence,1,246.97460561514038
4084,c630c_00010,74,0.6211155278881972,marginal_confidence,1,246.97460561514038
4085,c630c_00010,75,0.6458411460286507,marginal_confidence,1,246.97460561514038
4086,c630c_00010,76,0.6042776069401735,marginal_confidence,1,246.97460561514038
4087,c630c_00010,77,0.590564764119103,marginal_confidence,1,246.97460561514038
4088,c630c_00010,78,0.683129578239456,marginal_confidence,1,246.97460561514038
4089,c630c_00010,79,0.6540038500962524,marginal_confidence,1,246.97460561514038
4090,c630c_00010,80,0.6155153878846971,marginal_confidence,1,246.97460561514038
4091,c630c_00010,81,0.6159153978849471,marginal_confidence,1,246.97460561514038
4092,c630c_00010,82,0.5959648991224781,marginal_confidence,1,246.97460561514038
4093,c630c_00010,83,0.5771019275481887,marginal_confidence,1,246.97460561514038
4094,c630c_00010,84,0.5607390184754619,marginal_confidence,1,246.97460561514038
4095,c630c_00010,85,0.6154653866346658,marginal_confidence,1,246.97460561514038
4096,c630c_00010,86,0.5330758268956723,marginal_confidence,1,246.97460561514038
4097,c630c_00010,87,0.6088277206930173,marginal_confidence,1,246.97460561514038
4098,c630c_00010,88,0.5578264456611415,marginal_confidence,1,246.97460561514038
4099,c630c_00010,89,0.5980274506862672,marginal_confidence,1,246.97460561514038
4100,c630c_00010,90,0.6058401460036501,marginal_confidence,1,246.97460561514038
4101,c630c_00010,91,0.6004900122503063,marginal_confidence,1,246.97460561514038
4102,c630c_00010,92,0.5707142678566964,marginal_confidence,1,246.97460561514038
4103,c630c_00010,93,0.5555638890972274,marginal_confidence,1,246.97460561514038
4104,c630c_00010,94,0.5905147628690717,marginal_confidence,1,246.97460561514038
4105,c630c_00010,95,0.6235530888272207,marginal_confidence,1,246.97460561514038
4106,c630c_00010,96,0.6130778269456737,marginal_confidence,1,246.97460561514038
4107,c630c_00010,97,0.568276706917673,marginal_confidence,1,246.97460561514038
4108,c630c_00010,98,0.5955898897472437,marginal_confidence,1,246.97460561514038
4109,c630c_00010,99,0.6005650141253531,marginal_confidence,1,246.97460561514038
4110,c630c_00010,100,0.6284282107052677,marginal_confidence,1,246.97460561514038
4111,c630c_00010,101,0.5682267056676417,marginal_confidence,1,246.97460561514038
4112,c630c_00010,102,0.640291007275182,marginal_confidence,1,246.97460561514038
4113,c630c_00010,103,0.5681767044176105,marginal_confidence,1,246.97460561514038
4114,c630c_00010,104,0.6241031025775644,marginal_confidence,1,246.97460561514038
4115,c630c_00010,105,0.6406910172754319,marginal_confidence,1,246.97460561514038
4116,c630c_00010,106,0.6129528238205955,marginal_confidence,1,246.97460561514038
4117,c630c_00010,107,0.681592039800995,marginal_confidence,1,246.97460561514038
4118,c630c_00010,108,0.5834020850521263,marginal_confidence,1,246.97460561514038
4119,c630c_00010,109,0.5961149028725719,marginal_confidence,1,246.97460561514038
4120,c630c_00010,110,0.6059151478786969,marginal_confidence,1,246.97460561514038
4121,c630c_00010,111,0.5778769469236731,marginal_confidence,1,246.97460561514038
4122,c630c_00010,112,0.5260131503287583,marginal_confidence,1,246.97460561514038
4123,c630c_00010,113,0.5980024500612515,marginal_confidence,1,246.97460561514038
4124,c630c_00010,114,0.5301132528313208,marginal_confidence,1,246.97460561514038
4125,c630c_00010,115,0.5794269856746419,marginal_confidence,1,246.97460561514038
4126,c630c_00010,116,0.6188779719492987,marginal_confidence,1,246.97460561514038
4127,c630c_00010,117,0.6054901372534314,marginal_confidence,1,246.97460561514038
4128,c630c_00010,118,0.5563639090977275,marginal_confidence,1,246.97460561514038
4129,c630c_00010,119,0.6858921473036825,marginal_confidence,1,246.97460561514038
4130,c630c_00010,120,0.5980024500612515,marginal_confidence,1,246.97460561514038
4131,c630c_00010,121,0.605115127878197,marginal_confidence,1,246.97460561514038
4132,c630c_00010,122,0.6651916297907448,marginal_confidence,1,246.97460561514038
4133,c630c_00010,123,0.6734543363584089,marginal_confidence,1,246.97460561514038
4134,c630c_00010,124,0.587827195679892,marginal_confidence,1,246.97460561514038
4135,c630c_00010,125,0.6305907647691192,marginal_confidence,1,246.97460561514038
4136,c630c_00010,126,0.7274806870171755,marginal_confidence,1,246.97460561514038
4137,c630c_00010,127,0.6987799694992375,marginal_confidence,1,246.97460561514038
4138,c630c_00010,128,0.57715192879822,marginal_confidence,1,246.97460561514038
4139,c630c_00010,129,0.5665891647291182,marginal_confidence,1,246.97460561514038
4140,c630c_00010,130,0.5566389159728994,marginal_confidence,1,246.97460561514038
4141,c630c_00010,131,0.6079276981924548,marginal_confidence,1,246.97460561514038
4142,c630c_00010,132,0.6032275806895173,marginal_confidence,1,246.97460561514038
4143,c630c_00010,133,0.6807170179254481,marginal_confidence,1,246.97460561514038
4144,c630c_00010,134,0.5956148903722593,marginal_confidence,1,246.97460561514038
4145,c630c_00010,135,0.6009400235005875,marginal_confidence,1,246.97460561514038
4146,c630c_00010,136,0.6734543363584089,marginal_confidence,1,246.97460561514038
4147,c630c_00010,137,0.6428535713392834,marginal_confidence,1,246.97460561514038
4148,c630c_00010,138,0.5831770794269857,marginal_confidence,1,246.97460561514038
4149,c630c_00010,139,0.5904397609940248,marginal_confidence,1,246.97460561514038
4150,c630c_00010,140,0.5807895197379934,marginal_confidence,1,246.97460561514038
4151,c630c_00010,141,0.6184779619490487,marginal_confidence,1,246.97460561514038
4152,c630c_00010,142,0.6054651366284157,marginal_confidence,1,246.97460561514038
4153,c630c_00010,143,0.6763419085477137,marginal_confidence,1,246.97460561514038
4154,c630c_00010,144,0.604715117877947,marginal_confidence,1,246.97460561514038
4155,c630c_00010,145,0.665241631040776,marginal_confidence,1,246.97460561514038
4156,c630c_00010,146,0.5278006950173755,marginal_confidence,1,246.97460561514038
4157,c630c_00010,147,0.568276706917673,marginal_confidence,1,246.97460561514038
4158,c630c_00010,148,0.5532263306582664,marginal_confidence,1,246.97460561514038
4159,c630c_00010,149,0.6451411285282131,marginal_confidence,1,246.97460561514038
4160,c630c_00010,150,0.6675291882297057,marginal_confidence,1,246.97460561514038
4161,c630c_00010,151,0.6826295657391435,marginal_confidence,1,246.97460561514038
4162,c630c_00010,152,0.5508637715942899,marginal_confidence,1,246.97460561514038
4163,c630c_00010,153,0.5781269531738293,marginal_confidence,1,246.97460561514038
4164,c630c_00010,154,0.7145928648216205,marginal_confidence,1,246.97460561514038
4165,c630c_00010,155,0.5236005900147503,marginal_confidence,1,246.97460561514038
4166,c630c_00010,156,0.7056926423160579,marginal_confidence,1,246.97460561514038
4167,c630c_00010,157,0.5913147828695717,marginal_confidence,1,246.97460561514038
4168,c630c_00010,158,0.6427035675891897,marginal_confidence,1,246.97460561514038
4169,c630c_00010,159,0.6186279656991425,marginal_confidence,1,246.97460561514038
4170,c630c_00010,160,0.7429810745268632,marginal_confidence,1,246.97460561514038
4171,c630c_00010,161,0.6255406385159629,marginal_confidence,1,246.97460561514038
4172,c630c_00010,162,0.5960899022475562,marginal_confidence,1,246.97460561514038
4173,c630c_00010,163,0.55646391159779,marginal_confidence,1,246.97460561514038
4174,c630c_00010,164,0.6528788219705493,marginal_confidence,1,246.97460561514038
4175,c630c_00010,165,0.5654391359783995,marginal_confidence,1,246.97460561514038
4176,c630c_00010,166,0.682929573239331,marginal_confidence,1,246.97460561514038
4177,c630c_00010,167,0.6212155303882597,marginal_confidence,1,246.97460561514038
4178,c630c_00010,168,0.6659666491662292,marginal_confidence,1,246.97460561514038
4179,c630c_00010,169,0.6809420235505887,marginal_confidence,1,246.97460561514038
4180,c630c_00010,170,0.6026025650641267,marginal_confidence,1,246.97460561514038
4181,c630c_00010,171,0.5233505837645941,marginal_confidence,1,246.97460561514038
4182,c630c_00010,172,0.6502412560314008,marginal_confidence,1,246.97460561514038
4183,c630c_00010,173,0.6157403935098378,marginal_confidence,1,246.97460561514038
4184,c630c_00010,174,0.8052951323783095,marginal_confidence,1,246.97460561514038
4185,c630c_00010,175,0.6388284707117678,marginal_confidence,1,246.97460561514038
4186,c630c_00010,176,0.5234005850146254,marginal_confidence,1,246.97460561514038
4187,c630c_00010,177,0.5800395009875247,marginal_confidence,1,246.97460561514038
4188,c630c_00010,178,0.5028250706267656,marginal_confidence,1,246.97460561514038
4189,c630c_00010,179,0.6105652641316033,marginal_confidence,1,246.97460561514038
4190,c630c_00010,180,0.6735293382334558,marginal_confidence,1,246.97460561514038
4191,c630c_00010,181,0.6505912647816195,marginal_confidence,1,246.97460561514038
4192,c630c_00010,182,0.7387059676491913,marginal_confidence,1,246.97460561514038
4193,c630c_00010,183,0.573476836920923,marginal_confidence,1,246.97460561514038
4194,c630c_00010,184,0.6054651366284157,marginal_confidence,1,246.97460561514038
4195,c630c_00010,185,0.7048676216905423,marginal_confidence,1,246.97460561514038
4196,c630c_00010,186,0.6678791969799245,marginal_confidence,1,246.97460561514038
4197,c630c_00010,187,0.6178029450736269,marginal_confidence,1,246.97460561514038
4198,c630c_00010,188,0.5639515987899697,marginal_confidence,1,246.97460561514038
4199,c630c_00010,189,0.6062151553788845,marginal_confidence,1,246.97460561514038
4200,c630c_00010,190,0.7883822095552389,marginal_confidence,1,246.97460561514038
4201,c630c_00010,191,0.7057926448161204,marginal_confidence,1,246.97460561514038
4202,c630c_00010,192,0.6460411510287758,marginal_confidence,1,246.97460561514038
4203,c630c_00010,193,0.6088027200680017,marginal_confidence,1,246.97460561514038
4204,c630c_00010,194,0.6080277006925173,marginal_confidence,1,246.97460561514038
4205,c630c_00010,195,0.7111927798194955,marginal_confidence,1,246.97460561514038
4206,c630c_00010,196,0.6954423860596515,marginal_confidence,1,246.97460561514038
4207,c630c_00010,197,0.6431035775894397,marginal_confidence,1,246.97460561514038
4208,c630c_00010,198,0.7752693817345434,marginal_confidence,1,246.97460561514038
4209,c630c_00010,199,0.6106402660066501,marginal_confidence,1,246.97460561514038
4210,c630c_00010,200,0.6285282132053301,marginal_confidence,1,246.97460561514038
4211,c630c_00010,201,0.6002150053751344,marginal_confidence,1,246.97460561514038
4212,c630c_00010,202,0.6010900272506813,marginal_confidence,1,246.97460561514038
4213,c630c_00010,203,0.7733818345458636,marginal_confidence,1,246.97460561514038
4214,c630c_00010,204,0.6090277256931423,marginal_confidence,1,246.97460561514038
4215,c630c_00010,205,0.6933048326208155,marginal_confidence,1,246.97460561514038
4216,c630c_00010,206,0.5660891522288057,marginal_confidence,1,246.97460561514038
4217,c630c_00010,207,0.7159678991974799,marginal_confidence,1,246.97460561514038
4218,c630c_00010,208,0.7037300932523314,marginal_confidence,1,246.97460561514038
4219,c630c_00010,209,0.6652666316657916,marginal_confidence,1,246.97460561514038
4220,c630c_00010,210,0.6140278506962674,marginal_confidence,1,246.97460561514038
4221,c630c_00010,211,0.53857596439911,marginal_confidence,1,246.97460561514038
4222,c630c_00010,212,0.685467136678417,marginal_confidence,1,246.97460561514038
4223,c630c_00010,213,0.6255156378909472,marginal_confidence,1,246.97460561514038
4224,c630c_00010,214,0.6059901497537439,marginal_confidence,1,246.97460561514038
4225,c630c_00010,215,0.5578264456611415,marginal_confidence,1,246.97460561514038
4226,c630c_00010,216,0.703555088877222,marginal_confidence,1,246.97460561514038
4227,c630c_00010,217,0.555788894722368,marginal_confidence,1,246.97460561514038
4228,c630c_00010,218,0.6359658991474787,marginal_confidence,1,246.97460561514038
4229,c630c_00010,219,0.5854896372409311,marginal_confidence,1,246.97460561514038
4230,c630c_00010,220,0.5352883822095552,marginal_confidence,1,246.97460561514038
4231,c630c_00010,221,0.6937548438710968,marginal_confidence,1,246.97460561514038
4232,c630c_00010,222,0.6350658766469162,marginal_confidence,1,246.97460561514038
4233,c630c_00010,223,0.6516162904072602,marginal_confidence,1,246.97460561514038
4234,c630c_00010,224,0.683129578239456,marginal_confidence,1,246.97460561514038
4235,c630c_00010,225,0.5460136503412585,marginal_confidence,1,246.97460561514038
4236,c630c_00010,226,0.6886797169929249,marginal_confidence,1,246.97460561514038
4237,c630c_00010,227,0.5879271981799545,marginal_confidence,1,246.97460561514038
4238,c630c_00010,228,0.6464161604040102,marginal_confidence,1,246.97460561514038
4239,c630c_00010,229,0.6582039550988774,marginal_confidence,1,246.97460561514038
4240,c630c_00010,230,0.5879521988049702,marginal_confidence,1,246.97460561514038
4241,c630c_00010,231,0.7298932473311832,marginal_confidence,1,246.97460561514038
4242,c630c_00010,232,0.6060901522538064,marginal_confidence,1,246.97460561514038
4243,c630c_00010,233,0.6560664016600415,marginal_confidence,1,246.97460561514038
4244,c630c_00010,234,0.7784069601740043,marginal_confidence,1,246.97460561514038
4245,c630c_00010,235,0.7049676241906048,marginal_confidence,1,246.97460561514038
4246,c630c_00010,236,0.7383059576489412,marginal_confidence,1,246.97460561514038
4247,c630c_00010,237,0.6422535563389085,marginal_confidence,1,246.97460561514038
4248,c630c_00010,238,0.6280532013300333,marginal_confidence,1,246.97460561514038
4249,c630c_00010,239,0.6560414010350258,marginal_confidence,1,246.97460561514038
4250,c630c_00010,240,0.713430335758394,marginal_confidence,1,246.97460561514038
4251,c630c_00010,241,0.6675791894797369,marginal_confidence,1,246.97460561514038
4252,c630c_00010,242,0.6579289482237056,marginal_confidence,1,246.97460561514038
4253,c630c_00010,243,0.6329283232080802,marginal_confidence,1,246.97460561514038
4254,c630c_00010,244,0.6458161454036351,marginal_confidence,1,246.97460561514038
4255,c630c_00010,245,0.6180029500737518,marginal_confidence,1,246.97460561514038
4256,c630c_00010,246,0.7654441361034026,marginal_confidence,1,246.97460561514038
4257,c630c_00010,247,0.6609665241631041,marginal_confidence,1,246.97460561514038
4258,c630c_00010,248,0.6341033525838147,marginal_confidence,1,246.97460561514038
4259,c630c_00010,249,0.6214905372634316,marginal_confidence,1,246.97460561514038
4260,c630c_00010,250,0.5278006950173755,marginal_confidence,1,246.97460561514038
4261,c630c_00010,251,0.5886022150553764,marginal_confidence,1,246.97460561514038
4262,c630c_00010,252,0.5757143928598215,marginal_confidence,1,246.97460561514038
4263,c630c_00010,253,0.5710142753568839,marginal_confidence,1,246.97460561514038
4264,c630c_00010,254,0.5536513412835321,marginal_confidence,1,246.97460561514038
4265,c630c_00010,255,0.6983299582489562,marginal_confidence,1,246.97460561514038
4266,c630c_00010,256,0.5436760919022976,marginal_confidence,1,246.97460561514038
4267,c630c_00010,257,0.5613890347258681,marginal_confidence,1,246.97460561514038
4268,c630c_00010,258,0.6363909097727443,marginal_confidence,1,246.97460561514038
4269,c630c_00010,259,0.5629765744143603,marginal_confidence,1,246.97460561514038
4270,c630c_00010,260,0.5081752043801095,marginal_confidence,1,246.97460561514038
4271,c630c_00010,261,0.7133053326333159,marginal_confidence,1,246.97460561514038
4272,c630c_00010,262,0.6458161454036351,marginal_confidence,1,246.97460561514038
4273,c630c_00010,263,0.6808920223005575,marginal_confidence,1,246.97460561514038
4274,c630c_00010,264,0.6030025750643766,marginal_confidence,1,246.97460561514038
4275,c630c_00010,265,0.6091527288182205,marginal_confidence,1,246.97460561514038
4276,c630c_00010,266,0.5485012125303133,marginal_confidence,1,246.97460561514038
4277,c630c_00010,267,0.6733793344833621,marginal_confidence,1,246.97460561514038
4278,c630c_00010,268,0.6729043226080652,marginal_confidence,1,246.97460561514038
4279,c630c_00010,269,0.5411385284632115,marginal_confidence,1,246.97460561514038
4280,c630c_00010,270,0.6030525763144079,marginal_confidence,1,246.97460561514038
4281,c630c_00010,271,0.5930773269331733,marginal_confidence,1,246.97460561514038
4282,c630c_00010,272,0.5866146653666342,marginal_confidence,1,246.97460561514038
4283,c630c_00010,273,0.5537513437835946,marginal_confidence,1,246.97460561514038
4284,c630c_00010,274,0.5685517137928449,marginal_confidence,1,246.97460561514038
4285,c630c_00010,275,0.5901147528688218,marginal_confidence,1,246.97460561514038
4286,c630c_00010,276,0.6980799519987999,marginal_confidence,1,246.97460561514038
4287,c630c_00010,277,0.6299907497687443,marginal_confidence,1,246.97460561514038
4288,c630c_00010,278,0.7029300732518313,marginal_confidence,1,246.97460561514038
4289,c630c_00010,279,0.5532263306582664,marginal_confidence,1,246.97460561514038
4290,c630c_00010,280,0.6283532088302208,marginal_confidence,1,246.97460561514038
4291,c630c_00010,281,0.6285782144553613,marginal_confidence,1,246.97460561514038
4292,c630c_00010,282,0.725843146078652,marginal_confidence,1,246.97460561514038
4293,c630c_00010,283,0.5909397734943374,marginal_confidence,1,246.97460561514038
4294,c630c_00010,284,0.6002900072501812,marginal_confidence,1,246.97460561514038
4295,c630c_00010,285,0.6601165029125728,marginal_confidence,1,246.97460561514038
4296,c630c_00010,286,0.5730518262956574,marginal_confidence,1,246.97460561514038
4297,c630c_00010,287,0.6858421460536513,marginal_confidence,1,246.97460561514038
4298,c630c_00010,288,0.5791019775494387,marginal_confidence,1,246.97460561514038
4299,c630c_00010,289,0.671116777919448,marginal_confidence,1,246.97460561514038
4300,c630c_00010,290,0.6982549563739093,marginal_confidence,1,246.97460561514038
4301,c630c_00010,291,0.6461911547788695,marginal_confidence,1,246.97460561514038
4302,c630c_00010,292,0.6135528388209706,marginal_confidence,1,246.97460561514038
4303,c630c_00010,293,0.643553588839721,marginal_confidence,1,246.97460561514038
4304,c630c_00010,294,0.5652391309782745,marginal_confidence,1,246.97460561514038
4305,c630c_00010,295,0.6166404160104002,marginal_confidence,1,246.97460561514038
4306,c630c_00010,296,0.6062901572539313,marginal_confidence,1,246.97460561514038
4307,c630c_00010,297,0.6904422610565264,marginal_confidence,1,246.97460561514038
4308,c630c_00010,298,0.5133503337583439,marginal_confidence,1,246.97460561514038
4309,c630c_00010,299,0.6607165179129478,marginal_confidence,1,246.97460561514038
4310,c630c_00010,300,0.5783269581739543,marginal_confidence,1,246.97460561514038
4311,c630c_00010,301,0.658828970724268,marginal_confidence,1,246.97460561514038
4312,c630c_00010,302,0.6110152753818845,marginal_confidence,1,246.97460561514038
4313,c630c_00010,303,0.6529538238455961,marginal_confidence,1,246.97460561514038
4314,c630c_00010,304,0.6532288307207681,marginal_confidence,1,246.97460561514038
4315,c630c_00010,305,0.6527038175954398,marginal_confidence,1,246.97460561514038
4316,c630c_00010,306,0.7078551963799096,marginal_confidence,1,246.97460561514038
4317,c630c_00010,307,0.6313157828945724,marginal_confidence,1,246.97460561514038
4318,c630c_00010,308,0.6224530613265331,marginal_confidence,1,246.97460561514038
4319,c630c_00010,309,0.545513637840946,marginal_confidence,1,246.97460561514038
4320,c630c_00010,310,0.6157403935098378,marginal_confidence,1,246.97460561514038
4321,c630c_00010,311,0.5913897847446186,marginal_confidence,1,246.97460561514038
4322,c630c_00010,312,0.6755918897972449,marginal_confidence,1,246.97460561514038
4323,c630c_00010,313,0.6487537188429711,marginal_confidence,1,246.97460561514038
4324,c630c_00010,314,0.7213430335758394,marginal_confidence,1,246.97460561514038
4325,c630c_00010,315,0.6505162629065726,marginal_confidence,1,246.97460561514038
4326,c630c_00010,316,0.5763394084852121,marginal_confidence,1,246.97460561514038
4327,c630c_00010,317,0.6529788244706118,marginal_confidence,1,246.97460561514038
4328,c630c_00010,318,0.5737268431710792,marginal_confidence,1,246.97460561514038
4329,c630c_00010,319,0.5685267131678292,marginal_confidence,1,246.97460561514038
4330,c630c_00010,320,0.6761419035475887,marginal_confidence,1,246.97460561514038
4331,c630c_00010,321,0.6338283457086427,marginal_confidence,1,246.97460561514038
4332,c630c_00010,322,0.5460386509662742,marginal_confidence,1,246.97460561514038
4333,c630c_00010,323,0.5069126728168204,marginal_confidence,1,246.97460561514038
4334,c630c_00010,324,0.6781044526113154,marginal_confidence,1,246.97460561514038
4335,c630c_00010,325,0.5259131478286957,marginal_confidence,1,246.97460561514038
4336,c630c_00010,326,0.7136053401335034,marginal_confidence,1,246.97460561514038
4337,c630c_00010,327,0.45849896247406186,marginal_confidence,1,246.97460561514038
4338,c630c_00010,328,0.4981999549988749,marginal_confidence,1,246.97460561514038
4339,c630c_00010,329,0.8604715117877947,marginal_confidence,1,246.97460561514038
4340,c630c_00010,330,0.6410660266506663,marginal_confidence,1,246.97460561514038
4341,c630c_00010,331,0.6682292057301432,marginal_confidence,1,246.97460561514038
4342,c630c_00010,332,0.7406185154628866,marginal_confidence,1,246.97460561514038
4343,c630c_00010,333,0.6938298457461437,marginal_confidence,1,246.97460561514038
4344,c630c_00010,334,0.5779519487987199,marginal_confidence,1,246.97460561514038
4345,c630c_00010,335,0.5585014625365634,marginal_confidence,1,246.97460561514038
4346,c630c_00010,336,0.6455661391534788,marginal_confidence,1,246.97460561514038
4347,c630c_00010,337,0.5886022150553764,marginal_confidence,1,246.97460561514038
4348,c630c_00010,338,0.6527788194704867,marginal_confidence,1,246.97460561514038
4349,c630c_00010,339,0.5937773444336109,marginal_confidence,1,246.97460561514038
4350,c630c_00010,340,0.6806420160504012,marginal_confidence,1,246.97460561514038
4351,c630c_00010,341,0.5615390384759619,marginal_confidence,1,246.97460561514038
4352,c630c_00010,342,0.5392009800245007,marginal_confidence,1,246.97460561514038
4353,c630c_00010,343,0.5406885172129303,marginal_confidence,1,246.97460561514038
4354,c630c_00010,344,0.5906647666191656,marginal_confidence,1,246.97460561514038
4355,c630c_00010,345,0.5966649166229157,marginal_confidence,1,246.97460561514038
4356,c630c_00010,346,0.5334258356458912,marginal_confidence,1,246.97460561514038
4357,c630c_00010,347,0.6577789444736118,marginal_confidence,1,246.97460561514038
4358,c630c_00010,348,0.555788894722368,marginal_confidence,1,246.97460561514038
4359,c630c_00010,349,0.6356908922723068,marginal_confidence,1,246.97460561514038
4360,c630c_00010,350,0.6235780894522363,marginal_confidence,1,246.97460561514038
4361,c630c_00010,351,0.6259656491412285,marginal_confidence,1,246.97460561514038
4362,c630c_00010,352,0.6834295857396435,marginal_confidence,1,246.97460561514038
4363,c630c_00010,353,0.5765894147353684,marginal_confidence,1,246.97460561514038
4364,c630c_00010,354,0.7309182729568239,marginal_confidence,1,246.97460561514038
4365,c630c_00010,355,0.5339758493962349,marginal_confidence,1,246.97460561514038
4366,c630c_00010,356,0.508875221880547,marginal_confidence,1,246.97460561514038
4367,c630c_00010,357,0.6835795894897372,marginal_confidence,1,246.97460561514038
4368,c630c_00010,358,0.6785294632365809,marginal_confidence,1,246.97460561514038
4369,c630c_00010,359,0.7585564639115978,marginal_confidence,1,246.97460561514038
4370,c630c_00010,360,0.586289657241431,marginal_confidence,1,246.97460561514038
4371,c630c_00010,361,0.6083527088177205,marginal_confidence,1,246.97460561514038
4372,c630c_00010,362,0.6236280907022675,marginal_confidence,1,246.97460561514038
4373,c630c_00010,363,0.5379759493987349,marginal_confidence,1,246.97460561514038
4374,c630c_00010,364,0.568276706917673,marginal_confidence,1,246.97460561514038
4375,c630c_00010,365,0.6211655291382285,marginal_confidence,1,246.97460561514038
4376,c630c_00010,366,0.8081577039425986,marginal_confidence,1,246.97460561514038
4377,c630c_00010,367,0.6012900322508062,marginal_confidence,1,246.97460561514038
4378,c630c_00010,368,0.6626040651016275,marginal_confidence,1,246.97460561514038
4379,c630c_00010,369,0.5529513237830945,marginal_confidence,1,246.97460561514038
4380,c630c_00010,370,0.5365884147103678,marginal_confidence,1,246.97460561514038
4381,c630c_00010,371,0.5651891297282432,marginal_confidence,1,246.97460561514038
4382,c630c_00010,372,0.6242781069526738,marginal_confidence,1,246.97460561514038
4383,c630c_00010,373,0.575614390359759,marginal_confidence,1,246.97460561514038
4384,c630c_00010,374,0.6040776019400484,marginal_confidence,1,246.97460561514038
4385,c630c_00010,375,0.5938523463086577,marginal_confidence,1,246.97460561514038
4386,c630c_00010,376,0.6263156578914473,marginal_confidence,1,246.97460561514038
4387,c630c_00010,377,0.568876721918048,marginal_confidence,1,246.97460561514038
4388,c630c_00010,378,0.6559913997849947,marginal_confidence,1,246.97460561514038
4389,c630c_00010,379,0.5792019800495012,marginal_confidence,1,246.97460561514038
4390,c630c_00010,380,0.5831520788019701,marginal_confidence,1,246.97460561514038
4391,c630c_00010,381,0.6053901347533688,marginal_confidence,1,246.97460561514038
4392,c630c_00010,382,0.5790769769244231,marginal_confidence,1,246.97460561514038
4393,c630c_00010,383,0.5765394134853372,marginal_confidence,1,246.97460561514038
4394,c630c_00010,384,0.6662416560414011,marginal_confidence,1,246.97460561514038
4395,c630c_00010,385,0.5044501112527813,marginal_confidence,1,246.97460561514038
4396,c630c_00010,386,0.7033800845021125,marginal_confidence,1,246.97460561514038
4397,c630c_00010,387,0.6093527338183454,marginal_confidence,1,246.97460561514038
4398,c630c_00010,388,0.6733543338583465,marginal_confidence,1,246.97460561514038
4399,c630c_00010,389,0.6639290982274557,marginal_confidence,1,246.97460561514038
4400,c630c_00010,390,0.5961649041226031,marginal_confidence,1,246.97460561514038
4401,c630c_00010,391,0.6385284632115803,marginal_confidence,1,246.97460561514038
4402,c630c_00010,392,0.6232280807020175,marginal_confidence,1,246.97460561514038
4403,c630c_00010,393,0.6127028175704392,marginal_confidence,1,246.97460561514038
4404,c630c_00010,394,0.5436010900272507,marginal_confidence,1,246.97460561514038
4405,c630c_00010,395,0.6410910272756819,marginal_confidence,1,246.97460561514038
4406,c630c_00010,396,0.6135278381959549,marginal_confidence,1,246.97460561514038
4407,c630c_00010,397,0.6060901522538064,marginal_confidence,1,246.97460561514038
4408,c630c_00010,398,0.5289507237680942,marginal_confidence,1,246.97460561514038
4409,c630c_00010,399,0.5991274781869547,marginal_confidence,1,246.97460561514038
4410,c630c_00010,400,0.7011675291882298,marginal_confidence,1,246.97460561514038
4411,c630c_00011,0,0.5573014325358134,marginal_confidence,2,239.55585764644115
4412,c630c_00011,1,0.5328008200205006,marginal_confidence,2,239.55585764644115
4413,c630c_00011,2,0.5803645091127279,marginal_confidence,2,239.55585764644115
4414,c630c_00011,3,0.5676266906672667,marginal_confidence,2,239.55585764644115
4415,c630c_00011,4,0.527900697517438,marginal_confidence,2,239.55585764644115
4416,c630c_00011,5,0.5456136403410086,marginal_confidence,2,239.55585764644115
4417,c630c_00011,6,0.5237505937648441,marginal_confidence,2,239.55585764644115
4418,c630c_00011,7,0.5929773244331108,marginal_confidence,2,239.55585764644115
4419,c630c_00011,8,0.557726443161079,marginal_confidence,2,239.55585764644115
4420,c630c_00011,9,0.5929523238080951,marginal_confidence,2,239.55585764644115
4421,c630c_00011,10,0.575414385359634,marginal_confidence,2,239.55585764644115
4422,c630c_00011,11,0.5579764494112354,marginal_confidence,2,239.55585764644115
4423,c630c_00011,12,0.5393384834620866,marginal_confidence,2,239.55585764644115
4424,c630c_00011,13,0.5406635165879147,marginal_confidence,2,239.55585764644115
4425,c630c_00011,14,0.5794644866121653,marginal_confidence,2,239.55585764644115
4426,c630c_00011,15,0.6152903822595566,marginal_confidence,2,239.55585764644115
4427,c630c_00011,16,0.5552888822220555,marginal_confidence,2,239.55585764644115
4428,c630c_00011,17,0.6000900022500563,marginal_confidence,2,239.55585764644115
4429,c630c_00011,18,0.5850396259906498,marginal_confidence,2,239.55585764644115
4430,c630c_00011,19,0.602902572564314,marginal_confidence,2,239.55585764644115
4431,c630c_00011,20,0.6257656441411036,marginal_confidence,2,239.55585764644115
4432,c630c_00011,21,0.5355883897097428,marginal_confidence,2,239.55585764644115
4433,c630c_00011,22,0.6023275581889547,marginal_confidence,2,239.55585764644115
4434,c630c_00011,23,0.5880022000550014,marginal_confidence,2,239.55585764644115
4435,c630c_00011,24,0.5725268131703292,marginal_confidence,2,239.55585764644115
4436,c630c_00011,25,0.6125778144453611,marginal_confidence,2,239.55585764644115
4437,c630c_00011,26,0.5188504712617815,marginal_confidence,2,239.55585764644115
4438,c630c_00011,27,0.5805145128628215,marginal_confidence,2,239.55585764644115
4439,c630c_00011,28,0.5576514412860322,marginal_confidence,2,239.55585764644115
4440,c630c_00011,29,0.5282007050176254,marginal_confidence,2,239.55585764644115
4441,c630c_00011,30,0.5599389984749619,marginal_confidence,2,239.55585764644115
4442,c630c_00011,31,0.635415885397135,marginal_confidence,2,239.55585764644115
4443,c630c_00011,32,0.5406635165879147,marginal_confidence,2,239.55585764644115
4444,c630c_00011,33,0.6182279556988924,marginal_confidence,2,239.55585764644115
4445,c630c_00011,34,0.5533263331583289,marginal_confidence,2,239.55585764644115
4446,c630c_00011,35,0.53297582439561,marginal_confidence,2,239.55585764644115
4447,c630c_00011,36,0.6655666391659791,marginal_confidence,2,239.55585764644115
4448,c630c_00011,37,0.5359133978349458,marginal_confidence,2,239.55585764644115
4449,c630c_00011,38,0.5802145053626341,marginal_confidence,2,239.55585764644115
4450,c630c_00011,39,0.5450136253406335,marginal_confidence,2,239.55585764644115
4451,c630c_00011,40,0.6355158878971974,marginal_confidence,2,239.55585764644115
4452,c630c_00011,41,0.5605140128503212,marginal_confidence,2,239.55585764644115
4453,c630c_00011,42,0.7074551863796594,marginal_confidence,2,239.55585764644115
4454,c630c_00011,43,0.5576014400360009,marginal_confidence,2,239.55585764644115
4455,c630c_00011,44,0.5446386159653991,marginal_confidence,2,239.55585764644115
4456,c630c_00011,45,0.5254881372034301,marginal_confidence,2,239.55585764644115
4457,c630c_00011,46,0.5481012025300632,marginal_confidence,2,239.55585764644115
4458,c630c_00011,47,0.5529513237830945,marginal_confidence,2,239.55585764644115
4459,c630c_00011,48,0.6032525813145329,marginal_confidence,2,239.55585764644115
4460,c630c_00011,49,0.5528013200330009,marginal_confidence,2,239.55585764644115
4461,c630c_00011,50,0.5731268281707043,marginal_confidence,2,239.55585764644115
4462,c630c_00011,51,0.647228680717018,marginal_confidence,2,239.55585764644115
4463,c630c_00011,52,0.5934773369334233,marginal_confidence,2,239.55585764644115
4464,c630c_00011,53,0.6125278131953299,marginal_confidence,2,239.55585764644115
4465,c630c_00011,54,0.5530013250331258,marginal_confidence,2,239.55585764644115
4466,c630c_00011,55,0.5728518212955325,marginal_confidence,2,239.55585764644115
4467,c630c_00011,56,0.5287507187679692,marginal_confidence,2,239.55585764644115
4468,c630c_00011,57,0.5904647616190405,marginal_confidence,2,239.55585764644115
4469,c630c_00011,58,0.5655141378534463,marginal_confidence,2,239.55585764644115
4470,c630c_00011,59,0.5731518287957199,marginal_confidence,2,239.55585764644115
4471,c630c_00011,60,0.5582264556613916,marginal_confidence,2,239.55585764644115
4472,c630c_00011,61,0.567601690042251,marginal_confidence,2,239.55585764644115
4473,c630c_00011,62,0.6609665241631041,marginal_confidence,2,239.55585764644115
4474,c630c_00011,63,0.5355383884597115,marginal_confidence,2,239.55585764644115
4475,c630c_00011,64,0.5703142578564464,marginal_confidence,2,239.55585764644115
4476,c630c_00011,65,0.6296407410185254,marginal_confidence,2,239.55585764644115
4477,c630c_00011,66,0.5955398884972125,marginal_confidence,2,239.55585764644115
4478,c630c_00011,67,0.5658141453536338,marginal_confidence,2,239.55585764644115
4479,c630c_00011,68,0.5982524563114078,marginal_confidence,2,239.55585764644115
4480,c630c_00011,69,0.5782019550488762,marginal_confidence,2,239.55585764644115
4481,c630c_00011,70,0.6502662566564164,marginal_confidence,2,239.55585764644115
4482,c630c_00011,71,0.5855896397409935,marginal_confidence,2,239.55585764644115
4483,c630c_00011,72,0.589889747243681,marginal_confidence,2,239.55585764644115
4484,c630c_00011,73,0.5931523288082202,marginal_confidence,2,239.55585764644115
4485,c630c_00011,74,0.6402160054001349,marginal_confidence,2,239.55585764644115
4486,c630c_00011,75,0.5982024550613765,marginal_confidence,2,239.55585764644115
4487,c630c_00011,76,0.5881022025550638,marginal_confidence,2,239.55585764644115
4488,c630c_00011,77,0.5361884047101177,marginal_confidence,2,239.55585764644115
4489,c630c_00011,78,0.6052651316282907,marginal_confidence,2,239.55585764644115
4490,c630c_00011,79,0.6279031975799394,marginal_confidence,2,239.55585764644115
4491,c630c_00011,80,0.5788894722368059,marginal_confidence,2,239.55585764644115
4492,c630c_00011,81,0.5802395059876497,marginal_confidence,2,239.55585764644115
4493,c630c_00011,82,0.5545138628465711,marginal_confidence,2,239.55585764644115
4494,c630c_00011,83,0.6381534538363459,marginal_confidence,2,239.55585764644115
4495,c630c_00011,84,0.6008650216255407,marginal_confidence,2,239.55585764644115
4496,c630c_00011,85,0.5834770869271733,marginal_confidence,2,239.55585764644115
4497,c630c_00011,86,0.5877771944298608,marginal_confidence,2,239.55585764644115
4498,c630c_00011,87,0.6228530713267832,marginal_confidence,2,239.55585764644115
4499,c630c_00011,88,0.508350208755219,marginal_confidence,2,239.55585764644115
4500,c630c_00011,89,0.5460636515912898,marginal_confidence,2,239.55585764644115
4501,c630c_00011,90,0.5802145053626341,marginal_confidence,2,239.55585764644115
4502,c630c_00011,91,0.5956398909972749,marginal_confidence,2,239.55585764644115
4503,c630c_00011,92,0.6458161454036351,marginal_confidence,2,239.55585764644115
4504,c630c_00011,93,0.6774044351108778,marginal_confidence,2,239.55585764644115
4505,c630c_00011,94,0.5906897672441811,marginal_confidence,2,239.55585764644115
4506,c630c_00011,95,0.5589264731618291,marginal_confidence,2,239.55585764644115
4507,c630c_00011,96,0.613052826320658,marginal_confidence,2,239.55585764644115
4508,c630c_00011,97,0.6124278106952674,marginal_confidence,2,239.55585764644115
4509,c630c_00011,98,0.5883022075551889,marginal_confidence,2,239.55585764644115
4510,c630c_00011,99,0.6026775669391735,marginal_confidence,2,239.55585764644115
4511,c630c_00011,100,0.5957148928723218,marginal_confidence,2,239.55585764644115
4512,c630c_00011,101,0.6572789319732993,marginal_confidence,2,239.55585764644115
4513,c630c_00011,102,0.5907897697442436,marginal_confidence,2,239.55585764644115
4514,c630c_00011,103,0.5228005700142504,marginal_confidence,2,239.55585764644115
4515,c630c_00011,104,0.5717017925448136,marginal_confidence,2,239.55585764644115
4516,c630c_00011,105,0.5773269331733293,marginal_confidence,2,239.55585764644115
4517,c630c_00011,106,0.6394909872746819,marginal_confidence,2,239.55585764644115
4518,c630c_00011,107,0.6673041826045651,marginal_confidence,2,239.55585764644115
4519,c630c_00011,108,0.5199129978249456,marginal_confidence,2,239.55585764644115
4520,c630c_00011,109,0.5711142778569465,marginal_confidence,2,239.55585764644115
4521,c630c_00011,110,0.5958898972474311,marginal_confidence,2,239.55585764644115
4522,c630c_00011,111,0.5400385009625241,marginal_confidence,2,239.55585764644115
4523,c630c_00011,112,0.5536263406585165,marginal_confidence,2,239.55585764644115
4524,c630c_00011,113,0.6177529438235956,marginal_confidence,2,239.55585764644115
4525,c630c_00011,114,0.6497162429060727,marginal_confidence,2,239.55585764644115
4526,c630c_00011,115,0.5578264456611415,marginal_confidence,2,239.55585764644115
4527,c630c_00011,116,0.5805895147378685,marginal_confidence,2,239.55585764644115
4528,c630c_00011,117,0.5849396234905873,marginal_confidence,2,239.55585764644115
4529,c630c_00011,118,0.6579789494737369,marginal_confidence,2,239.55585764644115
4530,c630c_00011,119,0.7030050751268782,marginal_confidence,2,239.55585764644115
4531,c630c_00011,120,0.6256156403910098,marginal_confidence,2,239.55585764644115
4532,c630c_00011,121,0.6453661341533539,marginal_confidence,2,239.55585764644115
4533,c630c_00011,122,0.568601715042876,marginal_confidence,2,239.55585764644115
4534,c630c_00011,123,0.6101152528813221,marginal_confidence,2,239.55585764644115
4535,c630c_00011,124,0.5488012200305008,marginal_confidence,2,239.55585764644115
4536,c630c_00011,125,0.6101402535063376,marginal_confidence,2,239.55585764644115
4537,c630c_00011,126,0.6404160104002601,marginal_confidence,2,239.55585764644115
4538,c630c_00011,127,0.6001400035000874,marginal_confidence,2,239.55585764644115
4539,c630c_00011,128,0.6056151403785095,marginal_confidence,2,239.55585764644115
4540,c630c_00011,129,0.5903147578689467,marginal_confidence,2,239.55585764644115
4541,c630c_00011,130,0.5904897622440561,marginal_confidence,2,239.55585764644115
4542,c630c_00011,131,0.5884772119302982,marginal_confidence,2,239.55585764644115
4543,c630c_00011,132,0.6926048151203781,marginal_confidence,2,239.55585764644115
4544,c630c_00011,133,0.5357633940848521,marginal_confidence,2,239.55585764644115
4545,c630c_00011,134,0.6730293257331433,marginal_confidence,2,239.55585764644115
4546,c630c_00011,135,0.6325033125828146,marginal_confidence,2,239.55585764644115
4547,c630c_00011,136,0.5534763369084227,marginal_confidence,2,239.55585764644115
4548,c630c_00011,137,0.5927273181829545,marginal_confidence,2,239.55585764644115
4549,c630c_00011,138,0.6131778294457362,marginal_confidence,2,239.55585764644115
4550,c630c_00011,139,0.5288132203305083,marginal_confidence,2,239.55585764644115
4551,c630c_00011,140,0.5541513537838446,marginal_confidence,2,239.55585764644115
4552,c630c_00011,141,0.5758893972349309,marginal_confidence,2,239.55585764644115
4553,c630c_00011,142,0.5856396409910247,marginal_confidence,2,239.55585764644115
4554,c630c_00011,143,0.6324033100827521,marginal_confidence,2,239.55585764644115
4555,c630c_00011,144,0.5956898922473062,marginal_confidence,2,239.55585764644115
4556,c630c_00011,145,0.6580039500987525,marginal_confidence,2,239.55585764644115
4557,c630c_00011,146,0.53897597439936,marginal_confidence,2,239.55585764644115
4558,c630c_00011,147,0.5588264706617665,marginal_confidence,2,239.55585764644115
4559,c630c_00011,148,0.5364634115852897,marginal_confidence,2,239.55585764644115
4560,c630c_00011,149,0.5952148803720093,marginal_confidence,2,239.55585764644115
4561,c630c_00011,150,0.5405635140878522,marginal_confidence,2,239.55585764644115
4562,c630c_00011,151,0.6002150053751344,marginal_confidence,2,239.55585764644115
4563,c630c_00011,152,0.6148153703842596,marginal_confidence,2,239.55585764644115
4564,c630c_00011,153,0.5286757168929224,marginal_confidence,2,239.55585764644115
4565,c630c_00011,154,0.6031525788144704,marginal_confidence,2,239.55585764644115
4566,c630c_00011,155,0.6129028225705643,marginal_confidence,2,239.55585764644115
4567,c630c_00011,156,0.6384534613365335,marginal_confidence,2,239.55585764644115
4568,c630c_00011,157,0.5904647616190405,marginal_confidence,2,239.55585764644115
4569,c630c_00011,158,0.5735018375459386,marginal_confidence,2,239.55585764644115
4570,c630c_00011,159,0.5760644016100402,marginal_confidence,2,239.55585764644115
4571,c630c_00011,160,0.5970524263106578,marginal_confidence,2,239.55585764644115
4572,c630c_00011,161,0.6058401460036501,marginal_confidence,2,239.55585764644115
4573,c630c_00011,162,0.5533013325333134,marginal_confidence,2,239.55585764644115
4574,c630c_00011,163,0.6325533138328459,marginal_confidence,2,239.55585764644115
4575,c630c_00011,164,0.5954648866221656,marginal_confidence,2,239.55585764644115
4576,c630c_00011,165,0.6697417435435886,marginal_confidence,2,239.55585764644115
4577,c630c_00011,166,0.5909897747443686,marginal_confidence,2,239.55585764644115
4578,c630c_00011,167,0.5688267206680166,marginal_confidence,2,239.55585764644115
4579,c630c_00011,168,0.5903397584939623,marginal_confidence,2,239.55585764644115
4580,c630c_00011,169,0.5565639140978524,marginal_confidence,2,239.55585764644115
4581,c630c_00011,170,0.5536513412835321,marginal_confidence,2,239.55585764644115
4582,c630c_00011,171,0.6405660141503537,marginal_confidence,2,239.55585764644115
4583,c630c_00011,172,0.6203655091377285,marginal_confidence,2,239.55585764644115
4584,c630c_00011,173,0.5281507037675942,marginal_confidence,2,239.55585764644115
4585,c630c_00011,174,0.5333258331458286,marginal_confidence,2,239.55585764644115
4586,c630c_00011,175,0.597977449436236,marginal_confidence,2,239.55585764644115
4587,c630c_00011,176,0.5682267056676417,marginal_confidence,2,239.55585764644115
4588,c630c_00011,177,0.6058151453786345,marginal_confidence,2,239.55585764644115
4589,c630c_00011,178,0.6030525763144079,marginal_confidence,2,239.55585764644115
4590,c630c_00011,179,0.613252831320783,marginal_confidence,2,239.55585764644115
4591,c630c_00011,180,0.5260631515787895,marginal_confidence,2,239.55585764644115
4592,c630c_00011,181,0.6733043326083152,marginal_confidence,2,239.55585764644115
4593,c630c_00011,182,0.6381034525863146,marginal_confidence,2,239.55585764644115
4594,c630c_00011,183,0.6003900097502437,marginal_confidence,2,239.55585764644115
4595,c630c_00011,184,0.612852821320533,marginal_confidence,2,239.55585764644115
4596,c630c_00011,185,0.6355658891472287,marginal_confidence,2,239.55585764644115
4597,c630c_00011,186,0.6185779644491112,marginal_confidence,2,239.55585764644115
4598,c630c_00011,187,0.6232030800770019,marginal_confidence,2,239.55585764644115
4599,c630c_00011,188,0.5481012025300632,marginal_confidence,2,239.55585764644115
4600,c630c_00011,189,0.6088027200680017,marginal_confidence,2,239.55585764644115
4601,c630c_00011,190,0.6483287082177054,marginal_confidence,2,239.55585764644115
4602,c630c_00011,191,0.6056901422535563,marginal_confidence,2,239.55585764644115
4603,c630c_00011,192,0.6810420260506512,marginal_confidence,2,239.55585764644115
4604,c630c_00011,193,0.628203205080127,marginal_confidence,2,239.55585764644115
4605,c630c_00011,194,0.6076276906922673,marginal_confidence,2,239.55585764644115
4606,c630c_00011,195,0.6546163654091353,marginal_confidence,2,239.55585764644115
4607,c630c_00011,196,0.6064901622540564,marginal_confidence,2,239.55585764644115
4608,c630c_00011,197,0.5235505887647192,marginal_confidence,2,239.55585764644115
4609,c630c_00011,198,0.5684767119177979,marginal_confidence,2,239.55585764644115
4610,c630c_00011,199,0.6295657391434786,marginal_confidence,2,239.55585764644115
4611,c630c_00011,200,0.6716792919822996,marginal_confidence,2,239.55585764644115
4612,c630c_00011,201,0.7273306832670816,marginal_confidence,2,239.55585764644115
4613,c630c_00011,202,0.5886772169304233,marginal_confidence,2,239.55585764644115
4614,c630c_00011,203,0.6420035500887522,marginal_confidence,2,239.55585764644115
4615,c630c_00011,204,0.6974299357483937,marginal_confidence,2,239.55585764644115
4616,c630c_00011,205,0.5952648816220405,marginal_confidence,2,239.55585764644115
4617,c630c_00011,206,0.6234530863271581,marginal_confidence,2,239.55585764644115
4618,c630c_00011,207,0.6184029600740019,marginal_confidence,2,239.55585764644115
4619,c630c_00011,208,0.633478336958424,marginal_confidence,2,239.55585764644115
4620,c630c_00011,209,0.5760894022350559,marginal_confidence,2,239.55585764644115
4621,c630c_00011,210,0.5996149903747594,marginal_confidence,2,239.55585764644115
4622,c630c_00011,211,0.5459136478411961,marginal_confidence,2,239.55585764644115
4623,c630c_00011,212,0.6876796919922998,marginal_confidence,2,239.55585764644115
4624,c630c_00011,213,0.5532763319082977,marginal_confidence,2,239.55585764644115
4625,c630c_00011,214,0.5604890122253057,marginal_confidence,2,239.55585764644115
4626,c630c_00011,215,0.5579014475361884,marginal_confidence,2,239.55585764644115
4627,c630c_00011,216,0.6078776969424236,marginal_confidence,2,239.55585764644115
4628,c630c_00011,217,0.6403160079001975,marginal_confidence,2,239.55585764644115
4629,c630c_00011,218,0.5808895222380559,marginal_confidence,2,239.55585764644115
4630,c630c_00011,219,0.5676516912922823,marginal_confidence,2,239.55585764644115
4631,c630c_00011,220,0.6675541888547214,marginal_confidence,2,239.55585764644115
4632,c630c_00011,221,0.522625565639141,marginal_confidence,2,239.55585764644115
4633,c630c_00011,222,0.5855396384909622,marginal_confidence,2,239.55585764644115
4634,c630c_00011,223,0.6183029575739394,marginal_confidence,2,239.55585764644115
4635,c630c_00011,224,0.6172779319482987,marginal_confidence,2,239.55585764644115
4636,c630c_00011,225,0.6294657366434161,marginal_confidence,2,239.55585764644115
4637,c630c_00011,226,0.6496662416560414,marginal_confidence,2,239.55585764644115
4638,c630c_00011,227,0.5779769494237357,marginal_confidence,2,239.55585764644115
4639,c630c_00011,228,0.6180779519487987,marginal_confidence,2,239.55585764644115
4640,c630c_00011,229,0.5404135103377585,marginal_confidence,2,239.55585764644115
4641,c630c_00011,230,0.6236280907022675,marginal_confidence,2,239.55585764644115
4642,c630c_00011,231,0.6190279756993925,marginal_confidence,2,239.55585764644115
4643,c630c_00011,232,0.6034275856896423,marginal_confidence,2,239.55585764644115
4644,c630c_00011,233,0.6358658966474162,marginal_confidence,2,239.55585764644115
4645,c630c_00011,234,0.5428010700267507,marginal_confidence,2,239.55585764644115
4646,c630c_00011,235,0.610715267881697,marginal_confidence,2,239.55585764644115
4647,c630c_00011,236,0.5444636115902898,marginal_confidence,2,239.55585764644115
4648,c630c_00011,237,0.5599639990999774,marginal_confidence,2,239.55585764644115
4649,c630c_00011,238,0.662504062601565,marginal_confidence,2,239.55585764644115
4650,c630c_00011,239,0.5997399934998375,marginal_confidence,2,239.55585764644115
4651,c630c_00011,240,0.5407885197129928,marginal_confidence,2,239.55585764644115
4652,c630c_00011,241,0.6105902647566189,marginal_confidence,2,239.55585764644115
4653,c630c_00011,242,0.606715167879197,marginal_confidence,2,239.55585764644115
4654,c630c_00011,243,0.5426760669016726,marginal_confidence,2,239.55585764644115
4655,c630c_00011,244,0.7453186329658241,marginal_confidence,2,239.55585764644115
4656,c630c_00011,245,0.6551413785344633,marginal_confidence,2,239.55585764644115
4657,c630c_00011,246,0.5309882747068677,marginal_confidence,2,239.55585764644115
4658,c630c_00011,247,0.5704892622315558,marginal_confidence,2,239.55585764644115
4659,c630c_00011,248,0.6553913847846196,marginal_confidence,2,239.55585764644115
4660,c630c_00011,249,0.6571539288482212,marginal_confidence,2,239.55585764644115
4661,c630c_00011,250,0.5608890222255556,marginal_confidence,2,239.55585764644115
4662,c630c_00011,251,0.5660141503537588,marginal_confidence,2,239.55585764644115
4663,c630c_00011,252,0.6039025975649391,marginal_confidence,2,239.55585764644115
4664,c630c_00011,253,0.6257406435160879,marginal_confidence,2,239.55585764644115
4665,c630c_00011,254,0.5852646316157903,marginal_confidence,2,239.55585764644115
4666,c630c_00011,255,0.5573764344108603,marginal_confidence,2,239.55585764644115
4667,c630c_00011,256,0.6129528238205955,marginal_confidence,2,239.55585764644115
4668,c630c_00011,257,0.6353908847721192,marginal_confidence,2,239.55585764644115
4669,c630c_00011,258,0.8427335683392085,marginal_confidence,2,239.55585764644115
4670,c630c_00011,259,0.5755393884847121,marginal_confidence,2,239.55585764644115
4671,c630c_00011,260,0.6334533363334083,marginal_confidence,2,239.55585764644115
4672,c630c_00011,261,0.6473536838420961,marginal_confidence,2,239.55585764644115
4673,c630c_00011,262,0.6405410135253382,marginal_confidence,2,239.55585764644115
4674,c630c_00011,263,0.7251431285782145,marginal_confidence,2,239.55585764644115
4675,c630c_00011,264,0.603377584439611,marginal_confidence,2,239.55585764644115
4676,c630c_00011,265,0.5675766894172354,marginal_confidence,2,239.55585764644115
4677,c630c_00011,266,0.6794669866746669,marginal_confidence,2,239.55585764644115
4678,c630c_00011,267,0.5537763444086101,marginal_confidence,2,239.55585764644115
4679,c630c_00011,268,0.6598164954123853,marginal_confidence,2,239.55585764644115
4680,c630c_00011,269,0.590564764119103,marginal_confidence,2,239.55585764644115
4681,c630c_00011,270,0.5128253206330158,marginal_confidence,2,239.55585764644115
4682,c630c_00011,271,0.6284532113302832,marginal_confidence,2,239.55585764644115
4683,c630c_00011,272,0.6263156578914473,marginal_confidence,2,239.55585764644115
4684,c630c_00011,273,0.631340783519588,marginal_confidence,2,239.55585764644115
4685,c630c_00011,274,0.5654391359783995,marginal_confidence,2,239.55585764644115
4686,c630c_00011,275,0.6554913872846821,marginal_confidence,2,239.55585764644115
4687,c630c_00011,276,0.7282557063926598,marginal_confidence,2,239.55585764644115
4688,c630c_00011,277,0.6137528438210955,marginal_confidence,2,239.55585764644115
4689,c630c_00011,278,0.5731768294207356,marginal_confidence,2,239.55585764644115
4690,c630c_00011,279,0.6933798344958624,marginal_confidence,2,239.55585764644115
4691,c630c_00011,280,0.543976099402485,marginal_confidence,2,239.55585764644115
4692,c630c_00011,281,0.5310132753318832,marginal_confidence,2,239.55585764644115
4693,c630c_00011,282,0.6502412560314008,marginal_confidence,2,239.55585764644115
4694,c630c_00011,283,0.6507912697817445,marginal_confidence,2,239.55585764644115
4695,c630c_00011,284,0.5388259706492662,marginal_confidence,2,239.55585764644115
4696,c630c_00011,285,0.650766269156729,marginal_confidence,2,239.55585764644115
4697,c630c_00011,286,0.6509662741568539,marginal_confidence,2,239.55585764644115
4698,c630c_00011,287,0.6028775719392985,marginal_confidence,2,239.55585764644115
4699,c630c_00011,288,0.5890022250556264,marginal_confidence,2,239.55585764644115
4700,c630c_00011,289,0.6726043151078778,marginal_confidence,2,239.55585764644115
4701,c630c_00011,290,0.6121778044451112,marginal_confidence,2,239.55585764644115
4702,c630c_00011,291,0.727980699517488,marginal_confidence,2,239.55585764644115
4703,c630c_00011,292,0.5730018250456261,marginal_confidence,2,239.55585764644115
4704,c630c_00011,293,0.5292507312682817,marginal_confidence,2,239.55585764644115
4705,c630c_00011,294,0.5283757093927348,marginal_confidence,2,239.55585764644115
4706,c630c_00011,295,0.5881272031800795,marginal_confidence,2,239.55585764644115
4707,c630c_00011,296,0.5243006075151879,marginal_confidence,2,239.55585764644115
4708,c630c_00011,297,0.5862396559913998,marginal_confidence,2,239.55585764644115
4709,c630c_00011,298,0.5986524663116578,marginal_confidence,2,239.55585764644115
4710,c630c_00011,299,0.5264381609540238,marginal_confidence,2,239.55585764644115
4711,c630c_00011,300,0.5691017275431886,marginal_confidence,2,239.55585764644115
4712,c630c_00011,301,0.6229530738268456,marginal_confidence,2,239.55585764644115
4713,c630c_00011,302,0.6160154003850096,marginal_confidence,2,239.55585764644115
4714,c630c_00011,303,0.6385034625865647,marginal_confidence,2,239.55585764644115
4715,c630c_00011,304,0.6203655091377285,marginal_confidence,2,239.55585764644115
4716,c630c_00011,305,0.541638540963524,marginal_confidence,2,239.55585764644115
4717,c630c_00011,306,0.6328283207080176,marginal_confidence,2,239.55585764644115
4718,c630c_00011,307,0.6751418785469637,marginal_confidence,2,239.55585764644115
4719,c630c_00011,308,0.6258906472661817,marginal_confidence,2,239.55585764644115
4720,c630c_00011,309,0.6032275806895173,marginal_confidence,2,239.55585764644115
4721,c630c_00011,310,0.5329508237705942,marginal_confidence,2,239.55585764644115
4722,c630c_00011,311,0.5465386634665866,marginal_confidence,2,239.55585764644115
4723,c630c_00011,312,0.581089527238181,marginal_confidence,2,239.55585764644115
4724,c630c_00011,313,0.5732018300457511,marginal_confidence,2,239.55585764644115
4725,c630c_00011,314,0.5181004525113128,marginal_confidence,2,239.55585764644115
4726,c630c_00011,315,0.6390034750868772,marginal_confidence,2,239.55585764644115
4727,c630c_00011,316,0.5989274731868297,marginal_confidence,2,239.55585764644115
4728,c630c_00011,317,0.5980024500612515,marginal_confidence,2,239.55585764644115
4729,c630c_00011,318,0.6505412635315883,marginal_confidence,2,239.55585764644115
4730,c630c_00011,319,0.5502137553438836,marginal_confidence,2,239.55585764644115
4731,c630c_00011,320,0.6308407710192755,marginal_confidence,2,239.55585764644115
4732,c630c_00011,321,0.6279031975799394,marginal_confidence,2,239.55585764644115
4733,c630c_00011,322,0.5361884047101177,marginal_confidence,2,239.55585764644115
4734,c630c_00011,323,0.550588764719118,marginal_confidence,2,239.55585764644115
4735,c630c_00011,324,0.5915397884947123,marginal_confidence,2,239.55585764644115
4736,c630c_00011,325,0.5935523388084702,marginal_confidence,2,239.55585764644115
4737,c630c_00011,326,0.6149153728843222,marginal_confidence,2,239.55585764644115
4738,c630c_00011,327,0.5037750943773595,marginal_confidence,2,239.55585764644115
4739,c630c_00011,328,0.6426035650891272,marginal_confidence,2,239.55585764644115
4740,c630c_00011,329,0.6062151553788845,marginal_confidence,2,239.55585764644115
4741,c630c_00011,330,0.7155428885722144,marginal_confidence,2,239.55585764644115
4742,c630c_00011,331,0.5279506987674691,marginal_confidence,2,239.55585764644115
4743,c630c_00011,332,0.591564789119728,marginal_confidence,2,239.55585764644115
4744,c630c_00011,333,0.549051226280657,marginal_confidence,2,239.55585764644115
4745,c630c_00011,334,0.5948648716217906,marginal_confidence,2,239.55585764644115
4746,c630c_00011,335,0.6154153853846347,marginal_confidence,2,239.55585764644115
4747,c630c_00011,336,0.630740768519213,marginal_confidence,2,239.55585764644115
4748,c630c_00011,337,0.6652166304157603,marginal_confidence,2,239.55585764644115
4749,c630c_00011,338,0.5755643891097277,marginal_confidence,2,239.55585764644115
4750,c630c_00011,339,0.6179029475736894,marginal_confidence,2,239.55585764644115
4751,c630c_00011,340,0.6151653791344784,marginal_confidence,2,239.55585764644115
4752,c630c_00011,341,0.5882522063051576,marginal_confidence,2,239.55585764644115
4753,c630c_00011,342,0.6707917697942449,marginal_confidence,2,239.55585764644115
4754,c630c_00011,343,0.6709417735443386,marginal_confidence,2,239.55585764644115
4755,c630c_00011,344,0.5935273381834546,marginal_confidence,2,239.55585764644115
4756,c630c_00011,345,0.581014525363134,marginal_confidence,2,239.55585764644115
4757,c630c_00011,346,0.5257881447036176,marginal_confidence,2,239.55585764644115
4758,c630c_00011,347,0.670316757918948,marginal_confidence,2,239.55585764644115
4759,c630c_00011,348,0.565939148478712,marginal_confidence,2,239.55585764644115
4760,c630c_00011,349,0.5769144228605716,marginal_confidence,2,239.55585764644115
4761,c630c_00011,350,0.5865646641166029,marginal_confidence,2,239.55585764644115
4762,c630c_00011,351,0.647753693842346,marginal_confidence,2,239.55585764644115
4763,c630c_00011,352,0.6349658741468537,marginal_confidence,2,239.55585764644115
4764,c630c_00011,353,0.5513887847196179,marginal_confidence,2,239.55585764644115
4765,c630c_00011,354,0.62252806320158,marginal_confidence,2,239.55585764644115
4766,c630c_00011,355,0.5513137828445711,marginal_confidence,2,239.55585764644115
4767,c630c_00011,356,0.7034800870021751,marginal_confidence,2,239.55585764644115
4768,c630c_00011,357,0.625465636640916,marginal_confidence,2,239.55585764644115
4769,c630c_00011,358,0.553526338158454,marginal_confidence,2,239.55585764644115
4770,c630c_00011,359,0.6530538263456587,marginal_confidence,2,239.55585764644115
4771,c630c_00011,360,0.5487762194054852,marginal_confidence,2,239.55585764644115
4772,c630c_00011,361,0.653628840721018,marginal_confidence,2,239.55585764644115
4773,c630c_00011,362,0.6064401610040251,marginal_confidence,2,239.55585764644115
4774,c630c_00011,363,0.7331058276456912,marginal_confidence,2,239.55585764644115
4775,c630c_00011,364,0.6606915172879322,marginal_confidence,2,239.55585764644115
4776,c630c_00011,365,0.5704642616065402,marginal_confidence,2,239.55585764644115
4777,c630c_00011,366,0.631340783519588,marginal_confidence,2,239.55585764644115
4778,c630c_00011,367,0.6250156253906347,marginal_confidence,2,239.55585764644115
4779,c630c_00011,368,0.6037525938148454,marginal_confidence,2,239.55585764644115
4780,c630c_00011,369,0.6820045501137528,marginal_confidence,2,239.55585764644115
4781,c630c_00011,370,0.681267031675792,marginal_confidence,2,239.55585764644115
4782,c630c_00011,371,0.6410660266506663,marginal_confidence,2,239.55585764644115
4783,c630c_00011,372,0.6298407460186505,marginal_confidence,2,239.55585764644115
4784,c630c_00011,373,0.5910647766194155,marginal_confidence,2,239.55585764644115
4785,c630c_00011,374,0.6089027225680642,marginal_confidence,2,239.55585764644115
4786,c630c_00011,375,0.5912897822445561,marginal_confidence,2,239.55585764644115
4787,c630c_00011,376,0.6025775644391109,marginal_confidence,2,239.55585764644115
4788,c630c_00011,377,0.5836520913022826,marginal_confidence,2,239.55585764644115
4789,c630c_00011,378,0.5778769469236731,marginal_confidence,2,239.55585764644115
4790,c630c_00011,379,0.6357158928973224,marginal_confidence,2,239.55585764644115
4791,c630c_00011,380,0.5846646166154155,marginal_confidence,2,239.55585764644115
4792,c630c_00011,381,0.6326033150828771,marginal_confidence,2,239.55585764644115
4793,c630c_00011,382,0.6209155228880723,marginal_confidence,2,239.55585764644115
4794,c630c_00011,383,0.6262156553913848,marginal_confidence,2,239.55585764644115
4795,c630c_00011,384,0.6105402635065877,marginal_confidence,2,239.55585764644115
4796,c630c_00011,385,0.5539763494087352,marginal_confidence,2,239.55585764644115
4797,c630c_00011,386,0.5335508387709693,marginal_confidence,2,239.55585764644115
4798,c630c_00011,387,0.5726518162954073,marginal_confidence,2,239.55585764644115
4799,c630c_00011,388,0.5835770894272356,marginal_confidence,2,239.55585764644115
4800,c630c_00011,389,0.5904647616190405,marginal_confidence,2,239.55585764644115
4801,c630c_00011,390,0.6609415235380884,marginal_confidence,2,239.55585764644115
4802,c630c_00011,391,0.6902922573064327,marginal_confidence,2,239.55585764644115
4803,c630c_00011,392,0.6011650291257281,marginal_confidence,2,239.55585764644115
4804,c630c_00011,393,0.5583014575364385,marginal_confidence,2,239.55585764644115
4805,c630c_00011,394,0.5740018500462511,marginal_confidence,2,239.55585764644115
4806,c630c_00011,395,0.5742268556713918,marginal_confidence,2,239.55585764644115
4807,c630c_00011,396,0.6683542088552213,marginal_confidence,2,239.55585764644115
4808,c630c_00011,397,0.5434510862771569,marginal_confidence,2,239.55585764644115
4809,c630c_00011,398,0.6333533338333459,marginal_confidence,2,239.55585764644115
4810,c630c_00011,399,0.6626290657266432,marginal_confidence,2,239.55585764644115
4811,c630c_00011,400,0.5412635315882897,marginal_confidence,2,239.55585764644115
4812,c630c_00013,0,0.4895622390559764,marginal_confidence,4,231.60138378459462
4813,c630c_00013,1,0.5429510737768444,marginal_confidence,4,231.60138378459462
4814,c630c_00013,2,0.5357633940848521,marginal_confidence,4,231.60138378459462
4815,c630c_00013,3,0.5099377484437111,marginal_confidence,4,231.60138378459462
4816,c630c_00013,4,0.6005400135003375,marginal_confidence,4,231.60138378459462
4817,c630c_00013,5,0.5182754568864222,marginal_confidence,4,231.60138378459462
4818,c630c_00013,6,0.56126403160079,marginal_confidence,4,231.60138378459462
4819,c630c_00013,7,0.5176254406360159,marginal_confidence,4,231.60138378459462
4820,c630c_00013,8,0.5589514737868446,marginal_confidence,4,231.60138378459462
4821,c630c_00013,9,0.5787269681742043,marginal_confidence,4,231.60138378459462
4822,c630c_00013,10,0.550588764719118,marginal_confidence,4,231.60138378459462
4823,c630c_00013,11,0.5885272131803295,marginal_confidence,4,231.60138378459462
4824,c630c_00013,12,0.5693017325433136,marginal_confidence,4,231.60138378459462
4825,c630c_00013,13,0.5957398934973375,marginal_confidence,4,231.60138378459462
4826,c630c_00013,14,0.6032525813145329,marginal_confidence,4,231.60138378459462
4827,c630c_00013,15,0.5562389059726494,marginal_confidence,4,231.60138378459462
4828,c630c_00013,16,0.592102302557564,marginal_confidence,4,231.60138378459462
4829,c630c_00013,17,0.620665516637916,marginal_confidence,4,231.60138378459462
4830,c630c_00013,18,0.5099627490687266,marginal_confidence,4,231.60138378459462
4831,c630c_00013,19,0.5622765569139229,marginal_confidence,4,231.60138378459462
4832,c630c_00013,20,0.5825520638015951,marginal_confidence,4,231.60138378459462
4833,c630c_00013,21,0.5372759318982975,marginal_confidence,4,231.60138378459462
4834,c630c_00013,22,0.5192254806370159,marginal_confidence,4,231.60138378459462
4835,c630c_00013,23,0.5613640341008526,marginal_confidence,4,231.60138378459462
4836,c630c_00013,24,0.5281257031425786,marginal_confidence,4,231.60138378459462
4837,c630c_00013,25,0.5661891547288682,marginal_confidence,4,231.60138378459462
4838,c630c_00013,26,0.5831020775519389,marginal_confidence,4,231.60138378459462
4839,c630c_00013,27,0.541113527838196,marginal_confidence,4,231.60138378459462
4840,c630c_00013,28,0.5824770619265481,marginal_confidence,4,231.60138378459462
4841,c630c_00013,29,0.5661641541038526,marginal_confidence,4,231.60138378459462
4842,c630c_00013,30,0.5731018275456886,marginal_confidence,4,231.60138378459462
4843,c630c_00013,31,0.5905897647441186,marginal_confidence,4,231.60138378459462
4844,c630c_00013,32,0.580489512237806,marginal_confidence,4,231.60138378459462
4845,c630c_00013,33,0.5185754643866096,marginal_confidence,4,231.60138378459462
4846,c630c_00013,34,0.5451136278406961,marginal_confidence,4,231.60138378459462
4847,c630c_00013,35,0.5856646416160404,marginal_confidence,4,231.60138378459462
4848,c630c_00013,36,0.5738268456711417,marginal_confidence,4,231.60138378459462
4849,c630c_00013,37,0.5317132928323208,marginal_confidence,4,231.60138378459462
4850,c630c_00013,38,0.5107127678191955,marginal_confidence,4,231.60138378459462
4851,c630c_00013,39,0.5805145128628215,marginal_confidence,4,231.60138378459462
4852,c630c_00013,40,0.5532263306582664,marginal_confidence,4,231.60138378459462
4853,c630c_00013,41,0.603177579439486,marginal_confidence,4,231.60138378459462
4854,c630c_00013,42,0.5789644741118528,marginal_confidence,4,231.60138378459462
4855,c630c_00013,43,0.5530013250331258,marginal_confidence,4,231.60138378459462
4856,c630c_00013,44,0.5913147828695717,marginal_confidence,4,231.60138378459462
4857,c630c_00013,45,0.6335033375834396,marginal_confidence,4,231.60138378459462
4858,c630c_00013,46,0.5332258306457662,marginal_confidence,4,231.60138378459462
4859,c630c_00013,47,0.5237005925148128,marginal_confidence,4,231.60138378459462
4860,c630c_00013,48,0.6582789569739244,marginal_confidence,4,231.60138378459462
4861,c630c_00013,49,0.6182279556988924,marginal_confidence,4,231.60138378459462
4862,c630c_00013,50,0.5359133978349458,marginal_confidence,4,231.60138378459462
4863,c630c_00013,51,0.5614140353508837,marginal_confidence,4,231.60138378459462
4864,c630c_00013,52,0.5910897772444311,marginal_confidence,4,231.60138378459462
4865,c630c_00013,53,0.5836270906772669,marginal_confidence,4,231.60138378459462
4866,c630c_00013,54,0.5858146453661341,marginal_confidence,4,231.60138378459462
4867,c630c_00013,55,0.5279756993924848,marginal_confidence,4,231.60138378459462
4868,c630c_00013,56,0.586689667241681,marginal_confidence,4,231.60138378459462
4869,c630c_00013,57,0.6260156503912598,marginal_confidence,4,231.60138378459462
4870,c630c_00013,58,0.5538013450336259,marginal_confidence,4,231.60138378459462
4871,c630c_00013,59,0.5578764469111728,marginal_confidence,4,231.60138378459462
4872,c630c_00013,60,0.5457636440911022,marginal_confidence,4,231.60138378459462
4873,c630c_00013,61,0.5815145378634466,marginal_confidence,4,231.60138378459462
4874,c630c_00013,62,0.629940748518713,marginal_confidence,4,231.60138378459462
4875,c630c_00013,63,0.5636265906647666,marginal_confidence,4,231.60138378459462
4876,c630c_00013,64,0.5683517087927198,marginal_confidence,4,231.60138378459462
4877,c630c_00013,65,0.6458661466536664,marginal_confidence,4,231.60138378459462
4878,c630c_00013,66,0.6357658941473536,marginal_confidence,4,231.60138378459462
4879,c630c_00013,67,0.5682517062926573,marginal_confidence,4,231.60138378459462
4880,c630c_00013,68,0.5308132703317583,marginal_confidence,4,231.60138378459462
4881,c630c_00013,69,0.6159403985099627,marginal_confidence,4,231.60138378459462
4882,c630c_00013,70,0.6584539613490337,marginal_confidence,4,231.60138378459462
4883,c630c_00013,71,0.6212905322633067,marginal_confidence,4,231.60138378459462
4884,c630c_00013,72,0.6010150253756344,marginal_confidence,4,231.60138378459462
4885,c630c_00013,73,0.589364734118353,marginal_confidence,4,231.60138378459462
4886,c630c_00013,74,0.6066276656916423,marginal_confidence,4,231.60138378459462
4887,c630c_00013,75,0.5963899097477436,marginal_confidence,4,231.60138378459462
4888,c630c_00013,76,0.5633765844146104,marginal_confidence,4,231.60138378459462
4889,c630c_00013,77,0.5635015875396885,marginal_confidence,4,231.60138378459462
4890,c630c_00013,78,0.519350483762094,marginal_confidence,4,231.60138378459462
4891,c630c_00013,79,0.6059651491287282,marginal_confidence,4,231.60138378459462
4892,c630c_00013,80,0.5830770769269231,marginal_confidence,4,231.60138378459462
4893,c630c_00013,81,0.602902572564314,marginal_confidence,4,231.60138378459462
4894,c630c_00013,82,0.5487262181554539,marginal_confidence,4,231.60138378459462
4895,c630c_00013,83,0.6007150178754469,marginal_confidence,4,231.60138378459462
4896,c630c_00013,84,0.5788519712992825,marginal_confidence,4,231.60138378459462
4897,c630c_00013,85,0.5855646391159779,marginal_confidence,4,231.60138378459462
4898,c630c_00013,86,0.6038525963149078,marginal_confidence,4,231.60138378459462
4899,c630c_00013,87,0.541313532838321,marginal_confidence,4,231.60138378459462
4900,c630c_00013,88,0.5784769619240481,marginal_confidence,4,231.60138378459462
4901,c630c_00013,89,0.5933523338083452,marginal_confidence,4,231.60138378459462
4902,c630c_00013,90,0.5961649041226031,marginal_confidence,4,231.60138378459462
4903,c630c_00013,91,0.6052901322533063,marginal_confidence,4,231.60138378459462
4904,c630c_00013,92,0.6009900247506188,marginal_confidence,4,231.60138378459462
4905,c630c_00013,93,0.6032275806895173,marginal_confidence,4,231.60138378459462
4906,c630c_00013,94,0.6174279356983925,marginal_confidence,4,231.60138378459462
4907,c630c_00013,95,0.5339758493962349,marginal_confidence,4,231.60138378459462
4908,c630c_00013,96,0.6164404110102752,marginal_confidence,4,231.60138378459462
4909,c630c_00013,97,0.5412385309632741,marginal_confidence,4,231.60138378459462
4910,c630c_00013,98,0.6135528388209706,marginal_confidence,4,231.60138378459462
4911,c630c_00013,99,0.5269381734543364,marginal_confidence,4,231.60138378459462
4912,c630c_00013,100,0.6257906447661191,marginal_confidence,4,231.60138378459462
4913,c630c_00013,101,0.6108652716317908,marginal_confidence,4,231.60138378459462
4914,c630c_00013,102,0.5909397734943374,marginal_confidence,4,231.60138378459462
4915,c630c_00013,103,0.5692267306682667,marginal_confidence,4,231.60138378459462
4916,c630c_00013,104,0.5857146428660717,marginal_confidence,4,231.60138378459462
4917,c630c_00013,105,0.5734268356708918,marginal_confidence,4,231.60138378459462
4918,c630c_00013,106,0.61332783319583,marginal_confidence,4,231.60138378459462
4919,c630c_00013,107,0.6059401485037126,marginal_confidence,4,231.60138378459462
4920,c630c_00013,108,0.531563289082227,marginal_confidence,4,231.60138378459462
4921,c630c_00013,109,0.586289657241431,marginal_confidence,4,231.60138378459462
4922,c630c_00013,110,0.5511637790944773,marginal_confidence,4,231.60138378459462
4923,c630c_00013,111,0.6357158928973224,marginal_confidence,4,231.60138378459462
4924,c630c_00013,112,0.5811645291132278,marginal_confidence,4,231.60138378459462
4925,c630c_00013,113,0.5980024500612515,marginal_confidence,4,231.60138378459462
4926,c630c_00013,114,0.5912397809945249,marginal_confidence,4,231.60138378459462
4927,c630c_00013,115,0.6181029525738143,marginal_confidence,4,231.60138378459462
4928,c630c_00013,116,0.5585514637865947,marginal_confidence,4,231.60138378459462
4929,c630c_00013,117,0.5799394984874622,marginal_confidence,4,231.60138378459462
4930,c630c_00013,118,0.5858646466161654,marginal_confidence,4,231.60138378459462
4931,c630c_00013,119,0.516412910322758,marginal_confidence,4,231.60138378459462
4932,c630c_00013,120,0.5658891472286807,marginal_confidence,4,231.60138378459462
4933,c630c_00013,121,0.5520388009700243,marginal_confidence,4,231.60138378459462
4934,c630c_00013,122,0.6287782194554864,marginal_confidence,4,231.60138378459462
4935,c630c_00013,123,0.52108802720068,marginal_confidence,4,231.60138378459462
4936,c630c_00013,124,0.6238780969524238,marginal_confidence,4,231.60138378459462
4937,c630c_00013,125,0.6004150103752594,marginal_confidence,4,231.60138378459462
4938,c630c_00013,126,0.5301882547063677,marginal_confidence,4,231.60138378459462
4939,c630c_00013,127,0.5558388959723993,marginal_confidence,4,231.60138378459462
4940,c630c_00013,128,0.5617015425385635,marginal_confidence,4,231.60138378459462
4941,c630c_00013,129,0.5355633890847271,marginal_confidence,4,231.60138378459462
4942,c630c_00013,130,0.5511137778444462,marginal_confidence,4,231.60138378459462
4943,c630c_00013,131,0.5135003375084377,marginal_confidence,4,231.60138378459462
4944,c630c_00013,132,0.5185754643866096,marginal_confidence,4,231.60138378459462
4945,c630c_00013,133,0.571414285357134,marginal_confidence,4,231.60138378459462
4946,c630c_00013,134,0.5912647816195404,marginal_confidence,4,231.60138378459462
4947,c630c_00013,135,0.5391884797119928,marginal_confidence,4,231.60138378459462
4948,c630c_00013,136,0.5632765819145479,marginal_confidence,4,231.60138378459462
4949,c630c_00013,137,0.6733543338583465,marginal_confidence,4,231.60138378459462
4950,c630c_00013,138,0.6277281932048302,marginal_confidence,4,231.60138378459462
4951,c630c_00013,139,0.6181779544488613,marginal_confidence,4,231.60138378459462
4952,c630c_00013,140,0.5594764869121728,marginal_confidence,4,231.60138378459462
4953,c630c_00013,141,0.6580789519737993,marginal_confidence,4,231.60138378459462
4954,c630c_00013,142,0.5591764794119853,marginal_confidence,4,231.60138378459462
4955,c630c_00013,143,0.5555388884722118,marginal_confidence,4,231.60138378459462
4956,c630c_00013,144,0.5911147778694468,marginal_confidence,4,231.60138378459462
4957,c630c_00013,145,0.5995399884997125,marginal_confidence,4,231.60138378459462
4958,c630c_00013,146,0.6009650241256032,marginal_confidence,4,231.60138378459462
4959,c630c_00013,147,0.6221530538263456,marginal_confidence,4,231.60138378459462
4960,c630c_00013,148,0.6721293032325808,marginal_confidence,4,231.60138378459462
4961,c630c_00013,149,0.6211780294507363,marginal_confidence,4,231.60138378459462
4962,c630c_00013,150,0.5710142753568839,marginal_confidence,4,231.60138378459462
4963,c630c_00013,151,0.5972024300607515,marginal_confidence,4,231.60138378459462
4964,c630c_00013,152,0.5242506062651566,marginal_confidence,4,231.60138378459462
4965,c630c_00013,153,0.626065651641291,marginal_confidence,4,231.60138378459462
4966,c630c_00013,154,0.5635265881647041,marginal_confidence,4,231.60138378459462
4967,c630c_00013,155,0.6055401385034626,marginal_confidence,4,231.60138378459462
4968,c630c_00013,156,0.6195404885122128,marginal_confidence,4,231.60138378459462
4969,c630c_00013,157,0.5885022125553139,marginal_confidence,4,231.60138378459462
4970,c630c_00013,158,0.6351158778969475,marginal_confidence,4,231.60138378459462
4971,c630c_00013,159,0.6409410235255881,marginal_confidence,4,231.60138378459462
4972,c630c_00013,160,0.5556638915972899,marginal_confidence,4,231.60138378459462
4973,c630c_00013,161,0.6052651316282907,marginal_confidence,4,231.60138378459462
4974,c630c_00013,162,0.558801470036751,marginal_confidence,4,231.60138378459462
4975,c630c_00013,163,0.6056151403785095,marginal_confidence,4,231.60138378459462
4976,c630c_00013,164,0.5968274206855171,marginal_confidence,4,231.60138378459462
4977,c630c_00013,165,0.6057651441286032,marginal_confidence,4,231.60138378459462
4978,c630c_00013,166,0.5518887972199306,marginal_confidence,4,231.60138378459462
4979,c630c_00013,167,0.5364634115852897,marginal_confidence,4,231.60138378459462
4980,c630c_00013,168,0.6084777119427986,marginal_confidence,4,231.60138378459462
4981,c630c_00013,169,0.5530513262831571,marginal_confidence,4,231.60138378459462
4982,c630c_00013,170,0.5731268281707043,marginal_confidence,4,231.60138378459462
4983,c630c_00013,171,0.5117877946948673,marginal_confidence,4,231.60138378459462
4984,c630c_00013,172,0.6089777244431112,marginal_confidence,4,231.60138378459462
4985,c630c_00013,173,0.5911897797444936,marginal_confidence,4,231.60138378459462
4986,c630c_00013,174,0.5904897622440561,marginal_confidence,4,231.60138378459462
4987,c630c_00013,175,0.6184779619490487,marginal_confidence,4,231.60138378459462
4988,c630c_00013,176,0.6282282057051427,marginal_confidence,4,231.60138378459462
4989,c630c_00013,177,0.573476836920923,marginal_confidence,4,231.60138378459462
4990,c630c_00013,178,0.6384284607115178,marginal_confidence,4,231.60138378459462
4991,c630c_00013,179,0.6055651391284782,marginal_confidence,4,231.60138378459462
4992,c630c_00013,180,0.5786019650491262,marginal_confidence,4,231.60138378459462
4993,c630c_00013,181,0.6184029600740019,marginal_confidence,4,231.60138378459462
4994,c630c_00013,182,0.5328508212705317,marginal_confidence,4,231.60138378459462
4995,c630c_00013,183,0.6548663716592915,marginal_confidence,4,231.60138378459462
4996,c630c_00013,184,0.623803095077377,marginal_confidence,4,231.60138378459462
4997,c630c_00013,185,0.608652716317908,marginal_confidence,4,231.60138378459462
4998,c630c_00013,186,0.503000075001875,marginal_confidence,4,231.60138378459462
4999,c630c_00013,187,0.5743768594214855,marginal_confidence,4,231.60138378459462
5000,c630c_00013,188,0.5741393534838372,marginal_confidence,4,231.60138378459462
5001,c630c_00013,189,0.5184504612615315,marginal_confidence,4,231.60138378459462
5002,c630c_00013,190,0.5627765694142354,marginal_confidence,4,231.60138378459462
5003,c630c_00013,191,0.5483012075301883,marginal_confidence,4,231.60138378459462
5004,c630c_00013,192,0.5308132703317583,marginal_confidence,4,231.60138378459462
5005,c630c_00013,193,0.5934273356833921,marginal_confidence,4,231.60138378459462
5006,c630c_00013,194,0.5931523288082202,marginal_confidence,4,231.60138378459462
5007,c630c_00013,195,0.5810395259881497,marginal_confidence,4,231.60138378459462
5008,c630c_00013,196,0.5930273256831421,marginal_confidence,4,231.60138378459462
5009,c630c_00013,197,0.661241531038276,marginal_confidence,4,231.60138378459462
5010,c630c_00013,198,0.6384534613365335,marginal_confidence,4,231.60138378459462
5011,c630c_00013,199,0.602702567564189,marginal_confidence,4,231.60138378459462
5012,c630c_00013,200,0.5755393884847121,marginal_confidence,4,231.60138378459462
5013,c630c_00013,201,0.5393509837745945,marginal_confidence,4,231.60138378459462
5014,c630c_00013,202,0.6394909872746819,marginal_confidence,4,231.60138378459462
5015,c630c_00013,203,0.5927023175579389,marginal_confidence,4,231.60138378459462
5016,c630c_00013,204,0.6100402510062752,marginal_confidence,4,231.60138378459462
5017,c630c_00013,205,0.5301882547063677,marginal_confidence,4,231.60138378459462
5018,c630c_00013,206,0.611315282882072,marginal_confidence,4,231.60138378459462
5019,c630c_00013,207,0.5631765794144854,marginal_confidence,4,231.60138378459462
5020,c630c_00013,208,0.6036525913147829,marginal_confidence,4,231.60138378459462
5021,c630c_00013,209,0.5808395209880247,marginal_confidence,4,231.60138378459462
5022,c630c_00013,210,0.6019275481887048,marginal_confidence,4,231.60138378459462
5023,c630c_00013,211,0.5369759243981099,marginal_confidence,4,231.60138378459462
5024,c630c_00013,212,0.5416635415885397,marginal_confidence,4,231.60138378459462
5025,c630c_00013,213,0.5751893797344934,marginal_confidence,4,231.60138378459462
5026,c630c_00013,214,0.5372884322108052,marginal_confidence,4,231.60138378459462
5027,c630c_00013,215,0.6486287157178929,marginal_confidence,4,231.60138378459462
5028,c630c_00013,216,0.5970524263106578,marginal_confidence,4,231.60138378459462
5029,c630c_00013,217,0.5209130228255707,marginal_confidence,4,231.60138378459462
5030,c630c_00013,218,0.5046876171904298,marginal_confidence,4,231.60138378459462
5031,c630c_00013,219,0.5219880497012426,marginal_confidence,4,231.60138378459462
5032,c630c_00013,220,0.543976099402485,marginal_confidence,4,231.60138378459462
5033,c630c_00013,221,0.5381009525238131,marginal_confidence,4,231.60138378459462
5034,c630c_00013,222,0.591627290682267,marginal_confidence,4,231.60138378459462
5035,c630c_00013,223,0.5495137378434461,marginal_confidence,4,231.60138378459462
5036,c630c_00013,224,0.5807395184879622,marginal_confidence,4,231.60138378459462
5037,c630c_00013,225,0.603377584439611,marginal_confidence,4,231.60138378459462
5038,c630c_00013,226,0.47414935373384337,marginal_confidence,4,231.60138378459462
5039,c630c_00013,227,0.5591514787869697,marginal_confidence,4,231.60138378459462
5040,c630c_00013,228,0.5194379859496487,marginal_confidence,4,231.60138378459462
5041,c630c_00013,229,0.6251906297657441,marginal_confidence,4,231.60138378459462
5042,c630c_00013,230,0.6258156453911348,marginal_confidence,4,231.60138378459462
5043,c630c_00013,231,0.593827345683642,marginal_confidence,4,231.60138378459462
5044,c630c_00013,232,0.5681267031675792,marginal_confidence,4,231.60138378459462
5045,c630c_00013,233,0.546313657841446,marginal_confidence,4,231.60138378459462
5046,c630c_00013,234,0.6249906247656192,marginal_confidence,4,231.60138378459462
5047,c630c_00013,235,0.536038400960024,marginal_confidence,4,231.60138378459462
5048,c630c_00013,236,0.5667641691042276,marginal_confidence,4,231.60138378459462
5049,c630c_00013,237,0.6062651566289157,marginal_confidence,4,231.60138378459462
5050,c630c_00013,238,0.5968649216230406,marginal_confidence,4,231.60138378459462
5051,c630c_00013,239,0.6277781944548613,marginal_confidence,4,231.60138378459462
5052,c630c_00013,240,0.5286757168929224,marginal_confidence,4,231.60138378459462
5053,c630c_00013,241,0.5496887422185555,marginal_confidence,4,231.60138378459462
5054,c630c_00013,242,0.5204130103252581,marginal_confidence,4,231.60138378459462
5055,c630c_00013,243,0.5258381459536489,marginal_confidence,4,231.60138378459462
5056,c630c_00013,244,0.557726443161079,marginal_confidence,4,231.60138378459462
5057,c630c_00013,245,0.581489537238431,marginal_confidence,4,231.60138378459462
5058,c630c_00013,246,0.5585764644116102,marginal_confidence,4,231.60138378459462
5059,c630c_00013,247,0.6628040701017526,marginal_confidence,4,231.60138378459462
5060,c630c_00013,248,0.5961649041226031,marginal_confidence,4,231.60138378459462
5061,c630c_00013,249,0.6485287132178305,marginal_confidence,4,231.60138378459462
5062,c630c_00013,250,0.5589514737868446,marginal_confidence,4,231.60138378459462
5063,c630c_00013,251,0.5434260856521413,marginal_confidence,4,231.60138378459462
5064,c630c_00013,252,0.5999899997499938,marginal_confidence,4,231.60138378459462
5065,c630c_00013,253,0.5442261056526413,marginal_confidence,4,231.60138378459462
5066,c630c_00013,254,0.6257406435160879,marginal_confidence,4,231.60138378459462
5067,c630c_00013,255,0.58395209880247,marginal_confidence,4,231.60138378459462
5068,c630c_00013,256,0.5935273381834546,marginal_confidence,4,231.60138378459462
5069,c630c_00013,257,0.5765644141103528,marginal_confidence,4,231.60138378459462
5070,c630c_00013,258,0.5506637665941648,marginal_confidence,4,231.60138378459462
5071,c630c_00013,259,0.4921123028075702,marginal_confidence,4,231.60138378459462
5072,c630c_00013,260,0.6334033350833771,marginal_confidence,4,231.60138378459462
5073,c630c_00013,261,0.6215155378884472,marginal_confidence,4,231.60138378459462
5074,c630c_00013,262,0.574476861921548,marginal_confidence,4,231.60138378459462
5075,c630c_00013,263,0.49969999249981245,marginal_confidence,4,231.60138378459462
5076,c630c_00013,264,0.5838520963024076,marginal_confidence,4,231.60138378459462
5077,c630c_00013,265,0.5912397809945249,marginal_confidence,4,231.60138378459462
5078,c630c_00013,266,0.49683742093552336,marginal_confidence,4,231.60138378459462
5079,c630c_00013,267,0.4613115327883197,marginal_confidence,4,231.60138378459462
5080,c630c_00013,268,0.6211655291382285,marginal_confidence,4,231.60138378459462
5081,c630c_00013,269,0.5967399184979625,marginal_confidence,4,231.60138378459462
5082,c630c_00013,270,0.5561764044101103,marginal_confidence,4,231.60138378459462
5083,c630c_00013,271,0.5324008100202505,marginal_confidence,4,231.60138378459462
5084,c630c_00013,272,0.6574039350983775,marginal_confidence,4,231.60138378459462
5085,c630c_00013,273,0.6113902847571189,marginal_confidence,4,231.60138378459462
5086,c630c_00013,274,0.5593764844121103,marginal_confidence,4,231.60138378459462
5087,c630c_00013,275,0.4896622415560389,marginal_confidence,4,231.60138378459462
5088,c630c_00013,276,0.6135278381959549,marginal_confidence,4,231.60138378459462
5089,c630c_00013,277,0.558801470036751,marginal_confidence,4,231.60138378459462
5090,c630c_00013,278,0.5940273506837671,marginal_confidence,4,231.60138378459462
5091,c630c_00013,279,0.5217880447011175,marginal_confidence,4,231.60138378459462
5092,c630c_00013,280,0.5341508537713443,marginal_confidence,4,231.60138378459462
5093,c630c_00013,281,0.6086777169429236,marginal_confidence,4,231.60138378459462
5094,c630c_00013,282,0.5242006050151253,marginal_confidence,4,231.60138378459462
5095,c630c_00013,283,0.5965149128728218,marginal_confidence,4,231.60138378459462
5096,c630c_00013,284,0.6156903922598065,marginal_confidence,4,231.60138378459462
5097,c630c_00013,285,0.648953723843096,marginal_confidence,4,231.60138378459462
5098,c630c_00013,286,0.5320133003325084,marginal_confidence,4,231.60138378459462
5099,c630c_00013,287,0.5611890297257431,marginal_confidence,4,231.60138378459462
5100,c630c_00013,288,0.6034775869396735,marginal_confidence,4,231.60138378459462
5101,c630c_00013,289,0.6117902947573689,marginal_confidence,4,231.60138378459462
5102,c630c_00013,290,0.6159653991349784,marginal_confidence,4,231.60138378459462
5103,c630c_00013,291,0.5638265956648916,marginal_confidence,4,231.60138378459462
5104,c630c_00013,292,0.5489012225305633,marginal_confidence,4,231.60138378459462
5105,c630c_00013,293,0.5290007250181255,marginal_confidence,4,231.60138378459462
5106,c630c_00013,294,0.6360909022725568,marginal_confidence,4,231.60138378459462
5107,c630c_00013,295,0.5294757368934223,marginal_confidence,4,231.60138378459462
5108,c630c_00013,296,0.5966899172479312,marginal_confidence,4,231.60138378459462
5109,c630c_00013,297,0.543051076276907,marginal_confidence,4,231.60138378459462
5110,c630c_00013,298,0.5982524563114078,marginal_confidence,4,231.60138378459462
5111,c630c_00013,299,0.6281782044551114,marginal_confidence,4,231.60138378459462
5112,c630c_00013,300,0.6101152528813221,marginal_confidence,4,231.60138378459462
5113,c630c_00013,301,0.5611640291007275,marginal_confidence,4,231.60138378459462
5114,c630c_00013,302,0.6277031925798144,marginal_confidence,4,231.60138378459462
5115,c630c_00013,303,0.534100852521313,marginal_confidence,4,231.60138378459462
5116,c630c_00013,304,0.5835770894272356,marginal_confidence,4,231.60138378459462
5117,c630c_00013,305,0.540713517837946,marginal_confidence,4,231.60138378459462
5118,c630c_00013,306,0.5650391259781495,marginal_confidence,4,231.60138378459462
5119,c630c_00013,307,0.6331283282082052,marginal_confidence,4,231.60138378459462
5120,c630c_00013,308,0.565339133478337,marginal_confidence,4,231.60138378459462
5121,c630c_00013,309,0.6106902672566814,marginal_confidence,4,231.60138378459462
5122,c630c_00013,310,0.7274306857671442,marginal_confidence,4,231.60138378459462
5123,c630c_00013,311,0.6355408885222131,marginal_confidence,4,231.60138378459462
5124,c630c_00013,312,0.5567139178479462,marginal_confidence,4,231.60138378459462
5125,c630c_00013,313,0.6019025475636891,marginal_confidence,4,231.60138378459462
5126,c630c_00013,314,0.6043026075651892,marginal_confidence,4,231.60138378459462
5127,c630c_00013,315,0.5737768444211105,marginal_confidence,4,231.60138378459462
5128,c630c_00013,316,0.5165379134478362,marginal_confidence,4,231.60138378459462
5129,c630c_00013,317,0.5563639090977275,marginal_confidence,4,231.60138378459462
5130,c630c_00013,318,0.5815645391134778,marginal_confidence,4,231.60138378459462
5131,c630c_00013,319,0.5912897822445561,marginal_confidence,4,231.60138378459462
5132,c630c_00013,320,0.559538988474712,marginal_confidence,4,231.60138378459462
5133,c630c_00013,321,0.5022750568764218,marginal_confidence,4,231.60138378459462
5134,c630c_00013,322,0.6454161354033852,marginal_confidence,4,231.60138378459462
5135,c630c_00013,323,0.5433510837770944,marginal_confidence,4,231.60138378459462
5136,c630c_00013,324,0.552651316282907,marginal_confidence,4,231.60138378459462
5137,c630c_00013,325,0.5862646566164154,marginal_confidence,4,231.60138378459462
5138,c630c_00013,326,0.609790244756119,marginal_confidence,4,231.60138378459462
5139,c630c_00013,327,0.6037525938148454,marginal_confidence,4,231.60138378459462
5140,c630c_00013,328,0.6337783444586115,marginal_confidence,4,231.60138378459462
5141,c630c_00013,329,0.5687767194179855,marginal_confidence,4,231.60138378459462
5142,c630c_00013,330,0.5419385484637116,marginal_confidence,4,231.60138378459462
5143,c630c_00013,331,0.6209405235130878,marginal_confidence,4,231.60138378459462
5144,c630c_00013,332,0.5726018150453762,marginal_confidence,4,231.60138378459462
5145,c630c_00013,333,0.5940773519337984,marginal_confidence,4,231.60138378459462
5146,c630c_00013,334,0.5807895197379934,marginal_confidence,4,231.60138378459462
5147,c630c_00013,335,0.5942023550588765,marginal_confidence,4,231.60138378459462
5148,c630c_00013,336,0.5391009775244381,marginal_confidence,4,231.60138378459462
5149,c630c_00013,337,0.6021025525638142,marginal_confidence,4,231.60138378459462
5150,c630c_00013,338,0.523825595639891,marginal_confidence,4,231.60138378459462
5151,c630c_00013,339,0.5921523038075952,marginal_confidence,4,231.60138378459462
5152,c630c_00013,340,0.569139228480712,marginal_confidence,4,231.60138378459462
5153,c630c_00013,341,0.5931023275581889,marginal_confidence,4,231.60138378459462
5154,c630c_00013,342,0.49767494187354683,marginal_confidence,4,231.60138378459462
5155,c630c_00013,343,0.5930273256831421,marginal_confidence,4,231.60138378459462
5156,c630c_00013,344,0.49406235155878897,marginal_confidence,4,231.60138378459462
5157,c630c_00013,345,0.6030775769394234,marginal_confidence,4,231.60138378459462
5158,c630c_00013,346,0.5647891197279933,marginal_confidence,4,231.60138378459462
5159,c630c_00013,347,0.6009650241256032,marginal_confidence,4,231.60138378459462
5160,c630c_00013,348,0.5540013500337508,marginal_confidence,4,231.60138378459462
5161,c630c_00013,349,0.5654641366034151,marginal_confidence,4,231.60138378459462
5162,c630c_00013,350,0.5443011075276882,marginal_confidence,4,231.60138378459462
5163,c630c_00013,351,0.6063276581914547,marginal_confidence,4,231.60138378459462
5164,c630c_00013,352,0.5336008400210006,marginal_confidence,4,231.60138378459462
5165,c630c_00013,353,0.6482037050926273,marginal_confidence,4,231.60138378459462
5166,c630c_00013,354,0.61332783319583,marginal_confidence,4,231.60138378459462
5167,c630c_00013,355,0.6063401585039626,marginal_confidence,4,231.60138378459462
5168,c630c_00013,356,0.6107902697567439,marginal_confidence,4,231.60138378459462
5169,c630c_00013,357,0.6626290657266432,marginal_confidence,4,231.60138378459462
5170,c630c_00013,358,0.5910897772444311,marginal_confidence,4,231.60138378459462
5171,c630c_00013,359,0.576151903797595,marginal_confidence,4,231.60138378459462
5172,c630c_00013,360,0.6734793369834245,marginal_confidence,4,231.60138378459462
5173,c630c_00013,361,0.5378009450236256,marginal_confidence,4,231.60138378459462
5174,c630c_00013,362,0.6871046776169404,marginal_confidence,4,231.60138378459462
5175,c630c_00013,363,0.6241156028900723,marginal_confidence,4,231.60138378459462
5176,c630c_00013,364,0.5984274606865172,marginal_confidence,4,231.60138378459462
5177,c630c_00013,365,0.5685017125428136,marginal_confidence,4,231.60138378459462
5178,c630c_00013,366,0.5639515987899697,marginal_confidence,4,231.60138378459462
5179,c630c_00013,367,0.643953598839971,marginal_confidence,4,231.60138378459462
5180,c630c_00013,368,0.6013400335008375,marginal_confidence,4,231.60138378459462
5181,c630c_00013,369,0.6067026675666891,marginal_confidence,4,231.60138378459462
5182,c630c_00013,370,0.5584014600365009,marginal_confidence,4,231.60138378459462
5183,c630c_00013,371,0.584689617240431,marginal_confidence,4,231.60138378459462
5184,c630c_00013,372,0.5610890272256807,marginal_confidence,4,231.60138378459462
5185,c630c_00013,373,0.5235755893897347,marginal_confidence,4,231.60138378459462
5186,c630c_00013,374,0.618452961324033,marginal_confidence,4,231.60138378459462
5187,c630c_00013,375,0.5641016025400636,marginal_confidence,4,231.60138378459462
5188,c630c_00013,376,0.56126403160079,marginal_confidence,4,231.60138378459462
5189,c630c_00013,377,0.6035275881897048,marginal_confidence,4,231.60138378459462
5190,c630c_00013,378,0.5959398984974624,marginal_confidence,4,231.60138378459462
5191,c630c_00013,379,0.5560389009725243,marginal_confidence,4,231.60138378459462
5192,c630c_00013,380,0.6257906447661191,marginal_confidence,4,231.60138378459462
5193,c630c_00013,381,0.5711892797319933,marginal_confidence,4,231.60138378459462
5194,c630c_00013,382,0.575614390359759,marginal_confidence,4,231.60138378459462
5195,c630c_00013,383,0.4659366484162104,marginal_confidence,4,231.60138378459462
5196,c630c_00013,384,0.6132028300707518,marginal_confidence,4,231.60138378459462
5197,c630c_00013,385,0.5980024500612515,marginal_confidence,4,231.60138378459462
5198,c630c_00013,386,0.5206380159503987,marginal_confidence,4,231.60138378459462
5199,c630c_00013,387,0.615665391634791,marginal_confidence,4,231.60138378459462
5200,c630c_00013,388,0.6011150278756969,marginal_confidence,4,231.60138378459462
5201,c630c_00013,389,0.5155003875096877,marginal_confidence,4,231.60138378459462
5202,c630c_00013,390,0.6038525963149078,marginal_confidence,4,231.60138378459462
5203,c630c_00013,391,0.5881522038050951,marginal_confidence,4,231.60138378459462
5204,c630c_00013,392,0.6123028075701893,marginal_confidence,4,231.60138378459462
5205,c630c_00013,393,0.5141628540713518,marginal_confidence,4,231.60138378459462
5206,c630c_00013,394,0.5582514562864072,marginal_confidence,4,231.60138378459462
5207,c630c_00013,395,0.5666641666041651,marginal_confidence,4,231.60138378459462
5208,c630c_00013,396,0.6226530663266582,marginal_confidence,4,231.60138378459462
5209,c630c_00013,397,0.5828520713017826,marginal_confidence,4,231.60138378459462
5210,c630c_00013,398,0.5639390984774619,marginal_confidence,4,231.60138378459462
5211,c630c_00013,399,0.6338158453961349,marginal_confidence,4,231.60138378459462
5212,c630c_00013,400,0.49652491312282804,marginal_confidence,4,231.60138378459462
5213,c630c_00014,0,0.5616515412885322,marginal_confidence,5,228.58875221880547
5214,c630c_00014,1,0.596039900997525,marginal_confidence,5,228.58875221880547
5215,c630c_00014,2,0.6054651366284157,marginal_confidence,5,228.58875221880547
5216,c630c_00014,3,0.6703417585439636,marginal_confidence,5,228.58875221880547
5217,c630c_00014,4,0.5681767044176105,marginal_confidence,5,228.58875221880547
5218,c630c_00014,5,0.6078776969424236,marginal_confidence,5,228.58875221880547
5219,c630c_00014,6,0.5930023250581264,marginal_confidence,5,228.58875221880547
5220,c630c_00014,7,0.5860396509912748,marginal_confidence,5,228.58875221880547
5221,c630c_00014,8,0.5855896397409935,marginal_confidence,5,228.58875221880547
5222,c630c_00014,9,0.6101402535063376,marginal_confidence,5,228.58875221880547
5223,c630c_00014,10,0.5476761919047977,marginal_confidence,5,228.58875221880547
5224,c630c_00014,11,0.6071026775669391,marginal_confidence,5,228.58875221880547
5225,c630c_00014,12,0.6003150078751969,marginal_confidence,5,228.58875221880547
5226,c630c_00014,13,0.5681767044176105,marginal_confidence,5,228.58875221880547
5227,c630c_00014,14,0.6057901447536188,marginal_confidence,5,228.58875221880547
5228,c630c_00014,15,0.5108002700067502,marginal_confidence,5,228.58875221880547
5229,c630c_00014,16,0.5030375759393985,marginal_confidence,5,228.58875221880547
5230,c630c_00014,17,0.6004900122503063,marginal_confidence,5,228.58875221880547
5231,c630c_00014,18,0.5669016725418136,marginal_confidence,5,228.58875221880547
5232,c630c_00014,19,0.6299657491437286,marginal_confidence,5,228.58875221880547
5233,c630c_00014,20,0.6180279506987675,marginal_confidence,5,228.58875221880547
5234,c630c_00014,21,0.5678516962924073,marginal_confidence,5,228.58875221880547
5235,c630c_00014,22,0.5600390009750245,marginal_confidence,5,228.58875221880547
5236,c630c_00014,23,0.5573014325358134,marginal_confidence,5,228.58875221880547
5237,c630c_00014,24,0.6346408660216505,marginal_confidence,5,228.58875221880547
5238,c630c_00014,25,0.5568764219105478,marginal_confidence,5,228.58875221880547
5239,c630c_00014,26,0.5923273081827045,marginal_confidence,5,228.58875221880547
5240,c630c_00014,27,0.5915772894322358,marginal_confidence,5,228.58875221880547
5241,c630c_00014,28,0.6104652616315408,marginal_confidence,5,228.58875221880547
5242,c630c_00014,29,0.5094377359433986,marginal_confidence,5,228.58875221880547
5243,c630c_00014,30,0.5115252881322033,marginal_confidence,5,228.58875221880547
5244,c630c_00014,31,0.5468011700292508,marginal_confidence,5,228.58875221880547
5245,c630c_00014,32,0.5020500512512813,marginal_confidence,5,228.58875221880547
5246,c630c_00014,33,0.5907147678691967,marginal_confidence,5,228.58875221880547
5247,c630c_00014,34,0.5271006775169379,marginal_confidence,5,228.58875221880547
5248,c630c_00014,35,0.5460261506537663,marginal_confidence,5,228.58875221880547
5249,c630c_00014,36,0.5909897747443686,marginal_confidence,5,228.58875221880547
5250,c630c_00014,37,0.5475261881547038,marginal_confidence,5,228.58875221880547
5251,c630c_00014,38,0.5512762819070477,marginal_confidence,5,228.58875221880547
5252,c630c_00014,39,0.557126428160704,marginal_confidence,5,228.58875221880547
5253,c630c_00014,40,0.570139253481337,marginal_confidence,5,228.58875221880547
5254,c630c_00014,41,0.5721018025450637,marginal_confidence,5,228.58875221880547
5255,c630c_00014,42,0.5611390284757118,marginal_confidence,5,228.58875221880547
5256,c630c_00014,43,0.5335383384584614,marginal_confidence,5,228.58875221880547
5257,c630c_00014,44,0.5578264456611415,marginal_confidence,5,228.58875221880547
5258,c630c_00014,45,0.598177454436361,marginal_confidence,5,228.58875221880547
5259,c630c_00014,46,0.6019275481887048,marginal_confidence,5,228.58875221880547
5260,c630c_00014,47,0.5556638915972899,marginal_confidence,5,228.58875221880547
5261,c630c_00014,48,0.6330783269581739,marginal_confidence,5,228.58875221880547
5262,c630c_00014,49,0.5702642566064151,marginal_confidence,5,228.58875221880547
5263,c630c_00014,50,0.5448136203405085,marginal_confidence,5,228.58875221880547
5264,c630c_00014,51,0.5362509062726568,marginal_confidence,5,228.58875221880547
5265,c630c_00014,52,0.6287282182054551,marginal_confidence,5,228.58875221880547
5266,c630c_00014,53,0.5928773219330483,marginal_confidence,5,228.58875221880547
5267,c630c_00014,54,0.6100902522563064,marginal_confidence,5,228.58875221880547
5268,c630c_00014,55,0.5243131078276957,marginal_confidence,5,228.58875221880547
5269,c630c_00014,56,0.5932023300582514,marginal_confidence,5,228.58875221880547
5270,c630c_00014,57,0.5755393884847121,marginal_confidence,5,228.58875221880547
5271,c630c_00014,58,0.5386134653366335,marginal_confidence,5,228.58875221880547
5272,c630c_00014,59,0.5265256631415786,marginal_confidence,5,228.58875221880547
5273,c630c_00014,60,0.5615765394134854,marginal_confidence,5,228.58875221880547
5274,c630c_00014,61,0.523225580639516,marginal_confidence,5,228.58875221880547
5275,c630c_00014,62,0.5629765744143603,marginal_confidence,5,228.58875221880547
5276,c630c_00014,63,0.5759893997349934,marginal_confidence,5,228.58875221880547
5277,c630c_00014,64,0.5809395234880872,marginal_confidence,5,228.58875221880547
5278,c630c_00014,65,0.539038475961899,marginal_confidence,5,228.58875221880547
5279,c630c_00014,66,0.5299382484562114,marginal_confidence,5,228.58875221880547
5280,c630c_00014,67,0.5957148928723218,marginal_confidence,5,228.58875221880547
5281,c630c_00014,68,0.516950423760594,marginal_confidence,5,228.58875221880547
5282,c630c_00014,69,0.5868771719292982,marginal_confidence,5,228.58875221880547
5283,c630c_00014,70,0.6073026825670642,marginal_confidence,5,228.58875221880547
5284,c630c_00014,71,0.5538388459711493,marginal_confidence,5,228.58875221880547
5285,c630c_00014,72,0.6170529263231581,marginal_confidence,5,228.58875221880547
5286,c630c_00014,73,0.5099377484437111,marginal_confidence,5,228.58875221880547
5287,c630c_00014,74,0.5946398659966499,marginal_confidence,5,228.58875221880547
5288,c630c_00014,75,0.5437385934648367,marginal_confidence,5,228.58875221880547
5289,c630c_00014,76,0.5233755843896097,marginal_confidence,5,228.58875221880547
5290,c630c_00014,77,0.5921523038075952,marginal_confidence,5,228.58875221880547
5291,c630c_00014,78,0.4963249081227031,marginal_confidence,5,228.58875221880547
5292,c630c_00014,79,0.5489012225305633,marginal_confidence,5,228.58875221880547
5293,c630c_00014,80,0.5189879746993675,marginal_confidence,5,228.58875221880547
5294,c630c_00014,81,0.5544388609715243,marginal_confidence,5,228.58875221880547
5295,c630c_00014,82,0.6064276606915173,marginal_confidence,5,228.58875221880547
5296,c630c_00014,83,0.57835195879897,marginal_confidence,5,228.58875221880547
5297,c630c_00014,84,0.5723268081702042,marginal_confidence,5,228.58875221880547
5298,c630c_00014,85,0.5581639540988524,marginal_confidence,5,228.58875221880547
5299,c630c_00014,86,0.5972774319357983,marginal_confidence,5,228.58875221880547
5300,c630c_00014,87,0.5472761819045475,marginal_confidence,5,228.58875221880547
5301,c630c_00014,88,0.5549138728468211,marginal_confidence,5,228.58875221880547
5302,c630c_00014,89,0.6203155078876972,marginal_confidence,5,228.58875221880547
5303,c630c_00014,90,0.5880022000550014,marginal_confidence,5,228.58875221880547
5304,c630c_00014,91,0.5404885122128054,marginal_confidence,5,228.58875221880547
5305,c630c_00014,92,0.5764019100477512,marginal_confidence,5,228.58875221880547
5306,c630c_00014,93,0.5818020450511263,marginal_confidence,5,228.58875221880547
5307,c630c_00014,94,0.5905897647441186,marginal_confidence,5,228.58875221880547
5308,c630c_00014,95,0.5586889672241806,marginal_confidence,5,228.58875221880547
5309,c630c_00014,96,0.5910397759943998,marginal_confidence,5,228.58875221880547
5310,c630c_00014,97,0.5367009175229381,marginal_confidence,5,228.58875221880547
5311,c630c_00014,98,0.5916022900572515,marginal_confidence,5,228.58875221880547
5312,c630c_00014,99,0.5766769169229231,marginal_confidence,5,228.58875221880547
5313,c630c_00014,100,0.5368759218980474,marginal_confidence,5,228.58875221880547
5314,c630c_00014,101,0.5957898947473688,marginal_confidence,5,228.58875221880547
5315,c630c_00014,102,0.5575514387859697,marginal_confidence,5,228.58875221880547
5316,c630c_00014,103,0.5960149003725093,marginal_confidence,5,228.58875221880547
5317,c630c_00014,104,0.5498637465936649,marginal_confidence,5,228.58875221880547
5318,c630c_00014,105,0.5525763144078601,marginal_confidence,5,228.58875221880547
5319,c630c_00014,106,0.5067001675041876,marginal_confidence,5,228.58875221880547
5320,c630c_00014,107,0.5638640966024151,marginal_confidence,5,228.58875221880547
5321,c630c_00014,108,0.53897597439936,marginal_confidence,5,228.58875221880547
5322,c630c_00014,109,0.5381384534613365,marginal_confidence,5,228.58875221880547
5323,c630c_00014,110,0.5862771569289232,marginal_confidence,5,228.58875221880547
5324,c630c_00014,111,0.5695142378559463,marginal_confidence,5,228.58875221880547
5325,c630c_00014,112,0.5628765719142979,marginal_confidence,5,228.58875221880547
5326,c630c_00014,113,0.5284632115802895,marginal_confidence,5,228.58875221880547
5327,c630c_00014,114,0.618452961324033,marginal_confidence,5,228.58875221880547
5328,c630c_00014,115,0.5502887572189304,marginal_confidence,5,228.58875221880547
5329,c630c_00014,116,0.5780269506737669,marginal_confidence,5,228.58875221880547
5330,c630c_00014,117,0.6376534413360334,marginal_confidence,5,228.58875221880547
5331,c630c_00014,118,0.5663016575414386,marginal_confidence,5,228.58875221880547
5332,c630c_00014,119,0.6087277181929549,marginal_confidence,5,228.58875221880547
5333,c630c_00014,120,0.6170029250731268,marginal_confidence,5,228.58875221880547
5334,c630c_00014,121,0.5758893972349309,marginal_confidence,5,228.58875221880547
5335,c630c_00014,122,0.5504637615940399,marginal_confidence,5,228.58875221880547
5336,c630c_00014,123,0.568276706917673,marginal_confidence,5,228.58875221880547
5337,c630c_00014,124,0.60024000600015,marginal_confidence,5,228.58875221880547
5338,c630c_00014,125,0.5419760494012351,marginal_confidence,5,228.58875221880547
5339,c630c_00014,126,0.6109402735068377,marginal_confidence,5,228.58875221880547
5340,c630c_00014,127,0.6216780419510488,marginal_confidence,5,228.58875221880547
5341,c630c_00014,128,0.6072776819420486,marginal_confidence,5,228.58875221880547
5342,c630c_00014,129,0.6118027950698768,marginal_confidence,5,228.58875221880547
5343,c630c_00014,130,0.5545138628465711,marginal_confidence,5,228.58875221880547
5344,c630c_00014,131,0.5219630490762269,marginal_confidence,5,228.58875221880547
5345,c630c_00014,132,0.48174954373859347,marginal_confidence,5,228.58875221880547
5346,c630c_00014,133,0.5324508112702817,marginal_confidence,5,228.58875221880547
5347,c630c_00014,134,0.5541388534713367,marginal_confidence,5,228.58875221880547
5348,c630c_00014,135,0.5115252881322033,marginal_confidence,5,228.58875221880547
5349,c630c_00014,136,0.5387884697117428,marginal_confidence,5,228.58875221880547
5350,c630c_00014,137,0.5781769544238606,marginal_confidence,5,228.58875221880547
5351,c630c_00014,138,0.5466261656541413,marginal_confidence,5,228.58875221880547
5352,c630c_00014,139,0.4924998124953124,marginal_confidence,5,228.58875221880547
5353,c630c_00014,140,0.5339883497087428,marginal_confidence,5,228.58875221880547
5354,c630c_00014,141,0.5611890297257431,marginal_confidence,5,228.58875221880547
5355,c630c_00014,142,0.5625515637890948,marginal_confidence,5,228.58875221880547
5356,c630c_00014,143,0.5581014525363135,marginal_confidence,5,228.58875221880547
5357,c630c_00014,144,0.4888622215555389,marginal_confidence,5,228.58875221880547
5358,c630c_00014,145,0.6255406385159629,marginal_confidence,5,228.58875221880547
5359,c630c_00014,146,0.6074026850671267,marginal_confidence,5,228.58875221880547
5360,c630c_00014,147,0.6253906347658691,marginal_confidence,5,228.58875221880547
5361,c630c_00014,148,0.5917272931823296,marginal_confidence,5,228.58875221880547
5362,c630c_00014,149,0.5443886097152428,marginal_confidence,5,228.58875221880547
5363,c630c_00014,150,0.541851046276157,marginal_confidence,5,228.58875221880547
5364,c630c_00014,151,0.6822045551138778,marginal_confidence,5,228.58875221880547
5365,c630c_00014,152,0.5529138228455711,marginal_confidence,5,228.58875221880547
5366,c630c_00014,153,0.6298157453936348,marginal_confidence,5,228.58875221880547
5367,c630c_00014,154,0.5532888322208055,marginal_confidence,5,228.58875221880547
5368,c630c_00014,155,0.6159403985099627,marginal_confidence,5,228.58875221880547
5369,c630c_00014,156,0.655366384159604,marginal_confidence,5,228.58875221880547
5370,c630c_00014,157,0.5806645166129153,marginal_confidence,5,228.58875221880547
5371,c630c_00014,158,0.5440636015900397,marginal_confidence,5,228.58875221880547
5372,c630c_00014,159,0.5989899747493688,marginal_confidence,5,228.58875221880547
5373,c630c_00014,160,0.544313607840196,marginal_confidence,5,228.58875221880547
5374,c630c_00014,161,0.49371234280857024,marginal_confidence,5,228.58875221880547
5375,c630c_00014,162,0.548513712842821,marginal_confidence,5,228.58875221880547
5376,c630c_00014,163,0.6163654091352284,marginal_confidence,5,228.58875221880547
5377,c630c_00014,164,0.5463511587789694,marginal_confidence,5,228.58875221880547
5378,c630c_00014,165,0.529038225955649,marginal_confidence,5,228.58875221880547
5379,c630c_00014,166,0.5412385309632741,marginal_confidence,5,228.58875221880547
5380,c630c_00014,167,0.5257256431410785,marginal_confidence,5,228.58875221880547
5381,c630c_00014,168,0.5788644716117903,marginal_confidence,5,228.58875221880547
5382,c630c_00014,169,0.5563514087852196,marginal_confidence,5,228.58875221880547
5383,c630c_00014,170,0.5962649066226655,marginal_confidence,5,228.58875221880547
5384,c630c_00014,171,0.5989774744368609,marginal_confidence,5,228.58875221880547
5385,c630c_00014,172,0.5751393784844621,marginal_confidence,5,228.58875221880547
5386,c630c_00014,173,0.603377584439611,marginal_confidence,5,228.58875221880547
5387,c630c_00014,174,0.5958398959974,marginal_confidence,5,228.58875221880547
5388,c630c_00014,175,0.5133628340708517,marginal_confidence,5,228.58875221880547
5389,c630c_00014,176,0.6117277931948298,marginal_confidence,5,228.58875221880547
5390,c630c_00014,177,0.5067751693792345,marginal_confidence,5,228.58875221880547
5391,c630c_00014,178,0.5910647766194155,marginal_confidence,5,228.58875221880547
5392,c630c_00014,179,0.5925273131828296,marginal_confidence,5,228.58875221880547
5393,c630c_00014,180,0.6133028325708143,marginal_confidence,5,228.58875221880547
5394,c630c_00014,181,0.6178029450736269,marginal_confidence,5,228.58875221880547
5395,c630c_00014,182,0.5933523338083452,marginal_confidence,5,228.58875221880547
5396,c630c_00014,183,0.5999649991249781,marginal_confidence,5,228.58875221880547
5397,c630c_00014,184,0.5339383484587115,marginal_confidence,5,228.58875221880547
5398,c630c_00014,185,0.5641891047276182,marginal_confidence,5,228.58875221880547
5399,c630c_00014,186,0.5378009450236256,marginal_confidence,5,228.58875221880547
5400,c630c_00014,187,0.5574264356608916,marginal_confidence,5,228.58875221880547
5401,c630c_00014,188,0.5829770744268608,marginal_confidence,5,228.58875221880547
5402,c630c_00014,189,0.6431285782144553,marginal_confidence,5,228.58875221880547
5403,c630c_00014,190,0.6257156428910723,marginal_confidence,5,228.58875221880547
5404,c630c_00014,191,0.6304407610190255,marginal_confidence,5,228.58875221880547
5405,c630c_00014,192,0.550188754718868,marginal_confidence,5,228.58875221880547
5406,c630c_00014,193,0.5646391159778994,marginal_confidence,5,228.58875221880547
5407,c630c_00014,194,0.5624765619140478,marginal_confidence,5,228.58875221880547
5408,c630c_00014,195,0.6006900172504313,marginal_confidence,5,228.58875221880547
5409,c630c_00014,196,0.5388384709617741,marginal_confidence,5,228.58875221880547
5410,c630c_00014,197,0.5764644116102903,marginal_confidence,5,228.58875221880547
5411,c630c_00014,198,0.5694267356683917,marginal_confidence,5,228.58875221880547
5412,c630c_00014,199,0.5692892322308057,marginal_confidence,5,228.58875221880547
5413,c630c_00014,200,0.564664116602915,marginal_confidence,5,228.58875221880547
5414,c630c_00014,201,0.6064151603790094,marginal_confidence,5,228.58875221880547
5415,c630c_00014,202,0.5814020350508763,marginal_confidence,5,228.58875221880547
5416,c630c_00014,203,0.608652716317908,marginal_confidence,5,228.58875221880547
5417,c630c_00014,204,0.5411010275256882,marginal_confidence,5,228.58875221880547
5418,c630c_00014,205,0.5522763069076726,marginal_confidence,5,228.58875221880547
5419,c630c_00014,206,0.6104902622565564,marginal_confidence,5,228.58875221880547
5420,c630c_00014,207,0.6108652716317908,marginal_confidence,5,228.58875221880547
5421,c630c_00014,208,0.5676266906672667,marginal_confidence,5,228.58875221880547
5422,c630c_00014,209,0.504137603440086,marginal_confidence,5,228.58875221880547
5423,c630c_00014,210,0.6060901522538064,marginal_confidence,5,228.58875221880547
5424,c630c_00014,211,0.570939273481837,marginal_confidence,5,228.58875221880547
5425,c630c_00014,212,0.6098652466311658,marginal_confidence,5,228.58875221880547
5426,c630c_00014,213,0.5613765344133603,marginal_confidence,5,228.58875221880547
5427,c630c_00014,214,0.5444886122153054,marginal_confidence,5,228.58875221880547
5428,c630c_00014,215,0.5718267956698917,marginal_confidence,5,228.58875221880547
5429,c630c_00014,216,0.5922273056826421,marginal_confidence,5,228.58875221880547
5430,c630c_00014,217,0.6096402410060251,marginal_confidence,5,228.58875221880547
5431,c630c_00014,218,0.5036625915647891,marginal_confidence,5,228.58875221880547
5432,c630c_00014,219,0.5440386009650241,marginal_confidence,5,228.58875221880547
5433,c630c_00014,220,0.608577714442861,marginal_confidence,5,228.58875221880547
5434,c630c_00014,221,0.528763219080477,marginal_confidence,5,228.58875221880547
5435,c630c_00014,222,0.5217255431385784,marginal_confidence,5,228.58875221880547
5436,c630c_00014,223,0.5859396484912123,marginal_confidence,5,228.58875221880547
5437,c630c_00014,224,0.5772269306732669,marginal_confidence,5,228.58875221880547
5438,c630c_00014,225,0.4888622215555389,marginal_confidence,5,228.58875221880547
5439,c630c_00014,226,0.6507162679066977,marginal_confidence,5,228.58875221880547
5440,c630c_00014,227,0.6009900247506188,marginal_confidence,5,228.58875221880547
5441,c630c_00014,228,0.49952498812470314,marginal_confidence,5,228.58875221880547
5442,c630c_00014,229,0.5355633890847271,marginal_confidence,5,228.58875221880547
5443,c630c_00014,230,0.5987274681867046,marginal_confidence,5,228.58875221880547
5444,c630c_00014,231,0.563739093477337,marginal_confidence,5,228.58875221880547
5445,c630c_00014,232,0.6206405160129003,marginal_confidence,5,228.58875221880547
5446,c630c_00014,233,0.608577714442861,marginal_confidence,5,228.58875221880547
5447,c630c_00014,234,0.5712267806695167,marginal_confidence,5,228.58875221880547
5448,c630c_00014,235,0.6256906422660566,marginal_confidence,5,228.58875221880547
5449,c630c_00014,236,0.5309507737693442,marginal_confidence,5,228.58875221880547
5450,c630c_00014,237,0.5274006850171253,marginal_confidence,5,228.58875221880547
5451,c630c_00014,238,0.5625265631640791,marginal_confidence,5,228.58875221880547
5452,c630c_00014,239,0.49224980624515613,marginal_confidence,5,228.58875221880547
5453,c630c_00014,240,0.7073301832545813,marginal_confidence,5,228.58875221880547
5454,c630c_00014,241,0.6356658916472913,marginal_confidence,5,228.58875221880547
5455,c630c_00014,242,0.5989274731868297,marginal_confidence,5,228.58875221880547
5456,c630c_00014,243,0.5835770894272356,marginal_confidence,5,228.58875221880547
5457,c630c_00014,244,0.5763769094227356,marginal_confidence,5,228.58875221880547
5458,c630c_00014,245,0.5982274556863921,marginal_confidence,5,228.58875221880547
5459,c630c_00014,246,0.5006375159378985,marginal_confidence,5,228.58875221880547
5460,c630c_00014,247,0.5981274531863296,marginal_confidence,5,228.58875221880547
5461,c630c_00014,248,0.5117502937573439,marginal_confidence,5,228.58875221880547
5462,c630c_00014,249,0.6027775694392359,marginal_confidence,5,228.58875221880547
5463,c630c_00014,250,0.5252381309532739,marginal_confidence,5,228.58875221880547
5464,c630c_00014,251,0.6288407210180255,marginal_confidence,5,228.58875221880547
5465,c630c_00014,252,0.5467261681542038,marginal_confidence,5,228.58875221880547
5466,c630c_00014,253,0.6134778369459236,marginal_confidence,5,228.58875221880547
5467,c630c_00014,254,0.5741393534838372,marginal_confidence,5,228.58875221880547
5468,c630c_00014,255,0.5160629015725393,marginal_confidence,5,228.58875221880547
5469,c630c_00014,256,0.6008650216255407,marginal_confidence,5,228.58875221880547
5470,c630c_00014,257,0.4668241706042651,marginal_confidence,5,228.58875221880547
5471,c630c_00014,258,0.5905897647441186,marginal_confidence,5,228.58875221880547
5472,c630c_00014,259,0.5553388834720868,marginal_confidence,5,228.58875221880547
5473,c630c_00014,260,0.5365009125228131,marginal_confidence,5,228.58875221880547
5474,c630c_00014,261,0.5167754193854847,marginal_confidence,5,228.58875221880547
5475,c630c_00014,262,0.5171754293857347,marginal_confidence,5,228.58875221880547
5476,c630c_00014,263,0.6281032025800646,marginal_confidence,5,228.58875221880547
5477,c630c_00014,264,0.586627165679142,marginal_confidence,5,228.58875221880547
5478,c630c_00014,265,0.6264281607040176,marginal_confidence,5,228.58875221880547
5479,c630c_00014,266,0.5806895172379309,marginal_confidence,5,228.58875221880547
5480,c630c_00014,267,0.5687017175429385,marginal_confidence,5,228.58875221880547
5481,c630c_00014,268,0.5733768344208605,marginal_confidence,5,228.58875221880547
5482,c630c_00014,269,0.5668516712917824,marginal_confidence,5,228.58875221880547
5483,c630c_00014,270,0.5670266756668917,marginal_confidence,5,228.58875221880547
5484,c630c_00014,271,0.6307657691442285,marginal_confidence,5,228.58875221880547
5485,c630c_00014,272,0.5789644741118528,marginal_confidence,5,228.58875221880547
5486,c630c_00014,273,0.5623015575389385,marginal_confidence,5,228.58875221880547
5487,c630c_00014,274,0.5533013325333134,marginal_confidence,5,228.58875221880547
5488,c630c_00014,275,0.5884022100552514,marginal_confidence,5,228.58875221880547
5489,c630c_00014,276,0.5931523288082202,marginal_confidence,5,228.58875221880547
5490,c630c_00014,277,0.5689767244181104,marginal_confidence,5,228.58875221880547
5491,c630c_00014,278,0.579289482237056,marginal_confidence,5,228.58875221880547
5492,c630c_00014,279,0.5015375384384609,marginal_confidence,5,228.58875221880547
5493,c630c_00014,280,0.6331033275831897,marginal_confidence,5,228.58875221880547
5494,c630c_00014,281,0.6324033100827521,marginal_confidence,5,228.58875221880547
5495,c630c_00014,282,0.54777619440486,marginal_confidence,5,228.58875221880547
5496,c630c_00014,283,0.6282532063301582,marginal_confidence,5,228.58875221880547
5497,c630c_00014,284,0.6204405110127753,marginal_confidence,5,228.58875221880547
5498,c630c_00014,285,0.5669766744168605,marginal_confidence,5,228.58875221880547
5499,c630c_00014,286,0.5768519212980324,marginal_confidence,5,228.58875221880547
5500,c630c_00014,287,0.5779269481737044,marginal_confidence,5,228.58875221880547
5501,c630c_00014,288,0.5184504612615315,marginal_confidence,5,228.58875221880547
5502,c630c_00014,289,0.5868021700542514,marginal_confidence,5,228.58875221880547
5503,c630c_00014,290,0.5588389709742744,marginal_confidence,5,228.58875221880547
5504,c630c_00014,291,0.5603390084752119,marginal_confidence,5,228.58875221880547
5505,c630c_00014,292,0.559063976599415,marginal_confidence,5,228.58875221880547
5506,c630c_00014,293,0.5105127628190704,marginal_confidence,5,228.58875221880547
5507,c630c_00014,294,0.5866771669291733,marginal_confidence,5,228.58875221880547
5508,c630c_00014,295,0.6079776994424861,marginal_confidence,5,228.58875221880547
5509,c630c_00014,296,0.5321258031450786,marginal_confidence,5,228.58875221880547
5510,c630c_00014,297,0.562401560039001,marginal_confidence,5,228.58875221880547
5511,c630c_00014,298,0.6083027075676892,marginal_confidence,5,228.58875221880547
5512,c630c_00014,299,0.597977449436236,marginal_confidence,5,228.58875221880547
5513,c630c_00014,300,0.5560889022225556,marginal_confidence,5,228.58875221880547
5514,c630c_00014,301,0.544313607840196,marginal_confidence,5,228.58875221880547
5515,c630c_00014,302,0.5615515387884698,marginal_confidence,5,228.58875221880547
5516,c630c_00014,303,0.6304157603940098,marginal_confidence,5,228.58875221880547
5517,c630c_00014,304,0.6058151453786345,marginal_confidence,5,228.58875221880547
5518,c630c_00014,305,0.6001650041251031,marginal_confidence,5,228.58875221880547
5519,c630c_00014,306,0.5841271031775794,marginal_confidence,5,228.58875221880547
5520,c630c_00014,307,0.5855646391159779,marginal_confidence,5,228.58875221880547
5521,c630c_00014,308,0.5760519012975325,marginal_confidence,5,228.58875221880547
5522,c630c_00014,309,0.5826270656766419,marginal_confidence,5,228.58875221880547
5523,c630c_00014,310,0.5339883497087428,marginal_confidence,5,228.58875221880547
5524,c630c_00014,311,0.6188029700742519,marginal_confidence,5,228.58875221880547
5525,c630c_00014,312,0.5765644141103528,marginal_confidence,5,228.58875221880547
5526,c630c_00014,313,0.5717017925448136,marginal_confidence,5,228.58875221880547
5527,c630c_00014,314,0.6105902647566189,marginal_confidence,5,228.58875221880547
5528,c630c_00014,315,0.6136653416335408,marginal_confidence,5,228.58875221880547
5529,c630c_00014,316,0.6405410135253382,marginal_confidence,5,228.58875221880547
5530,c630c_00014,317,0.5946648666216655,marginal_confidence,5,228.58875221880547
5531,c630c_00014,318,0.5887647191179779,marginal_confidence,5,228.58875221880547
5532,c630c_00014,319,0.5722268056701418,marginal_confidence,5,228.58875221880547
5533,c630c_00014,320,0.5487387184679617,marginal_confidence,5,228.58875221880547
5534,c630c_00014,321,0.5770019250481262,marginal_confidence,5,228.58875221880547
5535,c630c_00014,322,0.5095627390684767,marginal_confidence,5,228.58875221880547
5536,c630c_00014,323,0.5693642341058527,marginal_confidence,5,228.58875221880547
5537,c630c_00014,324,0.5024000600015,marginal_confidence,5,228.58875221880547
5538,c630c_00014,325,0.5287382184554614,marginal_confidence,5,228.58875221880547
5539,c630c_00014,326,0.6011400285007126,marginal_confidence,5,228.58875221880547
5540,c630c_00014,327,0.5182504562614065,marginal_confidence,5,228.58875221880547
5541,c630c_00014,328,0.5049626240656017,marginal_confidence,5,228.58875221880547
5542,c630c_00014,329,0.5645641141028526,marginal_confidence,5,228.58875221880547
5543,c630c_00014,330,0.5768019200480012,marginal_confidence,5,228.58875221880547
5544,c630c_00014,331,0.6007150178754469,marginal_confidence,5,228.58875221880547
5545,c630c_00014,332,0.5394634865871647,marginal_confidence,5,228.58875221880547
5546,c630c_00014,333,0.5163504087602191,marginal_confidence,5,228.58875221880547
5547,c630c_00014,334,0.5596889922248056,marginal_confidence,5,228.58875221880547
5548,c630c_00014,335,0.5909147728693217,marginal_confidence,5,228.58875221880547
5549,c630c_00014,336,0.5589139728493212,marginal_confidence,5,228.58875221880547
5550,c630c_00014,337,0.5516012900322508,marginal_confidence,5,228.58875221880547
5551,c630c_00014,338,0.5972024300607515,marginal_confidence,5,228.58875221880547
5552,c630c_00014,339,0.5002375059376485,marginal_confidence,5,228.58875221880547
5553,c630c_00014,340,0.5707142678566964,marginal_confidence,5,228.58875221880547
5554,c630c_00014,341,0.5873271831795794,marginal_confidence,5,228.58875221880547
5555,c630c_00014,342,0.5817020425510637,marginal_confidence,5,228.58875221880547
5556,c630c_00014,343,0.5456886422160554,marginal_confidence,5,228.58875221880547
5557,c630c_00014,344,0.5314007850196255,marginal_confidence,5,228.58875221880547
5558,c630c_00014,345,0.5718267956698917,marginal_confidence,5,228.58875221880547
5559,c630c_00014,346,0.623465586639666,marginal_confidence,5,228.58875221880547
5560,c630c_00014,347,0.5734393359833996,marginal_confidence,5,228.58875221880547
5561,c630c_00014,348,0.6258156453911348,marginal_confidence,5,228.58875221880547
5562,c630c_00014,349,0.5188129703242581,marginal_confidence,5,228.58875221880547
5563,c630c_00014,350,0.5851896297407435,marginal_confidence,5,228.58875221880547
5564,c630c_00014,351,0.564264106602665,marginal_confidence,5,228.58875221880547
5565,c630c_00014,352,0.6255156378909472,marginal_confidence,5,228.58875221880547
5566,c630c_00014,353,0.5789019725493136,marginal_confidence,5,228.58875221880547
5567,c630c_00014,354,0.5354633865846646,marginal_confidence,5,228.58875221880547
5568,c630c_00014,355,0.6410410260256506,marginal_confidence,5,228.58875221880547
5569,c630c_00014,356,0.5522763069076726,marginal_confidence,5,228.58875221880547
5570,c630c_00014,357,0.5760894022350559,marginal_confidence,5,228.58875221880547
5571,c630c_00014,358,0.6258406460161504,marginal_confidence,5,228.58875221880547
5572,c630c_00014,359,0.5804645116127903,marginal_confidence,5,228.58875221880547
5573,c630c_00014,360,0.5907647691192279,marginal_confidence,5,228.58875221880547
5574,c630c_00014,361,0.5808145203630091,marginal_confidence,5,228.58875221880547
5575,c630c_00014,362,0.575214380359509,marginal_confidence,5,228.58875221880547
5576,c630c_00014,363,0.6177029425735643,marginal_confidence,5,228.58875221880547
5577,c630c_00014,364,0.5598889972249306,marginal_confidence,5,228.58875221880547
5578,c630c_00014,365,0.5919772994324859,marginal_confidence,5,228.58875221880547
5579,c630c_00014,366,0.5511637790944773,marginal_confidence,5,228.58875221880547
5580,c630c_00014,367,0.5641641041026025,marginal_confidence,5,228.58875221880547
5581,c630c_00014,368,0.5621265531638291,marginal_confidence,5,228.58875221880547
5582,c630c_00014,369,0.593502337558439,marginal_confidence,5,228.58875221880547
5583,c630c_00014,370,0.5608390209755244,marginal_confidence,5,228.58875221880547
5584,c630c_00014,371,0.572076801920048,marginal_confidence,5,228.58875221880547
5585,c630c_00014,372,0.5789894747368685,marginal_confidence,5,228.58875221880547
5586,c630c_00014,373,0.5855396384909622,marginal_confidence,5,228.58875221880547
5587,c630c_00014,374,0.6127778194454861,marginal_confidence,5,228.58875221880547
5588,c630c_00014,375,0.5525263131578289,marginal_confidence,5,228.58875221880547
5589,c630c_00014,376,0.5586264656616415,marginal_confidence,5,228.58875221880547
5590,c630c_00014,377,0.6288282207055176,marginal_confidence,5,228.58875221880547
5591,c630c_00014,378,0.5345633640841021,marginal_confidence,5,228.58875221880547
5592,c630c_00014,379,0.5217755443886097,marginal_confidence,5,228.58875221880547
5593,c630c_00014,380,0.572876821920548,marginal_confidence,5,228.58875221880547
5594,c630c_00014,381,0.5347133678341959,marginal_confidence,5,228.58875221880547
5595,c630c_00014,382,0.5930523263081577,marginal_confidence,5,228.58875221880547
5596,c630c_00014,383,0.5450386259656491,marginal_confidence,5,228.58875221880547
5597,c630c_00014,384,0.5563139078476962,marginal_confidence,5,228.58875221880547
5598,c630c_00014,385,0.5352133803345083,marginal_confidence,5,228.58875221880547
5599,c630c_00014,386,0.5685767144178604,marginal_confidence,5,228.58875221880547
5600,c630c_00014,387,0.5386634665866646,marginal_confidence,5,228.58875221880547
5601,c630c_00014,388,0.570614265356634,marginal_confidence,5,228.58875221880547
5602,c630c_00014,389,0.6062651566289157,marginal_confidence,5,228.58875221880547
5603,c630c_00014,390,0.5419260481512038,marginal_confidence,5,228.58875221880547
5604,c630c_00014,391,0.5666141653541339,marginal_confidence,5,228.58875221880547
5605,c630c_00014,392,0.6066026650666266,marginal_confidence,5,228.58875221880547
5606,c630c_00014,393,0.569339233480837,marginal_confidence,5,228.58875221880547
5607,c630c_00014,394,0.5170254256356409,marginal_confidence,5,228.58875221880547
5608,c630c_00014,395,0.5389634740868522,marginal_confidence,5,228.58875221880547
5609,c630c_00014,396,0.5536388409710242,marginal_confidence,5,228.58875221880547
5610,c630c_00014,397,0.5793644841121028,marginal_confidence,5,228.58875221880547
5611,c630c_00014,398,0.6309157728943223,marginal_confidence,5,228.58875221880547
5612,c630c_00014,399,0.5718517962949075,marginal_confidence,5,228.58875221880547
5613,c630c_00014,400,0.5884522113052827,marginal_confidence,5,228.58875221880547
5614,c630c_00015,0,0.5625515637890948,ratio_confidence,1,246.97460561514038
5615,c630c_00015,1,0.5609890247256182,ratio_confidence,1,246.97460561514038
5616,c630c_00015,2,0.4802620065501637,ratio_confidence,1,246.97460561514038
5617,c630c_00015,3,0.6106902672566814,ratio_confidence,1,246.97460561514038
5618,c630c_00015,4,0.5879771994299857,ratio_confidence,1,246.97460561514038
5619,c630c_00015,5,0.598502462561564,ratio_confidence,1,246.97460561514038
5620,c630c_00015,6,0.6688292207305183,ratio_confidence,1,246.97460561514038
5621,c630c_00015,7,0.6510412760319008,ratio_confidence,1,246.97460561514038
5622,c630c_00015,8,0.5764894122353059,ratio_confidence,1,246.97460561514038
5623,c630c_00015,9,0.7013675341883547,ratio_confidence,1,246.97460561514038
5624,c630c_00015,10,0.5214380359508988,ratio_confidence,1,246.97460561514038
5625,c630c_00015,11,0.46993674841871047,ratio_confidence,1,246.97460561514038
5626,c630c_00015,12,0.4748868721718043,ratio_confidence,1,246.97460561514038
5627,c630c_00015,13,0.5791019775494387,ratio_confidence,1,246.97460561514038
5628,c630c_00015,14,0.6113402835070877,ratio_confidence,1,246.97460561514038
5629,c630c_00015,15,0.6784794619865497,ratio_confidence,1,246.97460561514038
5630,c630c_00015,16,0.6005650141253531,ratio_confidence,1,246.97460561514038
5631,c630c_00015,17,0.6231780794519863,ratio_confidence,1,246.97460561514038
5632,c630c_00015,18,0.5941523538088452,ratio_confidence,1,246.97460561514038
5633,c630c_00015,19,0.5804395109877747,ratio_confidence,1,246.97460561514038
5634,c630c_00015,20,0.5986274656866422,ratio_confidence,1,246.97460561514038
5635,c630c_00015,21,0.5495387384684617,ratio_confidence,1,246.97460561514038
5636,c630c_00015,22,0.6054651366284157,ratio_confidence,1,246.97460561514038
5637,c630c_00015,23,0.5315382884572114,ratio_confidence,1,246.97460561514038
5638,c630c_00015,24,0.5937023425585639,ratio_confidence,1,246.97460561514038
5639,c630c_00015,25,0.6164154103852596,ratio_confidence,1,246.97460561514038
5640,c630c_00015,26,0.5760644016100402,ratio_confidence,1,246.97460561514038
5641,c630c_00015,27,0.6081277031925798,ratio_confidence,1,246.97460561514038
5642,c630c_00015,28,0.5983274581864546,ratio_confidence,1,246.97460561514038
5643,c630c_00015,29,0.6541288532213305,ratio_confidence,1,246.97460561514038
5644,c630c_00015,30,0.7061676541913547,ratio_confidence,1,246.97460561514038
5645,c630c_00015,31,0.6213155328883222,ratio_confidence,1,246.97460561514038
5646,c630c_00015,32,0.6115902897572439,ratio_confidence,1,246.97460561514038
5647,c630c_00015,33,0.5310882772069302,ratio_confidence,1,246.97460561514038
5648,c630c_00015,34,0.5745143628590715,ratio_confidence,1,246.97460561514038
5649,c630c_00015,35,0.608652716317908,ratio_confidence,1,246.97460561514038
5650,c630c_00015,36,0.5516137903447587,ratio_confidence,1,246.97460561514038
5651,c630c_00015,37,0.5837770944273607,ratio_confidence,1,246.97460561514038
5652,c630c_00015,38,0.5941523538088452,ratio_confidence,1,246.97460561514038
5653,c630c_00015,39,0.6162404060101503,ratio_confidence,1,246.97460561514038
5654,c630c_00015,40,0.6030775769394234,ratio_confidence,1,246.97460561514038
5655,c630c_00015,41,0.6508662716567915,ratio_confidence,1,246.97460561514038
5656,c630c_00015,42,0.61932798319958,ratio_confidence,1,246.97460561514038
5657,c630c_00015,43,0.5788269706742668,ratio_confidence,1,246.97460561514038
5658,c630c_00015,44,0.6229530738268456,ratio_confidence,1,246.97460561514038
5659,c630c_00015,45,0.6014650366259157,ratio_confidence,1,246.97460561514038
5660,c630c_00015,46,0.5792519812995325,ratio_confidence,1,246.97460561514038
5661,c630c_00015,47,0.6388284707117678,ratio_confidence,1,246.97460561514038
5662,c630c_00015,48,0.6033025825645641,ratio_confidence,1,246.97460561514038
5663,c630c_00015,49,0.6408910222755568,ratio_confidence,1,246.97460561514038
5664,c630c_00015,50,0.6310407760194005,ratio_confidence,1,246.97460561514038
5665,c630c_00015,51,0.6316907922698067,ratio_confidence,1,246.97460561514038
5666,c630c_00015,52,0.5704642616065402,ratio_confidence,1,246.97460561514038
5667,c630c_00015,53,0.6382284557113928,ratio_confidence,1,246.97460561514038
5668,c630c_00015,54,0.5835020875521888,ratio_confidence,1,246.97460561514038
5669,c630c_00015,55,0.6058401460036501,ratio_confidence,1,246.97460561514038
5670,c630c_00015,56,0.5565389134728368,ratio_confidence,1,246.97460561514038
5671,c630c_00015,57,0.613652841321033,ratio_confidence,1,246.97460561514038
5672,c630c_00015,58,0.5461636540913524,ratio_confidence,1,246.97460561514038
5673,c630c_00015,59,0.6205905147628691,ratio_confidence,1,246.97460561514038
5674,c630c_00015,60,0.6585289632240806,ratio_confidence,1,246.97460561514038
5675,c630c_00015,61,0.6439285982149554,ratio_confidence,1,246.97460561514038
5676,c630c_00015,62,0.6392284807120179,ratio_confidence,1,246.97460561514038
5677,c630c_00015,63,0.5609640241006025,ratio_confidence,1,246.97460561514038
5678,c630c_00015,64,0.6130278256956424,ratio_confidence,1,246.97460561514038
5679,c630c_00015,65,0.6063901597539939,ratio_confidence,1,246.97460561514038
5680,c630c_00015,66,0.5920273006825171,ratio_confidence,1,246.97460561514038
5681,c630c_00015,67,0.5808145203630091,ratio_confidence,1,246.97460561514038
5682,c630c_00015,68,0.6363909097727443,ratio_confidence,1,246.97460561514038
5683,c630c_00015,69,0.5635015875396885,ratio_confidence,1,246.97460561514038
5684,c630c_00015,70,0.5931273281832046,ratio_confidence,1,246.97460561514038
5685,c630c_00015,71,0.6093277331933298,ratio_confidence,1,246.97460561514038
5686,c630c_00015,72,0.5293507337683442,ratio_confidence,1,246.97460561514038
5687,c630c_00015,73,0.5828770719267982,ratio_confidence,1,246.97460561514038
5688,c630c_00015,74,0.6211155278881972,ratio_confidence,1,246.97460561514038
5689,c630c_00015,75,0.6458411460286507,ratio_confidence,1,246.97460561514038
5690,c630c_00015,76,0.6042776069401735,ratio_confidence,1,246.97460561514038
5691,c630c_00015,77,0.590564764119103,ratio_confidence,1,246.97460561514038
5692,c630c_00015,78,0.683129578239456,ratio_confidence,1,246.97460561514038
5693,c630c_00015,79,0.6540038500962524,ratio_confidence,1,246.97460561514038
5694,c630c_00015,80,0.6155153878846971,ratio_confidence,1,246.97460561514038
5695,c630c_00015,81,0.6159153978849471,ratio_confidence,1,246.97460561514038
5696,c630c_00015,82,0.5959648991224781,ratio_confidence,1,246.97460561514038
5697,c630c_00015,83,0.5771019275481887,ratio_confidence,1,246.97460561514038
5698,c630c_00015,84,0.5607390184754619,ratio_confidence,1,246.97460561514038
5699,c630c_00015,85,0.6154653866346658,ratio_confidence,1,246.97460561514038
5700,c630c_00015,86,0.5330758268956723,ratio_confidence,1,246.97460561514038
5701,c630c_00015,87,0.6088277206930173,ratio_confidence,1,246.97460561514038
5702,c630c_00015,88,0.5578264456611415,ratio_confidence,1,246.97460561514038
5703,c630c_00015,89,0.5980274506862672,ratio_confidence,1,246.97460561514038
5704,c630c_00015,90,0.6058401460036501,ratio_confidence,1,246.97460561514038
5705,c630c_00015,91,0.6004900122503063,ratio_confidence,1,246.97460561514038
5706,c630c_00015,92,0.5707142678566964,ratio_confidence,1,246.97460561514038
5707,c630c_00015,93,0.5555638890972274,ratio_confidence,1,246.97460561514038
5708,c630c_00015,94,0.5905147628690717,ratio_confidence,1,246.97460561514038
5709,c630c_00015,95,0.6235530888272207,ratio_confidence,1,246.97460561514038
5710,c630c_00015,96,0.6130778269456737,ratio_confidence,1,246.97460561514038
5711,c630c_00015,97,0.568276706917673,ratio_confidence,1,246.97460561514038
5712,c630c_00015,98,0.5955898897472437,ratio_confidence,1,246.97460561514038
5713,c630c_00015,99,0.6005650141253531,ratio_confidence,1,246.97460561514038
5714,c630c_00015,100,0.6284282107052677,ratio_confidence,1,246.97460561514038
5715,c630c_00015,101,0.5682267056676417,ratio_confidence,1,246.97460561514038
5716,c630c_00015,102,0.640291007275182,ratio_confidence,1,246.97460561514038
5717,c630c_00015,103,0.5681767044176105,ratio_confidence,1,246.97460561514038
5718,c630c_00015,104,0.6241031025775644,ratio_confidence,1,246.97460561514038
5719,c630c_00015,105,0.6406910172754319,ratio_confidence,1,246.97460561514038
5720,c630c_00015,106,0.6129528238205955,ratio_confidence,1,246.97460561514038
5721,c630c_00015,107,0.681592039800995,ratio_confidence,1,246.97460561514038
5722,c630c_00015,108,0.5834020850521263,ratio_confidence,1,246.97460561514038
5723,c630c_00015,109,0.5961149028725719,ratio_confidence,1,246.97460561514038
5724,c630c_00015,110,0.6059151478786969,ratio_confidence,1,246.97460561514038
5725,c630c_00015,111,0.5778769469236731,ratio_confidence,1,246.97460561514038
5726,c630c_00015,112,0.5260131503287583,ratio_confidence,1,246.97460561514038
5727,c630c_00015,113,0.5980024500612515,ratio_confidence,1,246.97460561514038
5728,c630c_00015,114,0.5301132528313208,ratio_confidence,1,246.97460561514038
5729,c630c_00015,115,0.5794269856746419,ratio_confidence,1,246.97460561514038
5730,c630c_00015,116,0.6188779719492987,ratio_confidence,1,246.97460561514038
5731,c630c_00015,117,0.6054901372534314,ratio_confidence,1,246.97460561514038
5732,c630c_00015,118,0.5563639090977275,ratio_confidence,1,246.97460561514038
5733,c630c_00015,119,0.6858921473036825,ratio_confidence,1,246.97460561514038
5734,c630c_00015,120,0.5980024500612515,ratio_confidence,1,246.97460561514038
5735,c630c_00015,121,0.605115127878197,ratio_confidence,1,246.97460561514038
5736,c630c_00015,122,0.6651916297907448,ratio_confidence,1,246.97460561514038
5737,c630c_00015,123,0.6734543363584089,ratio_confidence,1,246.97460561514038
5738,c630c_00015,124,0.587827195679892,ratio_confidence,1,246.97460561514038
5739,c630c_00015,125,0.6305907647691192,ratio_confidence,1,246.97460561514038
5740,c630c_00015,126,0.7274806870171755,ratio_confidence,1,246.97460561514038
5741,c630c_00015,127,0.6987799694992375,ratio_confidence,1,246.97460561514038
5742,c630c_00015,128,0.57715192879822,ratio_confidence,1,246.97460561514038
5743,c630c_00015,129,0.5665891647291182,ratio_confidence,1,246.97460561514038
5744,c630c_00015,130,0.5566389159728994,ratio_confidence,1,246.97460561514038
5745,c630c_00015,131,0.6079276981924548,ratio_confidence,1,246.97460561514038
5746,c630c_00015,132,0.6032275806895173,ratio_confidence,1,246.97460561514038
5747,c630c_00015,133,0.6807170179254481,ratio_confidence,1,246.97460561514038
5748,c630c_00015,134,0.5956148903722593,ratio_confidence,1,246.97460561514038
5749,c630c_00015,135,0.6009400235005875,ratio_confidence,1,246.97460561514038
5750,c630c_00015,136,0.6734543363584089,ratio_confidence,1,246.97460561514038
5751,c630c_00015,137,0.6428535713392834,ratio_confidence,1,246.97460561514038
5752,c630c_00015,138,0.5831770794269857,ratio_confidence,1,246.97460561514038
5753,c630c_00015,139,0.5904397609940248,ratio_confidence,1,246.97460561514038
5754,c630c_00015,140,0.5807895197379934,ratio_confidence,1,246.97460561514038
5755,c630c_00015,141,0.6184779619490487,ratio_confidence,1,246.97460561514038
5756,c630c_00015,142,0.6054651366284157,ratio_confidence,1,246.97460561514038
5757,c630c_00015,143,0.6763419085477137,ratio_confidence,1,246.97460561514038
5758,c630c_00015,144,0.604715117877947,ratio_confidence,1,246.97460561514038
5759,c630c_00015,145,0.665241631040776,ratio_confidence,1,246.97460561514038
5760,c630c_00015,146,0.5278006950173755,ratio_confidence,1,246.97460561514038
5761,c630c_00015,147,0.568276706917673,ratio_confidence,1,246.97460561514038
5762,c630c_00015,148,0.5532263306582664,ratio_confidence,1,246.97460561514038
5763,c630c_00015,149,0.6451411285282131,ratio_confidence,1,246.97460561514038
5764,c630c_00015,150,0.6675291882297057,ratio_confidence,1,246.97460561514038
5765,c630c_00015,151,0.6826295657391435,ratio_confidence,1,246.97460561514038
5766,c630c_00015,152,0.5508637715942899,ratio_confidence,1,246.97460561514038
5767,c630c_00015,153,0.5781269531738293,ratio_confidence,1,246.97460561514038
5768,c630c_00015,154,0.7145928648216205,ratio_confidence,1,246.97460561514038
5769,c630c_00015,155,0.5236005900147503,ratio_confidence,1,246.97460561514038
5770,c630c_00015,156,0.7056926423160579,ratio_confidence,1,246.97460561514038
5771,c630c_00015,157,0.5913147828695717,ratio_confidence,1,246.97460561514038
5772,c630c_00015,158,0.6427035675891897,ratio_confidence,1,246.97460561514038
5773,c630c_00015,159,0.6186279656991425,ratio_confidence,1,246.97460561514038
5774,c630c_00015,160,0.7429810745268632,ratio_confidence,1,246.97460561514038
5775,c630c_00015,161,0.6255406385159629,ratio_confidence,1,246.97460561514038
5776,c630c_00015,162,0.5960899022475562,ratio_confidence,1,246.97460561514038
5777,c630c_00015,163,0.55646391159779,ratio_confidence,1,246.97460561514038
5778,c630c_00015,164,0.6528788219705493,ratio_confidence,1,246.97460561514038
5779,c630c_00015,165,0.5654391359783995,ratio_confidence,1,246.97460561514038
5780,c630c_00015,166,0.682929573239331,ratio_confidence,1,246.97460561514038
5781,c630c_00015,167,0.6212155303882597,ratio_confidence,1,246.97460561514038
5782,c630c_00015,168,0.6659666491662292,ratio_confidence,1,246.97460561514038
5783,c630c_00015,169,0.6809420235505887,ratio_confidence,1,246.97460561514038
5784,c630c_00015,170,0.6026025650641267,ratio_confidence,1,246.97460561514038
5785,c630c_00015,171,0.5233505837645941,ratio_confidence,1,246.97460561514038
5786,c630c_00015,172,0.6502412560314008,ratio_confidence,1,246.97460561514038
5787,c630c_00015,173,0.6157403935098378,ratio_confidence,1,246.97460561514038
5788,c630c_00015,174,0.8052951323783095,ratio_confidence,1,246.97460561514038
5789,c630c_00015,175,0.6388284707117678,ratio_confidence,1,246.97460561514038
5790,c630c_00015,176,0.5234005850146254,ratio_confidence,1,246.97460561514038
5791,c630c_00015,177,0.5800395009875247,ratio_confidence,1,246.97460561514038
5792,c630c_00015,178,0.5028250706267656,ratio_confidence,1,246.97460561514038
5793,c630c_00015,179,0.6105652641316033,ratio_confidence,1,246.97460561514038
5794,c630c_00015,180,0.6735293382334558,ratio_confidence,1,246.97460561514038
5795,c630c_00015,181,0.6505912647816195,ratio_confidence,1,246.97460561514038
5796,c630c_00015,182,0.7387059676491913,ratio_confidence,1,246.97460561514038
5797,c630c_00015,183,0.573476836920923,ratio_confidence,1,246.97460561514038
5798,c630c_00015,184,0.6054651366284157,ratio_confidence,1,246.97460561514038
5799,c630c_00015,185,0.7048676216905423,ratio_confidence,1,246.97460561514038
5800,c630c_00015,186,0.6678791969799245,ratio_confidence,1,246.97460561514038
5801,c630c_00015,187,0.6178029450736269,ratio_confidence,1,246.97460561514038
5802,c630c_00015,188,0.5639515987899697,ratio_confidence,1,246.97460561514038
5803,c630c_00015,189,0.6062151553788845,ratio_confidence,1,246.97460561514038
5804,c630c_00015,190,0.7883822095552389,ratio_confidence,1,246.97460561514038
5805,c630c_00015,191,0.7057926448161204,ratio_confidence,1,246.97460561514038
5806,c630c_00015,192,0.6460411510287758,ratio_confidence,1,246.97460561514038
5807,c630c_00015,193,0.6088027200680017,ratio_confidence,1,246.97460561514038
5808,c630c_00015,194,0.6080277006925173,ratio_confidence,1,246.97460561514038
5809,c630c_00015,195,0.7111927798194955,ratio_confidence,1,246.97460561514038
5810,c630c_00015,196,0.6954423860596515,ratio_confidence,1,246.97460561514038
5811,c630c_00015,197,0.6431035775894397,ratio_confidence,1,246.97460561514038
5812,c630c_00015,198,0.7752693817345434,ratio_confidence,1,246.97460561514038
5813,c630c_00015,199,0.6106402660066501,ratio_confidence,1,246.97460561514038
5814,c630c_00015,200,0.6285282132053301,ratio_confidence,1,246.97460561514038
5815,c630c_00015,201,0.6002150053751344,ratio_confidence,1,246.97460561514038
5816,c630c_00015,202,0.6010900272506813,ratio_confidence,1,246.97460561514038
5817,c630c_00015,203,0.7733818345458636,ratio_confidence,1,246.97460561514038
5818,c630c_00015,204,0.6090277256931423,ratio_confidence,1,246.97460561514038
5819,c630c_00015,205,0.6933048326208155,ratio_confidence,1,246.97460561514038
5820,c630c_00015,206,0.5660891522288057,ratio_confidence,1,246.97460561514038
5821,c630c_00015,207,0.7159678991974799,ratio_confidence,1,246.97460561514038
5822,c630c_00015,208,0.7037300932523314,ratio_confidence,1,246.97460561514038
5823,c630c_00015,209,0.6652666316657916,ratio_confidence,1,246.97460561514038
5824,c630c_00015,210,0.6140278506962674,ratio_confidence,1,246.97460561514038
5825,c630c_00015,211,0.53857596439911,ratio_confidence,1,246.97460561514038
5826,c630c_00015,212,0.685467136678417,ratio_confidence,1,246.97460561514038
5827,c630c_00015,213,0.6255156378909472,ratio_confidence,1,246.97460561514038
5828,c630c_00015,214,0.6059901497537439,ratio_confidence,1,246.97460561514038
5829,c630c_00015,215,0.5578264456611415,ratio_confidence,1,246.97460561514038
5830,c630c_00015,216,0.703555088877222,ratio_confidence,1,246.97460561514038
5831,c630c_00015,217,0.555788894722368,ratio_confidence,1,246.97460561514038
5832,c630c_00015,218,0.6359658991474787,ratio_confidence,1,246.97460561514038
5833,c630c_00015,219,0.5854896372409311,ratio_confidence,1,246.97460561514038
5834,c630c_00015,220,0.5352883822095552,ratio_confidence,1,246.97460561514038
5835,c630c_00015,221,0.6937548438710968,ratio_confidence,1,246.97460561514038
5836,c630c_00015,222,0.6350658766469162,ratio_confidence,1,246.97460561514038
5837,c630c_00015,223,0.6516162904072602,ratio_confidence,1,246.97460561514038
5838,c630c_00015,224,0.683129578239456,ratio_confidence,1,246.97460561514038
5839,c630c_00015,225,0.5460136503412585,ratio_confidence,1,246.97460561514038
5840,c630c_00015,226,0.6886797169929249,ratio_confidence,1,246.97460561514038
5841,c630c_00015,227,0.5879271981799545,ratio_confidence,1,246.97460561514038
5842,c630c_00015,228,0.6464161604040102,ratio_confidence,1,246.97460561514038
5843,c630c_00015,229,0.6582039550988774,ratio_confidence,1,246.97460561514038
5844,c630c_00015,230,0.5879521988049702,ratio_confidence,1,246.97460561514038
5845,c630c_00015,231,0.7298932473311832,ratio_confidence,1,246.97460561514038
5846,c630c_00015,232,0.6060901522538064,ratio_confidence,1,246.97460561514038
5847,c630c_00015,233,0.6560664016600415,ratio_confidence,1,246.97460561514038
5848,c630c_00015,234,0.7784069601740043,ratio_confidence,1,246.97460561514038
5849,c630c_00015,235,0.7049676241906048,ratio_confidence,1,246.97460561514038
5850,c630c_00015,236,0.7383059576489412,ratio_confidence,1,246.97460561514038
5851,c630c_00015,237,0.6422535563389085,ratio_confidence,1,246.97460561514038
5852,c630c_00015,238,0.6280532013300333,ratio_confidence,1,246.97460561514038
5853,c630c_00015,239,0.6560414010350258,ratio_confidence,1,246.97460561514038
5854,c630c_00015,240,0.713430335758394,ratio_confidence,1,246.97460561514038
5855,c630c_00015,241,0.6675791894797369,ratio_confidence,1,246.97460561514038
5856,c630c_00015,242,0.6579289482237056,ratio_confidence,1,246.97460561514038
5857,c630c_00015,243,0.6329283232080802,ratio_confidence,1,246.97460561514038
5858,c630c_00015,244,0.6458161454036351,ratio_confidence,1,246.97460561514038
5859,c630c_00015,245,0.6180029500737518,ratio_confidence,1,246.97460561514038
5860,c630c_00015,246,0.7654441361034026,ratio_confidence,1,246.97460561514038
5861,c630c_00015,247,0.6609665241631041,ratio_confidence,1,246.97460561514038
5862,c630c_00015,248,0.6341033525838147,ratio_confidence,1,246.97460561514038
5863,c630c_00015,249,0.6214905372634316,ratio_confidence,1,246.97460561514038
5864,c630c_00015,250,0.5278006950173755,ratio_confidence,1,246.97460561514038
5865,c630c_00015,251,0.5886022150553764,ratio_confidence,1,246.97460561514038
5866,c630c_00015,252,0.5757143928598215,ratio_confidence,1,246.97460561514038
5867,c630c_00015,253,0.5710142753568839,ratio_confidence,1,246.97460561514038
5868,c630c_00015,254,0.5536513412835321,ratio_confidence,1,246.97460561514038
5869,c630c_00015,255,0.6983299582489562,ratio_confidence,1,246.97460561514038
5870,c630c_00015,256,0.5436760919022976,ratio_confidence,1,246.97460561514038
5871,c630c_00015,257,0.5613890347258681,ratio_confidence,1,246.97460561514038
5872,c630c_00015,258,0.6363909097727443,ratio_confidence,1,246.97460561514038
5873,c630c_00015,259,0.5629765744143603,ratio_confidence,1,246.97460561514038
5874,c630c_00015,260,0.5081752043801095,ratio_confidence,1,246.97460561514038
5875,c630c_00015,261,0.7133053326333159,ratio_confidence,1,246.97460561514038
5876,c630c_00015,262,0.6458161454036351,ratio_confidence,1,246.97460561514038
5877,c630c_00015,263,0.6808920223005575,ratio_confidence,1,246.97460561514038
5878,c630c_00015,264,0.6030025750643766,ratio_confidence,1,246.97460561514038
5879,c630c_00015,265,0.6091527288182205,ratio_confidence,1,246.97460561514038
5880,c630c_00015,266,0.5485012125303133,ratio_confidence,1,246.97460561514038
5881,c630c_00015,267,0.6733793344833621,ratio_confidence,1,246.97460561514038
5882,c630c_00015,268,0.6729043226080652,ratio_confidence,1,246.97460561514038
5883,c630c_00015,269,0.5411385284632115,ratio_confidence,1,246.97460561514038
5884,c630c_00015,270,0.6030525763144079,ratio_confidence,1,246.97460561514038
5885,c630c_00015,271,0.5930773269331733,ratio_confidence,1,246.97460561514038
5886,c630c_00015,272,0.5866146653666342,ratio_confidence,1,246.97460561514038
5887,c630c_00015,273,0.5537513437835946,ratio_confidence,1,246.97460561514038
5888,c630c_00015,274,0.5685517137928449,ratio_confidence,1,246.97460561514038
5889,c630c_00015,275,0.5901147528688218,ratio_confidence,1,246.97460561514038
5890,c630c_00015,276,0.6980799519987999,ratio_confidence,1,246.97460561514038
5891,c630c_00015,277,0.6299907497687443,ratio_confidence,1,246.97460561514038
5892,c630c_00015,278,0.7029300732518313,ratio_confidence,1,246.97460561514038
5893,c630c_00015,279,0.5532263306582664,ratio_confidence,1,246.97460561514038
5894,c630c_00015,280,0.6283532088302208,ratio_confidence,1,246.97460561514038
5895,c630c_00015,281,0.6285782144553613,ratio_confidence,1,246.97460561514038
5896,c630c_00015,282,0.725843146078652,ratio_confidence,1,246.97460561514038
5897,c630c_00015,283,0.5909397734943374,ratio_confidence,1,246.97460561514038
5898,c630c_00015,284,0.6002900072501812,ratio_confidence,1,246.97460561514038
5899,c630c_00015,285,0.6601165029125728,ratio_confidence,1,246.97460561514038
5900,c630c_00015,286,0.5730518262956574,ratio_confidence,1,246.97460561514038
5901,c630c_00015,287,0.6858421460536513,ratio_confidence,1,246.97460561514038
5902,c630c_00015,288,0.5791019775494387,ratio_confidence,1,246.97460561514038
5903,c630c_00015,289,0.671116777919448,ratio_confidence,1,246.97460561514038
5904,c630c_00015,290,0.6982549563739093,ratio_confidence,1,246.97460561514038
5905,c630c_00015,291,0.6461911547788695,ratio_confidence,1,246.97460561514038
5906,c630c_00015,292,0.6135528388209706,ratio_confidence,1,246.97460561514038
5907,c630c_00015,293,0.643553588839721,ratio_confidence,1,246.97460561514038
5908,c630c_00015,294,0.5652391309782745,ratio_confidence,1,246.97460561514038
5909,c630c_00015,295,0.6166404160104002,ratio_confidence,1,246.97460561514038
5910,c630c_00015,296,0.6062901572539313,ratio_confidence,1,246.97460561514038
5911,c630c_00015,297,0.6904422610565264,ratio_confidence,1,246.97460561514038
5912,c630c_00015,298,0.5133503337583439,ratio_confidence,1,246.97460561514038
5913,c630c_00015,299,0.6607165179129478,ratio_confidence,1,246.97460561514038
5914,c630c_00015,300,0.5783269581739543,ratio_confidence,1,246.97460561514038
5915,c630c_00015,301,0.658828970724268,ratio_confidence,1,246.97460561514038
5916,c630c_00015,302,0.6110152753818845,ratio_confidence,1,246.97460561514038
5917,c630c_00015,303,0.6529538238455961,ratio_confidence,1,246.97460561514038
5918,c630c_00015,304,0.6532288307207681,ratio_confidence,1,246.97460561514038
5919,c630c_00015,305,0.6527038175954398,ratio_confidence,1,246.97460561514038
5920,c630c_00015,306,0.7078551963799096,ratio_confidence,1,246.97460561514038
5921,c630c_00015,307,0.6313157828945724,ratio_confidence,1,246.97460561514038
5922,c630c_00015,308,0.6224530613265331,ratio_confidence,1,246.97460561514038
5923,c630c_00015,309,0.545513637840946,ratio_confidence,1,246.97460561514038
5924,c630c_00015,310,0.6157403935098378,ratio_confidence,1,246.97460561514038
5925,c630c_00015,311,0.5913897847446186,ratio_confidence,1,246.97460561514038
5926,c630c_00015,312,0.6755918897972449,ratio_confidence,1,246.97460561514038
5927,c630c_00015,313,0.6487537188429711,ratio_confidence,1,246.97460561514038
5928,c630c_00015,314,0.7213430335758394,ratio_confidence,1,246.97460561514038
5929,c630c_00015,315,0.6505162629065726,ratio_confidence,1,246.97460561514038
5930,c630c_00015,316,0.5763394084852121,ratio_confidence,1,246.97460561514038
5931,c630c_00015,317,0.6529788244706118,ratio_confidence,1,246.97460561514038
5932,c630c_00015,318,0.5737268431710792,ratio_confidence,1,246.97460561514038
5933,c630c_00015,319,0.5685267131678292,ratio_confidence,1,246.97460561514038
5934,c630c_00015,320,0.6761419035475887,ratio_confidence,1,246.97460561514038
5935,c630c_00015,321,0.6338283457086427,ratio_confidence,1,246.97460561514038
5936,c630c_00015,322,0.5460386509662742,ratio_confidence,1,246.97460561514038
5937,c630c_00015,323,0.5069126728168204,ratio_confidence,1,246.97460561514038
5938,c630c_00015,324,0.6781044526113154,ratio_confidence,1,246.97460561514038
5939,c630c_00015,325,0.5259131478286957,ratio_confidence,1,246.97460561514038
5940,c630c_00015,326,0.7136053401335034,ratio_confidence,1,246.97460561514038
5941,c630c_00015,327,0.45849896247406186,ratio_confidence,1,246.97460561514038
5942,c630c_00015,328,0.4981999549988749,ratio_confidence,1,246.97460561514038
5943,c630c_00015,329,0.8604715117877947,ratio_confidence,1,246.97460561514038
5944,c630c_00015,330,0.6410660266506663,ratio_confidence,1,246.97460561514038
5945,c630c_00015,331,0.6682292057301432,ratio_confidence,1,246.97460561514038
5946,c630c_00015,332,0.7406185154628866,ratio_confidence,1,246.97460561514038
5947,c630c_00015,333,0.6938298457461437,ratio_confidence,1,246.97460561514038
5948,c630c_00015,334,0.5779519487987199,ratio_confidence,1,246.97460561514038
5949,c630c_00015,335,0.5585014625365634,ratio_confidence,1,246.97460561514038
5950,c630c_00015,336,0.6455661391534788,ratio_confidence,1,246.97460561514038
5951,c630c_00015,337,0.5886022150553764,ratio_confidence,1,246.97460561514038
5952,c630c_00015,338,0.6527788194704867,ratio_confidence,1,246.97460561514038
5953,c630c_00015,339,0.5937773444336109,ratio_confidence,1,246.97460561514038
5954,c630c_00015,340,0.6806420160504012,ratio_confidence,1,246.97460561514038
5955,c630c_00015,341,0.5615390384759619,ratio_confidence,1,246.97460561514038
5956,c630c_00015,342,0.5392009800245007,ratio_confidence,1,246.97460561514038
5957,c630c_00015,343,0.5406885172129303,ratio_confidence,1,246.97460561514038
5958,c630c_00015,344,0.5906647666191656,ratio_confidence,1,246.97460561514038
5959,c630c_00015,345,0.5966649166229157,ratio_confidence,1,246.97460561514038
5960,c630c_00015,346,0.5334258356458912,ratio_confidence,1,246.97460561514038
5961,c630c_00015,347,0.6577789444736118,ratio_confidence,1,246.97460561514038
5962,c630c_00015,348,0.555788894722368,ratio_confidence,1,246.97460561514038
5963,c630c_00015,349,0.6356908922723068,ratio_confidence,1,246.97460561514038
5964,c630c_00015,350,0.6235780894522363,ratio_confidence,1,246.97460561514038
5965,c630c_00015,351,0.6259656491412285,ratio_confidence,1,246.97460561514038
5966,c630c_00015,352,0.6834295857396435,ratio_confidence,1,246.97460561514038
5967,c630c_00015,353,0.5765894147353684,ratio_confidence,1,246.97460561514038
5968,c630c_00015,354,0.7309182729568239,ratio_confidence,1,246.97460561514038
5969,c630c_00015,355,0.5339758493962349,ratio_confidence,1,246.97460561514038
5970,c630c_00015,356,0.508875221880547,ratio_confidence,1,246.97460561514038
5971,c630c_00015,357,0.6835795894897372,ratio_confidence,1,246.97460561514038
5972,c630c_00015,358,0.6785294632365809,ratio_confidence,1,246.97460561514038
5973,c630c_00015,359,0.7585564639115978,ratio_confidence,1,246.97460561514038
5974,c630c_00015,360,0.586289657241431,ratio_confidence,1,246.97460561514038
5975,c630c_00015,361,0.6083527088177205,ratio_confidence,1,246.97460561514038
5976,c630c_00015,362,0.6236280907022675,ratio_confidence,1,246.97460561514038
5977,c630c_00015,363,0.5379759493987349,ratio_confidence,1,246.97460561514038
5978,c630c_00015,364,0.568276706917673,ratio_confidence,1,246.97460561514038
5979,c630c_00015,365,0.6211655291382285,ratio_confidence,1,246.97460561514038
5980,c630c_00015,366,0.8081577039425986,ratio_confidence,1,246.97460561514038
5981,c630c_00015,367,0.6012900322508062,ratio_confidence,1,246.97460561514038
5982,c630c_00015,368,0.6626040651016275,ratio_confidence,1,246.97460561514038
5983,c630c_00015,369,0.5529513237830945,ratio_confidence,1,246.97460561514038
5984,c630c_00015,370,0.5365884147103678,ratio_confidence,1,246.97460561514038
5985,c630c_00015,371,0.5651891297282432,ratio_confidence,1,246.97460561514038
5986,c630c_00015,372,0.6242781069526738,ratio_confidence,1,246.97460561514038
5987,c630c_00015,373,0.575614390359759,ratio_confidence,1,246.97460561514038
5988,c630c_00015,374,0.6040776019400484,ratio_confidence,1,246.97460561514038
5989,c630c_00015,375,0.5938523463086577,ratio_confidence,1,246.97460561514038
5990,c630c_00015,376,0.6263156578914473,ratio_confidence,1,246.97460561514038
5991,c630c_00015,377,0.568876721918048,ratio_confidence,1,246.97460561514038
5992,c630c_00015,378,0.6559913997849947,ratio_confidence,1,246.97460561514038
5993,c630c_00015,379,0.5792019800495012,ratio_confidence,1,246.97460561514038
5994,c630c_00015,380,0.5831520788019701,ratio_confidence,1,246.97460561514038
5995,c630c_00015,381,0.6053901347533688,ratio_confidence,1,246.97460561514038
5996,c630c_00015,382,0.5790769769244231,ratio_confidence,1,246.97460561514038
5997,c630c_00015,383,0.5765394134853372,ratio_confidence,1,246.97460561514038
5998,c630c_00015,384,0.6662416560414011,ratio_confidence,1,246.97460561514038
5999,c630c_00015,385,0.5044501112527813,ratio_confidence,1,246.97460561514038
6000,c630c_00015,386,0.7033800845021125,ratio_confidence,1,246.97460561514038
6001,c630c_00015,387,0.6093527338183454,ratio_confidence,1,246.97460561514038
6002,c630c_00015,388,0.6733543338583465,ratio_confidence,1,246.97460561514038
6003,c630c_00015,389,0.6639290982274557,ratio_confidence,1,246.97460561514038
6004,c630c_00015,390,0.5961649041226031,ratio_confidence,1,246.97460561514038
6005,c630c_00015,391,0.6385284632115803,ratio_confidence,1,246.97460561514038
6006,c630c_00015,392,0.6232280807020175,ratio_confidence,1,246.97460561514038
6007,c630c_00015,393,0.6127028175704392,ratio_confidence,1,246.97460561514038
6008,c630c_00015,394,0.5436010900272507,ratio_confidence,1,246.97460561514038
6009,c630c_00015,395,0.6410910272756819,ratio_confidence,1,246.97460561514038
6010,c630c_00015,396,0.6135278381959549,ratio_confidence,1,246.97460561514038
6011,c630c_00015,397,0.6060901522538064,ratio_confidence,1,246.97460561514038
6012,c630c_00015,398,0.5289507237680942,ratio_confidence,1,246.97460561514038
6013,c630c_00015,399,0.5991274781869547,ratio_confidence,1,246.97460561514038
6014,c630c_00015,400,0.7011675291882298,ratio_confidence,1,246.97460561514038
6015,c630c_00016,0,0.5573014325358134,ratio_confidence,2,239.55585764644115
6016,c630c_00016,1,0.5328008200205006,ratio_confidence,2,239.55585764644115
6017,c630c_00016,2,0.5803645091127279,ratio_confidence,2,239.55585764644115
6018,c630c_00016,3,0.5676266906672667,ratio_confidence,2,239.55585764644115
6019,c630c_00016,4,0.527900697517438,ratio_confidence,2,239.55585764644115
6020,c630c_00016,5,0.5456136403410086,ratio_confidence,2,239.55585764644115
6021,c630c_00016,6,0.5237505937648441,ratio_confidence,2,239.55585764644115
6022,c630c_00016,7,0.5929773244331108,ratio_confidence,2,239.55585764644115
6023,c630c_00016,8,0.557726443161079,ratio_confidence,2,239.55585764644115
6024,c630c_00016,9,0.5929523238080951,ratio_confidence,2,239.55585764644115
6025,c630c_00016,10,0.575414385359634,ratio_confidence,2,239.55585764644115
6026,c630c_00016,11,0.5579764494112354,ratio_confidence,2,239.55585764644115
6027,c630c_00016,12,0.5393384834620866,ratio_confidence,2,239.55585764644115
6028,c630c_00016,13,0.5406635165879147,ratio_confidence,2,239.55585764644115
6029,c630c_00016,14,0.5794644866121653,ratio_confidence,2,239.55585764644115
6030,c630c_00016,15,0.6152903822595566,ratio_confidence,2,239.55585764644115
6031,c630c_00016,16,0.5552888822220555,ratio_confidence,2,239.55585764644115
6032,c630c_00016,17,0.6000900022500563,ratio_confidence,2,239.55585764644115
6033,c630c_00016,18,0.5850396259906498,ratio_confidence,2,239.55585764644115
6034,c630c_00016,19,0.602902572564314,ratio_confidence,2,239.55585764644115
6035,c630c_00016,20,0.6257656441411036,ratio_confidence,2,239.55585764644115
6036,c630c_00016,21,0.5355883897097428,ratio_confidence,2,239.55585764644115
6037,c630c_00016,22,0.6023275581889547,ratio_confidence,2,239.55585764644115
6038,c630c_00016,23,0.5880022000550014,ratio_confidence,2,239.55585764644115
6039,c630c_00016,24,0.5725268131703292,ratio_confidence,2,239.55585764644115
6040,c630c_00016,25,0.6125778144453611,ratio_confidence,2,239.55585764644115
6041,c630c_00016,26,0.5188504712617815,ratio_confidence,2,239.55585764644115
6042,c630c_00016,27,0.5805145128628215,ratio_confidence,2,239.55585764644115
6043,c630c_00016,28,0.5576514412860322,ratio_confidence,2,239.55585764644115
6044,c630c_00016,29,0.5282007050176254,ratio_confidence,2,239.55585764644115
6045,c630c_00016,30,0.5599389984749619,ratio_confidence,2,239.55585764644115
6046,c630c_00016,31,0.635415885397135,ratio_confidence,2,239.55585764644115
6047,c630c_00016,32,0.5406635165879147,ratio_confidence,2,239.55585764644115
6048,c630c_00016,33,0.6182279556988924,ratio_confidence,2,239.55585764644115
6049,c630c_00016,34,0.5533263331583289,ratio_confidence,2,239.55585764644115
6050,c630c_00016,35,0.53297582439561,ratio_confidence,2,239.55585764644115
6051,c630c_00016,36,0.6655666391659791,ratio_confidence,2,239.55585764644115
6052,c630c_00016,37,0.5359133978349458,ratio_confidence,2,239.55585764644115
6053,c630c_00016,38,0.5802145053626341,ratio_confidence,2,239.55585764644115
6054,c630c_00016,39,0.5450136253406335,ratio_confidence,2,239.55585764644115
6055,c630c_00016,40,0.6355158878971974,ratio_confidence,2,239.55585764644115
6056,c630c_00016,41,0.5605140128503212,ratio_confidence,2,239.55585764644115
6057,c630c_00016,42,0.7074551863796594,ratio_confidence,2,239.55585764644115
6058,c630c_00016,43,0.5576014400360009,ratio_confidence,2,239.55585764644115
6059,c630c_00016,44,0.5446386159653991,ratio_confidence,2,239.55585764644115
6060,c630c_00016,45,0.5254881372034301,ratio_confidence,2,239.55585764644115
6061,c630c_00016,46,0.5481012025300632,ratio_confidence,2,239.55585764644115
6062,c630c_00016,47,0.5529513237830945,ratio_confidence,2,239.55585764644115
6063,c630c_00016,48,0.6032525813145329,ratio_confidence,2,239.55585764644115
6064,c630c_00016,49,0.5528013200330009,ratio_confidence,2,239.55585764644115
6065,c630c_00016,50,0.5731268281707043,ratio_confidence,2,239.55585764644115
6066,c630c_00016,51,0.647228680717018,ratio_confidence,2,239.55585764644115
6067,c630c_00016,52,0.5934773369334233,ratio_confidence,2,239.55585764644115
6068,c630c_00016,53,0.6125278131953299,ratio_confidence,2,239.55585764644115
6069,c630c_00016,54,0.5530013250331258,ratio_confidence,2,239.55585764644115
6070,c630c_00016,55,0.5728518212955325,ratio_confidence,2,239.55585764644115
6071,c630c_00016,56,0.5287507187679692,ratio_confidence,2,239.55585764644115
6072,c630c_00016,57,0.5904647616190405,ratio_confidence,2,239.55585764644115
6073,c630c_00016,58,0.5655141378534463,ratio_confidence,2,239.55585764644115
6074,c630c_00016,59,0.5731518287957199,ratio_confidence,2,239.55585764644115
6075,c630c_00016,60,0.5582264556613916,ratio_confidence,2,239.55585764644115
6076,c630c_00016,61,0.567601690042251,ratio_confidence,2,239.55585764644115
6077,c630c_00016,62,0.6609665241631041,ratio_confidence,2,239.55585764644115
6078,c630c_00016,63,0.5355383884597115,ratio_confidence,2,239.55585764644115
6079,c630c_00016,64,0.5703142578564464,ratio_confidence,2,239.55585764644115
6080,c630c_00016,65,0.6296407410185254,ratio_confidence,2,239.55585764644115
6081,c630c_00016,66,0.5955398884972125,ratio_confidence,2,239.55585764644115
6082,c630c_00016,67,0.5658141453536338,ratio_confidence,2,239.55585764644115
6083,c630c_00016,68,0.5982524563114078,ratio_confidence,2,239.55585764644115
6084,c630c_00016,69,0.5782019550488762,ratio_confidence,2,239.55585764644115
6085,c630c_00016,70,0.6502662566564164,ratio_confidence,2,239.55585764644115
6086,c630c_00016,71,0.5855896397409935,ratio_confidence,2,239.55585764644115
6087,c630c_00016,72,0.589889747243681,ratio_confidence,2,239.55585764644115
6088,c630c_00016,73,0.5931523288082202,ratio_confidence,2,239.55585764644115
6089,c630c_00016,74,0.6402160054001349,ratio_confidence,2,239.55585764644115
6090,c630c_00016,75,0.5982024550613765,ratio_confidence,2,239.55585764644115
6091,c630c_00016,76,0.5881022025550638,ratio_confidence,2,239.55585764644115
6092,c630c_00016,77,0.5361884047101177,ratio_confidence,2,239.55585764644115
6093,c630c_00016,78,0.6052651316282907,ratio_confidence,2,239.55585764644115
6094,c630c_00016,79,0.6279031975799394,ratio_confidence,2,239.55585764644115
6095,c630c_00016,80,0.5788894722368059,ratio_confidence,2,239.55585764644115
6096,c630c_00016,81,0.5802395059876497,ratio_confidence,2,239.55585764644115
6097,c630c_00016,82,0.5545138628465711,ratio_confidence,2,239.55585764644115
6098,c630c_00016,83,0.6381534538363459,ratio_confidence,2,239.55585764644115
6099,c630c_00016,84,0.6008650216255407,ratio_confidence,2,239.55585764644115
6100,c630c_00016,85,0.5834770869271733,ratio_confidence,2,239.55585764644115
6101,c630c_00016,86,0.5877771944298608,ratio_confidence,2,239.55585764644115
6102,c630c_00016,87,0.6228530713267832,ratio_confidence,2,239.55585764644115
6103,c630c_00016,88,0.508350208755219,ratio_confidence,2,239.55585764644115
6104,c630c_00016,89,0.5460636515912898,ratio_confidence,2,239.55585764644115
6105,c630c_00016,90,0.5802145053626341,ratio_confidence,2,239.55585764644115
6106,c630c_00016,91,0.5956398909972749,ratio_confidence,2,239.55585764644115
6107,c630c_00016,92,0.6458161454036351,ratio_confidence,2,239.55585764644115
6108,c630c_00016,93,0.6774044351108778,ratio_confidence,2,239.55585764644115
6109,c630c_00016,94,0.5906897672441811,ratio_confidence,2,239.55585764644115
6110,c630c_00016,95,0.5589264731618291,ratio_confidence,2,239.55585764644115
6111,c630c_00016,96,0.613052826320658,ratio_confidence,2,239.55585764644115
6112,c630c_00016,97,0.6124278106952674,ratio_confidence,2,239.55585764644115
6113,c630c_00016,98,0.5883022075551889,ratio_confidence,2,239.55585764644115
6114,c630c_00016,99,0.6026775669391735,ratio_confidence,2,239.55585764644115
6115,c630c_00016,100,0.5957148928723218,ratio_confidence,2,239.55585764644115
6116,c630c_00016,101,0.6572789319732993,ratio_confidence,2,239.55585764644115
6117,c630c_00016,102,0.5907897697442436,ratio_confidence,2,239.55585764644115
6118,c630c_00016,103,0.5228005700142504,ratio_confidence,2,239.55585764644115
6119,c630c_00016,104,0.5717017925448136,ratio_confidence,2,239.55585764644115
6120,c630c_00016,105,0.5773269331733293,ratio_confidence,2,239.55585764644115
6121,c630c_00016,106,0.6394909872746819,ratio_confidence,2,239.55585764644115
6122,c630c_00016,107,0.6673041826045651,ratio_confidence,2,239.55585764644115
6123,c630c_00016,108,0.5199129978249456,ratio_confidence,2,239.55585764644115
6124,c630c_00016,109,0.5711142778569465,ratio_confidence,2,239.55585764644115
6125,c630c_00016,110,0.5958898972474311,ratio_confidence,2,239.55585764644115
6126,c630c_00016,111,0.5400385009625241,ratio_confidence,2,239.55585764644115
6127,c630c_00016,112,0.5536263406585165,ratio_confidence,2,239.55585764644115
6128,c630c_00016,113,0.6177529438235956,ratio_confidence,2,239.55585764644115
6129,c630c_00016,114,0.6497162429060727,ratio_confidence,2,239.55585764644115
6130,c630c_00016,115,0.5578264456611415,ratio_confidence,2,239.55585764644115
6131,c630c_00016,116,0.5805895147378685,ratio_confidence,2,239.55585764644115
6132,c630c_00016,117,0.5849396234905873,ratio_confidence,2,239.55585764644115
6133,c630c_00016,118,0.6579789494737369,ratio_confidence,2,239.55585764644115
6134,c630c_00016,119,0.7030050751268782,ratio_confidence,2,239.55585764644115
6135,c630c_00016,120,0.6256156403910098,ratio_confidence,2,239.55585764644115
6136,c630c_00016,121,0.6453661341533539,ratio_confidence,2,239.55585764644115
6137,c630c_00016,122,0.568601715042876,ratio_confidence,2,239.55585764644115
6138,c630c_00016,123,0.6101152528813221,ratio_confidence,2,239.55585764644115
6139,c630c_00016,124,0.5488012200305008,ratio_confidence,2,239.55585764644115
6140,c630c_00016,125,0.6101402535063376,ratio_confidence,2,239.55585764644115
6141,c630c_00016,126,0.6404160104002601,ratio_confidence,2,239.55585764644115
6142,c630c_00016,127,0.6001400035000874,ratio_confidence,2,239.55585764644115
6143,c630c_00016,128,0.6056151403785095,ratio_confidence,2,239.55585764644115
6144,c630c_00016,129,0.5903147578689467,ratio_confidence,2,239.55585764644115
6145,c630c_00016,130,0.5904897622440561,ratio_confidence,2,239.55585764644115
6146,c630c_00016,131,0.5884772119302982,ratio_confidence,2,239.55585764644115
6147,c630c_00016,132,0.6926048151203781,ratio_confidence,2,239.55585764644115
6148,c630c_00016,133,0.5357633940848521,ratio_confidence,2,239.55585764644115
6149,c630c_00016,134,0.6730293257331433,ratio_confidence,2,239.55585764644115
6150,c630c_00016,135,0.6325033125828146,ratio_confidence,2,239.55585764644115
6151,c630c_00016,136,0.5534763369084227,ratio_confidence,2,239.55585764644115
6152,c630c_00016,137,0.5927273181829545,ratio_confidence,2,239.55585764644115
6153,c630c_00016,138,0.6131778294457362,ratio_confidence,2,239.55585764644115
6154,c630c_00016,139,0.5288132203305083,ratio_confidence,2,239.55585764644115
6155,c630c_00016,140,0.5541513537838446,ratio_confidence,2,239.55585764644115
6156,c630c_00016,141,0.5758893972349309,ratio_confidence,2,239.55585764644115
6157,c630c_00016,142,0.5856396409910247,ratio_confidence,2,239.55585764644115
6158,c630c_00016,143,0.6324033100827521,ratio_confidence,2,239.55585764644115
6159,c630c_00016,144,0.5956898922473062,ratio_confidence,2,239.55585764644115
6160,c630c_00016,145,0.6580039500987525,ratio_confidence,2,239.55585764644115
6161,c630c_00016,146,0.53897597439936,ratio_confidence,2,239.55585764644115
6162,c630c_00016,147,0.5588264706617665,ratio_confidence,2,239.55585764644115
6163,c630c_00016,148,0.5364634115852897,ratio_confidence,2,239.55585764644115
6164,c630c_00016,149,0.5952148803720093,ratio_confidence,2,239.55585764644115
6165,c630c_00016,150,0.5405635140878522,ratio_confidence,2,239.55585764644115
6166,c630c_00016,151,0.6002150053751344,ratio_confidence,2,239.55585764644115
6167,c630c_00016,152,0.6148153703842596,ratio_confidence,2,239.55585764644115
6168,c630c_00016,153,0.5286757168929224,ratio_confidence,2,239.55585764644115
6169,c630c_00016,154,0.6031525788144704,ratio_confidence,2,239.55585764644115
6170,c630c_00016,155,0.6129028225705643,ratio_confidence,2,239.55585764644115
6171,c630c_00016,156,0.6384534613365335,ratio_confidence,2,239.55585764644115
6172,c630c_00016,157,0.5904647616190405,ratio_confidence,2,239.55585764644115
6173,c630c_00016,158,0.5735018375459386,ratio_confidence,2,239.55585764644115
6174,c630c_00016,159,0.5760644016100402,ratio_confidence,2,239.55585764644115
6175,c630c_00016,160,0.5970524263106578,ratio_confidence,2,239.55585764644115
6176,c630c_00016,161,0.6058401460036501,ratio_confidence,2,239.55585764644115
6177,c630c_00016,162,0.5533013325333134,ratio_confidence,2,239.55585764644115
6178,c630c_00016,163,0.6325533138328459,ratio_confidence,2,239.55585764644115
6179,c630c_00016,164,0.5954648866221656,ratio_confidence,2,239.55585764644115
6180,c630c_00016,165,0.6697417435435886,ratio_confidence,2,239.55585764644115
6181,c630c_00016,166,0.5909897747443686,ratio_confidence,2,239.55585764644115
6182,c630c_00016,167,0.5688267206680166,ratio_confidence,2,239.55585764644115
6183,c630c_00016,168,0.5903397584939623,ratio_confidence,2,239.55585764644115
6184,c630c_00016,169,0.5565639140978524,ratio_confidence,2,239.55585764644115
6185,c630c_00016,170,0.5536513412835321,ratio_confidence,2,239.55585764644115
6186,c630c_00016,171,0.6405660141503537,ratio_confidence,2,239.55585764644115
6187,c630c_00016,172,0.6203655091377285,ratio_confidence,2,239.55585764644115
6188,c630c_00016,173,0.5281507037675942,ratio_confidence,2,239.55585764644115
6189,c630c_00016,174,0.5333258331458286,ratio_confidence,2,239.55585764644115
6190,c630c_00016,175,0.597977449436236,ratio_confidence,2,239.55585764644115
6191,c630c_00016,176,0.5682267056676417,ratio_confidence,2,239.55585764644115
6192,c630c_00016,177,0.6058151453786345,ratio_confidence,2,239.55585764644115
6193,c630c_00016,178,0.6030525763144079,ratio_confidence,2,239.55585764644115
6194,c630c_00016,179,0.613252831320783,ratio_confidence,2,239.55585764644115
6195,c630c_00016,180,0.5260631515787895,ratio_confidence,2,239.55585764644115
6196,c630c_00016,181,0.6733043326083152,ratio_confidence,2,239.55585764644115
6197,c630c_00016,182,0.6381034525863146,ratio_confidence,2,239.55585764644115
6198,c630c_00016,183,0.6003900097502437,ratio_confidence,2,239.55585764644115
6199,c630c_00016,184,0.612852821320533,ratio_confidence,2,239.55585764644115
6200,c630c_00016,185,0.6355658891472287,ratio_confidence,2,239.55585764644115
6201,c630c_00016,186,0.6185779644491112,ratio_confidence,2,239.55585764644115
6202,c630c_00016,187,0.6232030800770019,ratio_confidence,2,239.55585764644115
6203,c630c_00016,188,0.5481012025300632,ratio_confidence,2,239.55585764644115
6204,c630c_00016,189,0.6088027200680017,ratio_confidence,2,239.55585764644115
6205,c630c_00016,190,0.6483287082177054,ratio_confidence,2,239.55585764644115
6206,c630c_00016,191,0.6056901422535563,ratio_confidence,2,239.55585764644115
6207,c630c_00016,192,0.6810420260506512,ratio_confidence,2,239.55585764644115
6208,c630c_00016,193,0.628203205080127,ratio_confidence,2,239.55585764644115
6209,c630c_00016,194,0.6076276906922673,ratio_confidence,2,239.55585764644115
6210,c630c_00016,195,0.6546163654091353,ratio_confidence,2,239.55585764644115
6211,c630c_00016,196,0.6064901622540564,ratio_confidence,2,239.55585764644115
6212,c630c_00016,197,0.5235505887647192,ratio_confidence,2,239.55585764644115
6213,c630c_00016,198,0.5684767119177979,ratio_confidence,2,239.55585764644115
6214,c630c_00016,199,0.6295657391434786,ratio_confidence,2,239.55585764644115
6215,c630c_00016,200,0.6716792919822996,ratio_confidence,2,239.55585764644115
6216,c630c_00016,201,0.7273306832670816,ratio_confidence,2,239.55585764644115
6217,c630c_00016,202,0.5886772169304233,ratio_confidence,2,239.55585764644115
6218,c630c_00016,203,0.6420035500887522,ratio_confidence,2,239.55585764644115
6219,c630c_00016,204,0.6974299357483937,ratio_confidence,2,239.55585764644115
6220,c630c_00016,205,0.5952648816220405,ratio_confidence,2,239.55585764644115
6221,c630c_00016,206,0.6234530863271581,ratio_confidence,2,239.55585764644115
6222,c630c_00016,207,0.6184029600740019,ratio_confidence,2,239.55585764644115
6223,c630c_00016,208,0.633478336958424,ratio_confidence,2,239.55585764644115
6224,c630c_00016,209,0.5760894022350559,ratio_confidence,2,239.55585764644115
6225,c630c_00016,210,0.5996149903747594,ratio_confidence,2,239.55585764644115
6226,c630c_00016,211,0.5459136478411961,ratio_confidence,2,239.55585764644115
6227,c630c_00016,212,0.6876796919922998,ratio_confidence,2,239.55585764644115
6228,c630c_00016,213,0.5532763319082977,ratio_confidence,2,239.55585764644115
6229,c630c_00016,214,0.5604890122253057,ratio_confidence,2,239.55585764644115
6230,c630c_00016,215,0.5579014475361884,ratio_confidence,2,239.55585764644115
6231,c630c_00016,216,0.6078776969424236,ratio_confidence,2,239.55585764644115
6232,c630c_00016,217,0.6403160079001975,ratio_confidence,2,239.55585764644115
6233,c630c_00016,218,0.5808895222380559,ratio_confidence,2,239.55585764644115
6234,c630c_00016,219,0.5676516912922823,ratio_confidence,2,239.55585764644115
6235,c630c_00016,220,0.6675541888547214,ratio_confidence,2,239.55585764644115
6236,c630c_00016,221,0.522625565639141,ratio_confidence,2,239.55585764644115
6237,c630c_00016,222,0.5855396384909622,ratio_confidence,2,239.55585764644115
6238,c630c_00016,223,0.6183029575739394,ratio_confidence,2,239.55585764644115
6239,c630c_00016,224,0.6172779319482987,ratio_confidence,2,239.55585764644115
6240,c630c_00016,225,0.6294657366434161,ratio_confidence,2,239.55585764644115
6241,c630c_00016,226,0.6496662416560414,ratio_confidence,2,239.55585764644115
6242,c630c_00016,227,0.5779769494237357,ratio_confidence,2,239.55585764644115
6243,c630c_00016,228,0.6180779519487987,ratio_confidence,2,239.55585764644115
6244,c630c_00016,229,0.5404135103377585,ratio_confidence,2,239.55585764644115
6245,c630c_00016,230,0.6236280907022675,ratio_confidence,2,239.55585764644115
6246,c630c_00016,231,0.6190279756993925,ratio_confidence,2,239.55585764644115
6247,c630c_00016,232,0.6034275856896423,ratio_confidence,2,239.55585764644115
6248,c630c_00016,233,0.6358658966474162,ratio_confidence,2,239.55585764644115
6249,c630c_00016,234,0.5428010700267507,ratio_confidence,2,239.55585764644115
6250,c630c_00016,235,0.610715267881697,ratio_confidence,2,239.55585764644115
6251,c630c_00016,236,0.5444636115902898,ratio_confidence,2,239.55585764644115
6252,c630c_00016,237,0.5599639990999774,ratio_confidence,2,239.55585764644115
6253,c630c_00016,238,0.662504062601565,ratio_confidence,2,239.55585764644115
6254,c630c_00016,239,0.5997399934998375,ratio_confidence,2,239.55585764644115
6255,c630c_00016,240,0.5407885197129928,ratio_confidence,2,239.55585764644115
6256,c630c_00016,241,0.6105902647566189,ratio_confidence,2,239.55585764644115
6257,c630c_00016,242,0.606715167879197,ratio_confidence,2,239.55585764644115
6258,c630c_00016,243,0.5426760669016726,ratio_confidence,2,239.55585764644115
6259,c630c_00016,244,0.7453186329658241,ratio_confidence,2,239.55585764644115
6260,c630c_00016,245,0.6551413785344633,ratio_confidence,2,239.55585764644115
6261,c630c_00016,246,0.5309882747068677,ratio_confidence,2,239.55585764644115
6262,c630c_00016,247,0.5704892622315558,ratio_confidence,2,239.55585764644115
6263,c630c_00016,248,0.6553913847846196,ratio_confidence,2,239.55585764644115
6264,c630c_00016,249,0.6571539288482212,ratio_confidence,2,239.55585764644115
6265,c630c_00016,250,0.5608890222255556,ratio_confidence,2,239.55585764644115
6266,c630c_00016,251,0.5660141503537588,ratio_confidence,2,239.55585764644115
6267,c630c_00016,252,0.6039025975649391,ratio_confidence,2,239.55585764644115
6268,c630c_00016,253,0.6257406435160879,ratio_confidence,2,239.55585764644115
6269,c630c_00016,254,0.5852646316157903,ratio_confidence,2,239.55585764644115
6270,c630c_00016,255,0.5573764344108603,ratio_confidence,2,239.55585764644115
6271,c630c_00016,256,0.6129528238205955,ratio_confidence,2,239.55585764644115
6272,c630c_00016,257,0.6353908847721192,ratio_confidence,2,239.55585764644115
6273,c630c_00016,258,0.8427335683392085,ratio_confidence,2,239.55585764644115
6274,c630c_00016,259,0.5755393884847121,ratio_confidence,2,239.55585764644115
6275,c630c_00016,260,0.6334533363334083,ratio_confidence,2,239.55585764644115
6276,c630c_00016,261,0.6473536838420961,ratio_confidence,2,239.55585764644115
6277,c630c_00016,262,0.6405410135253382,ratio_confidence,2,239.55585764644115
6278,c630c_00016,263,0.7251431285782145,ratio_confidence,2,239.55585764644115
6279,c630c_00016,264,0.603377584439611,ratio_confidence,2,239.55585764644115
6280,c630c_00016,265,0.5675766894172354,ratio_confidence,2,239.55585764644115
6281,c630c_00016,266,0.6794669866746669,ratio_confidence,2,239.55585764644115
6282,c630c_00016,267,0.5537763444086101,ratio_confidence,2,239.55585764644115
6283,c630c_00016,268,0.6598164954123853,ratio_confidence,2,239.55585764644115
6284,c630c_00016,269,0.590564764119103,ratio_confidence,2,239.55585764644115
6285,c630c_00016,270,0.5128253206330158,ratio_confidence,2,239.55585764644115
6286,c630c_00016,271,0.6284532113302832,ratio_confidence,2,239.55585764644115
6287,c630c_00016,272,0.6263156578914473,ratio_confidence,2,239.55585764644115
6288,c630c_00016,273,0.631340783519588,ratio_confidence,2,239.55585764644115
6289,c630c_00016,274,0.5654391359783995,ratio_confidence,2,239.55585764644115
6290,c630c_00016,275,0.6554913872846821,ratio_confidence,2,239.55585764644115
6291,c630c_00016,276,0.7282557063926598,ratio_confidence,2,239.55585764644115
6292,c630c_00016,277,0.6137528438210955,ratio_confidence,2,239.55585764644115
6293,c630c_00016,278,0.5731768294207356,ratio_confidence,2,239.55585764644115
6294,c630c_00016,279,0.6933798344958624,ratio_confidence,2,239.55585764644115
6295,c630c_00016,280,0.543976099402485,ratio_confidence,2,239.55585764644115
6296,c630c_00016,281,0.5310132753318832,ratio_confidence,2,239.55585764644115
6297,c630c_00016,282,0.6502412560314008,ratio_confidence,2,239.55585764644115
6298,c630c_00016,283,0.6507912697817445,ratio_confidence,2,239.55585764644115
6299,c630c_00016,284,0.5388259706492662,ratio_confidence,2,239.55585764644115
6300,c630c_00016,285,0.650766269156729,ratio_confidence,2,239.55585764644115
6301,c630c_00016,286,0.6509662741568539,ratio_confidence,2,239.55585764644115
6302,c630c_00016,287,0.6028775719392985,ratio_confidence,2,239.55585764644115
6303,c630c_00016,288,0.5890022250556264,ratio_confidence,2,239.55585764644115
6304,c630c_00016,289,0.6726043151078778,ratio_confidence,2,239.55585764644115
6305,c630c_00016,290,0.6121778044451112,ratio_confidence,2,239.55585764644115
6306,c630c_00016,291,0.727980699517488,ratio_confidence,2,239.55585764644115
6307,c630c_00016,292,0.5730018250456261,ratio_confidence,2,239.55585764644115
6308,c630c_00016,293,0.5292507312682817,ratio_confidence,2,239.55585764644115
6309,c630c_00016,294,0.5283757093927348,ratio_confidence,2,239.55585764644115
6310,c630c_00016,295,0.5881272031800795,ratio_confidence,2,239.55585764644115
6311,c630c_00016,296,0.5243006075151879,ratio_confidence,2,239.55585764644115
6312,c630c_00016,297,0.5862396559913998,ratio_confidence,2,239.55585764644115
6313,c630c_00016,298,0.5986524663116578,ratio_confidence,2,239.55585764644115
6314,c630c_00016,299,0.5264381609540238,ratio_confidence,2,239.55585764644115
6315,c630c_00016,300,0.5691017275431886,ratio_confidence,2,239.55585764644115
6316,c630c_00016,301,0.6229530738268456,ratio_confidence,2,239.55585764644115
6317,c630c_00016,302,0.6160154003850096,ratio_confidence,2,239.55585764644115
6318,c630c_00016,303,0.6385034625865647,ratio_confidence,2,239.55585764644115
6319,c630c_00016,304,0.6203655091377285,ratio_confidence,2,239.55585764644115
6320,c630c_00016,305,0.541638540963524,ratio_confidence,2,239.55585764644115
6321,c630c_00016,306,0.6328283207080176,ratio_confidence,2,239.55585764644115
6322,c630c_00016,307,0.6751418785469637,ratio_confidence,2,239.55585764644115
6323,c630c_00016,308,0.6258906472661817,ratio_confidence,2,239.55585764644115
6324,c630c_00016,309,0.6032275806895173,ratio_confidence,2,239.55585764644115
6325,c630c_00016,310,0.5329508237705942,ratio_confidence,2,239.55585764644115
6326,c630c_00016,311,0.5465386634665866,ratio_confidence,2,239.55585764644115
6327,c630c_00016,312,0.581089527238181,ratio_confidence,2,239.55585764644115
6328,c630c_00016,313,0.5732018300457511,ratio_confidence,2,239.55585764644115
6329,c630c_00016,314,0.5181004525113128,ratio_confidence,2,239.55585764644115
6330,c630c_00016,315,0.6390034750868772,ratio_confidence,2,239.55585764644115
6331,c630c_00016,316,0.5989274731868297,ratio_confidence,2,239.55585764644115
6332,c630c_00016,317,0.5980024500612515,ratio_confidence,2,239.55585764644115
6333,c630c_00016,318,0.6505412635315883,ratio_confidence,2,239.55585764644115
6334,c630c_00016,319,0.5502137553438836,ratio_confidence,2,239.55585764644115
6335,c630c_00016,320,0.6308407710192755,ratio_confidence,2,239.55585764644115
6336,c630c_00016,321,0.6279031975799394,ratio_confidence,2,239.55585764644115
6337,c630c_00016,322,0.5361884047101177,ratio_confidence,2,239.55585764644115
6338,c630c_00016,323,0.550588764719118,ratio_confidence,2,239.55585764644115
6339,c630c_00016,324,0.5915397884947123,ratio_confidence,2,239.55585764644115
6340,c630c_00016,325,0.5935523388084702,ratio_confidence,2,239.55585764644115
6341,c630c_00016,326,0.6149153728843222,ratio_confidence,2,239.55585764644115
6342,c630c_00016,327,0.5037750943773595,ratio_confidence,2,239.55585764644115
6343,c630c_00016,328,0.6426035650891272,ratio_confidence,2,239.55585764644115
6344,c630c_00016,329,0.6062151553788845,ratio_confidence,2,239.55585764644115
6345,c630c_00016,330,0.7155428885722144,ratio_confidence,2,239.55585764644115
6346,c630c_00016,331,0.5279506987674691,ratio_confidence,2,239.55585764644115
6347,c630c_00016,332,0.591564789119728,ratio_confidence,2,239.55585764644115
6348,c630c_00016,333,0.549051226280657,ratio_confidence,2,239.55585764644115
6349,c630c_00016,334,0.5948648716217906,ratio_confidence,2,239.55585764644115
6350,c630c_00016,335,0.6154153853846347,ratio_confidence,2,239.55585764644115
6351,c630c_00016,336,0.630740768519213,ratio_confidence,2,239.55585764644115
6352,c630c_00016,337,0.6652166304157603,ratio_confidence,2,239.55585764644115
6353,c630c_00016,338,0.5755643891097277,ratio_confidence,2,239.55585764644115
6354,c630c_00016,339,0.6179029475736894,ratio_confidence,2,239.55585764644115
6355,c630c_00016,340,0.6151653791344784,ratio_confidence,2,239.55585764644115
6356,c630c_00016,341,0.5882522063051576,ratio_confidence,2,239.55585764644115
6357,c630c_00016,342,0.6707917697942449,ratio_confidence,2,239.55585764644115
6358,c630c_00016,343,0.6709417735443386,ratio_confidence,2,239.55585764644115
6359,c630c_00016,344,0.5935273381834546,ratio_confidence,2,239.55585764644115
6360,c630c_00016,345,0.581014525363134,ratio_confidence,2,239.55585764644115
6361,c630c_00016,346,0.5257881447036176,ratio_confidence,2,239.55585764644115
6362,c630c_00016,347,0.670316757918948,ratio_confidence,2,239.55585764644115
6363,c630c_00016,348,0.565939148478712,ratio_confidence,2,239.55585764644115
6364,c630c_00016,349,0.5769144228605716,ratio_confidence,2,239.55585764644115
6365,c630c_00016,350,0.5865646641166029,ratio_confidence,2,239.55585764644115
6366,c630c_00016,351,0.647753693842346,ratio_confidence,2,239.55585764644115
6367,c630c_00016,352,0.6349658741468537,ratio_confidence,2,239.55585764644115
6368,c630c_00016,353,0.5513887847196179,ratio_confidence,2,239.55585764644115
6369,c630c_00016,354,0.62252806320158,ratio_confidence,2,239.55585764644115
6370,c630c_00016,355,0.5513137828445711,ratio_confidence,2,239.55585764644115
6371,c630c_00016,356,0.7034800870021751,ratio_confidence,2,239.55585764644115
6372,c630c_00016,357,0.625465636640916,ratio_confidence,2,239.55585764644115
6373,c630c_00016,358,0.553526338158454,ratio_confidence,2,239.55585764644115
6374,c630c_00016,359,0.6530538263456587,ratio_confidence,2,239.55585764644115
6375,c630c_00016,360,0.5487762194054852,ratio_confidence,2,239.55585764644115
6376,c630c_00016,361,0.653628840721018,ratio_confidence,2,239.55585764644115
6377,c630c_00016,362,0.6064401610040251,ratio_confidence,2,239.55585764644115
6378,c630c_00016,363,0.7331058276456912,ratio_confidence,2,239.55585764644115
6379,c630c_00016,364,0.6606915172879322,ratio_confidence,2,239.55585764644115
6380,c630c_00016,365,0.5704642616065402,ratio_confidence,2,239.55585764644115
6381,c630c_00016,366,0.631340783519588,ratio_confidence,2,239.55585764644115
6382,c630c_00016,367,0.6250156253906347,ratio_confidence,2,239.55585764644115
6383,c630c_00016,368,0.6037525938148454,ratio_confidence,2,239.55585764644115
6384,c630c_00016,369,0.6820045501137528,ratio_confidence,2,239.55585764644115
6385,c630c_00016,370,0.681267031675792,ratio_confidence,2,239.55585764644115
6386,c630c_00016,371,0.6410660266506663,ratio_confidence,2,239.55585764644115
6387,c630c_00016,372,0.6298407460186505,ratio_confidence,2,239.55585764644115
6388,c630c_00016,373,0.5910647766194155,ratio_confidence,2,239.55585764644115
6389,c630c_00016,374,0.6089027225680642,ratio_confidence,2,239.55585764644115
6390,c630c_00016,375,0.5912897822445561,ratio_confidence,2,239.55585764644115
6391,c630c_00016,376,0.6025775644391109,ratio_confidence,2,239.55585764644115
6392,c630c_00016,377,0.5836520913022826,ratio_confidence,2,239.55585764644115
6393,c630c_00016,378,0.5778769469236731,ratio_confidence,2,239.55585764644115
6394,c630c_00016,379,0.6357158928973224,ratio_confidence,2,239.55585764644115
6395,c630c_00016,380,0.5846646166154155,ratio_confidence,2,239.55585764644115
6396,c630c_00016,381,0.6326033150828771,ratio_confidence,2,239.55585764644115
6397,c630c_00016,382,0.6209155228880723,ratio_confidence,2,239.55585764644115
6398,c630c_00016,383,0.6262156553913848,ratio_confidence,2,239.55585764644115
6399,c630c_00016,384,0.6105402635065877,ratio_confidence,2,239.55585764644115
6400,c630c_00016,385,0.5539763494087352,ratio_confidence,2,239.55585764644115
6401,c630c_00016,386,0.5335508387709693,ratio_confidence,2,239.55585764644115
6402,c630c_00016,387,0.5726518162954073,ratio_confidence,2,239.55585764644115
6403,c630c_00016,388,0.5835770894272356,ratio_confidence,2,239.55585764644115
6404,c630c_00016,389,0.5904647616190405,ratio_confidence,2,239.55585764644115
6405,c630c_00016,390,0.6609415235380884,ratio_confidence,2,239.55585764644115
6406,c630c_00016,391,0.6902922573064327,ratio_confidence,2,239.55585764644115
6407,c630c_00016,392,0.6011650291257281,ratio_confidence,2,239.55585764644115
6408,c630c_00016,393,0.5583014575364385,ratio_confidence,2,239.55585764644115
6409,c630c_00016,394,0.5740018500462511,ratio_confidence,2,239.55585764644115
6410,c630c_00016,395,0.5742268556713918,ratio_confidence,2,239.55585764644115
6411,c630c_00016,396,0.6683542088552213,ratio_confidence,2,239.55585764644115
6412,c630c_00016,397,0.5434510862771569,ratio_confidence,2,239.55585764644115
6413,c630c_00016,398,0.6333533338333459,ratio_confidence,2,239.55585764644115
6414,c630c_00016,399,0.6626290657266432,ratio_confidence,2,239.55585764644115
6415,c630c_00016,400,0.5412635315882897,ratio_confidence,2,239.55585764644115
6416,c630c_00017,0,0.5624265606640166,ratio_confidence,3,228.31945798644966
6417,c630c_00017,1,0.5809395234880872,ratio_confidence,3,228.31945798644966
6418,c630c_00017,2,0.5225005625140628,ratio_confidence,3,228.31945798644966
6419,c630c_00017,3,0.5830270756768919,ratio_confidence,3,228.31945798644966
6420,c630c_00017,4,0.5869021725543139,ratio_confidence,3,228.31945798644966
6421,c630c_00017,5,0.5819770494262356,ratio_confidence,3,228.31945798644966
6422,c630c_00017,6,0.5614265356633916,ratio_confidence,3,228.31945798644966
6423,c630c_00017,7,0.583689592239806,ratio_confidence,3,228.31945798644966
6424,c630c_00017,8,0.5544638615965399,ratio_confidence,3,228.31945798644966
6425,c630c_00017,9,0.5635265881647041,ratio_confidence,3,228.31945798644966
6426,c630c_00017,10,0.6598664966624166,ratio_confidence,3,228.31945798644966
6427,c630c_00017,11,0.6067776694417361,ratio_confidence,3,228.31945798644966
6428,c630c_00017,12,0.49421235530888274,ratio_confidence,3,228.31945798644966
6429,c630c_00017,13,0.49397484937123426,ratio_confidence,3,228.31945798644966
6430,c630c_00017,14,0.5203380084502113,ratio_confidence,3,228.31945798644966
6431,c630c_00017,15,0.5218505462636566,ratio_confidence,3,228.31945798644966
6432,c630c_00017,16,0.5616765419135479,ratio_confidence,3,228.31945798644966
6433,c630c_00017,17,0.5657641441036025,ratio_confidence,3,228.31945798644966
6434,c630c_00017,18,0.5299132478311958,ratio_confidence,3,228.31945798644966
6435,c630c_00017,19,0.5721018025450637,ratio_confidence,3,228.31945798644966
6436,c630c_00017,20,0.5427010675266881,ratio_confidence,3,228.31945798644966
6437,c630c_00017,21,0.5770269256731418,ratio_confidence,3,228.31945798644966
6438,c630c_00017,22,0.571876796919923,ratio_confidence,3,228.31945798644966
6439,c630c_00017,23,0.6042901072526814,ratio_confidence,3,228.31945798644966
6440,c630c_00017,24,0.5660141503537588,ratio_confidence,3,228.31945798644966
6441,c630c_00017,25,0.567201680042001,ratio_confidence,3,228.31945798644966
6442,c630c_00017,26,0.5620265506637666,ratio_confidence,3,228.31945798644966
6443,c630c_00017,27,0.5366759168979225,ratio_confidence,3,228.31945798644966
6444,c630c_00017,28,0.6019025475636891,ratio_confidence,3,228.31945798644966
6445,c630c_00017,29,0.5360509012725319,ratio_confidence,3,228.31945798644966
6446,c630c_00017,30,0.5433885847146178,ratio_confidence,3,228.31945798644966
6447,c630c_00017,31,0.6523288082202054,ratio_confidence,3,228.31945798644966
6448,c630c_00017,32,0.6025275631890796,ratio_confidence,3,228.31945798644966
6449,c630c_00017,33,0.5449386234655866,ratio_confidence,3,228.31945798644966
6450,c630c_00017,34,0.5704392609815245,ratio_confidence,3,228.31945798644966
6451,c630c_00017,35,0.561801545038626,ratio_confidence,3,228.31945798644966
6452,c630c_00017,36,0.5445636140903523,ratio_confidence,3,228.31945798644966
6453,c630c_00017,37,0.6372034300857521,ratio_confidence,3,228.31945798644966
6454,c630c_00017,38,0.5743143578589465,ratio_confidence,3,228.31945798644966
6455,c630c_00017,39,0.5151878796969924,ratio_confidence,3,228.31945798644966
6456,c630c_00017,40,0.5331133278331959,ratio_confidence,3,228.31945798644966
6457,c630c_00017,41,0.5725268131703292,ratio_confidence,3,228.31945798644966
6458,c630c_00017,42,0.568276706917673,ratio_confidence,3,228.31945798644966
6459,c630c_00017,43,0.6224280607015176,ratio_confidence,3,228.31945798644966
6460,c630c_00017,44,0.5694642366059152,ratio_confidence,3,228.31945798644966
6461,c630c_00017,45,0.6071776794419861,ratio_confidence,3,228.31945798644966
6462,c630c_00017,46,0.6249906247656192,ratio_confidence,3,228.31945798644966
6463,c630c_00017,47,0.5523263081577039,ratio_confidence,3,228.31945798644966
6464,c630c_00017,48,0.5314382859571489,ratio_confidence,3,228.31945798644966
6465,c630c_00017,49,0.6397159928998225,ratio_confidence,3,228.31945798644966
6466,c630c_00017,50,0.578814470361759,ratio_confidence,3,228.31945798644966
6467,c630c_00017,51,0.5739643491087277,ratio_confidence,3,228.31945798644966
6468,c630c_00017,52,0.5720518012950324,ratio_confidence,3,228.31945798644966
6469,c630c_00017,53,0.6169029225730643,ratio_confidence,3,228.31945798644966
6470,c630c_00017,54,0.6622040551013775,ratio_confidence,3,228.31945798644966
6471,c630c_00017,55,0.5488137203430086,ratio_confidence,3,228.31945798644966
6472,c630c_00017,56,0.5269756743918598,ratio_confidence,3,228.31945798644966
6473,c630c_00017,57,0.5990649766244156,ratio_confidence,3,228.31945798644966
6474,c630c_00017,58,0.5235630890772269,ratio_confidence,3,228.31945798644966
6475,c630c_00017,59,0.5296382409560239,ratio_confidence,3,228.31945798644966
6476,c630c_00017,60,0.6173279331983299,ratio_confidence,3,228.31945798644966
6477,c630c_00017,61,0.5793894847371184,ratio_confidence,3,228.31945798644966
6478,c630c_00017,62,0.5896897422435561,ratio_confidence,3,228.31945798644966
6479,c630c_00017,63,0.5694642366059152,ratio_confidence,3,228.31945798644966
6480,c630c_00017,64,0.6102652566314157,ratio_confidence,3,228.31945798644966
6481,c630c_00017,65,0.54337608440211,ratio_confidence,3,228.31945798644966
6482,c630c_00017,66,0.6114777869446736,ratio_confidence,3,228.31945798644966
6483,c630c_00017,67,0.5602140053501337,ratio_confidence,3,228.31945798644966
6484,c630c_00017,68,0.5870021750543764,ratio_confidence,3,228.31945798644966
6485,c630c_00017,69,0.5547388684717118,ratio_confidence,3,228.31945798644966
6486,c630c_00017,70,0.5257756443911098,ratio_confidence,3,228.31945798644966
6487,c630c_00017,71,0.5591639790994775,ratio_confidence,3,228.31945798644966
6488,c630c_00017,72,0.5829770744268608,ratio_confidence,3,228.31945798644966
6489,c630c_00017,73,0.5911772794319858,ratio_confidence,3,228.31945798644966
6490,c630c_00017,74,0.5971774294357359,ratio_confidence,3,228.31945798644966
6491,c630c_00017,75,0.5370509262731569,ratio_confidence,3,228.31945798644966
6492,c630c_00017,76,0.569539238480962,ratio_confidence,3,228.31945798644966
6493,c630c_00017,77,0.5444136103402585,ratio_confidence,3,228.31945798644966
6494,c630c_00017,78,0.5843146078651966,ratio_confidence,3,228.31945798644966
6495,c630c_00017,79,0.5691892297307433,ratio_confidence,3,228.31945798644966
6496,c630c_00017,80,0.606977674441861,ratio_confidence,3,228.31945798644966
6497,c630c_00017,81,0.5351633790844772,ratio_confidence,3,228.31945798644966
6498,c630c_00017,82,0.5946648666216655,ratio_confidence,3,228.31945798644966
6499,c630c_00017,83,0.5646391159778994,ratio_confidence,3,228.31945798644966
6500,c630c_00017,84,0.5215755393884847,ratio_confidence,3,228.31945798644966
6501,c630c_00017,85,0.5751893797344934,ratio_confidence,3,228.31945798644966
6502,c630c_00017,86,0.5731518287957199,ratio_confidence,3,228.31945798644966
6503,c630c_00017,87,0.5192254806370159,ratio_confidence,3,228.31945798644966
6504,c630c_00017,88,0.6294657366434161,ratio_confidence,3,228.31945798644966
6505,c630c_00017,89,0.5170754268856721,ratio_confidence,3,228.31945798644966
6506,c630c_00017,90,0.5040876021900548,ratio_confidence,3,228.31945798644966
6507,c630c_00017,91,0.657228930723268,ratio_confidence,3,228.31945798644966
6508,c630c_00017,92,0.5672266806670166,ratio_confidence,3,228.31945798644966
6509,c630c_00017,93,0.5199129978249456,ratio_confidence,3,228.31945798644966
6510,c630c_00017,94,0.5356508912722818,ratio_confidence,3,228.31945798644966
6511,c630c_00017,95,0.5359383984599615,ratio_confidence,3,228.31945798644966
6512,c630c_00017,96,0.543313582839571,ratio_confidence,3,228.31945798644966
6513,c630c_00017,97,0.5164629115727893,ratio_confidence,3,228.31945798644966
6514,c630c_00017,98,0.6194904872621816,ratio_confidence,3,228.31945798644966
6515,c630c_00017,99,0.581089527238181,ratio_confidence,3,228.31945798644966
6516,c630c_00017,100,0.5821270531763294,ratio_confidence,3,228.31945798644966
6517,c630c_00017,101,0.5893897347433685,ratio_confidence,3,228.31945798644966
6518,c630c_00017,102,0.6406660166504163,ratio_confidence,3,228.31945798644966
6519,c630c_00017,103,0.5296132403310083,ratio_confidence,3,228.31945798644966
6520,c630c_00017,104,0.5798394959873997,ratio_confidence,3,228.31945798644966
6521,c630c_00017,105,0.6337908447711192,ratio_confidence,3,228.31945798644966
6522,c630c_00017,106,0.575214380359509,ratio_confidence,3,228.31945798644966
6523,c630c_00017,107,0.5333258331458286,ratio_confidence,3,228.31945798644966
6524,c630c_00017,108,0.5694642366059152,ratio_confidence,3,228.31945798644966
6525,c630c_00017,109,0.5480137003425085,ratio_confidence,3,228.31945798644966
6526,c630c_00017,110,0.5911772794319858,ratio_confidence,3,228.31945798644966
6527,c630c_00017,111,0.569939248481212,ratio_confidence,3,228.31945798644966
6528,c630c_00017,112,0.6300657516437911,ratio_confidence,3,228.31945798644966
6529,c630c_00017,113,0.5742893572339308,ratio_confidence,3,228.31945798644966
6530,c630c_00017,114,0.6224280607015176,ratio_confidence,3,228.31945798644966
6531,c630c_00017,115,0.6500412510312757,ratio_confidence,3,228.31945798644966
6532,c630c_00017,116,0.5408760219005475,ratio_confidence,3,228.31945798644966
6533,c630c_00017,117,0.6079526988174704,ratio_confidence,3,228.31945798644966
6534,c630c_00017,118,0.6024525613140328,ratio_confidence,3,228.31945798644966
6535,c630c_00017,119,0.5678016950423761,ratio_confidence,3,228.31945798644966
6536,c630c_00017,120,0.563001575039376,ratio_confidence,3,228.31945798644966
6537,c630c_00017,121,0.5469261731543289,ratio_confidence,3,228.31945798644966
6538,c630c_00017,122,0.5221505537638441,ratio_confidence,3,228.31945798644966
6539,c630c_00017,123,0.5156753918847972,ratio_confidence,3,228.31945798644966
6540,c630c_00017,124,0.5606390159753993,ratio_confidence,3,228.31945798644966
6541,c630c_00017,125,0.5841146028650717,ratio_confidence,3,228.31945798644966
6542,c630c_00017,126,0.5540638515962899,ratio_confidence,3,228.31945798644966
6543,c630c_00017,127,0.6046401160029,ratio_confidence,3,228.31945798644966
6544,c630c_00017,128,0.5211255281382035,ratio_confidence,3,228.31945798644966
6545,c630c_00017,129,0.5863771594289857,ratio_confidence,3,228.31945798644966
6546,c630c_00017,130,0.5899147478686968,ratio_confidence,3,228.31945798644966
6547,c630c_00017,131,0.5862271556788919,ratio_confidence,3,228.31945798644966
6548,c630c_00017,132,0.5224755618890473,ratio_confidence,3,228.31945798644966
6549,c630c_00017,133,0.6050651266281657,ratio_confidence,3,228.31945798644966
6550,c630c_00017,134,0.5688392209805245,ratio_confidence,3,228.31945798644966
6551,c630c_00017,135,0.5327508187704693,ratio_confidence,3,228.31945798644966
6552,c630c_00017,136,0.5600890022250555,ratio_confidence,3,228.31945798644966
6553,c630c_00017,137,0.5871021775544388,ratio_confidence,3,228.31945798644966
6554,c630c_00017,138,0.5407010175254381,ratio_confidence,3,228.31945798644966
6555,c630c_00017,139,0.5265006625165629,ratio_confidence,3,228.31945798644966
6556,c630c_00017,140,0.6020275506887672,ratio_confidence,3,228.31945798644966
6557,c630c_00017,141,0.5504012600315008,ratio_confidence,3,228.31945798644966
6558,c630c_00017,142,0.6064026600665017,ratio_confidence,3,228.31945798644966
6559,c630c_00017,143,0.5063251581289532,ratio_confidence,3,228.31945798644966
6560,c630c_00017,144,0.5218005450136254,ratio_confidence,3,228.31945798644966
6561,c630c_00017,145,0.6361909047726193,ratio_confidence,3,228.31945798644966
6562,c630c_00017,146,0.647153678841971,ratio_confidence,3,228.31945798644966
6563,c630c_00017,147,0.6094402360059001,ratio_confidence,3,228.31945798644966
6564,c630c_00017,148,0.6374034350858772,ratio_confidence,3,228.31945798644966
6565,c630c_00017,149,0.60344008600215,ratio_confidence,3,228.31945798644966
6566,c630c_00017,150,0.6872296807420185,ratio_confidence,3,228.31945798644966
6567,c630c_00017,151,0.5524263106577665,ratio_confidence,3,228.31945798644966
6568,c630c_00017,152,0.6099152478811971,ratio_confidence,3,228.31945798644966
6569,c630c_00017,153,0.5945398634965874,ratio_confidence,3,228.31945798644966
6570,c630c_00017,154,0.5556638915972899,ratio_confidence,3,228.31945798644966
6571,c630c_00017,155,0.5768769219230481,ratio_confidence,3,228.31945798644966
6572,c630c_00017,156,0.606977674441861,ratio_confidence,3,228.31945798644966
6573,c630c_00017,157,0.6267781694542364,ratio_confidence,3,228.31945798644966
6574,c630c_00017,158,0.6117777944448611,ratio_confidence,3,228.31945798644966
6575,c630c_00017,159,0.5324258106452662,ratio_confidence,3,228.31945798644966
6576,c630c_00017,160,0.5180629515737893,ratio_confidence,3,228.31945798644966
6577,c630c_00017,161,0.5688892222305557,ratio_confidence,3,228.31945798644966
6578,c630c_00017,162,0.5260006500162504,ratio_confidence,3,228.31945798644966
6579,c630c_00017,163,0.568201705042626,ratio_confidence,3,228.31945798644966
6580,c630c_00017,164,0.5661891547288682,ratio_confidence,3,228.31945798644966
6581,c630c_00017,165,0.5229880747018676,ratio_confidence,3,228.31945798644966
6582,c630c_00017,166,0.5970024250606265,ratio_confidence,3,228.31945798644966
6583,c630c_00017,167,0.612252806320158,ratio_confidence,3,228.31945798644966
6584,c630c_00017,168,0.5391884797119928,ratio_confidence,3,228.31945798644966
6585,c630c_00017,169,0.5474011850296256,ratio_confidence,3,228.31945798644966
6586,c630c_00017,170,0.5871771794294858,ratio_confidence,3,228.31945798644966
6587,c630c_00017,171,0.5844396109902747,ratio_confidence,3,228.31945798644966
6588,c630c_00017,172,0.48614965374134356,ratio_confidence,3,228.31945798644966
6589,c630c_00017,173,0.6029775744393611,ratio_confidence,3,228.31945798644966
6590,c630c_00017,174,0.6067776694417361,ratio_confidence,3,228.31945798644966
6591,c630c_00017,175,0.6095652391309783,ratio_confidence,3,228.31945798644966
6592,c630c_00017,176,0.6114152853821345,ratio_confidence,3,228.31945798644966
6593,c630c_00017,177,0.6742168554213855,ratio_confidence,3,228.31945798644966
6594,c630c_00017,178,0.601702542563564,ratio_confidence,3,228.31945798644966
6595,c630c_00017,179,0.5989899747493688,ratio_confidence,3,228.31945798644966
6596,c630c_00017,180,0.5743643591089778,ratio_confidence,3,228.31945798644966
6597,c630c_00017,181,0.5446636165904147,ratio_confidence,3,228.31945798644966
6598,c630c_00017,182,0.6478036950923773,ratio_confidence,3,228.31945798644966
6599,c630c_00017,183,0.5542888572214306,ratio_confidence,3,228.31945798644966
6600,c630c_00017,184,0.616727918197955,ratio_confidence,3,228.31945798644966
6601,c630c_00017,185,0.5539388484712118,ratio_confidence,3,228.31945798644966
6602,c630c_00017,186,0.5370009250231256,ratio_confidence,3,228.31945798644966
6603,c630c_00017,187,0.5841896047401185,ratio_confidence,3,228.31945798644966
6604,c630c_00017,188,0.5488887222180555,ratio_confidence,3,228.31945798644966
6605,c630c_00017,189,0.5329883247081177,ratio_confidence,3,228.31945798644966
6606,c630c_00017,190,0.5040001000025001,ratio_confidence,3,228.31945798644966
6607,c630c_00017,191,0.6190904772619316,ratio_confidence,3,228.31945798644966
6608,c630c_00017,192,0.5439885997149929,ratio_confidence,3,228.31945798644966
6609,c630c_00017,193,0.594164854121353,ratio_confidence,3,228.31945798644966
6610,c630c_00017,194,0.49566239155978903,ratio_confidence,3,228.31945798644966
6611,c630c_00017,195,0.6094902372559314,ratio_confidence,3,228.31945798644966
6612,c630c_00017,196,0.5392384809620241,ratio_confidence,3,228.31945798644966
6613,c630c_00017,197,0.5937773444336109,ratio_confidence,3,228.31945798644966
6614,c630c_00017,198,0.6542663566589164,ratio_confidence,3,228.31945798644966
6615,c630c_00017,199,0.5742893572339308,ratio_confidence,3,228.31945798644966
6616,c630c_00017,200,0.517950448761219,ratio_confidence,3,228.31945798644966
6617,c630c_00017,201,0.5344883622090553,ratio_confidence,3,228.31945798644966
6618,c630c_00017,202,0.5783144578614465,ratio_confidence,3,228.31945798644966
6619,c630c_00017,203,0.5307757693942349,ratio_confidence,3,228.31945798644966
6620,c630c_00017,204,0.5611015275381884,ratio_confidence,3,228.31945798644966
6621,c630c_00017,205,0.5254381359533988,ratio_confidence,3,228.31945798644966
6622,c630c_00017,206,0.5994899872496813,ratio_confidence,3,228.31945798644966
6623,c630c_00017,207,0.6037025925648141,ratio_confidence,3,228.31945798644966
6624,c630c_00017,208,0.5616765419135479,ratio_confidence,3,228.31945798644966
6625,c630c_00017,209,0.5673766844171104,ratio_confidence,3,228.31945798644966
6626,c630c_00017,210,0.6012525313132828,ratio_confidence,3,228.31945798644966
6627,c630c_00017,211,0.6092152303807595,ratio_confidence,3,228.31945798644966
6628,c630c_00017,212,0.5740393509837746,ratio_confidence,3,228.31945798644966
6629,c630c_00017,213,0.6271281782044551,ratio_confidence,3,228.31945798644966
6630,c630c_00017,214,0.5820520513012826,ratio_confidence,3,228.31945798644966
6631,c630c_00017,215,0.5830395759893997,ratio_confidence,3,228.31945798644966
6632,c630c_00017,216,0.579289482237056,ratio_confidence,3,228.31945798644966
6633,c630c_00017,217,0.6192904822620565,ratio_confidence,3,228.31945798644966
6634,c630c_00017,218,0.5239380984524613,ratio_confidence,3,228.31945798644966
6635,c630c_00017,219,0.6025775644391109,ratio_confidence,3,228.31945798644966
6636,c630c_00017,220,0.6316532913322833,ratio_confidence,3,228.31945798644966
6637,c630c_00017,221,0.5622515562889072,ratio_confidence,3,228.31945798644966
6638,c630c_00017,222,0.5410510262756569,ratio_confidence,3,228.31945798644966
6639,c630c_00017,223,0.5914772869321734,ratio_confidence,3,228.31945798644966
6640,c630c_00017,224,0.5119252981324534,ratio_confidence,3,228.31945798644966
6641,c630c_00017,225,0.6367784194604865,ratio_confidence,3,228.31945798644966
6642,c630c_00017,226,0.6216530413260332,ratio_confidence,3,228.31945798644966
6643,c630c_00017,227,0.5124003100077502,ratio_confidence,3,228.31945798644966
6644,c630c_00017,228,0.5939898497462437,ratio_confidence,3,228.31945798644966
6645,c630c_00017,229,0.5625015625390635,ratio_confidence,3,228.31945798644966
6646,c630c_00017,230,0.5523763094077352,ratio_confidence,3,228.31945798644966
6647,c630c_00017,231,0.5737643441086028,ratio_confidence,3,228.31945798644966
6648,c630c_00017,232,0.6167529188229706,ratio_confidence,3,228.31945798644966
6649,c630c_00017,233,0.5767519187979699,ratio_confidence,3,228.31945798644966
6650,c630c_00017,234,0.5300132503312582,ratio_confidence,3,228.31945798644966
6651,c630c_00017,235,0.5218005450136254,ratio_confidence,3,228.31945798644966
6652,c630c_00017,236,0.6099152478811971,ratio_confidence,3,228.31945798644966
6653,c630c_00017,237,0.5199879996999925,ratio_confidence,3,228.31945798644966
6654,c630c_00017,238,0.5625015625390635,ratio_confidence,3,228.31945798644966
6655,c630c_00017,239,0.6193154828870722,ratio_confidence,3,228.31945798644966
6656,c630c_00017,240,0.6303157578939473,ratio_confidence,3,228.31945798644966
6657,c630c_00017,241,0.5768769219230481,ratio_confidence,3,228.31945798644966
6658,c630c_00017,242,0.5996149903747594,ratio_confidence,3,228.31945798644966
6659,c630c_00017,243,0.6038650966274157,ratio_confidence,3,228.31945798644966
6660,c630c_00017,244,0.5538888472211805,ratio_confidence,3,228.31945798644966
6661,c630c_00017,245,0.6116277906947674,ratio_confidence,3,228.31945798644966
6662,c630c_00017,246,0.5824770619265481,ratio_confidence,3,228.31945798644966
6663,c630c_00017,247,0.574214355358884,ratio_confidence,3,228.31945798644966
6664,c630c_00017,248,0.4791369784244606,ratio_confidence,3,228.31945798644966
6665,c630c_00017,249,0.5604890122253057,ratio_confidence,3,228.31945798644966
6666,c630c_00017,250,0.5967524188104703,ratio_confidence,3,228.31945798644966
6667,c630c_00017,251,0.5394884872121803,ratio_confidence,3,228.31945798644966
6668,c630c_00017,252,0.5298132453311333,ratio_confidence,3,228.31945798644966
6669,c630c_00017,253,0.5746893672341808,ratio_confidence,3,228.31945798644966
6670,c630c_00017,254,0.5363509087727193,ratio_confidence,3,228.31945798644966
6671,c630c_00017,255,0.6400160004000099,ratio_confidence,3,228.31945798644966
6672,c630c_00017,256,0.5311382784569614,ratio_confidence,3,228.31945798644966
6673,c630c_00017,257,0.6100902522563064,ratio_confidence,3,228.31945798644966
6674,c630c_00017,258,0.5998399959999,ratio_confidence,3,228.31945798644966
6675,c630c_00017,259,0.5592639815995399,ratio_confidence,3,228.31945798644966
6676,c630c_00017,260,0.5559013975349384,ratio_confidence,3,228.31945798644966
6677,c630c_00017,261,0.5899897497437436,ratio_confidence,3,228.31945798644966
6678,c630c_00017,262,0.5990649766244156,ratio_confidence,3,228.31945798644966
6679,c630c_00017,263,0.5841646041151028,ratio_confidence,3,228.31945798644966
6680,c630c_00017,264,0.5640266006650166,ratio_confidence,3,228.31945798644966
6681,c630c_00017,265,0.5575514387859697,ratio_confidence,3,228.31945798644966
6682,c630c_00017,266,0.6144653616340409,ratio_confidence,3,228.31945798644966
6683,c630c_00017,267,0.5153003825095628,ratio_confidence,3,228.31945798644966
6684,c630c_00017,268,0.5742393559838996,ratio_confidence,3,228.31945798644966
6685,c630c_00017,269,0.5764519112977824,ratio_confidence,3,228.31945798644966
6686,c630c_00017,270,0.5707767694192355,ratio_confidence,3,228.31945798644966
6687,c630c_00017,271,0.546251156278907,ratio_confidence,3,228.31945798644966
6688,c630c_00017,272,0.5355508887722193,ratio_confidence,3,228.31945798644966
6689,c630c_00017,273,0.5619015475386885,ratio_confidence,3,228.31945798644966
6690,c630c_00017,274,0.5227880697017425,ratio_confidence,3,228.31945798644966
6691,c630c_00017,275,0.5170004250106253,ratio_confidence,3,228.31945798644966
6692,c630c_00017,276,0.6098652466311658,ratio_confidence,3,228.31945798644966
6693,c630c_00017,277,0.5815270381759544,ratio_confidence,3,228.31945798644966
6694,c630c_00017,278,0.5533638340958524,ratio_confidence,3,228.31945798644966
6695,c630c_00017,279,0.5294882372059302,ratio_confidence,3,228.31945798644966
6696,c630c_00017,280,0.5733143328583215,ratio_confidence,3,228.31945798644966
6697,c630c_00017,281,0.5868771719292982,ratio_confidence,3,228.31945798644966
6698,c630c_00017,282,0.5538638465961649,ratio_confidence,3,228.31945798644966
6699,c630c_00017,283,0.6606165154128854,ratio_confidence,3,228.31945798644966
6700,c630c_00017,284,0.5896647416185405,ratio_confidence,3,228.31945798644966
6701,c630c_00017,285,0.5590139753493837,ratio_confidence,3,228.31945798644966
6702,c630c_00017,286,0.5228380709517738,ratio_confidence,3,228.31945798644966
6703,c630c_00017,287,0.5261256531413285,ratio_confidence,3,228.31945798644966
6704,c630c_00017,288,0.5824520613015325,ratio_confidence,3,228.31945798644966
6705,c630c_00017,289,0.5581389534738368,ratio_confidence,3,228.31945798644966
6706,c630c_00017,290,0.5337133428335707,ratio_confidence,3,228.31945798644966
6707,c630c_00017,291,0.5282132053301333,ratio_confidence,3,228.31945798644966
6708,c630c_00017,292,0.5447386184654617,ratio_confidence,3,228.31945798644966
6709,c630c_00017,293,0.525363134078352,ratio_confidence,3,228.31945798644966
6710,c630c_00017,294,0.6290407260181505,ratio_confidence,3,228.31945798644966
6711,c630c_00017,295,0.6014275356883922,ratio_confidence,3,228.31945798644966
6712,c630c_00017,296,0.5659016475411885,ratio_confidence,3,228.31945798644966
6713,c630c_00017,297,0.609115227880697,ratio_confidence,3,228.31945798644966
6714,c630c_00017,298,0.5947898697467436,ratio_confidence,3,228.31945798644966
6715,c630c_00017,299,0.5672266806670166,ratio_confidence,3,228.31945798644966
6716,c630c_00017,300,0.5839645991149779,ratio_confidence,3,228.31945798644966
6717,c630c_00017,301,0.5626765669141729,ratio_confidence,3,228.31945798644966
6718,c630c_00017,302,0.6193154828870722,ratio_confidence,3,228.31945798644966
6719,c630c_00017,303,0.5427260681517038,ratio_confidence,3,228.31945798644966
6720,c630c_00017,304,0.5322258056451411,ratio_confidence,3,228.31945798644966
6721,c630c_00017,305,0.5711017775444386,ratio_confidence,3,228.31945798644966
6722,c630c_00017,306,0.5811270281757044,ratio_confidence,3,228.31945798644966
6723,c630c_00017,307,0.5914022850571264,ratio_confidence,3,228.31945798644966
6724,c630c_00017,308,0.6340908522713068,ratio_confidence,3,228.31945798644966
6725,c630c_00017,309,0.5861771544288608,ratio_confidence,3,228.31945798644966
6726,c630c_00017,310,0.533238330958274,ratio_confidence,3,228.31945798644966
6727,c630c_00017,311,0.5662266556663917,ratio_confidence,3,228.31945798644966
6728,c630c_00017,312,0.6078026950673767,ratio_confidence,3,228.31945798644966
6729,c630c_00017,313,0.5386634665866646,ratio_confidence,3,228.31945798644966
6730,c630c_00017,314,0.5820270506762669,ratio_confidence,3,228.31945798644966
6731,c630c_00017,315,0.5819270481762044,ratio_confidence,3,228.31945798644966
6732,c630c_00017,316,0.6286657166429162,ratio_confidence,3,228.31945798644966
6733,c630c_00017,317,0.5387634690867271,ratio_confidence,3,228.31945798644966
6734,c630c_00017,318,0.6283157078926973,ratio_confidence,3,228.31945798644966
6735,c630c_00017,319,0.5381884547113678,ratio_confidence,3,228.31945798644966
6736,c630c_00017,320,0.542913572839321,ratio_confidence,3,228.31945798644966
6737,c630c_00017,321,0.5756018900472512,ratio_confidence,3,228.31945798644966
6738,c630c_00017,322,0.6139153478836971,ratio_confidence,3,228.31945798644966
6739,c630c_00017,323,0.5336383409585239,ratio_confidence,3,228.31945798644966
6740,c630c_00017,324,0.5737393434835871,ratio_confidence,3,228.31945798644966
6741,c630c_00017,325,0.6184904622615566,ratio_confidence,3,228.31945798644966
6742,c630c_00017,326,0.5633140828520713,ratio_confidence,3,228.31945798644966
6743,c630c_00017,327,0.5080377009425235,ratio_confidence,3,228.31945798644966
6744,c630c_00017,328,0.5913272831820795,ratio_confidence,3,228.31945798644966
6745,c630c_00017,329,0.5858271456786419,ratio_confidence,3,228.31945798644966
6746,c630c_00017,330,0.5079876996924922,ratio_confidence,3,228.31945798644966
6747,c630c_00017,331,0.6414535363384084,ratio_confidence,3,228.31945798644966
6748,c630c_00017,332,0.5353758843971099,ratio_confidence,3,228.31945798644966
6749,c630c_00017,333,0.5859271481787045,ratio_confidence,3,228.31945798644966
6750,c630c_00017,334,0.5586139653491338,ratio_confidence,3,228.31945798644966
6751,c630c_00017,335,0.5177129428235706,ratio_confidence,3,228.31945798644966
6752,c630c_00017,336,0.5762019050476261,ratio_confidence,3,228.31945798644966
6753,c630c_00017,337,0.5686892172304308,ratio_confidence,3,228.31945798644966
6754,c630c_00017,338,0.521025525638141,ratio_confidence,3,228.31945798644966
6755,c630c_00017,339,0.5764019100477512,ratio_confidence,3,228.31945798644966
6756,c630c_00017,340,0.593764844121103,ratio_confidence,3,228.31945798644966
6757,c630c_00017,341,0.5229130728268206,ratio_confidence,3,228.31945798644966
6758,c630c_00017,342,0.6035900897522438,ratio_confidence,3,228.31945798644966
6759,c630c_00017,343,0.5345133628340708,ratio_confidence,3,228.31945798644966
6760,c630c_00017,344,0.548988724718118,ratio_confidence,3,228.31945798644966
6761,c630c_00017,345,0.5359008975224381,ratio_confidence,3,228.31945798644966
6762,c630c_00017,346,0.5690642266056651,ratio_confidence,3,228.31945798644966
6763,c630c_00017,347,0.5604515112877821,ratio_confidence,3,228.31945798644966
6764,c630c_00017,348,0.5946398659966499,ratio_confidence,3,228.31945798644966
6765,c630c_00017,349,0.6091652291307283,ratio_confidence,3,228.31945798644966
6766,c630c_00017,350,0.5334883372084303,ratio_confidence,3,228.31945798644966
6767,c630c_00017,351,0.6036150903772595,ratio_confidence,3,228.31945798644966
6768,c630c_00017,352,0.5792394809870247,ratio_confidence,3,228.31945798644966
6769,c630c_00017,353,0.588964724118103,ratio_confidence,3,228.31945798644966
6770,c630c_00017,354,0.5137628440711017,ratio_confidence,3,228.31945798644966
6771,c630c_00017,355,0.509212730318258,ratio_confidence,3,228.31945798644966
6772,c630c_00017,356,0.49549988749718743,ratio_confidence,3,228.31945798644966
6773,c630c_00017,357,0.5741143528588215,ratio_confidence,3,228.31945798644966
6774,c630c_00017,358,0.5831395784894622,ratio_confidence,3,228.31945798644966
6775,c630c_00017,359,0.6015025375634391,ratio_confidence,3,228.31945798644966
6776,c630c_00017,360,0.5589889747243681,ratio_confidence,3,228.31945798644966
6777,c630c_00017,361,0.5682142053551339,ratio_confidence,3,228.31945798644966
6778,c630c_00017,362,0.623540588514713,ratio_confidence,3,228.31945798644966
6779,c630c_00017,363,0.5321508037700943,ratio_confidence,3,228.31945798644966
6780,c630c_00017,364,0.6335158378959473,ratio_confidence,3,228.31945798644966
6781,c630c_00017,365,0.6274531863296582,ratio_confidence,3,228.31945798644966
6782,c630c_00017,366,0.5884147103677592,ratio_confidence,3,228.31945798644966
6783,c630c_00017,367,0.5558013950348759,ratio_confidence,3,228.31945798644966
6784,c630c_00017,368,0.5691142278556964,ratio_confidence,3,228.31945798644966
6785,c630c_00017,369,0.5588389709742744,ratio_confidence,3,228.31945798644966
6786,c630c_00017,370,0.4912247806195155,ratio_confidence,3,228.31945798644966
6787,c630c_00017,371,0.5631640791019775,ratio_confidence,3,228.31945798644966
6788,c630c_00017,372,0.5707017675441886,ratio_confidence,3,228.31945798644966
6789,c630c_00017,373,0.6188404710117753,ratio_confidence,3,228.31945798644966
6790,c630c_00017,374,0.6113777844446111,ratio_confidence,3,228.31945798644966
6791,c630c_00017,375,0.5717267931698292,ratio_confidence,3,228.31945798644966
6792,c630c_00017,376,0.5485387134678367,ratio_confidence,3,228.31945798644966
6793,c630c_00017,377,0.5353508837720943,ratio_confidence,3,228.31945798644966
6794,c630c_00017,378,0.5554513862846572,ratio_confidence,3,228.31945798644966
6795,c630c_00017,379,0.5638390959773995,ratio_confidence,3,228.31945798644966
6796,c630c_00017,380,0.5360259006475162,ratio_confidence,3,228.31945798644966
6797,c630c_00017,381,0.5160254006350159,ratio_confidence,3,228.31945798644966
6798,c630c_00017,382,0.5102252556313908,ratio_confidence,3,228.31945798644966
6799,c630c_00017,383,0.5261506537663442,ratio_confidence,3,228.31945798644966
6800,c630c_00017,384,0.5008750218755469,ratio_confidence,3,228.31945798644966
6801,c630c_00017,385,0.5787144678616966,ratio_confidence,3,228.31945798644966
6802,c630c_00017,386,0.5063751593789845,ratio_confidence,3,228.31945798644966
6803,c630c_00017,387,0.5053251331283283,ratio_confidence,3,228.31945798644966
6804,c630c_00017,388,0.6059026475661892,ratio_confidence,3,228.31945798644966
6805,c630c_00017,389,0.5987649691242282,ratio_confidence,3,228.31945798644966
6806,c630c_00017,390,0.49771244281107024,ratio_confidence,3,228.31945798644966
6807,c630c_00017,391,0.5834395859896497,ratio_confidence,3,228.31945798644966
6808,c630c_00017,392,0.5411510287757194,ratio_confidence,3,228.31945798644966
6809,c630c_00017,393,0.5308257706442661,ratio_confidence,3,228.31945798644966
6810,c630c_00017,394,0.6743918597964949,ratio_confidence,3,228.31945798644966
6811,c630c_00017,395,0.5809020225505638,ratio_confidence,3,228.31945798644966
6812,c630c_00017,396,0.5362259056476412,ratio_confidence,3,228.31945798644966
6813,c630c_00017,397,0.570476761919048,ratio_confidence,3,228.31945798644966
6814,c630c_00017,398,0.601177529438236,ratio_confidence,3,228.31945798644966
6815,c630c_00017,399,0.5733893347333683,ratio_confidence,3,228.31945798644966
6816,c630c_00017,400,0.5359258981474537,ratio_confidence,3,228.31945798644966
6817,c630c_00018,0,0.4895622390559764,ratio_confidence,4,231.60138378459462
6818,c630c_00018,1,0.5429510737768444,ratio_confidence,4,231.60138378459462
6819,c630c_00018,2,0.5357633940848521,ratio_confidence,4,231.60138378459462
6820,c630c_00018,3,0.5099377484437111,ratio_confidence,4,231.60138378459462
6821,c630c_00018,4,0.6005400135003375,ratio_confidence,4,231.60138378459462
6822,c630c_00018,5,0.5182754568864222,ratio_confidence,4,231.60138378459462
6823,c630c_00018,6,0.56126403160079,ratio_confidence,4,231.60138378459462
6824,c630c_00018,7,0.5176254406360159,ratio_confidence,4,231.60138378459462
6825,c630c_00018,8,0.5589514737868446,ratio_confidence,4,231.60138378459462
6826,c630c_00018,9,0.5787269681742043,ratio_confidence,4,231.60138378459462
6827,c630c_00018,10,0.550588764719118,ratio_confidence,4,231.60138378459462
6828,c630c_00018,11,0.5885272131803295,ratio_confidence,4,231.60138378459462
6829,c630c_00018,12,0.5693017325433136,ratio_confidence,4,231.60138378459462
6830,c630c_00018,13,0.5957398934973375,ratio_confidence,4,231.60138378459462
6831,c630c_00018,14,0.6032525813145329,ratio_confidence,4,231.60138378459462
6832,c630c_00018,15,0.5562389059726494,ratio_confidence,4,231.60138378459462
6833,c630c_00018,16,0.592102302557564,ratio_confidence,4,231.60138378459462
6834,c630c_00018,17,0.620665516637916,ratio_confidence,4,231.60138378459462
6835,c630c_00018,18,0.5099627490687266,ratio_confidence,4,231.60138378459462
6836,c630c_00018,19,0.5622765569139229,ratio_confidence,4,231.60138378459462
6837,c630c_00018,20,0.5825520638015951,ratio_confidence,4,231.60138378459462
6838,c630c_00018,21,0.5372759318982975,ratio_confidence,4,231.60138378459462
6839,c630c_00018,22,0.5192254806370159,ratio_confidence,4,231.60138378459462
6840,c630c_00018,23,0.5613640341008526,ratio_confidence,4,231.60138378459462
6841,c630c_00018,24,0.5281257031425786,ratio_confidence,4,231.60138378459462
6842,c630c_00018,25,0.5661891547288682,ratio_confidence,4,231.60138378459462
6843,c630c_00018,26,0.5831020775519389,ratio_confidence,4,231.60138378459462
6844,c630c_00018,27,0.541113527838196,ratio_confidence,4,231.60138378459462
6845,c630c_00018,28,0.5824770619265481,ratio_confidence,4,231.60138378459462
6846,c630c_00018,29,0.5661641541038526,ratio_confidence,4,231.60138378459462
6847,c630c_00018,30,0.5731018275456886,ratio_confidence,4,231.60138378459462
6848,c630c_00018,31,0.5905897647441186,ratio_confidence,4,231.60138378459462
6849,c630c_00018,32,0.580489512237806,ratio_confidence,4,231.60138378459462
6850,c630c_00018,33,0.5185754643866096,ratio_confidence,4,231.60138378459462
6851,c630c_00018,34,0.5451136278406961,ratio_confidence,4,231.60138378459462
6852,c630c_00018,35,0.5856646416160404,ratio_confidence,4,231.60138378459462
6853,c630c_00018,36,0.5738268456711417,ratio_confidence,4,231.60138378459462
6854,c630c_00018,37,0.5317132928323208,ratio_confidence,4,231.60138378459462
6855,c630c_00018,38,0.5107127678191955,ratio_confidence,4,231.60138378459462
6856,c630c_00018,39,0.5805145128628215,ratio_confidence,4,231.60138378459462
6857,c630c_00018,40,0.5532263306582664,ratio_confidence,4,231.60138378459462
6858,c630c_00018,41,0.603177579439486,ratio_confidence,4,231.60138378459462
6859,c630c_00018,42,0.5789644741118528,ratio_confidence,4,231.60138378459462
6860,c630c_00018,43,0.5530013250331258,ratio_confidence,4,231.60138378459462
6861,c630c_00018,44,0.5913147828695717,ratio_confidence,4,231.60138378459462
6862,c630c_00018,45,0.6335033375834396,ratio_confidence,4,231.60138378459462
6863,c630c_00018,46,0.5332258306457662,ratio_confidence,4,231.60138378459462
6864,c630c_00018,47,0.5237005925148128,ratio_confidence,4,231.60138378459462
6865,c630c_00018,48,0.6582789569739244,ratio_confidence,4,231.60138378459462
6866,c630c_00018,49,0.6182279556988924,ratio_confidence,4,231.60138378459462
6867,c630c_00018,50,0.5359133978349458,ratio_confidence,4,231.60138378459462
6868,c630c_00018,51,0.5614140353508837,ratio_confidence,4,231.60138378459462
6869,c630c_00018,52,0.5910897772444311,ratio_confidence,4,231.60138378459462
6870,c630c_00018,53,0.5836270906772669,ratio_confidence,4,231.60138378459462
6871,c630c_00018,54,0.5858146453661341,ratio_confidence,4,231.60138378459462
6872,c630c_00018,55,0.5279756993924848,ratio_confidence,4,231.60138378459462
6873,c630c_00018,56,0.586689667241681,ratio_confidence,4,231.60138378459462
6874,c630c_00018,57,0.6260156503912598,ratio_confidence,4,231.60138378459462
6875,c630c_00018,58,0.5538013450336259,ratio_confidence,4,231.60138378459462
6876,c630c_00018,59,0.5578764469111728,ratio_confidence,4,231.60138378459462
6877,c630c_00018,60,0.5457636440911022,ratio_confidence,4,231.60138378459462
6878,c630c_00018,61,0.5815145378634466,ratio_confidence,4,231.60138378459462
6879,c630c_00018,62,0.629940748518713,ratio_confidence,4,231.60138378459462
6880,c630c_00018,63,0.5636265906647666,ratio_confidence,4,231.60138378459462
6881,c630c_00018,64,0.5683517087927198,ratio_confidence,4,231.60138378459462
6882,c630c_00018,65,0.6458661466536664,ratio_confidence,4,231.60138378459462
6883,c630c_00018,66,0.6357658941473536,ratio_confidence,4,231.60138378459462
6884,c630c_00018,67,0.5682517062926573,ratio_confidence,4,231.60138378459462
6885,c630c_00018,68,0.5308132703317583,ratio_confidence,4,231.60138378459462
6886,c630c_00018,69,0.6159403985099627,ratio_confidence,4,231.60138378459462
6887,c630c_00018,70,0.6584539613490337,ratio_confidence,4,231.60138378459462
6888,c630c_00018,71,0.6212905322633067,ratio_confidence,4,231.60138378459462
6889,c630c_00018,72,0.6010150253756344,ratio_confidence,4,231.60138378459462
6890,c630c_00018,73,0.589364734118353,ratio_confidence,4,231.60138378459462
6891,c630c_00018,74,0.6066276656916423,ratio_confidence,4,231.60138378459462
6892,c630c_00018,75,0.5963899097477436,ratio_confidence,4,231.60138378459462
6893,c630c_00018,76,0.5633765844146104,ratio_confidence,4,231.60138378459462
6894,c630c_00018,77,0.5635015875396885,ratio_confidence,4,231.60138378459462
6895,c630c_00018,78,0.519350483762094,ratio_confidence,4,231.60138378459462
6896,c630c_00018,79,0.6059651491287282,ratio_confidence,4,231.60138378459462
6897,c630c_00018,80,0.5830770769269231,ratio_confidence,4,231.60138378459462
6898,c630c_00018,81,0.602902572564314,ratio_confidence,4,231.60138378459462
6899,c630c_00018,82,0.5487262181554539,ratio_confidence,4,231.60138378459462
6900,c630c_00018,83,0.6007150178754469,ratio_confidence,4,231.60138378459462
6901,c630c_00018,84,0.5788519712992825,ratio_confidence,4,231.60138378459462
6902,c630c_00018,85,0.5855646391159779,ratio_confidence,4,231.60138378459462
6903,c630c_00018,86,0.6038525963149078,ratio_confidence,4,231.60138378459462
6904,c630c_00018,87,0.541313532838321,ratio_confidence,4,231.60138378459462
6905,c630c_00018,88,0.5784769619240481,ratio_confidence,4,231.60138378459462
6906,c630c_00018,89,0.5933523338083452,ratio_confidence,4,231.60138378459462
6907,c630c_00018,90,0.5961649041226031,ratio_confidence,4,231.60138378459462
6908,c630c_00018,91,0.6052901322533063,ratio_confidence,4,231.60138378459462
6909,c630c_00018,92,0.6009900247506188,ratio_confidence,4,231.60138378459462
6910,c630c_00018,93,0.6032275806895173,ratio_confidence,4,231.60138378459462
6911,c630c_00018,94,0.6174279356983925,ratio_confidence,4,231.60138378459462
6912,c630c_00018,95,0.5339758493962349,ratio_confidence,4,231.60138378459462
6913,c630c_00018,96,0.6164404110102752,ratio_confidence,4,231.60138378459462
6914,c630c_00018,97,0.5412385309632741,ratio_confidence,4,231.60138378459462
6915,c630c_00018,98,0.6135528388209706,ratio_confidence,4,231.60138378459462
6916,c630c_00018,99,0.5269381734543364,ratio_confidence,4,231.60138378459462
6917,c630c_00018,100,0.6257906447661191,ratio_confidence,4,231.60138378459462
6918,c630c_00018,101,0.6108652716317908,ratio_confidence,4,231.60138378459462
6919,c630c_00018,102,0.5909397734943374,ratio_confidence,4,231.60138378459462
6920,c630c_00018,103,0.5692267306682667,ratio_confidence,4,231.60138378459462
6921,c630c_00018,104,0.5857146428660717,ratio_confidence,4,231.60138378459462
6922,c630c_00018,105,0.5734268356708918,ratio_confidence,4,231.60138378459462
6923,c630c_00018,106,0.61332783319583,ratio_confidence,4,231.60138378459462
6924,c630c_00018,107,0.6059401485037126,ratio_confidence,4,231.60138378459462
6925,c630c_00018,108,0.531563289082227,ratio_confidence,4,231.60138378459462
6926,c630c_00018,109,0.586289657241431,ratio_confidence,4,231.60138378459462
6927,c630c_00018,110,0.5511637790944773,ratio_confidence,4,231.60138378459462
6928,c630c_00018,111,0.6357158928973224,ratio_confidence,4,231.60138378459462
6929,c630c_00018,112,0.5811645291132278,ratio_confidence,4,231.60138378459462
6930,c630c_00018,113,0.5980024500612515,ratio_confidence,4,231.60138378459462
6931,c630c_00018,114,0.5912397809945249,ratio_confidence,4,231.60138378459462
6932,c630c_00018,115,0.6181029525738143,ratio_confidence,4,231.60138378459462
6933,c630c_00018,116,0.5585514637865947,ratio_confidence,4,231.60138378459462
6934,c630c_00018,117,0.5799394984874622,ratio_confidence,4,231.60138378459462
6935,c630c_00018,118,0.5858646466161654,ratio_confidence,4,231.60138378459462
6936,c630c_00018,119,0.516412910322758,ratio_confidence,4,231.60138378459462
6937,c630c_00018,120,0.5658891472286807,ratio_confidence,4,231.60138378459462
6938,c630c_00018,121,0.5520388009700243,ratio_confidence,4,231.60138378459462
6939,c630c_00018,122,0.6287782194554864,ratio_confidence,4,231.60138378459462
6940,c630c_00018,123,0.52108802720068,ratio_confidence,4,231.60138378459462
6941,c630c_00018,124,0.6238780969524238,ratio_confidence,4,231.60138378459462
6942,c630c_00018,125,0.6004150103752594,ratio_confidence,4,231.60138378459462
6943,c630c_00018,126,0.5301882547063677,ratio_confidence,4,231.60138378459462
6944,c630c_00018,127,0.5558388959723993,ratio_confidence,4,231.60138378459462
6945,c630c_00018,128,0.5617015425385635,ratio_confidence,4,231.60138378459462
6946,c630c_00018,129,0.5355633890847271,ratio_confidence,4,231.60138378459462
6947,c630c_00018,130,0.5511137778444462,ratio_confidence,4,231.60138378459462
6948,c630c_00018,131,0.5135003375084377,ratio_confidence,4,231.60138378459462
6949,c630c_00018,132,0.5185754643866096,ratio_confidence,4,231.60138378459462
6950,c630c_00018,133,0.571414285357134,ratio_confidence,4,231.60138378459462
6951,c630c_00018,134,0.5912647816195404,ratio_confidence,4,231.60138378459462
6952,c630c_00018,135,0.5391884797119928,ratio_confidence,4,231.60138378459462
6953,c630c_00018,136,0.5632765819145479,ratio_confidence,4,231.60138378459462
6954,c630c_00018,137,0.6733543338583465,ratio_confidence,4,231.60138378459462
6955,c630c_00018,138,0.6277281932048302,ratio_confidence,4,231.60138378459462
6956,c630c_00018,139,0.6181779544488613,ratio_confidence,4,231.60138378459462
6957,c630c_00018,140,0.5594764869121728,ratio_confidence,4,231.60138378459462
6958,c630c_00018,141,0.6580789519737993,ratio_confidence,4,231.60138378459462
6959,c630c_00018,142,0.5591764794119853,ratio_confidence,4,231.60138378459462
6960,c630c_00018,143,0.5555388884722118,ratio_confidence,4,231.60138378459462
6961,c630c_00018,144,0.5911147778694468,ratio_confidence,4,231.60138378459462
6962,c630c_00018,145,0.5995399884997125,ratio_confidence,4,231.60138378459462
6963,c630c_00018,146,0.6009650241256032,ratio_confidence,4,231.60138378459462
6964,c630c_00018,147,0.6221530538263456,ratio_confidence,4,231.60138378459462
6965,c630c_00018,148,0.6721293032325808,ratio_confidence,4,231.60138378459462
6966,c630c_00018,149,0.6211780294507363,ratio_confidence,4,231.60138378459462
6967,c630c_00018,150,0.5710142753568839,ratio_confidence,4,231.60138378459462
6968,c630c_00018,151,0.5972024300607515,ratio_confidence,4,231.60138378459462
6969,c630c_00018,152,0.5242506062651566,ratio_confidence,4,231.60138378459462
6970,c630c_00018,153,0.626065651641291,ratio_confidence,4,231.60138378459462
6971,c630c_00018,154,0.5635265881647041,ratio_confidence,4,231.60138378459462
6972,c630c_00018,155,0.6055401385034626,ratio_confidence,4,231.60138378459462
6973,c630c_00018,156,0.6195404885122128,ratio_confidence,4,231.60138378459462
6974,c630c_00018,157,0.5885022125553139,ratio_confidence,4,231.60138378459462
6975,c630c_00018,158,0.6351158778969475,ratio_confidence,4,231.60138378459462
6976,c630c_00018,159,0.6409410235255881,ratio_confidence,4,231.60138378459462
6977,c630c_00018,160,0.5556638915972899,ratio_confidence,4,231.60138378459462
6978,c630c_00018,161,0.6052651316282907,ratio_confidence,4,231.60138378459462
6979,c630c_00018,162,0.558801470036751,ratio_confidence,4,231.60138378459462
6980,c630c_00018,163,0.6056151403785095,ratio_confidence,4,231.60138378459462
6981,c630c_00018,164,0.5968274206855171,ratio_confidence,4,231.60138378459462
6982,c630c_00018,165,0.6057651441286032,ratio_confidence,4,231.60138378459462
6983,c630c_00018,166,0.5518887972199306,ratio_confidence,4,231.60138378459462
6984,c630c_00018,167,0.5364634115852897,ratio_confidence,4,231.60138378459462
6985,c630c_00018,168,0.6084777119427986,ratio_confidence,4,231.60138378459462
6986,c630c_00018,169,0.5530513262831571,ratio_confidence,4,231.60138378459462
6987,c630c_00018,170,0.5731268281707043,ratio_confidence,4,231.60138378459462
6988,c630c_00018,171,0.5117877946948673,ratio_confidence,4,231.60138378459462
6989,c630c_00018,172,0.6089777244431112,ratio_confidence,4,231.60138378459462
6990,c630c_00018,173,0.5911897797444936,ratio_confidence,4,231.60138378459462
6991,c630c_00018,174,0.5904897622440561,ratio_confidence,4,231.60138378459462
6992,c630c_00018,175,0.6184779619490487,ratio_confidence,4,231.60138378459462
6993,c630c_00018,176,0.6282282057051427,ratio_confidence,4,231.60138378459462
6994,c630c_00018,177,0.573476836920923,ratio_confidence,4,231.60138378459462
6995,c630c_00018,178,0.6384284607115178,ratio_confidence,4,231.60138378459462
6996,c630c_00018,179,0.6055651391284782,ratio_confidence,4,231.60138378459462
6997,c630c_00018,180,0.5786019650491262,ratio_confidence,4,231.60138378459462
6998,c630c_00018,181,0.6184029600740019,ratio_confidence,4,231.60138378459462
6999,c630c_00018,182,0.5328508212705317,ratio_confidence,4,231.60138378459462
7000,c630c_00018,183,0.6548663716592915,ratio_confidence,4,231.60138378459462
7001,c630c_00018,184,0.623803095077377,ratio_confidence,4,231.60138378459462
7002,c630c_00018,185,0.608652716317908,ratio_confidence,4,231.60138378459462
7003,c630c_00018,186,0.503000075001875,ratio_confidence,4,231.60138378459462
7004,c630c_00018,187,0.5743768594214855,ratio_confidence,4,231.60138378459462
7005,c630c_00018,188,0.5741393534838372,ratio_confidence,4,231.60138378459462
7006,c630c_00018,189,0.5184504612615315,ratio_confidence,4,231.60138378459462
7007,c630c_00018,190,0.5627765694142354,ratio_confidence,4,231.60138378459462
7008,c630c_00018,191,0.5483012075301883,ratio_confidence,4,231.60138378459462
7009,c630c_00018,192,0.5308132703317583,ratio_confidence,4,231.60138378459462
7010,c630c_00018,193,0.5934273356833921,ratio_confidence,4,231.60138378459462
7011,c630c_00018,194,0.5931523288082202,ratio_confidence,4,231.60138378459462
7012,c630c_00018,195,0.5810395259881497,ratio_confidence,4,231.60138378459462
7013,c630c_00018,196,0.5930273256831421,ratio_confidence,4,231.60138378459462
7014,c630c_00018,197,0.661241531038276,ratio_confidence,4,231.60138378459462
7015,c630c_00018,198,0.6384534613365335,ratio_confidence,4,231.60138378459462
7016,c630c_00018,199,0.602702567564189,ratio_confidence,4,231.60138378459462
7017,c630c_00018,200,0.5755393884847121,ratio_confidence,4,231.60138378459462
7018,c630c_00018,201,0.5393509837745945,ratio_confidence,4,231.60138378459462
7019,c630c_00018,202,0.6394909872746819,ratio_confidence,4,231.60138378459462
7020,c630c_00018,203,0.5927023175579389,ratio_confidence,4,231.60138378459462
7021,c630c_00018,204,0.6100402510062752,ratio_confidence,4,231.60138378459462
7022,c630c_00018,205,0.5301882547063677,ratio_confidence,4,231.60138378459462
7023,c630c_00018,206,0.611315282882072,ratio_confidence,4,231.60138378459462
7024,c630c_00018,207,0.5631765794144854,ratio_confidence,4,231.60138378459462
7025,c630c_00018,208,0.6036525913147829,ratio_confidence,4,231.60138378459462
7026,c630c_00018,209,0.5808395209880247,ratio_confidence,4,231.60138378459462
7027,c630c_00018,210,0.6019275481887048,ratio_confidence,4,231.60138378459462
7028,c630c_00018,211,0.5369759243981099,ratio_confidence,4,231.60138378459462
7029,c630c_00018,212,0.5416635415885397,ratio_confidence,4,231.60138378459462
7030,c630c_00018,213,0.5751893797344934,ratio_confidence,4,231.60138378459462
7031,c630c_00018,214,0.5372884322108052,ratio_confidence,4,231.60138378459462
7032,c630c_00018,215,0.6486287157178929,ratio_confidence,4,231.60138378459462
7033,c630c_00018,216,0.5970524263106578,ratio_confidence,4,231.60138378459462
7034,c630c_00018,217,0.5209130228255707,ratio_confidence,4,231.60138378459462
7035,c630c_00018,218,0.5046876171904298,ratio_confidence,4,231.60138378459462
7036,c630c_00018,219,0.5219880497012426,ratio_confidence,4,231.60138378459462
7037,c630c_00018,220,0.543976099402485,ratio_confidence,4,231.60138378459462
7038,c630c_00018,221,0.5381009525238131,ratio_confidence,4,231.60138378459462
7039,c630c_00018,222,0.591627290682267,ratio_confidence,4,231.60138378459462
7040,c630c_00018,223,0.5495137378434461,ratio_confidence,4,231.60138378459462
7041,c630c_00018,224,0.5807395184879622,ratio_confidence,4,231.60138378459462
7042,c630c_00018,225,0.603377584439611,ratio_confidence,4,231.60138378459462
7043,c630c_00018,226,0.47414935373384337,ratio_confidence,4,231.60138378459462
7044,c630c_00018,227,0.5591514787869697,ratio_confidence,4,231.60138378459462
7045,c630c_00018,228,0.5194379859496487,ratio_confidence,4,231.60138378459462
7046,c630c_00018,229,0.6251906297657441,ratio_confidence,4,231.60138378459462
7047,c630c_00018,230,0.6258156453911348,ratio_confidence,4,231.60138378459462
7048,c630c_00018,231,0.593827345683642,ratio_confidence,4,231.60138378459462
7049,c630c_00018,232,0.5681267031675792,ratio_confidence,4,231.60138378459462
7050,c630c_00018,233,0.546313657841446,ratio_confidence,4,231.60138378459462
7051,c630c_00018,234,0.6249906247656192,ratio_confidence,4,231.60138378459462
7052,c630c_00018,235,0.536038400960024,ratio_confidence,4,231.60138378459462
7053,c630c_00018,236,0.5667641691042276,ratio_confidence,4,231.60138378459462
7054,c630c_00018,237,0.6062651566289157,ratio_confidence,4,231.60138378459462
7055,c630c_00018,238,0.5968649216230406,ratio_confidence,4,231.60138378459462
7056,c630c_00018,239,0.6277781944548613,ratio_confidence,4,231.60138378459462
7057,c630c_00018,240,0.5286757168929224,ratio_confidence,4,231.60138378459462
7058,c630c_00018,241,0.5496887422185555,ratio_confidence,4,231.60138378459462
7059,c630c_00018,242,0.5204130103252581,ratio_confidence,4,231.60138378459462
7060,c630c_00018,243,0.5258381459536489,ratio_confidence,4,231.60138378459462
7061,c630c_00018,244,0.557726443161079,ratio_confidence,4,231.60138378459462
7062,c630c_00018,245,0.581489537238431,ratio_confidence,4,231.60138378459462
7063,c630c_00018,246,0.5585764644116102,ratio_confidence,4,231.60138378459462
7064,c630c_00018,247,0.6628040701017526,ratio_confidence,4,231.60138378459462
7065,c630c_00018,248,0.5961649041226031,ratio_confidence,4,231.60138378459462
7066,c630c_00018,249,0.6485287132178305,ratio_confidence,4,231.60138378459462
7067,c630c_00018,250,0.5589514737868446,ratio_confidence,4,231.60138378459462
7068,c630c_00018,251,0.5434260856521413,ratio_confidence,4,231.60138378459462
7069,c630c_00018,252,0.5999899997499938,ratio_confidence,4,231.60138378459462
7070,c630c_00018,253,0.5442261056526413,ratio_confidence,4,231.60138378459462
7071,c630c_00018,254,0.6257406435160879,ratio_confidence,4,231.60138378459462
7072,c630c_00018,255,0.58395209880247,ratio_confidence,4,231.60138378459462
7073,c630c_00018,256,0.5935273381834546,ratio_confidence,4,231.60138378459462
7074,c630c_00018,257,0.5765644141103528,ratio_confidence,4,231.60138378459462
7075,c630c_00018,258,0.5506637665941648,ratio_confidence,4,231.60138378459462
7076,c630c_00018,259,0.4921123028075702,ratio_confidence,4,231.60138378459462
7077,c630c_00018,260,0.6334033350833771,ratio_confidence,4,231.60138378459462
7078,c630c_00018,261,0.6215155378884472,ratio_confidence,4,231.60138378459462
7079,c630c_00018,262,0.574476861921548,ratio_confidence,4,231.60138378459462
7080,c630c_00018,263,0.49969999249981245,ratio_confidence,4,231.60138378459462
7081,c630c_00018,264,0.5838520963024076,ratio_confidence,4,231.60138378459462
7082,c630c_00018,265,0.5912397809945249,ratio_confidence,4,231.60138378459462
7083,c630c_00018,266,0.49683742093552336,ratio_confidence,4,231.60138378459462
7084,c630c_00018,267,0.4613115327883197,ratio_confidence,4,231.60138378459462
7085,c630c_00018,268,0.6211655291382285,ratio_confidence,4,231.60138378459462
7086,c630c_00018,269,0.5967399184979625,ratio_confidence,4,231.60138378459462
7087,c630c_00018,270,0.5561764044101103,ratio_confidence,4,231.60138378459462
7088,c630c_00018,271,0.5324008100202505,ratio_confidence,4,231.60138378459462
7089,c630c_00018,272,0.6574039350983775,ratio_confidence,4,231.60138378459462
7090,c630c_00018,273,0.6113902847571189,ratio_confidence,4,231.60138378459462
7091,c630c_00018,274,0.5593764844121103,ratio_confidence,4,231.60138378459462
7092,c630c_00018,275,0.4896622415560389,ratio_confidence,4,231.60138378459462
7093,c630c_00018,276,0.6135278381959549,ratio_confidence,4,231.60138378459462
7094,c630c_00018,277,0.558801470036751,ratio_confidence,4,231.60138378459462
7095,c630c_00018,278,0.5940273506837671,ratio_confidence,4,231.60138378459462
7096,c630c_00018,279,0.5217880447011175,ratio_confidence,4,231.60138378459462
7097,c630c_00018,280,0.5341508537713443,ratio_confidence,4,231.60138378459462
7098,c630c_00018,281,0.6086777169429236,ratio_confidence,4,231.60138378459462
7099,c630c_00018,282,0.5242006050151253,ratio_confidence,4,231.60138378459462
7100,c630c_00018,283,0.5965149128728218,ratio_confidence,4,231.60138378459462
7101,c630c_00018,284,0.6156903922598065,ratio_confidence,4,231.60138378459462
7102,c630c_00018,285,0.648953723843096,ratio_confidence,4,231.60138378459462
7103,c630c_00018,286,0.5320133003325084,ratio_confidence,4,231.60138378459462
7104,c630c_00018,287,0.5611890297257431,ratio_confidence,4,231.60138378459462
7105,c630c_00018,288,0.6034775869396735,ratio_confidence,4,231.60138378459462
7106,c630c_00018,289,0.6117902947573689,ratio_confidence,4,231.60138378459462
7107,c630c_00018,290,0.6159653991349784,ratio_confidence,4,231.60138378459462
7108,c630c_00018,291,0.5638265956648916,ratio_confidence,4,231.60138378459462
7109,c630c_00018,292,0.5489012225305633,ratio_confidence,4,231.60138378459462
7110,c630c_00018,293,0.5290007250181255,ratio_confidence,4,231.60138378459462
7111,c630c_00018,294,0.6360909022725568,ratio_confidence,4,231.60138378459462
7112,c630c_00018,295,0.5294757368934223,ratio_confidence,4,231.60138378459462
7113,c630c_00018,296,0.5966899172479312,ratio_confidence,4,231.60138378459462
7114,c630c_00018,297,0.543051076276907,ratio_confidence,4,231.60138378459462
7115,c630c_00018,298,0.5982524563114078,ratio_confidence,4,231.60138378459462
7116,c630c_00018,299,0.6281782044551114,ratio_confidence,4,231.60138378459462
7117,c630c_00018,300,0.6101152528813221,ratio_confidence,4,231.60138378459462
7118,c630c_00018,301,0.5611640291007275,ratio_confidence,4,231.60138378459462
7119,c630c_00018,302,0.6277031925798144,ratio_confidence,4,231.60138378459462
7120,c630c_00018,303,0.534100852521313,ratio_confidence,4,231.60138378459462
7121,c630c_00018,304,0.5835770894272356,ratio_confidence,4,231.60138378459462
7122,c630c_00018,305,0.540713517837946,ratio_confidence,4,231.60138378459462
7123,c630c_00018,306,0.5650391259781495,ratio_confidence,4,231.60138378459462
7124,c630c_00018,307,0.6331283282082052,ratio_confidence,4,231.60138378459462
7125,c630c_00018,308,0.565339133478337,ratio_confidence,4,231.60138378459462
7126,c630c_00018,309,0.6106902672566814,ratio_confidence,4,231.60138378459462
7127,c630c_00018,310,0.7274306857671442,ratio_confidence,4,231.60138378459462
7128,c630c_00018,311,0.6355408885222131,ratio_confidence,4,231.60138378459462
7129,c630c_00018,312,0.5567139178479462,ratio_confidence,4,231.60138378459462
7130,c630c_00018,313,0.6019025475636891,ratio_confidence,4,231.60138378459462
7131,c630c_00018,314,0.6043026075651892,ratio_confidence,4,231.60138378459462
7132,c630c_00018,315,0.5737768444211105,ratio_confidence,4,231.60138378459462
7133,c630c_00018,316,0.5165379134478362,ratio_confidence,4,231.60138378459462
7134,c630c_00018,317,0.5563639090977275,ratio_confidence,4,231.60138378459462
7135,c630c_00018,318,0.5815645391134778,ratio_confidence,4,231.60138378459462
7136,c630c_00018,319,0.5912897822445561,ratio_confidence,4,231.60138378459462
7137,c630c_00018,320,0.559538988474712,ratio_confidence,4,231.60138378459462
7138,c630c_00018,321,0.5022750568764218,ratio_confidence,4,231.60138378459462
7139,c630c_00018,322,0.6454161354033852,ratio_confidence,4,231.60138378459462
7140,c630c_00018,323,0.5433510837770944,ratio_confidence,4,231.60138378459462
7141,c630c_00018,324,0.552651316282907,ratio_confidence,4,231.60138378459462
7142,c630c_00018,325,0.5862646566164154,ratio_confidence,4,231.60138378459462
7143,c630c_00018,326,0.609790244756119,ratio_confidence,4,231.60138378459462
7144,c630c_00018,327,0.6037525938148454,ratio_confidence,4,231.60138378459462
7145,c630c_00018,328,0.6337783444586115,ratio_confidence,4,231.60138378459462
7146,c630c_00018,329,0.5687767194179855,ratio_confidence,4,231.60138378459462
7147,c630c_00018,330,0.5419385484637116,ratio_confidence,4,231.60138378459462
7148,c630c_00018,331,0.6209405235130878,ratio_confidence,4,231.60138378459462
7149,c630c_00018,332,0.5726018150453762,ratio_confidence,4,231.60138378459462
7150,c630c_00018,333,0.5940773519337984,ratio_confidence,4,231.60138378459462
7151,c630c_00018,334,0.5807895197379934,ratio_confidence,4,231.60138378459462
7152,c630c_00018,335,0.5942023550588765,ratio_confidence,4,231.60138378459462
7153,c630c_00018,336,0.5391009775244381,ratio_confidence,4,231.60138378459462
7154,c630c_00018,337,0.6021025525638142,ratio_confidence,4,231.60138378459462
7155,c630c_00018,338,0.523825595639891,ratio_confidence,4,231.60138378459462
7156,c630c_00018,339,0.5921523038075952,ratio_confidence,4,231.60138378459462
7157,c630c_00018,340,0.569139228480712,ratio_confidence,4,231.60138378459462
7158,c630c_00018,341,0.5931023275581889,ratio_confidence,4,231.60138378459462
7159,c630c_00018,342,0.49767494187354683,ratio_confidence,4,231.60138378459462
7160,c630c_00018,343,0.5930273256831421,ratio_confidence,4,231.60138378459462
7161,c630c_00018,344,0.49406235155878897,ratio_confidence,4,231.60138378459462
7162,c630c_00018,345,0.6030775769394234,ratio_confidence,4,231.60138378459462
7163,c630c_00018,346,0.5647891197279933,ratio_confidence,4,231.60138378459462
7164,c630c_00018,347,0.6009650241256032,ratio_confidence,4,231.60138378459462
7165,c630c_00018,348,0.5540013500337508,ratio_confidence,4,231.60138378459462
7166,c630c_00018,349,0.5654641366034151,ratio_confidence,4,231.60138378459462
7167,c630c_00018,350,0.5443011075276882,ratio_confidence,4,231.60138378459462
7168,c630c_00018,351,0.6063276581914547,ratio_confidence,4,231.60138378459462
7169,c630c_00018,352,0.5336008400210006,ratio_confidence,4,231.60138378459462
7170,c630c_00018,353,0.6482037050926273,ratio_confidence,4,231.60138378459462
7171,c630c_00018,354,0.61332783319583,ratio_confidence,4,231.60138378459462
7172,c630c_00018,355,0.6063401585039626,ratio_confidence,4,231.60138378459462
7173,c630c_00018,356,0.6107902697567439,ratio_confidence,4,231.60138378459462
7174,c630c_00018,357,0.6626290657266432,ratio_confidence,4,231.60138378459462
7175,c630c_00018,358,0.5910897772444311,ratio_confidence,4,231.60138378459462
7176,c630c_00018,359,0.576151903797595,ratio_confidence,4,231.60138378459462
7177,c630c_00018,360,0.6734793369834245,ratio_confidence,4,231.60138378459462
7178,c630c_00018,361,0.5378009450236256,ratio_confidence,4,231.60138378459462
7179,c630c_00018,362,0.6871046776169404,ratio_confidence,4,231.60138378459462
7180,c630c_00018,363,0.6241156028900723,ratio_confidence,4,231.60138378459462
7181,c630c_00018,364,0.5984274606865172,ratio_confidence,4,231.60138378459462
7182,c630c_00018,365,0.5685017125428136,ratio_confidence,4,231.60138378459462
7183,c630c_00018,366,0.5639515987899697,ratio_confidence,4,231.60138378459462
7184,c630c_00018,367,0.643953598839971,ratio_confidence,4,231.60138378459462
7185,c630c_00018,368,0.6013400335008375,ratio_confidence,4,231.60138378459462
7186,c630c_00018,369,0.6067026675666891,ratio_confidence,4,231.60138378459462
7187,c630c_00018,370,0.5584014600365009,ratio_confidence,4,231.60138378459462
7188,c630c_00018,371,0.584689617240431,ratio_confidence,4,231.60138378459462
7189,c630c_00018,372,0.5610890272256807,ratio_confidence,4,231.60138378459462
7190,c630c_00018,373,0.5235755893897347,ratio_confidence,4,231.60138378459462
7191,c630c_00018,374,0.618452961324033,ratio_confidence,4,231.60138378459462
7192,c630c_00018,375,0.5641016025400636,ratio_confidence,4,231.60138378459462
7193,c630c_00018,376,0.56126403160079,ratio_confidence,4,231.60138378459462
7194,c630c_00018,377,0.6035275881897048,ratio_confidence,4,231.60138378459462
7195,c630c_00018,378,0.5959398984974624,ratio_confidence,4,231.60138378459462
7196,c630c_00018,379,0.5560389009725243,ratio_confidence,4,231.60138378459462
7197,c630c_00018,380,0.6257906447661191,ratio_confidence,4,231.60138378459462
7198,c630c_00018,381,0.5711892797319933,ratio_confidence,4,231.60138378459462
7199,c630c_00018,382,0.575614390359759,ratio_confidence,4,231.60138378459462
7200,c630c_00018,383,0.4659366484162104,ratio_confidence,4,231.60138378459462
7201,c630c_00018,384,0.6132028300707518,ratio_confidence,4,231.60138378459462
7202,c630c_00018,385,0.5980024500612515,ratio_confidence,4,231.60138378459462
7203,c630c_00018,386,0.5206380159503987,ratio_confidence,4,231.60138378459462
7204,c630c_00018,387,0.615665391634791,ratio_confidence,4,231.60138378459462
7205,c630c_00018,388,0.6011150278756969,ratio_confidence,4,231.60138378459462
7206,c630c_00018,389,0.5155003875096877,ratio_confidence,4,231.60138378459462
7207,c630c_00018,390,0.6038525963149078,ratio_confidence,4,231.60138378459462
7208,c630c_00018,391,0.5881522038050951,ratio_confidence,4,231.60138378459462
7209,c630c_00018,392,0.6123028075701893,ratio_confidence,4,231.60138378459462
7210,c630c_00018,393,0.5141628540713518,ratio_confidence,4,231.60138378459462
7211,c630c_00018,394,0.5582514562864072,ratio_confidence,4,231.60138378459462
7212,c630c_00018,395,0.5666641666041651,ratio_confidence,4,231.60138378459462
7213,c630c_00018,396,0.6226530663266582,ratio_confidence,4,231.60138378459462
7214,c630c_00018,397,0.5828520713017826,ratio_confidence,4,231.60138378459462
7215,c630c_00018,398,0.5639390984774619,ratio_confidence,4,231.60138378459462
7216,c630c_00018,399,0.6338158453961349,ratio_confidence,4,231.60138378459462
7217,c630c_00018,400,0.49652491312282804,ratio_confidence,4,231.60138378459462
7218,c630c_00019,0,0.5616515412885322,ratio_confidence,5,228.58875221880547
7219,c630c_00019,1,0.596039900997525,ratio_confidence,5,228.58875221880547
7220,c630c_00019,2,0.6054651366284157,ratio_confidence,5,228.58875221880547
7221,c630c_00019,3,0.6703417585439636,ratio_confidence,5,228.58875221880547
7222,c630c_00019,4,0.5681767044176105,ratio_confidence,5,228.58875221880547
7223,c630c_00019,5,0.6078776969424236,ratio_confidence,5,228.58875221880547
7224,c630c_00019,6,0.5930023250581264,ratio_confidence,5,228.58875221880547
7225,c630c_00019,7,0.5860396509912748,ratio_confidence,5,228.58875221880547
7226,c630c_00019,8,0.5855896397409935,ratio_confidence,5,228.58875221880547
7227,c630c_00019,9,0.6101402535063376,ratio_confidence,5,228.58875221880547
7228,c630c_00019,10,0.5476761919047977,ratio_confidence,5,228.58875221880547
7229,c630c_00019,11,0.6071026775669391,ratio_confidence,5,228.58875221880547
7230,c630c_00019,12,0.6003150078751969,ratio_confidence,5,228.58875221880547
7231,c630c_00019,13,0.5681767044176105,ratio_confidence,5,228.58875221880547
7232,c630c_00019,14,0.6057901447536188,ratio_confidence,5,228.58875221880547
7233,c630c_00019,15,0.5108002700067502,ratio_confidence,5,228.58875221880547
7234,c630c_00019,16,0.5030375759393985,ratio_confidence,5,228.58875221880547
7235,c630c_00019,17,0.6004900122503063,ratio_confidence,5,228.58875221880547
7236,c630c_00019,18,0.5669016725418136,ratio_confidence,5,228.58875221880547
7237,c630c_00019,19,0.6299657491437286,ratio_confidence,5,228.58875221880547
7238,c630c_00019,20,0.6180279506987675,ratio_confidence,5,228.58875221880547
7239,c630c_00019,21,0.5678516962924073,ratio_confidence,5,228.58875221880547
7240,c630c_00019,22,0.5600390009750245,ratio_confidence,5,228.58875221880547
7241,c630c_00019,23,0.5573014325358134,ratio_confidence,5,228.58875221880547
7242,c630c_00019,24,0.6346408660216505,ratio_confidence,5,228.58875221880547
7243,c630c_00019,25,0.5568764219105478,ratio_confidence,5,228.58875221880547
7244,c630c_00019,26,0.5923273081827045,ratio_confidence,5,228.58875221880547
7245,c630c_00019,27,0.5915772894322358,ratio_confidence,5,228.58875221880547
7246,c630c_00019,28,0.6104652616315408,ratio_confidence,5,228.58875221880547
7247,c630c_00019,29,0.5094377359433986,ratio_confidence,5,228.58875221880547
7248,c630c_00019,30,0.5115252881322033,ratio_confidence,5,228.58875221880547
7249,c630c_00019,31,0.5468011700292508,ratio_confidence,5,228.58875221880547
7250,c630c_00019,32,0.5020500512512813,ratio_confidence,5,228.58875221880547
7251,c630c_00019,33,0.5907147678691967,ratio_confidence,5,228.58875221880547
7252,c630c_00019,34,0.5271006775169379,ratio_confidence,5,228.58875221880547
7253,c630c_00019,35,0.5460261506537663,ratio_confidence,5,228.58875221880547
7254,c630c_00019,36,0.5909897747443686,ratio_confidence,5,228.58875221880547
7255,c630c_00019,37,0.5475261881547038,ratio_confidence,5,228.58875221880547
7256,c630c_00019,38,0.5512762819070477,ratio_confidence,5,228.58875221880547
7257,c630c_00019,39,0.557126428160704,ratio_confidence,5,228.58875221880547
7258,c630c_00019,40,0.570139253481337,ratio_confidence,5,228.58875221880547
7259,c630c_00019,41,0.5721018025450637,ratio_confidence,5,228.58875221880547
7260,c630c_00019,42,0.5611390284757118,ratio_confidence,5,228.58875221880547
7261,c630c_00019,43,0.5335383384584614,ratio_confidence,5,228.58875221880547
7262,c630c_00019,44,0.5578264456611415,ratio_confidence,5,228.58875221880547
7263,c630c_00019,45,0.598177454436361,ratio_confidence,5,228.58875221880547
7264,c630c_00019,46,0.6019275481887048,ratio_confidence,5,228.58875221880547
7265,c630c_00019,47,0.5556638915972899,ratio_confidence,5,228.58875221880547
7266,c630c_00019,48,0.6330783269581739,ratio_confidence,5,228.58875221880547
7267,c630c_00019,49,0.5702642566064151,ratio_confidence,5,228.58875221880547
7268,c630c_00019,50,0.5448136203405085,ratio_confidence,5,228.58875221880547
7269,c630c_00019,51,0.5362509062726568,ratio_confidence,5,228.58875221880547
7270,c630c_00019,52,0.6287282182054551,ratio_confidence,5,228.58875221880547
7271,c630c_00019,53,0.5928773219330483,ratio_confidence,5,228.58875221880547
7272,c630c_00019,54,0.6100902522563064,ratio_confidence,5,228.58875221880547
7273,c630c_00019,55,0.5243131078276957,ratio_confidence,5,228.58875221880547
7274,c630c_00019,56,0.5932023300582514,ratio_confidence,5,228.58875221880547
7275,c630c_00019,57,0.5755393884847121,ratio_confidence,5,228.58875221880547
7276,c630c_00019,58,0.5386134653366335,ratio_confidence,5,228.58875221880547
7277,c630c_00019,59,0.5265256631415786,ratio_confidence,5,228.58875221880547
7278,c630c_00019,60,0.5615765394134854,ratio_confidence,5,228.58875221880547
7279,c630c_00019,61,0.523225580639516,ratio_confidence,5,228.58875221880547
7280,c630c_00019,62,0.5629765744143603,ratio_confidence,5,228.58875221880547
7281,c630c_00019,63,0.5759893997349934,ratio_confidence,5,228.58875221880547
7282,c630c_00019,64,0.5809395234880872,ratio_confidence,5,228.58875221880547
7283,c630c_00019,65,0.539038475961899,ratio_confidence,5,228.58875221880547
7284,c630c_00019,66,0.5299382484562114,ratio_confidence,5,228.58875221880547
7285,c630c_00019,67,0.5957148928723218,ratio_confidence,5,228.58875221880547
7286,c630c_00019,68,0.516950423760594,ratio_confidence,5,228.58875221880547
7287,c630c_00019,69,0.5868771719292982,ratio_confidence,5,228.58875221880547
7288,c630c_00019,70,0.6073026825670642,ratio_confidence,5,228.58875221880547
7289,c630c_00019,71,0.5538388459711493,ratio_confidence,5,228.58875221880547
7290,c630c_00019,72,0.6170529263231581,ratio_confidence,5,228.58875221880547
7291,c630c_00019,73,0.5099377484437111,ratio_confidence,5,228.58875221880547
7292,c630c_00019,74,0.5946398659966499,ratio_confidence,5,228.58875221880547
7293,c630c_00019,75,0.5437385934648367,ratio_confidence,5,228.58875221880547
7294,c630c_00019,76,0.5233755843896097,ratio_confidence,5,228.58875221880547
7295,c630c_00019,77,0.5921523038075952,ratio_confidence,5,228.58875221880547
7296,c630c_00019,78,0.4963249081227031,ratio_confidence,5,228.58875221880547
7297,c630c_00019,79,0.5489012225305633,ratio_confidence,5,228.58875221880547
7298,c630c_00019,80,0.5189879746993675,ratio_confidence,5,228.58875221880547
7299,c630c_00019,81,0.5544388609715243,ratio_confidence,5,228.58875221880547
7300,c630c_00019,82,0.6064276606915173,ratio_confidence,5,228.58875221880547
7301,c630c_00019,83,0.57835195879897,ratio_confidence,5,228.58875221880547
7302,c630c_00019,84,0.5723268081702042,ratio_confidence,5,228.58875221880547
7303,c630c_00019,85,0.5581639540988524,ratio_confidence,5,228.58875221880547
7304,c630c_00019,86,0.5972774319357983,ratio_confidence,5,228.58875221880547
7305,c630c_00019,87,0.5472761819045475,ratio_confidence,5,228.58875221880547
7306,c630c_00019,88,0.5549138728468211,ratio_confidence,5,228.58875221880547
7307,c630c_00019,89,0.6203155078876972,ratio_confidence,5,228.58875221880547
7308,c630c_00019,90,0.5880022000550014,ratio_confidence,5,228.58875221880547
7309,c630c_00019,91,0.5404885122128054,ratio_confidence,5,228.58875221880547
7310,c630c_00019,92,0.5764019100477512,ratio_confidence,5,228.58875221880547
7311,c630c_00019,93,0.5818020450511263,ratio_confidence,5,228.58875221880547
7312,c630c_00019,94,0.5905897647441186,ratio_confidence,5,228.58875221880547
7313,c630c_00019,95,0.5586889672241806,ratio_confidence,5,228.58875221880547
7314,c630c_00019,96,0.5910397759943998,ratio_confidence,5,228.58875221880547
7315,c630c_00019,97,0.5367009175229381,ratio_confidence,5,228.58875221880547
7316,c630c_00019,98,0.5916022900572515,ratio_confidence,5,228.58875221880547
7317,c630c_00019,99,0.5766769169229231,ratio_confidence,5,228.58875221880547
7318,c630c_00019,100,0.5368759218980474,ratio_confidence,5,228.58875221880547
7319,c630c_00019,101,0.5957898947473688,ratio_confidence,5,228.58875221880547
7320,c630c_00019,102,0.5575514387859697,ratio_confidence,5,228.58875221880547
7321,c630c_00019,103,0.5960149003725093,ratio_confidence,5,228.58875221880547
7322,c630c_00019,104,0.5498637465936649,ratio_confidence,5,228.58875221880547
7323,c630c_00019,105,0.5525763144078601,ratio_confidence,5,228.58875221880547
7324,c630c_00019,106,0.5067001675041876,ratio_confidence,5,228.58875221880547
7325,c630c_00019,107,0.5638640966024151,ratio_confidence,5,228.58875221880547
7326,c630c_00019,108,0.53897597439936,ratio_confidence,5,228.58875221880547
7327,c630c_00019,109,0.5381384534613365,ratio_confidence,5,228.58875221880547
7328,c630c_00019,110,0.5862771569289232,ratio_confidence,5,228.58875221880547
7329,c630c_00019,111,0.5695142378559463,ratio_confidence,5,228.58875221880547
7330,c630c_00019,112,0.5628765719142979,ratio_confidence,5,228.58875221880547
7331,c630c_00019,113,0.5284632115802895,ratio_confidence,5,228.58875221880547
7332,c630c_00019,114,0.618452961324033,ratio_confidence,5,228.58875221880547
7333,c630c_00019,115,0.5502887572189304,ratio_confidence,5,228.58875221880547
7334,c630c_00019,116,0.5780269506737669,ratio_confidence,5,228.58875221880547
7335,c630c_00019,117,0.6376534413360334,ratio_confidence,5,228.58875221880547
7336,c630c_00019,118,0.5663016575414386,ratio_confidence,5,228.58875221880547
7337,c630c_00019,119,0.6087277181929549,ratio_confidence,5,228.58875221880547
7338,c630c_00019,120,0.6170029250731268,ratio_confidence,5,228.58875221880547
7339,c630c_00019,121,0.5758893972349309,ratio_confidence,5,228.58875221880547
7340,c630c_00019,122,0.5504637615940399,ratio_confidence,5,228.58875221880547
7341,c630c_00019,123,0.568276706917673,ratio_confidence,5,228.58875221880547
7342,c630c_00019,124,0.60024000600015,ratio_confidence,5,228.58875221880547
7343,c630c_00019,125,0.5419760494012351,ratio_confidence,5,228.58875221880547
7344,c630c_00019,126,0.6109402735068377,ratio_confidence,5,228.58875221880547
7345,c630c_00019,127,0.6216780419510488,ratio_confidence,5,228.58875221880547
7346,c630c_00019,128,0.6072776819420486,ratio_confidence,5,228.58875221880547
7347,c630c_00019,129,0.6118027950698768,ratio_confidence,5,228.58875221880547
7348,c630c_00019,130,0.5545138628465711,ratio_confidence,5,228.58875221880547
7349,c630c_00019,131,0.5219630490762269,ratio_confidence,5,228.58875221880547
7350,c630c_00019,132,0.48174954373859347,ratio_confidence,5,228.58875221880547
7351,c630c_00019,133,0.5324508112702817,ratio_confidence,5,228.58875221880547
7352,c630c_00019,134,0.5541388534713367,ratio_confidence,5,228.58875221880547
7353,c630c_00019,135,0.5115252881322033,ratio_confidence,5,228.58875221880547
7354,c630c_00019,136,0.5387884697117428,ratio_confidence,5,228.58875221880547
7355,c630c_00019,137,0.5781769544238606,ratio_confidence,5,228.58875221880547
7356,c630c_00019,138,0.5466261656541413,ratio_confidence,5,228.58875221880547
7357,c630c_00019,139,0.4924998124953124,ratio_confidence,5,228.58875221880547
7358,c630c_00019,140,0.5339883497087428,ratio_confidence,5,228.58875221880547
7359,c630c_00019,141,0.5611890297257431,ratio_confidence,5,228.58875221880547
7360,c630c_00019,142,0.5625515637890948,ratio_confidence,5,228.58875221880547
7361,c630c_00019,143,0.5581014525363135,ratio_confidence,5,228.58875221880547
7362,c630c_00019,144,0.4888622215555389,ratio_confidence,5,228.58875221880547
7363,c630c_00019,145,0.6255406385159629,ratio_confidence,5,228.58875221880547
7364,c630c_00019,146,0.6074026850671267,ratio_confidence,5,228.58875221880547
7365,c630c_00019,147,0.6253906347658691,ratio_confidence,5,228.58875221880547
7366,c630c_00019,148,0.5917272931823296,ratio_confidence,5,228.58875221880547
7367,c630c_00019,149,0.5443886097152428,ratio_confidence,5,228.58875221880547
7368,c630c_00019,150,0.541851046276157,ratio_confidence,5,228.58875221880547
7369,c630c_00019,151,0.6822045551138778,ratio_confidence,5,228.58875221880547
7370,c630c_00019,152,0.5529138228455711,ratio_confidence,5,228.58875221880547
7371,c630c_00019,153,0.6298157453936348,ratio_confidence,5,228.58875221880547
7372,c630c_00019,154,0.5532888322208055,ratio_confidence,5,228.58875221880547
7373,c630c_00019,155,0.6159403985099627,ratio_confidence,5,228.58875221880547
7374,c630c_00019,156,0.655366384159604,ratio_confidence,5,228.58875221880547
7375,c630c_00019,157,0.5806645166129153,ratio_confidence,5,228.58875221880547
7376,c630c_00019,158,0.5440636015900397,ratio_confidence,5,228.58875221880547
7377,c630c_00019,159,0.5989899747493688,ratio_confidence,5,228.58875221880547
7378,c630c_00019,160,0.544313607840196,ratio_confidence,5,228.58875221880547
7379,c630c_00019,161,0.49371234280857024,ratio_confidence,5,228.58875221880547
7380,c630c_00019,162,0.548513712842821,ratio_confidence,5,228.58875221880547
7381,c630c_00019,163,0.6163654091352284,ratio_confidence,5,228.58875221880547
7382,c630c_00019,164,0.5463511587789694,ratio_confidence,5,228.58875221880547
7383,c630c_00019,165,0.529038225955649,ratio_confidence,5,228.58875221880547
7384,c630c_00019,166,0.5412385309632741,ratio_confidence,5,228.58875221880547
7385,c630c_00019,167,0.5257256431410785,ratio_confidence,5,228.58875221880547
7386,c630c_00019,168,0.5788644716117903,ratio_confidence,5,228.58875221880547
7387,c630c_00019,169,0.5563514087852196,ratio_confidence,5,228.58875221880547
7388,c630c_00019,170,0.5962649066226655,ratio_confidence,5,228.58875221880547
7389,c630c_00019,171,0.5989774744368609,ratio_confidence,5,228.58875221880547
7390,c630c_00019,172,0.5751393784844621,ratio_confidence,5,228.58875221880547
7391,c630c_00019,173,0.603377584439611,ratio_confidence,5,228.58875221880547
7392,c630c_00019,174,0.5958398959974,ratio_confidence,5,228.58875221880547
7393,c630c_00019,175,0.5133628340708517,ratio_confidence,5,228.58875221880547
7394,c630c_00019,176,0.6117277931948298,ratio_confidence,5,228.58875221880547
7395,c630c_00019,177,0.5067751693792345,ratio_confidence,5,228.58875221880547
7396,c630c_00019,178,0.5910647766194155,ratio_confidence,5,228.58875221880547
7397,c630c_00019,179,0.5925273131828296,ratio_confidence,5,228.58875221880547
7398,c630c_00019,180,0.6133028325708143,ratio_confidence,5,228.58875221880547
7399,c630c_00019,181,0.6178029450736269,ratio_confidence,5,228.58875221880547
7400,c630c_00019,182,0.5933523338083452,ratio_confidence,5,228.58875221880547
7401,c630c_00019,183,0.5999649991249781,ratio_confidence,5,228.58875221880547
7402,c630c_00019,184,0.5339383484587115,ratio_confidence,5,228.58875221880547
7403,c630c_00019,185,0.5641891047276182,ratio_confidence,5,228.58875221880547
7404,c630c_00019,186,0.5378009450236256,ratio_confidence,5,228.58875221880547
7405,c630c_00019,187,0.5574264356608916,ratio_confidence,5,228.58875221880547
7406,c630c_00019,188,0.5829770744268608,ratio_confidence,5,228.58875221880547
7407,c630c_00019,189,0.6431285782144553,ratio_confidence,5,228.58875221880547
7408,c630c_00019,190,0.6257156428910723,ratio_confidence,5,228.58875221880547
7409,c630c_00019,191,0.6304407610190255,ratio_confidence,5,228.58875221880547
7410,c630c_00019,192,0.550188754718868,ratio_confidence,5,228.58875221880547
7411,c630c_00019,193,0.5646391159778994,ratio_confidence,5,228.58875221880547
7412,c630c_00019,194,0.5624765619140478,ratio_confidence,5,228.58875221880547
7413,c630c_00019,195,0.6006900172504313,ratio_confidence,5,228.58875221880547
7414,c630c_00019,196,0.5388384709617741,ratio_confidence,5,228.58875221880547
7415,c630c_00019,197,0.5764644116102903,ratio_confidence,5,228.58875221880547
7416,c630c_00019,198,0.5694267356683917,ratio_confidence,5,228.58875221880547
7417,c630c_00019,199,0.5692892322308057,ratio_confidence,5,228.58875221880547
7418,c630c_00019,200,0.564664116602915,ratio_confidence,5,228.58875221880547
7419,c630c_00019,201,0.6064151603790094,ratio_confidence,5,228.58875221880547
7420,c630c_00019,202,0.5814020350508763,ratio_confidence,5,228.58875221880547
7421,c630c_00019,203,0.608652716317908,ratio_confidence,5,228.58875221880547
7422,c630c_00019,204,0.5411010275256882,ratio_confidence,5,228.58875221880547
7423,c630c_00019,205,0.5522763069076726,ratio_confidence,5,228.58875221880547
7424,c630c_00019,206,0.6104902622565564,ratio_confidence,5,228.58875221880547
7425,c630c_00019,207,0.6108652716317908,ratio_confidence,5,228.58875221880547
7426,c630c_00019,208,0.5676266906672667,ratio_confidence,5,228.58875221880547
7427,c630c_00019,209,0.504137603440086,ratio_confidence,5,228.58875221880547
7428,c630c_00019,210,0.6060901522538064,ratio_confidence,5,228.58875221880547
7429,c630c_00019,211,0.570939273481837,ratio_confidence,5,228.58875221880547
7430,c630c_00019,212,0.6098652466311658,ratio_confidence,5,228.58875221880547
7431,c630c_00019,213,0.5613765344133603,ratio_confidence,5,228.58875221880547
7432,c630c_00019,214,0.5444886122153054,ratio_confidence,5,228.58875221880547
7433,c630c_00019,215,0.5718267956698917,ratio_confidence,5,228.58875221880547
7434,c630c_00019,216,0.5922273056826421,ratio_confidence,5,228.58875221880547
7435,c630c_00019,217,0.6096402410060251,ratio_confidence,5,228.58875221880547
7436,c630c_00019,218,0.5036625915647891,ratio_confidence,5,228.58875221880547
7437,c630c_00019,219,0.5440386009650241,ratio_confidence,5,228.58875221880547
7438,c630c_00019,220,0.608577714442861,ratio_confidence,5,228.58875221880547
7439,c630c_00019,221,0.528763219080477,ratio_confidence,5,228.58875221880547
7440,c630c_00019,222,0.5217255431385784,ratio_confidence,5,228.58875221880547
7441,c630c_00019,223,0.5859396484912123,ratio_confidence,5,228.58875221880547
7442,c630c_00019,224,0.5772269306732669,ratio_confidence,5,228.58875221880547
7443,c630c_00019,225,0.4888622215555389,ratio_confidence,5,228.58875221880547
7444,c630c_00019,226,0.6507162679066977,ratio_confidence,5,228.58875221880547
7445,c630c_00019,227,0.6009900247506188,ratio_confidence,5,228.58875221880547
7446,c630c_00019,228,0.49952498812470314,ratio_confidence,5,228.58875221880547
7447,c630c_00019,229,0.5355633890847271,ratio_confidence,5,228.58875221880547
7448,c630c_00019,230,0.5987274681867046,ratio_confidence,5,228.58875221880547
7449,c630c_00019,231,0.563739093477337,ratio_confidence,5,228.58875221880547
7450,c630c_00019,232,0.6206405160129003,ratio_confidence,5,228.58875221880547
7451,c630c_00019,233,0.608577714442861,ratio_confidence,5,228.58875221880547
7452,c630c_00019,234,0.5712267806695167,ratio_confidence,5,228.58875221880547
7453,c630c_00019,235,0.6256906422660566,ratio_confidence,5,228.58875221880547
7454,c630c_00019,236,0.5309507737693442,ratio_confidence,5,228.58875221880547
7455,c630c_00019,237,0.5274006850171253,ratio_confidence,5,228.58875221880547
7456,c630c_00019,238,0.5625265631640791,ratio_confidence,5,228.58875221880547
7457,c630c_00019,239,0.49224980624515613,ratio_confidence,5,228.58875221880547
7458,c630c_00019,240,0.7073301832545813,ratio_confidence,5,228.58875221880547
7459,c630c_00019,241,0.6356658916472913,ratio_confidence,5,228.58875221880547
7460,c630c_00019,242,0.5989274731868297,ratio_confidence,5,228.58875221880547
7461,c630c_00019,243,0.5835770894272356,ratio_confidence,5,228.58875221880547
7462,c630c_00019,244,0.5763769094227356,ratio_confidence,5,228.58875221880547
7463,c630c_00019,245,0.5982274556863921,ratio_confidence,5,228.58875221880547
7464,c630c_00019,246,0.5006375159378985,ratio_confidence,5,228.58875221880547
7465,c630c_00019,247,0.5981274531863296,ratio_confidence,5,228.58875221880547
7466,c630c_00019,248,0.5117502937573439,ratio_confidence,5,228.58875221880547
7467,c630c_00019,249,0.6027775694392359,ratio_confidence,5,228.58875221880547
7468,c630c_00019,250,0.5252381309532739,ratio_confidence,5,228.58875221880547
7469,c630c_00019,251,0.6288407210180255,ratio_confidence,5,228.58875221880547
7470,c630c_00019,252,0.5467261681542038,ratio_confidence,5,228.58875221880547
7471,c630c_00019,253,0.6134778369459236,ratio_confidence,5,228.58875221880547
7472,c630c_00019,254,0.5741393534838372,ratio_confidence,5,228.58875221880547
7473,c630c_00019,255,0.5160629015725393,ratio_confidence,5,228.58875221880547
7474,c630c_00019,256,0.6008650216255407,ratio_confidence,5,228.58875221880547
7475,c630c_00019,257,0.4668241706042651,ratio_confidence,5,228.58875221880547
7476,c630c_00019,258,0.5905897647441186,ratio_confidence,5,228.58875221880547
7477,c630c_00019,259,0.5553388834720868,ratio_confidence,5,228.58875221880547
7478,c630c_00019,260,0.5365009125228131,ratio_confidence,5,228.58875221880547
7479,c630c_00019,261,0.5167754193854847,ratio_confidence,5,228.58875221880547
7480,c630c_00019,262,0.5171754293857347,ratio_confidence,5,228.58875221880547
7481,c630c_00019,263,0.6281032025800646,ratio_confidence,5,228.58875221880547
7482,c630c_00019,264,0.586627165679142,ratio_confidence,5,228.58875221880547
7483,c630c_00019,265,0.6264281607040176,ratio_confidence,5,228.58875221880547
7484,c630c_00019,266,0.5806895172379309,ratio_confidence,5,228.58875221880547
7485,c630c_00019,267,0.5687017175429385,ratio_confidence,5,228.58875221880547
7486,c630c_00019,268,0.5733768344208605,ratio_confidence,5,228.58875221880547
7487,c630c_00019,269,0.5668516712917824,ratio_confidence,5,228.58875221880547
7488,c630c_00019,270,0.5670266756668917,ratio_confidence,5,228.58875221880547
7489,c630c_00019,271,0.6307657691442285,ratio_confidence,5,228.58875221880547
7490,c630c_00019,272,0.5789644741118528,ratio_confidence,5,228.58875221880547
7491,c630c_00019,273,0.5623015575389385,ratio_confidence,5,228.58875221880547
7492,c630c_00019,274,0.5533013325333134,ratio_confidence,5,228.58875221880547
7493,c630c_00019,275,0.5884022100552514,ratio_confidence,5,228.58875221880547
7494,c630c_00019,276,0.5931523288082202,ratio_confidence,5,228.58875221880547
7495,c630c_00019,277,0.5689767244181104,ratio_confidence,5,228.58875221880547
7496,c630c_00019,278,0.579289482237056,ratio_confidence,5,228.58875221880547
7497,c630c_00019,279,0.5015375384384609,ratio_confidence,5,228.58875221880547
7498,c630c_00019,280,0.6331033275831897,ratio_confidence,5,228.58875221880547
7499,c630c_00019,281,0.6324033100827521,ratio_confidence,5,228.58875221880547
7500,c630c_00019,282,0.54777619440486,ratio_confidence,5,228.58875221880547
7501,c630c_00019,283,0.6282532063301582,ratio_confidence,5,228.58875221880547
7502,c630c_00019,284,0.6204405110127753,ratio_confidence,5,228.58875221880547
7503,c630c_00019,285,0.5669766744168605,ratio_confidence,5,228.58875221880547
7504,c630c_00019,286,0.5768519212980324,ratio_confidence,5,228.58875221880547
7505,c630c_00019,287,0.5779269481737044,ratio_confidence,5,228.58875221880547
7506,c630c_00019,288,0.5184504612615315,ratio_confidence,5,228.58875221880547
7507,c630c_00019,289,0.5868021700542514,ratio_confidence,5,228.58875221880547
7508,c630c_00019,290,0.5588389709742744,ratio_confidence,5,228.58875221880547
7509,c630c_00019,291,0.5603390084752119,ratio_confidence,5,228.58875221880547
7510,c630c_00019,292,0.559063976599415,ratio_confidence,5,228.58875221880547
7511,c630c_00019,293,0.5105127628190704,ratio_confidence,5,228.58875221880547
7512,c630c_00019,294,0.5866771669291733,ratio_confidence,5,228.58875221880547
7513,c630c_00019,295,0.6079776994424861,ratio_confidence,5,228.58875221880547
7514,c630c_00019,296,0.5321258031450786,ratio_confidence,5,228.58875221880547
7515,c630c_00019,297,0.562401560039001,ratio_confidence,5,228.58875221880547
7516,c630c_00019,298,0.6083027075676892,ratio_confidence,5,228.58875221880547
7517,c630c_00019,299,0.597977449436236,ratio_confidence,5,228.58875221880547
7518,c630c_00019,300,0.5560889022225556,ratio_confidence,5,228.58875221880547
7519,c630c_00019,301,0.544313607840196,ratio_confidence,5,228.58875221880547
7520,c630c_00019,302,0.5615515387884698,ratio_confidence,5,228.58875221880547
7521,c630c_00019,303,0.6304157603940098,ratio_confidence,5,228.58875221880547
7522,c630c_00019,304,0.6058151453786345,ratio_confidence,5,228.58875221880547
7523,c630c_00019,305,0.6001650041251031,ratio_confidence,5,228.58875221880547
7524,c630c_00019,306,0.5841271031775794,ratio_confidence,5,228.58875221880547
7525,c630c_00019,307,0.5855646391159779,ratio_confidence,5,228.58875221880547
7526,c630c_00019,308,0.5760519012975325,ratio_confidence,5,228.58875221880547
7527,c630c_00019,309,0.5826270656766419,ratio_confidence,5,228.58875221880547
7528,c630c_00019,310,0.5339883497087428,ratio_confidence,5,228.58875221880547
7529,c630c_00019,311,0.6188029700742519,ratio_confidence,5,228.58875221880547
7530,c630c_00019,312,0.5765644141103528,ratio_confidence,5,228.58875221880547
7531,c630c_00019,313,0.5717017925448136,ratio_confidence,5,228.58875221880547
7532,c630c_00019,314,0.6105902647566189,ratio_confidence,5,228.58875221880547
7533,c630c_00019,315,0.6136653416335408,ratio_confidence,5,228.58875221880547
7534,c630c_00019,316,0.6405410135253382,ratio_confidence,5,228.58875221880547
7535,c630c_00019,317,0.5946648666216655,ratio_confidence,5,228.58875221880547
7536,c630c_00019,318,0.5887647191179779,ratio_confidence,5,228.58875221880547
7537,c630c_00019,319,0.5722268056701418,ratio_confidence,5,228.58875221880547
7538,c630c_00019,320,0.5487387184679617,ratio_confidence,5,228.58875221880547
7539,c630c_00019,321,0.5770019250481262,ratio_confidence,5,228.58875221880547
7540,c630c_00019,322,0.5095627390684767,ratio_confidence,5,228.58875221880547
7541,c630c_00019,323,0.5693642341058527,ratio_confidence,5,228.58875221880547
7542,c630c_00019,324,0.5024000600015,ratio_confidence,5,228.58875221880547
7543,c630c_00019,325,0.5287382184554614,ratio_confidence,5,228.58875221880547
7544,c630c_00019,326,0.6011400285007126,ratio_confidence,5,228.58875221880547
7545,c630c_00019,327,0.5182504562614065,ratio_confidence,5,228.58875221880547
7546,c630c_00019,328,0.5049626240656017,ratio_confidence,5,228.58875221880547
7547,c630c_00019,329,0.5645641141028526,ratio_confidence,5,228.58875221880547
7548,c630c_00019,330,0.5768019200480012,ratio_confidence,5,228.58875221880547
7549,c630c_00019,331,0.6007150178754469,ratio_confidence,5,228.58875221880547
7550,c630c_00019,332,0.5394634865871647,ratio_confidence,5,228.58875221880547
7551,c630c_00019,333,0.5163504087602191,ratio_confidence,5,228.58875221880547
7552,c630c_00019,334,0.5596889922248056,ratio_confidence,5,228.58875221880547
7553,c630c_00019,335,0.5909147728693217,ratio_confidence,5,228.58875221880547
7554,c630c_00019,336,0.5589139728493212,ratio_confidence,5,228.58875221880547
7555,c630c_00019,337,0.5516012900322508,ratio_confidence,5,228.58875221880547
7556,c630c_00019,338,0.5972024300607515,ratio_confidence,5,228.58875221880547
7557,c630c_00019,339,0.5002375059376485,ratio_confidence,5,228.58875221880547
7558,c630c_00019,340,0.5707142678566964,ratio_confidence,5,228.58875221880547
7559,c630c_00019,341,0.5873271831795794,ratio_confidence,5,228.58875221880547
7560,c630c_00019,342,0.5817020425510637,ratio_confidence,5,228.58875221880547
7561,c630c_00019,343,0.5456886422160554,ratio_confidence,5,228.58875221880547
7562,c630c_00019,344,0.5314007850196255,ratio_confidence,5,228.58875221880547
7563,c630c_00019,345,0.5718267956698917,ratio_confidence,5,228.58875221880547
7564,c630c_00019,346,0.623465586639666,ratio_confidence,5,228.58875221880547
7565,c630c_00019,347,0.5734393359833996,ratio_confidence,5,228.58875221880547
7566,c630c_00019,348,0.6258156453911348,ratio_confidence,5,228.58875221880547
7567,c630c_00019,349,0.5188129703242581,ratio_confidence,5,228.58875221880547
7568,c630c_00019,350,0.5851896297407435,ratio_confidence,5,228.58875221880547
7569,c630c_00019,351,0.564264106602665,ratio_confidence,5,228.58875221880547
7570,c630c_00019,352,0.6255156378909472,ratio_confidence,5,228.58875221880547
7571,c630c_00019,353,0.5789019725493136,ratio_confidence,5,228.58875221880547
7572,c630c_00019,354,0.5354633865846646,ratio_confidence,5,228.58875221880547
7573,c630c_00019,355,0.6410410260256506,ratio_confidence,5,228.58875221880547
7574,c630c_00019,356,0.5522763069076726,ratio_confidence,5,228.58875221880547
7575,c630c_00019,357,0.5760894022350559,ratio_confidence,5,228.58875221880547
7576,c630c_00019,358,0.6258406460161504,ratio_confidence,5,228.58875221880547
7577,c630c_00019,359,0.5804645116127903,ratio_confidence,5,228.58875221880547
7578,c630c_00019,360,0.5907647691192279,ratio_confidence,5,228.58875221880547
7579,c630c_00019,361,0.5808145203630091,ratio_confidence,5,228.58875221880547
7580,c630c_00019,362,0.575214380359509,ratio_confidence,5,228.58875221880547
7581,c630c_00019,363,0.6177029425735643,ratio_confidence,5,228.58875221880547
7582,c630c_00019,364,0.5598889972249306,ratio_confidence,5,228.58875221880547
7583,c630c_00019,365,0.5919772994324859,ratio_confidence,5,228.58875221880547
7584,c630c_00019,366,0.5511637790944773,ratio_confidence,5,228.58875221880547
7585,c630c_00019,367,0.5641641041026025,ratio_confidence,5,228.58875221880547
7586,c630c_00019,368,0.5621265531638291,ratio_confidence,5,228.58875221880547
7587,c630c_00019,369,0.593502337558439,ratio_confidence,5,228.58875221880547
7588,c630c_00019,370,0.5608390209755244,ratio_confidence,5,228.58875221880547
7589,c630c_00019,371,0.572076801920048,ratio_confidence,5,228.58875221880547
7590,c630c_00019,372,0.5789894747368685,ratio_confidence,5,228.58875221880547
7591,c630c_00019,373,0.5855396384909622,ratio_confidence,5,228.58875221880547
7592,c630c_00019,374,0.6127778194454861,ratio_confidence,5,228.58875221880547
7593,c630c_00019,375,0.5525263131578289,ratio_confidence,5,228.58875221880547
7594,c630c_00019,376,0.5586264656616415,ratio_confidence,5,228.58875221880547
7595,c630c_00019,377,0.6288282207055176,ratio_confidence,5,228.58875221880547
7596,c630c_00019,378,0.5345633640841021,ratio_confidence,5,228.58875221880547
7597,c630c_00019,379,0.5217755443886097,ratio_confidence,5,228.58875221880547
7598,c630c_00019,380,0.572876821920548,ratio_confidence,5,228.58875221880547
7599,c630c_00019,381,0.5347133678341959,ratio_confidence,5,228.58875221880547
7600,c630c_00019,382,0.5930523263081577,ratio_confidence,5,228.58875221880547
7601,c630c_00019,383,0.5450386259656491,ratio_confidence,5,228.58875221880547
7602,c630c_00019,384,0.5563139078476962,ratio_confidence,5,228.58875221880547
7603,c630c_00019,385,0.5352133803345083,ratio_confidence,5,228.58875221880547
7604,c630c_00019,386,0.5685767144178604,ratio_confidence,5,228.58875221880547
7605,c630c_00019,387,0.5386634665866646,ratio_confidence,5,228.58875221880547
7606,c630c_00019,388,0.570614265356634,ratio_confidence,5,228.58875221880547
7607,c630c_00019,389,0.6062651566289157,ratio_confidence,5,228.58875221880547
7608,c630c_00019,390,0.5419260481512038,ratio_confidence,5,228.58875221880547
7609,c630c_00019,391,0.5666141653541339,ratio_confidence,5,228.58875221880547
7610,c630c_00019,392,0.6066026650666266,ratio_confidence,5,228.58875221880547
7611,c630c_00019,393,0.569339233480837,ratio_confidence,5,228.58875221880547
7612,c630c_00019,394,0.5170254256356409,ratio_confidence,5,228.58875221880547
7613,c630c_00019,395,0.5389634740868522,ratio_confidence,5,228.58875221880547
7614,c630c_00019,396,0.5536388409710242,ratio_confidence,5,228.58875221880547
7615,c630c_00019,397,0.5793644841121028,ratio_confidence,5,228.58875221880547
7616,c630c_00019,398,0.6309157728943223,ratio_confidence,5,228.58875221880547
7617,c630c_00019,399,0.5718517962949075,ratio_confidence,5,228.58875221880547
7618,c630c_00019,400,0.5884522113052827,ratio_confidence,5,228.58875221880547
7619,c630c_00020,0,0.5775019375484387,random,1,224.75436260906523
7620,c630c_00020,1,0.5480762019050476,random,1,224.75436260906523
7621,c630c_00020,2,0.5548388709717743,random,1,224.75436260906523
7622,c630c_00020,3,0.5083002075051877,random,1,224.75436260906523
7623,c630c_00020,4,0.5158753968849221,random,1,224.75436260906523
7624,c630c_00020,5,0.5164504112602815,random,1,224.75436260906523
7625,c630c_00020,6,0.4934498362459061,random,1,224.75436260906523
7626,c630c_00020,7,0.5218005450136254,random,1,224.75436260906523
7627,c630c_00020,8,0.5253756343908598,random,1,224.75436260906523
7628,c630c_00020,9,0.5529013225330633,random,1,224.75436260906523
7629,c630c_00020,10,0.5426260656516413,random,1,224.75436260906523
7630,c630c_00020,11,0.558326458161454,random,1,224.75436260906523
7631,c630c_00020,12,0.5332508312707818,random,1,224.75436260906523
7632,c630c_00020,13,0.520488012200305,random,1,224.75436260906523
7633,c630c_00020,14,0.523225580639516,random,1,224.75436260906523
7634,c630c_00020,15,0.5855396384909622,random,1,224.75436260906523
7635,c630c_00020,16,0.5591889797244931,random,1,224.75436260906523
7636,c630c_00020,17,0.5346383659591489,random,1,224.75436260906523
7637,c630c_00020,18,0.5494387359683992,random,1,224.75436260906523
7638,c630c_00020,19,0.5182004550113752,random,1,224.75436260906523
7639,c630c_00020,20,0.5795644891122278,random,1,224.75436260906523
7640,c630c_00020,21,0.5379759493987349,random,1,224.75436260906523
7641,c630c_00020,22,0.5445386134653366,random,1,224.75436260906523
7642,c630c_00020,23,0.6095902397559938,random,1,224.75436260906523
7643,c630c_00020,24,0.5662516562914073,random,1,224.75436260906523
7644,c630c_00020,25,0.5806895172379309,random,1,224.75436260906523
7645,c630c_00020,26,0.5888397209930248,random,1,224.75436260906523
7646,c630c_00020,27,0.5705392634815871,random,1,224.75436260906523
7647,c630c_00020,28,0.5744643616090402,random,1,224.75436260906523
7648,c630c_00020,29,0.5580514512862822,random,1,224.75436260906523
7649,c630c_00020,30,0.5347883697092428,random,1,224.75436260906523
7650,c630c_00020,31,0.5002375059376485,random,1,224.75436260906523
7651,c630c_00020,32,0.5842646066151653,random,1,224.75436260906523
7652,c630c_00020,33,0.5289882247056177,random,1,224.75436260906523
7653,c630c_00020,34,0.5460886522163054,random,1,224.75436260906523
7654,c630c_00020,35,0.49357483937098423,random,1,224.75436260906523
7655,c630c_00020,36,0.5660516512912823,random,1,224.75436260906523
7656,c630c_00020,37,0.5931773294332359,random,1,224.75436260906523
7657,c630c_00020,38,0.5562639065976649,random,1,224.75436260906523
7658,c630c_00020,39,0.5181004525113128,random,1,224.75436260906523
7659,c630c_00020,40,0.5559138978474462,random,1,224.75436260906523
7660,c630c_00020,41,0.5409385234630866,random,1,224.75436260906523
7661,c630c_00020,42,0.5692642316057901,random,1,224.75436260906523
7662,c630c_00020,43,0.56126403160079,random,1,224.75436260906523
7663,c630c_00020,44,0.5857146428660717,random,1,224.75436260906523
7664,c630c_00020,45,0.5284757118927973,random,1,224.75436260906523
7665,c630c_00020,46,0.5755393884847121,random,1,224.75436260906523
7666,c630c_00020,47,0.6836295907397685,random,1,224.75436260906523
7667,c630c_00020,48,0.5520763019075476,random,1,224.75436260906523
7668,c630c_00020,49,0.5604140103502587,random,1,224.75436260906523
7669,c630c_00020,50,0.5857396434910873,random,1,224.75436260906523
7670,c630c_00020,51,0.5756393909847747,random,1,224.75436260906523
7671,c630c_00020,52,0.5011125278131954,random,1,224.75436260906523
7672,c630c_00020,53,0.5578514462861572,random,1,224.75436260906523
7673,c630c_00020,54,0.6157153928848221,random,1,224.75436260906523
7674,c630c_00020,55,0.5441261031525788,random,1,224.75436260906523
7675,c630c_00020,56,0.5203130078251956,random,1,224.75436260906523
7676,c630c_00020,57,0.5170254256356409,random,1,224.75436260906523
7677,c630c_00020,58,0.5631265781644541,random,1,224.75436260906523
7678,c630c_00020,59,0.5405635140878522,random,1,224.75436260906523
7679,c630c_00020,60,0.5853396334908373,random,1,224.75436260906523
7680,c630c_00020,61,0.5829770744268608,random,1,224.75436260906523
7681,c630c_00020,62,0.4980749518737968,random,1,224.75436260906523
7682,c630c_00020,63,0.5206630165754145,random,1,224.75436260906523
7683,c630c_00020,64,0.5879521988049702,random,1,224.75436260906523
7684,c630c_00020,65,0.5716267906697667,random,1,224.75436260906523
7685,c630c_00020,66,0.642753568839221,random,1,224.75436260906523
7686,c630c_00020,67,0.5452386309657742,random,1,224.75436260906523
7687,c630c_00020,68,0.5483762094052351,random,1,224.75436260906523
7688,c630c_00020,69,0.5759893997349934,random,1,224.75436260906523
7689,c630c_00020,70,0.5347383684592115,random,1,224.75436260906523
7690,c630c_00020,71,0.5601640041001026,random,1,224.75436260906523
7691,c630c_00020,72,0.5887522188054701,random,1,224.75436260906523
7692,c630c_00020,73,0.5477011925298132,random,1,224.75436260906523
7693,c630c_00020,74,0.5028750718767969,random,1,224.75436260906523
7694,c630c_00020,75,0.5758393959848996,random,1,224.75436260906523
7695,c630c_00020,76,0.5683517087927198,random,1,224.75436260906523
7696,c630c_00020,77,0.549588739718493,random,1,224.75436260906523
7697,c630c_00020,78,0.5407635190879772,random,1,224.75436260906523
7698,c630c_00020,79,0.5559638990974775,random,1,224.75436260906523
7699,c630c_00020,80,0.6205905147628691,random,1,224.75436260906523
7700,c630c_00020,81,0.572876821920548,random,1,224.75436260906523
7701,c630c_00020,82,0.5877521938048451,random,1,224.75436260906523
7702,c630c_00020,83,0.561064026600665,random,1,224.75436260906523
7703,c630c_00020,84,0.5865146628665716,random,1,224.75436260906523
7704,c630c_00020,85,0.586364659116478,random,1,224.75436260906523
7705,c630c_00020,86,0.5723768094202355,random,1,224.75436260906523
7706,c630c_00020,87,0.5255381384534613,random,1,224.75436260906523
7707,c630c_00020,88,0.5786019650491262,random,1,224.75436260906523
7708,c630c_00020,89,0.5660641516037901,random,1,224.75436260906523
7709,c630c_00020,90,0.5465636640916023,random,1,224.75436260906523
7710,c630c_00020,91,0.5609390234755869,random,1,224.75436260906523
7711,c630c_00020,92,0.6331533288332208,random,1,224.75436260906523
7712,c630c_00020,93,0.5255881397034926,random,1,224.75436260906523
7713,c630c_00020,94,0.6075276881922048,random,1,224.75436260906523
7714,c630c_00020,95,0.5410885272131803,random,1,224.75436260906523
7715,c630c_00020,96,0.577276931923298,random,1,224.75436260906523
7716,c630c_00020,97,0.5935523388084702,random,1,224.75436260906523
7717,c630c_00020,98,0.5469011725293133,random,1,224.75436260906523
7718,c630c_00020,99,0.5276756918922973,random,1,224.75436260906523
7719,c630c_00020,100,0.6081277031925798,random,1,224.75436260906523
7720,c630c_00020,101,0.5855896397409935,random,1,224.75436260906523
7721,c630c_00020,102,0.5482012050301257,random,1,224.75436260906523
7722,c630c_00020,103,0.5277006925173129,random,1,224.75436260906523
7723,c630c_00020,104,0.5068626715667892,random,1,224.75436260906523
7724,c630c_00020,105,0.548851221280532,random,1,224.75436260906523
7725,c630c_00020,106,0.6256156403910098,random,1,224.75436260906523
7726,c630c_00020,107,0.5742018550463761,random,1,224.75436260906523
7727,c630c_00020,108,0.5567389184729619,random,1,224.75436260906523
7728,c630c_00020,109,0.6361659041476037,random,1,224.75436260906523
7729,c630c_00020,110,0.5489012225305633,random,1,224.75436260906523
7730,c630c_00020,111,0.6257156428910723,random,1,224.75436260906523
7731,c630c_00020,112,0.5488762219055476,random,1,224.75436260906523
7732,c630c_00020,113,0.5810395259881497,random,1,224.75436260906523
7733,c630c_00020,114,0.5610140253506337,random,1,224.75436260906523
7734,c630c_00020,115,0.568276706917673,random,1,224.75436260906523
7735,c630c_00020,116,0.5434760869021725,random,1,224.75436260906523
7736,c630c_00020,117,0.6086277156928923,random,1,224.75436260906523
7737,c630c_00020,118,0.5856146403660092,random,1,224.75436260906523
7738,c630c_00020,119,0.5033250831270781,random,1,224.75436260906523
7739,c630c_00020,120,0.563201580039501,random,1,224.75436260906523
7740,c630c_00020,121,0.5409635240881022,random,1,224.75436260906523
7741,c630c_00020,122,0.5281507037675942,random,1,224.75436260906523
7742,c630c_00020,123,0.5315882897072427,random,1,224.75436260906523
7743,c630c_00020,124,0.548451211280282,random,1,224.75436260906523
7744,c630c_00020,125,0.56086402160054,random,1,224.75436260906523
7745,c630c_00020,126,0.5781269531738293,random,1,224.75436260906523
7746,c630c_00020,127,0.5378759468986725,random,1,224.75436260906523
7747,c630c_00020,128,0.5309632740818521,random,1,224.75436260906523
7748,c630c_00020,129,0.5687267181679542,random,1,224.75436260906523
7749,c630c_00020,130,0.5117877946948673,random,1,224.75436260906523
7750,c630c_00020,131,0.5849646241156028,random,1,224.75436260906523
7751,c630c_00020,132,0.6106402660066501,random,1,224.75436260906523
7752,c630c_00020,133,0.5983524588114703,random,1,224.75436260906523
7753,c630c_00020,134,0.6273281832045801,random,1,224.75436260906523
7754,c630c_00020,135,0.5276756918922973,random,1,224.75436260906523
7755,c630c_00020,136,0.5241506037650941,random,1,224.75436260906523
7756,c630c_00020,137,0.5485512137803445,random,1,224.75436260906523
7757,c630c_00020,138,0.5857896447411185,random,1,224.75436260906523
7758,c630c_00020,139,0.598502462561564,random,1,224.75436260906523
7759,c630c_00020,140,0.5463386584664617,random,1,224.75436260906523
7760,c630c_00020,141,0.603977599439986,random,1,224.75436260906523
7761,c630c_00020,142,0.5715392884822121,random,1,224.75436260906523
7762,c630c_00020,143,0.5342508562714068,random,1,224.75436260906523
7763,c630c_00020,144,0.6036775919397985,random,1,224.75436260906523
7764,c630c_00020,145,0.5308882722068051,random,1,224.75436260906523
7765,c630c_00020,146,0.6155653891347284,random,1,224.75436260906523
7766,c630c_00020,147,0.5409635240881022,random,1,224.75436260906523
7767,c630c_00020,148,0.6577039425985649,random,1,224.75436260906523
7768,c630c_00020,149,0.5734018350458762,random,1,224.75436260906523
7769,c630c_00020,150,0.5264631615790395,random,1,224.75436260906523
7770,c630c_00020,151,0.518425460636516,random,1,224.75436260906523
7771,c630c_00020,152,0.5585764644116102,random,1,224.75436260906523
7772,c630c_00020,153,0.5858146453661341,random,1,224.75436260906523
7773,c630c_00020,154,0.6083777094427361,random,1,224.75436260906523
7774,c630c_00020,155,0.5587764694117353,random,1,224.75436260906523
7775,c630c_00020,156,0.5517887947198681,random,1,224.75436260906523
7776,c630c_00020,157,0.569076726918173,random,1,224.75436260906523
7777,c630c_00020,158,0.5077751943798595,random,1,224.75436260906523
7778,c630c_00020,159,0.573876846921173,random,1,224.75436260906523
7779,c630c_00020,160,0.5592264806620165,random,1,224.75436260906523
7780,c630c_00020,161,0.5341258531463287,random,1,224.75436260906523
7781,c630c_00020,162,0.5810645266131653,random,1,224.75436260906523
7782,c630c_00020,163,0.5913147828695717,random,1,224.75436260906523
7783,c630c_00020,164,0.5911147778694468,random,1,224.75436260906523
7784,c630c_00020,165,0.5614390359758994,random,1,224.75436260906523
7785,c630c_00020,166,0.597977449436236,random,1,224.75436260906523
7786,c630c_00020,167,0.5134503362584065,random,1,224.75436260906523
7787,c630c_00020,168,0.5914397859946499,random,1,224.75436260906523
7788,c630c_00020,169,0.5705142628565714,random,1,224.75436260906523
7789,c630c_00020,170,0.608052701317533,random,1,224.75436260906523
7790,c630c_00020,171,0.5811395284882122,random,1,224.75436260906523
7791,c630c_00020,172,0.6082027050676266,random,1,224.75436260906523
7792,c630c_00020,173,0.563201580039501,random,1,224.75436260906523
7793,c630c_00020,174,0.5661391534788369,random,1,224.75436260906523
7794,c630c_00020,175,0.6057651441286032,random,1,224.75436260906523
7795,c630c_00020,176,0.6096152403810096,random,1,224.75436260906523
7796,c630c_00020,177,0.5784769619240481,random,1,224.75436260906523
7797,c630c_00020,178,0.6158653966349159,random,1,224.75436260906523
7798,c630c_00020,179,0.5262131553288832,random,1,224.75436260906523
7799,c630c_00020,180,0.6180779519487987,random,1,224.75436260906523
7800,c630c_00020,181,0.5910147753693842,random,1,224.75436260906523
7801,c630c_00020,182,0.6905172629315732,random,1,224.75436260906523
7802,c630c_00020,183,0.5825520638015951,random,1,224.75436260906523
7803,c630c_00020,184,0.5918022950573765,random,1,224.75436260906523
7804,c630c_00020,185,0.5907647691192279,random,1,224.75436260906523
7805,c630c_00020,186,0.6734543363584089,random,1,224.75436260906523
7806,c630c_00020,187,0.6285782144553613,random,1,224.75436260906523
7807,c630c_00020,188,0.5935773394334858,random,1,224.75436260906523
7808,c630c_00020,189,0.5988024700617516,random,1,224.75436260906523
7809,c630c_00020,190,0.5078251956298907,random,1,224.75436260906523
7810,c630c_00020,191,0.5289257231430786,random,1,224.75436260906523
7811,c630c_00020,192,0.6155403885097128,random,1,224.75436260906523
7812,c630c_00020,193,0.5733768344208605,random,1,224.75436260906523
7813,c630c_00020,194,0.5488762219055476,random,1,224.75436260906523
7814,c630c_00020,195,0.5733268331708292,random,1,224.75436260906523
7815,c630c_00020,196,0.5763394084852121,random,1,224.75436260906523
7816,c630c_00020,197,0.6058151453786345,random,1,224.75436260906523
7817,c630c_00020,198,0.5980524513112828,random,1,224.75436260906523
7818,c630c_00020,199,0.5833270831770794,random,1,224.75436260906523
7819,c630c_00020,200,0.6011650291257281,random,1,224.75436260906523
7820,c630c_00020,201,0.5760394009850246,random,1,224.75436260906523
7821,c630c_00020,202,0.6009150228755719,random,1,224.75436260906523
7822,c630c_00020,203,0.551188779719493,random,1,224.75436260906523
7823,c630c_00020,204,0.5431760794019851,random,1,224.75436260906523
7824,c630c_00020,205,0.5908397709942749,random,1,224.75436260906523
7825,c630c_00020,206,0.5484262106552664,random,1,224.75436260906523
7826,c630c_00020,207,0.5855646391159779,random,1,224.75436260906523
7827,c630c_00020,208,0.5207880197004926,random,1,224.75436260906523
7828,c630c_00020,209,0.5561889047226181,random,1,224.75436260906523
7829,c630c_00020,210,0.5813645341133529,random,1,224.75436260906523
7830,c630c_00020,211,0.5227755693892346,random,1,224.75436260906523
7831,c630c_00020,212,0.5061126528163205,random,1,224.75436260906523
7832,c630c_00020,213,0.5129253231330784,random,1,224.75436260906523
7833,c630c_00020,214,0.5460136503412585,random,1,224.75436260906523
7834,c630c_00020,215,0.5955148878721968,random,1,224.75436260906523
7835,c630c_00020,216,0.5712142803570089,random,1,224.75436260906523
7836,c630c_00020,217,0.6229030725768144,random,1,224.75436260906523
7837,c630c_00020,218,0.5603890097252431,random,1,224.75436260906523
7838,c630c_00020,219,0.5832770819270482,random,1,224.75436260906523
7839,c630c_00020,220,0.5481012025300632,random,1,224.75436260906523
7840,c630c_00020,221,0.615590389759744,random,1,224.75436260906523
7841,c630c_00020,222,0.5765644141103528,random,1,224.75436260906523
7842,c630c_00020,223,0.6217155428885722,random,1,224.75436260906523
7843,c630c_00020,224,0.5919522988074701,random,1,224.75436260906523
7844,c630c_00020,225,0.6135528388209706,random,1,224.75436260906523
7845,c630c_00020,226,0.5098377459436486,random,1,224.75436260906523
7846,c630c_00020,227,0.5037750943773595,random,1,224.75436260906523
7847,c630c_00020,228,0.5807145178629466,random,1,224.75436260906523
7848,c630c_00020,229,0.5240006000150004,random,1,224.75436260906523
7849,c630c_00020,230,0.5689767244181104,random,1,224.75436260906523
7850,c630c_00020,231,0.5537013425335633,random,1,224.75436260906523
7851,c630c_00020,232,0.626465661641541,random,1,224.75436260906523
7852,c630c_00020,233,0.6354908872721818,random,1,224.75436260906523
7853,c630c_00020,234,0.5567139178479462,random,1,224.75436260906523
7854,c630c_00020,235,0.6110402760069001,random,1,224.75436260906523
7855,c630c_00020,236,0.5616140403510088,random,1,224.75436260906523
7856,c630c_00020,237,0.5306882672066802,random,1,224.75436260906523
7857,c630c_00020,238,0.6230280757018926,random,1,224.75436260906523
7858,c630c_00020,239,0.5285007125178129,random,1,224.75436260906523
7859,c630c_00020,240,0.5212380309507738,random,1,224.75436260906523
7860,c630c_00020,241,0.5240506012650316,random,1,224.75436260906523
7861,c630c_00020,242,0.48312457811445286,random,1,224.75436260906523
7862,c630c_00020,243,0.6261906547663691,random,1,224.75436260906523
7863,c630c_00020,244,0.6041276031900797,random,1,224.75436260906523
7864,c630c_00020,245,0.5286507162679066,random,1,224.75436260906523
7865,c630c_00020,246,0.5487762194054852,random,1,224.75436260906523
7866,c630c_00020,247,0.6062901572539313,random,1,224.75436260906523
7867,c630c_00020,248,0.5715142878571964,random,1,224.75436260906523
7868,c630c_00020,249,0.5366634165854146,random,1,224.75436260906523
7869,c630c_00020,250,0.5340758518962974,random,1,224.75436260906523
7870,c630c_00020,251,0.49809995249881245,random,1,224.75436260906523
7871,c630c_00020,252,0.5607140178504463,random,1,224.75436260906523
7872,c630c_00020,253,0.5934273356833921,random,1,224.75436260906523
7873,c630c_00020,254,0.576214405360134,random,1,224.75436260906523
7874,c630c_00020,255,0.5733768344208605,random,1,224.75436260906523
7875,c630c_00020,256,0.5212880322008051,random,1,224.75436260906523
7876,c630c_00020,257,0.5761894047351184,random,1,224.75436260906523
7877,c630c_00020,258,0.5217130428260707,random,1,224.75436260906523
7878,c630c_00020,259,0.5834020850521263,random,1,224.75436260906523
7879,c630c_00020,260,0.5238505962649066,random,1,224.75436260906523
7880,c630c_00020,261,0.5959148978724469,random,1,224.75436260906523
7881,c630c_00020,262,0.5932773319332983,random,1,224.75436260906523
7882,c630c_00020,263,0.5511137778444462,random,1,224.75436260906523
7883,c630c_00020,264,0.5485012125303133,random,1,224.75436260906523
7884,c630c_00020,265,0.563801595039876,random,1,224.75436260906523
7885,c630c_00020,266,0.6104902622565564,random,1,224.75436260906523
7886,c630c_00020,267,0.5865396634915873,random,1,224.75436260906523
7887,c630c_00020,268,0.5405885147128678,random,1,224.75436260906523
7888,c630c_00020,269,0.5637265931648291,random,1,224.75436260906523
7889,c630c_00020,270,0.5542513562839071,random,1,224.75436260906523
7890,c630c_00020,271,0.5907397684942124,random,1,224.75436260906523
7891,c630c_00020,272,0.53897597439936,random,1,224.75436260906523
7892,c630c_00020,273,0.5465386634665866,random,1,224.75436260906523
7893,c630c_00020,274,0.5286507162679066,random,1,224.75436260906523
7894,c630c_00020,275,0.5489762244056101,random,1,224.75436260906523
7895,c630c_00020,276,0.5085752143803595,random,1,224.75436260906523
7896,c630c_00020,277,0.5187004675116877,random,1,224.75436260906523
7897,c630c_00020,278,0.5756393909847747,random,1,224.75436260906523
7898,c630c_00020,279,0.5086502162554064,random,1,224.75436260906523
7899,c630c_00020,280,0.5911397784944623,random,1,224.75436260906523
7900,c630c_00020,281,0.5035250881272031,random,1,224.75436260906523
7901,c630c_00020,282,0.6166529163229081,random,1,224.75436260906523
7902,c630c_00020,283,0.5951398784969624,random,1,224.75436260906523
7903,c630c_00020,284,0.558801470036751,random,1,224.75436260906523
7904,c630c_00020,285,0.5632515812895322,random,1,224.75436260906523
7905,c630c_00020,286,0.5311882797069927,random,1,224.75436260906523
7906,c630c_00020,287,0.5960899022475562,random,1,224.75436260906523
7907,c630c_00020,288,0.47926198154953875,random,1,224.75436260906523
7908,c630c_00020,289,0.546513662841571,random,1,224.75436260906523
7909,c630c_00020,290,0.5782269556738918,random,1,224.75436260906523
7910,c630c_00020,291,0.5381009525238131,random,1,224.75436260906523
7911,c630c_00020,292,0.5035250881272031,random,1,224.75436260906523
7912,c630c_00020,293,0.5330758268956723,random,1,224.75436260906523
7913,c630c_00020,294,0.5811395284882122,random,1,224.75436260906523
7914,c630c_00020,295,0.5615390384759619,random,1,224.75436260906523
7915,c630c_00020,296,0.5831270781769544,random,1,224.75436260906523
7916,c630c_00020,297,0.548651216280407,random,1,224.75436260906523
7917,c630c_00020,298,0.5224505612640316,random,1,224.75436260906523
7918,c630c_00020,299,0.6531288282207055,random,1,224.75436260906523
7919,c630c_00020,300,0.5411385284632115,random,1,224.75436260906523
7920,c630c_00020,301,0.49882497062426556,random,1,224.75436260906523
7921,c630c_00020,302,0.518150453761344,random,1,224.75436260906523
7922,c630c_00020,303,0.5458886472161804,random,1,224.75436260906523
7923,c630c_00020,304,0.535638390959774,random,1,224.75436260906523
7924,c630c_00020,305,0.6102902572564315,random,1,224.75436260906523
7925,c630c_00020,306,0.5667891697292432,random,1,224.75436260906523
7926,c630c_00020,307,0.5308132703317583,random,1,224.75436260906523
7927,c630c_00020,308,0.6127528188204705,random,1,224.75436260906523
7928,c630c_00020,309,0.5284257106427661,random,1,224.75436260906523
7929,c630c_00020,310,0.5408885222130553,random,1,224.75436260906523
7930,c630c_00020,311,0.600840021000525,random,1,224.75436260906523
7931,c630c_00020,312,0.531163279081977,random,1,224.75436260906523
7932,c630c_00020,313,0.5090002250056251,random,1,224.75436260906523
7933,c630c_00020,314,0.6082777069426736,random,1,224.75436260906523
7934,c630c_00020,315,0.580489512237806,random,1,224.75436260906523
7935,c630c_00020,316,0.5285007125178129,random,1,224.75436260906523
7936,c630c_00020,317,0.5296132403310083,random,1,224.75436260906523
7937,c630c_00020,318,0.581014525363134,random,1,224.75436260906523
7938,c630c_00020,319,0.6161404035100877,random,1,224.75436260906523
7939,c630c_00020,320,0.5532263306582664,random,1,224.75436260906523
7940,c630c_00020,321,0.5661891547288682,random,1,224.75436260906523
7941,c630c_00020,322,0.6160654016350409,random,1,224.75436260906523
7942,c630c_00020,323,0.6111152778819471,random,1,224.75436260906523
7943,c630c_00020,324,0.553126328158204,random,1,224.75436260906523
7944,c630c_00020,325,0.5261381534538363,random,1,224.75436260906523
7945,c630c_00020,326,0.6010650266256656,random,1,224.75436260906523
7946,c630c_00020,327,0.590364759118978,random,1,224.75436260906523
7947,c630c_00020,328,0.5790519762994075,random,1,224.75436260906523
7948,c630c_00020,329,0.5434010850271257,random,1,224.75436260906523
7949,c630c_00020,330,0.5910897772444311,random,1,224.75436260906523
7950,c630c_00020,331,0.5468136703417585,random,1,224.75436260906523
7951,c630c_00020,332,0.5134753368834221,random,1,224.75436260906523
7952,c630c_00020,333,0.5511387784694618,random,1,224.75436260906523
7953,c630c_00020,334,0.5639515987899697,random,1,224.75436260906523
7954,c630c_00020,335,0.5727518187954699,random,1,224.75436260906523
7955,c630c_00020,336,0.5663891597289932,random,1,224.75436260906523
7956,c630c_00020,337,0.5408385209630241,random,1,224.75436260906523
7957,c630c_00020,338,0.5715142878571964,random,1,224.75436260906523
7958,c630c_00020,339,0.6101402535063376,random,1,224.75436260906523
7959,c630c_00020,340,0.521163029075727,random,1,224.75436260906523
7960,c630c_00020,341,0.5560139003475086,random,1,224.75436260906523
7961,c630c_00020,342,0.5365134128353208,random,1,224.75436260906523
7962,c630c_00020,343,0.553126328158204,random,1,224.75436260906523
7963,c630c_00020,344,0.5087752193804845,random,1,224.75436260906523
7964,c630c_00020,345,0.5590014750368759,random,1,224.75436260906523
7965,c630c_00020,346,0.6009400235005875,random,1,224.75436260906523
7966,c630c_00020,347,0.5322008050201255,random,1,224.75436260906523
7967,c630c_00020,348,0.5214130353258831,random,1,224.75436260906523
7968,c630c_00020,349,0.5460636515912898,random,1,224.75436260906523
7969,c630c_00020,350,0.585689642241056,random,1,224.75436260906523
7970,c630c_00020,351,0.510412760319008,random,1,224.75436260906523
7971,c630c_00020,352,0.5886022150553764,random,1,224.75436260906523
7972,c630c_00020,353,0.591364784119603,random,1,224.75436260906523
7973,c630c_00020,354,0.5059626490662267,random,1,224.75436260906523
7974,c630c_00020,355,0.5961149028725719,random,1,224.75436260906523
7975,c630c_00020,356,0.5153878846971174,random,1,224.75436260906523
7976,c630c_00020,357,0.5359883997099928,random,1,224.75436260906523
7977,c630c_00020,358,0.5518887972199306,random,1,224.75436260906523
7978,c630c_00020,359,0.5225505637640941,random,1,224.75436260906523
7979,c630c_00020,360,0.5656391409785244,random,1,224.75436260906523
7980,c630c_00020,361,0.5436260906522663,random,1,224.75436260906523
7981,c630c_00020,362,0.6511912797819945,random,1,224.75436260906523
7982,c630c_00020,363,0.5755393884847121,random,1,224.75436260906523
7983,c630c_00020,364,0.535438385959649,random,1,224.75436260906523
7984,c630c_00020,365,0.5144503612590315,random,1,224.75436260906523
7985,c630c_00020,366,0.5863146578664467,random,1,224.75436260906523
7986,c630c_00020,367,0.5857646441161029,random,1,224.75436260906523
7987,c630c_00020,368,0.5603640091002275,random,1,224.75436260906523
7988,c630c_00020,369,0.5639515987899697,random,1,224.75436260906523
7989,c630c_00020,370,0.5655891397284932,random,1,224.75436260906523
7990,c630c_00020,371,0.5492262306557664,random,1,224.75436260906523
7991,c630c_00020,372,0.5508137703442586,random,1,224.75436260906523
7992,c630c_00020,373,0.4935998399959999,random,1,224.75436260906523
7993,c630c_00020,374,0.4862371559288982,random,1,224.75436260906523
7994,c630c_00020,375,0.5140003500087502,random,1,224.75436260906523
7995,c630c_00020,376,0.5424260606515163,random,1,224.75436260906523
7996,c630c_00020,377,0.5636765919147979,random,1,224.75436260906523
7997,c630c_00020,378,0.5463886597164929,random,1,224.75436260906523
7998,c630c_00020,379,0.5722518062951574,random,1,224.75436260906523
7999,c630c_00020,380,0.49902497562439063,random,1,224.75436260906523
8000,c630c_00020,381,0.4681492037300933,random,1,224.75436260906523
8001,c630c_00020,382,0.5629265731643291,random,1,224.75436260906523
8002,c630c_00020,383,0.4936748418710468,random,1,224.75436260906523
8003,c630c_00020,384,0.6148403710092752,random,1,224.75436260906523
8004,c630c_00020,385,0.5234505862646566,random,1,224.75436260906523
8005,c630c_00020,386,0.577276931923298,random,1,224.75436260906523
8006,c630c_00020,387,0.6140403510087752,random,1,224.75436260906523
8007,c630c_00020,388,0.4952373809345234,random,1,224.75436260906523
8008,c630c_00020,389,0.6171529288232206,random,1,224.75436260906523
8009,c630c_00020,390,0.5511637790944773,random,1,224.75436260906523
8010,c630c_00020,391,0.5160879021975548,random,1,224.75436260906523
8011,c630c_00020,392,0.5505637640941023,random,1,224.75436260906523
8012,c630c_00020,393,0.5814645366134154,random,1,224.75436260906523
8013,c630c_00020,394,0.5902147553688841,random,1,224.75436260906523
8014,c630c_00020,395,0.5778269456736418,random,1,224.75436260906523
8015,c630c_00020,396,0.5975274381859546,random,1,224.75436260906523
8016,c630c_00020,397,0.5131378284457111,random,1,224.75436260906523
8017,c630c_00020,398,0.5650141253531338,random,1,224.75436260906523
8018,c630c_00020,399,0.5462886572164305,random,1,224.75436260906523
8019,c630c_00020,400,0.6009900247506188,random,1,224.75436260906523
8020,c630c_00021,0,0.5684267106677667,random,2,225.91422910572766
8021,c630c_00021,1,0.5911897797444936,random,2,225.91422910572766
8022,c630c_00021,2,0.519687992199805,random,2,225.91422910572766
8023,c630c_00021,3,0.5930273256831421,random,2,225.91422910572766
8024,c630c_00021,4,0.5834020850521263,random,2,225.91422910572766
8025,c630c_00021,5,0.5236630915772894,random,2,225.91422910572766
8026,c630c_00021,6,0.5756893922348059,random,2,225.91422910572766
8027,c630c_00021,7,0.5467261681542038,random,2,225.91422910572766
8028,c630c_00021,8,0.517350433760844,random,2,225.91422910572766
8029,c630c_00021,9,0.5614890372259307,random,2,225.91422910572766
8030,c630c_00021,10,0.5710892772319308,random,2,225.91422910572766
8031,c630c_00021,11,0.5478011950298758,random,2,225.91422910572766
8032,c630c_00021,12,0.546313657841446,random,2,225.91422910572766
8033,c630c_00021,13,0.5097877446936174,random,2,225.91422910572766
8034,c630c_00021,14,0.601240031000775,random,2,225.91422910572766
8035,c630c_00021,15,0.5715892897322433,random,2,225.91422910572766
8036,c630c_00021,16,0.5838770969274232,random,2,225.91422910572766
8037,c630c_00021,17,0.5611640291007275,random,2,225.91422910572766
8038,c630c_00021,18,0.5433010825270632,random,2,225.91422910572766
8039,c630c_00021,19,0.5733768344208605,random,2,225.91422910572766
8040,c630c_00021,20,0.5586264656616415,random,2,225.91422910572766
8041,c630c_00021,21,0.5673516837920948,random,2,225.91422910572766
8042,c630c_00021,22,0.5931023275581889,random,2,225.91422910572766
8043,c630c_00021,23,0.546513662841571,random,2,225.91422910572766
8044,c630c_00021,24,0.552451311282782,random,2,225.91422910572766
8045,c630c_00021,25,0.548051201280032,random,2,225.91422910572766
8046,c630c_00021,26,0.6230030750768769,random,2,225.91422910572766
8047,c630c_00021,27,0.5815645391134778,random,2,225.91422910572766
8048,c630c_00021,28,0.5610140253506337,random,2,225.91422910572766
8049,c630c_00021,29,0.566539163479087,random,2,225.91422910572766
8050,c630c_00021,30,0.6179779494487362,random,2,225.91422910572766
8051,c630c_00021,31,0.5811895297382434,random,2,225.91422910572766
8052,c630c_00021,32,0.6600915022875572,random,2,225.91422910572766
8053,c630c_00021,33,0.5434760869021725,random,2,225.91422910572766
8054,c630c_00021,34,0.6159403985099627,random,2,225.91422910572766
8055,c630c_00021,35,0.5071751793794845,random,2,225.91422910572766
8056,c630c_00021,36,0.6098652466311658,random,2,225.91422910572766
8057,c630c_00021,37,0.540638515962899,random,2,225.91422910572766
8058,c630c_00021,38,0.573476836920923,random,2,225.91422910572766
8059,c630c_00021,39,0.5388259706492662,random,2,225.91422910572766
8060,c630c_00021,40,0.6137528438210955,random,2,225.91422910572766
8061,c630c_00021,41,0.6206155153878847,random,2,225.91422910572766
8062,c630c_00021,42,0.5684017100427511,random,2,225.91422910572766
8063,c630c_00021,43,0.5789394734868372,random,2,225.91422910572766
8064,c630c_00021,44,0.5660891522288057,random,2,225.91422910572766
8065,c630c_00021,45,0.638478461961549,random,2,225.91422910572766
8066,c630c_00021,46,0.5886522163054076,random,2,225.91422910572766
8067,c630c_00021,47,0.4927998199954998,random,2,225.91422910572766
8068,c630c_00021,48,0.6004900122503063,random,2,225.91422910572766
8069,c630c_00021,49,0.6230030750768769,random,2,225.91422910572766
8070,c630c_00021,50,0.6154403860096502,random,2,225.91422910572766
8071,c630c_00021,51,0.5687017175429385,random,2,225.91422910572766
8072,c630c_00021,52,0.5211130278256957,random,2,225.91422910572766
8073,c630c_00021,53,0.6058651466286658,random,2,225.91422910572766
8074,c630c_00021,54,0.5927023175579389,random,2,225.91422910572766
8075,c630c_00021,55,0.5830770769269231,random,2,225.91422910572766
8076,c630c_00021,56,0.5710392759818996,random,2,225.91422910572766
8077,c630c_00021,57,0.5620265506637666,random,2,225.91422910572766
8078,c630c_00021,58,0.5821270531763294,random,2,225.91422910572766
8079,c630c_00021,59,0.5657141428535714,random,2,225.91422910572766
8080,c630c_00021,60,0.5548888722218055,random,2,225.91422910572766
8081,c630c_00021,61,0.5760394009850246,random,2,225.91422910572766
8082,c630c_00021,62,0.6036775919397985,random,2,225.91422910572766
8083,c630c_00021,63,0.5565014125353134,random,2,225.91422910572766
8084,c630c_00021,64,0.567601690042251,random,2,225.91422910572766
8085,c630c_00021,65,0.6285282132053301,random,2,225.91422910572766
8086,c630c_00021,66,0.6004650116252906,random,2,225.91422910572766
8087,c630c_00021,67,0.6434285857146429,random,2,225.91422910572766
8088,c630c_00021,68,0.6723293082327058,random,2,225.91422910572766
8089,c630c_00021,69,0.6209155228880723,random,2,225.91422910572766
8090,c630c_00021,70,0.6237030925773144,random,2,225.91422910572766
8091,c630c_00021,71,0.5644641116027901,random,2,225.91422910572766
8092,c630c_00021,72,0.5852896322408061,random,2,225.91422910572766
8093,c630c_00021,73,0.5428760719017975,random,2,225.91422910572766
8094,c630c_00021,74,0.5710142753568839,random,2,225.91422910572766
8095,c630c_00021,75,0.6106402660066501,random,2,225.91422910572766
8096,c630c_00021,76,0.5836270906772669,random,2,225.91422910572766
8097,c630c_00021,77,0.5684017100427511,random,2,225.91422910572766
8098,c630c_00021,78,0.6058901472536813,random,2,225.91422910572766
8099,c630c_00021,79,0.5483262081552038,random,2,225.91422910572766
8100,c630c_00021,80,0.6408910222755568,random,2,225.91422910572766
8101,c630c_00021,81,0.5345133628340708,random,2,225.91422910572766
8102,c630c_00021,82,0.5335758393959849,random,2,225.91422910572766
8103,c630c_00021,83,0.6270531763294083,random,2,225.91422910572766
8104,c630c_00021,84,0.6246906172654316,random,2,225.91422910572766
8105,c630c_00021,85,0.5173754343858596,random,2,225.91422910572766
8106,c630c_00021,86,0.626140653516338,random,2,225.91422910572766
8107,c630c_00021,87,0.5866146653666342,random,2,225.91422910572766
8108,c630c_00021,88,0.6262656566414161,random,2,225.91422910572766
8109,c630c_00021,89,0.527025675641891,random,2,225.91422910572766
8110,c630c_00021,90,0.5235130878271957,random,2,225.91422910572766
8111,c630c_00021,91,0.5707892697317434,random,2,225.91422910572766
8112,c630c_00021,92,0.5727518187954699,random,2,225.91422910572766
8113,c630c_00021,93,0.5390509762744069,random,2,225.91422910572766
8114,c630c_00021,94,0.5811645291132278,random,2,225.91422910572766
8115,c630c_00021,95,0.6085027125678142,random,2,225.91422910572766
8116,c630c_00021,96,0.5504637615940399,random,2,225.91422910572766
8117,c630c_00021,97,0.5225255631390784,random,2,225.91422910572766
8118,c630c_00021,98,0.6433785844646116,random,2,225.91422910572766
8119,c630c_00021,99,0.5934023350583765,random,2,225.91422910572766
8120,c630c_00021,100,0.5487262181554539,random,2,225.91422910572766
8121,c630c_00021,101,0.6112902822570564,random,2,225.91422910572766
8122,c630c_00021,102,0.5136878421960549,random,2,225.91422910572766
8123,c630c_00021,103,0.5759643991099778,random,2,225.91422910572766
8124,c630c_00021,104,0.5328008200205006,random,2,225.91422910572766
8125,c630c_00021,105,0.5534138353458836,random,2,225.91422910572766
8126,c630c_00021,106,0.5021750543763595,random,2,225.91422910572766
8127,c630c_00021,107,0.5833770844271107,random,2,225.91422910572766
8128,c630c_00021,108,0.5978024450611266,random,2,225.91422910572766
8129,c630c_00021,109,0.5602140053501337,random,2,225.91422910572766
8130,c630c_00021,110,0.5819770494262356,random,2,225.91422910572766
8131,c630c_00021,111,0.5682517062926573,random,2,225.91422910572766
8132,c630c_00021,112,0.5756643916097902,random,2,225.91422910572766
8133,c630c_00021,113,0.5745143628590715,random,2,225.91422910572766
8134,c630c_00021,114,0.5760644016100402,random,2,225.91422910572766
8135,c630c_00021,115,0.5531763294082352,random,2,225.91422910572766
8136,c630c_00021,116,0.6118027950698768,random,2,225.91422910572766
8137,c630c_00021,117,0.5211255281382035,random,2,225.91422910572766
8138,c630c_00021,118,0.563201580039501,random,2,225.91422910572766
8139,c630c_00021,119,0.573476836920923,random,2,225.91422910572766
8140,c630c_00021,120,0.5937773444336109,random,2,225.91422910572766
8141,c630c_00021,121,0.5825770644266106,random,2,225.91422910572766
8142,c630c_00021,122,0.5785769644241106,random,2,225.91422910572766
8143,c630c_00021,123,0.632278306957674,random,2,225.91422910572766
8144,c630c_00021,124,0.5510137753443837,random,2,225.91422910572766
8145,c630c_00021,125,0.5188004700117503,random,2,225.91422910572766
8146,c630c_00021,126,0.6545163629090727,random,2,225.91422910572766
8147,c630c_00021,127,0.6097152428810719,random,2,225.91422910572766
8148,c630c_00021,128,0.5782519562989075,random,2,225.91422910572766
8149,c630c_00021,129,0.5641891047276182,random,2,225.91422910572766
8150,c630c_00021,130,0.5023250581264531,random,2,225.91422910572766
8151,c630c_00021,131,0.6124028100702518,random,2,225.91422910572766
8152,c630c_00021,132,0.5502137553438836,random,2,225.91422910572766
8153,c630c_00021,133,0.6063651591289783,random,2,225.91422910572766
8154,c630c_00021,134,0.5613890347258681,random,2,225.91422910572766
8155,c630c_00021,135,0.5246881172029301,random,2,225.91422910572766
8156,c630c_00021,136,0.5475761894047351,random,2,225.91422910572766
8157,c630c_00021,137,0.6212155303882597,random,2,225.91422910572766
8158,c630c_00021,138,0.5572264306607665,random,2,225.91422910572766
8159,c630c_00021,139,0.5961149028725719,random,2,225.91422910572766
8160,c630c_00021,140,0.5903397584939623,random,2,225.91422910572766
8161,c630c_00021,141,0.5761894047351184,random,2,225.91422910572766
8162,c630c_00021,142,0.6161654041351033,random,2,225.91422910572766
8163,c630c_00021,143,0.5807395184879622,random,2,225.91422910572766
8164,c630c_00021,144,0.5263881597039927,random,2,225.91422910572766
8165,c630c_00021,145,0.581089527238181,random,2,225.91422910572766
8166,c630c_00021,146,0.590564764119103,random,2,225.91422910572766
8167,c630c_00021,147,0.5785019625490637,random,2,225.91422910572766
8168,c630c_00021,148,0.5958148953723843,random,2,225.91422910572766
8169,c630c_00021,149,0.573414335358384,random,2,225.91422910572766
8170,c630c_00021,150,0.503537588439711,random,2,225.91422910572766
8171,c630c_00021,151,0.5562389059726494,random,2,225.91422910572766
8172,c630c_00021,152,0.6410910272756819,random,2,225.91422910572766
8173,c630c_00021,153,0.524888122203055,random,2,225.91422910572766
8174,c630c_00021,154,0.5708642716067902,random,2,225.91422910572766
8175,c630c_00021,155,0.6275781894547363,random,2,225.91422910572766
8176,c630c_00021,156,0.613252831320783,random,2,225.91422910572766
8177,c630c_00021,157,0.5956898922473062,random,2,225.91422910572766
8178,c630c_00021,158,0.6087277181929549,random,2,225.91422910572766
8179,c630c_00021,159,0.6518537963449087,random,2,225.91422910572766
8180,c630c_00021,160,0.551988799719993,random,2,225.91422910572766
8181,c630c_00021,161,0.5545888647216181,random,2,225.91422910572766
8182,c630c_00021,162,0.5434260856521413,random,2,225.91422910572766
8183,c630c_00021,163,0.6226280657016425,random,2,225.91422910572766
8184,c630c_00021,164,0.5982274556863921,random,2,225.91422910572766
8185,c630c_00021,165,0.5907147678691967,random,2,225.91422910572766
8186,c630c_00021,166,0.5870771769294232,random,2,225.91422910572766
8187,c630c_00021,167,0.5616140403510088,random,2,225.91422910572766
8188,c630c_00021,168,0.5218505462636566,random,2,225.91422910572766
8189,c630c_00021,169,0.5090127253181329,random,2,225.91422910572766
8190,c630c_00021,170,0.5869771744293607,random,2,225.91422910572766
8191,c630c_00021,171,0.5840521013025326,random,2,225.91422910572766
8192,c630c_00021,172,0.6055151378784469,random,2,225.91422910572766
8193,c630c_00021,173,0.5105377634440861,random,2,225.91422910572766
8194,c630c_00021,174,0.5182254556363909,random,2,225.91422910572766
8195,c630c_00021,175,0.5425510637765945,random,2,225.91422910572766
8196,c630c_00021,176,0.5506387659691493,random,2,225.91422910572766
8197,c630c_00021,177,0.5307757693942349,random,2,225.91422910572766
8198,c630c_00021,178,0.5841021025525639,random,2,225.91422910572766
8199,c630c_00021,179,0.5059501487537188,random,2,225.91422910572766
8200,c630c_00021,180,0.6036025900647516,random,2,225.91422910572766
8201,c630c_00021,181,0.5759393984849621,random,2,225.91422910572766
8202,c630c_00021,182,0.5882522063051576,random,2,225.91422910572766
8203,c630c_00021,183,0.5634515862896573,random,2,225.91422910572766
8204,c630c_00021,184,0.5748893722343058,random,2,225.91422910572766
8205,c630c_00021,185,0.5053126328158204,random,2,225.91422910572766
8206,c630c_00021,186,0.5441761044026101,random,2,225.91422910572766
8207,c630c_00021,187,0.5869771744293607,random,2,225.91422910572766
8208,c630c_00021,188,0.5207005175129378,random,2,225.91422910572766
8209,c630c_00021,189,0.5314007850196255,random,2,225.91422910572766
8210,c630c_00021,190,0.5608390209755244,random,2,225.91422910572766
8211,c630c_00021,191,0.5346633665841647,random,2,225.91422910572766
8212,c630c_00021,192,0.5862146553663842,random,2,225.91422910572766
8213,c630c_00021,193,0.527300682517063,random,2,225.91422910572766
8214,c630c_00021,194,0.529763244081102,random,2,225.91422910572766
8215,c630c_00021,195,0.5443761094027351,random,2,225.91422910572766
8216,c630c_00021,196,0.5614765369134228,random,2,225.91422910572766
8217,c630c_00021,197,0.5776519412985324,random,2,225.91422910572766
8218,c630c_00021,198,0.49631240781019526,random,2,225.91422910572766
8219,c630c_00021,199,0.5930023250581264,random,2,225.91422910572766
8220,c630c_00021,200,0.5775019375484387,random,2,225.91422910572766
8221,c630c_00021,201,0.5234755868896722,random,2,225.91422910572766
8222,c630c_00021,202,0.5107752693817346,random,2,225.91422910572766
8223,c630c_00021,203,0.544051101277532,random,2,225.91422910572766
8224,c630c_00021,204,0.5808395209880247,random,2,225.91422910572766
8225,c630c_00021,205,0.5741268531713293,random,2,225.91422910572766
8226,c630c_00021,206,0.5315882897072427,random,2,225.91422910572766
8227,c630c_00021,207,0.5270506762669067,random,2,225.91422910572766
8228,c630c_00021,208,0.5829020725518138,random,2,225.91422910572766
8229,c630c_00021,209,0.5142378559463987,random,2,225.91422910572766
8230,c630c_00021,210,0.5509137728443211,random,2,225.91422910572766
8231,c630c_00021,211,0.5833520838020951,random,2,225.91422910572766
8232,c630c_00021,212,0.539638490962274,random,2,225.91422910572766
8233,c630c_00021,213,0.5149878746968675,random,2,225.91422910572766
8234,c630c_00021,214,0.5807895197379934,random,2,225.91422910572766
8235,c630c_00021,215,0.5475761894047351,random,2,225.91422910572766
8236,c630c_00021,216,0.5638765969149229,random,2,225.91422910572766
8237,c630c_00021,217,0.5853396334908373,random,2,225.91422910572766
8238,c630c_00021,218,0.5512637815945398,random,2,225.91422910572766
8239,c630c_00021,219,0.565339133478337,random,2,225.91422910572766
8240,c630c_00021,220,0.6083027075676892,random,2,225.91422910572766
8241,c630c_00021,221,0.5644516112902823,random,2,225.91422910572766
8242,c630c_00021,222,0.5959898997474937,random,2,225.91422910572766
8243,c630c_00021,223,0.5611390284757118,random,2,225.91422910572766
8244,c630c_00021,224,0.5662141553538839,random,2,225.91422910572766
8245,c630c_00021,225,0.5693517337933448,random,2,225.91422910572766
8246,c630c_00021,226,0.603977599439986,random,2,225.91422910572766
8247,c630c_00021,227,0.5410885272131803,random,2,225.91422910572766
8248,c630c_00021,228,0.6001150028750719,random,2,225.91422910572766
8249,c630c_00021,229,0.5106377659441486,random,2,225.91422910572766
8250,c630c_00021,230,0.5414010350258757,random,2,225.91422910572766
8251,c630c_00021,231,0.5687017175429385,random,2,225.91422910572766
8252,c630c_00021,232,0.502200055001375,random,2,225.91422910572766
8253,c630c_00021,233,0.5116502912572815,random,2,225.91422910572766
8254,c630c_00021,234,0.5113252831320783,random,2,225.91422910572766
8255,c630c_00021,235,0.550588764719118,random,2,225.91422910572766
8256,c630c_00021,236,0.5763144078601965,random,2,225.91422910572766
8257,c630c_00021,237,0.5686517162929073,random,2,225.91422910572766
8258,c630c_00021,238,0.5564014100352509,random,2,225.91422910572766
8259,c630c_00021,239,0.5715892897322433,random,2,225.91422910572766
8260,c630c_00021,240,0.5422010550263756,random,2,225.91422910572766
8261,c630c_00021,241,0.5864396609915248,random,2,225.91422910572766
8262,c630c_00021,242,0.5883522088052201,random,2,225.91422910572766
8263,c630c_00021,243,0.5495637390934773,random,2,225.91422910572766
8264,c630c_00021,244,0.49707492687317184,random,2,225.91422910572766
8265,c630c_00021,245,0.594764869121728,random,2,225.91422910572766
8266,c630c_00021,246,0.5568264206605165,random,2,225.91422910572766
8267,c630c_00021,247,0.6262156553913848,random,2,225.91422910572766
8268,c630c_00021,248,0.5171379284482112,random,2,225.91422910572766
8269,c630c_00021,249,0.5190754768869221,random,2,225.91422910572766
8270,c630c_00021,250,0.5632765819145479,random,2,225.91422910572766
8271,c630c_00021,251,0.6263406585164629,random,2,225.91422910572766
8272,c630c_00021,252,0.5580014500362509,random,2,225.91422910572766
8273,c630c_00021,253,0.5250881272031801,random,2,225.91422910572766
8274,c630c_00021,254,0.5113502837570939,random,2,225.91422910572766
8275,c630c_00021,255,0.6175779394484862,random,2,225.91422910572766
8276,c630c_00021,256,0.564264106602665,random,2,225.91422910572766
8277,c630c_00021,257,0.5125753143828595,random,2,225.91422910572766
8278,c630c_00021,258,0.6009400235005875,random,2,225.91422910572766
8279,c630c_00021,259,0.6252906322658066,random,2,225.91422910572766
8280,c630c_00021,260,0.54257606440161,random,2,225.91422910572766
8281,c630c_00021,261,0.5559388984724618,random,2,225.91422910572766
8282,c630c_00021,262,0.5438385959648991,random,2,225.91422910572766
8283,c630c_00021,263,0.5582514562864072,random,2,225.91422910572766
8284,c630c_00021,264,0.5469261731543289,random,2,225.91422910572766
8285,c630c_00021,265,0.6115777894447362,random,2,225.91422910572766
8286,c630c_00021,266,0.5348883722093052,random,2,225.91422910572766
8287,c630c_00021,267,0.582952073801845,random,2,225.91422910572766
8288,c630c_00021,268,0.547051176279407,random,2,225.91422910572766
8289,c630c_00021,269,0.5734018350458762,random,2,225.91422910572766
8290,c630c_00021,270,0.5526013150328759,random,2,225.91422910572766
8291,c630c_00021,271,0.5322758068951724,random,2,225.91422910572766
8292,c630c_00021,272,0.549188729718243,random,2,225.91422910572766
8293,c630c_00021,273,0.5693267331683293,random,2,225.91422910572766
8294,c630c_00021,274,0.516212905322633,random,2,225.91422910572766
8295,c630c_00021,275,0.5347883697092428,random,2,225.91422910572766
8296,c630c_00021,276,0.5599639990999774,random,2,225.91422910572766
8297,c630c_00021,277,0.5359133978349458,random,2,225.91422910572766
8298,c630c_00021,278,0.5789394734868372,random,2,225.91422910572766
8299,c630c_00021,279,0.5442636065901647,random,2,225.91422910572766
8300,c630c_00021,280,0.526563164079102,random,2,225.91422910572766
8301,c630c_00021,281,0.5513887847196179,random,2,225.91422910572766
8302,c630c_00021,282,0.5462886572164305,random,2,225.91422910572766
8303,c630c_00021,283,0.4986249656241406,random,2,225.91422910572766
8304,c630c_00021,284,0.5621265531638291,random,2,225.91422910572766
8305,c630c_00021,285,0.5390509762744069,random,2,225.91422910572766
8306,c630c_00021,286,0.6343658591464787,random,2,225.91422910572766
8307,c630c_00021,287,0.5791144778619466,random,2,225.91422910572766
8308,c630c_00021,288,0.5005125128128203,random,2,225.91422910572766
8309,c630c_00021,289,0.5157753943848596,random,2,225.91422910572766
8310,c630c_00021,290,0.5770519262981575,random,2,225.91422910572766
8311,c630c_00021,291,0.522625565639141,random,2,225.91422910572766
8312,c630c_00021,292,0.5249131228280707,random,2,225.91422910572766
8313,c630c_00021,293,0.6211655291382285,random,2,225.91422910572766
8314,c630c_00021,294,0.5338258456461411,random,2,225.91422910572766
8315,c630c_00021,295,0.48734968374209353,random,2,225.91422910572766
8316,c630c_00021,296,0.5687517187929698,random,2,225.91422910572766
8317,c630c_00021,297,0.5763894097352433,random,2,225.91422910572766
8318,c630c_00021,298,0.5287257181429535,random,2,225.91422910572766
8319,c630c_00021,299,0.559126478161954,random,2,225.91422910572766
8320,c630c_00021,300,0.5519012975324383,random,2,225.91422910572766
8321,c630c_00021,301,0.5761394034850872,random,2,225.91422910572766
8322,c630c_00021,302,0.6012150303757594,random,2,225.91422910572766
8323,c630c_00021,303,0.5760394009850246,random,2,225.91422910572766
8324,c630c_00021,304,0.5614140353508837,random,2,225.91422910572766
8325,c630c_00021,305,0.5707892697317434,random,2,225.91422910572766
8326,c630c_00021,306,0.5538263456586414,random,2,225.91422910572766
8327,c630c_00021,307,0.5101627540688517,random,2,225.91422910572766
8328,c630c_00021,308,0.5342883572089302,random,2,225.91422910572766
8329,c630c_00021,309,0.5543388584714618,random,2,225.91422910572766
8330,c630c_00021,310,0.5452386309657742,random,2,225.91422910572766
8331,c630c_00021,311,0.5467261681542038,random,2,225.91422910572766
8332,c630c_00021,312,0.4876496912422811,random,2,225.91422910572766
8333,c630c_00021,313,0.5456136403410086,random,2,225.91422910572766
8334,c630c_00021,314,0.5265881647041176,random,2,225.91422910572766
8335,c630c_00021,315,0.539175979399485,random,2,225.91422910572766
8336,c630c_00021,316,0.5460011500287507,random,2,225.91422910572766
8337,c630c_00021,317,0.5678516962924073,random,2,225.91422910572766
8338,c630c_00021,318,0.5812145303632591,random,2,225.91422910572766
8339,c630c_00021,319,0.5761269031725793,random,2,225.91422910572766
8340,c630c_00021,320,0.5540888522213056,random,2,225.91422910572766
8341,c630c_00021,321,0.6018025450636266,random,2,225.91422910572766
8342,c630c_00021,322,0.571876796919923,random,2,225.91422910572766
8343,c630c_00021,323,0.5988024700617516,random,2,225.91422910572766
8344,c630c_00021,324,0.5889772244306108,random,2,225.91422910572766
8345,c630c_00021,325,0.5207380184504613,random,2,225.91422910572766
8346,c630c_00021,326,0.5392009800245007,random,2,225.91422910572766
8347,c630c_00021,327,0.5208630215755394,random,2,225.91422910572766
8348,c630c_00021,328,0.5757893947348683,random,2,225.91422910572766
8349,c630c_00021,329,0.5014500362509062,random,2,225.91422910572766
8350,c630c_00021,330,0.5479011975299383,random,2,225.91422910572766
8351,c630c_00021,331,0.5128878221955548,random,2,225.91422910572766
8352,c630c_00021,332,0.501937548438711,random,2,225.91422910572766
8353,c630c_00021,333,0.6074026850671267,random,2,225.91422910572766
8354,c630c_00021,334,0.512012800320008,random,2,225.91422910572766
8355,c630c_00021,335,0.5277256931423286,random,2,225.91422910572766
8356,c630c_00021,336,0.5973274331858296,random,2,225.91422910572766
8357,c630c_00021,337,0.5315132878321958,random,2,225.91422910572766
8358,c630c_00021,338,0.5793894847371184,random,2,225.91422910572766
8359,c630c_00021,339,0.5869771744293607,random,2,225.91422910572766
8360,c630c_00021,340,0.5864896622415561,random,2,225.91422910572766
8361,c630c_00021,341,0.6404410110252756,random,2,225.91422910572766
8362,c630c_00021,342,0.5757393934848372,random,2,225.91422910572766
8363,c630c_00021,343,0.5213130328258206,random,2,225.91422910572766
8364,c630c_00021,344,0.5193379834495863,random,2,225.91422910572766
8365,c630c_00021,345,0.5701892547313683,random,2,225.91422910572766
8366,c630c_00021,346,0.5334133353333833,random,2,225.91422910572766
8367,c630c_00021,347,0.57915197879947,random,2,225.91422910572766
8368,c630c_00021,348,0.5809145228630715,random,2,225.91422910572766
8369,c630c_00021,349,0.5195879896997425,random,2,225.91422910572766
8370,c630c_00021,350,0.5460636515912898,random,2,225.91422910572766
8371,c630c_00021,351,0.5420760519012975,random,2,225.91422910572766
8372,c630c_00021,352,0.5222505562639066,random,2,225.91422910572766
8373,c630c_00021,353,0.5763894097352433,random,2,225.91422910572766
8374,c630c_00021,354,0.6182779569489237,random,2,225.91422910572766
8375,c630c_00021,355,0.5436385909647741,random,2,225.91422910572766
8376,c630c_00021,356,0.5966774169354234,random,2,225.91422910572766
8377,c630c_00021,357,0.5664891622290558,random,2,225.91422910572766
8378,c630c_00021,358,0.5150378759468988,random,2,225.91422910572766
8379,c630c_00021,359,0.6382034550863772,random,2,225.91422910572766
8380,c630c_00021,360,0.5371509287732193,random,2,225.91422910572766
8381,c630c_00021,361,0.5728018200455012,random,2,225.91422910572766
8382,c630c_00021,362,0.5796894922373059,random,2,225.91422910572766
8383,c630c_00021,363,0.532700817520438,random,2,225.91422910572766
8384,c630c_00021,364,0.546513662841571,random,2,225.91422910572766
8385,c630c_00021,365,0.705017625440636,random,2,225.91422910572766
8386,c630c_00021,366,0.6247406185154629,random,2,225.91422910572766
8387,c630c_00021,367,0.5512137803445086,random,2,225.91422910572766
8388,c630c_00021,368,0.640291007275182,random,2,225.91422910572766
8389,c630c_00021,369,0.5550888772219306,random,2,225.91422910572766
8390,c630c_00021,370,0.5238630965774145,random,2,225.91422910572766
8391,c630c_00021,371,0.5514637865946649,random,2,225.91422910572766
8392,c630c_00021,372,0.5609890247256182,random,2,225.91422910572766
8393,c630c_00021,373,0.5451636290907272,random,2,225.91422910572766
8394,c630c_00021,374,0.4977749443736093,random,2,225.91422910572766
8395,c630c_00021,375,0.5042251056276407,random,2,225.91422910572766
8396,c630c_00021,376,0.5674516862921573,random,2,225.91422910572766
8397,c630c_00021,377,0.49406235155878897,random,2,225.91422910572766
8398,c630c_00021,378,0.5492637315932899,random,2,225.91422910572766
8399,c630c_00021,379,0.5537138428460712,random,2,225.91422910572766
8400,c630c_00021,380,0.5936273406835171,random,2,225.91422910572766
8401,c630c_00021,381,0.5515387884697117,random,2,225.91422910572766
8402,c630c_00021,382,0.5270756768919223,random,2,225.91422910572766
8403,c630c_00021,383,0.5549388734718368,random,2,225.91422910572766
8404,c630c_00021,384,0.5123003075076877,random,2,225.91422910572766
8405,c630c_00021,385,0.5662391559788995,random,2,225.91422910572766
8406,c630c_00021,386,0.6007650191254782,random,2,225.91422910572766
8407,c630c_00021,387,0.5661391534788369,random,2,225.91422910572766
8408,c630c_00021,388,0.6104402610065252,random,2,225.91422910572766
8409,c630c_00021,389,0.5861771544288608,random,2,225.91422910572766
8410,c630c_00021,390,0.5506387659691493,random,2,225.91422910572766
8411,c630c_00021,391,0.5619265481637041,random,2,225.91422910572766
8412,c630c_00021,392,0.5938023450586265,random,2,225.91422910572766
8413,c630c_00021,393,0.5496387409685242,random,2,225.91422910572766
8414,c630c_00021,394,0.4771994299857496,random,2,225.91422910572766
8415,c630c_00021,395,0.5808395209880247,random,2,225.91422910572766
8416,c630c_00021,396,0.633278331958299,random,2,225.91422910572766
8417,c630c_00021,397,0.5791144778619466,random,2,225.91422910572766
8418,c630c_00021,398,0.5418760469011725,random,2,225.91422910572766
8419,c630c_00021,399,0.5093252331308282,random,2,225.91422910572766
8420,c630c_00021,400,0.586089652241306,random,2,225.91422910572766
8421,c630c_00022,0,0.5275006875171879,random,3,227.43738593464838
8422,c630c_00022,1,0.5951648791219781,random,3,227.43738593464838
8423,c630c_00022,2,0.5950648766219155,random,3,227.43738593464838
8424,c630c_00022,3,0.5237630940773519,random,3,227.43738593464838
8425,c630c_00022,4,0.5564514112852821,random,3,227.43738593464838
8426,c630c_00022,5,0.5590389759743993,random,3,227.43738593464838
8427,c630c_00022,6,0.5844646116152904,random,3,227.43738593464838
8428,c630c_00022,7,0.5960274006850171,random,3,227.43738593464838
8429,c630c_00022,8,0.5693892347308682,random,3,227.43738593464838
8430,c630c_00022,9,0.554788869721743,random,3,227.43738593464838
8431,c630c_00022,10,0.5970024250606265,random,3,227.43738593464838
8432,c630c_00022,11,0.5330008250206255,random,3,227.43738593464838
8433,c630c_00022,12,0.5641391034775869,random,3,227.43738593464838
8434,c630c_00022,13,0.5346133653341334,random,3,227.43738593464838
8435,c630c_00022,14,0.552926323158079,random,3,227.43738593464838
8436,c630c_00022,15,0.5066501662541564,random,3,227.43738593464838
8437,c630c_00022,16,0.48139953498837473,random,3,227.43738593464838
8438,c630c_00022,17,0.5731518287957199,random,3,227.43738593464838
8439,c630c_00022,18,0.5269506737668441,random,3,227.43738593464838
8440,c630c_00022,19,0.6453661341533539,random,3,227.43738593464838
8441,c630c_00022,20,0.5471511787794695,random,3,227.43738593464838
8442,c630c_00022,21,0.5771769294232356,random,3,227.43738593464838
8443,c630c_00022,22,0.5545388634715869,random,3,227.43738593464838
8444,c630c_00022,23,0.5327758193954849,random,3,227.43738593464838
8445,c630c_00022,24,0.5571764294107353,random,3,227.43738593464838
8446,c630c_00022,25,0.5568264206605165,random,3,227.43738593464838
8447,c630c_00022,26,0.4951873796844921,random,3,227.43738593464838
8448,c630c_00022,27,0.5654891372284307,random,3,227.43738593464838
8449,c630c_00022,28,0.562326558163954,random,3,227.43738593464838
8450,c630c_00022,29,0.5725518137953449,random,3,227.43738593464838
8451,c630c_00022,30,0.6227530688267207,random,3,227.43738593464838
8452,c630c_00022,31,0.5727268181704543,random,3,227.43738593464838
8453,c630c_00022,32,0.5317257931448286,random,3,227.43738593464838
8454,c630c_00022,33,0.5103877596939923,random,3,227.43738593464838
8455,c630c_00022,34,0.5172004300107502,random,3,227.43738593464838
8456,c630c_00022,35,0.545513637840946,random,3,227.43738593464838
8457,c630c_00022,36,0.5568014200355009,random,3,227.43738593464838
8458,c630c_00022,37,0.5483262081552038,random,3,227.43738593464838
8459,c630c_00022,38,0.5594139853496338,random,3,227.43738593464838
8460,c630c_00022,39,0.4995374884372109,random,3,227.43738593464838
8461,c630c_00022,40,0.5631765794144854,random,3,227.43738593464838
8462,c630c_00022,41,0.5395634890872272,random,3,227.43738593464838
8463,c630c_00022,42,0.5822270556763919,random,3,227.43738593464838
8464,c630c_00022,43,0.4623740593514838,random,3,227.43738593464838
8465,c630c_00022,44,0.5561139028475712,random,3,227.43738593464838
8466,c630c_00022,45,0.5295132378309457,random,3,227.43738593464838
8467,c630c_00022,46,0.4768744218605465,random,3,227.43738593464838
8468,c630c_00022,47,0.5061126528163205,random,3,227.43738593464838
8469,c630c_00022,48,0.6076276906922673,random,3,227.43738593464838
8470,c630c_00022,49,0.555863896597415,random,3,227.43738593464838
8471,c630c_00022,50,0.5971524288107202,random,3,227.43738593464838
8472,c630c_00022,51,0.4931748293707343,random,3,227.43738593464838
8473,c630c_00022,52,0.5670766769169229,random,3,227.43738593464838
8474,c630c_00022,53,0.5864021600540014,random,3,227.43738593464838
8475,c630c_00022,54,0.6146153653841346,random,3,227.43738593464838
8476,c630c_00022,55,0.5442386059651492,random,3,227.43738593464838
8477,c630c_00022,56,0.5027000675016875,random,3,227.43738593464838
8478,c630c_00022,57,0.5552638815970399,random,3,227.43738593464838
8479,c630c_00022,58,0.517350433760844,random,3,227.43738593464838
8480,c630c_00022,59,0.5099377484437111,random,3,227.43738593464838
8481,c630c_00022,60,0.5487137178429461,random,3,227.43738593464838
8482,c630c_00022,61,0.5661266531663292,random,3,227.43738593464838
8483,c630c_00022,62,0.5502137553438836,random,3,227.43738593464838
8484,c630c_00022,63,0.6325033125828146,random,3,227.43738593464838
8485,c630c_00022,64,0.5530263256581415,random,3,227.43738593464838
8486,c630c_00022,65,0.46136153403835095,random,3,227.43738593464838
8487,c630c_00022,66,0.596977424435611,random,3,227.43738593464838
8488,c630c_00022,67,0.45088627215680394,random,3,227.43738593464838
8489,c630c_00022,68,0.5555138878471961,random,3,227.43738593464838
8490,c630c_00022,69,0.4903622590564764,random,3,227.43738593464838
8491,c630c_00022,70,0.5990649766244156,random,3,227.43738593464838
8492,c630c_00022,71,0.5549888747218681,random,3,227.43738593464838
8493,c630c_00022,72,0.5401385034625865,random,3,227.43738593464838
8494,c630c_00022,73,0.591902297557439,random,3,227.43738593464838
8495,c630c_00022,74,0.5145128628215705,random,3,227.43738593464838
8496,c630c_00022,75,0.5698642466061652,random,3,227.43738593464838
8497,c630c_00022,76,0.5475761894047351,random,3,227.43738593464838
8498,c630c_00022,77,0.5868771719292982,random,3,227.43738593464838
8499,c630c_00022,78,0.5952898822470563,random,3,227.43738593464838
8500,c630c_00022,79,0.5540138503462586,random,3,227.43738593464838
8501,c630c_00022,80,0.5681017025425635,random,3,227.43738593464838
8502,c630c_00022,81,0.5680517012925324,random,3,227.43738593464838
8503,c630c_00022,82,0.6025275631890796,random,3,227.43738593464838
8504,c630c_00022,83,0.5867021675541889,random,3,227.43738593464838
8505,c630c_00022,84,0.5132003300082503,random,3,227.43738593464838
8506,c630c_00022,85,0.6176279406985175,random,3,227.43738593464838
8507,c630c_00022,86,0.5270506762669067,random,3,227.43738593464838
8508,c630c_00022,87,0.5847396184904623,random,3,227.43738593464838
8509,c630c_00022,88,0.5943398584964624,random,3,227.43738593464838
8510,c630c_00022,89,0.533900847521188,random,3,227.43738593464838
8511,c630c_00022,90,0.5645891147278682,random,3,227.43738593464838
8512,c630c_00022,91,0.5596889922248056,random,3,227.43738593464838
8513,c630c_00022,92,0.5300132503312582,random,3,227.43738593464838
8514,c630c_00022,93,0.5568764219105478,random,3,227.43738593464838
8515,c630c_00022,94,0.594164854121353,random,3,227.43738593464838
8516,c630c_00022,95,0.5301882547063677,random,3,227.43738593464838
8517,c630c_00022,96,0.5773769344233606,random,3,227.43738593464838
8518,c630c_00022,97,0.5460386509662742,random,3,227.43738593464838
8519,c630c_00022,98,0.5297882447061176,random,3,227.43738593464838
8520,c630c_00022,99,0.548451211280282,random,3,227.43738593464838
8521,c630c_00022,100,0.5572764319107978,random,3,227.43738593464838
8522,c630c_00022,101,0.5856146403660092,random,3,227.43738593464838
8523,c630c_00022,102,0.5644891122278057,random,3,227.43738593464838
8524,c630c_00022,103,0.5720018000450011,random,3,227.43738593464838
8525,c630c_00022,104,0.5143128578214455,random,3,227.43738593464838
8526,c630c_00022,105,0.534238355958899,random,3,227.43738593464838
8527,c630c_00022,106,0.580014500362509,random,3,227.43738593464838
8528,c630c_00022,107,0.559538988474712,random,3,227.43738593464838
8529,c630c_00022,108,0.5728018200455012,random,3,227.43738593464838
8530,c630c_00022,109,0.5379509487737194,random,3,227.43738593464838
8531,c630c_00022,110,0.5392634815870396,random,3,227.43738593464838
8532,c630c_00022,111,0.5521763044076102,random,3,227.43738593464838
8533,c630c_00022,112,0.5683267081677041,random,3,227.43738593464838
8534,c630c_00022,113,0.6093902347558688,random,3,227.43738593464838
8535,c630c_00022,114,0.5476261906547664,random,3,227.43738593464838
8536,c630c_00022,115,0.6195654891372284,random,3,227.43738593464838
8537,c630c_00022,116,0.4992999824995625,random,3,227.43738593464838
8538,c630c_00022,117,0.5645391134778369,random,3,227.43738593464838
8539,c630c_00022,118,0.6094902372559314,random,3,227.43738593464838
8540,c630c_00022,119,0.5620765519137979,random,3,227.43738593464838
8541,c630c_00022,120,0.5069751743793595,random,3,227.43738593464838
8542,c630c_00022,121,0.5599639990999774,random,3,227.43738593464838
8543,c630c_00022,122,0.5431760794019851,random,3,227.43738593464838
8544,c630c_00022,123,0.5329508237705942,random,3,227.43738593464838
8545,c630c_00022,124,0.4969749243731093,random,3,227.43738593464838
8546,c630c_00022,125,0.5281507037675942,random,3,227.43738593464838
8547,c630c_00022,126,0.6074526863171579,random,3,227.43738593464838
8548,c630c_00022,127,0.5633015825395635,random,3,227.43738593464838
8549,c630c_00022,128,0.5639890997274932,random,3,227.43738593464838
8550,c630c_00022,129,0.5460136503412585,random,3,227.43738593464838
8551,c630c_00022,130,0.5195129878246956,random,3,227.43738593464838
8552,c630c_00022,131,0.5516262906572664,random,3,227.43738593464838
8553,c630c_00022,132,0.5803645091127279,random,3,227.43738593464838
8554,c630c_00022,133,0.5936023400585014,random,3,227.43738593464838
8555,c630c_00022,134,0.5318257956448911,random,3,227.43738593464838
8556,c630c_00022,135,0.526025650641266,random,3,227.43738593464838
8557,c630c_00022,136,0.5326758168954224,random,3,227.43738593464838
8558,c630c_00022,137,0.5318007950198755,random,3,227.43738593464838
8559,c630c_00022,138,0.5688267206680166,random,3,227.43738593464838
8560,c630c_00022,139,0.521625540638516,random,3,227.43738593464838
8561,c630c_00022,140,0.6604415110377759,random,3,227.43738593464838
8562,c630c_00022,141,0.5021500537513437,random,3,227.43738593464838
8563,c630c_00022,142,0.5394634865871647,random,3,227.43738593464838
8564,c630c_00022,143,0.6373284332108302,random,3,227.43738593464838
8565,c630c_00022,144,0.5531013275331883,random,3,227.43738593464838
8566,c630c_00022,145,0.5350883772094301,random,3,227.43738593464838
8567,c630c_00022,146,0.5818520463011575,random,3,227.43738593464838
8568,c630c_00022,147,0.6564789119727993,random,3,227.43738593464838
8569,c630c_00022,148,0.5248131203280082,random,3,227.43738593464838
8570,c630c_00022,149,0.5317757943948599,random,3,227.43738593464838
8571,c630c_00022,150,0.5738643466086653,random,3,227.43738593464838
8572,c630c_00022,151,0.5560639015975399,random,3,227.43738593464838
8573,c630c_00022,152,0.5231505787644691,random,3,227.43738593464838
8574,c630c_00022,153,0.5164504112602815,random,3,227.43738593464838
8575,c630c_00022,154,0.5696392409810245,random,3,227.43738593464838
8576,c630c_00022,155,0.5250631265781645,random,3,227.43738593464838
8577,c630c_00022,156,0.6027275681892048,random,3,227.43738593464838
8578,c630c_00022,157,0.5789394734868372,random,3,227.43738593464838
8579,c630c_00022,158,0.5120503012575315,random,3,227.43738593464838
8580,c630c_00022,159,0.6526038150953775,random,3,227.43738593464838
8581,c630c_00022,160,0.6145653641341033,random,3,227.43738593464838
8582,c630c_00022,161,0.5348633715842896,random,3,227.43738593464838
8583,c630c_00022,162,0.6024775619390486,random,3,227.43738593464838
8584,c630c_00022,163,0.5563139078476962,random,3,227.43738593464838
8585,c630c_00022,164,0.5053126328158204,random,3,227.43738593464838
8586,c630c_00022,165,0.567001675041876,random,3,227.43738593464838
8587,c630c_00022,166,0.5696392409810245,random,3,227.43738593464838
8588,c630c_00022,167,0.6600165004125103,random,3,227.43738593464838
8589,c630c_00022,168,0.6049651241281032,random,3,227.43738593464838
8590,c630c_00022,169,0.5748893722343058,random,3,227.43738593464838
8591,c630c_00022,170,0.5412885322133053,random,3,227.43738593464838
8592,c630c_00022,171,0.6524538113452836,random,3,227.43738593464838
8593,c630c_00022,172,0.5421260531513288,random,3,227.43738593464838
8594,c630c_00022,173,0.5594139853496338,random,3,227.43738593464838
8595,c630c_00022,174,0.5999399984999625,random,3,227.43738593464838
8596,c630c_00022,175,0.5414760369009226,random,3,227.43738593464838
8597,c630c_00022,176,0.5822270556763919,random,3,227.43738593464838
8598,c630c_00022,177,0.5100627515687892,random,3,227.43738593464838
8599,c630c_00022,178,0.5651891297282432,random,3,227.43738593464838
8600,c630c_00022,179,0.6074276856921423,random,3,227.43738593464838
8601,c630c_00022,180,0.70168004200105,random,3,227.43738593464838
8602,c630c_00022,181,0.5898647466186655,random,3,227.43738593464838
8603,c630c_00022,182,0.5925773144328608,random,3,227.43738593464838
8604,c630c_00022,183,0.5749643741093527,random,3,227.43738593464838
8605,c630c_00022,184,0.5746643666091652,random,3,227.43738593464838
8606,c630c_00022,185,0.5375759393984849,random,3,227.43738593464838
8607,c630c_00022,186,0.6212530313257831,random,3,227.43738593464838
8608,c630c_00022,187,0.48129953248831225,random,3,227.43738593464838
8609,c630c_00022,188,0.5291882297057426,random,3,227.43738593464838
8610,c630c_00022,189,0.5748643716092903,random,3,227.43738593464838
8611,c630c_00022,190,0.5677766944173605,random,3,227.43738593464838
8612,c630c_00022,191,0.5590889772244306,random,3,227.43738593464838
8613,c630c_00022,192,0.6392659816495412,random,3,227.43738593464838
8614,c630c_00022,193,0.5244881122028051,random,3,227.43738593464838
8615,c630c_00022,194,0.5508387709692742,random,3,227.43738593464838
8616,c630c_00022,195,0.6393409835245881,random,3,227.43738593464838
8617,c630c_00022,196,0.5374759368984224,random,3,227.43738593464838
8618,c630c_00022,197,0.6230530763269082,random,3,227.43738593464838
8619,c630c_00022,198,0.5629765744143603,random,3,227.43738593464838
8620,c630c_00022,199,0.5797394934873372,random,3,227.43738593464838
8621,c630c_00022,200,0.5894147353683842,random,3,227.43738593464838
8622,c630c_00022,201,0.5297132428310708,random,3,227.43738593464838
8623,c630c_00022,202,0.5455886397159929,random,3,227.43738593464838
8624,c630c_00022,203,0.6244406110152754,random,3,227.43738593464838
8625,c630c_00022,204,0.5532263306582664,random,3,227.43738593464838
8626,c630c_00022,205,0.5204130103252581,random,3,227.43738593464838
8627,c630c_00022,206,0.5872521813045326,random,3,227.43738593464838
8628,c630c_00022,207,0.5995899897497438,random,3,227.43738593464838
8629,c630c_00022,208,0.6137903447586189,random,3,227.43738593464838
8630,c630c_00022,209,0.5047126178154454,random,3,227.43738593464838
8631,c630c_00022,210,0.5785269631740794,random,3,227.43738593464838
8632,c630c_00022,211,0.5801395034875871,random,3,227.43738593464838
8633,c630c_00022,212,0.4536488412210305,random,3,227.43738593464838
8634,c630c_00022,213,0.5993399834995875,random,3,227.43738593464838
8635,c630c_00022,214,0.654566364159104,random,3,227.43738593464838
8636,c630c_00022,215,0.5686642166054151,random,3,227.43738593464838
8637,c630c_00022,216,0.6389659741493537,random,3,227.43738593464838
8638,c630c_00022,217,0.561801545038626,random,3,227.43738593464838
8639,c630c_00022,218,0.5731268281707043,random,3,227.43738593464838
8640,c630c_00022,219,0.6217280432010801,random,3,227.43738593464838
8641,c630c_00022,220,0.539913497837446,random,3,227.43738593464838
8642,c630c_00022,221,0.5539638490962274,random,3,227.43738593464838
8643,c630c_00022,222,0.5554888872221806,random,3,227.43738593464838
8644,c630c_00022,223,0.5298882472061801,random,3,227.43738593464838
8645,c630c_00022,224,0.5795644891122278,random,3,227.43738593464838
8646,c630c_00022,225,0.5392884822120553,random,3,227.43738593464838
8647,c630c_00022,226,0.527825695642391,random,3,227.43738593464838
8648,c630c_00022,227,0.5467761694042351,random,3,227.43738593464838
8649,c630c_00022,228,0.5486387159678991,random,3,227.43738593464838
8650,c630c_00022,229,0.6120278006950174,random,3,227.43738593464838
8651,c630c_00022,230,0.6280782019550488,random,3,227.43738593464838
8652,c630c_00022,231,0.5723268081702042,random,3,227.43738593464838
8653,c630c_00022,232,0.506675166879172,random,3,227.43738593464838
8654,c630c_00022,233,0.5667766694167354,random,3,227.43738593464838
8655,c630c_00022,234,0.5869271731793295,random,3,227.43738593464838
8656,c630c_00022,235,0.5999149978749468,random,3,227.43738593464838
8657,c630c_00022,236,0.598839970999275,random,3,227.43738593464838
8658,c630c_00022,237,0.5778519462986575,random,3,227.43738593464838
8659,c630c_00022,238,0.5761644041101027,random,3,227.43738593464838
8660,c630c_00022,239,0.5839395984899622,random,3,227.43738593464838
8661,c630c_00022,240,0.5695892397309933,random,3,227.43738593464838
8662,c630c_00022,241,0.6094402360059001,random,3,227.43738593464838
8663,c630c_00022,242,0.6323533088327208,random,3,227.43738593464838
8664,c630c_00022,243,0.5714017850446261,random,3,227.43738593464838
8665,c630c_00022,244,0.5217255431385784,random,3,227.43738593464838
8666,c630c_00022,245,0.5746893672341808,random,3,227.43738593464838
8667,c630c_00022,246,0.6092402310057752,random,3,227.43738593464838
8668,c630c_00022,247,0.5372509312732818,random,3,227.43738593464838
8669,c630c_00022,248,0.6043401085027126,random,3,227.43738593464838
8670,c630c_00022,249,0.5119002975074377,random,3,227.43738593464838
8671,c630c_00022,250,0.5597139928498212,random,3,227.43738593464838
8672,c630c_00022,251,0.5728018200455012,random,3,227.43738593464838
8673,c630c_00022,252,0.5870521763044076,random,3,227.43738593464838
8674,c630c_00022,253,0.5622765569139229,random,3,227.43738593464838
8675,c630c_00022,254,0.6172779319482987,random,3,227.43738593464838
8676,c630c_00022,255,0.6716292907322683,random,3,227.43738593464838
8677,c630c_00022,256,0.49752493812345305,random,3,227.43738593464838
8678,c630c_00022,257,0.5902897572439312,random,3,227.43738593464838
8679,c630c_00022,258,0.6314782869571739,random,3,227.43738593464838
8680,c630c_00022,259,0.5500887522188055,random,3,227.43738593464838
8681,c630c_00022,260,0.5119002975074377,random,3,227.43738593464838
8682,c630c_00022,261,0.5794144853621341,random,3,227.43738593464838
8683,c630c_00022,262,0.6545163629090727,random,3,227.43738593464838
8684,c630c_00022,263,0.52388809720243,random,3,227.43738593464838
8685,c630c_00022,264,0.5752393809845247,random,3,227.43738593464838
8686,c630c_00022,265,0.5332633315832895,random,3,227.43738593464838
8687,c630c_00022,266,0.47769944248606216,random,3,227.43738593464838
8688,c630c_00022,267,0.549188729718243,random,3,227.43738593464838
8689,c630c_00022,268,0.5271506787669691,random,3,227.43738593464838
8690,c630c_00022,269,0.5918772969324233,random,3,227.43738593464838
8691,c630c_00022,270,0.5892397309932749,random,3,227.43738593464838
8692,c630c_00022,271,0.6024525613140328,random,3,227.43738593464838
8693,c630c_00022,272,0.5676516912922823,random,3,227.43738593464838
8694,c630c_00022,273,0.5670766769169229,random,3,227.43738593464838
8695,c630c_00022,274,0.5788394709867747,random,3,227.43738593464838
8696,c630c_00022,275,0.5948648716217906,random,3,227.43738593464838
8697,c630c_00022,276,0.5826770669266732,random,3,227.43738593464838
8698,c630c_00022,277,0.572676816920423,random,3,227.43738593464838
8699,c630c_00022,278,0.5973774344358609,random,3,227.43738593464838
8700,c630c_00022,279,0.6471036775919399,random,3,227.43738593464838
8701,c630c_00022,280,0.5042626065651641,random,3,227.43738593464838
8702,c630c_00022,281,0.5736018400460011,random,3,227.43738593464838
8703,c630c_00022,282,0.5873521838045951,random,3,227.43738593464838
8704,c630c_00022,283,0.5758518962974074,random,3,227.43738593464838
8705,c630c_00022,284,0.5846146153653842,random,3,227.43738593464838
8706,c630c_00022,285,0.6119777994449861,random,3,227.43738593464838
8707,c630c_00022,286,0.5496137403435086,random,3,227.43738593464838
8708,c630c_00022,287,0.5696142403560089,random,3,227.43738593464838
8709,c630c_00022,288,0.544913622840571,random,3,227.43738593464838
8710,c630c_00022,289,0.5840396009900247,random,3,227.43738593464838
8711,c630c_00022,290,0.6496412410310257,random,3,227.43738593464838
8712,c630c_00022,291,0.5122003050076251,random,3,227.43738593464838
8713,c630c_00022,292,0.5972774319357983,random,3,227.43738593464838
8714,c630c_00022,293,0.558326458161454,random,3,227.43738593464838
8715,c630c_00022,294,0.6254406360159004,random,3,227.43738593464838
8716,c630c_00022,295,0.49832495812395305,random,3,227.43738593464838
8717,c630c_00022,296,0.5876521913047826,random,3,227.43738593464838
8718,c630c_00022,297,0.5578764469111728,random,3,227.43738593464838
8719,c630c_00022,298,0.5068001700042502,random,3,227.43738593464838
8720,c630c_00022,299,0.5927023175579389,random,3,227.43738593464838
8721,c630c_00022,300,0.6247406185154629,random,3,227.43738593464838
8722,c630c_00022,301,0.5649141228530714,random,3,227.43738593464838
8723,c630c_00022,302,0.6001650041251031,random,3,227.43738593464838
8724,c630c_00022,303,0.587227180679517,random,3,227.43738593464838
8725,c630c_00022,304,0.6094402360059001,random,3,227.43738593464838
8726,c630c_00022,305,0.5974774369359235,random,3,227.43738593464838
8727,c630c_00022,306,0.6256406410160255,random,3,227.43738593464838
8728,c630c_00022,307,0.5250881272031801,random,3,227.43738593464838
8729,c630c_00022,308,0.5919772994324859,random,3,227.43738593464838
8730,c630c_00022,309,0.6001400035000874,random,3,227.43738593464838
8731,c630c_00022,310,0.5819770494262356,random,3,227.43738593464838
8732,c630c_00022,311,0.4903622590564764,random,3,227.43738593464838
8733,c630c_00022,312,0.6222030550763769,random,3,227.43738593464838
8734,c630c_00022,313,0.5991899797494937,random,3,227.43738593464838
8735,c630c_00022,314,0.5128378209455237,random,3,227.43738593464838
8736,c630c_00022,315,0.6304907622690568,random,3,227.43738593464838
8737,c630c_00022,316,0.5717767944198605,random,3,227.43738593464838
8738,c630c_00022,317,0.659566489162229,random,3,227.43738593464838
8739,c630c_00022,318,0.5816520413010325,random,3,227.43738593464838
8740,c630c_00022,319,0.5750393759843996,random,3,227.43738593464838
8741,c630c_00022,320,0.6373034325858147,random,3,227.43738593464838
8742,c630c_00022,321,0.5288632215805396,random,3,227.43738593464838
8743,c630c_00022,322,0.5421510537763444,random,3,227.43738593464838
8744,c630c_00022,323,0.5551138778469462,random,3,227.43738593464838
8745,c630c_00022,324,0.5265506637665942,random,3,227.43738593464838
8746,c630c_00022,325,0.5680517012925324,random,3,227.43738593464838
8747,c630c_00022,326,0.5565764144103602,random,3,227.43738593464838
8748,c630c_00022,327,0.5366259156478912,random,3,227.43738593464838
8749,c630c_00022,328,0.6042401060026501,random,3,227.43738593464838
8750,c630c_00022,329,0.5725518137953449,random,3,227.43738593464838
8751,c630c_00022,330,0.5165004125103128,random,3,227.43738593464838
8752,c630c_00022,331,0.5698142453561339,random,3,227.43738593464838
8753,c630c_00022,332,0.6398659966499163,random,3,227.43738593464838
8754,c630c_00022,333,0.5767269181729543,random,3,227.43738593464838
8755,c630c_00022,334,0.5952648816220405,random,3,227.43738593464838
8756,c630c_00022,335,0.5991149778744469,random,3,227.43738593464838
8757,c630c_00022,336,0.6125278131953299,random,3,227.43738593464838
8758,c630c_00022,337,0.5955148878721968,random,3,227.43738593464838
8759,c630c_00022,338,0.6100902522563064,random,3,227.43738593464838
8760,c630c_00022,339,0.5822020550513762,random,3,227.43738593464838
8761,c630c_00022,340,0.6030275756893922,random,3,227.43738593464838
8762,c630c_00022,341,0.5608140203505088,random,3,227.43738593464838
8763,c630c_00022,342,0.565539138478462,random,3,227.43738593464838
8764,c630c_00022,343,0.5794394859871497,random,3,227.43738593464838
8765,c630c_00022,344,0.6080777019425485,random,3,227.43738593464838
8766,c630c_00022,345,0.572401810045251,random,3,227.43738593464838
8767,c630c_00022,346,0.5514262856571415,random,3,227.43738593464838
8768,c630c_00022,347,0.5727018175454386,random,3,227.43738593464838
8769,c630c_00022,348,0.577076926923173,random,3,227.43738593464838
8770,c630c_00022,349,0.5878521963049076,random,3,227.43738593464838
8771,c630c_00022,350,0.5090877271931799,random,3,227.43738593464838
8772,c630c_00022,351,0.5941398534963374,random,3,227.43738593464838
8773,c630c_00022,352,0.6169779244481113,random,3,227.43738593464838
8774,c630c_00022,353,0.5943148578714468,random,3,227.43738593464838
8775,c630c_00022,354,0.6324283107077677,random,3,227.43738593464838
8776,c630c_00022,355,0.5797644941123528,random,3,227.43738593464838
8777,c630c_00022,356,0.5670266756668917,random,3,227.43738593464838
8778,c630c_00022,357,0.5638265956648916,random,3,227.43738593464838
8779,c630c_00022,358,0.5295382384559614,random,3,227.43738593464838
8780,c630c_00022,359,0.5255131378284458,random,3,227.43738593464838
8781,c630c_00022,360,0.6371034275856896,random,3,227.43738593464838
8782,c630c_00022,361,0.6068026700667517,random,3,227.43738593464838
8783,c630c_00022,362,0.5740893522338059,random,3,227.43738593464838
8784,c630c_00022,363,0.5799894997374935,random,3,227.43738593464838
8785,c630c_00022,364,0.5146128653216331,random,3,227.43738593464838
8786,c630c_00022,365,0.6522288057201431,random,3,227.43738593464838
8787,c630c_00022,366,0.5489387234680867,random,3,227.43738593464838
8788,c630c_00022,367,0.6277031925798144,random,3,227.43738593464838
8789,c630c_00022,368,0.5589889747243681,random,3,227.43738593464838
8790,c630c_00022,369,0.6565289132228306,random,3,227.43738593464838
8791,c630c_00022,370,0.5194629865746644,random,3,227.43738593464838
8792,c630c_00022,371,0.6345658641466037,random,3,227.43738593464838
8793,c630c_00022,372,0.6271031775794396,random,3,227.43738593464838
8794,c630c_00022,373,0.6275531888297208,random,3,227.43738593464838
8795,c630c_00022,374,0.5931273281832046,random,3,227.43738593464838
8796,c630c_00022,375,0.6072026800670016,random,3,227.43738593464838
8797,c630c_00022,376,0.5757143928598215,random,3,227.43738593464838
8798,c630c_00022,377,0.5911272781819545,random,3,227.43738593464838
8799,c630c_00022,378,0.5865021625540638,random,3,227.43738593464838
8800,c630c_00022,379,0.6198404960124003,random,3,227.43738593464838
8801,c630c_00022,380,0.5819770494262356,random,3,227.43738593464838
8802,c630c_00022,381,0.5824770619265481,random,3,227.43738593464838
8803,c630c_00022,382,0.5794394859871497,random,3,227.43738593464838
8804,c630c_00022,383,0.5931523288082202,random,3,227.43738593464838
8805,c630c_00022,384,0.5750893772344309,random,3,227.43738593464838
8806,c630c_00022,385,0.6023025575639391,random,3,227.43738593464838
8807,c630c_00022,386,0.5327508187704693,random,3,227.43738593464838
8808,c630c_00022,387,0.549388734718368,random,3,227.43738593464838
8809,c630c_00022,388,0.5938898472461811,random,3,227.43738593464838
8810,c630c_00022,389,0.6019025475636891,random,3,227.43738593464838
8811,c630c_00022,390,0.5965524138103453,random,3,227.43738593464838
8812,c630c_00022,391,0.5887397184929624,random,3,227.43738593464838
8813,c630c_00022,392,0.5251881297032426,random,3,227.43738593464838
8814,c630c_00022,393,0.5770519262981575,random,3,227.43738593464838
8815,c630c_00022,394,0.6026025650641267,random,3,227.43738593464838
8816,c630c_00022,395,0.5867021675541889,random,3,227.43738593464838
8817,c630c_00022,396,0.594564864121603,random,3,227.43738593464838
8818,c630c_00022,397,0.6118277956948924,random,3,227.43738593464838
8819,c630c_00022,398,0.551851296282407,random,3,227.43738593464838
8820,c630c_00022,399,0.5681017025425635,random,3,227.43738593464838
8821,c630c_00022,400,0.6469286732168305,random,3,227.43738593464838
8822,c630c_00023,0,0.5166129153228831,random,4,232.57444561114028
8823,c630c_00023,1,0.46224905622640566,random,4,232.57444561114028
8824,c630c_00023,2,0.5678766969174229,random,4,232.57444561114028
8825,c630c_00023,3,0.5698892472311807,random,4,232.57444561114028
8826,c630c_00023,4,0.5941898547463687,random,4,232.57444561114028
8827,c630c_00023,5,0.4921998049951249,random,4,232.57444561114028
8828,c630c_00023,6,0.5795394884872123,random,4,232.57444561114028
8829,c630c_00023,7,0.5657141428535714,random,4,232.57444561114028
8830,c630c_00023,8,0.6025025625640641,random,4,232.57444561114028
8831,c630c_00023,9,0.5448136203405085,random,4,232.57444561114028
8832,c630c_00023,10,0.5537263431585789,random,4,232.57444561114028
8833,c630c_00023,11,0.5858396459911498,random,4,232.57444561114028
8834,c630c_00023,12,0.5858646466161654,random,4,232.57444561114028
8835,c630c_00023,13,0.5660891522288057,random,4,232.57444561114028
8836,c630c_00023,14,0.5768519212980324,random,4,232.57444561114028
8837,c630c_00023,15,0.5741143528588215,random,4,232.57444561114028
8838,c630c_00023,16,0.57235180879522,random,4,232.57444561114028
8839,c630c_00023,17,0.5708392709817746,random,4,232.57444561114028
8840,c630c_00023,18,0.5773269331733293,random,4,232.57444561114028
8841,c630c_00023,19,0.5397634940873521,random,4,232.57444561114028
8842,c630c_00023,20,0.5621765544138604,random,4,232.57444561114028
8843,c630c_00023,21,0.5268756718917973,random,4,232.57444561114028
8844,c630c_00023,22,0.5416510412760319,random,4,232.57444561114028
8845,c630c_00023,23,0.5629765744143603,random,4,232.57444561114028
8846,c630c_00023,24,0.5682267056676417,random,4,232.57444561114028
8847,c630c_00023,25,0.5271756793919848,random,4,232.57444561114028
8848,c630c_00023,26,0.5480262006550164,random,4,232.57444561114028
8849,c630c_00023,27,0.6028275706892672,random,4,232.57444561114028
8850,c630c_00023,28,0.5566139153478837,random,4,232.57444561114028
8851,c630c_00023,29,0.5248381209530238,random,4,232.57444561114028
8852,c630c_00023,30,0.5836270906772669,random,4,232.57444561114028
8853,c630c_00023,31,0.5829770744268608,random,4,232.57444561114028
8854,c630c_00023,32,0.5390634765869147,random,4,232.57444561114028
8855,c630c_00023,33,0.5141128528213206,random,4,232.57444561114028
8856,c630c_00023,34,0.561801545038626,random,4,232.57444561114028
8857,c630c_00023,35,0.5462136553413836,random,4,232.57444561114028
8858,c630c_00023,36,0.6507162679066977,random,4,232.57444561114028
8859,c630c_00023,37,0.5719017975449386,random,4,232.57444561114028
8860,c630c_00023,38,0.4958373959348984,random,4,232.57444561114028
8861,c630c_00023,39,0.61852796319908,random,4,232.57444561114028
8862,c630c_00023,40,0.5508387709692742,random,4,232.57444561114028
8863,c630c_00023,41,0.5806395159878996,random,4,232.57444561114028
8864,c630c_00023,42,0.5465886647166179,random,4,232.57444561114028
8865,c630c_00023,43,0.49661241531038275,random,4,232.57444561114028
8866,c630c_00023,44,0.5488887222180555,random,4,232.57444561114028
8867,c630c_00023,45,0.5633015825395635,random,4,232.57444561114028
8868,c630c_00023,46,0.6005150128753219,random,4,232.57444561114028
8869,c630c_00023,47,0.5634765869146728,random,4,232.57444561114028
8870,c630c_00023,48,0.5769519237980949,random,4,232.57444561114028
8871,c630c_00023,49,0.5752393809845247,random,4,232.57444561114028
8872,c630c_00023,50,0.6848171204280107,random,4,232.57444561114028
8873,c630c_00023,51,0.5947148678716968,random,4,232.57444561114028
8874,c630c_00023,52,0.664641616040401,random,4,232.57444561114028
8875,c630c_00023,53,0.5642141053526338,random,4,232.57444561114028
8876,c630c_00023,54,0.5957898947473688,random,4,232.57444561114028
8877,c630c_00023,55,0.5985274631865797,random,4,232.57444561114028
8878,c630c_00023,56,0.533900847521188,random,4,232.57444561114028
8879,c630c_00023,57,0.5997399934998375,random,4,232.57444561114028
8880,c630c_00023,58,0.5877521938048451,random,4,232.57444561114028
8881,c630c_00023,59,0.5301882547063677,random,4,232.57444561114028
8882,c630c_00023,60,0.5626515662891572,random,4,232.57444561114028
8883,c630c_00023,61,0.5885772144303608,random,4,232.57444561114028
8884,c630c_00023,62,0.5811645291132278,random,4,232.57444561114028
8885,c630c_00023,63,0.6022525563139078,random,4,232.57444561114028
8886,c630c_00023,64,0.5622515562889072,random,4,232.57444561114028
8887,c630c_00023,65,0.6209655241381035,random,4,232.57444561114028
8888,c630c_00023,66,0.5432760819020476,random,4,232.57444561114028
8889,c630c_00023,67,0.5640641016025401,random,4,232.57444561114028
8890,c630c_00023,68,0.5298132453311333,random,4,232.57444561114028
8891,c630c_00023,69,0.6009400235005875,random,4,232.57444561114028
8892,c630c_00023,70,0.5974524363109077,random,4,232.57444561114028
8893,c630c_00023,71,0.5235255881397035,random,4,232.57444561114028
8894,c630c_00023,72,0.6378034450861272,random,4,232.57444561114028
8895,c630c_00023,73,0.5973024325608141,random,4,232.57444561114028
8896,c630c_00023,74,0.5734268356708918,random,4,232.57444561114028
8897,c630c_00023,75,0.5304632615815396,random,4,232.57444561114028
8898,c630c_00023,76,0.5983274581864546,random,4,232.57444561114028
8899,c630c_00023,77,0.5562389059726494,random,4,232.57444561114028
8900,c630c_00023,78,0.5783269581739543,random,4,232.57444561114028
8901,c630c_00023,79,0.5261506537663442,random,4,232.57444561114028
8902,c630c_00023,80,0.5579514487862196,random,4,232.57444561114028
8903,c630c_00023,81,0.6533288332208305,random,4,232.57444561114028
8904,c630c_00023,82,0.593302332558314,random,4,232.57444561114028
8905,c630c_00023,83,0.5246381159528988,random,4,232.57444561114028
8906,c630c_00023,84,0.56126403160079,random,4,232.57444561114028
8907,c630c_00023,85,0.5236505912647816,random,4,232.57444561114028
8908,c630c_00023,86,0.5877771944298608,random,4,232.57444561114028
8909,c630c_00023,87,0.5403385084627116,random,4,232.57444561114028
8910,c630c_00023,88,0.5622265556638916,random,4,232.57444561114028
8911,c630c_00023,89,0.5808395209880247,random,4,232.57444561114028
8912,c630c_00023,90,0.5530263256581415,random,4,232.57444561114028
8913,c630c_00023,91,0.5810645266131653,random,4,232.57444561114028
8914,c630c_00023,92,0.6160404010100252,random,4,232.57444561114028
8915,c630c_00023,93,0.5783269581739543,random,4,232.57444561114028
8916,c630c_00023,94,0.6250156253906347,random,4,232.57444561114028
8917,c630c_00023,95,0.6005150128753219,random,4,232.57444561114028
8918,c630c_00023,96,0.5966524163104078,random,4,232.57444561114028
8919,c630c_00023,97,0.5626765669141729,random,4,232.57444561114028
8920,c630c_00023,98,0.5956898922473062,random,4,232.57444561114028
8921,c630c_00023,99,0.6176529413235331,random,4,232.57444561114028
8922,c630c_00023,100,0.5835270881772044,random,4,232.57444561114028
8923,c630c_00023,101,0.6135278381959549,random,4,232.57444561114028
8924,c630c_00023,102,0.5956398909972749,random,4,232.57444561114028
8925,c630c_00023,103,0.5758643966099153,random,4,232.57444561114028
8926,c630c_00023,104,0.5748643716092903,random,4,232.57444561114028
8927,c630c_00023,105,0.5970524263106578,random,4,232.57444561114028
8928,c630c_00023,106,0.5694642366059152,random,4,232.57444561114028
8929,c630c_00023,107,0.5956898922473062,random,4,232.57444561114028
8930,c630c_00023,108,0.57835195879897,random,4,232.57444561114028
8931,c630c_00023,109,0.5468261706542663,random,4,232.57444561114028
8932,c630c_00023,110,0.5502387559688993,random,4,232.57444561114028
8933,c630c_00023,111,0.6034775869396735,random,4,232.57444561114028
8934,c630c_00023,112,0.5679266981674542,random,4,232.57444561114028
8935,c630c_00023,113,0.5905897647441186,random,4,232.57444561114028
8936,c630c_00023,114,0.6158653966349159,random,4,232.57444561114028
8937,c630c_00023,115,0.6532038300957523,random,4,232.57444561114028
8938,c630c_00023,116,0.6381034525863146,random,4,232.57444561114028
8939,c630c_00023,117,0.705292632315808,random,4,232.57444561114028
8940,c630c_00023,118,0.5457386434660867,random,4,232.57444561114028
8941,c630c_00023,119,0.6183529588239706,random,4,232.57444561114028
8942,c630c_00023,120,0.544051101277532,random,4,232.57444561114028
8943,c630c_00023,121,0.6033025825645641,random,4,232.57444561114028
8944,c630c_00023,122,0.513550338758469,random,4,232.57444561114028
8945,c630c_00023,123,0.5596639915997901,random,4,232.57444561114028
8946,c630c_00023,124,0.6111402785069626,random,4,232.57444561114028
8947,c630c_00023,125,0.5140003500087502,random,4,232.57444561114028
8948,c630c_00023,126,0.6305407635190879,random,4,232.57444561114028
8949,c630c_00023,127,0.5629765744143603,random,4,232.57444561114028
8950,c630c_00023,128,0.5809145228630715,random,4,232.57444561114028
8951,c630c_00023,129,0.5776519412985324,random,4,232.57444561114028
8952,c630c_00023,130,0.575614390359759,random,4,232.57444561114028
8953,c630c_00023,131,0.5654141353533839,random,4,232.57444561114028
8954,c630c_00023,132,0.5783269581739543,random,4,232.57444561114028
8955,c630c_00023,133,0.5168379209480237,random,4,232.57444561114028
8956,c630c_00023,134,0.5382259556488912,random,4,232.57444561114028
8957,c630c_00023,135,0.6130028250706268,random,4,232.57444561114028
8958,c630c_00023,136,0.5882522063051576,random,4,232.57444561114028
8959,c630c_00023,137,0.5978774469361734,random,4,232.57444561114028
8960,c630c_00023,138,0.5982274556863921,random,4,232.57444561114028
8961,c630c_00023,139,0.610515262881572,random,4,232.57444561114028
8962,c630c_00023,140,0.6183279581989549,random,4,232.57444561114028
8963,c630c_00023,141,0.5333758343958599,random,4,232.57444561114028
8964,c630c_00023,142,0.6208905222630565,random,4,232.57444561114028
8965,c630c_00023,143,0.6408910222755568,random,4,232.57444561114028
8966,c630c_00023,144,0.5384009600240006,random,4,232.57444561114028
8967,c630c_00023,145,0.5312632815820395,random,4,232.57444561114028
8968,c630c_00023,146,0.5558388959723993,random,4,232.57444561114028
8969,c630c_00023,147,0.6503162579064476,random,4,232.57444561114028
8970,c630c_00023,148,0.6253656341408536,random,4,232.57444561114028
8971,c630c_00023,149,0.5664141603540088,random,4,232.57444561114028
8972,c630c_00023,150,0.5806395159878996,random,4,232.57444561114028
8973,c630c_00023,151,0.5558388959723993,random,4,232.57444561114028
8974,c630c_00023,152,0.5542638565964149,random,4,232.57444561114028
8975,c630c_00023,153,0.6178279456986424,random,4,232.57444561114028
8976,c630c_00023,154,0.6449161229030727,random,4,232.57444561114028
8977,c630c_00023,155,0.6027775694392359,random,4,232.57444561114028
8978,c630c_00023,156,0.5698392459811495,random,4,232.57444561114028
8979,c630c_00023,157,0.6168279206980174,random,4,232.57444561114028
8980,c630c_00023,158,0.6499662491562289,random,4,232.57444561114028
8981,c630c_00023,159,0.5988024700617516,random,4,232.57444561114028
8982,c630c_00023,160,0.6386534663366584,random,4,232.57444561114028
8983,c630c_00023,161,0.5432760819020476,random,4,232.57444561114028
8984,c630c_00023,162,0.5290632265806645,random,4,232.57444561114028
8985,c630c_00023,163,0.5956648916222906,random,4,232.57444561114028
8986,c630c_00023,164,0.5808145203630091,random,4,232.57444561114028
8987,c630c_00023,165,0.582952073801845,random,4,232.57444561114028
8988,c630c_00023,166,0.6116027900697517,random,4,232.57444561114028
8989,c630c_00023,167,0.6292407310182755,random,4,232.57444561114028
8990,c630c_00023,168,0.5566389159728994,random,4,232.57444561114028
8991,c630c_00023,169,0.5281007025175629,random,4,232.57444561114028
8992,c630c_00023,170,0.5315882897072427,random,4,232.57444561114028
8993,c630c_00023,171,0.6021525538138454,random,4,232.57444561114028
8994,c630c_00023,172,0.5760894022350559,random,4,232.57444561114028
8995,c630c_00023,173,0.5576764419110478,random,4,232.57444561114028
8996,c630c_00023,174,0.5683767094177354,random,4,232.57444561114028
8997,c630c_00023,175,0.6158403960099003,random,4,232.57444561114028
8998,c630c_00023,176,0.6009400235005875,random,4,232.57444561114028
8999,c630c_00023,177,0.5531763294082352,random,4,232.57444561114028
9000,c630c_00023,178,0.5353383834595864,random,4,232.57444561114028
9001,c630c_00023,179,0.5958398959974,random,4,232.57444561114028
9002,c630c_00023,180,0.5831270781769544,random,4,232.57444561114028
9003,c630c_00023,181,0.6578539463486588,random,4,232.57444561114028
9004,c630c_00023,182,0.5971524288107202,random,4,232.57444561114028
9005,c630c_00023,183,0.6022025550638765,random,4,232.57444561114028
9006,c630c_00023,184,0.561801545038626,random,4,232.57444561114028
9007,c630c_00023,185,0.5751643791094777,random,4,232.57444561114028
9008,c630c_00023,186,0.585889647241181,random,4,232.57444561114028
9009,c630c_00023,187,0.5650891272281806,random,4,232.57444561114028
9010,c630c_00023,188,0.6007650191254782,random,4,232.57444561114028
9011,c630c_00023,189,0.547051176279407,random,4,232.57444561114028
9012,c630c_00023,190,0.6501162529063227,random,4,232.57444561114028
9013,c630c_00023,191,0.5785769644241106,random,4,232.57444561114028
9014,c630c_00023,192,0.5806645166129153,random,4,232.57444561114028
9015,c630c_00023,193,0.5960649016225406,random,4,232.57444561114028
9016,c630c_00023,194,0.6074526863171579,random,4,232.57444561114028
9017,c630c_00023,195,0.5410260256506413,random,4,232.57444561114028
9018,c630c_00023,196,0.6195904897622441,random,4,232.57444561114028
9019,c630c_00023,197,0.5201630040751019,random,4,232.57444561114028
9020,c630c_00023,198,0.5209880247006176,random,4,232.57444561114028
9021,c630c_00023,199,0.6025275631890796,random,4,232.57444561114028
9022,c630c_00023,200,0.5385009625240631,random,4,232.57444561114028
9023,c630c_00023,201,0.5904147603690093,random,4,232.57444561114028
9024,c630c_00023,202,0.5755143878596966,random,4,232.57444561114028
9025,c630c_00023,203,0.6160154003850096,random,4,232.57444561114028
9026,c630c_00023,204,0.5939898497462437,random,4,232.57444561114028
9027,c630c_00023,205,0.5635515887897198,random,4,232.57444561114028
9028,c630c_00023,206,0.5836520913022826,random,4,232.57444561114028
9029,c630c_00023,207,0.5874021850546264,random,4,232.57444561114028
9030,c630c_00023,208,0.5561639040976024,random,4,232.57444561114028
9031,c630c_00023,209,0.5459386484662117,random,4,232.57444561114028
9032,c630c_00023,210,0.6044151103777595,random,4,232.57444561114028
9033,c630c_00023,211,0.5509637740943524,random,4,232.57444561114028
9034,c630c_00023,212,0.5013875346883673,random,4,232.57444561114028
9035,c630c_00023,213,0.5760394009850246,random,4,232.57444561114028
9036,c630c_00023,214,0.5987524688117203,random,4,232.57444561114028
9037,c630c_00023,215,0.5685767144178604,random,4,232.57444561114028
9038,c630c_00023,216,0.590564764119103,random,4,232.57444561114028
9039,c630c_00023,217,0.6253156328908223,random,4,232.57444561114028
9040,c630c_00023,218,0.5826270656766419,random,4,232.57444561114028
9041,c630c_00023,219,0.600440011000275,random,4,232.57444561114028
9042,c630c_00023,220,0.5986524663116578,random,4,232.57444561114028
9043,c630c_00023,221,0.524888122203055,random,4,232.57444561114028
9044,c630c_00023,222,0.5353383834595864,random,4,232.57444561114028
9045,c630c_00023,223,0.5836270906772669,random,4,232.57444561114028
9046,c630c_00023,224,0.6311657791444786,random,4,232.57444561114028
9047,c630c_00023,225,0.5784019600490012,random,4,232.57444561114028
9048,c630c_00023,226,0.5887522188054701,random,4,232.57444561114028
9049,c630c_00023,227,0.5507137678441961,random,4,232.57444561114028
9050,c630c_00023,228,0.569339233480837,random,4,232.57444561114028
9051,c630c_00023,229,0.6286282157053926,random,4,232.57444561114028
9052,c630c_00023,230,0.5773269331733293,random,4,232.57444561114028
9053,c630c_00023,231,0.6722793069826746,random,4,232.57444561114028
9054,c630c_00023,232,0.6010650266256656,random,4,232.57444561114028
9055,c630c_00023,233,0.6085527138178455,random,4,232.57444561114028
9056,c630c_00023,234,0.5574764369109227,random,4,232.57444561114028
9057,c630c_00023,235,0.6431035775894397,random,4,232.57444561114028
9058,c630c_00023,236,0.5122253056326408,random,4,232.57444561114028
9059,c630c_00023,237,0.5234505862646566,random,4,232.57444561114028
9060,c630c_00023,238,0.586089652241306,random,4,232.57444561114028
9061,c630c_00023,239,0.5526763169079227,random,4,232.57444561114028
9062,c630c_00023,240,0.6182529563239081,random,4,232.57444561114028
9063,c630c_00023,241,0.6526788169704243,random,4,232.57444561114028
9064,c630c_00023,242,0.6081277031925798,random,4,232.57444561114028
9065,c630c_00023,243,0.5616390409760244,random,4,232.57444561114028
9066,c630c_00023,244,0.5435010875271882,random,4,232.57444561114028
9067,c630c_00023,245,0.5931273281832046,random,4,232.57444561114028
9068,c630c_00023,246,0.5823270581764544,random,4,232.57444561114028
9069,c630c_00023,247,0.5690267256681417,random,4,232.57444561114028
9070,c630c_00023,248,0.6183279581989549,random,4,232.57444561114028
9071,c630c_00023,249,0.5456761419035476,random,4,232.57444561114028
9072,c630c_00023,250,0.5882022050551264,random,4,232.57444561114028
9073,c630c_00023,251,0.5936273406835171,random,4,232.57444561114028
9074,c630c_00023,252,0.6060401510037751,random,4,232.57444561114028
9075,c630c_00023,253,0.6426035650891272,random,4,232.57444561114028
9076,c630c_00023,254,0.5634515862896573,random,4,232.57444561114028
9077,c630c_00023,255,0.527025675641891,random,4,232.57444561114028
9078,c630c_00023,256,0.5509637740943524,random,4,232.57444561114028
9079,c630c_00023,257,0.5936773419335484,random,4,232.57444561114028
9080,c630c_00023,258,0.5757893947348683,random,4,232.57444561114028
9081,c630c_00023,259,0.5810395259881497,random,4,232.57444561114028
9082,c630c_00023,260,0.6089777244431112,random,4,232.57444561114028
9083,c630c_00023,261,0.6018525463136578,random,4,232.57444561114028
9084,c630c_00023,262,0.5958648966224156,random,4,232.57444561114028
9085,c630c_00023,263,0.5886772169304233,random,4,232.57444561114028
9086,c630c_00023,264,0.5402885072126804,random,4,232.57444561114028
9087,c630c_00023,265,0.5523263081577039,random,4,232.57444561114028
9088,c630c_00023,266,0.5924273106827671,random,4,232.57444561114028
9089,c630c_00023,267,0.595564889122228,random,4,232.57444561114028
9090,c630c_00023,268,0.6007650191254782,random,4,232.57444561114028
9091,c630c_00023,269,0.6750418760469011,random,4,232.57444561114028
9092,c630c_00023,270,0.5833770844271107,random,4,232.57444561114028
9093,c630c_00023,271,0.5583764594114853,random,4,232.57444561114028
9094,c630c_00023,272,0.5364009100227506,random,4,232.57444561114028
9095,c630c_00023,273,0.5865271631790795,random,4,232.57444561114028
9096,c630c_00023,274,0.6560164004100102,random,4,232.57444561114028
9097,c630c_00023,275,0.6235780894522363,random,4,232.57444561114028
9098,c630c_00023,276,0.5961774044351109,random,4,232.57444561114028
9099,c630c_00023,277,0.5528513212830322,random,4,232.57444561114028
9100,c630c_00023,278,0.5585264631615791,random,4,232.57444561114028
9101,c630c_00023,279,0.5861396534913372,random,4,232.57444561114028
9102,c630c_00023,280,0.5194129853246331,random,4,232.57444561114028
9103,c630c_00023,281,0.5327508187704693,random,4,232.57444561114028
9104,c630c_00023,282,0.5673516837920948,random,4,232.57444561114028
9105,c630c_00023,283,0.6259656491412285,random,4,232.57444561114028
9106,c630c_00023,284,0.5412260306507664,random,4,232.57444561114028
9107,c630c_00023,285,0.5710142753568839,random,4,232.57444561114028
9108,c630c_00023,286,0.6127528188204705,random,4,232.57444561114028
9109,c630c_00023,287,0.6106652666316658,random,4,232.57444561114028
9110,c630c_00023,288,0.5982274556863921,random,4,232.57444561114028
9111,c630c_00023,289,0.6060651516287907,random,4,232.57444561114028
9112,c630c_00023,290,0.6451161279031976,random,4,232.57444561114028
9113,c630c_00023,291,0.585889647241181,random,4,232.57444561114028
9114,c630c_00023,292,0.6052651316282907,random,4,232.57444561114028
9115,c630c_00023,293,0.5771019275481887,random,4,232.57444561114028
9116,c630c_00023,294,0.6094402360059001,random,4,232.57444561114028
9117,c630c_00023,295,0.6148653716342909,random,4,232.57444561114028
9118,c630c_00023,296,0.6087777194429861,random,4,232.57444561114028
9119,c630c_00023,297,0.5582389559738994,random,4,232.57444561114028
9120,c630c_00023,298,0.6220030500762519,random,4,232.57444561114028
9121,c630c_00023,299,0.6082027050676266,random,4,232.57444561114028
9122,c630c_00023,300,0.6080777019425485,random,4,232.57444561114028
9123,c630c_00023,301,0.5861896547413685,random,4,232.57444561114028
9124,c630c_00023,302,0.5392134803370084,random,4,232.57444561114028
9125,c630c_00023,303,0.557326433160829,random,4,232.57444561114028
9126,c630c_00023,304,0.5995899897497438,random,4,232.57444561114028
9127,c630c_00023,305,0.6196154903872597,random,4,232.57444561114028
9128,c630c_00023,306,0.5768519212980324,random,4,232.57444561114028
9129,c630c_00023,307,0.6580039500987525,random,4,232.57444561114028
9130,c630c_00023,308,0.5570514262856572,random,4,232.57444561114028
9131,c630c_00023,309,0.5454386359658991,random,4,232.57444561114028
9132,c630c_00023,310,0.5893897347433685,random,4,232.57444561114028
9133,c630c_00023,311,0.5916022900572515,random,4,232.57444561114028
9134,c630c_00023,312,0.5910147753693842,random,4,232.57444561114028
9135,c630c_00023,313,0.5788394709867747,random,4,232.57444561114028
9136,c630c_00023,314,0.6097152428810719,random,4,232.57444561114028
9137,c630c_00023,315,0.6393159828995725,random,4,232.57444561114028
9138,c630c_00023,316,0.596977424435611,random,4,232.57444561114028
9139,c630c_00023,317,0.572076801920048,random,4,232.57444561114028
9140,c630c_00023,318,0.6081277031925798,random,4,232.57444561114028
9141,c630c_00023,319,0.5777269431735794,random,4,232.57444561114028
9142,c630c_00023,320,0.5416510412760319,random,4,232.57444561114028
9143,c630c_00023,321,0.5530763269081727,random,4,232.57444561114028
9144,c630c_00023,322,0.5620515512887823,random,4,232.57444561114028
9145,c630c_00023,323,0.5382384559613991,random,4,232.57444561114028
9146,c630c_00023,324,0.6081277031925798,random,4,232.57444561114028
9147,c630c_00023,325,0.5635515887897198,random,4,232.57444561114028
9148,c630c_00023,326,0.5334758368959225,random,4,232.57444561114028
9149,c630c_00023,327,0.6059026475661892,random,4,232.57444561114028
9150,c630c_00023,328,0.5897647441186029,random,4,232.57444561114028
9151,c630c_00023,329,0.6130028250706268,random,4,232.57444561114028
9152,c630c_00023,330,0.6179529488237205,random,4,232.57444561114028
9153,c630c_00023,331,0.5269256731418286,random,4,232.57444561114028
9154,c630c_00023,332,0.6251406285157128,random,4,232.57444561114028
9155,c630c_00023,333,0.614590364759119,random,4,232.57444561114028
9156,c630c_00023,334,0.5870021750543764,random,4,232.57444561114028
9157,c630c_00023,335,0.588027200680017,random,4,232.57444561114028
9158,c630c_00023,336,0.6110402760069001,random,4,232.57444561114028
9159,c630c_00023,337,0.5858646466161654,random,4,232.57444561114028
9160,c630c_00023,338,0.5594139853496338,random,4,232.57444561114028
9161,c630c_00023,339,0.5538388459711493,random,4,232.57444561114028
9162,c630c_00023,340,0.6059401485037126,random,4,232.57444561114028
9163,c630c_00023,341,0.5901397534938373,random,4,232.57444561114028
9164,c630c_00023,342,0.6273781844546114,random,4,232.57444561114028
9165,c630c_00023,343,0.5394884872121803,random,4,232.57444561114028
9166,c630c_00023,344,0.5692392309807746,random,4,232.57444561114028
9167,c630c_00023,345,0.5868771719292982,random,4,232.57444561114028
9168,c630c_00023,346,0.600040001000025,random,4,232.57444561114028
9169,c630c_00023,347,0.5961899047476187,random,4,232.57444561114028
9170,c630c_00023,348,0.5802895072376809,random,4,232.57444561114028
9171,c630c_00023,349,0.6032775819395485,random,4,232.57444561114028
9172,c630c_00023,350,0.6045401135028377,random,4,232.57444561114028
9173,c630c_00023,351,0.6177279431985799,random,4,232.57444561114028
9174,c630c_00023,352,0.6206905172629316,random,4,232.57444561114028
9175,c630c_00023,353,0.5823270581764544,random,4,232.57444561114028
9176,c630c_00023,354,0.5540388509712744,random,4,232.57444561114028
9177,c630c_00023,355,0.5657516437910948,random,4,232.57444561114028
9178,c630c_00023,356,0.6255906397659942,random,4,232.57444561114028
9179,c630c_00023,357,0.5895897397434936,random,4,232.57444561114028
9180,c630c_00023,358,0.6056151403785095,random,4,232.57444561114028
9181,c630c_00023,359,0.6129778244456111,random,4,232.57444561114028
9182,c630c_00023,360,0.6177029425735643,random,4,232.57444561114028
9183,c630c_00023,361,0.5296132403310083,random,4,232.57444561114028
9184,c630c_00023,362,0.5217255431385784,random,4,232.57444561114028
9185,c630c_00023,363,0.6103402585064627,random,4,232.57444561114028
9186,c630c_00023,364,0.5949648741218531,random,4,232.57444561114028
9187,c630c_00023,365,0.612652816320408,random,4,232.57444561114028
9188,c630c_00023,366,0.6408660216505413,random,4,232.57444561114028
9189,c630c_00023,367,0.6031025775644392,random,4,232.57444561114028
9190,c630c_00023,368,0.6180529513237831,random,4,232.57444561114028
9191,c630c_00023,369,0.598177454436361,random,4,232.57444561114028
9192,c630c_00023,370,0.5532888322208055,random,4,232.57444561114028
9193,c630c_00023,371,0.589364734118353,random,4,232.57444561114028
9194,c630c_00023,372,0.6305657641441036,random,4,232.57444561114028
9195,c630c_00023,373,0.610915272881822,random,4,232.57444561114028
9196,c630c_00023,374,0.5658141453536338,random,4,232.57444561114028
9197,c630c_00023,375,0.5463261581539538,random,4,232.57444561114028
9198,c630c_00023,376,0.6114777869446736,random,4,232.57444561114028
9199,c630c_00023,377,0.5883522088052201,random,4,232.57444561114028
9200,c630c_00023,378,0.5845646141153529,random,4,232.57444561114028
9201,c630c_00023,379,0.6570789269731743,random,4,232.57444561114028
9202,c630c_00023,380,0.4885122128053201,random,4,232.57444561114028
9203,c630c_00023,381,0.5647891197279933,random,4,232.57444561114028
9204,c630c_00023,382,0.5122253056326408,random,4,232.57444561114028
9205,c630c_00023,383,0.5198629965749144,random,4,232.57444561114028
9206,c630c_00023,384,0.6007650191254782,random,4,232.57444561114028
9207,c630c_00023,385,0.5696142403560089,random,4,232.57444561114028
9208,c630c_00023,386,0.5337883447086177,random,4,232.57444561114028
9209,c630c_00023,387,0.5684767119177979,random,4,232.57444561114028
9210,c630c_00023,388,0.6143153578839471,random,4,232.57444561114028
9211,c630c_00023,389,0.6058651466286658,random,4,232.57444561114028
9212,c630c_00023,390,0.6149153728843222,random,4,232.57444561114028
9213,c630c_00023,391,0.569139228480712,random,4,232.57444561114028
9214,c630c_00023,392,0.6355908897722443,random,4,232.57444561114028
9215,c630c_00023,393,0.5320258006450161,random,4,232.57444561114028
9216,c630c_00023,394,0.5471761794044852,random,4,232.57444561114028
9217,c630c_00023,395,0.6251906297657441,random,4,232.57444561114028
9218,c630c_00023,396,0.4880122003050076,random,4,232.57444561114028
9219,c630c_00023,397,0.5983774594364859,random,4,232.57444561114028
9220,c630c_00023,398,0.6168529213230332,random,4,232.57444561114028
9221,c630c_00023,399,0.5708892722318057,random,4,232.57444561114028
9222,c630c_00023,400,0.57235180879522,random,4,232.57444561114028
9223,c630c_00024,0,0.6050151253781344,random,5,215.25008750218754
9224,c630c_00024,1,0.482249556238906,random,5,215.25008750218754
9225,c630c_00024,2,0.5033250831270781,random,5,215.25008750218754
9226,c630c_00024,3,0.5857896447411185,random,5,215.25008750218754
9227,c630c_00024,4,0.565939148478712,random,5,215.25008750218754
9228,c630c_00024,5,0.5352633815845396,random,5,215.25008750218754
9229,c630c_00024,6,0.5067251681292032,random,5,215.25008750218754
9230,c630c_00024,7,0.5912897822445561,random,5,215.25008750218754
9231,c630c_00024,8,0.6079776994424861,random,5,215.25008750218754
9232,c630c_00024,9,0.5463011575289383,random,5,215.25008750218754
9233,c630c_00024,10,0.5418260456511412,random,5,215.25008750218754
9234,c630c_00024,11,0.606377659441486,random,5,215.25008750218754
9235,c630c_00024,12,0.5607390184754619,random,5,215.25008750218754
9236,c630c_00024,13,0.548988724718118,random,5,215.25008750218754
9237,c630c_00024,14,0.4776244406110153,random,5,215.25008750218754
9238,c630c_00024,15,0.5407510187754694,random,5,215.25008750218754
9239,c630c_00024,16,0.5317757943948599,random,5,215.25008750218754
9240,c630c_00024,17,0.5679766994174854,random,5,215.25008750218754
9241,c630c_00024,18,0.5554138853471337,random,5,215.25008750218754
9242,c630c_00024,19,0.4953873846846171,random,5,215.25008750218754
9243,c630c_00024,20,0.5382384559613991,random,5,215.25008750218754
9244,c630c_00024,21,0.5285507137678442,random,5,215.25008750218754
9245,c630c_00024,22,0.5443761094027351,random,5,215.25008750218754
9246,c630c_00024,23,0.5116002900072502,random,5,215.25008750218754
9247,c630c_00024,24,0.5687767194179855,random,5,215.25008750218754
9248,c630c_00024,25,0.5980524513112828,random,5,215.25008750218754
9249,c630c_00024,26,0.5142878571964299,random,5,215.25008750218754
9250,c630c_00024,27,0.5438385959648991,random,5,215.25008750218754
9251,c630c_00024,28,0.5526763169079227,random,5,215.25008750218754
9252,c630c_00024,29,0.577276931923298,random,5,215.25008750218754
9253,c630c_00024,30,0.6033275831895797,random,5,215.25008750218754
9254,c630c_00024,31,0.5498637465936649,random,5,215.25008750218754
9255,c630c_00024,32,0.5671016775419386,random,5,215.25008750218754
9256,c630c_00024,33,0.5890897272431811,random,5,215.25008750218754
9257,c630c_00024,34,0.5720518012950324,random,5,215.25008750218754
9258,c630c_00024,35,0.5413885347133678,random,5,215.25008750218754
9259,c630c_00024,36,0.5439885997149929,random,5,215.25008750218754
9260,c630c_00024,37,0.5192129803245081,random,5,215.25008750218754
9261,c630c_00024,38,0.5436885922148054,random,5,215.25008750218754
9262,c630c_00024,39,0.6401160029000725,random,5,215.25008750218754
9263,c630c_00024,40,0.5871521788044701,random,5,215.25008750218754
9264,c630c_00024,41,0.5357258931473288,random,5,215.25008750218754
9265,c630c_00024,42,0.5237380934523364,random,5,215.25008750218754
9266,c630c_00024,43,0.540113502837571,random,5,215.25008750218754
9267,c630c_00024,44,0.5902397559938999,random,5,215.25008750218754
9268,c630c_00024,45,0.5836020900522514,random,5,215.25008750218754
9269,c630c_00024,46,0.5966524163104078,random,5,215.25008750218754
9270,c630c_00024,47,0.5482637065926649,random,5,215.25008750218754
9271,c630c_00024,48,0.5810270256756419,random,5,215.25008750218754
9272,c630c_00024,49,0.5702142553563839,random,5,215.25008750218754
9273,c630c_00024,50,0.5802145053626341,random,5,215.25008750218754
9274,c630c_00024,51,0.5690017250431261,random,5,215.25008750218754
9275,c630c_00024,52,0.5410260256506413,random,5,215.25008750218754
9276,c630c_00024,53,0.5027625690642266,random,5,215.25008750218754
9277,c630c_00024,54,0.5516012900322508,random,5,215.25008750218754
9278,c630c_00024,55,0.5581014525363135,random,5,215.25008750218754
9279,c630c_00024,56,0.531300782519563,random,5,215.25008750218754
9280,c630c_00024,57,0.5472261806545164,random,5,215.25008750218754
9281,c630c_00024,58,0.4951873796844921,random,5,215.25008750218754
9282,c630c_00024,59,0.5304007600190005,random,5,215.25008750218754
9283,c630c_00024,60,0.54137603440086,random,5,215.25008750218754
9284,c630c_00024,61,0.5158503962599065,random,5,215.25008750218754
9285,c630c_00024,62,0.5504637615940399,random,5,215.25008750218754
9286,c630c_00024,63,0.5177879446986174,random,5,215.25008750218754
9287,c630c_00024,64,0.5041126028150704,random,5,215.25008750218754
9288,c630c_00024,65,0.5200130003250081,random,5,215.25008750218754
9289,c630c_00024,66,0.5587389684742119,random,5,215.25008750218754
9290,c630c_00024,67,0.5156503912597815,random,5,215.25008750218754
9291,c630c_00024,68,0.5577514437860946,random,5,215.25008750218754
9292,c630c_00024,69,0.5042376059401485,random,5,215.25008750218754
9293,c630c_00024,70,0.5380884522113053,random,5,215.25008750218754
9294,c630c_00024,71,0.5005250131253282,random,5,215.25008750218754
9295,c630c_00024,72,0.5013250331258281,random,5,215.25008750218754
9296,c630c_00024,73,0.574214355358884,random,5,215.25008750218754
9297,c630c_00024,74,0.53777594439861,random,5,215.25008750218754
9298,c630c_00024,75,0.4595114877871947,random,5,215.25008750218754
9299,c630c_00024,76,0.5379009475236881,random,5,215.25008750218754
9300,c630c_00024,77,0.5331758293957349,random,5,215.25008750218754
9301,c630c_00024,78,0.527300682517063,random,5,215.25008750218754
9302,c630c_00024,79,0.5339883497087428,random,5,215.25008750218754
9303,c630c_00024,80,0.5700142503562589,random,5,215.25008750218754
9304,c630c_00024,81,0.5356008900222506,random,5,215.25008750218754
9305,c630c_00024,82,0.5387634690867271,random,5,215.25008750218754
9306,c630c_00024,83,0.515950398759969,random,5,215.25008750218754
9307,c630c_00024,84,0.5437635940898522,random,5,215.25008750218754
9308,c630c_00024,85,0.5059251481287033,random,5,215.25008750218754
9309,c630c_00024,86,0.5792644816120402,random,5,215.25008750218754
9310,c630c_00024,87,0.5768769219230481,random,5,215.25008750218754
9311,c630c_00024,88,0.5344633615840396,random,5,215.25008750218754
9312,c630c_00024,89,0.49672491812295305,random,5,215.25008750218754
9313,c630c_00024,90,0.5216505412635316,random,5,215.25008750218754
9314,c630c_00024,91,0.5966524163104078,random,5,215.25008750218754
9315,c630c_00024,92,0.5713267831695792,random,5,215.25008750218754
9316,c630c_00024,93,0.5131378284457111,random,5,215.25008750218754
9317,c630c_00024,94,0.491324783119578,random,5,215.25008750218754
9318,c630c_00024,95,0.5119252981324534,random,5,215.25008750218754
9319,c630c_00024,96,0.4792119802995075,random,5,215.25008750218754
9320,c630c_00024,97,0.5735643391084777,random,5,215.25008750218754
9321,c630c_00024,98,0.5080377009425235,random,5,215.25008750218754
9322,c630c_00024,99,0.5725018125453136,random,5,215.25008750218754
9323,c630c_00024,100,0.538638465961649,random,5,215.25008750218754
9324,c630c_00024,101,0.5362009050226255,random,5,215.25008750218754
9325,c630c_00024,102,0.5978024450611266,random,5,215.25008750218754
9326,c630c_00024,103,0.5614265356633916,random,5,215.25008750218754
9327,c630c_00024,104,0.5740393509837746,random,5,215.25008750218754
9328,c630c_00024,105,0.5468761719042976,random,5,215.25008750218754
9329,c630c_00024,106,0.5435135878396959,random,5,215.25008750218754
9330,c630c_00024,107,0.619390484762119,random,5,215.25008750218754
9331,c630c_00024,108,0.5842396059901498,random,5,215.25008750218754
9332,c630c_00024,109,0.5261006525163129,random,5,215.25008750218754
9333,c630c_00024,110,0.5110752768819221,random,5,215.25008750218754
9334,c630c_00024,111,0.4969499237480937,random,5,215.25008750218754
9335,c630c_00024,112,0.5537138428460712,random,5,215.25008750218754
9336,c630c_00024,113,0.5308007700192505,random,5,215.25008750218754
9337,c630c_00024,114,0.5164004100102503,random,5,215.25008750218754
9338,c630c_00024,115,0.5053751343783595,random,5,215.25008750218754
9339,c630c_00024,116,0.5166504162604065,random,5,215.25008750218754
9340,c630c_00024,117,0.5155753893847346,random,5,215.25008750218754
9341,c630c_00024,118,0.4907747693692342,random,5,215.25008750218754
9342,c630c_00024,119,0.515550388759719,random,5,215.25008750218754
9343,c630c_00024,120,0.5363509087727193,random,5,215.25008750218754
9344,c630c_00024,121,0.5300382509562739,random,5,215.25008750218754
9345,c630c_00024,122,0.5063001575039376,random,5,215.25008750218754
9346,c630c_00024,123,0.609515237880947,random,5,215.25008750218754
9347,c630c_00024,124,0.5786894672366809,random,5,215.25008750218754
9348,c630c_00024,125,0.5462011550288757,random,5,215.25008750218754
9349,c630c_00024,126,0.5298132453311333,random,5,215.25008750218754
9350,c630c_00024,127,0.5286882172054301,random,5,215.25008750218754
9351,c630c_00024,128,0.5472261806545164,random,5,215.25008750218754
9352,c630c_00024,129,0.5632765819145479,random,5,215.25008750218754
9353,c630c_00024,130,0.6137153428835721,random,5,215.25008750218754
9354,c630c_00024,131,0.5196379909497737,random,5,215.25008750218754
9355,c630c_00024,132,0.5357008925223131,random,5,215.25008750218754
9356,c630c_00024,133,0.523363084077102,random,5,215.25008750218754
9357,c630c_00024,134,0.5231880797019925,random,5,215.25008750218754
9358,c630c_00024,135,0.568939223480587,random,5,215.25008750218754
9359,c630c_00024,136,0.5236380909522738,random,5,215.25008750218754
9360,c630c_00024,137,0.5179629490737269,random,5,215.25008750218754
9361,c630c_00024,138,0.564939123478087,random,5,215.25008750218754
9362,c630c_00024,139,0.5259506487662191,random,5,215.25008750218754
9363,c630c_00024,140,0.5079126978174454,random,5,215.25008750218754
9364,c630c_00024,141,0.5458761469036726,random,5,215.25008750218754
9365,c630c_00024,142,0.5381634540863521,random,5,215.25008750218754
9366,c630c_00024,143,0.5253006325158129,random,5,215.25008750218754
9367,c630c_00024,144,0.5079376984424611,random,5,215.25008750218754
9368,c630c_00024,145,0.5287882197054927,random,5,215.25008750218754
9369,c630c_00024,146,0.5030875771894298,random,5,215.25008750218754
9370,c630c_00024,147,0.543713592839821,random,5,215.25008750218754
9371,c630c_00024,148,0.5359508987724694,random,5,215.25008750218754
9372,c630c_00024,149,0.5763769094227356,random,5,215.25008750218754
9373,c630c_00024,150,0.5177629440736019,random,5,215.25008750218754
9374,c630c_00024,151,0.5204755118877972,random,5,215.25008750218754
9375,c630c_00024,152,0.5659516487912197,random,5,215.25008750218754
9376,c630c_00024,153,0.5032125803145079,random,5,215.25008750218754
9377,c630c_00024,154,0.5169004225105628,random,5,215.25008750218754
9378,c630c_00024,155,0.5329633240831021,random,5,215.25008750218754
9379,c630c_00024,156,0.49348733718342963,random,5,215.25008750218754
9380,c630c_00024,157,0.5737893447336183,random,5,215.25008750218754
9381,c630c_00024,158,0.5681392034800871,random,5,215.25008750218754
9382,c630c_00024,159,0.5606265156628916,random,5,215.25008750218754
9383,c630c_00024,160,0.5596639915997901,random,5,215.25008750218754
9384,c630c_00024,161,0.5238130953273832,random,5,215.25008750218754
9385,c630c_00024,162,0.5337883447086177,random,5,215.25008750218754
9386,c630c_00024,163,0.5011250281257031,random,5,215.25008750218754
9387,c630c_00024,164,0.5156003900097502,random,5,215.25008750218754
9388,c630c_00024,165,0.518087952198805,random,5,215.25008750218754
9389,c630c_00024,166,0.5314257856446412,random,5,215.25008750218754
9390,c630c_00024,167,0.49806245156128903,random,5,215.25008750218754
9391,c630c_00024,168,0.5493637340933524,random,5,215.25008750218754
9392,c630c_00024,169,0.5088627215680392,random,5,215.25008750218754
9393,c630c_00024,170,0.49878746968674215,random,5,215.25008750218754
9394,c630c_00024,171,0.5034625865646641,random,5,215.25008750218754
9395,c630c_00024,172,0.5661766544163604,random,5,215.25008750218754
9396,c630c_00024,173,0.48051201280031997,random,5,215.25008750218754
9397,c630c_00024,174,0.5788894722368059,random,5,215.25008750218754
9398,c630c_00024,175,0.5055751393784845,random,5,215.25008750218754
9399,c630c_00024,176,0.6307907697692442,random,5,215.25008750218754
9400,c630c_00024,177,0.5432135803395085,random,5,215.25008750218754
9401,c630c_00024,178,0.556126403160079,random,5,215.25008750218754
9402,c630c_00024,179,0.505875146878672,random,5,215.25008750218754
9403,c630c_00024,180,0.5128878221955548,random,5,215.25008750218754
9404,c630c_00024,181,0.5673016825420636,random,5,215.25008750218754
9405,c630c_00024,182,0.528963224080602,random,5,215.25008750218754
9406,c630c_00024,183,0.50040001000025,random,5,215.25008750218754
9407,c630c_00024,184,0.5367884197104927,random,5,215.25008750218754
9408,c630c_00024,185,0.5086877171929298,random,5,215.25008750218754
9409,c630c_00024,186,0.5741143528588215,random,5,215.25008750218754
9410,c630c_00024,187,0.537175929398235,random,5,215.25008750218754
9411,c630c_00024,188,0.5282632065801645,random,5,215.25008750218754
9412,c630c_00024,189,0.6047401185029626,random,5,215.25008750218754
9413,c630c_00024,190,0.5286382159553988,random,5,215.25008750218754
9414,c630c_00024,191,0.5186629665741643,random,5,215.25008750218754
9415,c630c_00024,192,0.5185879646991175,random,5,215.25008750218754
9416,c630c_00024,193,0.5520763019075476,random,5,215.25008750218754
9417,c630c_00024,194,0.507475186879672,random,5,215.25008750218754
9418,c630c_00024,195,0.605715142878572,random,5,215.25008750218754
9419,c630c_00024,196,0.5395134878371959,random,5,215.25008750218754
9420,c630c_00024,197,0.5494637365934149,random,5,215.25008750218754
9421,c630c_00024,198,0.5193379834495863,random,5,215.25008750218754
9422,c630c_00024,199,0.5137128428210705,random,5,215.25008750218754
9423,c630c_00024,200,0.5160254006350159,random,5,215.25008750218754
9424,c630c_00024,201,0.5078126953173829,random,5,215.25008750218754
9425,c630c_00024,202,0.46629915747893697,random,5,215.25008750218754
9426,c630c_00024,203,0.5411760294007351,random,5,215.25008750218754
9427,c630c_00024,204,0.5259756493912348,random,5,215.25008750218754
9428,c630c_00024,205,0.5231505787644691,random,5,215.25008750218754
9429,c630c_00024,206,0.524963124078102,random,5,215.25008750218754
9430,c630c_00024,207,0.5667266681667043,random,5,215.25008750218754
9431,c630c_00024,208,0.5609265231630791,random,5,215.25008750218754
9432,c630c_00024,209,0.5296382409560239,random,5,215.25008750218754
9433,c630c_00024,210,0.5793644841121028,random,5,215.25008750218754
9434,c630c_00024,211,0.5458761469036726,random,5,215.25008750218754
9435,c630c_00024,212,0.509137728443211,random,5,215.25008750218754
9436,c630c_00024,213,0.48331208280207005,random,5,215.25008750218754
9437,c630c_00024,214,0.5232630815770395,random,5,215.25008750218754
9438,c630c_00024,215,0.5205755143878597,random,5,215.25008750218754
9439,c630c_00024,216,0.5527013175329383,random,5,215.25008750218754
9440,c630c_00024,217,0.5533013325333134,random,5,215.25008750218754
9441,c630c_00024,218,0.5364259106477662,random,5,215.25008750218754
9442,c630c_00024,219,0.5307257681442036,random,5,215.25008750218754
9443,c630c_00024,220,0.5191129778244457,random,5,215.25008750218754
9444,c630c_00024,221,0.5203255081377034,random,5,215.25008750218754
9445,c630c_00024,222,0.5244131103277582,random,5,215.25008750218754
9446,c630c_00024,223,0.508537713442836,random,5,215.25008750218754
9447,c630c_00024,224,0.5119127978199455,random,5,215.25008750218754
9448,c630c_00024,225,0.5398134953373834,random,5,215.25008750218754
9449,c630c_00024,226,0.5029625740643516,random,5,215.25008750218754
9450,c630c_00024,227,0.5005500137503438,random,5,215.25008750218754
9451,c630c_00024,228,0.5139128478211955,random,5,215.25008750218754
9452,c630c_00024,229,0.515750393759844,random,5,215.25008750218754
9453,c630c_00024,230,0.5196129903247582,random,5,215.25008750218754
9454,c630c_00024,231,0.5585389634740868,random,5,215.25008750218754
9455,c630c_00024,232,0.5743143578589465,random,5,215.25008750218754
9456,c630c_00024,233,0.5463011575289383,random,5,215.25008750218754
9457,c630c_00024,234,0.5150878771969299,random,5,215.25008750218754
9458,c630c_00024,235,0.602902572564314,random,5,215.25008750218754
9459,c630c_00024,236,0.5357508937723443,random,5,215.25008750218754
9460,c630c_00024,237,0.5542138553463837,random,5,215.25008750218754
9461,c630c_00024,238,0.5357508937723443,random,5,215.25008750218754
9462,c630c_00024,239,0.6078276956923923,random,5,215.25008750218754
9463,c630c_00024,240,0.5489387234680867,random,5,215.25008750218754
9464,c630c_00024,241,0.5036375909397734,random,5,215.25008750218754
9465,c630c_00024,242,0.4837620940523513,random,5,215.25008750218754
9466,c630c_00024,243,0.5350883772094301,random,5,215.25008750218754
9467,c630c_00024,244,0.5284632115802895,random,5,215.25008750218754
9468,c630c_00024,245,0.5414635365884147,random,5,215.25008750218754
9469,c630c_00024,246,0.5866021650541263,random,5,215.25008750218754
9470,c630c_00024,247,0.534238355958899,random,5,215.25008750218754
9471,c630c_00024,248,0.5261006525163129,random,5,215.25008750218754
9472,c630c_00024,249,0.5117127928198205,random,5,215.25008750218754
9473,c630c_00024,250,0.5815020375509388,random,5,215.25008750218754
9474,c630c_00024,251,0.5031625790644766,random,5,215.25008750218754
9475,c630c_00024,252,0.5326758168954224,random,5,215.25008750218754
9476,c630c_00024,253,0.513012825320633,random,5,215.25008750218754
9477,c630c_00024,254,0.5247381184529614,random,5,215.25008750218754
9478,c630c_00024,255,0.5564264106602665,random,5,215.25008750218754
9479,c630c_00024,256,0.5529763244081103,random,5,215.25008750218754
9480,c630c_00024,257,0.53657591439786,random,5,215.25008750218754
9481,c630c_00024,258,0.5131378284457111,random,5,215.25008750218754
9482,c630c_00024,259,0.5208505212630316,random,5,215.25008750218754
9483,c630c_00024,260,0.5303507587689692,random,5,215.25008750218754
9484,c630c_00024,261,0.5296632415810395,random,5,215.25008750218754
9485,c630c_00024,262,0.5986524663116578,random,5,215.25008750218754
9486,c630c_00024,263,0.5104252606315158,random,5,215.25008750218754
9487,c630c_00024,264,0.535438385959649,random,5,215.25008750218754
9488,c630c_00024,265,0.5130878271956799,random,5,215.25008750218754
9489,c630c_00024,266,0.5156003900097502,random,5,215.25008750218754
9490,c630c_00024,267,0.5564264106602665,random,5,215.25008750218754
9491,c630c_00024,268,0.5485262131553289,random,5,215.25008750218754
9492,c630c_00024,269,0.5030875771894298,random,5,215.25008750218754
9493,c630c_00024,270,0.5943398584964624,random,5,215.25008750218754
9494,c630c_00024,271,0.528563214080352,random,5,215.25008750218754
9495,c630c_00024,272,0.49099977499437486,random,5,215.25008750218754
9496,c630c_00024,273,0.5242131053276332,random,5,215.25008750218754
9497,c630c_00024,274,0.5422010550263756,random,5,215.25008750218754
9498,c630c_00024,275,0.53417585439636,random,5,215.25008750218754
9499,c630c_00024,276,0.5070501762544063,random,5,215.25008750218754
9500,c630c_00024,277,0.5331758293957349,random,5,215.25008750218754
9501,c630c_00024,278,0.5666641666041651,random,5,215.25008750218754
9502,c630c_00024,279,0.5308757718942974,random,5,215.25008750218754
9503,c630c_00024,280,0.5277881947048676,random,5,215.25008750218754
9504,c630c_00024,281,0.5448636215905398,random,5,215.25008750218754
9505,c630c_00024,282,0.54057601440036,random,5,215.25008750218754
9506,c630c_00024,283,0.5441636040901022,random,5,215.25008750218754
9507,c630c_00024,284,0.5348383709592739,random,5,215.25008750218754
9508,c630c_00024,285,0.5858146453661341,random,5,215.25008750218754
9509,c630c_00024,286,0.5518762969074227,random,5,215.25008750218754
9510,c630c_00024,287,0.5514137853446336,random,5,215.25008750218754
9511,c630c_00024,288,0.5488387209680242,random,5,215.25008750218754
9512,c630c_00024,289,0.5665266631665792,random,5,215.25008750218754
9513,c630c_00024,290,0.5483262081552038,random,5,215.25008750218754
9514,c630c_00024,291,0.5553388834720868,random,5,215.25008750218754
9515,c630c_00024,292,0.5213880347008675,random,5,215.25008750218754
9516,c630c_00024,293,0.561464036600915,random,5,215.25008750218754
9517,c630c_00024,294,0.5109252731318283,random,5,215.25008750218754
9518,c630c_00024,295,0.5068501712542813,random,5,215.25008750218754
9519,c630c_00024,296,0.5424510612765319,random,5,215.25008750218754
9520,c630c_00024,297,0.5409260231505788,random,5,215.25008750218754
9521,c630c_00024,298,0.5317757943948599,random,5,215.25008750218754
9522,c630c_00024,299,0.5590014750368759,random,5,215.25008750218754
9523,c630c_00024,300,0.51828795719893,random,5,215.25008750218754
9524,c630c_00024,301,0.5812145303632591,random,5,215.25008750218754
9525,c630c_00024,302,0.575814395359884,random,5,215.25008750218754
9526,c630c_00024,303,0.5415510387759694,random,5,215.25008750218754
9527,c630c_00024,304,0.5641141028525714,random,5,215.25008750218754
9528,c630c_00024,305,0.4872246806170154,random,5,215.25008750218754
9529,c630c_00024,306,0.5229130728268206,random,5,215.25008750218754
9530,c630c_00024,307,0.5736518412960324,random,5,215.25008750218754
9531,c630c_00024,308,0.5712017800445011,random,5,215.25008750218754
9532,c630c_00024,309,0.5389634740868522,random,5,215.25008750218754
9533,c630c_00024,310,0.500262506562664,random,5,215.25008750218754
9534,c630c_00024,311,0.5312257806445161,random,5,215.25008750218754
9535,c630c_00024,312,0.600840021000525,random,5,215.25008750218754
9536,c630c_00024,313,0.5112002800070001,random,5,215.25008750218754
9537,c630c_00024,314,0.5427510687767194,random,5,215.25008750218754
9538,c630c_00024,315,0.5789144728618216,random,5,215.25008750218754
9539,c630c_00024,316,0.5512887822195555,random,5,215.25008750218754
9540,c630c_00024,317,0.6147653691342283,random,5,215.25008750218754
9541,c630c_00024,318,0.531300782519563,random,5,215.25008750218754
9542,c630c_00024,319,0.5438885972149303,random,5,215.25008750218754
9543,c630c_00024,320,0.5420760519012975,random,5,215.25008750218754
9544,c630c_00024,321,0.5133128328208205,random,5,215.25008750218754
9545,c630c_00024,322,0.5313257831445786,random,5,215.25008750218754
9546,c630c_00024,323,0.5355133878346958,random,5,215.25008750218754
9547,c630c_00024,324,0.5092877321933048,random,5,215.25008750218754
9548,c630c_00024,325,0.5457511437785945,random,5,215.25008750218754
9549,c630c_00024,326,0.5689642241056027,random,5,215.25008750218754
9550,c630c_00024,327,0.4993624840621016,random,5,215.25008750218754
9551,c630c_00024,328,0.5012250306257656,random,5,215.25008750218754
9552,c630c_00024,329,0.5364009100227506,random,5,215.25008750218754
9553,c630c_00024,330,0.5416885422135553,random,5,215.25008750218754
9554,c630c_00024,331,0.5440886022150554,random,5,215.25008750218754
9555,c630c_00024,332,0.4914247856196405,random,5,215.25008750218754
9556,c630c_00024,333,0.5328008200205006,random,5,215.25008750218754
9557,c630c_00024,334,0.5739893497337434,random,5,215.25008750218754
9558,c630c_00024,335,0.5082627065676641,random,5,215.25008750218754
9559,c630c_00024,336,0.5067501687542189,random,5,215.25008750218754
9560,c630c_00024,337,0.5816270406760169,random,5,215.25008750218754
9561,c630c_00024,338,0.6162529063226581,random,5,215.25008750218754
9562,c630c_00024,339,0.5079626990674767,random,5,215.25008750218754
9563,c630c_00024,340,0.5529638240956024,random,5,215.25008750218754
9564,c630c_00024,341,0.5314507862696567,random,5,215.25008750218754
9565,c630c_00024,342,0.5272006800170004,random,5,215.25008750218754
9566,c630c_00024,343,0.5315757893947348,random,5,215.25008750218754
9567,c630c_00024,344,0.5454761369034226,random,5,215.25008750218754
9568,c630c_00024,345,0.47366184154603863,random,5,215.25008750218754
9569,c630c_00024,346,0.5733768344208605,random,5,215.25008750218754
9570,c630c_00024,347,0.49204980124503117,random,5,215.25008750218754
9571,c630c_00024,348,0.5388384709617741,random,5,215.25008750218754
9572,c630c_00024,349,0.5789769744243606,random,5,215.25008750218754
9573,c630c_00024,350,0.59863996599915,random,5,215.25008750218754
9574,c630c_00024,351,0.5410260256506413,random,5,215.25008750218754
9575,c630c_00024,352,0.571276781919548,random,5,215.25008750218754
9576,c630c_00024,353,0.48368709217730443,random,5,215.25008750218754
9577,c630c_00024,354,0.5535638390959774,random,5,215.25008750218754
9578,c630c_00024,355,0.48644966124153105,random,5,215.25008750218754
9579,c630c_00024,356,0.5862771569289232,random,5,215.25008750218754
9580,c630c_00024,357,0.551851296282407,random,5,215.25008750218754
9581,c630c_00024,358,0.5492887322183054,random,5,215.25008750218754
9582,c630c_00024,359,0.49861246531163284,random,5,215.25008750218754
9583,c630c_00024,360,0.5188629715742894,random,5,215.25008750218754
9584,c630c_00024,361,0.5064001600040001,random,5,215.25008750218754
9585,c630c_00024,362,0.5127628190704767,random,5,215.25008750218754
9586,c630c_00024,363,0.5494887372184305,random,5,215.25008750218754
9587,c630c_00024,364,0.5239005975149379,random,5,215.25008750218754
9588,c630c_00024,365,0.49542488562214054,random,5,215.25008750218754
9589,c630c_00024,366,0.5614515362884073,random,5,215.25008750218754
9590,c630c_00024,367,0.5206505162629066,random,5,215.25008750218754
9591,c630c_00024,368,0.5287382184554614,random,5,215.25008750218754
9592,c630c_00024,369,0.5551638790969774,random,5,215.25008750218754
9593,c630c_00024,370,0.4844371109277732,random,5,215.25008750218754
9594,c630c_00024,371,0.513212830320758,random,5,215.25008750218754
9595,c630c_00024,372,0.5306257656441411,random,5,215.25008750218754
9596,c630c_00024,373,0.5335633390834771,random,5,215.25008750218754
9597,c630c_00024,374,0.5289882247056177,random,5,215.25008750218754
9598,c630c_00024,375,0.5111752793819846,random,5,215.25008750218754
9599,c630c_00024,376,0.5640891022275557,random,5,215.25008750218754
9600,c630c_00024,377,0.5251131278281957,random,5,215.25008750218754
9601,c630c_00024,378,0.5084127103177579,random,5,215.25008750218754
9602,c630c_00024,379,0.4840121003025076,random,5,215.25008750218754
9603,c630c_00024,380,0.5177129428235706,random,5,215.25008750218754
9604,c630c_00024,381,0.5507262681567039,random,5,215.25008750218754
9605,c630c_00024,382,0.4885622140553514,random,5,215.25008750218754
9606,c630c_00024,383,0.5841896047401185,random,5,215.25008750218754
9607,c630c_00024,384,0.5009000225005625,random,5,215.25008750218754
9608,c630c_00024,385,0.5611265281632041,random,5,215.25008750218754
9609,c630c_00024,386,0.5440136003400085,random,5,215.25008750218754
9610,c630c_00024,387,0.5667766694167354,random,5,215.25008750218754
9611,c630c_00024,388,0.5464761619040476,random,5,215.25008750218754
9612,c630c_00024,389,0.5883147078676967,random,5,215.25008750218754
9613,c630c_00024,390,0.5739393484837121,random,5,215.25008750218754
9614,c630c_00024,391,0.5318507962699067,random,5,215.25008750218754
9615,c630c_00024,392,0.5410510262756569,random,5,215.25008750218754
9616,c630c_00024,393,0.5141378534463361,random,5,215.25008750218754
9617,c630c_00024,394,0.5516262906572664,random,5,215.25008750218754
9618,c630c_00024,395,0.45391134778369463,random,5,215.25008750218754
9619,c630c_00024,396,0.513412835320883,random,5,215.25008750218754
9620,c630c_00024,397,0.5333633340833521,random,5,215.25008750218754
9621,c630c_00024,398,0.5262006550163754,random,5,215.25008750218754
9622,c630c_00024,399,0.548913722843071,random,5,215.25008750218754
9623,c630c_00024,400,0.5558263956598916,random,5,215.25008750218754
