{"score": 276.36473587184787, "iteration_metrics": [0.8255517826825127, 0.8333333333333333, 0.8277310924369747, 0.9213135958608796, 0.897025007185973, 0.9334702907711757, 0.956140350877193, 0.9164239953407105, 0.9271907216494846, 0.9045233758348512, 0.8929832303618712, 0.8809523809523809, 0.9220289855072463, 0.9533343040186372, 0.95, 0.9465217391304348, 0.9277056277056277, 0.9213475177304965, 0.8973758865248227, 0.90625, 0.9271907216494846, 0.9410308677926615, 0.9465217391304348, 0.9302736098852604, 0.9155122655122655, 0.9427037363930568, 0.947980684811238, 0.9033189033189033, 0.9334578901983328, 0.9410308677926615, 0.9526055705300989, 0.95, 0.9700892857142858, 0.9399520814615154, 0.9675639894086496, 0.960506481760627, 0.9652590595986823, 0.960506481760627, 0.9652590595986823, 0.9625, 0.9430024286581664, 0.960506481760627, 0.960506481760627, 0.9652590595986823, 0.9652590595986823, 0.9700892857142858, 0.9399520814615154, 0.9652590595986823, 0.9526055705300989, 0.9603453321627158, 0.9675639894086496, 0.9700892857142858, 0.9652590595986823, 0.979994115916446, 0.9477690684353332, 0.9700892857142858, 0.957514880952381, 0.9700892857142858, 0.960506481760627, 0.95, 0.9700892857142858, 0.9652590595986823, 0.9652590595986823, 0.9558287795992714, 0.957514880952381, 0.9652590595986823, 0.960506481760627, 0.9526055705300989, 0.95, 0.9652590595986823, 0.957514880952381, 0.9700892857142858, 0.957514880952381, 0.9512232415902141, 0.9652590595986823, 0.9700892857142858, 0.9558287795992714, 0.957514880952381, 0.9652590595986823, 0.9558287795992714, 0.975, 0.9625, 0.9449404761904762, 0.960506481760627, 0.960506481760627, 0.9526055705300989, 0.975, 0.9652590595986823, 0.9652590595986823, 0.957514880952381, 0.957514880952381, 0.960506481760627, 0.95, 0.9700892857142858, 0.9652590595986823, 0.9526055705300989, 0.960506481760627, 0.9652590595986823, 0.9526055705300989, 0.9558287795992714, 0.9652590595986823, 0.9652590595986823, 0.9558287795992714, 0.9430024286581664, 0.9558287795992714, 0.9526055705300989, 0.9675639894086496, 0.979994115916446, 0.9526055705300989, 0.95, 0.957514880952381, 0.9427037363930568, 0.9700892857142858, 0.9477690684353332, 0.957514880952381, 0.9477690684353332, 0.95, 0.9558287795992714, 0.960506481760627, 0.960506481760627, 0.9625, 0.9427037363930568, 0.9430024286581664, 0.95, 0.9533343040186372, 0.960506481760627, 0.957514880952381, 0.9625, 0.957514880952381, 0.9526055705300989, 0.957514880952381, 0.957514880952381, 0.947980684811238, 0.9526055705300989, 0.957514880952381, 0.960506481760627, 0.9700892857142858, 0.9551338629008532, 0.975, 0.9477690684353332, 0.957514880952381, 0.9477690684353332, 0.9625, 0.9526055705300989, 0.960506481760627, 0.9625, 0.9625, 0.95, 0.9526055705300989, 0.9430024286581664, 0.9302736098852604, 0.9477690684353332, 0.9477690684353332, 0.957514880952381, 0.960506481760627, 0.9449404761904762, 0.9526055705300989, 0.9700892857142858, 0.9652590595986823, 0.9427037363930568, 0.9652590595986823, 0.957514880952381, 0.9700892857142858, 0.9675639894086496, 0.9526055705300989, 0.9625, 0.957514880952381, 0.9551338629008532, 0.9526055705300989, 0.9652590595986823, 0.957514880952381, 0.947980684811238, 0.957514880952381, 0.9625, 0.9526055705300989, 0.957514880952381, 0.9526055705300989, 0.9558287795992714, 0.9625, 0.957514880952381, 0.9477690684353332, 0.9449404761904762, 0.957514880952381, 0.95, 0.9551338629008532, 0.9625, 0.9652590595986823, 0.95, 0.9526055705300989, 0.9652590595986823, 0.95, 0.9477690684353332, 0.9625, 0.9551338629008532, 0.9625, 0.9700892857142858, 0.9477690684353332, 0.9625, 0.9427037363930568, 0.9526055705300989, 0.9652590595986823, 0.9625, 0.95, 0.9427037363930568, 0.9652590595986823, 0.9625, 0.960506481760627, 0.9675639894086496, 0.9675639894086496, 0.9399520814615154, 0.9652590595986823, 0.9551338629008532, 0.9526055705300989, 0.9551338629008532, 0.9526055705300989, 0.957514880952381, 0.9512232415902141, 0.9652590595986823, 0.957514880952381, 0.9700892857142858, 0.95, 0.9652590595986823, 0.957514880952381, 0.95, 0.93561603745976, 0.9551338629008532, 0.9526055705300989, 0.9551338629008532, 0.947980684811238, 0.957514880952381, 0.9652590595986823, 0.9625, 0.947980684811238, 0.95, 0.957514880952381, 0.9625, 0.947980684811238, 0.9625, 0.95, 0.9700892857142858, 0.9675639894086496, 0.9449404761904762, 0.957514880952381, 0.957514880952381, 0.9652590595986823, 0.9652590595986823, 0.9449404761904762, 0.957514880952381, 0.9512232415902141, 0.9700892857142858, 0.9675639894086496, 0.9603453321627158, 0.9700892857142858, 0.9551338629008532, 0.9427037363930568, 0.9449404761904762, 0.9399520814615154, 0.9375, 0.9625, 0.9449404761904762, 0.9675639894086496, 0.9375, 0.9700892857142858, 0.9625, 0.9526055705300989, 0.9477690684353332, 0.95, 0.957514880952381, 0.957514880952381, 0.9675639894086496, 0.9675639894086496, 0.9477690684353332, 0.9427037363930568, 0.957514880952381, 0.9526055705300989, 0.9526055705300989, 0.9675639894086496, 0.9449404761904762, 0.9526055705300989, 0.9551338629008532, 0.9526055705300989, 0.9399520814615154, 0.9477690684353332, 0.9700892857142858, 0.957514880952381, 0.9410308677926615, 0.9430024286581664, 0.9551338629008532, 0.9449404761904762, 0.947980684811238, 0.9449404761904762], "timestamp": 1725204410, "checkpoint_dir_name": null, "done": false, "training_iteration": 1, "trial_id": "805f1_00011", "date": "2024-09-01_16-26-50", "time_this_iter_s": 14.380741119384766, "time_total_s": 14.380741119384766, "pid": 32249, "hostname": "nemo.cl.cam.ac.uk", "node_ip": "128.232.64.154", "config": {"seed": 2, "strategy": "marginal_confidence"}, "time_since_restore": 14.380741119384766, "iterations_since_restore": 1}
