{"score": 276.43072129273594, "iteration_metrics": [0.8096240179573513, 0.8735209235209236, 0.8735209235209236, 0.8779574722970949, 0.9112385321100918, 0.9297965998785671, 0.9544567338972023, 0.9315870570107858, 0.9241590214067279, 0.9639553429027112, 0.9297965998785671, 0.9819453480806766, 0.9315870570107858, 0.9055469953775038, 0.9261416589002796, 0.9315870570107858, 0.9370015948963317, 0.9392668530599565, 0.9370015948963317, 0.9604479949874687, 0.9682010409889394, 0.9392668530599565, 0.959205716184779, 0.9819453480806766, 0.9775641025641025, 0.959205716184779, 0.9732469258889996, 0.9727858293075684, 0.9636752136752137, 0.9727858293075684, 0.959205716184779, 0.9636752136752137, 0.9392668530599565, 0.9636752136752137, 0.9727858293075684, 0.9732469258889996, 0.9774322169059011, 0.9727858293075684, 0.9727858293075684, 0.9639553429027112, 0.9682010409889394, 0.9554361567635904, 0.9504784688995216, 0.9315870570107858, 0.9604479949874687, 0.9639553429027112, 0.9554361567635904, 0.9639553429027112, 0.9472117794486214, 0.9297965998785671, 0.9639553429027112, 0.9604479949874687, 0.9604479949874687, 0.9687895069532237, 0.9446070878274269, 0.9682010409889394, 0.9727858293075684, 0.9639553429027112, 0.9774322169059011, 0.942082806573957, 0.9732469258889996, 0.9682010409889394, 0.9604479949874687, 0.9639553429027112, 0.9682010409889394, 0.9774322169059011, 0.9504784688995216, 0.9544567338972023, 0.9727858293075684, 0.9235247208931419, 0.9682010409889394, 0.9639553429027112, 0.9472117794486214, 0.9727858293075684, 0.9682010409889394, 0.9544567338972023, 0.9727858293075684, 0.9554361567635904, 0.9636752136752137, 0.9339755639097744, 0.9682010409889394, 0.9639553429027112, 0.9504784688995216, 0.9687895069532237, 0.942082806573957, 0.9591787439613526, 0.9544567338972023, 0.9504784688995216, 0.942082806573957, 0.9554361567635904, 0.9504784688995216, 0.942082806573957, 0.942082806573957, 0.9682010409889394, 0.9339755639097744, 0.9504784688995216, 0.9504784688995216, 0.9639553429027112, 0.9591787439613526, 0.9472117794486214, 0.9523920472196334, 0.9687895069532237, 0.9370015948963317, 0.9554361567635904, 0.9687895069532237, 0.9774322169059011, 0.9554361567635904, 0.9604479949874687, 0.9523920472196334, 0.9687895069532237, 0.9339755639097744, 0.9727858293075684, 0.9591787439613526, 0.9472117794486214, 0.9472117794486214, 0.9392668530599565, 0.942082806573957, 0.9636752136752137, 0.9339755639097744, 0.9554361567635904, 0.9504784688995216, 0.9682010409889394, 0.9504784688995216, 0.9392668530599565, 0.9727858293075684, 0.9554361567635904, 0.9591787439613526, 0.9639553429027112, 0.9727858293075684, 0.9392668530599565, 0.9639553429027112, 0.9472117794486214, 0.9339755639097744, 0.9455716586151368, 0.9472117794486214, 0.9554361567635904, 0.9472117794486214, 0.9523920472196334, 0.9687895069532237, 0.9591787439613526, 0.9455716586151368, 0.9727858293075684, 0.942082806573957, 0.9392668530599565, 0.9687895069532237, 0.9591787439613526, 0.9639553429027112, 0.942082806573957, 0.9446070878274269, 0.9639553429027112, 0.9370015948963317, 0.9554361567635904, 0.9639553429027112, 0.942082806573957, 0.9639553429027112, 0.9682010409889394, 0.9287294563843236, 0.9407124268054652, 0.9392668530599565, 0.9472117794486214, 0.9504784688995216, 0.9392668530599565, 0.9472117794486214, 0.9446070878274269, 0.9472117794486214, 0.9591787439613526, 0.9819453480806766, 0.9472117794486214, 0.9774322169059011, 0.9504784688995216, 0.9472117794486214, 0.9591787439613526, 0.9554361567635904, 0.9472117794486214, 0.9392668530599565, 0.9497863247863247, 0.9472117794486214, 0.9554361567635904, 0.9472117794486214, 0.9472117794486214, 0.9591787439613526, 0.942082806573957, 0.9591787439613526, 0.9639553429027112, 0.9261416589002796, 0.9727858293075684, 0.9639553429027112, 0.9727858293075684, 0.9392668530599565, 0.9639553429027112, 0.9639553429027112, 0.9591787439613526, 0.9727858293075684, 0.9639553429027112, 0.9554361567635904, 0.9639553429027112, 0.9472117794486214, 0.942082806573957, 0.942082806573957, 0.9472117794486214, 0.9774322169059011, 0.9639553429027112, 0.9682010409889394, 0.942082806573957, 0.9727858293075684, 0.9339755639097744, 0.9446070878274269, 0.9554361567635904, 0.9339755639097744, 0.9591787439613526, 0.942082806573957, 0.9639553429027112, 0.9472117794486214, 0.9392668530599565, 0.9591787439613526, 0.9591787439613526, 0.9472117794486214, 0.9554361567635904, 0.9472117794486214, 0.9472117794486214, 0.9472117794486214, 0.9392668530599565, 0.9554361567635904, 0.9639553429027112, 0.9604479949874687, 0.9472117794486214, 0.9727858293075684, 0.9261416589002796, 0.9554361567635904, 0.9727858293075684, 0.942082806573957, 0.9544567338972023, 0.9472117794486214, 0.9554361567635904, 0.9639553429027112, 0.9472117794486214, 0.9727858293075684, 0.9639553429027112, 0.9472117794486214, 0.9392668530599565, 0.9639553429027112, 0.9604479949874687, 0.9472117794486214, 0.9315870570107858, 0.942082806573957, 0.9604479949874687, 0.9554361567635904, 0.9591787439613526, 0.9639553429027112, 0.9370015948963317, 0.9554361567635904, 0.9604479949874687, 0.9774322169059011, 0.9315870570107858, 0.9727858293075684, 0.9392668530599565, 0.9472117794486214, 0.9504784688995216, 0.9591787439613526, 0.9639553429027112, 0.9727858293075684, 0.9639553429027112, 0.942082806573957, 0.9472117794486214, 0.9504784688995216, 0.9554361567635904, 0.9687895069532237, 0.9392668530599565, 0.9554361567635904, 0.9591787439613526, 0.9682010409889394, 0.9392668530599565, 0.9591787439613526, 0.9392668530599565, 0.9591787439613526, 0.942082806573957, 0.9446070878274269, 0.9682010409889394, 0.9591787439613526, 0.9604479949874687, 0.9504784688995216, 0.9472117794486214, 0.9554361567635904, 0.9297965998785671, 0.9639553429027112, 0.9727858293075684, 0.9472117794486214, 0.9261416589002796, 0.942082806573957, 0.9472117794486214, 0.9774322169059011], "timestamp": 1725204387, "checkpoint_dir_name": null, "done": false, "training_iteration": 1, "trial_id": "805f1_00003", "date": "2024-09-01_16-26-27", "time_this_iter_s": 14.223212480545044, "time_total_s": 14.223212480545044, "pid": 31216, "hostname": "nemo.cl.cam.ac.uk", "node_ip": "128.232.64.154", "config": {"seed": 4, "strategy": "least_confidence"}, "time_since_restore": 14.223212480545044, "iterations_since_restore": 1}
