{"score": 271.73361269959975, "iteration_metrics": [0.9263565891472868, 0.9284188034188035, 0.9583333333333333, 0.9380192755068129, 0.932301153612629, 0.9121193849864335, 0.9248567983117275, 0.8980654761904762, 0.906648451730419, 0.9429947188567878, 0.886628733997155, 0.9030434782608696, 0.910639880952381, 0.9155692127597308, 0.8855240549828178, 0.9215200931857892, 0.879060074734119, 0.8848484848484849, 0.8907971014492754, 0.8848484848484849, 0.871188594014681, 0.9033486634090255, 0.9214285714285715, 0.8986486486486487, 0.85688202247191, 0.9288461538461539, 0.8615330520393811, 0.9033486634090255, 0.9215200931857892, 0.9152898550724637, 0.9215200931857892, 0.9215200931857892, 0.9279338601112086, 0.9279338601112086, 0.9345395704619006, 0.9345395704619006, 0.9152898550724637, 0.9279338601112086, 0.9402985074626866, 0.9345395704619006, 0.9538461538461538, 0.9413461538461538, 0.946969696969697, 0.9357886904761905, 0.9357886904761905, 0.946969696969697, 0.9345395704619006, 0.919474802671524, 0.9483630952380953, 0.9375942116370214, 0.9221094439541042, 0.9483630952380953, 0.9483630952380953, 0.9345395704619006, 0.9413461538461538, 0.9483630952380953, 0.9345395704619006, 0.9155692127597308, 0.9288461538461539, 0.946969696969697, 0.9413461538461538, 0.9556004791853848, 0.9357886904761905, 0.9483630952380953, 0.9232142857142858, 0.9163461538461539, 0.9451275045537341, 0.9288461538461539, 0.9556004791853848, 0.9357886904761905, 0.9357886904761905, 0.9556004791853848, 0.9413461538461538, 0.9429469901168015, 0.9413461538461538, 0.9556004791853848, 0.946969696969697, 0.9556004791853848, 0.9413461538461538, 0.9345395704619006, 0.9375942116370214, 0.9503316249623153, 0.9357886904761905, 0.9483630952380953, 0.9345395704619006, 0.9429469901168015, 0.9429469901168015, 0.9556004791853848, 0.9483630952380953, 0.9232142857142858, 0.9413461538461538, 0.9357886904761905, 0.9092166569598137, 0.9357886904761905, 0.9357886904761905, 0.9413461538461538, 0.9483630952380953, 0.9279338601112086, 0.9413461538461538, 0.9483630952380953, 0.9279338601112086, 0.9429469901168015, 0.9176400119796346, 0.9345395704619006, 0.9357886904761905, 0.9483630952380953, 0.9413461538461538, 0.9483630952380953, 0.9413461538461538, 0.9345395704619006, 0.9483630952380953, 0.9345395704619006, 0.9345395704619006, 0.9345395704619006, 0.9302935010482181, 0.9503316249623153, 0.9345395704619006, 0.9413461538461538, 0.9345395704619006, 0.9483630952380953, 0.9483630952380953, 0.9413461538461538, 0.9345395704619006, 0.9163461538461539, 0.9413461538461538, 0.932301153612629, 0.9429469901168015, 0.9345395704619006, 0.9556004791853848, 0.9503316249623153, 0.9556004791853848, 0.9279338601112086, 0.9375942116370214, 0.9357886904761905, 0.9345395704619006, 0.9357886904761905, 0.9345395704619006, 0.9288461538461539, 0.9375942116370214, 0.9483630952380953, 0.9357886904761905, 0.9630690382876093, 0.9413461538461538, 0.9413461538461538, 0.9345395704619006, 0.9483630952380953, 0.9345395704619006, 0.9579538554948391, 0.9357886904761905, 0.9483630952380953, 0.9357886904761905, 0.9357886904761905, 0.9152898550724637, 0.9302935010482181, 0.9483630952380953, 0.9413461538461538, 0.9413461538461538, 0.9215200931857892, 0.9279338601112086, 0.973959938366718, 0.9630690382876093, 0.9413461538461538, 0.9413461538461538, 0.9429469901168015, 0.9429469901168015, 0.9483630952380953, 0.9483630952380953, 0.9483630952380953, 0.9413461538461538, 0.9429469901168015, 0.9483630952380953, 0.9279338601112086, 0.9221094439541042, 0.9483630952380953, 0.9503316249623153, 0.9429469901168015, 0.9429469901168015, 0.9288461538461539, 0.9096793174463078, 0.9413461538461538, 0.9357886904761905, 0.9413461538461538, 0.9413461538461538, 0.9345395704619006, 0.9357886904761905, 0.919474802671524, 0.9288461538461539, 0.9503316249623153, 0.9375942116370214, 0.9413461538461538, 0.9302935010482181, 0.9429469901168015, 0.9215200931857892, 0.9413461538461538, 0.9413461538461538, 0.9375942116370214, 0.9483630952380953, 0.9429469901168015, 0.9176400119796346, 0.9163461538461539, 0.9279338601112086, 0.9288461538461539, 0.9503316249623153, 0.9556004791853848, 0.9483630952380953, 0.9483630952380953, 0.9503316249623153, 0.9503316249623153, 0.9556004791853848, 0.9413461538461538, 0.9503316249623153, 0.9345395704619006, 0.9556004791853848, 0.9375942116370214, 0.9451275045537341, 0.9429469901168015, 0.9630690382876093, 0.9345395704619006, 0.9345395704619006, 0.9357886904761905, 0.9345395704619006, 0.9483630952380953, 0.9707802064359441, 0.9503316249623153, 0.9357886904761905, 0.9345395704619006, 0.9429469901168015, 0.9429469901168015, 0.9579538554948391, 0.9345395704619006, 0.9302935010482181, 0.9556004791853848, 0.9451275045537341, 0.9302935010482181, 0.9357886904761905, 0.9302935010482181, 0.9357886904761905, 0.9345395704619006, 0.9483630952380953, 0.9483630952380953, 0.9429469901168015, 0.9357886904761905, 0.9503316249623153, 0.9413461538461538, 0.9357886904761905, 0.9483630952380953, 0.9413461538461538, 0.9357886904761905, 0.9429469901168015, 0.9429469901168015, 0.9375942116370214, 0.9483630952380953, 0.9707802064359441, 0.932301153612629, 0.9556004791853848, 0.9556004791853848, 0.9413461538461538, 0.9483630952380953, 0.9413461538461538, 0.9503316249623153, 0.9345395704619006, 0.9483630952380953, 0.9483630952380953, 0.9413461538461538, 0.9483630952380953, 0.9413461538461538, 0.9288461538461539, 0.9221094439541042, 0.9413461538461538, 0.9483630952380953, 0.9375942116370214, 0.9345395704619006, 0.9288461538461539, 0.9279338601112086, 0.9483630952380953, 0.9483630952380953, 0.9556004791853848, 0.9429469901168015, 0.9630690382876093, 0.9707802064359441, 0.9556004791853848, 0.9503316249623153, 0.9413461538461538, 0.9413461538461538, 0.9279338601112086, 0.9483630952380953, 0.9483630952380953, 0.9413461538461538, 0.9503316249623153, 0.9503316249623153, 0.9413461538461538], "timestamp": 1725215475, "checkpoint_dir_name": null, "done": false, "training_iteration": 1, "trial_id": "43393_00003", "date": "2024-09-01_19-31-15", "time_this_iter_s": 30.55729103088379, "time_total_s": 30.55729103088379, "pid": 19845, "hostname": "nemo.cl.cam.ac.uk", "node_ip": "128.232.64.154", "config": {"seed": 4, "strategy": "least_confidence"}, "time_since_restore": 30.55729103088379, "iterations_since_restore": 1}
