{"score": 274.08316415264744, "iteration_metrics": [0.9333489974937343, 0.9201923076923078, 0.9024553571428571, 0.9303587579137775, 0.9170289855072464, 0.9220360824742269, 0.8920567375886526, 0.9024553571428571, 0.8857388316151202, 0.849956319161328, 0.8868666278392545, 0.9040672607070998, 0.9226551226551226, 0.8936201346210125, 0.9114735002912056, 0.9307140766754463, 0.9276041666666667, 0.953768115942029, 0.9430787240269243, 0.9405001437194596, 0.9483838089691322, 0.9430787240269243, 0.9451923076923077, 0.9451923076923077, 0.937849367461018, 0.9104617604617604, 0.9430787240269243, 0.9059847819724904, 0.9292753623188406, 0.934135166093929, 0.9047148503670244, 0.8978379152348224, 0.9040425531914893, 0.885846372688478, 0.903824200913242, 0.8919229663696464, 0.9114735002912056, 0.8826923076923077, 0.916211555044553, 0.9483838089691322, 0.9415217391304347, 0.9415217391304347, 0.9401785714285714, 0.9430787240269243, 0.9430787240269243, 0.9360803727431566, 0.9158818493150684, 0.9554433713784021, 0.9360803727431566, 0.9502794939688144, 0.9226551226551226, 0.9751397469844072, 0.9292753623188406, 0.9483838089691322, 0.916211555044553, 0.9627096204766108, 0.9729906814210834, 0.9605420784666068, 0.9554433713784021, 0.9348484848484848, 0.9348484848484848, 0.9170289855072464, 0.937849367461018, 0.9483838089691322, 0.9483838089691322, 0.9483838089691322, 0.947041847041847, 0.9292753623188406, 0.9226551226551226, 0.9701923076923077, 0.9478885893980233, 0.9502794939688144, 0.9430787240269243, 0.9554433713784021, 0.9307140766754463, 0.9627096204766108, 0.9554433713784021, 0.9627096204766108, 0.953768115942029, 0.9576923076923077, 0.9627096204766108, 0.9701923076923077, 0.9627096204766108, 0.9237769365171811, 0.9605420784666068, 0.9527529761904762, 0.9483838089691322, 0.9779017857142858, 0.9405001437194596, 0.9430787240269243, 0.9576923076923077, 0.9283558493820063, 0.9502794939688144, 0.9502794939688144, 0.9554433713784021, 0.9430787240269243, 0.9627096204766108, 0.9701923076923077, 0.9348484848484848, 0.9430787240269243, 0.9326923076923077, 0.9430787240269243, 0.9430787240269243, 0.9348484848484848, 0.9430787240269243, 0.916211555044553, 0.9415217391304347, 0.9627096204766108, 0.9283558493820063, 0.9576923076923077, 0.9348484848484848, 0.9554433713784021, 0.9415217391304347, 0.947041847041847, 0.9627096204766108, 0.9627096204766108, 0.9348484848484848, 0.9527529761904762, 0.9483838089691322, 0.9170289855072464, 0.9348484848484848, 0.953768115942029, 0.9483838089691322, 0.9554433713784021, 0.9430787240269243, 0.9483838089691322, 0.9430787240269243, 0.9348484848484848, 0.9348484848484848, 0.9483838089691322, 0.9360803727431566, 0.9606872451951077, 0.9576923076923077, 0.96780801872988, 0.9502794939688144, 0.9527529761904762, 0.9701923076923077, 0.9348484848484848, 0.937849367461018, 0.9451923076923077, 0.9483838089691322, 0.9554433713784021, 0.9554433713784021, 0.9502794939688144, 0.9554433713784021, 0.9430787240269243, 0.9283558493820063, 0.9430787240269243, 0.9483838089691322, 0.9483838089691322, 0.9483838089691322, 0.9502794939688144, 0.9502794939688144, 0.9415217391304347, 0.9348484848484848, 0.9483838089691322, 0.937849367461018, 0.9502794939688144, 0.965327380952381, 0.9627096204766108, 0.9627096204766108, 0.965327380952381, 0.9415217391304347, 0.9430787240269243, 0.953768115942029, 0.9554433713784021, 0.9554433713784021, 0.9554433713784021, 0.934135166093929, 0.9430787240269243, 0.9576923076923077, 0.96780801872988, 0.9360803727431566, 0.9627096204766108, 0.9483838089691322, 0.9451923076923077, 0.953768115942029, 0.9483838089691322, 0.9701923076923077, 0.9483838089691322, 0.9483838089691322, 0.9606872451951077, 0.9415217391304347, 0.9701923076923077, 0.9554433713784021, 0.9348484848484848, 0.9606872451951077, 0.9576923076923077, 0.965327380952381, 0.9576923076923077, 0.9826923076923078, 0.9483838089691322, 0.96780801872988, 0.953768115942029, 0.9483838089691322, 0.96780801872988, 0.9606872451951077, 0.9405001437194596, 0.9627096204766108, 0.9430787240269243, 0.9554433713784021, 0.9554433713784021, 0.9360803727431566, 0.9826923076923078, 0.9576923076923077, 0.9554433713784021, 0.9478885893980233, 0.9627096204766108, 0.9360803727431566, 0.9415217391304347, 0.9576923076923077, 0.9627096204766108, 0.9483838089691322, 0.9627096204766108, 0.9292753623188406, 0.9483838089691322, 0.9430787240269243, 0.9405001437194596, 0.9627096204766108, 0.9502794939688144, 0.9606872451951077, 0.9483838089691322, 0.9576923076923077, 0.9415217391304347, 0.9405001437194596, 0.9576923076923077, 0.9627096204766108, 0.9283558493820063, 0.9627096204766108, 0.9348484848484848, 0.9606872451951077, 0.9502794939688144, 0.937849367461018, 0.9405001437194596, 0.9751397469844072, 0.9701923076923077, 0.965327380952381, 0.9554433713784021, 0.9627096204766108, 0.9554433713784021, 0.9283558493820063, 0.9401785714285714, 0.934135166093929, 0.9348484848484848, 0.9307140766754463, 0.9502794939688144, 0.9701923076923077, 0.9554433713784021, 0.9527529761904762, 0.9554433713784021, 0.9348484848484848, 0.9483838089691322, 0.9554433713784021, 0.9576923076923077, 0.9627096204766108, 0.9502794939688144, 0.9527529761904762, 0.9430787240269243, 0.9483838089691322, 0.953768115942029, 0.9701923076923077, 0.953768115942029, 0.9430787240269243, 0.9554433713784021, 0.9502794939688144, 0.9701923076923077, 0.9576923076923077, 0.953768115942029, 0.9576923076923077, 0.9576923076923077, 0.953768115942029, 0.937849367461018, 0.9483838089691322, 0.9451923076923077, 0.9483838089691322, 0.9483838089691322, 0.9292753623188406, 0.9527529761904762, 0.9502794939688144, 0.937849367461018, 0.9430787240269243, 0.9605420784666068, 0.9292753623188406, 0.9627096204766108, 0.953768115942029, 0.9554433713784021, 0.9430787240269243, 0.9502794939688144, 0.9627096204766108, 0.9554433713784021, 0.9627096204766108], "timestamp": 1725204387, "checkpoint_dir_name": null, "done": false, "training_iteration": 1, "trial_id": "805f1_00004", "date": "2024-09-01_16-26-27", "time_this_iter_s": 14.397521257400513, "time_total_s": 14.397521257400513, "pid": 31218, "hostname": "nemo.cl.cam.ac.uk", "node_ip": "128.232.64.154", "config": {"seed": 5, "strategy": "least_confidence"}, "time_since_restore": 14.397521257400513, "iterations_since_restore": 1}
