{"score": 274.7423000521985, "iteration_metrics": [0.9131476489967056, 0.8754295532646048, 0.8741244045951246, 0.9173758865248227, 0.8993598862019914, 0.9082755501959602, 0.8646622015142691, 0.9230769230769231, 0.827033218785796, 0.8590869183494293, 0.8644688644688645, 0.9180803571428571, 0.8753200568990043, 0.8406593406593407, 0.8461321287408243, 0.9003607503607504, 0.9060074734118999, 0.9315217391304347, 0.9117268041237113, 0.9003607503607504, 0.8817188847369934, 0.8817188847369934, 0.8873399715504979, 0.9054651826484018, 0.8934075342465753, 0.9003607503607504, 0.8947826086956522, 0.9003607503607504, 0.9332748024582967, 0.9173758865248227, 0.9261793826441467, 0.9675925925925926, 0.9560144927536232, 0.9315217391304347, 0.9230769230769231, 0.9405707561047367, 0.9511081162024558, 0.9778611356281259, 0.9456394498097747, 0.9703687445127305, 0.948076923076923, 0.9778611356281259, 0.948076923076923, 0.9507862550960978, 0.963302752293578, 0.9827333918642083, 0.9511081162024558, 0.959225203497136, 0.9730769230769232, 0.959225203497136, 0.959225203497136, 0.9764150943396226, 0.9683779761904762, 0.9683779761904762, 0.9764150943396226, 0.9630896913220734, 0.9683779761904762, 0.9637616052710392, 0.9675925925925926, 0.9730769230769232, 0.9730769230769232, 0.960576923076923, 0.9432291666666667, 0.9637616052710392, 0.948076923076923, 0.9432291666666667, 0.9637616052710392, 0.9683779761904762, 0.963302752293578, 0.946487790171842, 0.9432291666666667, 0.9558035714285714, 0.9209101551068188, 0.960576923076923, 0.9558035714285714, 0.9637616052710392, 0.9719626168224299, 0.9332748024582967, 0.9558035714285714, 0.948076923076923, 0.9683779761904762, 0.9637616052710392, 0.9558035714285714, 0.9558035714285714, 0.9432291666666667, 0.9558035714285714, 0.9683779761904762, 0.9683779761904762, 0.959225203497136, 0.960576923076923, 0.9332748024582967, 0.9558035714285714, 0.9719626168224299, 0.9547662416514875, 0.9558035714285714, 0.9558035714285714, 0.9432291666666667, 0.9281406295969403, 0.948076923076923, 0.9654310091203295, 0.948076923076923, 0.948076923076923, 0.960576923076923, 0.948076923076923, 0.9547662416514875, 0.963302752293578, 0.9332748024582967, 0.9511081162024558, 0.959225203497136, 0.9530008826125331, 0.9637616052710392, 0.963302752293578, 0.9675925925925926, 0.9419398907103824, 0.959225203497136, 0.946487790171842, 0.946487790171842, 0.959225203497136, 0.9683779761904762, 0.9261793826441467, 0.9355769230769231, 0.946487790171842, 0.9764150943396226, 0.9332748024582967, 0.946487790171842, 0.9558035714285714, 0.9530008826125331, 0.9281406295969403, 0.960576923076923, 0.959225203497136, 0.9683779761904762, 0.9405707561047367, 0.9547662416514875, 0.9558035714285714, 0.959225203497136, 0.9281406295969403, 0.9558035714285714, 0.9683779761904762, 0.9637616052710392, 0.9511081162024558, 0.9432291666666667, 0.946487790171842, 0.9511081162024558, 0.9384546271338724, 0.9547662416514875, 0.9530008826125331, 0.9511081162024558, 0.946487790171842, 0.948076923076923, 0.9558035714285714, 0.9432291666666667, 0.9558035714285714, 0.9547662416514875, 0.960576923076923, 0.9432291666666667, 0.960576923076923, 0.9683779761904762, 0.9558035714285714, 0.9558035714285714, 0.9719626168224299, 0.959225203497136, 0.9261793826441467, 0.9547662416514875, 0.960576923076923, 0.960576923076923, 0.9530008826125331, 0.9355769230769231, 0.9637616052710392, 0.9530008826125331, 0.9637616052710392, 0.948076923076923, 0.9511081162024558, 0.948076923076923, 0.9355769230769231, 0.9432291666666667, 0.9355769230769231, 0.9637616052710392, 0.9719626168224299, 0.9637616052710392, 0.960576923076923, 0.9637616052710392, 0.959225203497136, 0.960576923076923, 0.9558035714285714, 0.9384546271338724, 0.9547662416514875, 0.9764150943396226, 0.9558035714285714, 0.9683779761904762, 0.9654310091203295, 0.9456394498097747, 0.9637616052710392, 0.9306547619047619, 0.959225203497136, 0.9355769230769231, 0.9511081162024558, 0.959225203497136, 0.959225203497136, 0.946487790171842, 0.9384546271338724, 0.9355769230769231, 0.9558035714285714, 0.959225203497136, 0.9511081162024558, 0.9637616052710392, 0.9432291666666667, 0.9432291666666667, 0.9558035714285714, 0.9547662416514875, 0.946487790171842, 0.9456394498097747, 0.9511081162024558, 0.9547662416514875, 0.9511081162024558, 0.9432291666666667, 0.9558035714285714, 0.9405707561047367, 0.9138759464181713, 0.9511081162024558, 0.9306547619047619, 0.9355769230769231, 0.9558035714285714, 0.9511081162024558, 0.9654310091203295, 0.9384546271338724, 0.9683779761904762, 0.9511081162024558, 0.9511081162024558, 0.9530008826125331, 0.9511081162024558, 0.9637616052710392, 0.9230769230769231, 0.9637616052710392, 0.959225203497136, 0.946487790171842, 0.9637616052710392, 0.959225203497136, 0.948076923076923, 0.948076923076923, 0.960576923076923, 0.980952380952381, 0.9558035714285714, 0.9511081162024558, 0.9432291666666667, 0.9511081162024558, 0.9511081162024558, 0.9547662416514875, 0.9405707561047367, 0.9511081162024558, 0.9384828188701223, 0.946487790171842, 0.9637616052710392, 0.9580040971612526, 0.9511081162024558, 0.9558035714285714, 0.960576923076923, 0.9558035714285714, 0.959225203497136, 0.9384546271338724, 0.9719626168224299, 0.960576923076923, 0.948076923076923, 0.959225203497136, 0.959225203497136, 0.948076923076923, 0.9419398907103824, 0.9384546271338724, 0.959225203497136, 0.9558035714285714, 0.948076923076923, 0.9558035714285714, 0.948076923076923, 0.9558035714285714, 0.9558035714285714, 0.948076923076923, 0.948076923076923, 0.9675925925925926, 0.9503822629969418, 0.9719626168224299, 0.948076923076923, 0.960576923076923, 0.959225203497136, 0.9530008826125331, 0.9637616052710392, 0.948076923076923, 0.9511081162024558, 0.960576923076923, 0.9558035714285714, 0.9355769230769231, 0.9432291666666667, 0.959225203497136], "timestamp": 1725215477, "checkpoint_dir_name": null, "done": false, "training_iteration": 1, "trial_id": "43393_00001", "date": "2024-09-01_19-31-17", "time_this_iter_s": 32.84250211715698, "time_total_s": 32.84250211715698, "pid": 19822, "hostname": "nemo.cl.cam.ac.uk", "node_ip": "128.232.64.154", "config": {"seed": 2, "strategy": "least_confidence"}, "time_since_restore": 32.84250211715698, "iterations_since_restore": 1}
